INFO     Logging in (local server bypass)...
INFO     Successfully logged in
INFO     Challenging lg00y066e106...
INFO     Initialized battle-gen9randombattle-5842 against: lg00y066e106
INFO     Loaded from cache: /Users/alityb/projects/metagross/srcs/vendor/foul-play/data/pkmn_sets_cache/gen9randombattle.json
INFO     Opponent has switched - clearing the last used move
INFO     eiscue switched in, adding intimidate to impossible abilities
INFO     eiscue switched in, adding pressure to impossible abilities
INFO     eiscue switched in, adding neutralizinggas to impossible abilities
INFO     eiscue switched in, adding sandstream to impossible abilities
INFO     eiscue switched in, adding drought to impossible abilities
INFO     eiscue switched in, adding drizzle to impossible abilities
INFO     eiscue switched in, adding snowwarning to impossible abilities
INFO     eiscue switched in, adding boosterenergy to impossible items
INFO     eiscue switched in, adding airballoon to impossible items
INFO     
INFO     Turn: 1
INFO     Sampling battle 0
INFO     	         eiscue      iceface  sitrusberry [bellydrum, icespinner, liquidation, terablast] ttype=electric
INFO     Sampling 5 unrevealed pokemon
INFO     	       gumshoos adaptability   choiceband [doubleedge, earthquake, knockoff, uturn] ttype=ground
INFO     	      exeggutor      harvest  sitrusberry [leechseed, protect, psychicnoise, substitute] ttype=steel
INFO     	        gliscor   poisonheal     toxicorb [earthquake, knockoff, protect, toxic] ttype=water
INFO     	  slowkinggalar  regenerator    leftovers [psychicnoise, slackoff, sludgebomb, thunderwave] ttype=fairy
INFO     	       braviary      defiant heavydutyboots [bravebird, bulkup, closecombat, roost] ttype=fighting
INFO     Sampling battle 1
INFO     	         eiscue      iceface  sitrusberry [bellydrum, icespinner, liquidation, terablast] ttype=electric
INFO     Sampling 5 unrevealed pokemon
INFO     	        delphox        blaze heavydutyboots [fireblast, focusblast, nastyplot, psyshock] ttype=fighting
INFO     	      gardevoir        trace  choicescarf [moonblast, mysticalfire, psyshock, trick] ttype=fairy
INFO     	      hydreigon     levitate  choicespecs [darkpulse, dracometeor, fireblast, uturn] ttype=dark
INFO     	      hitmontop   intimidate  assaultvest [closecombat, earthquake, rapidspin, stoneedge] ttype=steel
INFO     	     arceusdark    multitype   dreadplate [calmmind, dazzlinggleam, judgment, recover] ttype=fairy
INFO     Sampling battle 2
INFO     	         eiscue      iceface  sitrusberry [bellydrum, icespinner, liquidation, terablast] ttype=ground
INFO     Sampling 5 unrevealed pokemon
INFO     	     archaludon      stamina     lumberry [earthquake, ironhead, outrage, swordsdance] ttype=ground
INFO     	       cacturne  waterabsorb      lifeorb [knockoff, leafstorm, suckerpunch, toxicspikes] ttype=grass
INFO     	    sandyshocks protosynthesis    leftovers [earthpower, spikes, thunderbolt, thunderwave] ttype=grass
INFO     	      zamazenta dauntlessshield   choiceband [closecombat, crunch, ironhead, stoneedge] ttype=steel
INFO     	       magearna    soulheart    leftovers [aurasphere, flashcannon, fleurcannon, spikes] ttype=fairy
INFO     Sampling battle 3
INFO     	         eiscue      iceface  sitrusberry [bellydrum, icespinner, liquidation, terablast] ttype=ground
INFO     Sampling 5 unrevealed pokemon
INFO     	      bastiodon   soundproof  chestoberry [bodypress, foulplay, irondefense, rest] ttype=fighting
INFO     	        slowbro  regenerator  assaultvest [bodypress, fireblast, psychicnoise, scald] ttype=fairy
INFO     	thundurustherian   voltabsorb  choicespecs [grassknot, psychic, thunderbolt, voltswitch] ttype=psychic
INFO     	     typhlosion    flashfire  choicescarf [eruption, fireblast, focusblast, scorchingsands] ttype=fire
INFO     	        snorlax     thickfat    leftovers [bodyslam, crunch, curse, earthquake] ttype=ground
INFO     Sampling battle 4
INFO     	         eiscue      iceface  sitrusberry [bellydrum, icespinner, liquidation, terablast] ttype=electric
INFO     Sampling 5 unrevealed pokemon
INFO     	      hitmontop   intimidate  assaultvest [closecombat, earthquake, rapidspin, suckerpunch] ttype=steel
INFO     	squawkabillywhite       hustle   choiceband [bravebird, doubleedge, foulplay, quickattack] ttype=flying
INFO     	  braviaryhisui   sheerforce      lifeorb [agility, heatwave, hurricane, psychic] ttype=fire
INFO     	     tentacruel   liquidooze    leftovers [rapidspin, sludgebomb, surf, toxicspikes] ttype=flying
INFO     	         zacian intrepidsword      lifeorb [closecombat, playrough, psychicfangs, swordsdance] ttype=fighting
INFO     Sampling battle 5
INFO     	         eiscue      iceface  sitrusberry [bellydrum, icespinner, liquidation, zenheadbutt] ttype=water
INFO     Sampling 5 unrevealed pokemon
INFO     	        weavile   pickpocket heavydutyboots [iceshard, knockoff, swordsdance, tripleaxel] ttype=ice
INFO     	      sudowoodo     rockhead    leftovers [headsmash, stealthrock, suckerpunch, woodhammer] ttype=rock
INFO     	       espathra   speedboost  choicespecs [dazzlinggleam, luminacrash, shadowball, uturn] ttype=psychic
INFO     	   arceuspoison    multitype   toxicplate [earthquake, extremespeed, gunkshot, swordsdance] ttype=normal
INFO     	      spectrier    grimneigh      lifeorb [nastyplot, shadowball, terablast, willowisp] ttype=fighting
INFO     Sampling battle 6
INFO     	         eiscue      iceface  sitrusberry [bellydrum, icespinner, ironhead, liquidation] ttype=water
INFO     Sampling 5 unrevealed pokemon
INFO     	      thundurus      defiant heavydutyboots [focusblast, nastyplot, terablast, thunderbolt] ttype=flying
INFO     	        drednaw    strongjaw    whiteherb [crunch, liquidation, shellsmash, stoneedge] ttype=dark
INFO     	         minior  shieldsdown    whiteherb [acrobatics, earthquake, powergem, shellsmash] ttype=water
INFO     	       garchomp    roughskin  rockyhelmet [dragontail, earthquake, outrage, spikes] ttype=steel
INFO     	        suicune     pressure    leftovers [calmmind, protect, scald, substitute] ttype=steel
INFO     Sampling battle 7
INFO     	         eiscue      iceface  sitrusberry [bellydrum, icespinner, liquidation, terablast] ttype=ground
INFO     Sampling 5 unrevealed pokemon
INFO     	      rotomheat     levitate heavydutyboots [discharge, overheat, painsplit, willowisp] ttype=electric
INFO     	      amoonguss  regenerator  rockyhelmet [gigadrain, sludgebomb, spore, toxic] ttype=water
INFO     	    corviknight  mirrorarmor  rockyhelmet [bravebird, defog, roost, uturn] ttype=dragon
INFO     	         rhydon lightningrod     eviolite [earthquake, megahorn, stoneedge, swordsdance] ttype=water
INFO     	      passimian      defiant    leftovers [bulkup, drainpunch, gunkshot, knockoff] ttype=steel
INFO     Sampling battle 8
INFO     	         eiscue      iceface  sitrusberry [bellydrum, icespinner, liquidation, terablast] ttype=electric
INFO     Sampling 5 unrevealed pokemon
INFO     	 decidueyehisui      scrappy    leftovers [leafblade, roost, triplearrows, uturn] ttype=water
INFO     	      palossand watercompaction    leftovers [earthpower, shadowball, shoreup, sludgebomb] ttype=water
INFO     	       meganium     overgrow    leftovers [encore, energyball, knockoff, synthesis] ttype=steel
INFO     	        heatran    flashfire  assaultvest [earthpower, heavyslam, lavaplume, magmastorm] ttype=grass
INFO     	            muk  poisontouch  assaultvest [icepunch, knockoff, poisonjab, shadowsneak] ttype=dark
INFO     Sampling battle 9
INFO     	         eiscue      iceface  sitrusberry [bellydrum, icespinner, ironhead, liquidation] ttype=water
INFO     Sampling 5 unrevealed pokemon
INFO     	       porygon2     download     eviolite [discharge, icebeam, recover, triattack] ttype=poison
INFO     	        dugtrio    arenatrap   choiceband [earthquake, stoneedge, suckerpunch, throatchop] ttype=dark
INFO     	     galvantula compoundeyes heavydutyboots [bugbuzz, stickyweb, thunder, voltswitch] ttype=electric
INFO     	        flamigo      scrappy      lifeorb [bravebird, closecombat, swordsdance, throatchop] ttype=steel
INFO     	        banette     insomnia      lifeorb [gunkshot, poltergeist, shadowsneak, thunderwave] ttype=poison
INFO     Sampling battle 10
INFO     	         eiscue      iceface  sitrusberry [bellydrum, icespinner, liquidation, terablast] ttype=ground
INFO     Sampling 5 unrevealed pokemon
INFO     	     kricketune   technician heavydutyboots [knockoff, pounce, stickyweb, taunt] ttype=ghost
INFO     	     typhlosion        blaze  choicescarf [eruption, fireblast, focusblast, scorchingsands] ttype=fire
INFO     	  qwilfishhisui   intimidate     eviolite [crunch, gunkshot, spikes, toxicspikes] ttype=poison
INFO     	      rhyperior    solidrock weaknesspolicy [earthquake, megahorn, rockpolish, stoneedge] ttype=bug
INFO     	     mabosstiff     stakeout   choiceband [crunch, playrough, psychicfangs, wildcharge] ttype=fairy
INFO     Sampling battle 11
INFO     	         eiscue      iceface  sitrusberry [bellydrum, icespinner, liquidation, terablast] ttype=ground
INFO     Sampling 5 unrevealed pokemon
INFO     	        lucario   innerfocus      lifeorb [aurasphere, flashcannon, nastyplot, vacuumwave] ttype=fighting
INFO     	      ninetales      drought heavydutyboots [fireblast, nastyplot, scorchingsands, solarbeam] ttype=grass
INFO     	        dipplin   stickyhold     eviolite [dragonpulse, gigadrain, recover, suckerpunch] ttype=steel
INFO     	       regirock    clearbody    leftovers [bodypress, irondefense, stoneedge, thunderwave] ttype=fighting
INFO     	      clawitzer megalauncher  choicespecs [aurasphere, darkpulse, uturn, waterpulse] ttype=dark
INFO     Sampling battle 12
INFO     	         eiscue      iceface  sitrusberry [bellydrum, icespinner, liquidation, zenheadbutt] ttype=water
INFO     Sampling 5 unrevealed pokemon
INFO     	       espathra   speedboost    leftovers [calmmind, dazzlinggleam, storedpower, substitute] ttype=fairy
INFO     	      rhyperior    solidrock weaknesspolicy [earthquake, icepunch, rockpolish, stoneedge] ttype=ground
INFO     	urshifurapidstrike   unseenfist   choiceband [aquajet, closecombat, surgingstrikes, uturn] ttype=water
INFO     	      heracross         guts     flameorb [closecombat, facade, knockoff, trailblaze] ttype=normal
INFO     	        milotic  competitive    leftovers [haze, icebeam, recover, scald] ttype=dragon
INFO     Sampling battle 13
INFO     	         eiscue      iceface  sitrusberry [bellydrum, icespinner, ironhead, liquidation] ttype=water
INFO     Sampling 5 unrevealed pokemon
INFO     	    sandyshocks protosynthesis    leftovers [earthpower, stealthrock, thunderbolt, thunderwave] ttype=electric
INFO     	      pachirisu   voltabsorb  assaultvest [nuzzle, superfang, thunderbolt, uturn] ttype=flying
INFO     	           uxie     levitate    leftovers [encore, psychicnoise, uturn, yawn] ttype=electric
INFO     	         zarude    leafguard   choiceband [closecombat, knockoff, powerwhip, uturn] ttype=grass
INFO     	        heatran    flashfire  assaultvest [earthpower, heavyslam, lavaplume, magmastorm] ttype=grass
INFO     Sampling battle 14
INFO     	         eiscue      iceface  sitrusberry [bellydrum, icespinner, liquidation, zenheadbutt] ttype=water
INFO     Sampling 5 unrevealed pokemon
INFO     	        tropius      harvest  sitrusberry [dragondance, dualwingbeat, earthquake, synthesis] ttype=ground
INFO     	    ironvaliant   quarkdrive      lifeorb [calmmind, closecombat, moonblast, psychic] ttype=fairy
INFO     	       frosmoth    icescales heavydutyboots [gigadrain, icebeam, quiverdance, terablast] ttype=ground
INFO     	            mew  synchronize      lifeorb [closecombat, leechlife, psychicfangs, swordsdance] ttype=fighting
INFO     	      eternatus     pressure  rockyhelmet [dynamaxcannon, flamethrower, recover, toxic] ttype=dragon
INFO     Sampling battle 15
INFO     	         eiscue      iceface  sitrusberry [bellydrum, icespinner, ironhead, liquidation] ttype=water
INFO     Sampling 5 unrevealed pokemon
INFO     	       vigoroth  vitalspirit     eviolite [bodyslam, bulkup, earthquake, slackoff] ttype=ground
INFO     	         kyogre      drizzle    leftovers [calmmind, icebeam, originpulse, thunder] ttype=dragon
INFO     	urshifurapidstrike   unseenfist   choiceband [closecombat, icespinner, surgingstrikes, uturn] ttype=water
INFO     	       enamorus    cutecharm    leftovers [calmmind, earthpower, moonblast, substitute] ttype=ground
INFO     	       hariyama         guts     flameorb [closecombat, facade, fakeout, knockoff] ttype=normal
INFO     Sampling battle 16
INFO     	         eiscue      iceface  sitrusberry [bellydrum, icespinner, liquidation, terablast] ttype=electric
INFO     Sampling 5 unrevealed pokemon
INFO     	      ironhands   quarkdrive  assaultvest [drainpunch, icepunch, voltswitch, wildcharge] ttype=fighting
INFO     	       gyarados        moxie heavydutyboots [dragondance, earthquake, temperflare, waterfall] ttype=ground
INFO     	       greninja      protean      lifeorb [darkpulse, grassknot, gunkshot, hydropump] ttype=dark
INFO     	    oinkolognef     thickfat    leftovers [bodyslam, curse, highhorsepower, lashout] ttype=ground
INFO     	  braviaryhisui   tintedlens  choicespecs [esperwing, hurricane, uturn, vacuumwave] ttype=fairy
INFO     Sampling battle 17
INFO     	         eiscue      iceface  sitrusberry [bellydrum, icespinner, liquidation, zenheadbutt] ttype=water
INFO     Sampling 5 unrevealed pokemon
INFO     	       bronzong     levitate    leftovers [hypnosis, ironhead, psychicnoise, stealthrock] ttype=electric
INFO     	        kingdra    swiftswim      lifeorb [dracometeor, hurricane, raindance, wavecrash] ttype=water
INFO     	           hooh  regenerator heavydutyboots [bravebird, earthquake, recover, sacredfire] ttype=ground
INFO     	    zapdosgalar      defiant      lifeorb [bravebird, bulkup, closecombat, knockoff] ttype=steel
INFO     	         arceus    multitype      lifeorb [earthquake, extremespeed, recover, swordsdance] ttype=normal
INFO     Sampling battle 18
INFO     	         eiscue      iceface  sitrusberry [bellydrum, icespinner, liquidation, terablast] ttype=ground
INFO     Sampling 5 unrevealed pokemon
INFO     	      zebstrika    sapsipper      lifeorb [highhorsepower, overheat, supercellslam, voltswitch] ttype=ground
INFO     	        jolteon   voltabsorb    leftovers [calmmind, substitute, terablast, thunderbolt] ttype=ice
INFO     	      metagross    clearbody   choiceband [bulletpunch, earthquake, heavyslam, psychicfangs] ttype=water
INFO     	    kyuremwhite   turboblaze  choicespecs [dracometeor, earthpower, freezedry, fusionflare] ttype=dragon
INFO     	 exeggutoralola      harvest  sitrusberry [calmmind, dragonpulse, flamethrower, gigadrain] ttype=fire
INFO     Sampling battle 19
INFO     	         eiscue      iceface  sitrusberry [bellydrum, icespinner, ironhead, liquidation] ttype=water
INFO     Sampling 5 unrevealed pokemon
INFO     	     toxtricity     punkrock  throatspray [boomburst, gunkshot, overdrive, shiftgear] ttype=normal
INFO     	        drednaw   shellarmor    whiteherb [earthquake, liquidation, shellsmash, stoneedge] ttype=water
INFO     	        cetitan   sheerforce      lifeorb [earthquake, iceshard, iciclecrash, liquidation] ttype=water
INFO     	      armarouge    weakarmor  choicespecs [armorcannon, aurasphere, energyball, psyshock] ttype=grass
INFO     	      spectrier    grimneigh    leftovers [darkpulse, nastyplot, shadowball, substitute] ttype=dark
INFO     Sampling battle 20
INFO     	         eiscue      iceface  sitrusberry [bellydrum, icespinner, liquidation, terablast] ttype=ground
INFO     Sampling 5 unrevealed pokemon
INFO     	 arceusfighting    multitype    fistplate [bodypress, irondefense, recover, shadowball] ttype=steel
INFO     	    corviknight     pressure  rockyhelmet [bravebird, defog, roost, uturn] ttype=dragon
INFO     	       lycanroc     sandrush      lifeorb [closecombat, stealthrock, stoneedge, taunt] ttype=fighting
INFO     	zamazentacrowned dauntlessshield rustedshield [bodypress, heavyslam, irondefense, stoneedge] ttype=fighting
INFO     	enamorustherian     overcoat  assaultvest [earthpower, moonblast, mysticalfire, superpower] ttype=ground
INFO     Sampling battle 21
INFO     	         eiscue      iceface  sitrusberry [bellydrum, icespinner, liquidation, terablast] ttype=ground
INFO     Sampling 5 unrevealed pokemon
INFO     	    arceusfairy    multitype   pixieplate [calmmind, earthpower, judgment, recover] ttype=steel
INFO     	      revavroom       filter      lifeorb [gunkshot, highhorsepower, ironhead, shiftgear] ttype=ground
INFO     	   squawkabilly         guts     flameorb [bravebird, facade, quickattack, uturn] ttype=normal
INFO     	      dragapult  infiltrator  choicespecs [dracometeor, fireblast, shadowball, uturn] ttype=ghost
INFO     	        moltres    flamebody heavydutyboots [bravebird, fireblast, roost, willowisp] ttype=steel
INFO     Sampling battle 22
INFO     	         eiscue      iceface  sitrusberry [bellydrum, icespinner, liquidation, zenheadbutt] ttype=water
INFO     Sampling 5 unrevealed pokemon
INFO     	       venusaur  chlorophyll    leftovers [earthpower, sludgebomb, synthesis, toxic] ttype=water
INFO     	         emboar     reckless    leftovers [bulkup, drainpunch, flareblitz, trailblaze] ttype=fighting
INFO     	        bruxish    strongjaw   choiceband [crunch, flipturn, psychicfangs, wavecrash] ttype=psychic
INFO     	 electrodehisui   soundproof    leftovers [gigadrain, leechseed, substitute, thunderbolt] ttype=poison
INFO     	      sudowoodo     rockhead   choiceband [earthquake, headsmash, suckerpunch, woodhammer] ttype=rock
INFO     Sampling battle 23
INFO     	         eiscue      iceface  sitrusberry [bellydrum, icespinner, liquidation, terablast] ttype=ground
INFO     Sampling 5 unrevealed pokemon
INFO     	      tyranitar   sandstream    leftovers [knockoff, stealthrock, stoneedge, thunderwave] ttype=rock
INFO     	      blastoise      torrent    whiteherb [hydropump, icebeam, shellsmash, terablast] ttype=electric
INFO     	        flapple       hustle     widelens [dragondance, gravapple, outrage, terablast] ttype=fire
INFO     	       mudsdale      stamina    leftovers [earthquake, heavyslam, roar, stoneedge] ttype=steel
INFO     	      ceruledge    weakarmor heavydutyboots [bitterblade, closecombat, poltergeist, swordsdance] ttype=ghost
INFO     Sampling battle 24
INFO     	         eiscue      iceface  sitrusberry [bellydrum, icespinner, liquidation, terablast] ttype=electric
INFO     Sampling 5 unrevealed pokemon
INFO     	 arceuselectric    multitype     zapplate [calmmind, icebeam, judgment, recover] ttype=ice
INFO     	      zebstrika    sapsipper      lifeorb [highhorsepower, overheat, supercellslam, voltswitch] ttype=ground
INFO     	        malamar     contrary    leftovers [knockoff, rest, sleeptalk, superpower] ttype=steel
INFO     	       qwilfish   intimidate    leftovers [gunkshot, taunt, toxicspikes, waterfall] ttype=dark
INFO     	   crabominable     ironfist  assaultvest [drainpunch, earthquake, icehammer, knockoff] ttype=water
INFO     Sampling battle 25
INFO     	         eiscue      iceface  sitrusberry [bellydrum, icespinner, liquidation, terablast] ttype=ground
INFO     Sampling 5 unrevealed pokemon
INFO     	      girafarig    sapsipper     eviolite [hypervoice, nastyplot, psyshock, thunderbolt] ttype=electric
INFO     	        lucario    justified   choiceband [closecombat, extremespeed, meteormash, stoneedge] ttype=normal
INFO     	     feraligatr   sheerforce      lifeorb [dragondance, icepunch, liquidation, trailblaze] ttype=grass
INFO     	         klefki    prankster    leftovers [magnetrise, playrough, spikes, thunderwave] ttype=water
INFO     	       giratina     pressure    leftovers [calmmind, dragonpulse, rest, sleeptalk] ttype=fairy
INFO     Sampling battle 26
INFO     	         eiscue      iceface  sitrusberry [bellydrum, icespinner, liquidation, terablast] ttype=ground
INFO     Sampling 5 unrevealed pokemon
INFO     	      mightyena   intimidate   choiceband [crunch, playrough, poisonfang, suckerpunch] ttype=poison
INFO     	      dragonite   multiscale heavydutyboots [dragondance, earthquake, outrage, terablast] ttype=flying
INFO     	     whimsicott    prankster    leftovers [encore, leechseed, moonblast, substitute] ttype=steel
INFO     	    sandyshocks protosynthesis    leftovers [earthpower, spikes, thunderbolt, thunderwave] ttype=electric
INFO     	       bronzong     levitate    leftovers [earthquake, ironhead, psychic, stealthrock] ttype=water
INFO     Sampling battle 27
INFO     	         eiscue      iceface  sitrusberry [bellydrum, icespinner, liquidation, terablast] ttype=ground
INFO     Sampling 5 unrevealed pokemon
INFO     	        mimikyu     disguise      lifeorb [drainpunch, playrough, shadowsneak, swordsdance] ttype=fairy
INFO     	squawkabillyblue         guts     flameorb [bravebird, facade, protect, quickattack] ttype=normal
INFO     	     bombirdier rockypayload heavydutyboots [bravebird, knockoff, roost, stoneedge] ttype=rock
INFO     	      hitmontop   intimidate  assaultvest [closecombat, rapidspin, stoneedge, suckerpunch] ttype=steel
INFO     	         raikou     pressure    leftovers [calmmind, scald, substitute, thunderbolt] ttype=grass
INFO     Sampling battle 28
INFO     	         eiscue      iceface  sitrusberry [bellydrum, icespinner, liquidation, zenheadbutt] ttype=water
INFO     Sampling 5 unrevealed pokemon
INFO     	        scyther   technician heavydutyboots [closecombat, defog, dualwingbeat, uturn] ttype=fighting
INFO     	    arceussteel    multitype    ironplate [calmmind, earthpower, judgment, recover] ttype=ghost
INFO     	        golduck    cloudnine    leftovers [grassknot, hydropump, icebeam, nastyplot] ttype=water
INFO     	       lumineon   stormdrain      lifeorb [alluringvoice, encore, hydropump, icebeam] ttype=fairy
INFO     	       dusknoir        frisk    leftovers [painsplit, poltergeist, shadowsneak, willowisp] ttype=fairy
INFO     Sampling battle 29
INFO     	         eiscue      iceface  sitrusberry [bellydrum, icespinner, liquidation, terablast] ttype=ground
INFO     Sampling 5 unrevealed pokemon
INFO     	     houndstone       fluffy  assaultvest [bodypress, playrough, poltergeist, shadowsneak] ttype=fairy
INFO     	       orthworm   eartheater  chestoberry [bodypress, coil, irontail, rest] ttype=fighting
INFO     	        groudon      drought    leftovers [heatcrash, precipiceblades, roar, stealthrock] ttype=fire
INFO     	     calyrexice asoneglastrier weaknesspolicy [agility, closecombat, glaciallance, highhorsepower] ttype=ground
INFO     	        flamigo      scrappy   choiceband [bravebird, closecombat, throatchop, uturn] ttype=fighting
INFO     Sampling battle 30
INFO     	         eiscue      iceface  sitrusberry [bellydrum, icespinner, liquidation, zenheadbutt] ttype=water
INFO     Sampling 5 unrevealed pokemon
INFO     	       vivillon compoundeyes heavydutyboots [hurricane, quiverdance, sleeppowder, terablast] ttype=ground
INFO     	       arcanine   intimidate heavydutyboots [extremespeed, flareblitz, morningsun, roar] ttype=normal
INFO     	      gholdengo   goodasgold    leftovers [makeitrain, nastyplot, recover, shadowball] ttype=steel
INFO     	       whiscash    oblivious      lifeorb [dragondance, earthquake, liquidation, stoneedge] ttype=steel
INFO     	      cresselia     levitate    leftovers [calmmind, moonblast, moonlight, psyshock] ttype=poison
INFO     Sampling battle 31
INFO     	         eiscue      iceface  sitrusberry [bellydrum, icespinner, ironhead, liquidation] ttype=water
INFO     Sampling 5 unrevealed pokemon
INFO     	      revavroom       filter      lifeorb [gunkshot, highhorsepower, ironhead, shiftgear] ttype=ground
INFO     	         dialga     pressure    leftovers [dracometeor, fireblast, heavyslam, thunderwave] ttype=dragon
INFO     	       basculin adaptability   choiceband [aquajet, doubleedge, flipturn, wavecrash] ttype=water
INFO     	        okidogi   toxicchain  assaultvest [drainpunch, gunkshot, highhorsepower, knockoff] ttype=dark
INFO     	        yanmega   speedboost heavydutyboots [airslash, bugbuzz, protect, terablast] ttype=ground
INFO     Searching for a move using MCTS...
INFO     Sampling 32 battles at 250ms each
WARNING  poke-engine lacks request-level Tera permissions; final selector must filter roots
INFO     Iterations 5: 73000
INFO     Iterations 1: 70000
INFO     Iterations 3: 73000
INFO     Iterations 2: 72000
INFO     Iterations 6: 67000
INFO     Iterations 4: 70000
INFO     Iterations 0: 76000
INFO     Iterations 7: 74000
INFO     Iterations 9: 54000
INFO     Iterations 14: 55000
INFO     Iterations 10: 58000
INFO     Iterations 8: 53000
INFO     Iterations 15: 55000
INFO     Iterations 11: 59000
INFO     Iterations 13: 55000
INFO     Iterations 12: 61000
INFO     Iterations 16: 41000
INFO     Iterations 18: 42000
INFO     Iterations 17: 41000
INFO     Iterations 19: 40000
INFO     Iterations 20: 45000
INFO     Iterations 21: 41000
INFO     Iterations 22: 40000
INFO     Iterations 23: 46000
INFO     Iterations 24: 39000
INFO     Iterations 25: 43000
INFO     Iterations 26: 39000
INFO     Iterations 27: 44000
INFO     Iterations 28: 40000
INFO     Iterations 29: 44000
INFO     Iterations 30: 40000
INFO     Iterations 31: 39000
INFO     Policy 0: switch gengar visited 35.84% avg_score=0.529 sample_chance_multiplier=0.031
INFO     Policy 1: switch gengar visited 30.42% avg_score=0.525 sample_chance_multiplier=0.031
INFO     Policy 2: switch gengar visited 29.4% avg_score=0.497 sample_chance_multiplier=0.031
INFO     Policy 3: uturn visited 30.37% avg_score=0.501 sample_chance_multiplier=0.031
INFO     Policy 4: switch gengar visited 28.78% avg_score=0.508 sample_chance_multiplier=0.031
INFO     Policy 5: switch gengar visited 31.31% avg_score=0.519 sample_chance_multiplier=0.031
INFO     Policy 6: switch gengar visited 34.46% avg_score=0.521 sample_chance_multiplier=0.031
INFO     Policy 7: switch gengar visited 28.26% avg_score=0.493 sample_chance_multiplier=0.031
INFO     Policy 8: switch gengar visited 27.85% avg_score=0.524 sample_chance_multiplier=0.031
INFO     Policy 9: switch gengar visited 28.0% avg_score=0.511 sample_chance_multiplier=0.031
INFO     Policy 10: uturn visited 27.43% avg_score=0.489 sample_chance_multiplier=0.031
INFO     Policy 11: uturn visited 30.57% avg_score=0.502 sample_chance_multiplier=0.031
INFO     Policy 12: poisonjab visited 18.59% avg_score=0.469 sample_chance_multiplier=0.031
INFO     Policy 13: switch gengar visited 27.51% avg_score=0.515 sample_chance_multiplier=0.031
INFO     Policy 14: switch gengar visited 26.9% avg_score=0.519 sample_chance_multiplier=0.031
INFO     Policy 15: closecombat visited 22.0% avg_score=0.473 sample_chance_multiplier=0.031
INFO     Policy 16: switch gengar visited 25.61% avg_score=0.527 sample_chance_multiplier=0.031
INFO     Policy 17: switch gengar visited 28.0% avg_score=0.528 sample_chance_multiplier=0.031
INFO     Policy 18: switch gengar visited 28.24% avg_score=0.51 sample_chance_multiplier=0.031
INFO     Policy 19: switch gengar visited 32.53% avg_score=0.524 sample_chance_multiplier=0.031
INFO     Policy 20: uturn visited 25.86% avg_score=0.496 sample_chance_multiplier=0.031
INFO     Policy 21: switch gengar visited 25.05% avg_score=0.493 sample_chance_multiplier=0.031
INFO     Policy 22: switch gengar visited 22.83% avg_score=0.519 sample_chance_multiplier=0.031
INFO     Policy 23: switch gengar visited 26.38% avg_score=0.496 sample_chance_multiplier=0.031
INFO     Policy 24: switch gengar visited 24.19% avg_score=0.519 sample_chance_multiplier=0.031
INFO     Policy 25: uturn visited 25.73% avg_score=0.504 sample_chance_multiplier=0.031
INFO     Policy 26: uturn visited 27.03% avg_score=0.502 sample_chance_multiplier=0.031
INFO     Policy 27: uturn visited 24.72% avg_score=0.483 sample_chance_multiplier=0.031
INFO     Policy 28: switch gengar visited 27.33% avg_score=0.526 sample_chance_multiplier=0.031
INFO     Policy 29: switch gengar visited 26.83% avg_score=0.499 sample_chance_multiplier=0.031
INFO     Policy 30: switch gengar visited 30.34% avg_score=0.527 sample_chance_multiplier=0.031
INFO     Policy 31: switch gengar visited 25.28% avg_score=0.499 sample_chance_multiplier=0.031
INFO     Considered Choices:
INFO     	26.94%: switch gengar
INFO     	22.06%: uturn
INFO     Choice: uturn
INFO     urshifu already has the move uturn. Decrementing the PP by 1
INFO     urshifu used a bug move, removing buggem from possible items
INFO     Setting urshifu's last used move: uturn
INFO     urshifu used a damaging move - not guessing lifeorb anymore
INFO     urshifu did 0.0% damage to eiscue with uturn
INFO     Setting eiscue's ability to iceface
INFO     Form Change: eiscue -> Eiscue-Noice, L88, F
INFO     Sampling battle 0
INFO     	    eiscuenoice      iceface  sitrusberry [bellydrum, icespinner, ironhead, liquidation] ttype=water
INFO     Sampling 5 unrevealed pokemon
INFO     	        urshifu   unseenfist   choiceband [closecombat, suckerpunch, uturn, wickedblow] ttype=fighting
INFO     	     feraligatr   sheerforce      lifeorb [crunch, dragondance, icepunch, liquidation] ttype=dark
INFO     	    kyuremblack     teravolt   loadeddice [dragondance, fusionbolt, iciclespear, scaleshot] ttype=electric
INFO     	      palossand watercompaction    leftovers [earthpower, shadowball, shoreup, sludgebomb] ttype=poison
INFO     	    raichualola  surgesurfer  choicespecs [psychic, surf, thunderbolt, voltswitch] ttype=water
INFO     Sampling battle 1
INFO     	    eiscuenoice      iceface  sitrusberry [bellydrum, icespinner, ironhead, liquidation] ttype=water
INFO     Sampling 5 unrevealed pokemon
INFO     	     toedscruel myceliummight    leftovers [earthpower, knockoff, leafstorm, spore] ttype=water
INFO     	      abomasnow  snowwarning    lightclay [auroraveil, blizzard, iceshard, woodhammer] ttype=water
INFO     	         gengar   cursedbody  choicespecs [focusblast, shadowball, sludgewave, trick] ttype=dark
INFO     	        pikachu lightningrod    lightball [knockoff, surf, voltswitch, volttackle] ttype=water
INFO     	typhlosionhisui        blaze  choicescarf [eruption, fireblast, focusblast, shadowball] ttype=fire
INFO     Sampling battle 2
INFO     	    eiscuenoice      iceface  sitrusberry [bellydrum, icespinner, liquidation, terablast] ttype=ground
INFO     Sampling 5 unrevealed pokemon
INFO     	      spiritomb  infiltrator    leftovers [foulplay, poltergeist, shadowsneak, toxic] ttype=steel
INFO     	      girafarig    sapsipper     eviolite [hypervoice, nastyplot, psyshock, thunderbolt] ttype=normal
INFO     	        malamar     contrary    leftovers [knockoff, rest, sleeptalk, superpower] ttype=poison
INFO     	squawkabillyblue         guts     flameorb [bravebird, facade, protect, quickattack] ttype=normal
INFO     	     baxcalibur thermalexchange heavydutyboots [dragondance, earthquake, glaiverush, iciclecrash] ttype=ground
INFO     Sampling battle 3
INFO     	    eiscuenoice      iceface  sitrusberry [bellydrum, icespinner, ironhead, liquidation] ttype=water
INFO     Sampling 5 unrevealed pokemon
INFO     	      rhyperior    solidrock   choiceband [earthquake, icepunch, megahorn, stoneedge] ttype=grass
INFO     	       lycanroc     sandrush   choiceband [accelerock, closecombat, crunch, stoneedge] ttype=fighting
INFO     	         kommoo   soundproof   loadeddice [closecombat, ironhead, scaleshot, swordsdance] ttype=steel
INFO     	        flamigo      scrappy  choicescarf [bravebird, closecombat, throatchop, uturn] ttype=fighting
INFO     	        wugtrio        gooey   choiceband [aquajet, liquidation, stompingtantrum, throatchop] ttype=ground
INFO     Sampling battle 4
INFO     	    eiscuenoice      iceface  sitrusberry [bellydrum, icespinner, liquidation, terablast] ttype=electric
INFO     Sampling 5 unrevealed pokemon
INFO     	       leavanny  chlorophyll   loadeddice [bulletseed, knockoff, stickyweb, tripleaxel] ttype=rock
INFO     	      indeedeef psychicsurge      lifeorb [calmmind, dazzlinggleam, hypervoice, psychic] ttype=psychic
INFO     	    fezandipiti   toxicchain    leftovers [gunkshot, playrough, swordsdance, terablast] ttype=ground
INFO     	  slowkinggalar  regenerator    leftovers [psychicnoise, slackoff, sludgebomb, toxicspikes] ttype=dark
INFO     	    arceussteel    multitype    ironplate [calmmind, earthpower, judgment, recover] ttype=ghost
INFO     Sampling battle 5
INFO     	    eiscuenoice      iceface  sitrusberry [bellydrum, icespinner, liquidation, terablast] ttype=electric
INFO     Sampling 5 unrevealed pokemon
INFO     	     masquerain   intimidate heavydutyboots [bugbuzz, hurricane, hydropump, quiverdance] ttype=water
INFO     	       zangoose   toxicboost     toxicorb [facade, knockoff, quickattack, swordsdance] ttype=normal
INFO     	       meowstic    prankster    lightclay [lightscreen, psychicnoise, reflect, yawn] ttype=fairy
INFO     	        haxorus  moldbreaker     lumberry [closecombat, dragondance, ironhead, outrage] ttype=steel
INFO     	       blaziken   speedboost      lifeorb [closecombat, flareblitz, knockoff, swordsdance] ttype=dark
INFO     Sampling battle 6
INFO     	    eiscuenoice      iceface  sitrusberry [bellydrum, icespinner, liquidation, terablast] ttype=ground
INFO     Sampling 5 unrevealed pokemon
INFO     	       porygon2     download     eviolite [recover, shadowball, terablast, thunderwave] ttype=fighting
INFO     	   arceusdragon    multitype   dracoplate [flareblitz, heavyslam, outrage, swordsdance] ttype=fire
INFO     	zamazentacrowned dauntlessshield rustedshield [bodypress, heavyslam, irondefense, stoneedge] ttype=fighting
INFO     	  deoxysdefense     pressure  rockyhelmet [knockoff, psychicnoise, recover, teleport] ttype=fairy
INFO     	       sunflora  chlorophyll  choicespecs [dazzlinggleam, earthpower, leafstorm, sludgebomb] ttype=grass
INFO     Sampling battle 7
INFO     	    eiscuenoice      iceface  sitrusberry [bellydrum, icespinner, ironhead, liquidation] ttype=water
INFO     Sampling 5 unrevealed pokemon
INFO     	     masquerain   intimidate heavydutyboots [bugbuzz, hurricane, hydropump, stickyweb] ttype=water
INFO     	   crabominable     ironfist  assaultvest [drainpunch, earthquake, icehammer, knockoff] ttype=ground
INFO     	  deoxysdefense     pressure  rockyhelmet [knockoff, psychicnoise, recover, teleport] ttype=fairy
INFO     	   slowbrogalar  regenerator      lifeorb [fireblast, psychic, shellsidearm, trickroom] ttype=poison
INFO     	         phione    hydration    leftovers [grassknot, icebeam, scald, takeheart] ttype=steel
INFO     Sampling battle 8
INFO     	    eiscuenoice      iceface  sitrusberry [bellydrum, icespinner, ironhead, liquidation] ttype=water
INFO     Sampling 5 unrevealed pokemon
INFO     	      infernape        blaze      lifeorb [closecombat, flareblitz, stoneedge, swordsdance] ttype=fire
INFO     	      tyranitar   sandstream    leftovers [earthquake, knockoff, stoneedge, thunderwave] ttype=rock
INFO     	       salazzle    corrosion    leftovers [flamethrower, protect, substitute, toxic] ttype=flying
INFO     	         dodrio    earlybird heavydutyboots [bravebird, doubleedge, drillrun, swordsdance] ttype=normal
INFO     	    oinkolognef    aromaveil    leftovers [bodyslam, curse, rest, sleeptalk] ttype=fairy
INFO     Sampling battle 9
INFO     	    eiscuenoice      iceface  sitrusberry [bellydrum, icespinner, liquidation, zenheadbutt] ttype=water
INFO     Sampling 5 unrevealed pokemon
INFO     	      staraptor     reckless   choiceband [bravebird, closecombat, doubleedge, uturn] ttype=fighting
INFO     	     grimmsnarl    prankster    leftovers [spiritbreak, suckerpunch, taunt, thunderwave] ttype=poison
INFO     	        bruxish    strongjaw   choiceband [aquajet, crunch, psychicfangs, wavecrash] ttype=dark
INFO     	      dragonite   multiscale heavydutyboots [dragondance, earthquake, outrage, roost] ttype=steel
INFO     	        wyrdeer   intimidate    leftovers [earthquake, megahorn, psychicnoise, thunderwave] ttype=ground
INFO     Sampling battle 10
INFO     	    eiscuenoice      iceface  sitrusberry [bellydrum, icespinner, liquidation, terablast] ttype=electric
INFO     Sampling 5 unrevealed pokemon
INFO     	       porygon2     download     eviolite [discharge, icebeam, recover, triattack] ttype=electric
INFO     	        altaria  naturalcure heavydutyboots [bravebird, defog, earthquake, roost] ttype=steel
INFO     	   zoroarkhisui     illusion  choicespecs [bittermalice, focusblast, hypervoice, trick] ttype=normal
INFO     	     skeledirge      unaware heavydutyboots [flamecharge, shadowball, slackoff, torchsong] ttype=fairy
INFO     	    raichualola  surgesurfer  choicespecs [grassknot, psychic, surf, thunderbolt] ttype=grass
INFO     Sampling battle 11
INFO     	    eiscuenoice      iceface  sitrusberry [bellydrum, icespinner, ironhead, liquidation] ttype=water
INFO     Sampling 5 unrevealed pokemon
INFO     	          klawf  regenerator   choiceband [crabhammer, highhorsepower, knockoff, stoneedge] ttype=ground
INFO     	      volcarona        swarm heavydutyboots [bugbuzz, fierydance, quiverdance, terablast] ttype=water
INFO     	   basculegionf adaptability  choicespecs [flipturn, hydropump, icebeam, shadowball] ttype=water
INFO     	       inteleon      torrent  choicespecs [hydropump, icebeam, scald, uturn] ttype=water
INFO     	      cinderace       libero heavydutyboots [courtchange, pyroball, uturn, willowisp] ttype=grass
INFO     Sampling battle 12
INFO     	    eiscuenoice      iceface  sitrusberry [bellydrum, icespinner, liquidation, terablast] ttype=electric
INFO     Sampling 5 unrevealed pokemon
INFO     	       vaporeon  waterabsorb    leftovers [calmmind, protect, scald, wish] ttype=ghost
INFO     	      ceruledge    weakarmor heavydutyboots [bitterblade, poltergeist, shadowsneak, swordsdance] ttype=fire
INFO     	      gardevoir        trace      lifeorb [calmmind, focusblast, moonblast, psyshock] ttype=fighting
INFO     	         swanna    hydration heavydutyboots [bravebird, defog, hydropump, roost] ttype=ground
INFO     	          minun   voltabsorb      lifeorb [alluringvoice, grassknot, nastyplot, thunderbolt] ttype=grass
INFO     Sampling battle 13
INFO     	    eiscuenoice      iceface  sitrusberry [bellydrum, icespinner, liquidation, terablast] ttype=electric
INFO     Sampling 5 unrevealed pokemon
INFO     	        volbeat    prankster heavydutyboots [encore, roost, thunderwave, uturn] ttype=steel
INFO     	 arceuselectric    multitype     zapplate [calmmind, icebeam, judgment, recover] ttype=ice
INFO     	       froslass   cursedbody     widelens [poltergeist, spikes, tripleaxel, willowisp] ttype=ghost
INFO     	        falinks      defiant      lifeorb [closecombat, ironhead, knockoff, noretreat] ttype=dark
INFO     	         golurk      noguard   choiceband [dynamicpunch, earthquake, poltergeist, stoneedge] ttype=ground
INFO     Sampling battle 14
INFO     	    eiscuenoice      iceface  sitrusberry [bellydrum, icespinner, liquidation, terablast] ttype=ground
INFO     Sampling 5 unrevealed pokemon
INFO     	      cramorant  gulpmissile heavydutyboots [bravebird, defog, roost, surf] ttype=ground
INFO     	        chansey  naturalcure     eviolite [healbell, seismictoss, softboiled, thunderwave] ttype=ghost
INFO     	    walkingwake protosynthesis  choicespecs [dracometeor, flamethrower, flipturn, hydropump] ttype=fire
INFO     	      amoonguss  regenerator  rockyhelmet [gigadrain, sludgebomb, spore, stompingtantrum] ttype=steel
INFO     	       rotommow     levitate    leftovers [leafstorm, nastyplot, thunderbolt, willowisp] ttype=grass
INFO     Sampling battle 15
INFO     	    eiscuenoice      iceface  sitrusberry [bellydrum, icespinner, ironhead, liquidation] ttype=water
INFO     Sampling 5 unrevealed pokemon
INFO     	      lilligant     owntempo      lifeorb [alluringvoice, petaldance, quiverdance, sleeppowder] ttype=grass
INFO     	  qwilfishhisui   intimidate     eviolite [crunch, gunkshot, spikes, toxicspikes] ttype=poison
INFO     	        jirachi  serenegrace    leftovers [bodyslam, ironhead, protect, wish] ttype=water
INFO     	      cresselia     levitate    leftovers [calmmind, moonlight, psyshock, thunderbolt] ttype=electric
INFO     	   basculegionf adaptability  assaultvest [flipturn, hydropump, shadowball, wavecrash] ttype=water
INFO     Sampling battle 16
INFO     	    eiscuenoice      iceface  sitrusberry [bellydrum, icespinner, liquidation, zenheadbutt] ttype=water
INFO     Sampling 5 unrevealed pokemon
INFO     	   arceusflying    multitype     skyplate [calmmind, earthpower, judgment, recover] ttype=steel
INFO     	      farigiraf    sapsipper    leftovers [bodyslam, protect, psychicnoise, wish] ttype=fairy
INFO     	        morpeko hungerswitch    leftovers [aurawheel, knockoff, protect, rapidspin] ttype=electric
INFO     	      probopass   magnetpull  chestoberry [bodypress, irondefense, powergem, rest] ttype=fighting
INFO     	       vaporeon  waterabsorb    leftovers [calmmind, protect, scald, wish] ttype=ghost
INFO     Sampling battle 17
INFO     	    eiscuenoice      iceface  sitrusberry [bellydrum, icespinner, liquidation, zenheadbutt] ttype=water
INFO     Sampling 5 unrevealed pokemon
INFO     	      hitmonlee     unburden    whiteherb [closecombat, knockoff, poisonjab, swordsdance] ttype=fighting
INFO     	          minun   voltabsorb      lifeorb [alluringvoice, grassknot, nastyplot, thunderbolt] ttype=electric
INFO     	        florges   flowerveil    leftovers [calmmind, moonblast, synthesis, terablast] ttype=ground
INFO     	         gengar   cursedbody  choicespecs [focusblast, shadowball, sludgewave, trick] ttype=fighting
INFO     	    kilowattrel   voltabsorb heavydutyboots [discharge, hurricane, roost, uturn] ttype=steel
INFO     Sampling battle 18
INFO     	    eiscuenoice      iceface  sitrusberry [bellydrum, icespinner, liquidation, zenheadbutt] ttype=water
INFO     Sampling 5 unrevealed pokemon
INFO     	  calyrexshadow asonespectrier  choicespecs [astralbarrage, pollenpuff, psyshock, trick] ttype=ghost
INFO     	     krookodile   intimidate   choiceband [earthquake, gunkshot, knockoff, stoneedge] ttype=ground
INFO     	 ninetalesalola  snowwarning    lightclay [auroraveil, blizzard, encore, moonblast] ttype=steel
INFO     	     oinkologne     thickfat    leftovers [curse, doubleedge, highhorsepower, lashout] ttype=ground
INFO     	     screamtail protosynthesis    leftovers [playrough, protect, thunderwave, wish] ttype=steel
INFO     Sampling battle 19
INFO     	    eiscuenoice      iceface  sitrusberry [bellydrum, icespinner, ironhead, liquidation] ttype=water
INFO     Sampling 5 unrevealed pokemon
INFO     	         regice    clearbody heavydutyboots [bodypress, icebeam, thunderbolt, thunderwave] ttype=electric
INFO     	typhlosionhisui        blaze  choicescarf [eruption, fireblast, focusblast, shadowball] ttype=fire
INFO     	      toxicroak      dryskin      lifeorb [closecombat, earthquake, gunkshot, swordsdance] ttype=ground
INFO     	      rhyperior    solidrock weaknesspolicy [earthquake, megahorn, rockpolish, stoneedge] ttype=bug
INFO     	       dusknoir        frisk    leftovers [earthquake, painsplit, poltergeist, willowisp] ttype=fairy
INFO     Sampling battle 20
INFO     	    eiscuenoice      iceface  sitrusberry [bellydrum, icespinner, liquidation, terablast] ttype=electric
INFO     Sampling 5 unrevealed pokemon
INFO     	squawkabillywhite       hustle heavydutyboots [bravebird, foulplay, partingshot, quickattack] ttype=flying
INFO     	     perrserker   toughclaws      lifeorb [closecombat, ironhead, stealthrock, uturn] ttype=fighting
INFO     	      sinistcha    heatproof    leftovers [calmmind, matchagotcha, shadowball, strengthsap] ttype=steel
INFO     	       dusknoir        frisk    leftovers [focuspunch, painsplit, poltergeist, substitute] ttype=fighting
INFO     	        urshifu   unseenfist   choiceband [closecombat, poisonjab, suckerpunch, wickedblow] ttype=fighting
INFO     Sampling battle 21
INFO     	    eiscuenoice      iceface  sitrusberry [bellydrum, icespinner, liquidation, zenheadbutt] ttype=water
INFO     Sampling 5 unrevealed pokemon
INFO     	      primarina      torrent  choicespecs [flipturn, hydropump, moonblast, psychic] ttype=water
INFO     	      toucannon      keeneye heavydutyboots [beakblast, boomburst, knockoff, roost] ttype=steel
INFO     	       cyclizar  regenerator heavydutyboots [dracometeor, knockoff, shedtail, taunt] ttype=fairy
INFO     	        haxorus  moldbreaker     lumberry [closecombat, dragondance, ironhead, outrage] ttype=steel
INFO     	       frosmoth    icescales heavydutyboots [bugbuzz, hurricane, icebeam, quiverdance] ttype=water
INFO     Sampling battle 22
INFO     	    eiscuenoice      iceface  sitrusberry [bellydrum, icespinner, ironhead, liquidation] ttype=water
INFO     Sampling 5 unrevealed pokemon
INFO     	       drifblim    aftermath heavydutyboots [airslash, defog, shadowball, strengthsap] ttype=steel
INFO     	      exeggutor      harvest  sitrusberry [leechseed, protect, psychicnoise, substitute] ttype=steel
INFO     	        bruxish    strongjaw   choiceband [flipturn, icefang, psychicfangs, wavecrash] ttype=psychic
INFO     	    gougingfire protosynthesis heavydutyboots [dragondance, earthquake, heatcrash, outrage] ttype=ground
INFO     	      bellibolt electromorphosis    leftovers [muddywater, slackoff, thunderbolt, toxic] ttype=electric
INFO     Sampling battle 23
INFO     	    eiscuenoice      iceface  sitrusberry [bellydrum, icespinner, liquidation, terablast] ttype=electric
INFO     Sampling 5 unrevealed pokemon
INFO     	       bronzong     levitate    leftovers [bodypress, irondefense, ironhead, psychicnoise] ttype=fighting
INFO     	ursalunabloodmoon     mindseye    leftovers [bloodmoon, calmmind, earthpower, moonlight] ttype=ghost
INFO     	     whimsicott    prankster    leftovers [encore, leechseed, moonblast, substitute] ttype=poison
INFO     	        grumpig     thickfat  choicespecs [earthpower, focusblast, psyshock, shadowball] ttype=ground
INFO     	      passimian      defiant    leftovers [bulkup, drainpunch, gunkshot, knockoff] ttype=poison
INFO     Sampling battle 24
INFO     	    eiscuenoice      iceface  sitrusberry [bellydrum, icespinner, liquidation, terablast] ttype=electric
INFO     Sampling 5 unrevealed pokemon
INFO     	      spectrier    grimneigh    leftovers [nastyplot, shadowball, substitute, terablast] ttype=fighting
INFO     	       cinccino   technician   loadeddice [bulletseed, tailslap, tripleaxel, uturn] ttype=normal
INFO     	    meowscarada      protean   choiceband [flowertrick, knockoff, tripleaxel, uturn] ttype=grass
INFO     	     misdreavus     levitate     eviolite [calmmind, drainingkiss, shadowball, willowisp] ttype=fairy
INFO     	       oranguru   innerfocus      lifeorb [focusblast, hypervoice, nastyplot, psyshock] ttype=psychic
INFO     Sampling battle 25
INFO     	    eiscuenoice      iceface  sitrusberry [bellydrum, icespinner, ironhead, liquidation] ttype=water
INFO     Sampling 5 unrevealed pokemon
INFO     	     electivire   motordrive      lifeorb [bulkup, earthquake, icepunch, supercellslam] ttype=ground
INFO     	      blastoise      torrent    whiteherb [earthquake, hydropump, icebeam, shellsmash] ttype=steel
INFO     	       appletun     thickfat    leftovers [appleacid, dragonpulse, dragontail, recover] ttype=steel
INFO     	      mightyena   intimidate  assaultvest [playrough, poisonfang, suckerpunch, throatchop] ttype=poison
INFO     	       sunflora  chlorophyll  choicespecs [dazzlinggleam, earthpower, leafstorm, sludgebomb] ttype=poison
INFO     Sampling battle 26
INFO     	    eiscuenoice      iceface  sitrusberry [bellydrum, icespinner, ironhead, liquidation] ttype=water
INFO     Sampling 5 unrevealed pokemon
INFO     	       porygonz adaptability      lifeorb [agility, nastyplot, shadowball, terablast] ttype=fighting
INFO     	      charizard        blaze heavydutyboots [earthquake, flamethrower, focusblast, hurricane] ttype=dragon
INFO     	   dialgaorigin     pressure adamantcrystal [dracometeor, dragontail, heavyslam, stealthrock] ttype=flying
INFO     	        volbeat    prankster heavydutyboots [encore, roost, thunderwave, uturn] ttype=steel
INFO     	    corviknight  mirrorarmor    leftovers [bodypress, bravebird, defog, roost] ttype=dragon
INFO     Sampling battle 27
INFO     	    eiscuenoice      iceface  sitrusberry [bellydrum, icespinner, ironhead, liquidation] ttype=water
INFO     Sampling 5 unrevealed pokemon
INFO     	      ironhands   quarkdrive    leftovers [drainpunch, icepunch, swordsdance, wildcharge] ttype=flying
INFO     	  articunogalar  competitive heavydutyboots [calmmind, freezingglare, hurricane, recover] ttype=steel
INFO     	        darkrai    baddreams      lifeorb [darkpulse, focusblast, nastyplot, sludgebomb] ttype=poison
INFO     	       rotomfan     levitate heavydutyboots [airslash, nastyplot, thunderbolt, thunderwave] ttype=steel
INFO     	       mukalola  poisontouch  assaultvest [drainpunch, knockoff, poisonjab, shadowsneak] ttype=fighting
INFO     Sampling battle 28
INFO     	    eiscuenoice      iceface  sitrusberry [bellydrum, icespinner, ironhead, liquidation] ttype=water
INFO     Sampling 5 unrevealed pokemon
INFO     	   moltresgalar      berserk  chestoberry [fierywrath, hurricane, nastyplot, rest] ttype=dark
INFO     	        weezing     levitate    leftovers [fireblast, gunkshot, painsplit, willowisp] ttype=steel
INFO     	zamazentacrowned dauntlessshield rustedshield [bodypress, heavyslam, irondefense, stoneedge] ttype=fighting
INFO     	        gurdurr         guts     eviolite [bulkup, drainpunch, knockoff, machpunch] ttype=steel
INFO     	       smeargle   technician     widelens [populationbomb, powertrip, shellsmash, spore] ttype=ghost
INFO     Sampling battle 29
INFO     	    eiscuenoice      iceface  sitrusberry [bellydrum, icespinner, ironhead, liquidation] ttype=water
INFO     Sampling 5 unrevealed pokemon
INFO     	    sandyshocks protosynthesis heavydutyboots [earthpower, thunderbolt, thunderwave, voltswitch] ttype=electric
INFO     	   dugtrioalola tanglinghair      lifeorb [earthquake, ironhead, stoneedge, swordsdance] ttype=steel
INFO     	necrozmadawnwings   prismarmor    leftovers [calmmind, moongeistbeam, moonlight, photongeyser] ttype=dark
INFO     	          entei   innerfocus   choiceband [extremespeed, flareblitz, sacredfire, stompingtantrum] ttype=normal
INFO     	        noctowl   tintedlens heavydutyboots [defog, hurricane, hypervoice, roost] ttype=normal
INFO     Sampling battle 30
INFO     	    eiscuenoice      iceface  sitrusberry [bellydrum, icespinner, liquidation, zenheadbutt] ttype=water
INFO     Sampling 5 unrevealed pokemon
INFO     	    arceussteel    multitype    ironplate [calmmind, earthpower, judgment, recover] ttype=ghost
INFO     	        flamigo      scrappy      lifeorb [bravebird, closecombat, roost, swordsdance] ttype=fighting
INFO     	       smeargle   technician     widelens [populationbomb, powertrip, shellsmash, spore] ttype=normal
INFO     	       medicham    purepower   choiceband [bulletpunch, closecombat, icepunch, zenheadbutt] ttype=fighting
INFO     	         swanna    hydration heavydutyboots [bravebird, defog, hydropump, roost] ttype=ground
INFO     Sampling battle 31
INFO     	    eiscuenoice      iceface  sitrusberry [bellydrum, icespinner, liquidation, zenheadbutt] ttype=water
INFO     Sampling 5 unrevealed pokemon
INFO     	       camerupt    solidrock    leftovers [earthquake, overheat, roar, stealthrock] ttype=water
INFO     	     eelektross     levitate  assaultvest [closecombat, discharge, gigadrain, uturn] ttype=steel
INFO     	        noivern  infiltrator  choicespecs [boomburst, dracometeor, hurricane, uturn] ttype=normal
INFO     	     pincurchin electricsurge    leftovers [discharge, recover, scald, toxicspikes] ttype=water
INFO     	      arceusbug    multitype  insectplate [calmmind, earthpower, judgment, recover] ttype=ground
INFO     Searching for a move using MCTS...
INFO     Sampling 32 battles at 250ms each
INFO     Iterations 2: 89000
INFO     Iterations 3: 86000
INFO     Iterations 7: 82000
INFO     Iterations 0: 88000
INFO     Iterations 4: 80000
INFO     Iterations 1: 84000
INFO     Iterations 5: 81000
INFO     Iterations 6: 84000
INFO     Iterations 8: 87000
INFO     Iterations 12: 86000
INFO     Iterations 11: 85000
INFO     Iterations 9: 89000
INFO     Iterations 13: 81000
INFO     Iterations 10: 84000
INFO     Iterations 15: 86000
INFO     Iterations 14: 87000
INFO     Iterations 18: 79000
INFO     Iterations 20: 79000
INFO     Iterations 21: 88000
INFO     Iterations 23: 80000
INFO     Iterations 16: 91000
INFO     Iterations 19: 88000
INFO     Iterations 17: 87000
INFO     Iterations 22: 86000
INFO     Iterations 26: 80000
INFO     Iterations 28: 83000
INFO     Iterations 29: 84000
INFO     Iterations 27: 81000
INFO     Iterations 25: 81000
INFO     Iterations 30: 86000
INFO     Iterations 31: 84000
INFO     Iterations 24: 87000
INFO     Policy 0: switch gurdurr visited 86.03% avg_score=0.511 sample_chance_multiplier=0.031
INFO     Policy 1: switch gurdurr visited 83.85% avg_score=0.502 sample_chance_multiplier=0.031
INFO     Policy 2: switch gurdurr visited 83.17% avg_score=0.531 sample_chance_multiplier=0.031
INFO     Policy 3: switch gurdurr visited 86.59% avg_score=0.528 sample_chance_multiplier=0.031
INFO     Policy 4: switch gurdurr visited 87.11% avg_score=0.521 sample_chance_multiplier=0.031
INFO     Policy 5: switch gurdurr visited 77.89% avg_score=0.489 sample_chance_multiplier=0.031
INFO     Policy 6: switch gurdurr visited 81.57% avg_score=0.499 sample_chance_multiplier=0.031
INFO     Policy 7: switch gurdurr visited 83.52% avg_score=0.488 sample_chance_multiplier=0.031
INFO     Policy 8: switch gurdurr visited 87.41% avg_score=0.553 sample_chance_multiplier=0.031
INFO     Policy 9: switch gurdurr visited 82.91% avg_score=0.465 sample_chance_multiplier=0.031
INFO     Policy 10: switch gurdurr visited 87.22% avg_score=0.514 sample_chance_multiplier=0.031
INFO     Policy 11: switch gurdurr visited 84.71% avg_score=0.511 sample_chance_multiplier=0.031
INFO     Policy 12: switch gurdurr visited 87.67% avg_score=0.52 sample_chance_multiplier=0.031
INFO     Policy 13: switch gurdurr visited 73.52% avg_score=0.493 sample_chance_multiplier=0.031
INFO     Policy 14: switch gurdurr visited 85.21% avg_score=0.522 sample_chance_multiplier=0.031
INFO     Policy 15: switch gurdurr visited 85.0% avg_score=0.5 sample_chance_multiplier=0.031
INFO     Policy 16: switch gurdurr visited 82.52% avg_score=0.493 sample_chance_multiplier=0.031
INFO     Policy 17: switch gurdurr visited 79.36% avg_score=0.468 sample_chance_multiplier=0.031
INFO     Policy 18: switch gurdurr visited 80.17% avg_score=0.447 sample_chance_multiplier=0.031
INFO     Policy 19: switch gurdurr visited 82.34% avg_score=0.465 sample_chance_multiplier=0.031
INFO     Policy 20: switch gurdurr visited 86.11% avg_score=0.52 sample_chance_multiplier=0.031
INFO     Policy 21: switch gurdurr visited 83.89% avg_score=0.486 sample_chance_multiplier=0.031
INFO     Policy 22: switch gurdurr visited 84.45% avg_score=0.515 sample_chance_multiplier=0.031
INFO     Policy 23: switch gurdurr visited 86.31% avg_score=0.515 sample_chance_multiplier=0.031
INFO     Policy 24: switch gurdurr visited 88.26% avg_score=0.556 sample_chance_multiplier=0.031
INFO     Policy 25: switch gurdurr visited 83.83% avg_score=0.498 sample_chance_multiplier=0.031
INFO     Policy 26: switch gurdurr visited 84.89% avg_score=0.543 sample_chance_multiplier=0.031
INFO     Policy 27: switch gurdurr visited 84.55% avg_score=0.486 sample_chance_multiplier=0.031
INFO     Policy 28: switch gurdurr visited 84.76% avg_score=0.512 sample_chance_multiplier=0.031
INFO     Policy 29: switch gurdurr visited 86.96% avg_score=0.527 sample_chance_multiplier=0.031
INFO     Policy 30: switch gurdurr visited 83.8% avg_score=0.495 sample_chance_multiplier=0.031
INFO     Policy 31: switch gurdurr visited 81.23% avg_score=0.457 sample_chance_multiplier=0.031
INFO     Considered Choices:
INFO     	83.963%: switch gurdurr
INFO     Choice: switch gurdurr
INFO     gurdurr switched in, adding intimidate to impossible abilities
INFO     gurdurr switched in, adding pressure to impossible abilities
INFO     gurdurr switched in, adding neutralizinggas to impossible abilities
INFO     gurdurr switched in, adding sandstream to impossible abilities
INFO     gurdurr switched in, adding drought to impossible abilities
INFO     gurdurr switched in, adding drizzle to impossible abilities
INFO     gurdurr switched in, adding snowwarning to impossible abilities
INFO     gurdurr switched in, adding boosterenergy to impossible items
INFO     gurdurr switched in, adding airballoon to impossible items
INFO     eiscuenoice using bellydrum makes it unlikely to have a choice item. Setting can_have_choice_item to False
INFO     eiscuenoice used a status-move. Adding `assaultvest` to impossible items
INFO     Setting eiscuenoice's last used move: bellydrum
INFO     Removing eiscuenoice's item: sitrusberry
INFO     Setting eiscuenoice's removed item to sitrusberry
INFO     eiscuenoice has less than maxhp during upkeep, no longer guessing leftovers or blacksludge
INFO     
INFO     Turn: 2
INFO     Sampling battle 0
INFO     	    eiscuenoice      iceface         None [bellydrum, icespinner, liquidation, zenheadbutt] ttype=water
INFO     Sampling 5 unrevealed pokemon
INFO     	      hitmonlee     reckless   choiceband [highjumpkick, knockoff, poisonjab, stoneedge] ttype=fighting
INFO     	      staraptor     reckless   choiceband [bravebird, closecombat, doubleedge, uturn] ttype=fighting
INFO     	         plusle lightningrod      lifeorb [encore, grassknot, nastyplot, thunderbolt] ttype=grass
INFO     	         zekrom     teravolt    leftovers [boltstrike, dragondance, outrage, substitute] ttype=grass
INFO     	       regirock    clearbody  chestoberry [bodypress, curse, rest, stoneedge] ttype=fighting
INFO     Sampling battle 1
INFO     	    eiscuenoice      iceface         None [bellydrum, icespinner, ironhead, liquidation] ttype=water
INFO     Sampling 5 unrevealed pokemon
INFO     	       lycanroc     sandrush   choiceband [accelerock, closecombat, psychicfangs, stoneedge] ttype=fighting
INFO     	    brutebonnet protosynthesis    leftovers [crunch, seedbomb, spore, suckerpunch] ttype=poison
INFO     	      infernape        blaze      lifeorb [closecombat, knockoff, overheat, stoneedge] ttype=fire
INFO     	      heracross        moxie   choiceband [closecombat, knockoff, megahorn, stoneedge] ttype=rock
INFO     	          entei   innerfocus   choiceband [extremespeed, flareblitz, sacredfire, stoneedge] ttype=normal
INFO     Sampling battle 2
INFO     	    eiscuenoice      iceface         None [bellydrum, icespinner, liquidation, terablast] ttype=ground
INFO     Sampling 5 unrevealed pokemon
INFO     	          hoopa     magician      lifeorb [focusblast, nastyplot, psychic, shadowball] ttype=ghost
INFO     	     irontreads   quarkdrive  assaultvest [earthquake, ironhead, rapidspin, voltswitch] ttype=ghost
INFO     	        jolteon   voltabsorb    leftovers [calmmind, substitute, terablast, thunderbolt] ttype=ice
INFO     	       floatzel    waterveil   choiceband [crunch, flipturn, icespinner, wavecrash] ttype=water
INFO     	      tyranitar   sandstream    leftovers [icebeam, knockoff, stoneedge, thunderwave] ttype=rock
INFO     Sampling battle 3
INFO     	    eiscuenoice      iceface         None [bellydrum, icespinner, liquidation, terablast] ttype=ground
INFO     Sampling 5 unrevealed pokemon
INFO     	         tauros   sheerforce      lifeorb [bodyslam, closecombat, throatchop, zenheadbutt] ttype=normal
INFO     	    oricoriopau       dancer heavydutyboots [hurricane, quiverdance, revelationdance, roost] ttype=ground
INFO     	       rotommow     levitate    leftovers [leafstorm, nastyplot, thunderbolt, willowisp] ttype=grass
INFO     	tornadustherian  regenerator  choicespecs [bleakwindstorm, focusblast, heatwave, uturn] ttype=fire
INFO     	    dudunsparce      rattled    leftovers [boomburst, calmmind, earthpower, roost] ttype=poison
INFO     Sampling battle 4
INFO     	    eiscuenoice      iceface         None [bellydrum, icespinner, liquidation, zenheadbutt] ttype=water
INFO     Sampling 5 unrevealed pokemon
INFO     	    ironjugulis   quarkdrive  choicespecs [darkpulse, hurricane, hydropump, uturn] ttype=flying
INFO     	       braviary      defiant heavydutyboots [bravebird, bulkup, closecombat, roost] ttype=fighting
INFO     	     electivire   motordrive      lifeorb [bulkup, earthquake, icepunch, supercellslam] ttype=flying
INFO     	        jolteon   voltabsorb    leftovers [calmmind, substitute, terablast, thunderbolt] ttype=ice
INFO     	      spectrier    grimneigh    leftovers [darkpulse, nastyplot, shadowball, substitute] ttype=dark
INFO     Sampling battle 5
INFO     	    eiscuenoice      iceface         None [bellydrum, icespinner, liquidation, terablast] ttype=electric
INFO     Sampling 5 unrevealed pokemon
INFO     	   arceusdragon    multitype   dracoplate [flareblitz, heavyslam, outrage, swordsdance] ttype=fire
INFO     	       clodsire      unaware    leftovers [curse, earthquake, poisonjab, recover] ttype=flying
INFO     	        lanturn   voltabsorb heavydutyboots [scald, thunderbolt, thunderwave, voltswitch] ttype=flying
INFO     	     scovillain  chlorophyll    leftovers [flamethrower, leechseed, protect, substitute] ttype=steel
INFO     	       grafaiai  poisontouch  assaultvest [gunkshot, knockoff, superfang, uturn] ttype=dark
INFO     Sampling battle 6
INFO     	    eiscuenoice      iceface         None [bellydrum, icespinner, liquidation, terablast] ttype=ground
INFO     Sampling 5 unrevealed pokemon
INFO     	     copperajah   sheerforce      lifeorb [earthquake, ironhead, playrough, rockslide] ttype=fairy
INFO     	        dipplin   stickyhold     eviolite [dragonpulse, gigadrain, recover, suckerpunch] ttype=steel
INFO     	      farigiraf    sapsipper    leftovers [bodyslam, protect, psychicnoise, wish] ttype=ground
INFO     	        slowbro  regenerator  rockyhelmet [calmmind, psychicnoise, scald, slackoff] ttype=poison
INFO     	      sandslash     sandrush    leftovers [earthquake, knockoff, rapidspin, spikes] ttype=dragon
INFO     Sampling battle 7
INFO     	    eiscuenoice      iceface         None [bellydrum, icespinner, liquidation, terablast] ttype=electric
INFO     Sampling 5 unrevealed pokemon
INFO     	       skarmory       sturdy  rockyhelmet [bravebird, roost, spikes, whirlwind] ttype=dragon
INFO     	        altaria  naturalcure heavydutyboots [bravebird, defog, haze, roost] ttype=steel
INFO     	       giratina     pressure    leftovers [defog, rest, shadowball, willowisp] ttype=fairy
INFO     	      cinderace       libero heavydutyboots [courtchange, highjumpkick, pyroball, uturn] ttype=fighting
INFO     	         plusle lightningrod      lifeorb [encore, grassknot, nastyplot, thunderbolt] ttype=electric
INFO     Sampling battle 8
INFO     	    eiscuenoice      iceface         None [bellydrum, icespinner, liquidation, zenheadbutt] ttype=water
INFO     Sampling 5 unrevealed pokemon
INFO     	        grumpig     thickfat    leftovers [focusblast, nastyplot, psychic, shadowball] ttype=fighting
INFO     	     electivire   motordrive      lifeorb [earthquake, icepunch, supercellslam, voltswitch] ttype=ice
INFO     	  samurotthisui    sharpness  choicescarf [ceaselessedge, flipturn, razorshell, sacredsword] ttype=dark
INFO     	      amoonguss  regenerator    leftovers [gigadrain, sludgebomb, spore, toxic] ttype=water
INFO     	  braviaryhisui   sheerforce      lifeorb [agility, heatwave, hurricane, psychic] ttype=fairy
INFO     Sampling battle 9
INFO     	    eiscuenoice      iceface         None [bellydrum, icespinner, liquidation, terablast] ttype=ground
INFO     Sampling 5 unrevealed pokemon
INFO     	       ursaluna         guts     flameorb [facade, headlongrush, swordsdance, trailblaze] ttype=normal
INFO     	     calyrexice asoneglastrier heavydutyboots [closecombat, glaciallance, highhorsepower, trickroom] ttype=ground
INFO     	         deoxys     pressure      lifeorb [extremespeed, knockoff, psychoboost, superpower] ttype=psychic
INFO     	     skeledirge      unaware heavydutyboots [flamecharge, shadowball, slackoff, torchsong] ttype=fairy
INFO     	       floatzel    waterveil   choiceband [crunch, flipturn, icespinner, wavecrash] ttype=water
INFO     Sampling battle 10
INFO     	    eiscuenoice      iceface         None [bellydrum, icespinner, liquidation, zenheadbutt] ttype=water
INFO     Sampling 5 unrevealed pokemon
INFO     	        lanturn   voltabsorb    leftovers [icebeam, scald, thunderbolt, thunderwave] ttype=flying
INFO     	        mimikyu     disguise      lifeorb [playrough, shadowclaw, shadowsneak, swordsdance] ttype=fairy
INFO     	         klefki    prankster    leftovers [magnetrise, playrough, spikes, thunderwave] ttype=water
INFO     	       virizion    justified      lifeorb [closecombat, leafblade, stoneedge, swordsdance] ttype=rock
INFO     	       arcanine   intimidate heavydutyboots [closecombat, flareblitz, morningsun, willowisp] ttype=fighting
INFO     Sampling battle 11
INFO     	    eiscuenoice      iceface         None [bellydrum, icespinner, ironhead, liquidation] ttype=water
INFO     Sampling 5 unrevealed pokemon
INFO     	        beartic    swiftswim heavydutyboots [closecombat, earthquake, iciclecrash, swordsdance] ttype=ground
INFO     	 keldeoresolute    justified    leftovers [calmmind, hydropump, secretsword, substitute] ttype=steel
INFO     	      hydrapple  regenerator  choicespecs [dracometeor, earthpower, ficklebeam, leafstorm] ttype=dragon
INFO     	      volcanion  waterabsorb heavydutyboots [flamethrower, haze, sludgebomb, steameruption] ttype=fire
INFO     	necrozmaduskmane   prismarmor weaknesspolicy [dragondance, earthquake, photongeyser, sunsteelstrike] ttype=ground
INFO     Sampling battle 12
INFO     	    eiscuenoice      iceface         None [bellydrum, icespinner, ironhead, liquidation] ttype=water
INFO     Sampling 5 unrevealed pokemon
INFO     	 keldeoresolute    justified    leftovers [calmmind, secretsword, substitute, surf] ttype=steel
INFO     	     electivire   motordrive      lifeorb [bulkup, earthquake, icepunch, supercellslam] ttype=flying
INFO     	      azumarill    hugepower   choiceband [aquajet, icespinner, liquidation, playrough] ttype=water
INFO     	        grumpig     thickfat    leftovers [focusblast, nastyplot, psyshock, shadowball] ttype=fighting
INFO     	      cryogonal     levitate heavydutyboots [icebeam, rapidspin, recover, terablast] ttype=electric
INFO     Sampling battle 13
INFO     	    eiscuenoice      iceface         None [bellydrum, icespinner, liquidation, zenheadbutt] ttype=water
INFO     Sampling 5 unrevealed pokemon
INFO     	       vigoroth  vitalspirit     eviolite [bodyslam, bulkup, knockoff, slackoff] ttype=ghost
INFO     	 lilliganthisui       hustle     widelens [closecombat, leafblade, sleeppowder, victorydance] ttype=steel
INFO     	       illumise    prankster heavydutyboots [bugbuzz, encore, roost, thunderwave] ttype=water
INFO     	     ironthorns   quarkdrive boosterenergy [dragondance, earthquake, stoneedge, wildcharge] ttype=grass
INFO     	tornadustherian  regenerator  assaultvest [bleakwindstorm, heatwave, knockoff, uturn] ttype=dark
INFO     Sampling battle 14
INFO     	    eiscuenoice      iceface         None [bellydrum, icespinner, liquidation, terablast] ttype=electric
INFO     Sampling 5 unrevealed pokemon
INFO     	      thundurus      defiant  choicespecs [focusblast, grassknot, thunderbolt, uturn] ttype=electric
INFO     	       tinkaton  moldbreaker    leftovers [gigatonhammer, playrough, protect, swordsdance] ttype=steel
INFO     	       sawsbuck  serenegrace      lifeorb [headbutt, highhorsepower, hornleech, swordsdance] ttype=normal
INFO     	         flygon     levitate     lumberry [dragondance, earthquake, outrage, stoneedge] ttype=steel
INFO     	       smeargle   technician     widelens [populationbomb, powertrip, shellsmash, spore] ttype=ghost
INFO     Sampling battle 15
INFO     	    eiscuenoice      iceface         None [bellydrum, icespinner, liquidation, terablast] ttype=ground
INFO     Sampling 5 unrevealed pokemon
INFO     	 arceusfighting    multitype    fistplate [bodypress, cosmicpower, recover, storedpower] ttype=steel
INFO     	        kleavor    sharpness heavydutyboots [closecombat, stoneaxe, swordsdance, xscissor] ttype=bug
INFO     	      rotomheat     levitate heavydutyboots [nastyplot, overheat, painsplit, thunderbolt] ttype=electric
INFO     	      dunsparce  serenegrace     eviolite [bodyslam, coil, earthquake, roost] ttype=ghost
INFO     	        sableye    prankster    leftovers [encore, knockoff, recover, thunderwave] ttype=steel
INFO     Searching for a move using MCTS...
INFO     Sampling 16 battles at 500ms each
INFO     Iterations 0: 108000
INFO     Iterations 2: 117000
INFO     Iterations 6: 120000
INFO     Iterations 3: 116000
INFO     Iterations 7: 111000
INFO     Iterations 4: 117000
INFO     Iterations 1: 118000
INFO     Iterations 5: 115000
INFO     Iterations 8: 100000
INFO     Iterations 11: 99000
INFO     Iterations 14: 95000
INFO     Iterations 12: 105000
INFO     Iterations 10: 99000
INFO     Iterations 13: 91000
INFO     Iterations 9: 102000
INFO     Iterations 15: 95000
INFO     Policy 0: drainpunch visited 28.21% avg_score=0.408 sample_chance_multiplier=0.062
INFO     Policy 1: drainpunch visited 40.91% avg_score=0.4 sample_chance_multiplier=0.062
INFO     Policy 2: drainpunch visited 34.97% avg_score=0.404 sample_chance_multiplier=0.062
INFO     Policy 3: drainpunch visited 32.4% avg_score=0.401 sample_chance_multiplier=0.062
INFO     Policy 4: drainpunch visited 29.47% avg_score=0.405 sample_chance_multiplier=0.062
INFO     Policy 5: drainpunch visited 30.47% avg_score=0.364 sample_chance_multiplier=0.062
INFO     Policy 6: drainpunch visited 34.35% avg_score=0.396 sample_chance_multiplier=0.062
INFO     Policy 7: drainpunch visited 42.26% avg_score=0.387 sample_chance_multiplier=0.062
INFO     Policy 8: drainpunch visited 27.14% avg_score=0.414 sample_chance_multiplier=0.062
INFO     Policy 9: drainpunch visited 31.4% avg_score=0.401 sample_chance_multiplier=0.062
INFO     Policy 10: drainpunch visited 28.47% avg_score=0.407 sample_chance_multiplier=0.062
INFO     Policy 11: drainpunch visited 32.92% avg_score=0.394 sample_chance_multiplier=0.062
INFO     Policy 12: drainpunch visited 34.69% avg_score=0.396 sample_chance_multiplier=0.062
INFO     Policy 13: drainpunch visited 28.15% avg_score=0.42 sample_chance_multiplier=0.062
INFO     Policy 14: drainpunch visited 24.82% avg_score=0.368 sample_chance_multiplier=0.062
INFO     Policy 15: drainpunch visited 32.59% avg_score=0.412 sample_chance_multiplier=0.062
INFO     Considered Choices:
INFO     	32.078%: drainpunch
INFO     Choice: drainpunch
INFO     Updated eiscuenoice's min speed to 117
INFO     eiscuenoice terastallized. Tera type: water, Original types: ['ice']
INFO     eiscuenoice used two different moves - it cannot have a choice item
INFO     eiscuenoice used a water move, removing watergem from possible items
INFO     Setting eiscuenoice's last used move: liquidation
INFO     eiscuenoice used a damaging move - not guessing lifeorb anymore
INFO     eiscuenoice did 85.16% damage to gurdurr with liquidation
INFO     gurdurr already has the move drainpunch. Decrementing the PP by 1
INFO     gurdurr used a fighting move, removing fightinggem from possible items
INFO     Setting gurdurr's last used move: drainpunch
INFO     gurdurr did 53.0% damage to eiscuenoice with drainpunch
INFO     eiscuenoice has less than maxhp during upkeep, no longer guessing leftovers or blacksludge
INFO     
INFO     Turn: 3
INFO     Sampling battle 0
INFO     	    eiscuenoice      iceface         None [bellydrum, icespinner, liquidation, zenheadbutt] ttype=water
INFO     Sampling 5 unrevealed pokemon
INFO     	  arcaninehisui     rockhead   choiceband [extremespeed, flareblitz, headsmash, wildcharge] ttype=normal
INFO     	          chiyu  beadsofruin  choicespecs [darkpulse, flamethrower, overheat, psychic] ttype=fire
INFO     	taurospaldeaaqua   intimidate      lifeorb [aquajet, bulkup, closecombat, liquidation] ttype=water
INFO     	    barraskewda    swiftswim   choiceband [closecombat, flipturn, poisonjab, waterfall] ttype=fighting
INFO     	        banette     insomnia      lifeorb [gunkshot, poltergeist, shadowsneak, thunderwave] ttype=poison
INFO     Sampling battle 1
INFO     	    eiscuenoice      iceface         None [bellydrum, icespinner, liquidation, zenheadbutt] ttype=water
INFO     Sampling 5 unrevealed pokemon
INFO     	       torterra     overgrow   loadeddice [bulletseed, headlongrush, rockblast, shellsmash] ttype=ground
INFO     	         raikou     pressure    leftovers [calmmind, scald, shadowball, thunderbolt] ttype=electric
INFO     	       salazzle    corrosion heavydutyboots [fireblast, nastyplot, sludgewave, terablast] ttype=grass
INFO     	taurospaldeablaze   intimidate   choiceband [closecombat, flareblitz, stoneedge, wildcharge] ttype=fighting
INFO     	         kyogre      drizzle    leftovers [calmmind, icebeam, originpulse, thunder] ttype=electric
INFO     Sampling battle 2
INFO     	    eiscuenoice      iceface         None [bellydrum, icespinner, liquidation, zenheadbutt] ttype=water
INFO     Sampling 5 unrevealed pokemon
INFO     	      lilligant     owntempo      lifeorb [alluringvoice, petaldance, quiverdance, sleeppowder] ttype=grass
INFO     	       garchomp    roughskin   loadeddice [earthquake, firefang, scaleshot, swordsdance] ttype=fire
INFO     	       pelipper      drizzle  choicespecs [hurricane, hydropump, uturn, weatherball] ttype=flying
INFO     	       overqwil   intimidate      lifeorb [crunch, gunkshot, liquidation, swordsdance] ttype=water
INFO     	  braviaryhisui   sheerforce      lifeorb [agility, heatwave, hurricane, psychic] ttype=fairy
INFO     Sampling battle 3
INFO     	    eiscuenoice      iceface         None [bellydrum, icespinner, liquidation, zenheadbutt] ttype=water
INFO     Sampling 5 unrevealed pokemon
INFO     	        morpeko hungerswitch heavydutyboots [aurawheel, partingshot, protect, rapidspin] ttype=electric
INFO     	   greninjabond   battlebond      lifeorb [darkpulse, gunkshot, hydropump, icebeam] ttype=poison
INFO     	        jirachi  serenegrace    leftovers [bodyslam, ironhead, protect, wish] ttype=water
INFO     	         raichu lightningrod  assaultvest [grassknot, knockoff, surf, thunderbolt] ttype=grass
INFO     	        calyrex      unnerve    leftovers [bodypress, encore, gigadrain, psyshock] ttype=steel
INFO     Sampling battle 4
INFO     	    eiscuenoice      iceface         None [bellydrum, icespinner, ironhead, liquidation] ttype=water
INFO     Sampling 5 unrevealed pokemon
INFO     	       meowstic    prankster    lightclay [lightscreen, psychicnoise, reflect, yawn] ttype=fairy
INFO     	      cramorant  gulpmissile heavydutyboots [bravebird, defog, roost, surf] ttype=ground
INFO     	        blissey  naturalcure    leftovers [healbell, seismictoss, softboiled, thunderwave] ttype=ghost
INFO     	        gallade    sharpness      lifeorb [agility, nightslash, psychocut, sacredsword] ttype=fighting
INFO     	lycanrocmidnight      noguard   choiceband [closecombat, playrough, stoneedge, suckerpunch] ttype=fighting
INFO     Sampling battle 5
INFO     	    eiscuenoice      iceface         None [bellydrum, icespinner, liquidation, zenheadbutt] ttype=water
INFO     Sampling 5 unrevealed pokemon
INFO     	     feraligatr   sheerforce      lifeorb [crunch, dragondance, icepunch, liquidation] ttype=dragon
INFO     	       espathra   speedboost    leftovers [calmmind, dazzlinggleam, roost, storedpower] ttype=fairy
INFO     	       torterra     overgrow   loadeddice [bulletseed, headlongrush, rockblast, shellsmash] ttype=water
INFO     	       samurott      torrent      lifeorb [liquidation, megahorn, sacredsword, swordsdance] ttype=water
INFO     	lycanrocmidnight      noguard      lifeorb [closecombat, knockoff, stealthrock, stoneedge] ttype=fighting
INFO     Sampling battle 6
INFO     	    eiscuenoice      iceface         None [bellydrum, icespinner, ironhead, liquidation] ttype=water
INFO     Sampling 5 unrevealed pokemon
INFO     	       inteleon      torrent  choicespecs [hydropump, icebeam, scald, uturn] ttype=water
INFO     	        mimikyu     disguise      lifeorb [drainpunch, playrough, shadowsneak, swordsdance] ttype=fighting
INFO     	      cresselia     levitate    leftovers [calmmind, moonlight, psyshock, thunderbolt] ttype=electric
INFO     	         pawmot     ironfist      lifeorb [closecombat, doubleshock, icepunch, revivalblessing] ttype=electric
INFO     	        wochien tabletsofruin    leftovers [knockoff, leechseed, protect, stunspore] ttype=poison
INFO     Sampling battle 7
INFO     	    eiscuenoice      iceface         None [bellydrum, icespinner, liquidation, zenheadbutt] ttype=water
INFO     Sampling 5 unrevealed pokemon
INFO     	       floatzel    waterveil   choiceband [crunch, flipturn, icespinner, wavecrash] ttype=water
INFO     	      hatterene  magicbounce    leftovers [calmmind, drainingkiss, mysticalfire, psychic] ttype=fairy
INFO     	       dusknoir        frisk    leftovers [earthquake, poltergeist, shadowsneak, willowisp] ttype=dark
INFO     	 giratinaorigin     levitate griseouscore [defog, dracometeor, poltergeist, willowisp] ttype=steel
INFO     	       maushold   technician     widelens [bite, encore, populationbomb, tidyup] ttype=ghost
INFO     Sampling battle 8
INFO     	    eiscuenoice      iceface         None [bellydrum, icespinner, liquidation, zenheadbutt] ttype=water
INFO     Sampling 5 unrevealed pokemon
INFO     	       reshiram   turboblaze heavydutyboots [dragondance, flareblitz, outrage, stoneedge] ttype=dragon
INFO     	      eternatus     pressure  rockyhelmet [dynamaxcannon, fireblast, recover, sludgebomb] ttype=dragon
INFO     	       zangoose   toxicboost     toxicorb [closecombat, facade, knockoff, swordsdance] ttype=normal
INFO     	       slowking  regenerator heavydutyboots [chillyreception, futuresight, scald, slackoff] ttype=dragon
INFO     	landorustherian   intimidate    leftovers [earthquake, stealthrock, stoneedge, taunt] ttype=ground
INFO     Sampling battle 9
INFO     	    eiscuenoice      iceface         None [bellydrum, icespinner, liquidation, zenheadbutt] ttype=water
INFO     Sampling 5 unrevealed pokemon
INFO     	      arceusbug    multitype  insectplate [calmmind, earthpower, judgment, recover] ttype=ground
INFO     	         pawmot   voltabsorb   leppaberry [closecombat, doubleshock, nuzzle, revivalblessing] ttype=electric
INFO     	     tentacruel   liquidooze    leftovers [rapidspin, sludgebomb, surf, toxic] ttype=grass
INFO     	necrozmadawnwings   prismarmor    leftovers [calmmind, moongeistbeam, moonlight, photongeyser] ttype=fairy
INFO     	         kommoo   soundproof  throatspray [clangingscales, clangoroussoul, drainpunch, ironhead] ttype=steel
INFO     Sampling battle 10
INFO     	    eiscuenoice      iceface         None [bellydrum, icespinner, ironhead, liquidation] ttype=water
INFO     Sampling 5 unrevealed pokemon
INFO     	   squawkabilly         guts     flameorb [bravebird, facade, protect, quickattack] ttype=normal
INFO     	      salamence   intimidate heavydutyboots [dragondance, dualwingbeat, earthquake, outrage] ttype=steel
INFO     	       camerupt    solidrock    leftovers [earthquake, overheat, roar, stealthrock] ttype=water
INFO     	         dialga     pressure  assaultvest [dracometeor, dragontail, fireblast, heavyslam] ttype=flying
INFO     	      registeel    clearbody  chestoberry [bodypress, irondefense, ironhead, rest] ttype=fighting
INFO     Sampling battle 11
INFO     	    eiscuenoice      iceface         None [bellydrum, icespinner, ironhead, liquidation] ttype=water
INFO     Sampling 5 unrevealed pokemon
INFO     	    barraskewda    swiftswim   choiceband [closecombat, flipturn, psychicfangs, waterfall] ttype=fighting
INFO     	        torkoal      drought heavydutyboots [lavaplume, rapidspin, stealthrock, yawn] ttype=dragon
INFO     	       dachsbun wellbakedbody    leftovers [bodypress, playrough, protect, wish] ttype=steel
INFO     	    stonjourner    powerspot      lifeorb [earthquake, heatcrash, rockpolish, stoneedge] ttype=fire
INFO     	     toxtricity     punkrock  throatspray [boomburst, gunkshot, overdrive, shiftgear] ttype=normal
INFO     Sampling battle 12
INFO     	    eiscuenoice      iceface         None [bellydrum, icespinner, liquidation, zenheadbutt] ttype=water
INFO     Sampling 5 unrevealed pokemon
INFO     	        wugtrio        gooey   choiceband [aquajet, liquidation, stompingtantrum, throatchop] ttype=ground
INFO     	      regigigas    slowstart    leftovers [bodyslam, knockoff, rest, sleeptalk] ttype=ghost
INFO     	       meowstic    prankster    leftovers [alluringvoice, psychicnoise, thunderwave, yawn] ttype=fairy
INFO     	        gallade    sharpness      lifeorb [agility, nightslash, psychocut, sacredsword] ttype=fighting
INFO     	      ironhands   quarkdrive    leftovers [drainpunch, icepunch, swordsdance, thunderpunch] ttype=steel
INFO     Sampling battle 13
INFO     	    eiscuenoice      iceface         None [bellydrum, icespinner, liquidation, zenheadbutt] ttype=water
INFO     Sampling 5 unrevealed pokemon
INFO     	       venomoth   tintedlens heavydutyboots [bugbuzz, quiverdance, sleeppowder, sludgewave] ttype=water
INFO     	 keldeoresolute    justified    leftovers [calmmind, secretsword, substitute, surf] ttype=steel
INFO     	       virizion    justified      lifeorb [closecombat, leafblade, stoneedge, swordsdance] ttype=rock
INFO     	        jolteon   voltabsorb  choicespecs [alluringvoice, shadowball, thunderbolt, voltswitch] ttype=fairy
INFO     	        torkoal      drought heavydutyboots [lavaplume, rapidspin, solarbeam, yawn] ttype=grass
INFO     Sampling battle 14
INFO     	    eiscuenoice      iceface         None [bellydrum, icespinner, liquidation, zenheadbutt] ttype=water
INFO     Sampling 5 unrevealed pokemon
INFO     	         minior  shieldsdown    whiteherb [acrobatics, earthquake, powergem, shellsmash] ttype=water
INFO     	     irontreads   quarkdrive    leftovers [earthquake, ironhead, rapidspin, stealthrock] ttype=water
INFO     	        wochien tabletsofruin    leftovers [knockoff, leechseed, protect, ruination] ttype=poison
INFO     	        palafin   zerotohero    leftovers [bulkup, drainpunch, icepunch, jetpunch] ttype=dragon
INFO     	         dodrio    earlybird   choiceband [bravebird, doubleedge, drillrun, knockoff] ttype=flying
INFO     Sampling battle 15
INFO     	    eiscuenoice      iceface         None [bellydrum, icespinner, ironhead, liquidation] ttype=water
INFO     Sampling 5 unrevealed pokemon
INFO     	     eelektross     levitate  assaultvest [discharge, dragontail, gigadrain, uturn] ttype=poison
INFO     	      girafarig    sapsipper     eviolite [dazzlinggleam, nastyplot, psychic, thunderbolt] ttype=fairy
INFO     	    ironjugulis   quarkdrive    powerherb [darkpulse, earthpower, hurricane, meteorbeam] ttype=ground
INFO     	tornadustherian  regenerator  choicespecs [bleakwindstorm, focusblast, grassknot, heatwave] ttype=fire
INFO     	       espathra   speedboost  choicespecs [dazzlinggleam, luminacrash, shadowball, uturn] ttype=fairy
INFO     Searching for a move using MCTS...
INFO     Sampling 16 battles at 500ms each
INFO     Iterations 5: 101000
INFO     Iterations 3: 100000
INFO     Iterations 7: 99000
INFO     Iterations 0: 103000
INFO     Iterations 6: 101000
INFO     Iterations 2: 101000
INFO     Iterations 4: 112000
INFO     Iterations 1: 104000
INFO     Iterations 8: 90000
INFO     Iterations 9: 93000
INFO     Iterations 11: 89000
INFO     Iterations 10: 91000
INFO     Iterations 12: 89000
INFO     Iterations 14: 91000
INFO     Iterations 13: 91000
INFO     Iterations 15: 89000
INFO     Policy 0: machpunch visited 39.87% avg_score=0.282 sample_chance_multiplier=0.062
INFO     Policy 1: machpunch visited 36.22% avg_score=0.273 sample_chance_multiplier=0.062
INFO     Policy 2: machpunch visited 33.05% avg_score=0.271 sample_chance_multiplier=0.062
INFO     Policy 3: machpunch visited 38.15% avg_score=0.283 sample_chance_multiplier=0.062
INFO     Policy 4: machpunch visited 62.02% avg_score=0.318 sample_chance_multiplier=0.062
INFO     Policy 5: machpunch visited 40.92% avg_score=0.284 sample_chance_multiplier=0.062
INFO     Policy 6: machpunch visited 54.77% avg_score=0.298 sample_chance_multiplier=0.062
INFO     Policy 7: machpunch visited 49.82% avg_score=0.304 sample_chance_multiplier=0.062
INFO     Policy 8: machpunch visited 35.96% avg_score=0.28 sample_chance_multiplier=0.062
INFO     Policy 9: machpunch visited 46.62% avg_score=0.301 sample_chance_multiplier=0.062
INFO     Policy 10: machpunch visited 43.37% avg_score=0.268 sample_chance_multiplier=0.062
INFO     Policy 11: machpunch visited 37.87% avg_score=0.272 sample_chance_multiplier=0.062
INFO     Policy 12: machpunch visited 49.24% avg_score=0.306 sample_chance_multiplier=0.062
INFO     Policy 13: machpunch visited 37.42% avg_score=0.287 sample_chance_multiplier=0.062
INFO     Policy 14: machpunch visited 39.15% avg_score=0.289 sample_chance_multiplier=0.062
INFO     Policy 15: machpunch visited 43.09% avg_score=0.282 sample_chance_multiplier=0.062
INFO     Considered Choices:
INFO     	42.972%: machpunch
INFO     Choice: machpunch
INFO     gurdurr already has the move machpunch. Decrementing the PP by 1
INFO     gurdurr used a fighting move, removing fightinggem from possible items
INFO     Setting gurdurr's last used move: machpunch
INFO     gurdurr did 22.0% damage to eiscuenoice with machpunch
INFO     eiscuenoice has less than maxhp during upkeep, no longer guessing leftovers or blacksludge
INFO     Opponent has switched - clearing the last used move
INFO     tatsugiri switched in, adding intimidate to impossible abilities
INFO     tatsugiri switched in, adding pressure to impossible abilities
INFO     tatsugiri switched in, adding neutralizinggas to impossible abilities
INFO     tatsugiri switched in, adding sandstream to impossible abilities
INFO     tatsugiri switched in, adding drought to impossible abilities
INFO     tatsugiri switched in, adding drizzle to impossible abilities
INFO     tatsugiri switched in, adding snowwarning to impossible abilities
INFO     tatsugiri switched in, adding boosterenergy to impossible items
INFO     tatsugiri switched in, adding airballoon to impossible items
INFO     
INFO     Turn: 4
INFO     Sampling battle 0
INFO     	      tatsugiri   stormdrain heavydutyboots [dracometeor, hydropump, nastyplot, rapidspin] ttype=steel
INFO     Sampling 4 unrevealed pokemon
INFO     	      girafarig    sapsipper     eviolite [dazzlinggleam, nastyplot, psyshock, thunderbolt] ttype=electric
INFO     	       overqwil   intimidate   loadeddice [crunch, gunkshot, scaleshot, swordsdance] ttype=dragon
INFO     	taurospaldeacombat   intimidate   choiceband [closecombat, earthquake, ironhead, stoneedge] ttype=fighting
INFO     	       giratina     pressure    leftovers [calmmind, dragonpulse, rest, sleeptalk] ttype=fairy
INFO     Sampling battle 1
INFO     	      tatsugiri   stormdrain heavydutyboots [dracometeor, hydropump, nastyplot, rapidspin] ttype=water
INFO     Sampling 4 unrevealed pokemon
INFO     	      munkidori   toxicchain  assaultvest [fakeout, psychicnoise, sludgewave, uturn] ttype=dark
INFO     	      amoonguss  regenerator  rockyhelmet [gigadrain, sludgebomb, spore, toxic] ttype=water
INFO     	landorustherian   intimidate    leftovers [earthquake, stoneedge, taunt, uturn] ttype=ground
INFO     	      duraludon   lightmetal     eviolite [bodypress, dracometeor, dragontail, flashcannon] ttype=fighting
INFO     Sampling battle 2
INFO     	      tatsugiri   stormdrain heavydutyboots [dracometeor, hydropump, nastyplot, rapidspin] ttype=water
INFO     Sampling 4 unrevealed pokemon
INFO     	        beartic    slushrush heavydutyboots [closecombat, earthquake, iciclecrash, swordsdance] ttype=fighting
INFO     	        falinks      defiant      lifeorb [closecombat, ironhead, knockoff, noretreat] ttype=dark
INFO     	        dedenne   cheekpouch  sitrusberry [dazzlinggleam, superfang, thunderbolt, uturn] ttype=flying
INFO     	taurospaldeacombat   intimidate      lifeorb [bulkup, closecombat, stoneedge, throatchop] ttype=dark
INFO     Sampling battle 3
INFO     	      tatsugiri   stormdrain heavydutyboots [dracometeor, nastyplot, rapidspin, surf] ttype=steel
INFO     Sampling 4 unrevealed pokemon
INFO     	  braviaryhisui   tintedlens  choicespecs [esperwing, hurricane, uturn, vacuumwave] ttype=fighting
INFO     	       qwilfish   intimidate    leftovers [gunkshot, taunt, toxicspikes, waterfall] ttype=grass
INFO     	ogerponcornerstone       sturdy cornerstonemask [ivycudgel, powerwhip, superpower, swordsdance] ttype=rock
INFO     	    arceussteel    multitype    ironplate [calmmind, earthpower, judgment, recover] ttype=ghost
INFO     Sampling battle 4
INFO     	      tatsugiri   stormdrain heavydutyboots [dracometeor, nastyplot, rapidspin, surf] ttype=steel
INFO     Sampling 4 unrevealed pokemon
INFO     	      sinistcha    heatproof    leftovers [calmmind, matchagotcha, shadowball, strengthsap] ttype=steel
INFO     	        dedenne   cheekpouch  sitrusberry [dazzlinggleam, superfang, thunderbolt, uturn] ttype=flying
INFO     	          golem       sturdy weaknesspolicy [earthquake, explosion, rockpolish, stoneedge] ttype=ground
INFO     	         tinglu vesselofruin    leftovers [earthquake, heavyslam, payback, spikes] ttype=steel
INFO     Sampling battle 5
INFO     	      tatsugiri   stormdrain heavydutyboots [dracometeor, nastyplot, rapidspin, surf] ttype=steel
INFO     Sampling 4 unrevealed pokemon
INFO     	        noctowl   tintedlens heavydutyboots [defog, hurricane, hypervoice, roost] ttype=normal
INFO     	        lanturn   voltabsorb heavydutyboots [scald, thunderbolt, thunderwave, voltswitch] ttype=flying
INFO     	    oricoriopau       dancer heavydutyboots [hurricane, quiverdance, revelationdance, roost] ttype=fighting
INFO     	         rhydon lightningrod     eviolite [earthquake, megahorn, stealthrock, stoneedge] ttype=water
INFO     Sampling battle 6
INFO     	      tatsugiri   stormdrain heavydutyboots [dracometeor, hydropump, nastyplot, rapidspin] ttype=steel
INFO     Sampling 4 unrevealed pokemon
INFO     	    ironjugulis   quarkdrive  choicespecs [darkpulse, hurricane, hydropump, uturn] ttype=flying
INFO     	         emboar     reckless   choiceband [closecombat, flareblitz, headsmash, wildcharge] ttype=fire
INFO     	       overqwil   intimidate   loadeddice [crunch, gunkshot, scaleshot, swordsdance] ttype=dragon
INFO     	     misdreavus     levitate     eviolite [calmmind, drainingkiss, shadowball, willowisp] ttype=fairy
INFO     Sampling battle 7
INFO     	      tatsugiri   stormdrain heavydutyboots [dracometeor, nastyplot, rapidspin, surf] ttype=water
INFO     Sampling 4 unrevealed pokemon
INFO     	       houndoom    flashfire heavydutyboots [darkpulse, fireblast, nastyplot, sludgebomb] ttype=poison
INFO     	      excadrill  moldbreaker  assaultvest [earthquake, ironhead, rapidspin, rockslide] ttype=water
INFO     	        malamar     contrary  chestoberry [knockoff, psychocut, rest, superpower] ttype=steel
INFO     	        donphan       sturdy    leftovers [earthquake, icespinner, rapidspin, stealthrock] ttype=steel
INFO     Sampling battle 8
INFO     	      tatsugiri   stormdrain heavydutyboots [dracometeor, nastyplot, rapidspin, surf] ttype=steel
INFO     Sampling 4 unrevealed pokemon
INFO     	       skarmory       sturdy    leftovers [bodypress, bravebird, roost, spikes] ttype=fighting
INFO     	    slitherwing protosynthesis boosterenergy [acrobatics, bulkup, closecombat, wildcharge] ttype=electric
INFO     	      magmortar    flamebody heavydutyboots [fireblast, focusblast, knockoff, willowisp] ttype=fighting
INFO     	   hoopaunbound     magician  assaultvest [focusblast, gunkshot, hyperspacefury, psychic] ttype=fighting
INFO     Sampling battle 9
INFO     	      tatsugiri   stormdrain heavydutyboots [dracometeor, hydropump, nastyplot, rapidspin] ttype=water
INFO     Sampling 4 unrevealed pokemon
INFO     	     masquerain   intimidate heavydutyboots [bugbuzz, hurricane, hydropump, quiverdance] ttype=water
INFO     	    oinkolognef     thickfat    leftovers [curse, doubleedge, highhorsepower, lashout] ttype=ground
INFO     	     victreebel  chlorophyll      lifeorb [poisonjab, powerwhip, suckerpunch, swordsdance] ttype=dark
INFO     	    ironboulder   quarkdrive boosterenergy [closecombat, mightycleave, swordsdance, zenheadbutt] ttype=fighting
INFO     Sampling battle 10
INFO     	      tatsugiri   stormdrain heavydutyboots [dracometeor, nastyplot, rapidspin, surf] ttype=steel
INFO     Sampling 4 unrevealed pokemon
INFO     	     arceusfire    multitype   flameplate [earthquake, extremespeed, flareblitz, swordsdance] ttype=fire
INFO     	          entei   innerfocus   choiceband [extremespeed, flareblitz, sacredfire, stoneedge] ttype=fire
INFO     	     pincurchin electricsurge    leftovers [recover, scald, spikes, thunderbolt] ttype=water
INFO     	      hippowdon   sandstream    leftovers [earthquake, slackoff, stealthrock, stoneedge] ttype=rock
INFO     Sampling battle 11
INFO     	      tatsugiri   stormdrain heavydutyboots [dracometeor, nastyplot, rapidspin, surf] ttype=steel
INFO     Sampling 4 unrevealed pokemon
INFO     	       vikavolt     levitate heavydutyboots [bugbuzz, discharge, stickyweb, voltswitch] ttype=electric
INFO     	    arceusfairy    multitype   pixieplate [calmmind, earthpower, judgment, recover] ttype=ground
INFO     	   squawkabilly         guts     flameorb [bravebird, facade, quickattack, uturn] ttype=normal
INFO     	        dedenne   cheekpouch  sitrusberry [dazzlinggleam, superfang, thunderbolt, uturn] ttype=flying
INFO     Sampling battle 12
INFO     	      tatsugiri   stormdrain heavydutyboots [dracometeor, nastyplot, rapidspin, surf] ttype=water
INFO     Sampling 4 unrevealed pokemon
INFO     	      gholdengo   goodasgold  choicescarf [focusblast, makeitrain, shadowball, trick] ttype=fighting
INFO     	       mukalola  poisontouch  assaultvest [drainpunch, icepunch, knockoff, poisonjab] ttype=fighting
INFO     	        moltres    flamebody heavydutyboots [bravebird, fireblast, roost, scorchingsands] ttype=dragon
INFO     	         dialga     pressure  assaultvest [dracometeor, dragontail, fireblast, heavyslam] ttype=flying
INFO     Sampling battle 13
INFO     	      tatsugiri   stormdrain heavydutyboots [dracometeor, hydropump, nastyplot, rapidspin] ttype=water
INFO     Sampling 4 unrevealed pokemon
INFO     	        umbreon  synchronize    leftovers [foulplay, protect, toxic, wish] ttype=poison
INFO     	          chiyu  beadsofruin heavydutyboots [darkpulse, fireblast, nastyplot, willowisp] ttype=dark
INFO     	     feraligatr   sheerforce      lifeorb [crunch, dragondance, icepunch, liquidation] ttype=steel
INFO     	     annihilape      defiant    leftovers [bulkup, drainpunch, ragefist, taunt] ttype=fairy
INFO     Sampling battle 14
INFO     	      tatsugiri   stormdrain heavydutyboots [dracometeor, hydropump, nastyplot, rapidspin] ttype=steel
INFO     Sampling 4 unrevealed pokemon
INFO     	      poliwrath    swiftswim      lifeorb [closecombat, knockoff, liquidation, raindance] ttype=fighting
INFO     	       maushold   technician     widelens [bite, encore, populationbomb, tidyup] ttype=ghost
INFO     	   zoroarkhisui     illusion      lifeorb [focusblast, hypervoice, poltergeist, willowisp] ttype=fighting
INFO     	   slowbrogalar  regenerator  rockyhelmet [earthquake, psychic, shellsidearm, slackoff] ttype=poison
INFO     Sampling battle 15
INFO     	      tatsugiri   stormdrain heavydutyboots [dracometeor, nastyplot, rapidspin, surf] ttype=steel
INFO     Sampling 4 unrevealed pokemon
INFO     	 giratinaorigin     levitate griseouscore [dracometeor, dragontail, poltergeist, willowisp] ttype=steel
INFO     	        wyrdeer   intimidate    leftovers [bodyslam, earthquake, psychicnoise, thunderwave] ttype=ground
INFO     	 arceusfighting    multitype    fistplate [bodypress, cosmicpower, recover, storedpower] ttype=steel
INFO     	        scyther   technician heavydutyboots [closecombat, defog, dualwingbeat, uturn] ttype=fighting
INFO     Sampling battle 16
INFO     	      tatsugiri   stormdrain heavydutyboots [dracometeor, hydropump, nastyplot, rapidspin] ttype=steel
INFO     Sampling 4 unrevealed pokemon
INFO     	  deoxysdefense     pressure  rockyhelmet [psychicnoise, recover, spikes, stealthrock] ttype=dark
INFO     	      metagross    clearbody weaknesspolicy [agility, earthquake, heavyslam, psychicfangs] ttype=ground
INFO     	       vigoroth  vitalspirit     eviolite [bodyslam, bulkup, knockoff, slackoff] ttype=ghost
INFO     	      toucannon    skilllink heavydutyboots [beakblast, boomburst, bulletseed, roost] ttype=steel
INFO     Sampling battle 17
INFO     	      tatsugiri   stormdrain heavydutyboots [dracometeor, hydropump, nastyplot, rapidspin] ttype=water
INFO     Sampling 4 unrevealed pokemon
INFO     	      electrode   soundproof      lifeorb [explosion, foulplay, thunderbolt, thunderwave] ttype=electric
INFO     	      lilligant  chlorophyll      lifeorb [gigadrain, quiverdance, sleeppowder, terablast] ttype=rock
INFO     	       lurantis     contrary  assaultvest [knockoff, leafstorm, leechlife, superpower] ttype=water
INFO     	    stonjourner    powerspot      lifeorb [earthquake, heatcrash, stealthrock, stoneedge] ttype=fire
INFO     Sampling battle 18
INFO     	      tatsugiri   stormdrain heavydutyboots [dracometeor, nastyplot, rapidspin, surf] ttype=water
INFO     Sampling 4 unrevealed pokemon
INFO     	     whimsicott    prankster    leftovers [encore, leechseed, moonblast, substitute] ttype=poison
INFO     	      indeedeef psychicsurge  choicespecs [dazzlinggleam, hypervoice, psychic, shadowball] ttype=psychic
INFO     	   hoopaunbound     magician  choicescarf [gunkshot, hyperspacefury, psychic, trick] ttype=poison
INFO     	     incineroar   intimidate  assaultvest [closecombat, knockoff, overheat, uturn] ttype=water
INFO     Sampling battle 19
INFO     	      tatsugiri   stormdrain heavydutyboots [dracometeor, nastyplot, rapidspin, surf] ttype=water
INFO     Sampling 4 unrevealed pokemon
INFO     	      mightyena   intimidate    leftovers [playrough, suckerpunch, taunt, throatchop] ttype=fairy
INFO     	      metagross    clearbody    leftovers [bulletpunch, heavyslam, psychicfangs, stealthrock] ttype=water
INFO     	      primarina      torrent    leftovers [calmmind, drainingkiss, psychic, sparklingaria] ttype=poison
INFO     	         lunala shadowshield    leftovers [calmmind, moonblast, moongeistbeam, moonlight] ttype=fairy
INFO     Sampling battle 20
INFO     	      tatsugiri   stormdrain heavydutyboots [dracometeor, nastyplot, rapidspin, surf] ttype=water
INFO     Sampling 4 unrevealed pokemon
INFO     	      abomasnow  snowwarning    lightclay [auroraveil, blizzard, iceshard, woodhammer] ttype=water
INFO     	        persian       limber   choiceband [doubleedge, knockoff, switcheroo, uturn] ttype=ghost
INFO     	     galvantula compoundeyes heavydutyboots [bugbuzz, stickyweb, thunder, voltswitch] ttype=electric
INFO     	   arceusdragon    multitype   dracoplate [calmmind, fireblast, judgment, recover] ttype=fire
INFO     Sampling battle 21
INFO     	      tatsugiri   stormdrain heavydutyboots [dracometeor, nastyplot, rapidspin, surf] ttype=steel
INFO     Sampling 4 unrevealed pokemon
INFO     	       granbull   intimidate    leftovers [earthquake, encore, playrough, thunderwave] ttype=ground
INFO     	         raikou     pressure    leftovers [calmmind, scald, substitute, thunderbolt] ttype=water
INFO     	      vileplume  effectspore    leftovers [gigadrain, sleeppowder, sludgebomb, strengthsap] ttype=water
INFO     	     ironthorns   quarkdrive boosterenergy [dragondance, earthquake, stoneedge, wildcharge] ttype=ground
INFO     Sampling battle 22
INFO     	      tatsugiri   stormdrain heavydutyboots [dracometeor, hydropump, nastyplot, rapidspin] ttype=water
INFO     Sampling 4 unrevealed pokemon
INFO     	        volbeat    prankster heavydutyboots [encore, lunge, roost, thunderwave] ttype=water
INFO     	        haxorus  moldbreaker     lumberry [dragondance, earthquake, ironhead, outrage] ttype=steel
INFO     	necrozmaduskmane   prismarmor weaknesspolicy [dragondance, earthquake, photongeyser, sunsteelstrike] ttype=ground
INFO     	  deoxysdefense     pressure    leftovers [cosmicpower, nightshade, recover, storedpower] ttype=steel
INFO     Sampling battle 23
INFO     	      tatsugiri   stormdrain heavydutyboots [dracometeor, hydropump, nastyplot, rapidspin] ttype=steel
INFO     Sampling 4 unrevealed pokemon
INFO     	    corviknight  mirrorarmor    leftovers [bravebird, defog, roost, uturn] ttype=dragon
INFO     	       arcanine   intimidate heavydutyboots [closecombat, flareblitz, morningsun, willowisp] ttype=fighting
INFO     	          rotom     levitate      lifeorb [nastyplot, shadowball, thunderbolt, willowisp] ttype=electric
INFO     	         lunala shadowshield    leftovers [calmmind, moongeistbeam, moonlight, psyshock] ttype=fairy
INFO     Sampling battle 24
INFO     	      tatsugiri   stormdrain heavydutyboots [dracometeor, nastyplot, rapidspin, surf] ttype=water
INFO     Sampling 4 unrevealed pokemon
INFO     	       mudsdale      stamina    leftovers [earthquake, heavyslam, roar, stoneedge] ttype=steel
INFO     	      magnezone   magnetpull  choicescarf [bodypress, flashcannon, thunderbolt, voltswitch] ttype=electric
INFO     	      exeggutor      harvest  sitrusberry [leechseed, protect, psychicnoise, substitute] ttype=steel
INFO     	      ironhands   quarkdrive  assaultvest [closecombat, icepunch, voltswitch, wildcharge] ttype=fighting
INFO     Sampling battle 25
INFO     	      tatsugiri   stormdrain heavydutyboots [dracometeor, hydropump, nastyplot, rapidspin] ttype=water
INFO     Sampling 4 unrevealed pokemon
INFO     	      pecharunt poisonpuppeteer  rockyhelmet [malignantchain, partingshot, recover, shadowball] ttype=dark
INFO     	      greattusk protosynthesis  assaultvest [closecombat, headlongrush, rapidspin, stoneedge] ttype=steel
INFO     	            mew  synchronize      lifeorb [closecombat, knockoff, psychicfangs, swordsdance] ttype=fighting
INFO     	 arceusfighting    multitype    fistplate [bodypress, irondefense, recover, shadowball] ttype=steel
INFO     Sampling battle 26
INFO     	      tatsugiri   stormdrain heavydutyboots [dracometeor, hydropump, nastyplot, rapidspin] ttype=water
INFO     Sampling 4 unrevealed pokemon
INFO     	     typhlosion        blaze  choicescarf [eruption, fireblast, focusblast, scorchingsands] ttype=fire
INFO     	       mienshao  regenerator  assaultvest [closecombat, fakeout, knockoff, uturn] ttype=steel
INFO     	         lapras  waterabsorb   loadeddice [dragondance, earthquake, iciclespear, waterfall] ttype=ground
INFO     	       meganium     overgrow    leftovers [encore, energyball, knockoff, synthesis] ttype=poison
INFO     Sampling battle 27
INFO     	      tatsugiri   stormdrain heavydutyboots [dracometeor, nastyplot, rapidspin, surf] ttype=water
INFO     Sampling 4 unrevealed pokemon
INFO     	        torkoal      drought heavydutyboots [lavaplume, rapidspin, solarbeam, stealthrock] ttype=dragon
INFO     	    kyuremwhite   turboblaze  choicescarf [dracometeor, freezedry, fusionflare, icebeam] ttype=fire
INFO     	         mewtwo     pressure      lifeorb [darkpulse, nastyplot, psystrike, recover] ttype=dark
INFO     	      palossand watercompaction    leftovers [earthpower, shadowball, shoreup, stealthrock] ttype=water
INFO     Sampling battle 28
INFO     	      tatsugiri   stormdrain heavydutyboots [dracometeor, nastyplot, rapidspin, surf] ttype=steel
INFO     Sampling 4 unrevealed pokemon
INFO     	      eternatus     pressure  rockyhelmet [dynamaxcannon, fireblast, recover, sludgebomb] ttype=fire
INFO     	         pyroar      unnerve heavydutyboots [fireblast, hypervoice, willowisp, workup] ttype=fire
INFO     	       porygon2     download     eviolite [discharge, icebeam, recover, triattack] ttype=poison
INFO     	          hoopa     magician      lifeorb [focusblast, nastyplot, psychic, shadowball] ttype=ghost
INFO     Sampling battle 29
INFO     	      tatsugiri   stormdrain heavydutyboots [dracometeor, hydropump, nastyplot, rapidspin] ttype=water
INFO     Sampling 4 unrevealed pokemon
INFO     	        flamigo      scrappy      lifeorb [bravebird, closecombat, roost, swordsdance] ttype=fighting
INFO     	   arceusground    multitype   earthplate [dragondance, earthquake, recover, stoneedge] ttype=ground
INFO     	      poliwrath    swiftswim      lifeorb [closecombat, knockoff, liquidation, raindance] ttype=water
INFO     	       skuntank    aftermath      lifeorb [fireblast, gunkshot, knockoff, taunt] ttype=dark
INFO     Sampling battle 30
INFO     	      tatsugiri   stormdrain heavydutyboots [dracometeor, hydropump, nastyplot, rapidspin] ttype=steel
INFO     Sampling 4 unrevealed pokemon
INFO     	        florges   flowerveil    leftovers [calmmind, moonblast, protect, wish] ttype=steel
INFO     	      rampardos   sheerforce  choicescarf [earthquake, firepunch, headsmash, rockslide] ttype=fire
INFO     	      cresselia     levitate    leftovers [calmmind, moonlight, psyshock, thunderbolt] ttype=electric
INFO     	   moltresgalar      berserk  chestoberry [fierywrath, hurricane, nastyplot, rest] ttype=dark
INFO     Sampling battle 31
INFO     	      tatsugiri   stormdrain heavydutyboots [dracometeor, hydropump, nastyplot, rapidspin] ttype=water
INFO     Sampling 4 unrevealed pokemon
INFO     	      probopass   magnetpull    leftovers [bodypress, flashcannon, irondefense, powergem] ttype=fighting
INFO     	      bellibolt electromorphosis    leftovers [muddywater, slackoff, thunderbolt, voltswitch] ttype=electric
INFO     	       reshiram   turboblaze heavydutyboots [dragondance, flareblitz, outrage, stoneedge] ttype=fire
INFO     	      abomasnow  snowwarning    lightclay [auroraveil, blizzard, earthquake, iceshard] ttype=water
INFO     Searching for a move using MCTS...
INFO     Sampling 32 battles at 250ms each
INFO     Iterations 1: 50000
INFO     Iterations 0: 51000
INFO     Iterations 4: 55000
INFO     Iterations 3: 56000
INFO     Iterations 5: 57000
INFO     Iterations 2: 52000
INFO     Iterations 6: 52000
INFO     Iterations 7: 60000
INFO     Iterations 10: 49000
INFO     Iterations 8: 46000
INFO     Iterations 9: 44000
INFO     Iterations 11: 50000
INFO     Iterations 12: 49000
INFO     Iterations 15: 49000
INFO     Iterations 14: 44000
INFO     Iterations 13: 50000
INFO     Iterations 16: 46000
INFO     Iterations 18: 45000
INFO     Iterations 19: 50000
INFO     Iterations 21: 38000
INFO     Iterations 17: 45000
INFO     Iterations 20: 46000
INFO     Iterations 22: 45000
INFO     Iterations 23: 46000
INFO     Iterations 24: 47000
INFO     Iterations 26: 39000
INFO     Iterations 25: 43000
INFO     Iterations 27: 46000
INFO     Iterations 28: 49000
INFO     Iterations 29: 46000
INFO     Iterations 30: 43000
INFO     Iterations 31: 45000
INFO     Policy 0: drainpunch visited 29.54% avg_score=0.356 sample_chance_multiplier=0.031
INFO     Policy 1: drainpunch visited 36.71% avg_score=0.373 sample_chance_multiplier=0.031
INFO     Policy 2: drainpunch visited 34.42% avg_score=0.377 sample_chance_multiplier=0.031
INFO     Policy 3: drainpunch visited 45.65% avg_score=0.392 sample_chance_multiplier=0.031
INFO     Policy 4: drainpunch visited 32.77% avg_score=0.358 sample_chance_multiplier=0.031
INFO     Policy 5: drainpunch visited 45.36% avg_score=0.391 sample_chance_multiplier=0.031
INFO     Policy 6: drainpunch visited 43.16% avg_score=0.381 sample_chance_multiplier=0.031
INFO     Policy 7: drainpunch visited 47.75% avg_score=0.396 sample_chance_multiplier=0.031
INFO     Policy 8: drainpunch visited 37.69% avg_score=0.384 sample_chance_multiplier=0.031
INFO     Policy 9: drainpunch visited 33.06% avg_score=0.382 sample_chance_multiplier=0.031
INFO     Policy 10: drainpunch visited 40.66% avg_score=0.389 sample_chance_multiplier=0.031
INFO     Policy 11: drainpunch visited 44.17% avg_score=0.388 sample_chance_multiplier=0.031
INFO     Policy 12: drainpunch visited 38.75% avg_score=0.377 sample_chance_multiplier=0.031
INFO     Policy 13: drainpunch visited 45.31% avg_score=0.394 sample_chance_multiplier=0.031
INFO     Policy 14: drainpunch visited 30.8% avg_score=0.381 sample_chance_multiplier=0.031
INFO     Policy 15: drainpunch visited 43.38% avg_score=0.391 sample_chance_multiplier=0.031
INFO     Policy 16: drainpunch visited 40.93% avg_score=0.392 sample_chance_multiplier=0.031
INFO     Policy 17: drainpunch visited 38.19% avg_score=0.394 sample_chance_multiplier=0.031
INFO     Policy 18: drainpunch visited 37.26% avg_score=0.382 sample_chance_multiplier=0.031
INFO     Policy 19: drainpunch visited 39.35% avg_score=0.381 sample_chance_multiplier=0.031
INFO     Policy 20: drainpunch visited 49.69% avg_score=0.416 sample_chance_multiplier=0.031
INFO     Policy 21: switch hatterene visited 23.26% avg_score=0.347 sample_chance_multiplier=0.031
INFO     Policy 22: drainpunch visited 52.71% avg_score=0.417 sample_chance_multiplier=0.031
INFO     Policy 23: drainpunch visited 33.54% avg_score=0.38 sample_chance_multiplier=0.031
INFO     Policy 24: drainpunch visited 29.91% avg_score=0.36 sample_chance_multiplier=0.031
INFO     Policy 25: drainpunch visited 28.14% avg_score=0.376 sample_chance_multiplier=0.031
INFO     Policy 26: drainpunch visited 44.87% avg_score=0.4 sample_chance_multiplier=0.031
INFO     Policy 27: drainpunch visited 42.84% avg_score=0.393 sample_chance_multiplier=0.031
INFO     Policy 28: drainpunch visited 29.6% avg_score=0.353 sample_chance_multiplier=0.031
INFO     Policy 29: drainpunch visited 32.79% avg_score=0.376 sample_chance_multiplier=0.031
INFO     Policy 30: drainpunch visited 42.87% avg_score=0.392 sample_chance_multiplier=0.031
INFO     Policy 31: drainpunch visited 43.3% avg_score=0.391 sample_chance_multiplier=0.031
INFO     Considered Choices:
INFO     	38.667%: drainpunch
INFO     Choice: drainpunch
INFO     Updated tatsugiri's min speed to 117
INFO     tatsugiri used a water move, removing watergem from possible items
INFO     Setting tatsugiri's last used move: hydropump
INFO     tatsugiri used a damaging move - not guessing lifeorb anymore
INFO     gurdurr already has the move drainpunch. Decrementing the PP by 1
INFO     gurdurr used a fighting move, removing fightinggem from possible items
INFO     Setting gurdurr's last used move: drainpunch
INFO     gurdurr did 43.0% damage to tatsugiri with drainpunch
INFO     tatsugiri has less than maxhp during upkeep, no longer guessing leftovers or blacksludge
INFO     
INFO     Turn: 5
INFO     Sampling battle 0
INFO     	      tatsugiri   stormdrain heavydutyboots [dracometeor, hydropump, nastyplot, rapidspin] ttype=steel
INFO     Sampling 4 unrevealed pokemon
INFO     	      regieleki   transistor       magnet [explosion, rapidspin, thunderbolt, voltswitch] ttype=electric
INFO     	      infernape     ironfist      lifeorb [closecombat, knockoff, machpunch, overheat] ttype=fire
INFO     	   arceusdragon    multitype   dracoplate [flareblitz, heavyslam, outrage, swordsdance] ttype=fire
INFO     	      azumarill    hugepower   choiceband [aquajet, liquidation, playrough, superpower] ttype=water
INFO     Sampling battle 1
INFO     	      tatsugiri   stormdrain heavydutyboots [dracometeor, hydropump, nastyplot, rapidspin] ttype=water
INFO     Sampling 4 unrevealed pokemon
INFO     	       necrozma   prismarmor weaknesspolicy [dragondance, earthquake, knockoff, photongeyser] ttype=steel
INFO     	          rotom     levitate      lifeorb [nastyplot, shadowball, thunderbolt, willowisp] ttype=electric
INFO     	        jirachi  serenegrace    leftovers [ironhead, protect, psychic, wish] ttype=water
INFO     	        toxapex  regenerator    leftovers [haze, liquidation, recover, toxic] ttype=steel
INFO     Sampling battle 2
INFO     	      tatsugiri   stormdrain heavydutyboots [dracometeor, hydropump, nastyplot, rapidspin] ttype=water
INFO     Sampling 4 unrevealed pokemon
INFO     	      arceusbug    multitype  insectplate [calmmind, fireblast, judgment, recover] ttype=fire
INFO     	     annihilape      defiant    leftovers [bulkup, drainpunch, gunkshot, ragefist] ttype=steel
INFO     	       appletun     thickfat    leftovers [appleacid, dragonpulse, dragontail, recover] ttype=steel
INFO     	       tornadus      defiant  choicespecs [bleakwindstorm, grassknot, heatwave, uturn] ttype=fire
INFO     Sampling battle 3
INFO     	      tatsugiri   stormdrain heavydutyboots [dracometeor, hydropump, nastyplot, rapidspin] ttype=steel
INFO     Sampling 4 unrevealed pokemon
INFO     	       cacturne  waterabsorb      lifeorb [knockoff, seedbomb, suckerpunch, swordsdance] ttype=poison
INFO     	       giratina     pressure    leftovers [dragontail, rest, shadowball, sleeptalk] ttype=fairy
INFO     	      dunsparce  serenegrace     eviolite [bodyslam, coil, earthquake, roost] ttype=ghost
INFO     	       necrozma   prismarmor      lifeorb [dragondance, earthquake, knockoff, photongeyser] ttype=steel
INFO     Sampling battle 4
INFO     	      tatsugiri   stormdrain heavydutyboots [dracometeor, hydropump, nastyplot, rapidspin] ttype=water
INFO     Sampling 4 unrevealed pokemon
INFO     	      piloswine     thickfat     eviolite [earthquake, iciclecrash, roar, stealthrock] ttype=poison
INFO     	        kleavor    sharpness   choiceband [closecombat, stoneaxe, uturn, xscissor] ttype=bug
INFO     	        slowbro  regenerator    leftovers [bodypress, irondefense, scald, slackoff] ttype=fighting
INFO     	         goodra    sapsipper  assaultvest [dracometeor, powerwhip, scald, sludgebomb] ttype=steel
INFO     Sampling battle 5
INFO     	      tatsugiri   stormdrain heavydutyboots [dracometeor, hydropump, nastyplot, rapidspin] ttype=steel
INFO     Sampling 4 unrevealed pokemon
INFO     	      arceusice    multitype  icicleplate [calmmind, earthpower, judgment, recover] ttype=ground
INFO     	        flareon         guts     toxicorb [facade, flareblitz, quickattack, trailblaze] ttype=normal
INFO     	zamazentacrowned dauntlessshield rustedshield [bodypress, heavyslam, irondefense, stoneedge] ttype=ghost
INFO     	       grafaiai  poisontouch      lifeorb [gunkshot, knockoff, lowkick, swordsdance] ttype=dark
INFO     Sampling battle 6
INFO     	      tatsugiri   stormdrain heavydutyboots [dracometeor, hydropump, nastyplot, rapidspin] ttype=steel
INFO     Sampling 4 unrevealed pokemon
INFO     	      primarina  liquidvoice    leftovers [calmmind, drainingkiss, moonblast, psychicnoise] ttype=steel
INFO     	        avalugg       sturdy heavydutyboots [avalanche, bodypress, rapidspin, recover] ttype=fighting
INFO     	       rotomfan     levitate heavydutyboots [airslash, nastyplot, thunderbolt, thunderwave] ttype=electric
INFO     	         zacian intrepidsword      lifeorb [closecombat, crunch, playrough, swordsdance] ttype=fighting
INFO     Sampling battle 7
INFO     	      tatsugiri   stormdrain heavydutyboots [dracometeor, hydropump, nastyplot, rapidspin] ttype=steel
INFO     Sampling 4 unrevealed pokemon
INFO     	        morpeko hungerswitch heavydutyboots [aurawheel, partingshot, protect, rapidspin] ttype=electric
INFO     	       greedent   cheekpouch  sitrusberry [bodyslam, earthquake, knockoff, swordsdance] ttype=ghost
INFO     	       ironmoth   quarkdrive heavydutyboots [energyball, fireblast, sludgewave, toxicspikes] ttype=grass
INFO     	       jumpluff  infiltrator              [acrobatics, sleeppowder, strengthsap, uturn] ttype=steel
INFO     Sampling battle 8
INFO     	      tatsugiri   stormdrain heavydutyboots [dracometeor, hydropump, nastyplot, rapidspin] ttype=water
INFO     Sampling 4 unrevealed pokemon
INFO     	       vikavolt     levitate heavydutyboots [bugbuzz, discharge, energyball, stickyweb] ttype=electric
INFO     	    gougingfire protosynthesis heavydutyboots [dragondance, heatcrash, morningsun, outrage] ttype=fairy
INFO     	        darkrai    baddreams      lifeorb [darkpulse, focusblast, nastyplot, sludgebomb] ttype=poison
INFO     	      infernape        blaze      lifeorb [closecombat, knockoff, overheat, stoneedge] ttype=fighting
INFO     Sampling battle 9
INFO     	      tatsugiri   stormdrain heavydutyboots [dracometeor, hydropump, nastyplot, rapidspin] ttype=steel
INFO     Sampling 4 unrevealed pokemon
INFO     	 oricoriopompom       dancer heavydutyboots [hurricane, quiverdance, revelationdance, roost] ttype=ground
INFO     	         gogoat    sapsipper    leftovers [bulkup, earthquake, hornleech, milkdrink] ttype=ground
INFO     	    walkingwake protosynthesis  choicespecs [dracometeor, flamethrower, flipturn, hydropump] ttype=water
INFO     	      reuniclus   magicguard      lifeorb [calmmind, focusblast, psychic, recover] ttype=steel
INFO     Sampling battle 10
INFO     	      tatsugiri   stormdrain heavydutyboots [dracometeor, hydropump, nastyplot, rapidspin] ttype=water
INFO     Sampling 4 unrevealed pokemon
INFO     	       ursaring    quickfeet     toxicorb [closecombat, facade, swordsdance, throatchop] ttype=normal
INFO     	           uxie     levitate    leftovers [knockoff, psychicnoise, thunderwave, uturn] ttype=steel
INFO     	         minior  shieldsdown    whiteherb [acrobatics, earthquake, powergem, shellsmash] ttype=flying
INFO     	     baxcalibur thermalexchange heavydutyboots [dragondance, earthquake, glaiverush, iciclecrash] ttype=dragon
INFO     Sampling battle 11
INFO     	      tatsugiri   stormdrain heavydutyboots [dracometeor, hydropump, nastyplot, rapidspin] ttype=water
INFO     Sampling 4 unrevealed pokemon
INFO     	       politoed      drizzle    leftovers [haze, hypnosis, icebeam, surf] ttype=steel
INFO     	zamazentacrowned dauntlessshield rustedshield [bodypress, heavyslam, irondefense, stoneedge] ttype=fighting
INFO     	      staraptor     reckless   choiceband [bravebird, closecombat, quickattack, uturn] ttype=flying
INFO     	    deoxysspeed     pressure    leftovers [psychoboost, spikes, stealthrock, taunt] ttype=steel
INFO     Sampling battle 12
INFO     	      tatsugiri   stormdrain heavydutyboots [dracometeor, hydropump, nastyplot, rapidspin] ttype=water
INFO     Sampling 4 unrevealed pokemon
INFO     	 arceusfighting    multitype    fistplate [bodypress, irondefense, recover, shadowball] ttype=steel
INFO     	      gholdengo   goodasgold  choicescarf [focusblast, makeitrain, shadowball, trick] ttype=fighting
INFO     	      indeedeef psychicsurge  choicescarf [dazzlinggleam, healingwish, hypervoice, psyshock] ttype=psychic
INFO     	        toxapex  regenerator    leftovers [haze, liquidation, recover, toxic] ttype=flying
INFO     Sampling battle 13
INFO     	      tatsugiri   stormdrain heavydutyboots [dracometeor, hydropump, nastyplot, rapidspin] ttype=water
INFO     Sampling 4 unrevealed pokemon
INFO     	         pyroar      unnerve heavydutyboots [darkpulse, fireblast, hypervoice, taunt] ttype=fire
INFO     	     ironbundle   quarkdrive  choicespecs [flipturn, freezedry, hydropump, icebeam] ttype=water
INFO     	         pawmot     ironfist      lifeorb [closecombat, doubleshock, icepunch, revivalblessing] ttype=electric
INFO     	        okidogi   toxicchain  assaultvest [drainpunch, gunkshot, knockoff, psychicfangs] ttype=dark
INFO     Sampling battle 14
INFO     	      tatsugiri   stormdrain heavydutyboots [dracometeor, hydropump, nastyplot, rapidspin] ttype=steel
INFO     Sampling 4 unrevealed pokemon
INFO     	   greninjabond   battlebond      lifeorb [darkpulse, gunkshot, hydropump, icebeam] ttype=water
INFO     	     shayminsky  serenegrace    leftovers [airslash, leechseed, seedflare, substitute] ttype=steel
INFO     	      bellibolt electromorphosis    leftovers [muddywater, slackoff, thunderbolt, voltswitch] ttype=electric
INFO     	       clefable      unaware    leftovers [calmmind, fireblast, moonblast, moonlight] ttype=steel
INFO     Sampling battle 15
INFO     	      tatsugiri   stormdrain heavydutyboots [dracometeor, hydropump, nastyplot, rapidspin] ttype=water
INFO     Sampling 4 unrevealed pokemon
INFO     	     irontreads   quarkdrive    leftovers [earthquake, ironhead, rapidspin, stealthrock] ttype=dragon
INFO     	      araquanid  waterbubble heavydutyboots [hydropump, leechlife, liquidation, stickyweb] ttype=water
INFO     	         goodra    sapsipper  assaultvest [dracometeor, earthquake, powerwhip, sludgebomb] ttype=grass
INFO     	        snorlax     thickfat  chestoberry [bodyslam, curse, earthquake, rest] ttype=ground
INFO     Searching for a move using MCTS...
INFO     Sampling 16 battles at 500ms each
INFO     Iterations 0: 102000
INFO     Iterations 6: 88000
INFO     Iterations 3: 102000
INFO     Iterations 1: 105000
INFO     Iterations 2: 104000
INFO     Iterations 7: 104000
INFO     Iterations 4: 105000
INFO     Iterations 5: 104000
INFO     Iterations 8: 85000
INFO     Iterations 9: 86000
INFO     Iterations 12: 90000
INFO     Iterations 10: 91000
INFO     Iterations 11: 90000
INFO     Iterations 14: 81000
INFO     Iterations 13: 86000
INFO     Iterations 15: 89000
INFO     Policy 0: switch gengar visited 33.48% avg_score=0.479 sample_chance_multiplier=0.062
INFO     Policy 1: drainpunch visited 41.46% avg_score=0.427 sample_chance_multiplier=0.062
INFO     Policy 2: drainpunch visited 43.13% avg_score=0.452 sample_chance_multiplier=0.062
INFO     Policy 3: drainpunch visited 43.45% avg_score=0.474 sample_chance_multiplier=0.062
INFO     Policy 4: drainpunch visited 53.84% avg_score=0.481 sample_chance_multiplier=0.062
INFO     Policy 5: drainpunch visited 52.15% avg_score=0.459 sample_chance_multiplier=0.062
INFO     Policy 6: switch gengar visited 57.81% avg_score=0.455 sample_chance_multiplier=0.062
INFO     Policy 7: drainpunch visited 68.78% avg_score=0.496 sample_chance_multiplier=0.062
INFO     Policy 8: drainpunch visited 50.09% avg_score=0.468 sample_chance_multiplier=0.062
INFO     Policy 9: drainpunch visited 41.3% avg_score=0.462 sample_chance_multiplier=0.062
INFO     Policy 10: drainpunch visited 72.28% avg_score=0.505 sample_chance_multiplier=0.062
INFO     Policy 11: drainpunch visited 57.31% avg_score=0.482 sample_chance_multiplier=0.062
INFO     Policy 12: drainpunch visited 51.76% avg_score=0.483 sample_chance_multiplier=0.062
INFO     Policy 13: drainpunch visited 39.45% avg_score=0.438 sample_chance_multiplier=0.062
INFO     Policy 14: drainpunch visited 39.57% avg_score=0.464 sample_chance_multiplier=0.062
INFO     Policy 15: drainpunch visited 34.92% avg_score=0.45 sample_chance_multiplier=0.062
INFO     Considered Choices:
INFO     	45.675%: drainpunch
INFO     Choice: drainpunch
INFO     Updated tatsugiri's min speed to 117
INFO     tatsugiri used two different moves - it cannot have a choice item
INFO     tatsugiri used a dragon move, removing dragongem from possible items
INFO     Setting tatsugiri's last used move: dracometeor
INFO     tatsugiri used a damaging move - not guessing lifeorb anymore
INFO     tatsugiri did 61.129999999999995% damage to gurdurr with dracometeor
INFO     tatsugiri's special-attack was unboosted by 2 to -2
INFO     tatsugiri has less than maxhp during upkeep, no longer guessing leftovers or blacksludge
INFO     Sampling battle 0
INFO     	      tatsugiri   stormdrain heavydutyboots [dracometeor, hydropump, nastyplot, rapidspin] ttype=steel
INFO     Sampling 4 unrevealed pokemon
INFO     	        heatran    flashfire   airballoon [earthpower, heavyslam, lavaplume, stealthrock] ttype=flying
INFO     	      tyranitar   sandstream weaknesspolicy [dragondance, icepunch, knockoff, stoneedge] ttype=ghost
INFO     	      hippowdon   sandstream  rockyhelmet [earthquake, slackoff, stealthrock, whirlwind] ttype=rock
INFO     	        slowbro  regenerator    leftovers [bodypress, irondefense, scald, slackoff] ttype=fighting
INFO     Sampling battle 1
INFO     	      tatsugiri   stormdrain heavydutyboots [dracometeor, hydropump, nastyplot, rapidspin] ttype=water
INFO     Sampling 4 unrevealed pokemon
INFO     	 lilliganthisui       hustle      lifeorb [closecombat, icespinner, leafblade, victorydance] ttype=fighting
INFO     	enamorustherian     overcoat weaknesspolicy [agility, earthpower, moonblast, superpower] ttype=ground
INFO     	       skuntank    aftermath    focussash [gunkshot, knockoff, suckerpunch, toxicspikes] ttype=poison
INFO     	     arceusrock    multitype   stoneplate [dragondance, earthquake, recover, stoneedge] ttype=ground
INFO     Sampling battle 2
INFO     	      tatsugiri   stormdrain heavydutyboots [dracometeor, hydropump, nastyplot, rapidspin] ttype=steel
INFO     Sampling 4 unrevealed pokemon
INFO     	         palkia     pressure  choicescarf [dracometeor, fireblast, hydropump, spacialrend] ttype=fire
INFO     	       frosmoth    icescales heavydutyboots [bugbuzz, icebeam, quiverdance, terablast] ttype=ground
INFO     	        flamigo      scrappy      lifeorb [bravebird, closecombat, swordsdance, throatchop] ttype=fighting
INFO     	       granbull   intimidate    leftovers [earthquake, playrough, roar, thunderwave] ttype=ground
INFO     Sampling battle 3
INFO     	      tatsugiri   stormdrain heavydutyboots [dracometeor, hydropump, nastyplot, rapidspin] ttype=steel
INFO     Sampling 4 unrevealed pokemon
INFO     	       meganium     overgrow    leftovers [earthquake, knockoff, petalblizzard, swordsdance] ttype=steel
INFO     	        shaymin  naturalcure    leftovers [airslash, leechseed, seedflare, substitute] ttype=steel
INFO     	      blastoise      torrent    whiteherb [earthquake, hydropump, icebeam, shellsmash] ttype=steel
INFO     	      regieleki   transistor       magnet [explosion, rapidspin, thunderbolt, voltswitch] ttype=electric
INFO     Sampling battle 4
INFO     	      tatsugiri   stormdrain heavydutyboots [dracometeor, hydropump, nastyplot, rapidspin] ttype=water
INFO     Sampling 4 unrevealed pokemon
INFO     	       porygon2     download     eviolite [recover, shadowball, terablast, thunderwave] ttype=fairy
INFO     	    meowscarada      protean   choiceband [flowertrick, knockoff, tripleaxel, uturn] ttype=dark
INFO     	    oricoriopau       dancer heavydutyboots [hurricane, quiverdance, revelationdance, roost] ttype=ground
INFO     	       braviary      defiant heavydutyboots [bravebird, bulkup, closecombat, roost] ttype=steel
INFO     Sampling battle 5
INFO     	      tatsugiri   stormdrain heavydutyboots [dracometeor, hydropump, nastyplot, rapidspin] ttype=water
INFO     Sampling 4 unrevealed pokemon
INFO     	      terapagos    terashift  chestoberry [calmmind, earthpower, rest, terastarstorm] ttype=stellar
INFO     	       cloyster    skilllink    whiteherb [hydropump, iciclespear, rockblast, shellsmash] ttype=rock
INFO     	       clefable   magicguard      lifeorb [fireblast, moonblast, moonlight, thunderwave] ttype=poison
INFO     	       skarmory       sturdy  rockyhelmet [bodypress, bravebird, roost, spikes] ttype=fighting
INFO     Sampling battle 6
INFO     	      tatsugiri   stormdrain heavydutyboots [dracometeor, hydropump, nastyplot, rapidspin] ttype=water
INFO     Sampling 4 unrevealed pokemon
INFO     	          arbok   intimidate    leftovers [coil, earthquake, gunkshot, trailblaze] ttype=grass
INFO     	       enamorus     contrary    leftovers [playrough, substitute, superpower, taunt] ttype=fighting
INFO     	      abomasnow  snowwarning    lightclay [auroraveil, blizzard, earthquake, woodhammer] ttype=ghost
INFO     	        manaphy    hydration    leftovers [energyball, icebeam, surf, tailglow] ttype=grass
INFO     Sampling battle 7
INFO     	      tatsugiri   stormdrain heavydutyboots [dracometeor, hydropump, nastyplot, rapidspin] ttype=steel
INFO     Sampling 4 unrevealed pokemon
INFO     	       glimmora  toxicdebris    powerherb [earthpower, energyball, meteorbeam, sludgewave] ttype=grass
INFO     	      piloswine     thickfat     eviolite [earthquake, iciclecrash, roar, stealthrock] ttype=dragon
INFO     	       bronzong     levitate    leftovers [bodypress, irondefense, ironhead, psychicnoise] ttype=fighting
INFO     	   arceusground    multitype   earthplate [dragondance, earthquake, recover, stoneedge] ttype=ground
INFO     Sampling battle 8
INFO     	      tatsugiri   stormdrain heavydutyboots [dracometeor, hydropump, nastyplot, rapidspin] ttype=steel
INFO     Sampling 4 unrevealed pokemon
INFO     	taurospaldeacombat   intimidate      lifeorb [bulkup, closecombat, stoneedge, throatchop] ttype=dark
INFO     	     chesnaught  bulletproof    leftovers [bodypress, irondefense, synthesis, trailblaze] ttype=steel
INFO     	       rotommow     levitate  choicescarf [leafstorm, thunderbolt, trick, voltswitch] ttype=electric
INFO     	          chiyu  beadsofruin heavydutyboots [darkpulse, fireblast, nastyplot, willowisp] ttype=fire
INFO     Sampling battle 9
INFO     	      tatsugiri   stormdrain heavydutyboots [dracometeor, hydropump, nastyplot, rapidspin] ttype=steel
INFO     Sampling 4 unrevealed pokemon
INFO     	        luvdisc    swiftswim heavydutyboots [endeavor, flipturn, substitute, surf] ttype=ghost
INFO     	         pawmot     ironfist      lifeorb [closecombat, doubleshock, icepunch, revivalblessing] ttype=electric
INFO     	      bastiodon   soundproof  chestoberry [bodypress, foulplay, irondefense, rest] ttype=fighting
INFO     	      spiritomb  infiltrator    leftovers [foulplay, painsplit, poltergeist, shadowsneak] ttype=poison
INFO     Sampling battle 10
INFO     	      tatsugiri   stormdrain heavydutyboots [dracometeor, hydropump, nastyplot, rapidspin] ttype=water
INFO     Sampling 4 unrevealed pokemon
INFO     	       virizion    justified      lifeorb [closecombat, leafblade, stoneedge, swordsdance] ttype=rock
INFO     	    dudunsparce  serenegrace    leftovers [earthquake, glare, headbutt, roost] ttype=ground
INFO     	      cresselia     levitate    leftovers [calmmind, moonlight, psyshock, thunderbolt] ttype=electric
INFO     	squawkabillyblue         guts     flameorb [bravebird, facade, protect, quickattack] ttype=normal
INFO     Sampling battle 11
INFO     	      tatsugiri   stormdrain heavydutyboots [dracometeor, hydropump, nastyplot, rapidspin] ttype=steel
INFO     Sampling 4 unrevealed pokemon
INFO     	      regidrago   dragonsmaw     lumberry [dracometeor, dragondance, earthquake, outrage] ttype=dragon
INFO     	      toucannon      keeneye heavydutyboots [beakblast, boomburst, knockoff, roost] ttype=steel
INFO     	typhlosionhisui        blaze heavydutyboots [calmmind, fireblast, focusblast, shadowball] ttype=fighting
INFO     	        carbink    clearbody  chestoberry [bodypress, irondefense, moonblast, rest] ttype=fighting
INFO     Sampling battle 12
INFO     	      tatsugiri   stormdrain heavydutyboots [dracometeor, hydropump, nastyplot, rapidspin] ttype=steel
INFO     Sampling 4 unrevealed pokemon
INFO     	       meloetta  serenegrace      lifeorb [closecombat, knockoff, relicsong, tripleaxel] ttype=dark
INFO     	    kyuremblack     teravolt   loadeddice [dragondance, fusionbolt, iciclespear, scaleshot] ttype=electric
INFO     	 lilliganthisui       hustle     widelens [closecombat, icespinner, leafblade, victorydance] ttype=fighting
INFO     	        manaphy    hydration    leftovers [energyball, icebeam, surf, tailglow] ttype=grass
INFO     Sampling battle 13
INFO     	      tatsugiri   stormdrain heavydutyboots [dracometeor, hydropump, nastyplot, rapidspin] ttype=steel
INFO     Sampling 4 unrevealed pokemon
INFO     	       virizion    justified      lifeorb [closecombat, leafblade, stoneedge, swordsdance] ttype=rock
INFO     	      ninetales      drought heavydutyboots [fireblast, nastyplot, scorchingsands, solarbeam] ttype=grass
INFO     	    oinkolognef     thickfat    leftovers [bodyslam, curse, highhorsepower, lashout] ttype=ground
INFO     	   avalugghisui       sturdy heavydutyboots [avalanche, bodypress, recover, stoneedge] ttype=flying
INFO     Sampling battle 14
INFO     	      tatsugiri   stormdrain heavydutyboots [dracometeor, hydropump, nastyplot, rapidspin] ttype=steel
INFO     Sampling 4 unrevealed pokemon
INFO     	        zoroark     illusion      lifeorb [darkpulse, nastyplot, psychic, sludgebomb] ttype=poison
INFO     	        grumpig     thickfat  choicescarf [focusblast, psyshock, shadowball, trick] ttype=fighting
INFO     	       mukalola  poisontouch  assaultvest [drainpunch, icepunch, knockoff, poisonjab] ttype=fighting
INFO     	  arcaninehisui     rockhead   choiceband [closecombat, extremespeed, flareblitz, headsmash] ttype=fire
INFO     Sampling battle 15
INFO     	      tatsugiri   stormdrain heavydutyboots [dracometeor, hydropump, nastyplot, rapidspin] ttype=steel
INFO     Sampling 4 unrevealed pokemon
INFO     	          ditto     imposter  choicescarf [transform] ttype=steel
INFO     	     ironthorns   quarkdrive  assaultvest [earthquake, stoneedge, voltswitch, wildcharge] ttype=flying
INFO     	       froslass   cursedbody     widelens [destinybond, poltergeist, spikes, tripleaxel] ttype=ice
INFO     	   squawkabilly         guts     flameorb [bravebird, facade, protect, quickattack] ttype=normal
INFO     Searching for a move using MCTS...
INFO     Sampling 16 battles at 500ms each
INFO     Iterations 7: 132000
INFO     Iterations 5: 137000
INFO     Iterations 6: 137000
INFO     Iterations 4: 141000
INFO     Iterations 1: 143000
INFO     Iterations 3: 140000
INFO     Iterations 0: 134000
INFO     Iterations 2: 129000
INFO     Iterations 8: 128000
INFO     Iterations 10: 138000
INFO     Iterations 9: 162000
INFO     Iterations 14: 135000
INFO     Iterations 13: 124000
INFO     Iterations 11: 132000
INFO     Iterations 12: 146000
INFO     Iterations 15: 153000
INFO     Policy 0: switch drednaw visited 98.91% avg_score=0.619 sample_chance_multiplier=0.062
INFO     Policy 1: switch gengar visited 47.29% avg_score=0.388 sample_chance_multiplier=0.062
INFO     Policy 2: switch hatterene visited 85.12% avg_score=0.472 sample_chance_multiplier=0.062
INFO     Policy 3: switch gengar visited 58.18% avg_score=0.517 sample_chance_multiplier=0.062
INFO     Policy 4: switch drednaw visited 98.9% avg_score=0.644 sample_chance_multiplier=0.062
INFO     Policy 5: switch drednaw visited 97.01% avg_score=0.535 sample_chance_multiplier=0.062
INFO     Policy 6: switch drednaw visited 98.49% avg_score=0.583 sample_chance_multiplier=0.062
INFO     Policy 7: switch drednaw visited 97.87% avg_score=0.523 sample_chance_multiplier=0.062
INFO     Policy 8: switch gengar visited 98.01% avg_score=0.59 sample_chance_multiplier=0.062
INFO     Policy 9: switch hatterene visited 91.2% avg_score=0.502 sample_chance_multiplier=0.062
INFO     Policy 10: switch gengar visited 89.17% avg_score=0.426 sample_chance_multiplier=0.062
INFO     Policy 11: switch drednaw visited 97.68% avg_score=0.537 sample_chance_multiplier=0.062
INFO     Policy 12: switch hatterene visited 61.7% avg_score=0.556 sample_chance_multiplier=0.062
INFO     Policy 13: switch gengar visited 81.64% avg_score=0.44 sample_chance_multiplier=0.062
INFO     Policy 14: switch drednaw visited 98.97% avg_score=0.633 sample_chance_multiplier=0.062
INFO     Policy 15: switch drednaw visited 99.21% avg_score=0.716 sample_chance_multiplier=0.062
INFO     Considered Choices:
INFO     	53.593%: switch drednaw
INFO     Choice: switch drednaw
INFO     drednaw switched in, adding intimidate to impossible abilities
INFO     drednaw switched in, adding pressure to impossible abilities
INFO     drednaw switched in, adding neutralizinggas to impossible abilities
INFO     drednaw switched in, adding sandstream to impossible abilities
INFO     drednaw switched in, adding drought to impossible abilities
INFO     drednaw switched in, adding drizzle to impossible abilities
INFO     drednaw switched in, adding snowwarning to impossible abilities
INFO     drednaw switched in, adding boosterenergy to impossible items
INFO     drednaw switched in, adding airballoon to impossible items
INFO     
INFO     Turn: 6
INFO     Sampling battle 0
INFO     	      tatsugiri   stormdrain heavydutyboots [dracometeor, hydropump, nastyplot, rapidspin] ttype=steel
INFO     Sampling 4 unrevealed pokemon
INFO     	      metagross    clearbody   choiceband [bulletpunch, earthquake, heavyslam, knockoff] ttype=water
INFO     	        malamar     contrary  chestoberry [knockoff, psychocut, rest, superpower] ttype=poison
INFO     	       delibird       hustle heavydutyboots [bravebird, drillrun, iceshard, icespinner] ttype=ground
INFO     	        golduck    cloudnine      lifeorb [grassknot, hydropump, icebeam, nastyplot] ttype=grass
INFO     Sampling battle 1
INFO     	      tatsugiri   stormdrain heavydutyboots [dracometeor, hydropump, nastyplot, rapidspin] ttype=water
INFO     Sampling 4 unrevealed pokemon
INFO     	    barraskewda    swiftswim   choiceband [closecombat, flipturn, psychicfangs, waterfall] ttype=fighting
INFO     	  braviaryhisui   sheerforce      lifeorb [agility, heatwave, hurricane, psychic] ttype=fire
INFO     	         zacian intrepidsword   choiceband [closecombat, crunch, playrough, psychicfangs] ttype=fighting
INFO     	    arceussteel    multitype    ironplate [calmmind, earthpower, judgment, recover] ttype=ghost
INFO     Sampling battle 2
INFO     	      tatsugiri   stormdrain heavydutyboots [dracometeor, hydropump, nastyplot, rapidspin] ttype=water
INFO     Sampling 4 unrevealed pokemon
INFO     	       whiscash    oblivious      lifeorb [dragondance, earthquake, liquidation, stoneedge] ttype=ground
INFO     	        malamar     contrary    leftovers [knockoff, rest, sleeptalk, superpower] ttype=poison
INFO     	       articuno     pressure heavydutyboots [bravebird, freezedry, haze, roost] ttype=ground
INFO     	        dipplin   stickyhold     eviolite [dragonpulse, gigadrain, recover, suckerpunch] ttype=steel
INFO     Sampling battle 3
INFO     	      tatsugiri   stormdrain heavydutyboots [dracometeor, hydropump, nastyplot, rapidspin] ttype=steel
INFO     Sampling 4 unrevealed pokemon
INFO     	       porygon2     download     eviolite [discharge, icebeam, recover, triattack] ttype=electric
INFO     	necrozmaduskmane   prismarmor weaknesspolicy [dragondance, earthquake, morningsun, sunsteelstrike] ttype=water
INFO     	        slowbro  regenerator    leftovers [bodypress, irondefense, scald, slackoff] ttype=fighting
INFO     	       rotomfan     levitate heavydutyboots [airslash, nastyplot, thunderbolt, thunderwave] ttype=electric
INFO     Sampling battle 4
INFO     	      tatsugiri   stormdrain heavydutyboots [dracometeor, hydropump, nastyplot, rapidspin] ttype=steel
INFO     Sampling 4 unrevealed pokemon
INFO     	         furret        frisk   choiceband [doubleedge, knockoff, trick, uturn] ttype=normal
INFO     	        torkoal      drought heavydutyboots [earthquake, lavaplume, solarbeam, stealthrock] ttype=grass
INFO     	      cinderace       libero heavydutyboots [courtchange, pyroball, uturn, willowisp] ttype=grass
INFO     	         mewtwo     pressure      lifeorb [fireblast, nastyplot, psystrike, recover] ttype=fire
INFO     Sampling battle 5
INFO     	      tatsugiri   stormdrain heavydutyboots [dracometeor, hydropump, nastyplot, rapidspin] ttype=water
INFO     Sampling 4 unrevealed pokemon
INFO     	       ampharos       static  choicespecs [dazzlinggleam, focusblast, thunderbolt, voltswitch] ttype=electric
INFO     	     ironthorns   quarkdrive boosterenergy [dragondance, icepunch, stoneedge, wildcharge] ttype=flying
INFO     	squawkabillywhite       hustle   choiceband [bravebird, doubleedge, foulplay, quickattack] ttype=flying
INFO     	       inteleon      torrent  choicespecs [hydropump, icebeam, scald, uturn] ttype=water
INFO     Sampling battle 6
INFO     	      tatsugiri   stormdrain heavydutyboots [dracometeor, hydropump, nastyplot, rapidspin] ttype=water
INFO     Sampling 4 unrevealed pokemon
INFO     	      primarina      torrent  choicespecs [flipturn, hydropump, moonblast, psychic] ttype=water
INFO     	         plusle lightningrod      lifeorb [alluringvoice, grassknot, nastyplot, thunderbolt] ttype=electric
INFO     	         regice    clearbody heavydutyboots [icebeam, rest, sleeptalk, thunderbolt] ttype=electric
INFO     	     forretress       sturdy    leftovers [bodypress, ironhead, rapidspin, spikes] ttype=fighting
INFO     Sampling battle 7
INFO     	      tatsugiri   stormdrain heavydutyboots [dracometeor, hydropump, nastyplot, rapidspin] ttype=water
INFO     Sampling 4 unrevealed pokemon
INFO     	      cramorant  gulpmissile heavydutyboots [bravebird, defog, roost, surf] ttype=ground
INFO     	landorustherian   intimidate    leftovers [earthquake, stealthrock, taunt, uturn] ttype=ground
INFO     	      regieleki   transistor       magnet [explosion, rapidspin, thunderbolt, voltswitch] ttype=electric
INFO     	       sneasler  poisontouch   choiceband [closecombat, direclaw, throatchop, uturn] ttype=fighting
INFO     Sampling battle 8
INFO     	      tatsugiri   stormdrain heavydutyboots [dracometeor, hydropump, nastyplot, rapidspin] ttype=steel
INFO     Sampling 4 unrevealed pokemon
INFO     	  deoxysdefense     pressure    leftovers [cosmicpower, nightshade, recover, storedpower] ttype=steel
INFO     	    stonjourner    powerspot      lifeorb [earthquake, heatcrash, rockpolish, stoneedge] ttype=ground
INFO     	   arceusflying    multitype     skyplate [calmmind, earthpower, judgment, recover] ttype=steel
INFO     	 giratinaorigin     levitate griseouscore [defog, dracometeor, dragontail, poltergeist] ttype=dragon
INFO     Sampling battle 9
INFO     	      tatsugiri   stormdrain heavydutyboots [dracometeor, hydropump, nastyplot, rapidspin] ttype=water
INFO     Sampling 4 unrevealed pokemon
INFO     	     irontreads   quarkdrive  assaultvest [earthquake, ironhead, rapidspin, voltswitch] ttype=ghost
INFO     	urshifurapidstrike   unseenfist  choicescarf [closecombat, icespinner, surgingstrikes, uturn] ttype=water
INFO     	     baxcalibur thermalexchange   choiceband [earthquake, glaiverush, iceshard, iciclecrash] ttype=dragon
INFO     	       rotomfan     levitate heavydutyboots [airslash, nastyplot, thunderbolt, willowisp] ttype=electric
INFO     Sampling battle 10
INFO     	      tatsugiri   stormdrain heavydutyboots [dracometeor, hydropump, nastyplot, rapidspin] ttype=steel
INFO     Sampling 4 unrevealed pokemon
INFO     	squawkabillyblue         guts     flameorb [bravebird, facade, quickattack, uturn] ttype=normal
INFO     	        wugtrio        gooey   choiceband [aquajet, liquidation, stompingtantrum, throatchop] ttype=dark
INFO     	  calyrexshadow asonespectrier      lifeorb [astralbarrage, nastyplot, pollenpuff, psyshock] ttype=dark
INFO     	         flygon     levitate   choiceband [earthquake, outrage, stoneedge, uturn] ttype=ground
INFO     Sampling battle 11
INFO     	      tatsugiri   stormdrain heavydutyboots [dracometeor, hydropump, nastyplot, rapidspin] ttype=water
INFO     Sampling 4 unrevealed pokemon
INFO     	      volcanion  waterabsorb  assaultvest [earthpower, flamecharge, flamethrower, steameruption] ttype=water
INFO     	typhlosionhisui        blaze  choicescarf [eruption, fireblast, focusblast, shadowball] ttype=fire
INFO     	        slaking       truant   choiceband [doubleedge, earthquake, gigaimpact, knockoff] ttype=ghost
INFO     	      hydrapple  regenerator  assaultvest [dragontail, earthpower, ficklebeam, leafstorm] ttype=steel
INFO     Sampling battle 12
INFO     	      tatsugiri   stormdrain heavydutyboots [dracometeor, hydropump, nastyplot, rapidspin] ttype=steel
INFO     Sampling 4 unrevealed pokemon
INFO     	      exeggutor      harvest  sitrusberry [leechseed, protect, psychicnoise, substitute] ttype=steel
INFO     	       illumise    prankster heavydutyboots [bugbuzz, encore, roost, thunderwave] ttype=water
INFO     	     arceusrock    multitype   stoneplate [calmmind, earthpower, judgment, recover] ttype=dragon
INFO     	      garganacl purifyingsalt    leftovers [earthquake, recover, saltcure, stealthrock] ttype=dragon
INFO     Sampling battle 13
INFO     	      tatsugiri   stormdrain heavydutyboots [dracometeor, hydropump, nastyplot, rapidspin] ttype=steel
INFO     Sampling 4 unrevealed pokemon
INFO     	       tinkaton  moldbreaker    leftovers [gigatonhammer, knockoff, playrough, swordsdance] ttype=steel
INFO     	    kyuremwhite   turboblaze  choicescarf [dracometeor, earthpower, freezedry, fusionflare] ttype=dragon
INFO     	      magmortar    flamebody heavydutyboots [earthquake, fireblast, focusblast, thunderbolt] ttype=electric
INFO     	  slowkinggalar  regenerator heavydutyboots [chillyreception, psychicnoise, slackoff, sludgebomb] ttype=fairy
INFO     Sampling battle 14
INFO     	      tatsugiri   stormdrain heavydutyboots [dracometeor, hydropump, nastyplot, rapidspin] ttype=water
INFO     Sampling 4 unrevealed pokemon
INFO     	      rotomwash     levitate    leftovers [discharge, hydropump, painsplit, voltswitch] ttype=steel
INFO     	   avalugghisui       sturdy heavydutyboots [avalanche, rapidspin, recover, stoneedge] ttype=flying
INFO     	      exeggutor      harvest  sitrusberry [leechseed, protect, psychicnoise, substitute] ttype=steel
INFO     	        banette     insomnia      lifeorb [gunkshot, poltergeist, shadowsneak, thunderwave] ttype=ghost
INFO     Sampling battle 15
INFO     	      tatsugiri   stormdrain heavydutyboots [dracometeor, hydropump, nastyplot, rapidspin] ttype=water
INFO     Sampling 4 unrevealed pokemon
INFO     	   persianalola      furcoat    leftovers [darkpulse, hypnosis, nastyplot, thunderbolt] ttype=electric
INFO     	    kilowattrel   voltabsorb heavydutyboots [discharge, hurricane, roost, uturn] ttype=steel
INFO     	    corviknight     pressure    leftovers [bodypress, bravebird, defog, roost] ttype=dragon
INFO     	        toxapex  regenerator  rockyhelmet [haze, liquidation, recover, toxicspikes] ttype=steel
INFO     Searching for a move using MCTS...
INFO     Sampling 16 battles at 500ms each
INFO     Iterations 4: 99000
INFO     Iterations 2: 100000
INFO     Iterations 1: 99000
INFO     Iterations 0: 102000
INFO     Iterations 6: 95000
INFO     Iterations 5: 90000
INFO     Iterations 3: 96000
INFO     Iterations 7: 98000
INFO     Iterations 8: 88000
INFO     Iterations 9: 79000
INFO     Iterations 12: 84000
INFO     Iterations 10: 92000
INFO     Iterations 11: 72000
INFO     Iterations 13: 79000
INFO     Iterations 14: 79000
INFO     Iterations 15: 76000
INFO     Policy 0: shellsmash visited 69.66% avg_score=0.543 sample_chance_multiplier=0.062
INFO     Policy 1: shellsmash visited 34.5% avg_score=0.328 sample_chance_multiplier=0.062
INFO     Policy 2: shellsmash-tera visited 80.0% avg_score=0.457 sample_chance_multiplier=0.062
INFO     Policy 3: shellsmash visited 86.3% avg_score=0.552 sample_chance_multiplier=0.062
INFO     Policy 4: shellsmash visited 95.34% avg_score=0.662 sample_chance_multiplier=0.062
INFO     Policy 5: shellsmash visited 43.67% avg_score=0.336 sample_chance_multiplier=0.062
INFO     Policy 6: shellsmash visited 85.19% avg_score=0.462 sample_chance_multiplier=0.062
INFO     Policy 7: shellsmash visited 53.84% avg_score=0.506 sample_chance_multiplier=0.062
INFO     Policy 8: shellsmash visited 89.22% avg_score=0.582 sample_chance_multiplier=0.062
INFO     Policy 9: switch hatterene visited 28.62% avg_score=0.38 sample_chance_multiplier=0.062
INFO     Policy 10: shellsmash visited 93.8% avg_score=0.645 sample_chance_multiplier=0.062
INFO     Policy 11: shellsmash visited 45.17% avg_score=0.326 sample_chance_multiplier=0.062
INFO     Policy 12: shellsmash visited 95.6% avg_score=0.701 sample_chance_multiplier=0.062
INFO     Policy 13: shellsmash visited 94.17% avg_score=0.631 sample_chance_multiplier=0.062
INFO     Policy 14: shellsmash visited 92.94% avg_score=0.638 sample_chance_multiplier=0.062
INFO     Policy 15: shellsmash visited 87.68% avg_score=0.505 sample_chance_multiplier=0.062
INFO     Considered Choices:
INFO     	68.326%: shellsmash
INFO     Choice: shellsmash
INFO     Updated tatsugiri's min speed to 167
INFO     tatsugiri already has the move dracometeor. Decrementing the PP by 1
INFO     tatsugiri used a dragon move, removing dragongem from possible items
INFO     Setting tatsugiri's last used move: dracometeor
INFO     tatsugiri used a damaging move - not guessing lifeorb anymore
INFO     tatsugiri did 41.010000000000005% damage to drednaw with dracometeor
INFO     tatsugiri's special-attack was unboosted by 2 to -4
INFO     drednaw already has the move shellsmash. Decrementing the PP by 1
INFO     drednaw using shellsmash makes it unlikely to have a choice item. Setting can_have_choice_item to False
INFO     drednaw used a status-move. Adding `assaultvest` to impossible items
INFO     Setting drednaw's last used move: shellsmash
INFO     drednaw's defense was unboosted by 1 to -1
INFO     drednaw's special-defense was unboosted by 1 to -1
INFO     drednaw's attack was boosted by 2 to 2
INFO     drednaw's special-attack was boosted by 2 to 2
INFO     drednaw's speed was boosted by 2 to 2
INFO     Removing drednaw's item: whiteherb
INFO     Setting drednaw's removed item to whiteherb
INFO     Setting drednaw's defense boost to 0
INFO     Setting drednaw's special-defense boost to 0
INFO     tatsugiri has less than maxhp during upkeep, no longer guessing leftovers or blacksludge
INFO     
INFO     Turn: 7
INFO     Sampling battle 0
INFO     	      tatsugiri   stormdrain heavydutyboots [dracometeor, hydropump, nastyplot, rapidspin] ttype=water
INFO     Sampling 4 unrevealed pokemon
INFO     	 sandslashalola    slushrush      lifeorb [earthquake, knockoff, swordsdance, tripleaxel] ttype=ground
INFO     	     skeledirge      unaware heavydutyboots [flamecharge, shadowball, slackoff, torchsong] ttype=water
INFO     	      regidrago   dragonsmaw      lifeorb [dragonclaw, dragondance, earthquake, terablast] ttype=steel
INFO     	        darkrai    baddreams      lifeorb [darkpulse, focusblast, nastyplot, sludgebomb] ttype=poison
INFO     Sampling battle 1
INFO     	      tatsugiri   stormdrain heavydutyboots [dracometeor, hydropump, nastyplot, rapidspin] ttype=steel
INFO     Sampling 4 unrevealed pokemon
INFO     	       vikavolt     levitate heavydutyboots [bugbuzz, stickyweb, thunderbolt, voltswitch] ttype=electric
INFO     	         zacian intrepidsword   choiceband [closecombat, playrough, psychicfangs, wildcharge] ttype=fighting
INFO     	       mudsdale      stamina    leftovers [earthquake, heavyslam, roar, stealthrock] ttype=steel
INFO     	       inteleon      torrent  choicespecs [hydropump, icebeam, scald, uturn] ttype=water
INFO     Sampling battle 2
INFO     	      tatsugiri   stormdrain heavydutyboots [dracometeor, hydropump, nastyplot, rapidspin] ttype=steel
INFO     Sampling 4 unrevealed pokemon
INFO     	      alomomola  regenerator    leftovers [flipturn, protect, scald, wish] ttype=poison
INFO     	         dodrio    earlybird   choiceband [bravebird, doubleedge, drillrun, knockoff] ttype=flying
INFO     	     arceusrock    multitype   stoneplate [calmmind, fireblast, judgment, recover] ttype=dragon
INFO     	    ironvaliant   quarkdrive      lifeorb [closecombat, knockoff, spiritbreak, swordsdance] ttype=dark
INFO     Sampling battle 3
INFO     	      tatsugiri   stormdrain heavydutyboots [dracometeor, hydropump, nastyplot, rapidspin] ttype=steel
INFO     Sampling 4 unrevealed pokemon
INFO     	     screamtail protosynthesis    leftovers [dazzlinggleam, encore, protect, wish] ttype=poison
INFO     	    deoxysspeed     pressure      lifeorb [darkpulse, focusblast, nastyplot, psychoboost] ttype=fighting
INFO     	       skuntank    aftermath      lifeorb [gunkshot, knockoff, suckerpunch, toxicspikes] ttype=dark
INFO     	      hitmontop   intimidate  assaultvest [closecombat, earthquake, rapidspin, suckerpunch] ttype=steel
INFO     Sampling battle 4
INFO     	      tatsugiri   stormdrain heavydutyboots [dracometeor, hydropump, nastyplot, rapidspin] ttype=steel
INFO     Sampling 4 unrevealed pokemon
INFO     	   moltresgalar      berserk  chestoberry [fierywrath, hurricane, nastyplot, rest] ttype=dark
INFO     	            muk  poisontouch    leftovers [gunkshot, haze, icepunch, knockoff] ttype=dark
INFO     	          golem       sturdy  custapberry [earthquake, explosion, stealthrock, stoneedge] ttype=steel
INFO     	        glaceon      icebody heavydutyboots [calmmind, freezedry, protect, wish] ttype=water
INFO     Sampling battle 5
INFO     	      tatsugiri   stormdrain heavydutyboots [dracometeor, hydropump, nastyplot, rapidspin] ttype=water
INFO     Sampling 4 unrevealed pokemon
INFO     	      hydrapple  regenerator    leftovers [ficklebeam, gigadrain, nastyplot, recover] ttype=steel
INFO     	         tinglu vesselofruin    leftovers [earthquake, spikes, throatchop, whirlwind] ttype=poison
INFO     	        bruxish    strongjaw      lifeorb [icefang, psychicfangs, swordsdance, wavecrash] ttype=psychic
INFO     	  braviaryhisui   tintedlens heavydutyboots [calmmind, esperwing, hurricane, roost] ttype=steel
INFO     Sampling battle 6
INFO     	      tatsugiri   stormdrain heavydutyboots [dracometeor, hydropump, nastyplot, rapidspin] ttype=steel
INFO     Sampling 4 unrevealed pokemon
INFO     	       greedent   cheekpouch  sitrusberry [bodyslam, earthquake, knockoff, swordsdance] ttype=ghost
INFO     	          lokix   tintedlens      lifeorb [firstimpression, knockoff, leechlife, suckerpunch] ttype=bug
INFO     	      regidrago   dragonsmaw     lumberry [dracometeor, dragondance, earthquake, outrage] ttype=dragon
INFO     	      meowsticf  competitive      lifeorb [darkpulse, nastyplot, psychic, thunderbolt] ttype=dark
INFO     Sampling battle 7
INFO     	      tatsugiri   stormdrain heavydutyboots [dracometeor, hydropump, nastyplot, rapidspin] ttype=steel
INFO     Sampling 4 unrevealed pokemon
INFO     	         palkia     pressure  lustrousorb [dracometeor, fireblast, hydropump, thunderwave] ttype=water
INFO     	      excadrill  moldbreaker    leftovers [earthquake, ironhead, rapidspin, swordsdance] ttype=water
INFO     	   weezinggalar     levitate    leftovers [fireblast, gunkshot, painsplit, strangesteam] ttype=steel
INFO     	        delphox        blaze  choicespecs [fireblast, focusblast, grassknot, psyshock] ttype=fighting
INFO     Sampling battle 8
INFO     	      tatsugiri   stormdrain heavydutyboots [dracometeor, hydropump, nastyplot, rapidspin] ttype=steel
INFO     Sampling 4 unrevealed pokemon
INFO     	      exeggutor      harvest  sitrusberry [leechseed, protect, psychicnoise, substitute] ttype=steel
INFO     	        yanmega   tintedlens  choicespecs [airslash, bugbuzz, gigadrain, uturn] ttype=bug
INFO     	        kingdra       sniper     lumberry [dragondance, ironhead, outrage, wavecrash] ttype=steel
INFO     	      magmortar    flamebody heavydutyboots [fireblast, focusblast, knockoff, thunderbolt] ttype=water
INFO     Sampling battle 9
INFO     	      tatsugiri   stormdrain heavydutyboots [dracometeor, hydropump, nastyplot, rapidspin] ttype=steel
INFO     Sampling 4 unrevealed pokemon
INFO     	     oinkologne     thickfat    leftovers [curse, doubleedge, highhorsepower, lashout] ttype=ground
INFO     	       cinccino   technician   loadeddice [bulletseed, tailslap, tidyup, tripleaxel] ttype=normal
INFO     	           uxie     levitate    leftovers [encore, knockoff, psychicnoise, yawn] ttype=electric
INFO     	    arceusgrass    multitype  meadowplate [calmmind, fireblast, judgment, recover] ttype=fire
INFO     Sampling battle 10
INFO     	      tatsugiri   stormdrain heavydutyboots [dracometeor, hydropump, nastyplot, rapidspin] ttype=water
INFO     Sampling 4 unrevealed pokemon
INFO     	      passimian      defiant    leftovers [bulkup, drainpunch, gunkshot, knockoff] ttype=dark
INFO     	       hariyama         guts     flameorb [closecombat, facade, fakeout, knockoff] ttype=normal
INFO     	          rotom     levitate      lifeorb [shadowball, thunderbolt, voltswitch, willowisp] ttype=electric
INFO     	      duraludon   lightmetal     eviolite [bodypress, dracometeor, dragontail, flashcannon] ttype=fighting
INFO     Sampling battle 11
INFO     	      tatsugiri   stormdrain heavydutyboots [dracometeor, hydropump, nastyplot, rapidspin] ttype=water
INFO     Sampling 4 unrevealed pokemon
INFO     	        wugtrio        gooey   choiceband [aquajet, liquidation, stompingtantrum, throatchop] ttype=dark
INFO     	      rhyperior    solidrock weaknesspolicy [earthquake, megahorn, rockpolish, stoneedge] ttype=ground
INFO     	       overqwil   intimidate   loadeddice [crunch, gunkshot, scaleshot, swordsdance] ttype=dragon
INFO     	        donphan       sturdy    leftovers [earthquake, iceshard, knockoff, stealthrock] ttype=water
INFO     Sampling battle 12
INFO     	      tatsugiri   stormdrain heavydutyboots [dracometeor, hydropump, nastyplot, rapidspin] ttype=water
INFO     Sampling 4 unrevealed pokemon
INFO     	    walkingwake protosynthesis  choicespecs [dracometeor, flamethrower, flipturn, hydropump] ttype=fire
INFO     	     hitmonchan     ironfist    leftovers [bulkup, drainpunch, knockoff, poisonjab] ttype=poison
INFO     	      pecharunt poisonpuppeteer    leftovers [malignantchain, nastyplot, recover, shadowball] ttype=dark
INFO     	      rotomheat     levitate heavydutyboots [discharge, overheat, painsplit, willowisp] ttype=electric
INFO     Sampling battle 13
INFO     	      tatsugiri   stormdrain heavydutyboots [dracometeor, hydropump, nastyplot, rapidspin] ttype=steel
INFO     Sampling 4 unrevealed pokemon
INFO     	      hydreigon     levitate  choicespecs [darkpulse, dracometeor, fireblast, uturn] ttype=fire
INFO     	      pachirisu   voltabsorb  assaultvest [nuzzle, superfang, thunderbolt, uturn] ttype=flying
INFO     	  samurotthisui    sharpness   choiceband [ceaselessedge, razorshell, sacredsword, suckerpunch] ttype=water
INFO     	     galvantula compoundeyes heavydutyboots [bugbuzz, stickyweb, thunder, voltswitch] ttype=electric
INFO     Sampling battle 14
INFO     	      tatsugiri   stormdrain heavydutyboots [dracometeor, hydropump, nastyplot, rapidspin] ttype=steel
INFO     Sampling 4 unrevealed pokemon
INFO     	         furret        frisk   choiceband [doubleedge, knockoff, trick, uturn] ttype=ghost
INFO     	       drifblim    aftermath heavydutyboots [airslash, defog, shadowball, strengthsap] ttype=steel
INFO     	      terapagos    terashift  chestoberry [calmmind, darkpulse, rest, terastarstorm] ttype=stellar
INFO     	        gliscor   poisonheal     toxicorb [earthquake, knockoff, protect, toxic] ttype=water
INFO     Sampling battle 15
INFO     	      tatsugiri   stormdrain heavydutyboots [dracometeor, hydropump, nastyplot, rapidspin] ttype=steel
INFO     Sampling 4 unrevealed pokemon
INFO     	         golurk      noguard   choiceband [dynamicpunch, earthquake, poltergeist, stoneedge] ttype=ground
INFO     	       magearna    soulheart weaknesspolicy [fleurcannon, ironhead, shiftgear, terablast] ttype=ground
INFO     	      excadrill  moldbreaker  assaultvest [earthquake, ironhead, rapidspin, rockslide] ttype=grass
INFO     	   arceusdragon    multitype   dracoplate [extremespeed, flareblitz, outrage, swordsdance] ttype=fire
INFO     Searching for a move using MCTS...
INFO     Sampling 16 battles at 500ms each
INFO     Iterations 3: 89000
INFO     Iterations 6: 89000
INFO     Iterations 0: 95000
INFO     Iterations 4: 90000
INFO     Iterations 2: 96000
INFO     Iterations 5: 94000
INFO     Iterations 7: 94000
INFO     Iterations 1: 99000
INFO     Iterations 10: 72000
INFO     Iterations 9: 84000
INFO     Iterations 8: 91000
INFO     Iterations 11: 85000
INFO     Iterations 12: 86000
INFO     Iterations 14: 92000
INFO     Iterations 13: 82000
INFO     Iterations 15: 94000
INFO     Policy 0: shellsmash visited 43.53% avg_score=0.29 sample_chance_multiplier=0.062
INFO     Policy 1: shellsmash visited 87.85% avg_score=0.399 sample_chance_multiplier=0.062
INFO     Policy 2: shellsmash visited 31.77% avg_score=0.193 sample_chance_multiplier=0.062
INFO     Policy 3: liquidation visited 31.92% avg_score=0.199 sample_chance_multiplier=0.062
INFO     Policy 4: crunch visited 28.93% avg_score=0.237 sample_chance_multiplier=0.062
INFO     Policy 5: shellsmash visited 80.99% avg_score=0.313 sample_chance_multiplier=0.062
INFO     Policy 6: shellsmash visited 27.91% avg_score=0.201 sample_chance_multiplier=0.062
INFO     Policy 7: shellsmash visited 59.26% avg_score=0.381 sample_chance_multiplier=0.062
INFO     Policy 8: shellsmash visited 69.92% avg_score=0.448 sample_chance_multiplier=0.062
INFO     Policy 9: shellsmash visited 58.58% avg_score=0.421 sample_chance_multiplier=0.062
INFO     Policy 10: crunch-tera visited 25.95% avg_score=0.156 sample_chance_multiplier=0.062
INFO     Policy 11: stoneedge visited 29.83% avg_score=0.257 sample_chance_multiplier=0.062
INFO     Policy 12: shellsmash visited 86.9% avg_score=0.394 sample_chance_multiplier=0.062
INFO     Policy 13: shellsmash visited 40.95% avg_score=0.223 sample_chance_multiplier=0.062
INFO     Policy 14: stoneedge visited 78.78% avg_score=0.444 sample_chance_multiplier=0.062
INFO     Policy 15: shellsmash visited 75.76% avg_score=0.36 sample_chance_multiplier=0.062
INFO     Considered Choices:
INFO     	45.73%: shellsmash
INFO     Choice: shellsmash
INFO     Updated tatsugiri's max speed to 334
INFO     drednaw already has the move shellsmash. Decrementing the PP by 1
INFO     drednaw using shellsmash makes it unlikely to have a choice item. Setting can_have_choice_item to False
INFO     drednaw used a status-move. Adding `assaultvest` to impossible items
INFO     Setting drednaw's last used move: shellsmash
INFO     drednaw's defense was unboosted by 1 to -1
INFO     drednaw's special-defense was unboosted by 1 to -1
INFO     drednaw's attack was boosted by 2 to 4
INFO     drednaw's special-attack was boosted by 2 to 4
INFO     drednaw's speed was boosted by 2 to 4
INFO     tatsugiri already has the move dracometeor. Decrementing the PP by 1
INFO     tatsugiri used a dragon move, removing dragongem from possible items
INFO     Setting tatsugiri's last used move: dracometeor
INFO     tatsugiri used a damaging move - not guessing lifeorb anymore
INFO     tatsugiri did 39.93% damage to drednaw with dracometeor
INFO     tatsugiri's special-attack was unboosted by 2 to -6
INFO     tatsugiri has less than maxhp during upkeep, no longer guessing leftovers or blacksludge
INFO     
INFO     Turn: 8
INFO     Sampling battle 0
INFO     	      tatsugiri   stormdrain heavydutyboots [dracometeor, hydropump, nastyplot, rapidspin] ttype=steel
INFO     Sampling 4 unrevealed pokemon
INFO     	      rotomheat     levitate heavydutyboots [discharge, overheat, voltswitch, willowisp] ttype=electric
INFO     	    barraskewda    swiftswim   choiceband [closecombat, flipturn, throatchop, waterfall] ttype=fighting
INFO     	          lokix   tintedlens      lifeorb [firstimpression, knockoff, leechlife, suckerpunch] ttype=bug
INFO     	   dialgaorigin     pressure adamantcrystal [dracometeor, fireblast, flashcannon, stealthrock] ttype=steel
INFO     Sampling battle 1
INFO     	      tatsugiri   stormdrain heavydutyboots [dracometeor, hydropump, nastyplot, rapidspin] ttype=water
INFO     Sampling 4 unrevealed pokemon
INFO     	     kricketune   technician    focussash [knockoff, pounce, stickyweb, taunt] ttype=ghost
INFO     	      registeel    clearbody    leftovers [bodypress, ironhead, stealthrock, thunderwave] ttype=fighting
INFO     	        lanturn   voltabsorb heavydutyboots [scald, thunderbolt, thunderwave, voltswitch] ttype=flying
INFO     	         mewtwo      unnerve      lifeorb [darkpulse, fireblast, nastyplot, psystrike] ttype=dark
INFO     Sampling battle 2
INFO     	      tatsugiri   stormdrain heavydutyboots [dracometeor, hydropump, nastyplot, rapidspin] ttype=water
INFO     Sampling 4 unrevealed pokemon
INFO     	      hydrapple  regenerator  choicespecs [dracometeor, earthpower, ficklebeam, leafstorm] ttype=dragon
INFO     	        ariados        swarm heavydutyboots [megahorn, poisonjab, stickyweb, toxicspikes] ttype=ghost
INFO     	       houndoom    flashfire heavydutyboots [darkpulse, fireblast, nastyplot, sludgebomb] ttype=fire
INFO     	taurospaldeablaze      cudchew  sitrusberry [bulkup, closecombat, ragingbull, substitute] ttype=water
INFO     Sampling battle 3
INFO     	      tatsugiri   stormdrain heavydutyboots [dracometeor, hydropump, nastyplot, rapidspin] ttype=water
INFO     Sampling 4 unrevealed pokemon
INFO     	          rotom     levitate  choicescarf [shadowball, thunderbolt, trick, voltswitch] ttype=electric
INFO     	       oricorio       dancer heavydutyboots [hurricane, quiverdance, revelationdance, roost] ttype=ground
INFO     	       tinkaton  moldbreaker    leftovers [gigatonhammer, playrough, protect, swordsdance] ttype=steel
INFO     	     pincurchin electricsurge    leftovers [curse, liquidation, recover, zingzap] ttype=water
INFO     Sampling battle 4
INFO     	      tatsugiri   stormdrain heavydutyboots [dracometeor, hydropump, nastyplot, rapidspin] ttype=water
INFO     Sampling 4 unrevealed pokemon
INFO     	      magnezone     analytic  assaultvest [flashcannon, mirrorcoat, thunderbolt, voltswitch] ttype=flying
INFO     	       quagsire      unaware    leftovers [earthquake, recover, spikes, toxic] ttype=poison
INFO     	         minior  shieldsdown    whiteherb [acrobatics, earthquake, powergem, shellsmash] ttype=ground
INFO     	   dugtrioalola tanglinghair      lifeorb [earthquake, ironhead, stealthrock, stoneedge] ttype=ground
INFO     Sampling battle 5
INFO     	      tatsugiri   stormdrain heavydutyboots [dracometeor, hydropump, nastyplot, rapidspin] ttype=steel
INFO     Sampling 4 unrevealed pokemon
INFO     	      girafarig    sapsipper     eviolite [dazzlinggleam, nastyplot, psychic, shadowball] ttype=fairy
INFO     	       gumshoos     stakeout   choiceband [doubleedge, earthquake, knockoff, uturn] ttype=normal
INFO     	        wugtrio        gooey   choiceband [aquajet, liquidation, stompingtantrum, throatchop] ttype=ground
INFO     	         pawmot     ironfist      lifeorb [closecombat, doubleshock, icepunch, revivalblessing] ttype=electric
INFO     Sampling battle 6
INFO     	      tatsugiri   stormdrain heavydutyboots [dracometeor, hydropump, nastyplot, rapidspin] ttype=water
INFO     Sampling 4 unrevealed pokemon
INFO     	    stonjourner    powerspot      lifeorb [earthquake, heatcrash, rockpolish, stoneedge] ttype=ground
INFO     	necrozmaduskmane   prismarmor weaknesspolicy [dragondance, earthquake, morningsun, sunsteelstrike] ttype=steel
INFO     	         luxray         guts     flameorb [facade, supercellslam, throatchop, trailblaze] ttype=normal
INFO     	      vespiquen     pressure heavydutyboots [airslash, roost, toxic, uturn] ttype=steel
INFO     Sampling battle 7
INFO     	      tatsugiri   stormdrain heavydutyboots [dracometeor, hydropump, nastyplot, rapidspin] ttype=water
INFO     Sampling 4 unrevealed pokemon
INFO     	      quaquaval        moxie      lifeorb [aquastep, closecombat, swordsdance, tripleaxel] ttype=water
INFO     	 arceusfighting    multitype    fistplate [bodypress, cosmicpower, recover, storedpower] ttype=steel
INFO     	      meowsticf  competitive      lifeorb [alluringvoice, nastyplot, psyshock, thunderbolt] ttype=fairy
INFO     	       solgaleo fullmetalbody    leftovers [earthquake, knockoff, morningsun, sunsteelstrike] ttype=water
INFO     Sampling battle 8
INFO     	      tatsugiri   stormdrain heavydutyboots [dracometeor, hydropump, nastyplot, rapidspin] ttype=steel
INFO     Sampling 4 unrevealed pokemon
INFO     	       swampert      torrent    leftovers [earthquake, flipturn, knockoff, yawn] ttype=poison
INFO     	     pincurchin electricsurge    leftovers [recover, scald, spikes, thunderbolt] ttype=water
INFO     	     ironleaves   quarkdrive      lifeorb [closecombat, leafblade, psyblade, swordsdance] ttype=fighting
INFO     	         mewtwo     pressure      lifeorb [aurasphere, fireblast, nastyplot, psystrike] ttype=fighting
INFO     Sampling battle 9
INFO     	      tatsugiri   stormdrain heavydutyboots [dracometeor, hydropump, nastyplot, rapidspin] ttype=steel
INFO     Sampling 4 unrevealed pokemon
INFO     	       vaporeon  waterabsorb    leftovers [protect, roar, scald, wish] ttype=poison
INFO     	         kyurem     pressure  choicespecs [dracometeor, earthpower, freezedry, icebeam] ttype=ground
INFO     	       alcremie    aromaveil    leftovers [alluringvoice, calmmind, psyshock, recover] ttype=steel
INFO     	      rillaboom  grassysurge   choiceband [grassyglide, knockoff, uturn, woodhammer] ttype=grass
INFO     Sampling battle 10
INFO     	      tatsugiri   stormdrain heavydutyboots [dracometeor, hydropump, nastyplot, rapidspin] ttype=steel
INFO     Sampling 4 unrevealed pokemon
INFO     	      mandibuzz     overcoat heavydutyboots [defog, foulplay, roost, uturn] ttype=steel
INFO     	      cinderace       libero   choiceband [gunkshot, highjumpkick, pyroball, uturn] ttype=fire
INFO     	       clefable      unaware    leftovers [calmmind, fireblast, moonblast, moonlight] ttype=fire
INFO     	       orthworm   eartheater  chestoberry [bodypress, coil, irontail, rest] ttype=fighting
INFO     Sampling battle 11
INFO     	      tatsugiri   stormdrain heavydutyboots [dracometeor, hydropump, nastyplot, rapidspin] ttype=water
INFO     Sampling 4 unrevealed pokemon
INFO     	 decidueyehisui      scrappy    leftovers [leafblade, roost, suckerpunch, triplearrows] ttype=water
INFO     	       ursaring         guts     eviolite [bodyslam, rest, sleeptalk, throatchop] ttype=ghost
INFO     	         dialga     pressure    leftovers [dracometeor, fireblast, heavyslam, stealthrock] ttype=steel
INFO     	       lumineon   stormdrain heavydutyboots [encore, hydropump, icebeam, uturn] ttype=fire
INFO     Sampling battle 12
INFO     	      tatsugiri   stormdrain heavydutyboots [dracometeor, hydropump, nastyplot, rapidspin] ttype=steel
INFO     Sampling 4 unrevealed pokemon
INFO     	       tornadus    prankster heavydutyboots [bleakwindstorm, grassknot, heatwave, nastyplot] ttype=flying
INFO     	ogerponcornerstone       sturdy cornerstonemask [ivycudgel, powerwhip, superpower, swordsdance] ttype=rock
INFO     	      volcanion  waterabsorb heavydutyboots [earthpower, flamethrower, haze, steameruption] ttype=fire
INFO     	       skarmory       sturdy    leftovers [bravebird, roost, stealthrock, whirlwind] ttype=dragon
INFO     Sampling battle 13
INFO     	      tatsugiri   stormdrain heavydutyboots [dracometeor, hydropump, nastyplot, rapidspin] ttype=water
INFO     Sampling 4 unrevealed pokemon
INFO     	    stonjourner    powerspot      lifeorb [earthquake, heatcrash, rockpolish, stoneedge] ttype=fire
INFO     	taurospaldeaaqua      cudchew  sitrusberry [bulkup, closecombat, liquidation, substitute] ttype=water
INFO     	        wochien tabletsofruin    leftovers [gigadrain, knockoff, ruination, stunspore] ttype=poison
INFO     	        seviper     shedskin    leftovers [earthquake, gunkshot, swordsdance, trailblaze] ttype=grass
INFO     Sampling battle 14
INFO     	      tatsugiri   stormdrain heavydutyboots [dracometeor, hydropump, nastyplot, rapidspin] ttype=water
INFO     Sampling 4 unrevealed pokemon
INFO     	      thundurus      defiant heavydutyboots [grassknot, knockoff, thunderbolt, uturn] ttype=electric
INFO     	   arceusdragon    multitype   dracoplate [flareblitz, heavyslam, outrage, swordsdance] ttype=fire
INFO     	       drifblim    aftermath heavydutyboots [airslash, defog, shadowball, strengthsap] ttype=steel
INFO     	         raichu lightningrod      lifeorb [focusblast, nastyplot, terablast, thunderbolt] ttype=ice
INFO     Sampling battle 15
INFO     	      tatsugiri   stormdrain heavydutyboots [dracometeor, hydropump, nastyplot, rapidspin] ttype=steel
INFO     Sampling 4 unrevealed pokemon
INFO     	   crabominable     ironfist   choiceband [closecombat, earthquake, icehammer, knockoff] ttype=ground
INFO     	        spidops     stakeout heavydutyboots [knockoff, spikes, stickyweb, uturn] ttype=ghost
INFO     	  oricoriosensu       dancer heavydutyboots [hurricane, quiverdance, revelationdance, roost] ttype=fighting
INFO     	       greninja      protean      lifeorb [darkpulse, gunkshot, hydropump, uturn] ttype=poison
INFO     Searching for a move using MCTS...
INFO     Sampling 16 battles at 500ms each
INFO     Iterations 5: 93000
INFO     Iterations 0: 88000
INFO     Iterations 4: 92000
INFO     Iterations 7: 96000
INFO     Iterations 3: 97000
INFO     Iterations 1: 94000
INFO     Iterations 6: 111000
INFO     Iterations 2: 106000
INFO     Iterations 8: 91000
INFO     Iterations 9: 74000
INFO     Iterations 10: 75000
INFO     Iterations 11: 77000
INFO     Iterations 13: 82000
INFO     Iterations 12: 82000
INFO     Iterations 14: 86000
INFO     Iterations 15: 90000
INFO     Policy 0: crunch visited 22.91% avg_score=0.082 sample_chance_multiplier=0.062
INFO     Policy 1: crunch visited 28.42% avg_score=0.1 sample_chance_multiplier=0.062
INFO     Policy 2: crunch visited 82.35% avg_score=0.378 sample_chance_multiplier=0.062
INFO     Policy 3: crunch visited 89.1% avg_score=0.416 sample_chance_multiplier=0.062
INFO     Policy 4: crunch-tera visited 20.22% avg_score=0.121 sample_chance_multiplier=0.062
INFO     Policy 5: crunch visited 23.97% avg_score=0.08 sample_chance_multiplier=0.062
INFO     Policy 6: crunch visited 92.51% avg_score=0.431 sample_chance_multiplier=0.062
INFO     Policy 7: crunch visited 21.42% avg_score=0.086 sample_chance_multiplier=0.062
INFO     Policy 8: crunch visited 81.99% avg_score=0.389 sample_chance_multiplier=0.062
INFO     Policy 9: crunch visited 22.13% avg_score=0.095 sample_chance_multiplier=0.062
INFO     Policy 10: crunch visited 23.9% avg_score=0.099 sample_chance_multiplier=0.062
INFO     Policy 11: crunch visited 23.05% avg_score=0.089 sample_chance_multiplier=0.062
INFO     Policy 12: crunch visited 27.48% avg_score=0.099 sample_chance_multiplier=0.062
INFO     Policy 13: crunch visited 24.1% avg_score=0.089 sample_chance_multiplier=0.062
INFO     Policy 14: stoneedge visited 86.67% avg_score=0.347 sample_chance_multiplier=0.062
INFO     Policy 15: crunch visited 82.07% avg_score=0.374 sample_chance_multiplier=0.062
INFO     Considered Choices:
INFO     	41.816%: crunch
INFO     Choice: crunch
INFO     drednaw already has the move crunch. Decrementing the PP by 1
INFO     drednaw used a dark move, removing darkgem from possible items
INFO     Setting drednaw's last used move: crunch
INFO     drednaw used a damaging move - not guessing lifeorb anymore
INFO     drednaw did 56.99999999999999% damage to tatsugiri with crunch
INFO     tatsugiri has less than maxhp during upkeep, no longer guessing leftovers or blacksludge
INFO     Opponent has switched - clearing the last used move
INFO     dedenne switched in, adding intimidate to impossible abilities
INFO     dedenne switched in, adding pressure to impossible abilities
INFO     dedenne switched in, adding neutralizinggas to impossible abilities
INFO     dedenne switched in, adding sandstream to impossible abilities
INFO     dedenne switched in, adding drought to impossible abilities
INFO     dedenne switched in, adding drizzle to impossible abilities
INFO     dedenne switched in, adding snowwarning to impossible abilities
INFO     dedenne switched in, adding boosterenergy to impossible items
INFO     dedenne switched in, adding airballoon to impossible items
INFO     
INFO     Turn: 9
INFO     Sampling battle 0
INFO     	        dedenne   cheekpouch  sitrusberry [dazzlinggleam, nuzzle, thunderbolt, uturn] ttype=flying
INFO     Sampling 3 unrevealed pokemon
INFO     	       porygon2     download     eviolite [recover, shadowball, terablast, thunderwave] ttype=fairy
INFO     	    ironjugulis   quarkdrive  choicespecs [darkpulse, fireblast, hurricane, hydropump] ttype=dark
INFO     	   brambleghast    windrider    leftovers [leechseed, poltergeist, powerwhip, substitute] ttype=fairy
INFO     Sampling battle 1
INFO     	        dedenne   cheekpouch  sitrusberry [dazzlinggleam, nuzzle, superfang, thunderbolt] ttype=flying
INFO     Sampling 3 unrevealed pokemon
INFO     	      regieleki   transistor       magnet [rapidspin, terablast, thunderbolt, voltswitch] ttype=ice
INFO     	           uxie     levitate    leftovers [knockoff, psychicnoise, stealthrock, thunderwave] ttype=steel
INFO     	     ironbundle   quarkdrive  choicespecs [flipturn, freezedry, hydropump, icebeam] ttype=water
INFO     Sampling battle 2
INFO     	        dedenne   cheekpouch  sitrusberry [dazzlinggleam, nuzzle, thunderbolt, uturn] ttype=flying
INFO     Sampling 3 unrevealed pokemon
INFO     	       ursaluna         guts     flameorb [facade, headlongrush, throatchop, trailblaze] ttype=normal
INFO     	lycanrocmidnight      noguard      lifeorb [closecombat, knockoff, stoneedge, swordsdance] ttype=fighting
INFO     	     misdreavus     levitate     eviolite [calmmind, drainingkiss, shadowball, willowisp] ttype=fairy
INFO     Sampling battle 3
INFO     	        dedenne   cheekpouch  sitrusberry [dazzlinggleam, nuzzle, thunderbolt, uturn] ttype=flying
INFO     Sampling 3 unrevealed pokemon
INFO     	         scizor   technician      lifeorb [bulletpunch, closecombat, knockoff, swordsdance] ttype=steel
INFO     	       sneasler     unburden    whiteherb [acrobatics, closecombat, gunkshot, swordsdance] ttype=flying
INFO     	    dudunsparce      rattled    leftovers [boomburst, calmmind, earthpower, roost] ttype=poison
INFO     Sampling battle 4
INFO     	        dedenne   cheekpouch  sitrusberry [dazzlinggleam, superfang, thunderbolt, uturn] ttype=flying
INFO     Sampling 3 unrevealed pokemon
INFO     	 exeggutoralola      harvest  sitrusberry [dracometeor, flamethrower, moonlight, woodhammer] ttype=fire
INFO     	       tsareena queenlymajesty      lifeorb [highjumpkick, knockoff, powerwhip, synthesis] ttype=fighting
INFO     	        torkoal      drought heavydutyboots [lavaplume, rapidspin, stealthrock, yawn] ttype=grass
INFO     Sampling battle 5
INFO     	        dedenne   cheekpouch  sitrusberry [dazzlinggleam, nuzzle, superfang, thunderbolt] ttype=flying
INFO     Sampling 3 unrevealed pokemon
INFO     	      sandslash     sandrush    leftovers [earthquake, rapidspin, spikes, stoneedge] ttype=steel
INFO     	      charizard        blaze heavydutyboots [flamethrower, focusblast, hurricane, willowisp] ttype=fire
INFO     	        diancie    clearbody  assaultvest [bodypress, diamondstorm, earthpower, moonblast] ttype=fighting
INFO     Sampling battle 6
INFO     	        dedenne   cheekpouch  sitrusberry [dazzlinggleam, nuzzle, thunderbolt, uturn] ttype=flying
INFO     Sampling 3 unrevealed pokemon
INFO     	      tyranitar   sandstream weaknesspolicy [dragondance, icepunch, knockoff, stoneedge] ttype=ghost
INFO     	 oricoriopompom       dancer heavydutyboots [hurricane, quiverdance, revelationdance, roost] ttype=ground
INFO     	      excadrill  moldbreaker    leftovers [earthquake, ironhead, rapidspin, swordsdance] ttype=water
INFO     Sampling battle 7
INFO     	        dedenne   cheekpouch  sitrusberry [dazzlinggleam, nuzzle, superfang, thunderbolt] ttype=flying
INFO     Sampling 3 unrevealed pokemon
INFO     	squawkabillyblue         guts     flameorb [bravebird, facade, quickattack, uturn] ttype=normal
INFO     	        ambipom   technician    silkscarf [doubleedge, fakeout, knockoff, lowkick] ttype=normal
INFO     	        lanturn   voltabsorb    leftovers [icebeam, scald, thunderbolt, thunderwave] ttype=flying
INFO     Sampling battle 8
INFO     	        dedenne   cheekpouch  sitrusberry [dazzlinggleam, nuzzle, thunderbolt, uturn] ttype=flying
INFO     Sampling 3 unrevealed pokemon
INFO     	    corviknight     pressure    leftovers [bravebird, defog, roost, uturn] ttype=dragon
INFO     	        jirachi  serenegrace  choicescarf [healingwish, ironhead, psychic, uturn] ttype=water
INFO     	       espathra   speedboost    leftovers [calmmind, dazzlinggleam, storedpower, substitute] ttype=fairy
INFO     Sampling battle 9
INFO     	        dedenne   cheekpouch  sitrusberry [dazzlinggleam, nuzzle, thunderbolt, uturn] ttype=flying
INFO     Sampling 3 unrevealed pokemon
INFO     	     calyrexice asoneglastrier heavydutyboots [closecombat, glaciallance, highhorsepower, trickroom] ttype=fighting
INFO     	      tyranitar   sandstream weaknesspolicy [dragondance, icepunch, knockoff, stoneedge] ttype=ghost
INFO     	         swanna    hydration heavydutyboots [bravebird, defog, hydropump, roost] ttype=ground
INFO     Sampling battle 10
INFO     	        dedenne   cheekpouch  sitrusberry [dazzlinggleam, nuzzle, superfang, thunderbolt] ttype=flying
INFO     Sampling 3 unrevealed pokemon
INFO     	      cramorant  gulpmissile heavydutyboots [bravebird, defog, roost, surf] ttype=ground
INFO     	       cobalion    justified    leftovers [bodypress, irondefense, ironhead, thunderwave] ttype=water
INFO     	            muk  poisontouch    leftovers [haze, knockoff, poisonjab, toxicspikes] ttype=dark
INFO     Sampling battle 11
INFO     	        dedenne   cheekpouch  sitrusberry [dazzlinggleam, nuzzle, superfang, thunderbolt] ttype=flying
INFO     Sampling 3 unrevealed pokemon
INFO     	         glalie   innerfocus heavydutyboots [earthquake, freezedry, spikes, taunt] ttype=water
INFO     	tornadustherian  regenerator  assaultvest [bleakwindstorm, heatwave, knockoff, uturn] ttype=dark
INFO     	    stonjourner    powerspot      lifeorb [earthquake, heatcrash, rockpolish, stoneedge] ttype=fire
INFO     Sampling battle 12
INFO     	        dedenne   cheekpouch  sitrusberry [dazzlinggleam, superfang, thunderbolt, uturn] ttype=flying
INFO     Sampling 3 unrevealed pokemon
INFO     	     arceusrock    multitype   stoneplate [calmmind, fireblast, judgment, recover] ttype=dragon
INFO     	       ludicolo    swiftswim      lifeorb [gigadrain, hydropump, icebeam, raindance] ttype=steel
INFO     	       vikavolt     levitate heavydutyboots [bugbuzz, discharge, energyball, stickyweb] ttype=electric
INFO     Sampling battle 13
INFO     	        dedenne   cheekpouch  sitrusberry [dazzlinggleam, nuzzle, superfang, thunderbolt] ttype=flying
INFO     Sampling 3 unrevealed pokemon
INFO     	    gougingfire protosynthesis heavydutyboots [dragondance, earthquake, heatcrash, outrage] ttype=ground
INFO     	      poliwrath    swiftswim      lifeorb [closecombat, knockoff, liquidation, raindance] ttype=fighting
INFO     	         mewtwo     pressure      lifeorb [darkpulse, nastyplot, psystrike, recover] ttype=dark
INFO     Sampling battle 14
INFO     	        dedenne   cheekpouch  sitrusberry [dazzlinggleam, nuzzle, thunderbolt, uturn] ttype=flying
INFO     Sampling 3 unrevealed pokemon
INFO     	        kingdra       sniper     lumberry [dragondance, ironhead, outrage, wavecrash] ttype=steel
INFO     	      abomasnow  snowwarning    lightclay [auroraveil, blizzard, earthquake, iceshard] ttype=water
INFO     	   arceuspoison    multitype   toxicplate [earthquake, extremespeed, gunkshot, swordsdance] ttype=normal
INFO     Sampling battle 15
INFO     	        dedenne   cheekpouch  sitrusberry [dazzlinggleam, superfang, thunderbolt, uturn] ttype=flying
INFO     Sampling 3 unrevealed pokemon
INFO     	   avalugghisui       sturdy heavydutyboots [avalanche, bodypress, recover, stoneedge] ttype=poison
INFO     	      dunsparce  serenegrace     eviolite [bodyslam, coil, earthquake, roost] ttype=ground
INFO     	        groudon      drought    leftovers [heatcrash, precipiceblades, roar, thunderwave] ttype=fire
INFO     Sampling battle 16
INFO     	        dedenne   cheekpouch  sitrusberry [dazzlinggleam, nuzzle, thunderbolt, uturn] ttype=flying
INFO     Sampling 3 unrevealed pokemon
INFO     	      bastiodon   soundproof  chestoberry [bodypress, foulplay, irondefense, rest] ttype=fighting
INFO     	        ambipom   technician   choiceband [doubleedge, knockoff, tripleaxel, uturn] ttype=ice
INFO     	        pikachu lightningrod    lightball [knockoff, playrough, surf, volttackle] ttype=water
INFO     Sampling battle 17
INFO     	        dedenne   cheekpouch  sitrusberry [dazzlinggleam, nuzzle, thunderbolt, uturn] ttype=flying
INFO     Sampling 3 unrevealed pokemon
INFO     	         golurk      noguard      lifeorb [earthquake, poltergeist, stealthrock, stoneedge] ttype=ghost
INFO     	      regieleki   transistor       magnet [explosion, rapidspin, thunderbolt, voltswitch] ttype=electric
INFO     	        zoroark     illusion      lifeorb [darkpulse, encore, nastyplot, sludgebomb] ttype=poison
INFO     Sampling battle 18
INFO     	        dedenne   cheekpouch  sitrusberry [dazzlinggleam, nuzzle, superfang, thunderbolt] ttype=flying
INFO     Sampling 3 unrevealed pokemon
INFO     	     chandelure    flashfire  choicescarf [energyball, fireblast, shadowball, trick] ttype=grass
INFO     	  samurotthisui    sharpness      lifeorb [ceaselessedge, razorshell, sacredsword, swordsdance] ttype=water
INFO     	     copperajah   heavymetal   choiceband [earthquake, heavyslam, stoneedge, superpower] ttype=flying
INFO     Sampling battle 19
INFO     	        dedenne   cheekpouch  sitrusberry [dazzlinggleam, nuzzle, superfang, thunderbolt] ttype=flying
INFO     Sampling 3 unrevealed pokemon
INFO     	       chienpao  swordofruin heavydutyboots [iciclecrash, sacredsword, swordsdance, throatchop] ttype=dark
INFO     	      zamazenta dauntlessshield    leftovers [bodypress, irondefense, stoneedge, substitute] ttype=fighting
INFO     	       jumpluff  infiltrator              [acrobatics, sleeppowder, strengthsap, uturn] ttype=steel
INFO     Sampling battle 20
INFO     	        dedenne   cheekpouch  sitrusberry [dazzlinggleam, superfang, thunderbolt, uturn] ttype=flying
INFO     Sampling 3 unrevealed pokemon
INFO     	       cloyster    skilllink    whiteherb [drillrun, iciclespear, rockblast, shellsmash] ttype=ground
INFO     	       tinkaton  moldbreaker    leftovers [gigatonhammer, knockoff, playrough, thunderwave] ttype=water
INFO     	      sandslash     sandrush  assaultvest [earthquake, knockoff, rapidspin, stoneedge] ttype=steel
INFO     Sampling battle 21
INFO     	        dedenne   cheekpouch  sitrusberry [dazzlinggleam, nuzzle, thunderbolt, uturn] ttype=flying
INFO     Sampling 3 unrevealed pokemon
INFO     	  oricoriosensu       dancer heavydutyboots [hurricane, quiverdance, revelationdance, roost] ttype=fighting
INFO     	          rotom     levitate  choicescarf [shadowball, thunderbolt, trick, voltswitch] ttype=ghost
INFO     	        kleavor    sharpness heavydutyboots [defog, stoneaxe, uturn, xscissor] ttype=rock
INFO     Sampling battle 22
INFO     	        dedenne   cheekpouch  sitrusberry [dazzlinggleam, nuzzle, thunderbolt, uturn] ttype=flying
INFO     Sampling 3 unrevealed pokemon
INFO     	      volcarona    flamebody heavydutyboots [fireblast, gigadrain, quiverdance, terablast] ttype=ground
INFO     	         rhydon lightningrod     eviolite [earthquake, megahorn, stealthrock, stoneedge] ttype=flying
INFO     	        ambipom   technician    silkscarf [doubleedge, fakeout, knockoff, lowkick] ttype=normal
INFO     Sampling battle 23
INFO     	        dedenne   cheekpouch  sitrusberry [dazzlinggleam, nuzzle, superfang, thunderbolt] ttype=flying
INFO     Sampling 3 unrevealed pokemon
INFO     	       vivillon compoundeyes heavydutyboots [bugbuzz, hurricane, quiverdance, sleeppowder] ttype=flying
INFO     	      mandibuzz     overcoat heavydutyboots [bravebird, knockoff, roost, toxic] ttype=steel
INFO     	      passimian      defiant    leftovers [bulkup, drainpunch, gunkshot, knockoff] ttype=steel
INFO     Sampling battle 24
INFO     	        dedenne   cheekpouch  sitrusberry [dazzlinggleam, superfang, thunderbolt, uturn] ttype=flying
INFO     Sampling 3 unrevealed pokemon
INFO     	landorustherian   intimidate    leftovers [earthquake, stealthrock, stoneedge, taunt] ttype=ground
INFO     	necrozmadawnwings   prismarmor    leftovers [calmmind, moongeistbeam, moonlight, photongeyser] ttype=fairy
INFO     	       ludicolo    swiftswim      lifeorb [gigadrain, hydropump, icebeam, raindance] ttype=steel
INFO     Sampling battle 25
INFO     	        dedenne   cheekpouch  sitrusberry [dazzlinggleam, nuzzle, superfang, thunderbolt] ttype=flying
INFO     Sampling 3 unrevealed pokemon
INFO     	        wochien tabletsofruin    leftovers [gigadrain, knockoff, leechseed, protect] ttype=poison
INFO     	       indeedee psychicsurge  choicescarf [expandingforce, healingwish, hypervoice, shadowball] ttype=psychic
INFO     	      farigiraf    sapsipper    leftovers [bodyslam, protect, psychicnoise, wish] ttype=fairy
INFO     Sampling battle 26
INFO     	        dedenne   cheekpouch  sitrusberry [dazzlinggleam, nuzzle, thunderbolt, uturn] ttype=flying
INFO     Sampling 3 unrevealed pokemon
INFO     	         swalot   liquidooze    leftovers [icebeam, knockoff, sludgebomb, thunderwave] ttype=dark
INFO     	   brambleghast    windrider heavydutyboots [poltergeist, powerwhip, rapidspin, strengthsap] ttype=water
INFO     	       espathra   speedboost  choicespecs [dazzlinggleam, luminacrash, shadowball, uturn] ttype=psychic
INFO     Sampling battle 27
INFO     	        dedenne   cheekpouch  sitrusberry [dazzlinggleam, nuzzle, thunderbolt, uturn] ttype=flying
INFO     Sampling 3 unrevealed pokemon
INFO     	       cacturne  waterabsorb      lifeorb [knockoff, seedbomb, suckerpunch, swordsdance] ttype=poison
INFO     	       miraidon hadronengine  choicespecs [dracometeor, electrodrift, overheat, voltswitch] ttype=electric
INFO     	         mewtwo      unnerve      lifeorb [aurasphere, nastyplot, psystrike, recover] ttype=fighting
INFO     Sampling battle 28
INFO     	        dedenne   cheekpouch  sitrusberry [dazzlinggleam, nuzzle, superfang, thunderbolt] ttype=flying
INFO     Sampling 3 unrevealed pokemon
INFO     	       swampert         damp    leftovers [earthquake, icebeam, roar, stealthrock] ttype=steel
INFO     	        kleavor    sharpness heavydutyboots [closecombat, stoneaxe, swordsdance, xscissor] ttype=fighting
INFO     	  braviaryhisui   tintedlens  choicespecs [esperwing, hurricane, uturn, vacuumwave] ttype=fighting
INFO     Sampling battle 29
INFO     	        dedenne   cheekpouch  sitrusberry [dazzlinggleam, nuzzle, superfang, thunderbolt] ttype=flying
INFO     Sampling 3 unrevealed pokemon
INFO     	 decidueyehisui      scrappy    leftovers [leafblade, roost, triplearrows, uturn] ttype=steel
INFO     	       glimmora  toxicdebris    powerherb [earthpower, energyball, meteorbeam, sludgewave] ttype=grass
INFO     	      girafarig    sapsipper     eviolite [hypervoice, nastyplot, psyshock, thunderbolt] ttype=normal
INFO     Sampling battle 30
INFO     	        dedenne   cheekpouch  sitrusberry [dazzlinggleam, nuzzle, superfang, thunderbolt] ttype=flying
INFO     Sampling 3 unrevealed pokemon
INFO     	     screamtail protosynthesis    leftovers [playrough, protect, thunderwave, wish] ttype=poison
INFO     	     baxcalibur thermalexchange heavydutyboots [dragondance, earthquake, glaiverush, iciclecrash] ttype=ground
INFO     	      sandslash     sandrush    leftovers [earthquake, rapidspin, stoneedge, swordsdance] ttype=steel
INFO     Sampling battle 31
INFO     	        dedenne   cheekpouch  sitrusberry [dazzlinggleam, nuzzle, superfang, thunderbolt] ttype=flying
INFO     Sampling 3 unrevealed pokemon
INFO     	        scyther   technician heavydutyboots [bugbite, closecombat, dualwingbeat, swordsdance] ttype=fighting
INFO     	       oranguru   innerfocus  choicespecs [focusblast, hypervoice, psyshock, trick] ttype=normal
INFO     	typhlosionhisui        blaze heavydutyboots [calmmind, fireblast, focusblast, shadowball] ttype=fire
INFO     Searching for a move using MCTS...
INFO     Sampling 32 battles at 250ms each
INFO     Iterations 6: 54000
INFO     Iterations 7: 51000
INFO     Iterations 1: 56000
INFO     Iterations 4: 54000
INFO     Iterations 3: 54000
INFO     Iterations 5: 58000
INFO     Iterations 2: 60000
INFO     Iterations 0: 57000
INFO     Iterations 9: 49000
INFO     Iterations 8: 50000
INFO     Iterations 10: 43000
INFO     Iterations 12: 51000
INFO     Iterations 11: 51000
INFO     Iterations 14: 50000
INFO     Iterations 13: 45000
INFO     Iterations 15: 46000
INFO     Iterations 18: 43000
INFO     Iterations 16: 49000
INFO     Iterations 17: 50000
INFO     Iterations 21: 50000
INFO     Iterations 20: 44000
INFO     Iterations 19: 45000
INFO     Iterations 22: 38000
INFO     Iterations 23: 42000
INFO     Iterations 25: 43000
INFO     Iterations 24: 48000
INFO     Iterations 26: 47000
INFO     Iterations 29: 42000
INFO     Iterations 28: 41000
INFO     Iterations 30: 48000
INFO     Iterations 27: 45000
INFO     Iterations 31: 51000
INFO     Policy 0: liquidation visited 64.59% avg_score=0.517 sample_chance_multiplier=0.031
INFO     Policy 1: liquidation visited 82.7% avg_score=0.603 sample_chance_multiplier=0.031
INFO     Policy 2: liquidation visited 86.6% avg_score=0.597 sample_chance_multiplier=0.031
INFO     Policy 3: liquidation visited 36.94% avg_score=0.153 sample_chance_multiplier=0.031
INFO     Policy 4: liquidation visited 78.72% avg_score=0.492 sample_chance_multiplier=0.031
INFO     Policy 5: liquidation visited 91.36% avg_score=0.63 sample_chance_multiplier=0.031
INFO     Policy 6: liquidation visited 92.39% avg_score=0.664 sample_chance_multiplier=0.031
INFO     Policy 7: liquidation visited 44.2% avg_score=0.168 sample_chance_multiplier=0.031
INFO     Policy 8: liquidation visited 83.57% avg_score=0.594 sample_chance_multiplier=0.031
INFO     Policy 9: liquidation visited 83.32% avg_score=0.586 sample_chance_multiplier=0.031
INFO     Policy 10: liquidation visited 56.57% avg_score=0.227 sample_chance_multiplier=0.031
INFO     Policy 11: liquidation visited 87.23% avg_score=0.572 sample_chance_multiplier=0.031
INFO     Policy 12: liquidation visited 82.01% avg_score=0.609 sample_chance_multiplier=0.031
INFO     Policy 13: liquidation visited 60.05% avg_score=0.256 sample_chance_multiplier=0.031
INFO     Policy 14: liquidation visited 52.7% avg_score=0.411 sample_chance_multiplier=0.031
INFO     Policy 15: liquidation visited 49.04% avg_score=0.248 sample_chance_multiplier=0.031
INFO     Policy 16: liquidation visited 91.11% avg_score=0.639 sample_chance_multiplier=0.031
INFO     Policy 17: liquidation visited 90.3% avg_score=0.681 sample_chance_multiplier=0.031
INFO     Policy 18: liquidation visited 82.83% avg_score=0.482 sample_chance_multiplier=0.031
INFO     Policy 19: liquidation visited 58.85% avg_score=0.262 sample_chance_multiplier=0.031
INFO     Policy 20: liquidation visited 82.98% avg_score=0.513 sample_chance_multiplier=0.031
INFO     Policy 21: liquidation visited 90.44% avg_score=0.704 sample_chance_multiplier=0.031
INFO     Policy 22: liquidation visited 36.71% avg_score=0.191 sample_chance_multiplier=0.031
INFO     Policy 23: liquidation visited 58.73% avg_score=0.269 sample_chance_multiplier=0.031
INFO     Policy 24: liquidation visited 80.07% avg_score=0.579 sample_chance_multiplier=0.031
INFO     Policy 25: liquidation visited 55.45% avg_score=0.241 sample_chance_multiplier=0.031
INFO     Policy 26: liquidation visited 76.63% avg_score=0.591 sample_chance_multiplier=0.031
INFO     Policy 27: liquidation visited 47.67% avg_score=0.258 sample_chance_multiplier=0.031
INFO     Policy 28: liquidation visited 50.19% avg_score=0.218 sample_chance_multiplier=0.031
INFO     Policy 29: liquidation visited 43.16% avg_score=0.192 sample_chance_multiplier=0.031
INFO     Policy 30: liquidation visited 76.89% avg_score=0.521 sample_chance_multiplier=0.031
INFO     Policy 31: liquidation visited 86.42% avg_score=0.659 sample_chance_multiplier=0.031
INFO     Considered Choices:
INFO     	70.013%: liquidation
INFO     Choice: liquidation
INFO     Opponent has switched - clearing the last used move
INFO     gastrodon switched in, adding intimidate to impossible abilities
INFO     gastrodon switched in, adding pressure to impossible abilities
INFO     gastrodon switched in, adding neutralizinggas to impossible abilities
INFO     gastrodon switched in, adding sandstream to impossible abilities
INFO     gastrodon switched in, adding drought to impossible abilities
INFO     gastrodon switched in, adding drizzle to impossible abilities
INFO     gastrodon switched in, adding snowwarning to impossible abilities
INFO     gastrodon switched in, adding boosterenergy to impossible items
INFO     gastrodon switched in, adding airballoon to impossible items
INFO     drednaw already has the move liquidation. Decrementing the PP by 1
INFO     drednaw used a water move, removing watergem from possible items
INFO     Setting drednaw's last used move: liquidation
INFO     drednaw used a damaging move - not guessing lifeorb anymore
INFO     Setting gastrodon's ability to stormdrain
INFO     gastrodon's special-attack was boosted by 1 to 1
INFO     
INFO     Turn: 10
INFO     Sampling battle 0
INFO     	      gastrodon   stormdrain    leftovers [earthquake, recover, sludgebomb, surf] ttype=poison
INFO     	        dedenne   cheekpouch  sitrusberry [dazzlinggleam, nuzzle, thunderbolt, uturn] ttype=flying
INFO     Sampling 2 unrevealed pokemon
INFO     	         gengar   cursedbody  choicespecs [focusblast, shadowball, sludgewave, trick] ttype=ghost
INFO     	     gothitelle    shadowtag  choicescarf [darkpulse, focusblast, psychic, trick] ttype=flying
INFO     Sampling battle 1
INFO     	      gastrodon   stormdrain    leftovers [earthquake, recover, sludgebomb, stealthrock] ttype=poison
INFO     	        dedenne   cheekpouch  sitrusberry [dazzlinggleam, nuzzle, superfang, thunderbolt] ttype=flying
INFO     Sampling 2 unrevealed pokemon
INFO     	       sunflora  chlorophyll      lifeorb [earthpower, solarbeam, sunnyday, weatherball] ttype=fire
INFO     	ursalunabloodmoon     mindseye    leftovers [bloodmoon, calmmind, moonlight, vacuumwave] ttype=ghost
INFO     Sampling battle 2
INFO     	      gastrodon   stormdrain    leftovers [earthquake, recover, spikes, surf] ttype=poison
INFO     	        dedenne   cheekpouch  sitrusberry [dazzlinggleam, superfang, thunderbolt, uturn] ttype=flying
INFO     Sampling 2 unrevealed pokemon
INFO     	        blissey  naturalcure    leftovers [seismictoss, softboiled, stealthrock, thunderwave] ttype=ghost
INFO     	ogerponcornerstone       sturdy cornerstonemask [ivycudgel, powerwhip, superpower, swordsdance] ttype=rock
INFO     Sampling battle 3
INFO     	      gastrodon   stormdrain    leftovers [clearsmog, earthquake, recover, surf] ttype=steel
INFO     	        dedenne   cheekpouch  sitrusberry [dazzlinggleam, superfang, thunderbolt, uturn] ttype=flying
INFO     Sampling 2 unrevealed pokemon
INFO     	         emboar     reckless    leftovers [bulkup, drainpunch, flareblitz, trailblaze] ttype=fighting
INFO     	         pyroar      unnerve heavydutyboots [darkpulse, fireblast, hypervoice, taunt] ttype=fire
INFO     Sampling battle 4
INFO     	      gastrodon   stormdrain    leftovers [clearsmog, earthquake, recover, surf] ttype=steel
INFO     	        dedenne   cheekpouch  sitrusberry [dazzlinggleam, superfang, thunderbolt, uturn] ttype=flying
INFO     Sampling 2 unrevealed pokemon
INFO     	         luxray         guts     flameorb [facade, supercellslam, throatchop, trailblaze] ttype=normal
INFO     	   squawkabilly         guts     flameorb [bravebird, facade, quickattack, uturn] ttype=normal
INFO     Sampling battle 5
INFO     	      gastrodon   stormdrain    leftovers [earthquake, icebeam, recover, surf] ttype=steel
INFO     	        dedenne   cheekpouch  sitrusberry [dazzlinggleam, nuzzle, thunderbolt, uturn] ttype=flying
INFO     Sampling 2 unrevealed pokemon
INFO     	       regirock    clearbody  chestoberry [bodypress, irondefense, rest, stoneedge] ttype=fighting
INFO     	       reshiram   turboblaze heavydutyboots [dragondance, flareblitz, outrage, stoneedge] ttype=fire
INFO     Sampling battle 6
INFO     	      gastrodon   stormdrain    leftovers [clearsmog, earthquake, icebeam, recover] ttype=steel
INFO     	        dedenne   cheekpouch  sitrusberry [dazzlinggleam, nuzzle, thunderbolt, uturn] ttype=flying
INFO     Sampling 2 unrevealed pokemon
INFO     	         tinglu vesselofruin    leftovers [earthquake, stealthrock, throatchop, whirlwind] ttype=poison
INFO     	       miraidon hadronengine      lifeorb [calmmind, dracometeor, dragonpulse, electrodrift] ttype=electric
INFO     Sampling battle 7
INFO     	      gastrodon   stormdrain    leftovers [earthquake, recover, stealthrock, surf] ttype=poison
INFO     	        dedenne   cheekpouch  sitrusberry [dazzlinggleam, nuzzle, superfang, thunderbolt] ttype=flying
INFO     Sampling 2 unrevealed pokemon
INFO     	       skuntank    aftermath      lifeorb [gunkshot, knockoff, suckerpunch, toxicspikes] ttype=poison
INFO     	            muk  poisontouch    leftovers [drainpunch, knockoff, poisonjab, toxicspikes] ttype=dark
INFO     Sampling battle 8
INFO     	      gastrodon   stormdrain    leftovers [earthquake, recover, spikes, surf] ttype=poison
INFO     	        dedenne   cheekpouch  sitrusberry [dazzlinggleam, nuzzle, superfang, thunderbolt] ttype=flying
INFO     Sampling 2 unrevealed pokemon
INFO     	          entei   innerfocus   choiceband [extremespeed, flareblitz, sacredfire, stoneedge] ttype=fire
INFO     	     sandaconda     shedskin   loadeddice [coil, earthquake, rockblast, scaleshot] ttype=dragon
INFO     Sampling battle 9
INFO     	      gastrodon   stormdrain    leftovers [clearsmog, earthquake, recover, surf] ttype=poison
INFO     	        dedenne   cheekpouch  sitrusberry [dazzlinggleam, nuzzle, thunderbolt, uturn] ttype=flying
INFO     Sampling 2 unrevealed pokemon
INFO     	      hitmonlee     unburden    whiteherb [closecombat, knockoff, poisonjab, swordsdance] ttype=fighting
INFO     	   persianalola      furcoat heavydutyboots [knockoff, partingshot, taunt, thunderwave] ttype=ghost
INFO     Sampling battle 10
INFO     	      gastrodon   stormdrain    leftovers [earthquake, icebeam, recover, surf] ttype=poison
INFO     	        dedenne   cheekpouch  sitrusberry [dazzlinggleam, superfang, thunderbolt, uturn] ttype=flying
INFO     Sampling 2 unrevealed pokemon
INFO     	      cresselia     levitate    leftovers [calmmind, moonlight, psyshock, thunderbolt] ttype=electric
INFO     	    stonjourner    powerspot      lifeorb [earthquake, heatcrash, stealthrock, stoneedge] ttype=ground
INFO     Sampling battle 11
INFO     	      gastrodon   stormdrain    leftovers [earthquake, icebeam, recover, spikes] ttype=steel
INFO     	        dedenne   cheekpouch  sitrusberry [dazzlinggleam, nuzzle, superfang, thunderbolt] ttype=flying
INFO     Sampling 2 unrevealed pokemon
INFO     	            mew  synchronize      lifeorb [darkpulse, hydropump, nastyplot, psychic] ttype=dark
INFO     	tornadustherian  regenerator  assaultvest [bleakwindstorm, heatwave, knockoff, uturn] ttype=steel
INFO     Sampling battle 12
INFO     	      gastrodon   stormdrain    leftovers [earthquake, recover, stealthrock, surf] ttype=poison
INFO     	        dedenne   cheekpouch  sitrusberry [dazzlinggleam, nuzzle, superfang, thunderbolt] ttype=flying
INFO     Sampling 2 unrevealed pokemon
INFO     	      registeel    clearbody    leftovers [bodypress, irondefense, ironhead, thunderwave] ttype=fighting
INFO     	      salamence   intimidate heavydutyboots [dragondance, dualwingbeat, earthquake, outrage] ttype=dragon
INFO     Sampling battle 13
INFO     	      gastrodon   stormdrain    leftovers [earthquake, icebeam, recover, spikes] ttype=steel
INFO     	        dedenne   cheekpouch  sitrusberry [dazzlinggleam, superfang, thunderbolt, uturn] ttype=flying
INFO     Sampling 2 unrevealed pokemon
INFO     	        sableye    prankster    leftovers [encore, knockoff, recover, willowisp] ttype=steel
INFO     	 exeggutoralola      harvest  sitrusberry [calmmind, dragonpulse, flamethrower, gigadrain] ttype=steel
INFO     Sampling battle 14
INFO     	      gastrodon   stormdrain    leftovers [earthquake, recover, stealthrock, surf] ttype=poison
INFO     	        dedenne   cheekpouch  sitrusberry [dazzlinggleam, nuzzle, thunderbolt, uturn] ttype=flying
INFO     Sampling 2 unrevealed pokemon
INFO     	       medicham    purepower  choicescarf [closecombat, icepunch, trick, zenheadbutt] ttype=fighting
INFO     	necrozmadawnwings   prismarmor      lifeorb [brickbreak, dragondance, moongeistbeam, photongeyser] ttype=fighting
INFO     Sampling battle 15
INFO     	      gastrodon   stormdrain    leftovers [earthquake, icebeam, recover, spikes] ttype=steel
INFO     	        dedenne   cheekpouch  sitrusberry [dazzlinggleam, superfang, thunderbolt, uturn] ttype=flying
INFO     Sampling 2 unrevealed pokemon
INFO     	   slowbrogalar  regenerator    leftovers [psychic, shellsidearm, slackoff, thunderwave] ttype=poison
INFO     	     houndstone       fluffy    leftovers [bodypress, poltergeist, rest, sleeptalk] ttype=fighting
INFO     Searching for a move using MCTS...
INFO     Sampling 16 battles at 500ms each
INFO     Iterations 1: 90000
INFO     Iterations 3: 107000
INFO     Iterations 2: 98000
INFO     Iterations 7: 93000
INFO     Iterations 4: 102000
INFO     Iterations 6: 98000
INFO     Iterations 5: 105000
INFO     Iterations 0: 100000
INFO     Iterations 9: 94000
INFO     Iterations 8: 80000
INFO     Iterations 10: 90000
INFO     Iterations 12: 84000
INFO     Iterations 11: 84000
INFO     Iterations 13: 83000
INFO     Iterations 14: 87000
INFO     Iterations 15: 89000
INFO     Policy 0: crunch-tera visited 96.79% avg_score=0.675 sample_chance_multiplier=0.062
INFO     Policy 1: crunch-tera visited 62.51% avg_score=0.165 sample_chance_multiplier=0.062
INFO     Policy 2: crunch-tera visited 83.69% avg_score=0.28 sample_chance_multiplier=0.062
INFO     Policy 3: crunch-tera visited 92.71% avg_score=0.559 sample_chance_multiplier=0.062
INFO     Policy 4: crunch visited 93.84% avg_score=0.296 sample_chance_multiplier=0.062
INFO     Policy 5: crunch-tera visited 95.22% avg_score=0.566 sample_chance_multiplier=0.062
INFO     Policy 6: crunch-tera visited 92.31% avg_score=0.484 sample_chance_multiplier=0.062
INFO     Policy 7: crunch-tera visited 44.35% avg_score=0.153 sample_chance_multiplier=0.062
INFO     Policy 8: crunch-tera visited 76.95% avg_score=0.207 sample_chance_multiplier=0.062
INFO     Policy 9: crunch-tera visited 91.45% avg_score=0.553 sample_chance_multiplier=0.062
INFO     Policy 10: crunch-tera visited 95.11% avg_score=0.537 sample_chance_multiplier=0.062
INFO     Policy 11: crunch-tera visited 96.46% avg_score=0.616 sample_chance_multiplier=0.062
INFO     Policy 12: crunch-tera visited 45.17% avg_score=0.352 sample_chance_multiplier=0.062
INFO     Policy 13: crunch-tera visited 96.06% avg_score=0.623 sample_chance_multiplier=0.062
INFO     Policy 14: crunch-tera visited 95.96% avg_score=0.627 sample_chance_multiplier=0.062
INFO     Policy 15: crunch-tera visited 96.26% avg_score=0.627 sample_chance_multiplier=0.062
INFO     Considered Choices:
INFO     	79.002%: crunch-tera
INFO     Choice: crunch-tera
INFO     drednaw terastallized. Tera type: dark, Original types: ['water', 'rock']
INFO     drednaw already has the move crunch. Decrementing the PP by 1
INFO     drednaw used a dark move, removing darkgem from possible items
INFO     Setting drednaw's last used move: crunch
INFO     drednaw used a damaging move - not guessing lifeorb anymore
INFO     drednaw did 100.0% damage to gastrodon with crunch
INFO     gastrodon has less than maxhp during upkeep, no longer guessing leftovers or blacksludge
INFO     Opponent has switched - clearing the last used move
INFO     
INFO     Turn: 11
INFO     Sampling battle 0
INFO     	        dedenne   cheekpouch  sitrusberry [dazzlinggleam, superfang, thunderbolt, uturn] ttype=flying
INFO     Sampling 2 unrevealed pokemon
INFO     	       vikavolt     levitate heavydutyboots [bugbuzz, energyball, stickyweb, thunderbolt] ttype=electric
INFO     	   avalugghisui       sturdy heavydutyboots [avalanche, bodypress, recover, stoneedge] ttype=flying
INFO     Sampling battle 1
INFO     	        dedenne   cheekpouch  sitrusberry [dazzlinggleam, nuzzle, superfang, thunderbolt] ttype=flying
INFO     Sampling 2 unrevealed pokemon
INFO     	enamorustherian     overcoat  assaultvest [earthpower, moonblast, psychic, superpower] ttype=ground
INFO     	       tornadus      defiant  choicespecs [bleakwindstorm, grassknot, heatwave, uturn] ttype=fire
INFO     Sampling battle 2
INFO     	        dedenne   cheekpouch  sitrusberry [dazzlinggleam, nuzzle, thunderbolt, uturn] ttype=flying
INFO     Sampling 2 unrevealed pokemon
INFO     	      passimian      defiant    leftovers [bulkup, drainpunch, gunkshot, knockoff] ttype=dark
INFO     	         luxray   intimidate  assaultvest [icefang, throatchop, voltswitch, wildcharge] ttype=electric
INFO     Sampling battle 3
INFO     	        dedenne   cheekpouch  sitrusberry [dazzlinggleam, superfang, thunderbolt, uturn] ttype=flying
INFO     Sampling 2 unrevealed pokemon
INFO     	   arceusdragon    multitype   dracoplate [dragondance, flareblitz, heavyslam, outrage] ttype=steel
INFO     	     toedscruel myceliummight    leftovers [earthpower, leafstorm, rapidspin, spore] ttype=water
INFO     Sampling battle 4
INFO     	        dedenne   cheekpouch  sitrusberry [dazzlinggleam, superfang, thunderbolt, uturn] ttype=flying
INFO     Sampling 2 unrevealed pokemon
INFO     	ogerponcornerstone       sturdy cornerstonemask [ivycudgel, powerwhip, superpower, synthesis] ttype=rock
INFO     	  arceuspsychic    multitype    mindplate [bodypress, cosmicpower, recover, storedpower] ttype=steel
INFO     Sampling battle 5
INFO     	        dedenne   cheekpouch  sitrusberry [dazzlinggleam, nuzzle, superfang, thunderbolt] ttype=flying
INFO     Sampling 2 unrevealed pokemon
INFO     	   moltresgalar      berserk weaknesspolicy [agility, fierywrath, hurricane, nastyplot] ttype=dark
INFO     	         rabsca  synchronize heavydutyboots [bugbuzz, earthpower, psychic, revivalblessing] ttype=steel
INFO     Sampling battle 6
INFO     	        dedenne   cheekpouch  sitrusberry [dazzlinggleam, nuzzle, superfang, thunderbolt] ttype=flying
INFO     Sampling 2 unrevealed pokemon
INFO     	         tinglu vesselofruin  assaultvest [earthquake, heavyslam, payback, ruination] ttype=steel
INFO     	       indeedee psychicsurge      lifeorb [calmmind, expandingforce, hypervoice, shadowball] ttype=psychic
INFO     Sampling battle 7
INFO     	        dedenne   cheekpouch  sitrusberry [dazzlinggleam, nuzzle, superfang, thunderbolt] ttype=flying
INFO     Sampling 2 unrevealed pokemon
INFO     	         emboar     reckless    leftovers [bulkup, drainpunch, flareblitz, trailblaze] ttype=grass
INFO     	       mukalola  poisontouch  assaultvest [drainpunch, icepunch, knockoff, poisonjab] ttype=fighting
INFO     Sampling battle 8
INFO     	        dedenne   cheekpouch  sitrusberry [dazzlinggleam, superfang, thunderbolt, uturn] ttype=flying
INFO     Sampling 2 unrevealed pokemon
INFO     	         gogoat    sapsipper    leftovers [bulkup, earthquake, hornleech, milkdrink] ttype=ground
INFO     	       hariyama         guts     flameorb [bulletpunch, closecombat, facade, knockoff] ttype=normal
INFO     Sampling battle 9
INFO     	        dedenne   cheekpouch  sitrusberry [dazzlinggleam, nuzzle, superfang, thunderbolt] ttype=flying
INFO     Sampling 2 unrevealed pokemon
INFO     	         minior  shieldsdown    whiteherb [acrobatics, earthquake, powergem, shellsmash] ttype=ground
INFO     	        moltres    flamebody heavydutyboots [bravebird, fireblast, roost, willowisp] ttype=dragon
INFO     Sampling battle 10
INFO     	        dedenne   cheekpouch  sitrusberry [dazzlinggleam, superfang, thunderbolt, uturn] ttype=flying
INFO     Sampling 2 unrevealed pokemon
INFO     	      dragonite   multiscale heavydutyboots [dragondance, earthquake, outrage, terablast] ttype=flying
INFO     	       tsareena queenlymajesty  assaultvest [highjumpkick, powerwhip, rapidspin, tripleaxel] ttype=fighting
INFO     Sampling battle 11
INFO     	        dedenne   cheekpouch  sitrusberry [dazzlinggleam, nuzzle, thunderbolt, uturn] ttype=flying
INFO     Sampling 2 unrevealed pokemon
INFO     	      armarouge    weakarmor    powerherb [armorcannon, energyball, meteorbeam, psyshock] ttype=grass
INFO     	         komala     comatose  assaultvest [bodyslam, earthquake, knockoff, rapidspin] ttype=ghost
INFO     Sampling battle 12
INFO     	        dedenne   cheekpouch  sitrusberry [dazzlinggleam, nuzzle, superfang, thunderbolt] ttype=flying
INFO     Sampling 2 unrevealed pokemon
INFO     	   zoroarkhisui     illusion  choicespecs [bittermalice, focusblast, hypervoice, trick] ttype=fighting
INFO     	      gholdengo   goodasgold    leftovers [focusblast, makeitrain, nastyplot, shadowball] ttype=ghost
INFO     Sampling battle 13
INFO     	        dedenne   cheekpouch  sitrusberry [dazzlinggleam, nuzzle, superfang, thunderbolt] ttype=flying
INFO     Sampling 2 unrevealed pokemon
INFO     	   crabominable     ironfist   choiceband [closecombat, earthquake, icehammer, knockoff] ttype=ground
INFO     	      dragonite   multiscale heavydutyboots [dragondance, earthquake, outrage, roost] ttype=ground
INFO     Sampling battle 14
INFO     	        dedenne   cheekpouch  sitrusberry [dazzlinggleam, superfang, thunderbolt, uturn] ttype=flying
INFO     Sampling 2 unrevealed pokemon
INFO     	   persianalola      furcoat      lifeorb [darkpulse, nastyplot, terablast, thunderbolt] ttype=fairy
INFO     	 arceusfighting    multitype    fistplate [bodypress, cosmicpower, recover, storedpower] ttype=steel
INFO     Sampling battle 15
INFO     	        dedenne   cheekpouch  sitrusberry [dazzlinggleam, superfang, thunderbolt, uturn] ttype=flying
INFO     Sampling 2 unrevealed pokemon
INFO     	    arceussteel    multitype    ironplate [earthquake, judgment, recover, willowisp] ttype=ghost
INFO     	      spiritomb  infiltrator    leftovers [foulplay, poltergeist, shadowsneak, willowisp] ttype=steel
INFO     Searching for a move using MCTS...
INFO     Sampling 16 battles at 500ms each
INFO     Iterations 6: 226000
INFO     Iterations 7: 210000
INFO     Iterations 1: 110000
INFO     Iterations 4: 100000
INFO     Iterations 3: 120000
INFO     Iterations 5: 124000
INFO     Iterations 0: 86000
INFO     Iterations 2: 79000
INFO     Iterations 9: 134000
INFO     Iterations 11: 219000
INFO     Iterations 12: 211000
INFO     Iterations 8: 90000
INFO     Iterations 13: 94000
INFO     Iterations 10: 95000
INFO     Iterations 15: 117000
INFO     Iterations 14: 85000
INFO     Policy 0: liquidation visited 90.2% avg_score=0.45 sample_chance_multiplier=0.062
INFO     Policy 1: liquidation visited 98.4% avg_score=0.726 sample_chance_multiplier=0.062
INFO     Policy 2: liquidation visited 81.47% avg_score=0.31 sample_chance_multiplier=0.062
INFO     Policy 3: liquidation visited 98.11% avg_score=0.763 sample_chance_multiplier=0.062
INFO     Policy 4: liquidation visited 94.79% avg_score=0.503 sample_chance_multiplier=0.062
INFO     Policy 5: liquidation visited 98.3% avg_score=0.762 sample_chance_multiplier=0.062
INFO     Policy 6: liquidation visited 99.42% avg_score=0.941 sample_chance_multiplier=0.062
INFO     Policy 7: liquidation visited 99.1% avg_score=0.925 sample_chance_multiplier=0.062
INFO     Policy 8: liquidation visited 55.04% avg_score=0.153 sample_chance_multiplier=0.062
INFO     Policy 9: liquidation visited 97.7% avg_score=0.759 sample_chance_multiplier=0.062
INFO     Policy 10: liquidation visited 96.88% avg_score=0.586 sample_chance_multiplier=0.062
INFO     Policy 11: liquidation visited 99.29% avg_score=0.941 sample_chance_multiplier=0.062
INFO     Policy 12: liquidation visited 99.31% avg_score=0.939 sample_chance_multiplier=0.062
INFO     Policy 13: liquidation visited 96.58% avg_score=0.565 sample_chance_multiplier=0.062
INFO     Policy 14: liquidation visited 82.85% avg_score=0.34 sample_chance_multiplier=0.062
INFO     Policy 15: liquidation visited 98.55% avg_score=0.754 sample_chance_multiplier=0.062
INFO     Considered Choices:
INFO     	92.875%: liquidation
INFO     Choice: liquidation
INFO     Opponent has switched - clearing the last used move
INFO     weezing switched in, adding intimidate to impossible abilities
INFO     weezing switched in, adding pressure to impossible abilities
INFO     weezing switched in, adding neutralizinggas to impossible abilities
INFO     weezing switched in, adding sandstream to impossible abilities
INFO     weezing switched in, adding drought to impossible abilities
INFO     weezing switched in, adding drizzle to impossible abilities
INFO     weezing switched in, adding snowwarning to impossible abilities
INFO     weezing switched in, adding boosterenergy to impossible items
INFO     weezing switched in, adding airballoon to impossible items
INFO     drednaw already has the move liquidation. Decrementing the PP by 1
INFO     drednaw used a water move, removing watergem from possible items
INFO     Setting drednaw's last used move: liquidation
INFO     drednaw used a damaging move - not guessing lifeorb anymore
INFO     drednaw did 88.0% damage to weezing with liquidation
INFO     Setting weezing's item to: leftovers
INFO     weezing has less than maxhp during upkeep, no longer guessing leftovers or blacksludge
INFO     
INFO     Turn: 12
INFO     Sampling battle 0
INFO     	        weezing     levitate    leftovers [fireblast, painsplit, sludgebomb, toxicspikes] ttype=steel
INFO     	        dedenne   cheekpouch  sitrusberry [dazzlinggleam, superfang, thunderbolt, uturn] ttype=flying
INFO     Sampling 1 unrevealed pokemon
INFO     	      rillaboom  grassysurge   choiceband [grassyglide, highhorsepower, uturn, woodhammer] ttype=grass
INFO     Sampling battle 1
INFO     	        weezing     levitate    leftovers [fireblast, painsplit, sludgebomb, willowisp] ttype=steel
INFO     	        dedenne   cheekpouch  sitrusberry [dazzlinggleam, nuzzle, thunderbolt, uturn] ttype=flying
INFO     Sampling 1 unrevealed pokemon
INFO     	         zekrom     teravolt    leftovers [boltstrike, dragondance, outrage, substitute] ttype=electric
INFO     Sampling battle 2
INFO     	        weezing     levitate    leftovers [fireblast, painsplit, sludgebomb, toxicspikes] ttype=steel
INFO     	        dedenne   cheekpouch  sitrusberry [dazzlinggleam, nuzzle, thunderbolt, uturn] ttype=flying
INFO     Sampling 1 unrevealed pokemon
INFO     	        seviper  infiltrator  choicescarf [earthquake, gigadrain, gunkshot, switcheroo] ttype=grass
INFO     Sampling battle 3
INFO     	        weezing     levitate    leftovers [fireblast, painsplit, sludgebomb, toxicspikes] ttype=steel
INFO     	        dedenne   cheekpouch  sitrusberry [dazzlinggleam, superfang, thunderbolt, uturn] ttype=flying
INFO     Sampling 1 unrevealed pokemon
INFO     	       regirock    clearbody    leftovers [bodypress, irondefense, stoneedge, thunderwave] ttype=fighting
INFO     Sampling battle 4
INFO     	        weezing     levitate    leftovers [fireblast, gunkshot, painsplit, toxicspikes] ttype=steel
INFO     	        dedenne   cheekpouch  sitrusberry [dazzlinggleam, nuzzle, superfang, thunderbolt] ttype=flying
INFO     Sampling 1 unrevealed pokemon
INFO     	      cinderace       libero heavydutyboots [courtchange, pyroball, uturn, willowisp] ttype=grass
INFO     Sampling battle 5
INFO     	        weezing     levitate    leftovers [fireblast, gunkshot, painsplit, willowisp] ttype=steel
INFO     	        dedenne   cheekpouch  sitrusberry [dazzlinggleam, superfang, thunderbolt, uturn] ttype=flying
INFO     Sampling 1 unrevealed pokemon
INFO     	       ironmoth   quarkdrive  choicespecs [energyball, fierydance, sludgewave, uturn] ttype=grass
INFO     Sampling battle 6
INFO     	        weezing     levitate    leftovers [fireblast, gunkshot, painsplit, willowisp] ttype=steel
INFO     	        dedenne   cheekpouch  sitrusberry [dazzlinggleam, nuzzle, superfang, thunderbolt] ttype=flying
INFO     Sampling 1 unrevealed pokemon
INFO     	      greattusk protosynthesis    leftovers [bulkup, closecombat, earthquake, rapidspin] ttype=ground
INFO     Sampling battle 7
INFO     	        weezing     levitate    leftovers [fireblast, gunkshot, painsplit, willowisp] ttype=steel
INFO     	        dedenne   cheekpouch  sitrusberry [dazzlinggleam, nuzzle, superfang, thunderbolt] ttype=flying
INFO     Sampling 1 unrevealed pokemon
INFO     	     talonflame    galewings heavydutyboots [bravebird, flareblitz, swordsdance, terablast] ttype=ground
INFO     Sampling battle 8
INFO     	        weezing     levitate    leftovers [fireblast, painsplit, sludgebomb, willowisp] ttype=steel
INFO     	        dedenne   cheekpouch  sitrusberry [dazzlinggleam, nuzzle, thunderbolt, uturn] ttype=flying
INFO     Sampling 1 unrevealed pokemon
INFO     	  calyrexshadow asonespectrier      lifeorb [astralbarrage, nastyplot, pollenpuff, psyshock] ttype=dark
INFO     Sampling battle 9
INFO     	        weezing     levitate    leftovers [fireblast, painsplit, sludgebomb, toxicspikes] ttype=steel
INFO     	        dedenne   cheekpouch  sitrusberry [dazzlinggleam, nuzzle, thunderbolt, uturn] ttype=flying
INFO     Sampling 1 unrevealed pokemon
INFO     	    kyuremblack     teravolt   loadeddice [dragondance, fusionbolt, iciclespear, scaleshot] ttype=electric
INFO     Sampling battle 10
INFO     	        weezing     levitate    leftovers [fireblast, painsplit, sludgebomb, toxicspikes] ttype=steel
INFO     	        dedenne   cheekpouch  sitrusberry [dazzlinggleam, nuzzle, thunderbolt, uturn] ttype=flying
INFO     Sampling 1 unrevealed pokemon
INFO     	necrozmadawnwings   prismarmor      lifeorb [brickbreak, dragondance, moongeistbeam, photongeyser] ttype=fighting
INFO     Sampling battle 11
INFO     	        weezing     levitate    leftovers [fireblast, painsplit, sludgebomb, toxicspikes] ttype=steel
INFO     	        dedenne   cheekpouch  sitrusberry [dazzlinggleam, nuzzle, superfang, thunderbolt] ttype=flying
INFO     Sampling 1 unrevealed pokemon
INFO     	      staraptor     reckless  choicescarf [bravebird, closecombat, doubleedge, uturn] ttype=fighting
INFO     Sampling battle 12
INFO     	        weezing     levitate    leftovers [fireblast, gunkshot, painsplit, toxicspikes] ttype=steel
INFO     	        dedenne   cheekpouch  sitrusberry [dazzlinggleam, nuzzle, thunderbolt, uturn] ttype=flying
INFO     Sampling 1 unrevealed pokemon
INFO     	      metagross    clearbody    leftovers [bulletpunch, heavyslam, knockoff, stealthrock] ttype=water
INFO     Sampling battle 13
INFO     	        weezing     levitate    leftovers [fireblast, painsplit, sludgebomb, toxicspikes] ttype=steel
INFO     	        dedenne   cheekpouch  sitrusberry [dazzlinggleam, nuzzle, thunderbolt, uturn] ttype=flying
INFO     Sampling 1 unrevealed pokemon
INFO     	       illumise    prankster heavydutyboots [bugbuzz, encore, roost, thunderwave] ttype=water
INFO     Sampling battle 14
INFO     	        weezing     levitate    leftovers [fireblast, painsplit, sludgebomb, willowisp] ttype=steel
INFO     	        dedenne   cheekpouch  sitrusberry [dazzlinggleam, superfang, thunderbolt, uturn] ttype=flying
INFO     Sampling 1 unrevealed pokemon
INFO     	       appletun     thickfat    leftovers [appleacid, dracometeor, leechseed, recover] ttype=steel
INFO     Sampling battle 15
INFO     	        weezing     levitate    leftovers [fireblast, gunkshot, painsplit, willowisp] ttype=steel
INFO     	        dedenne   cheekpouch  sitrusberry [dazzlinggleam, nuzzle, superfang, thunderbolt] ttype=flying
INFO     Sampling 1 unrevealed pokemon
INFO     	 exeggutoralola      harvest  sitrusberry [calmmind, dragonpulse, flamethrower, gigadrain] ttype=fire
INFO     Searching for a move using MCTS...
INFO     Sampling 16 battles at 500ms each
INFO     Iterations 5: 269000
INFO     Iterations 2: 276000
INFO     Iterations 3: 278000
INFO     Iterations 4: 258000
INFO     Iterations 6: 274000
INFO     Iterations 1: 170000
INFO     Iterations 0: 135000
INFO     Iterations 7: 99000
INFO     Iterations 11: 160000
INFO     Iterations 8: 162000
INFO     Iterations 10: 155000
INFO     Iterations 9: 119000
INFO     Iterations 13: 204000
INFO     Iterations 12: 94000
INFO     Iterations 15: 165000
INFO     Iterations 14: 163000
INFO     Policy 0: crunch visited 95.05% avg_score=0.651 sample_chance_multiplier=0.062
INFO     Policy 1: crunch visited 97.52% avg_score=0.832 sample_chance_multiplier=0.062
INFO     Policy 2: liquidation visited 98.57% avg_score=0.956 sample_chance_multiplier=0.062
INFO     Policy 3: liquidation visited 98.59% avg_score=0.955 sample_chance_multiplier=0.062
INFO     Policy 4: liquidation visited 98.22% avg_score=0.951 sample_chance_multiplier=0.062
INFO     Policy 5: liquidation visited 98.41% avg_score=0.956 sample_chance_multiplier=0.062
INFO     Policy 6: liquidation visited 98.52% avg_score=0.957 sample_chance_multiplier=0.062
INFO     Policy 7: liquidation visited 28.13% avg_score=0.097 sample_chance_multiplier=0.062
INFO     Policy 8: crunch visited 96.71% avg_score=0.869 sample_chance_multiplier=0.062
INFO     Policy 9: liquidation visited 96.0% avg_score=0.768 sample_chance_multiplier=0.062
INFO     Policy 10: liquidation visited 97.59% avg_score=0.858 sample_chance_multiplier=0.062
INFO     Policy 11: crunch visited 97.22% avg_score=0.866 sample_chance_multiplier=0.062
INFO     Policy 12: crunch visited 63.63% avg_score=0.296 sample_chance_multiplier=0.062
INFO     Policy 13: liquidation visited 98.37% avg_score=0.942 sample_chance_multiplier=0.062
INFO     Policy 14: crunch visited 98.43% avg_score=0.858 sample_chance_multiplier=0.062
INFO     Policy 15: crunch visited 97.85% avg_score=0.861 sample_chance_multiplier=0.062
INFO     Considered Choices:
INFO     	52.084%: liquidation
INFO     	42.588%: crunch
INFO     Choice: liquidation
INFO     Opponent has switched - clearing the last used move
INFO     drednaw already has the move liquidation. Decrementing the PP by 1
INFO     drednaw used a water move, removing watergem from possible items
INFO     Setting drednaw's last used move: liquidation
INFO     drednaw used a damaging move - not guessing lifeorb anymore
INFO     drednaw did 100.0% damage to dedenne with liquidation
INFO     dedenne has less than maxhp during upkeep, no longer guessing leftovers or blacksludge
INFO     Opponent has switched - clearing the last used move
INFO     
INFO     Turn: 13
INFO     Sampling battle 0
INFO     	        weezing     levitate    leftovers [fireblast, painsplit, sludgebomb, willowisp] ttype=steel
INFO     Sampling 1 unrevealed pokemon
INFO     	       solgaleo fullmetalbody weaknesspolicy [closecombat, flamecharge, knockoff, sunsteelstrike] ttype=fighting
INFO     Sampling battle 1
INFO     	        weezing     levitate    leftovers [fireblast, painsplit, sludgebomb, toxicspikes] ttype=steel
INFO     Sampling 1 unrevealed pokemon
INFO     	      probopass   magnetpull  chestoberry [bodypress, irondefense, powergem, rest] ttype=fighting
INFO     Sampling battle 2
INFO     	        weezing     levitate    leftovers [fireblast, gunkshot, painsplit, toxicspikes] ttype=steel
INFO     Sampling 1 unrevealed pokemon
INFO     	   moltresgalar      berserk  chestoberry [fierywrath, hurricane, nastyplot, rest] ttype=dark
INFO     Sampling battle 3
INFO     	        weezing     levitate    leftovers [fireblast, painsplit, sludgebomb, toxicspikes] ttype=steel
INFO     Sampling 1 unrevealed pokemon
INFO     	      tyranitar   sandstream  assaultvest [dragontail, icebeam, knockoff, stoneedge] ttype=ghost
INFO     Sampling battle 4
INFO     	        weezing     levitate    leftovers [fireblast, painsplit, sludgebomb, toxicspikes] ttype=steel
INFO     Sampling 1 unrevealed pokemon
INFO     	      ninetales      drought heavydutyboots [fireblast, nastyplot, scorchingsands, solarbeam] ttype=grass
INFO     Sampling battle 5
INFO     	        weezing     levitate    leftovers [fireblast, gunkshot, painsplit, toxicspikes] ttype=steel
INFO     Sampling 1 unrevealed pokemon
INFO     	      kingambit supremeoverlord    leftovers [ironhead, kowtowcleave, suckerpunch, swordsdance] ttype=dark
INFO     Sampling battle 6
INFO     	        weezing     levitate    leftovers [fireblast, painsplit, sludgebomb, toxicspikes] ttype=steel
INFO     Sampling 1 unrevealed pokemon
INFO     	lycanrocmidnight      noguard   choiceband [closecombat, playrough, stoneedge, suckerpunch] ttype=fighting
INFO     Sampling battle 7
INFO     	        weezing     levitate    leftovers [fireblast, painsplit, sludgebomb, willowisp] ttype=steel
INFO     Sampling 1 unrevealed pokemon
INFO     	        noivern  infiltrator  choicespecs [boomburst, dracometeor, flamethrower, hurricane] ttype=normal
INFO     Sampling battle 8
INFO     	        weezing     levitate    leftovers [fireblast, gunkshot, painsplit, toxicspikes] ttype=steel
INFO     Sampling 1 unrevealed pokemon
INFO     	          ditto     imposter  choicescarf [transform] ttype=ghost
INFO     Sampling battle 9
INFO     	        weezing     levitate    leftovers [fireblast, gunkshot, painsplit, willowisp] ttype=steel
INFO     Sampling 1 unrevealed pokemon
INFO     	       regirock    clearbody  chestoberry [bodypress, curse, rest, stoneedge] ttype=fighting
INFO     Sampling battle 10
INFO     	        weezing     levitate    leftovers [fireblast, gunkshot, painsplit, toxicspikes] ttype=steel
INFO     Sampling 1 unrevealed pokemon
INFO     	       overqwil   intimidate      lifeorb [crunch, gunkshot, liquidation, swordsdance] ttype=water
INFO     Sampling battle 11
INFO     	        weezing     levitate    leftovers [fireblast, painsplit, sludgebomb, willowisp] ttype=steel
INFO     Sampling 1 unrevealed pokemon
INFO     	     mabosstiff     stakeout  choicescarf [crunch, playrough, psychicfangs, wildcharge] ttype=fairy
INFO     Sampling battle 12
INFO     	        weezing     levitate    leftovers [fireblast, gunkshot, painsplit, willowisp] ttype=steel
INFO     Sampling 1 unrevealed pokemon
INFO     	       lurantis     contrary  assaultvest [knockoff, leafstorm, leechlife, superpower] ttype=fighting
INFO     Sampling battle 13
INFO     	        weezing     levitate    leftovers [fireblast, gunkshot, painsplit, willowisp] ttype=steel
INFO     Sampling 1 unrevealed pokemon
INFO     	     scovillain  chlorophyll heavydutyboots [energyball, fireblast, stompingtantrum, sunnyday] ttype=ground
INFO     Sampling battle 14
INFO     	        weezing     levitate    leftovers [fireblast, gunkshot, painsplit, willowisp] ttype=steel
INFO     Sampling 1 unrevealed pokemon
INFO     	 lilliganthisui       hustle      lifeorb [closecombat, icespinner, leafblade, victorydance] ttype=fighting
INFO     Sampling battle 15
INFO     	        weezing     levitate    leftovers [fireblast, gunkshot, painsplit, toxicspikes] ttype=steel
INFO     Sampling 1 unrevealed pokemon
INFO     	      terapagos    terashift heavydutyboots [calmmind, earthpower, rapidspin, terastarstorm] ttype=stellar
INFO     Searching for a move using MCTS...
INFO     Sampling 16 battles at 500ms each
INFO     Iterations 2: 661000
INFO     Iterations 1: 635000
INFO     Iterations 7: 620000
INFO     Iterations 4: 599000
INFO     Iterations 3: 596000
INFO     Iterations 0: 619000
INFO     Iterations 6: 463000
INFO     Iterations 5: 317000
INFO     Iterations 9: 519000
INFO     Iterations 8: 446000
INFO     Iterations 12: 536000
INFO     Iterations 11: 329000
INFO     Iterations 15: 504000
INFO     Iterations 13: 509000
INFO     Iterations 14: 442000
INFO     Iterations 10: 196000
INFO     Policy 0: crunch visited 99.95% avg_score=0.998 sample_chance_multiplier=0.062
INFO     Policy 1: liquidation visited 99.94% avg_score=0.998 sample_chance_multiplier=0.062
INFO     Policy 2: liquidation visited 99.95% avg_score=0.997 sample_chance_multiplier=0.062
INFO     Policy 3: liquidation visited 99.94% avg_score=0.997 sample_chance_multiplier=0.062
INFO     Policy 4: liquidation visited 99.92% avg_score=0.998 sample_chance_multiplier=0.062
INFO     Policy 5: liquidation visited 98.79% avg_score=0.969 sample_chance_multiplier=0.062
INFO     Policy 6: liquidation visited 99.44% avg_score=0.994 sample_chance_multiplier=0.062
INFO     Policy 7: crunch visited 99.95% avg_score=0.998 sample_chance_multiplier=0.062
INFO     Policy 8: liquidation visited 99.81% avg_score=0.992 sample_chance_multiplier=0.062
INFO     Policy 9: liquidation visited 99.94% avg_score=0.998 sample_chance_multiplier=0.062
INFO     Policy 10: liquidation visited 99.62% avg_score=0.956 sample_chance_multiplier=0.062
INFO     Policy 11: crunch visited 99.75% avg_score=0.975 sample_chance_multiplier=0.062
INFO     Policy 12: crunch visited 99.92% avg_score=0.997 sample_chance_multiplier=0.062
INFO     Policy 13: liquidation visited 49.99% avg_score=0.995 sample_chance_multiplier=0.062
INFO     Policy 14: crunch visited 99.9% avg_score=0.992 sample_chance_multiplier=0.062
INFO     Policy 15: crunch visited 99.87% avg_score=0.997 sample_chance_multiplier=0.062
INFO     Considered Choices:
INFO     	59.227%: liquidation
INFO     Choice: liquidation
INFO     drednaw already has the move liquidation. Decrementing the PP by 1
INFO     drednaw used a water move, removing watergem from possible items
INFO     Setting drednaw's last used move: liquidation
INFO     drednaw used a damaging move - not guessing lifeorb anymore
INFO     drednaw did 18.0% damage to weezing with liquidation
INFO     weezing has less than maxhp during upkeep, no longer guessing leftovers or blacksludge
INFO     Opponent has switched - clearing the last used move
INFO     sneasler switched in, adding intimidate to impossible abilities
INFO     sneasler switched in, adding pressure to impossible abilities
INFO     sneasler switched in, adding neutralizinggas to impossible abilities
INFO     sneasler switched in, adding sandstream to impossible abilities
INFO     sneasler switched in, adding drought to impossible abilities
INFO     sneasler switched in, adding drizzle to impossible abilities
INFO     sneasler switched in, adding snowwarning to impossible abilities
INFO     sneasler switched in, adding boosterenergy to impossible items
INFO     sneasler switched in, adding airballoon to impossible items
INFO     
INFO     Turn: 14
INFO     Sampling battle 0
INFO     	       sneasler     unburden    whiteherb [acrobatics, closecombat, direclaw, swordsdance] ttype=flying
INFO     Sampling battle 1
INFO     	       sneasler     unburden    whiteherb [acrobatics, closecombat, direclaw, swordsdance] ttype=flying
INFO     Sampling battle 2
INFO     	       sneasler  poisontouch   choiceband [closecombat, direclaw, throatchop, uturn] ttype=fighting
INFO     Sampling battle 3
INFO     	       sneasler  poisontouch   choiceband [closecombat, direclaw, throatchop, uturn] ttype=fighting
INFO     Sampling battle 4
INFO     	       sneasler  poisontouch   choiceband [closecombat, direclaw, throatchop, uturn] ttype=fighting
INFO     Sampling battle 5
INFO     	       sneasler     unburden    whiteherb [acrobatics, closecombat, gunkshot, swordsdance] ttype=flying
INFO     Sampling battle 6
INFO     	       sneasler     unburden    whiteherb [acrobatics, closecombat, gunkshot, swordsdance] ttype=flying
INFO     Sampling battle 7
INFO     	       sneasler     unburden    whiteherb [acrobatics, closecombat, direclaw, swordsdance] ttype=flying
INFO     Sampling battle 8
INFO     	       sneasler  poisontouch   choiceband [closecombat, direclaw, throatchop, uturn] ttype=fighting
INFO     Sampling battle 9
INFO     	       sneasler  poisontouch   choiceband [closecombat, direclaw, throatchop, uturn] ttype=dark
INFO     Sampling battle 10
INFO     	       sneasler     unburden    whiteherb [acrobatics, closecombat, direclaw, swordsdance] ttype=flying
INFO     Sampling battle 11
INFO     	       sneasler     unburden    whiteherb [acrobatics, closecombat, direclaw, swordsdance] ttype=flying
INFO     Sampling battle 12
INFO     	       sneasler  poisontouch   choiceband [closecombat, direclaw, throatchop, uturn] ttype=dark
INFO     Sampling battle 13
INFO     	       sneasler     unburden    whiteherb [acrobatics, closecombat, direclaw, swordsdance] ttype=flying
INFO     Sampling battle 14
INFO     	       sneasler     unburden    whiteherb [acrobatics, closecombat, direclaw, swordsdance] ttype=flying
INFO     Sampling battle 15
INFO     	       sneasler  poisontouch   choiceband [closecombat, direclaw, throatchop, uturn] ttype=dark
INFO     Searching for a move using MCTS...
INFO     Sampling 16 battles at 500ms each
INFO     Iterations 3: 1766000
INFO     Iterations 4: 1747000
INFO     Iterations 6: 1677000
INFO     Iterations 1: 1765000
INFO     Iterations 5: 1702000
INFO     Iterations 2: 1774000
INFO     Iterations 0: 1750000
INFO     Iterations 7: 1685000
INFO     Iterations 8: 1377000
INFO     Iterations 9: 1426000
INFO     Iterations 10: 1378000
INFO     Iterations 12: 1404000
INFO     Iterations 11: 1414000
INFO     Iterations 13: 1414000
INFO     Iterations 14: 1467000
INFO     Iterations 15: 1429000
INFO     Policy 0: liquidation visited 49.98% avg_score=1.0 sample_chance_multiplier=0.062
INFO     Policy 1: liquidation visited 49.98% avg_score=1.0 sample_chance_multiplier=0.062
INFO     Policy 2: liquidation visited 49.99% avg_score=1.0 sample_chance_multiplier=0.062
INFO     Policy 3: liquidation visited 49.99% avg_score=1.0 sample_chance_multiplier=0.062
INFO     Policy 4: liquidation visited 49.98% avg_score=1.0 sample_chance_multiplier=0.062
INFO     Policy 5: liquidation visited 49.98% avg_score=1.0 sample_chance_multiplier=0.062
INFO     Policy 6: liquidation visited 49.98% avg_score=1.0 sample_chance_multiplier=0.062
INFO     Policy 7: liquidation visited 49.98% avg_score=1.0 sample_chance_multiplier=0.062
INFO     Policy 8: liquidation visited 49.99% avg_score=1.0 sample_chance_multiplier=0.062
INFO     Policy 9: liquidation visited 49.98% avg_score=1.0 sample_chance_multiplier=0.062
INFO     Policy 10: liquidation visited 49.98% avg_score=1.0 sample_chance_multiplier=0.062
INFO     Policy 11: liquidation visited 49.98% avg_score=1.0 sample_chance_multiplier=0.062
INFO     Policy 12: liquidation visited 49.98% avg_score=1.0 sample_chance_multiplier=0.062
INFO     Policy 13: liquidation visited 49.98% avg_score=1.0 sample_chance_multiplier=0.062
INFO     Policy 14: liquidation visited 49.98% avg_score=1.0 sample_chance_multiplier=0.062
INFO     Policy 15: liquidation visited 49.98% avg_score=1.0 sample_chance_multiplier=0.062
INFO     Considered Choices:
INFO     	49.982%: liquidation
INFO     	49.981%: crunch
INFO     Choice: crunch
INFO     Winner: lg00x066d507
INFO     Won with team: None
INFO     W: 1	L: 0
