POKE_ENGINE_PROVENANCE {"distribution_version": "0.0.47", "editable": false, "isolated_import_root": "/Users/alityb/projects/metagross/.venv-foul-play/lib/python3.11/site-packages", "mcts_parameters": ["state", "duration_ms", "iterations", "threads", "s1_priors", "s2_priors", "c_puct", "seed"], "mode": "exact_pinned_experimental_runtime", "module_path": "/Users/alityb/projects/metagross/.venv-foul-play/lib/python3.11/site-packages/poke_engine/__init__.py", "native_path": "/Users/alityb/projects/metagross/.venv-foul-play/lib/python3.11/site-packages/poke_engine/poke_engine.cpython-311-darwin.so", "native_reveal_masks": true, "native_sha256": "79bea0e467b32e2958bd5d39595fd728a3068be2950085f7b18fa69943f30d71", "request_root_parameters": ["state", "request_actions", "duration_ms", "iterations", "threads", "s1_priors", "s2_priors", "c_puct", "seed"], "source_path": null}
INFO     Logging in...
INFO     Waiting for a gen9randombattle challenge
INFO     Initialized battle-gen9randombattle-5936 against: lg00x16020c9
INFO     Loaded from cache: /Users/alityb/projects/metagross/srcs/vendor/foul-play/data/pkmn_sets_cache/gen9randombattle.json
INFO     Opponent has switched - clearing the last used move
INFO     armarouge switched in, adding intimidate to impossible abilities
INFO     armarouge switched in, adding pressure to impossible abilities
INFO     armarouge switched in, adding neutralizinggas to impossible abilities
INFO     armarouge switched in, adding sandstream to impossible abilities
INFO     armarouge switched in, adding drought to impossible abilities
INFO     armarouge switched in, adding drizzle to impossible abilities
INFO     armarouge switched in, adding snowwarning to impossible abilities
INFO     armarouge switched in, adding boosterenergy to impossible items
INFO     armarouge switched in, adding airballoon to impossible items
INFO     
INFO     Turn: 1
INFO     loaded 13 player and 0 effective opponent priors
INFO     Sampling battle 0
INFO     	      armarouge    weakarmor    powerherb [armorcannon, energyball, meteorbeam, psyshock] ttype=grass
INFO     Sampling 5 unrevealed pokemon
INFO     	          minun   voltabsorb      lifeorb [encore, grassknot, nastyplot, thunderbolt] ttype=electric
INFO     	       meowstic    prankster    leftovers [alluringvoice, psychicnoise, thunderwave, yawn] ttype=fairy
INFO     	       greedent   cheekpouch  sitrusberry [bodyslam, earthquake, knockoff, swordsdance] ttype=ghost
INFO     	      toxicroak      dryskin      lifeorb [closecombat, gunkshot, suckerpunch, swordsdance] ttype=dark
INFO     	   arceusdragon    multitype   dracoplate [extremespeed, flareblitz, outrage, swordsdance] ttype=fire
INFO     Sampling battle 1
INFO     	      armarouge    weakarmor  choicespecs [armorcannon, aurasphere, energyball, psyshock] ttype=fire
INFO     Sampling 5 unrevealed pokemon
INFO     	       meowstic    prankster    lightclay [lightscreen, psychicnoise, reflect, yawn] ttype=fairy
INFO     	 oricoriopompom       dancer heavydutyboots [hurricane, quiverdance, revelationdance, roost] ttype=ground
INFO     	        lanturn   voltabsorb    leftovers [icebeam, scald, thunderbolt, thunderwave] ttype=flying
INFO     	     copperajah   sheerforce      lifeorb [ironhead, playrough, rockslide, stealthrock] ttype=fairy
INFO     	    arceuswater    multitype  splashplate [icebeam, judgment, recover, willowisp] ttype=steel
INFO     Sampling battle 2
INFO     	      armarouge    weakarmor    powerherb [armorcannon, energyball, meteorbeam, psyshock] ttype=grass
INFO     Sampling 5 unrevealed pokemon
INFO     	        altaria  naturalcure heavydutyboots [bravebird, dragondance, earthquake, roost] ttype=steel
INFO     	    corviknight  mirrorarmor  rockyhelmet [bodypress, bravebird, roost, uturn] ttype=dragon
INFO     	       rotommow     levitate  choicescarf [leafstorm, thunderbolt, trick, voltswitch] ttype=electric
INFO     	       slowking  regenerator    leftovers [psyshock, scald, slackoff, thunderwave] ttype=dragon
INFO     	 decidueyehisui      scrappy    leftovers [knockoff, leafblade, roost, triplearrows] ttype=water
INFO     Sampling battle 3
INFO     	      armarouge    weakarmor    powerherb [armorcannon, energyball, meteorbeam, psyshock] ttype=fire
INFO     Sampling 5 unrevealed pokemon
INFO     	      toucannon      keeneye heavydutyboots [beakblast, boomburst, roost, uturn] ttype=steel
INFO     	         lapras  waterabsorb heavydutyboots [freezedry, rest, sleeptalk, sparklingaria] ttype=ground
INFO     	      heracross         guts     flameorb [closecombat, facade, knockoff, trailblaze] ttype=normal
INFO     	     screamtail protosynthesis    leftovers [dazzlinggleam, protect, thunderwave, wish] ttype=steel
INFO     	   dialgaorigin     pressure adamantcrystal [dracometeor, dragontail, fireblast, heavyslam] ttype=dragon
INFO     Sampling battle 4
INFO     	      armarouge    weakarmor  choicespecs [armorcannon, aurasphere, energyball, psyshock] ttype=fire
INFO     Sampling 5 unrevealed pokemon
INFO     	      infernape        blaze      lifeorb [closecombat, grassknot, overheat, stoneedge] ttype=fighting
INFO     	       venusaur  chlorophyll    leftovers [knockoff, sludgebomb, synthesis, toxic] ttype=dark
INFO     	        shaymin  naturalcure    leftovers [airslash, leechseed, seedflare, substitute] ttype=steel
INFO     	         raikou     pressure    leftovers [calmmind, scald, shadowball, thunderbolt] ttype=electric
INFO     	necrozmadawnwings   prismarmor      lifeorb [brickbreak, dragondance, moongeistbeam, photongeyser] ttype=fighting
INFO     Sampling battle 5
INFO     	      armarouge    weakarmor    powerherb [armorcannon, energyball, meteorbeam, psyshock] ttype=fire
INFO     Sampling 5 unrevealed pokemon
INFO     	       chimecho     levitate    leftovers [cosmicpower, dazzlinggleam, recover, storedpower] ttype=steel
INFO     	      rampardos   sheerforce  choicescarf [earthquake, firepunch, headsmash, rockslide] ttype=rock
INFO     	         tauros   sheerforce      lifeorb [bodyslam, closecombat, earthquake, throatchop] ttype=normal
INFO     	         furret        frisk   choiceband [doubleedge, knockoff, trick, uturn] ttype=ghost
INFO     	      trevenant      harvest  sitrusberry [drainpunch, poltergeist, protect, toxic] ttype=fairy
INFO     Sampling battle 6
INFO     	      armarouge    weakarmor    powerherb [armorcannon, energyball, meteorbeam, psyshock] ttype=grass
INFO     Sampling 5 unrevealed pokemon
INFO     	      cramorant  gulpmissile heavydutyboots [bravebird, defog, roost, surf] ttype=ground
INFO     	       tsareena queenlymajesty      lifeorb [highjumpkick, powerwhip, synthesis, tripleaxel] ttype=steel
INFO     	        beartic    slushrush heavydutyboots [closecombat, earthquake, iciclecrash, snowscape] ttype=fighting
INFO     	    fezandipiti   toxicchain    leftovers [gunkshot, moonblast, roost, uturn] ttype=water
INFO     	  samurotthisui    sharpness   choiceband [ceaselessedge, razorshell, sacredsword, suckerpunch] ttype=dark
INFO     Sampling battle 7
INFO     	      armarouge    weakarmor  choicespecs [armorcannon, aurasphere, energyball, psyshock] ttype=fire
INFO     Sampling 5 unrevealed pokemon
INFO     	        blissey  naturalcure    leftovers [seismictoss, softboiled, stealthrock, thunderwave] ttype=ghost
INFO     	      quaquaval        moxie   choiceband [aquastep, closecombat, knockoff, tripleaxel] ttype=water
INFO     	       houndoom    flashfire heavydutyboots [darkpulse, fireblast, sludgebomb, suckerpunch] ttype=poison
INFO     	   lycanrocdusk   toughclaws   choiceband [accelerock, closecombat, stoneedge, throatchop] ttype=fighting
INFO     	squawkabillyyellow       hustle   choiceband [bravebird, doubleedge, foulplay, quickattack] ttype=flying
INFO     Sampling battle 8
INFO     	      armarouge    weakarmor    powerherb [armorcannon, energyball, meteorbeam, psyshock] ttype=grass
INFO     Sampling 5 unrevealed pokemon
INFO     	       regirock    clearbody  chestoberry [bodypress, irondefense, rest, stoneedge] ttype=fighting
INFO     	         palkia     pressure  choicespecs [dracometeor, fireblast, hydropump, spacialrend] ttype=dragon
INFO     	      vespiquen     pressure heavydutyboots [hurricane, roost, spikes, toxicspikes] ttype=steel
INFO     	         goodra    sapsipper  assaultvest [dracometeor, dragontail, fireblast, sludgebomb] ttype=fire
INFO     	         gogoat    sapsipper    leftovers [bulkup, earthquake, hornleech, milkdrink] ttype=ground
INFO     Sampling battle 9
INFO     	      armarouge    weakarmor  choicespecs [armorcannon, energyball, focusblast, psyshock] ttype=grass
INFO     Sampling 5 unrevealed pokemon
INFO     	   lycanrocdusk   toughclaws      lifeorb [closecombat, psychicfangs, stoneedge, swordsdance] ttype=fighting
INFO     	     annihilape      defiant    leftovers [bulkup, drainpunch, ragefist, taunt] ttype=steel
INFO     	       whiscash    oblivious    leftovers [earthquake, hydropump, spikes, stealthrock] ttype=ghost
INFO     	       jumpluff  infiltrator              [acrobatics, leechseed, strengthsap, substitute] ttype=steel
INFO     	        scyther   technician heavydutyboots [closecombat, defog, dualwingbeat, uturn] ttype=fighting
INFO     Sampling battle 10
INFO     	      armarouge    weakarmor    powerherb [armorcannon, energyball, meteorbeam, psyshock] ttype=fire
INFO     Sampling 5 unrevealed pokemon
INFO     	       samurott      torrent  assaultvest [aquajet, hydropump, knockoff, megahorn] ttype=dark
INFO     	         lapras  waterabsorb  choicespecs [freezedry, hydropump, icebeam, sparklingaria] ttype=water
INFO     	          rotom     levitate  choicescarf [shadowball, thunderbolt, trick, voltswitch] ttype=electric
INFO     	      bastiodon   soundproof  chestoberry [bodypress, foulplay, irondefense, rest] ttype=fighting
INFO     	    dudunsparce  serenegrace    leftovers [earthquake, glare, headbutt, roost] ttype=ghost
INFO     Sampling battle 11
INFO     	      armarouge    weakarmor  choicespecs [armorcannon, aurasphere, energyball, psyshock] ttype=fighting
INFO     Sampling 5 unrevealed pokemon
INFO     	       arcanine   intimidate heavydutyboots [closecombat, flareblitz, morningsun, willowisp] ttype=fighting
INFO     	          arbok   intimidate    focussash [glare, gunkshot, knockoff, toxicspikes] ttype=dark
INFO     	       landorus   sheerforce      lifeorb [earthpower, psychic, sludgewave, stealthrock] ttype=poison
INFO     	        dewgong     thickfat heavydutyboots [encore, knockoff, surf, tripleaxel] ttype=grass
INFO     	       sawsbuck  serenegrace      lifeorb [headbutt, highhorsepower, hornleech, swordsdance] ttype=normal
INFO     Sampling battle 12
INFO     	      armarouge    weakarmor  choicespecs [armorcannon, energyball, focusblast, psyshock] ttype=grass
INFO     Sampling 5 unrevealed pokemon
INFO     	    stonjourner    powerspot      lifeorb [earthquake, heatcrash, stealthrock, stoneedge] ttype=fire
INFO     	       basculin adaptability   choiceband [aquajet, doubleedge, flipturn, wavecrash] ttype=water
INFO     	       braviary      defiant heavydutyboots [bravebird, bulkup, closecombat, roost] ttype=steel
INFO     	      passimian      defiant    leftovers [bulkup, drainpunch, gunkshot, knockoff] ttype=poison
INFO     	       cloyster    skilllink    whiteherb [drillrun, iciclespear, rockblast, shellsmash] ttype=ground
INFO     Sampling battle 13
INFO     	      armarouge    weakarmor    powerherb [armorcannon, energyball, meteorbeam, psyshock] ttype=grass
INFO     Sampling 5 unrevealed pokemon
INFO     	       overqwil   intimidate      lifeorb [crunch, gunkshot, liquidation, swordsdance] ttype=water
INFO     	     misdreavus     levitate     eviolite [calmmind, drainingkiss, shadowball, willowisp] ttype=fairy
INFO     	       sneasler     unburden    whiteherb [acrobatics, closecombat, gunkshot, swordsdance] ttype=flying
INFO     	       vaporeon  waterabsorb    leftovers [calmmind, protect, scald, wish] ttype=ghost
INFO     	        scyther   technician heavydutyboots [bugbite, closecombat, dualwingbeat, swordsdance] ttype=fighting
INFO     Sampling battle 14
INFO     	      armarouge    weakarmor  choicespecs [armorcannon, energyball, focusblast, psyshock] ttype=fire
INFO     Sampling 5 unrevealed pokemon
INFO     	       slowking  regenerator heavydutyboots [chillyreception, futuresight, scald, slackoff] ttype=fairy
INFO     	       dachsbun wellbakedbody    leftovers [bodypress, playrough, protect, wish] ttype=steel
INFO     	         goodra    sapsipper  assaultvest [dracometeor, dragontail, powerwhip, scald] ttype=grass
INFO     	      serperior     contrary    leftovers [leafstorm, leechseed, substitute, terablast] ttype=fire
INFO     	        drednaw    strongjaw    whiteherb [crunch, liquidation, shellsmash, stoneedge] ttype=dark
INFO     Sampling battle 15
INFO     	      armarouge    weakarmor    powerherb [armorcannon, energyball, meteorbeam, psyshock] ttype=grass
INFO     Sampling 5 unrevealed pokemon
INFO     	         pyroar      unnerve heavydutyboots [fireblast, hypervoice, willowisp, workup] ttype=fire
INFO     	       cloyster    skilllink    whiteherb [drillrun, iciclespear, rockblast, shellsmash] ttype=ground
INFO     	       meowstic    prankster    leftovers [alluringvoice, psychicnoise, thunderwave, yawn] ttype=fairy
INFO     	taurospaldeaaqua   intimidate   choiceband [aquajet, closecombat, stoneedge, wavecrash] ttype=water
INFO     	       mukalola  poisontouch  assaultvest [drainpunch, knockoff, poisonjab, shadowsneak] ttype=fighting
INFO     Sampling battle 16
INFO     	      armarouge    weakarmor    powerherb [armorcannon, energyball, meteorbeam, psyshock] ttype=fire
INFO     Sampling 5 unrevealed pokemon
INFO     	        gurdurr         guts     eviolite [bulkup, drainpunch, knockoff, machpunch] ttype=steel
INFO     	    oricoriopau       dancer heavydutyboots [hurricane, quiverdance, revelationdance, roost] ttype=ground
INFO     	        seviper  infiltrator  choicescarf [earthquake, flamethrower, gunkshot, switcheroo] ttype=ground
INFO     	        florges   flowerveil    leftovers [calmmind, moonblast, synthesis, terablast] ttype=ground
INFO     	      alomomola  regenerator heavydutyboots [flipturn, protect, scald, wish] ttype=poison
INFO     Sampling battle 17
INFO     	      armarouge    weakarmor    powerherb [armorcannon, energyball, meteorbeam, psyshock] ttype=fire
INFO     Sampling 5 unrevealed pokemon
INFO     	        dugtrio    arenatrap      lifeorb [earthquake, stoneedge, suckerpunch, swordsdance] ttype=ghost
INFO     	  deoxysdefense     pressure    leftovers [knockoff, psychicnoise, recover, teleport] ttype=steel
INFO     	         lapras  waterabsorb  choicespecs [freezedry, hydropump, icebeam, sparklingaria] ttype=water
INFO     	        wugtrio        gooey   choiceband [aquajet, liquidation, stompingtantrum, throatchop] ttype=water
INFO     	       frosmoth    icescales heavydutyboots [gigadrain, icebeam, quiverdance, terablast] ttype=ground
INFO     Sampling battle 18
INFO     	      armarouge    weakarmor  choicespecs [armorcannon, aurasphere, energyball, psyshock] ttype=grass
INFO     Sampling 5 unrevealed pokemon
INFO     	    raichualola  surgesurfer  choicespecs [focusblast, psyshock, surf, thunderbolt] ttype=fighting
INFO     	        dipplin   stickyhold     eviolite [dragonpulse, dragontail, gigadrain, recover] ttype=steel
INFO     	         comfey       triage    leftovers [calmmind, drainingkiss, gigadrain, storedpower] ttype=fairy
INFO     	  zaciancrowned intrepidsword  rustedsword [behemothblade, closecombat, playrough, swordsdance] ttype=fighting
INFO     	         arceus    multitype      lifeorb [earthquake, extremespeed, recover, swordsdance] ttype=normal
INFO     Sampling battle 19
INFO     	      armarouge    weakarmor    powerherb [armorcannon, energyball, meteorbeam, psyshock] ttype=grass
INFO     Sampling 5 unrevealed pokemon
INFO     	        noctowl   tintedlens heavydutyboots [hurricane, hypervoice, nastyplot, roost] ttype=ground
INFO     	          klawf   angershell  sitrusberry [crabhammer, highhorsepower, stoneedge, swordsdance] ttype=ground
INFO     	         zarude    leafguard    leftovers [knockoff, powerwhip, swordsdance, synthesis] ttype=grass
INFO     	        sableye    prankster    leftovers [encore, knockoff, recover, willowisp] ttype=poison
INFO     	         arceus    multitype    leftovers [extremespeed, recover, shadowclaw, swordsdance] ttype=ghost
INFO     Sampling battle 20
INFO     	      armarouge    weakarmor    powerherb [armorcannon, energyball, meteorbeam, psyshock] ttype=fire
INFO     Sampling 5 unrevealed pokemon
INFO     	       appletun     thickfat    leftovers [appleacid, dragonpulse, dragontail, recover] ttype=steel
INFO     	      amoonguss  regenerator  rockyhelmet [gigadrain, sludgebomb, spore, stompingtantrum] ttype=water
INFO     	         kyurem     pressure   loadeddice [dragondance, iciclespear, scaleshot, terablast] ttype=ground
INFO     	      terapagos    terashift  chestoberry [calmmind, darkpulse, rest, terastarstorm] ttype=stellar
INFO     	        scrafty   intimidate    leftovers [dragondance, drainpunch, knockoff, poisonjab] ttype=poison
INFO     Sampling battle 21
INFO     	      armarouge    weakarmor    powerherb [armorcannon, energyball, meteorbeam, psyshock] ttype=grass
INFO     Sampling 5 unrevealed pokemon
INFO     	      coalossal    flamebody heavydutyboots [overheat, rapidspin, spikes, stoneedge] ttype=grass
INFO     	       whiscash    oblivious    leftovers [earthquake, hydropump, icebeam, spikes] ttype=poison
INFO     	      toucannon      keeneye heavydutyboots [beakblast, boomburst, roost, uturn] ttype=steel
INFO     	          hoopa     magician      lifeorb [focusblast, nastyplot, psychic, shadowball] ttype=psychic
INFO     	        dipplin   stickyhold     eviolite [dragonpulse, gigadrain, recover, suckerpunch] ttype=steel
INFO     Sampling battle 22
INFO     	      armarouge    weakarmor    powerherb [armorcannon, energyball, meteorbeam, psyshock] ttype=grass
INFO     Sampling 5 unrevealed pokemon
INFO     	    walkingwake protosynthesis  choicespecs [dracometeor, flamethrower, flipturn, hydropump] ttype=water
INFO     	          entei   innerfocus   choiceband [extremespeed, flareblitz, sacredfire, stoneedge] ttype=fire
INFO     	      terrakion    justified   choiceband [closecombat, earthquake, quickattack, stoneedge] ttype=fighting
INFO     	      arceusice    multitype  icicleplate [calmmind, judgment, recover, thunderbolt] ttype=electric
INFO     	      blastoise      torrent    whiteherb [hydropump, icebeam, shellsmash, terablast] ttype=grass
INFO     Sampling battle 23
INFO     	      armarouge    weakarmor  choicespecs [armorcannon, aurasphere, energyball, psyshock] ttype=grass
INFO     Sampling 5 unrevealed pokemon
INFO     	       lycanroc     sandrush      lifeorb [closecombat, stoneedge, swordsdance, taunt] ttype=fighting
INFO     	     victreebel  chlorophyll      lifeorb [powerwhip, sleeppowder, sludgewave, strengthsap] ttype=grass
INFO     	squawkabillywhite       hustle heavydutyboots [bravebird, doubleedge, partingshot, quickattack] ttype=normal
INFO     	       tinkaton  moldbreaker    leftovers [gigatonhammer, knockoff, playrough, swordsdance] ttype=steel
INFO     	           hooh  regenerator heavydutyboots [bravebird, earthquake, recover, sacredfire] ttype=ground
INFO     Sampling battle 24
INFO     	      armarouge    weakarmor  choicespecs [armorcannon, aurasphere, energyball, psyshock] ttype=fighting
INFO     Sampling 5 unrevealed pokemon
INFO     	       torterra     overgrow   loadeddice [bulletseed, headlongrush, rockblast, shellsmash] ttype=rock
INFO     	       floatzel    waterveil   choiceband [crunch, flipturn, icespinner, wavecrash] ttype=water
INFO     	      kingambit supremeoverlord    leftovers [ironhead, kowtowcleave, suckerpunch, swordsdance] ttype=dark
INFO     	         zapdos       static heavydutyboots [heatwave, hurricane, roost, thunderbolt] ttype=electric
INFO     	       meowstic    prankster    leftovers [alluringvoice, psychicnoise, thunderwave, yawn] ttype=fairy
INFO     Sampling battle 25
INFO     	      armarouge    weakarmor  choicespecs [armorcannon, energyball, focusblast, psyshock] ttype=fighting
INFO     Sampling 5 unrevealed pokemon
INFO     	        scyther   technician heavydutyboots [closecombat, defog, dualwingbeat, uturn] ttype=fighting
INFO     	       rayquaza      airlock heavydutyboots [dragonascent, dragondance, earthquake, outrage] ttype=flying
INFO     	        banette     insomnia      lifeorb [gunkshot, poltergeist, shadowsneak, swordsdance] ttype=poison
INFO     	      blastoise      torrent    whiteherb [earthquake, hydropump, icebeam, shellsmash] ttype=ground
INFO     	     victreebel  chlorophyll      lifeorb [powerwhip, sleeppowder, sludgewave, strengthsap] ttype=steel
INFO     Sampling battle 26
INFO     	      armarouge    weakarmor    powerherb [armorcannon, energyball, meteorbeam, psyshock] ttype=grass
INFO     Sampling 5 unrevealed pokemon
INFO     	    kilowattrel   voltabsorb heavydutyboots [hurricane, roost, thunderbolt, uturn] ttype=water
INFO     	     toedscruel myceliummight    leftovers [earthpower, gigadrain, spore, toxic] ttype=water
INFO     	      cryogonal     levitate heavydutyboots [icebeam, rapidspin, recover, terablast] ttype=electric
INFO     	      gholdengo   goodasgold  choicescarf [focusblast, makeitrain, shadowball, trick] ttype=steel
INFO     	    arceuswater    multitype  splashplate [calmmind, judgment, recover, willowisp] ttype=steel
INFO     Sampling battle 27
INFO     	      armarouge    weakarmor  choicespecs [armorcannon, energyball, focusblast, psyshock] ttype=psychic
INFO     Sampling 5 unrevealed pokemon
INFO     	        dipplin   stickyhold     eviolite [dragonpulse, gigadrain, recover, suckerpunch] ttype=steel
INFO     	          chiyu  beadsofruin  choicespecs [darkpulse, flamethrower, overheat, psychic] ttype=dark
INFO     	      vileplume  effectspore    leftovers [gigadrain, sleeppowder, sludgebomb, strengthsap] ttype=steel
INFO     	 arceuselectric    multitype     zapplate [calmmind, icebeam, judgment, recover] ttype=ice
INFO     	         tauros   sheerforce      lifeorb [bodyslam, closecombat, earthquake, throatchop] ttype=normal
INFO     Sampling battle 28
INFO     	      armarouge    weakarmor  choicespecs [armorcannon, aurasphere, energyball, psyshock] ttype=fighting
INFO     Sampling 5 unrevealed pokemon
INFO     	          hypno     insomnia    leftovers [encore, knockoff, psychicnoise, thunderwave] ttype=steel
INFO     	    kyuremwhite   turboblaze  choicespecs [dracometeor, earthpower, freezedry, fusionflare] ttype=dragon
INFO     	       leavanny        swarm heavydutyboots [knockoff, leafblade, lunge, stickyweb] ttype=ghost
INFO     	       dusknoir        frisk    leftovers [earthquake, painsplit, poltergeist, shadowsneak] ttype=dark
INFO     	       appletun     thickfat    leftovers [appleacid, dragonpulse, leechseed, recover] ttype=steel
INFO     Sampling battle 29
INFO     	      armarouge    weakarmor  choicespecs [armorcannon, energyball, focusblast, psyshock] ttype=fire
INFO     Sampling 5 unrevealed pokemon
INFO     	       porygon2     download     eviolite [discharge, icebeam, recover, triattack] ttype=poison
INFO     	         plusle lightningrod      lifeorb [alluringvoice, encore, nastyplot, thunderbolt] ttype=electric
INFO     	      honchkrow        moxie heavydutyboots [bravebird, lashout, suckerpunch, thunderwave] ttype=flying
INFO     	        flamigo      scrappy      lifeorb [bravebird, closecombat, roost, swordsdance] ttype=fighting
INFO     	         arceus    multitype      lifeorb [earthquake, extremespeed, recover, swordsdance] ttype=normal
INFO     Sampling battle 30
INFO     	      armarouge    weakarmor  choicespecs [armorcannon, energyball, focusblast, psyshock] ttype=fire
INFO     Sampling 5 unrevealed pokemon
INFO     	          entei   innerfocus   choiceband [extremespeed, flareblitz, sacredfire, stoneedge] ttype=normal
INFO     	   weezinggalar     levitate    leftovers [defog, gunkshot, painsplit, strangesteam] ttype=steel
INFO     	        wugtrio        gooey   choiceband [aquajet, liquidation, stompingtantrum, throatchop] ttype=water
INFO     	       mienshao  regenerator      lifeorb [closecombat, knockoff, swordsdance, tripleaxel] ttype=dark
INFO     	    basculegion adaptability  assaultvest [aquajet, flipturn, shadowball, wavecrash] ttype=water
INFO     Sampling battle 31
INFO     	      armarouge    weakarmor  choicespecs [armorcannon, aurasphere, energyball, psyshock] ttype=grass
INFO     Sampling 5 unrevealed pokemon
INFO     	      excadrill  moldbreaker  assaultvest [earthquake, ironhead, rapidspin, rockslide] ttype=water
INFO     	     arceusdark    multitype   dreadplate [calmmind, dazzlinggleam, judgment, recover] ttype=fairy
INFO     	         pawmot     ironfist      lifeorb [closecombat, doubleshock, icepunch, revivalblessing] ttype=electric
INFO     	      dunsparce  serenegrace     eviolite [bodyslam, coil, earthquake, roost] ttype=ground
INFO     	      indeedeef psychicsurge      lifeorb [calmmind, dazzlinggleam, hypervoice, psychic] ttype=psychic
INFO     Searching for a move using MCTS...
INFO     Sampling 32 battles at 250ms each
WARNING  poke-engine lacks request-level Tera permissions; final selector must filter roots
INFO     Choice: roost
INFO     Updated armarouge's min speed to 127
INFO     armarouge used a fire move, removing firegem from possible items
INFO     Setting armarouge's last used move: armorcannon
INFO     armarouge used a damaging move - not guessing lifeorb anymore
INFO     armarouge did 58.650000000000006% damage to dunsparce with armorcannon
INFO     armarouge's defense was unboosted by 1 to -1
INFO     armarouge's special-defense was unboosted by 1 to -1
INFO     dunsparce already has the move roost. Decrementing the PP by 1
INFO     dunsparce using roost makes it unlikely to have a choice item. Setting can_have_choice_item to False
INFO     dunsparce used a status-move. Adding `assaultvest` to impossible items
INFO     Setting dunsparce's last used move: roost
INFO     dunsparce has acquired the 'roost' volatilestatus
INFO     Removing 'roost' from dunsparce's volatiles
INFO     
INFO     Turn: 2
INFO     loaded 13 player and 0 effective opponent priors
INFO     Sampling battle 0
INFO     	      armarouge    weakarmor  choicespecs [armorcannon, aurasphere, energyball, psyshock] ttype=psychic
INFO     Sampling 5 unrevealed pokemon
INFO     	   arceusflying    multitype     skyplate [calmmind, earthpower, judgment, recover] ttype=ground
INFO     	       greedent   cheekpouch  sitrusberry [bodyslam, earthquake, knockoff, swordsdance] ttype=ghost
INFO     	     talonflame    galewings heavydutyboots [bravebird, flareblitz, swordsdance, terablast] ttype=ground
INFO     	      terapagos    terashift heavydutyboots [calmmind, darkpulse, rapidspin, terastarstorm] ttype=stellar
INFO     	        diancie    clearbody  assaultvest [bodypress, diamondstorm, earthpower, moonblast] ttype=fighting
INFO     Sampling battle 1
INFO     	      armarouge    weakarmor  choicespecs [armorcannon, aurasphere, energyball, psyshock] ttype=psychic
INFO     Sampling 5 unrevealed pokemon
INFO     	        yanmega   speedboost heavydutyboots [airslash, bugbuzz, protect, terablast] ttype=ground
INFO     	     arceusdark    multitype   dreadplate [calmmind, dazzlinggleam, judgment, recover] ttype=fairy
INFO     	       gumshoos     stakeout   choiceband [doubleedge, earthquake, knockoff, uturn] ttype=normal
INFO     	        slowbro  regenerator  assaultvest [bodypress, fireblast, icebeam, scald] ttype=fighting
INFO     	 oricoriopompom       dancer heavydutyboots [hurricane, quiverdance, revelationdance, roost] ttype=ground
INFO     Sampling battle 2
INFO     	      armarouge    weakarmor  choicespecs [armorcannon, energyball, focusblast, psyshock] ttype=fighting
INFO     Sampling 5 unrevealed pokemon
INFO     	      metagross    clearbody   choiceband [bulletpunch, heavyslam, knockoff, psychicfangs] ttype=water
INFO     	      heracross        moxie  choicescarf [closecombat, earthquake, megahorn, stoneedge] ttype=rock
INFO     	      charizard        blaze heavydutyboots [earthquake, flamethrower, focusblast, hurricane] ttype=ground
INFO     	       floatzel    waterveil    leftovers [bulkup, icespinner, taunt, wavecrash] ttype=water
INFO     	        banette     insomnia      lifeorb [gunkshot, poltergeist, shadowsneak, swordsdance] ttype=poison
INFO     Sampling battle 3
INFO     	      armarouge    weakarmor  choicespecs [armorcannon, energyball, focusblast, psyshock] ttype=fighting
INFO     Sampling 5 unrevealed pokemon
INFO     	       enamorus    cutecharm    leftovers [calmmind, earthpower, moonblast, substitute] ttype=ground
INFO     	zamazentacrowned dauntlessshield rustedshield [bodypress, heavyslam, irondefense, stoneedge] ttype=fighting
INFO     	  slowkinggalar  regenerator    leftovers [psychicnoise, slackoff, sludgebomb, thunderwave] ttype=fairy
INFO     	      hydreigon     levitate  choicespecs [darkpulse, dracometeor, fireblast, uturn] ttype=dragon
INFO     	      araquanid  waterbubble heavydutyboots [hydropump, leechlife, liquidation, stickyweb] ttype=steel
INFO     Sampling battle 4
INFO     	      armarouge    weakarmor  choicespecs [armorcannon, aurasphere, energyball, psyshock] ttype=psychic
INFO     Sampling 5 unrevealed pokemon
INFO     	      toxicroak      dryskin      lifeorb [closecombat, gunkshot, suckerpunch, swordsdance] ttype=dark
INFO     	       bronzong     levitate    leftovers [earthquake, hypnosis, psychic, stealthrock] ttype=water
INFO     	      quaquaval        moxie   choiceband [aquastep, closecombat, knockoff, uturn] ttype=fighting
INFO     	     baxcalibur thermalexchange   choiceband [earthquake, glaiverush, iceshard, iciclecrash] ttype=ground
INFO     	       torterra     overgrow   loadeddice [bulletseed, headlongrush, rockblast, shellsmash] ttype=grass
INFO     Sampling battle 5
INFO     	      armarouge    weakarmor  choicespecs [armorcannon, energyball, focusblast, psyshock] ttype=fighting
INFO     Sampling 5 unrevealed pokemon
INFO     	       houndoom    flashfire heavydutyboots [darkpulse, fireblast, sludgebomb, suckerpunch] ttype=fire
INFO     	      bastiodon   soundproof  chestoberry [bodypress, foulplay, irondefense, rest] ttype=fighting
INFO     	       vaporeon  waterabsorb    leftovers [calmmind, protect, scald, wish] ttype=ground
INFO     	      blastoise      torrent    whiteherb [earthquake, hydropump, icebeam, shellsmash] ttype=steel
INFO     	      vespiquen     pressure heavydutyboots [airslash, roost, spikes, toxicspikes] ttype=steel
INFO     Sampling battle 6
INFO     	      armarouge    weakarmor  choicespecs [armorcannon, aurasphere, energyball, psyshock] ttype=psychic
INFO     Sampling 5 unrevealed pokemon
INFO     	          arbok   intimidate    leftovers [coil, earthquake, gunkshot, suckerpunch] ttype=dark
INFO     	       miraidon hadronengine  choicespecs [dracometeor, electrodrift, overheat, voltswitch] ttype=electric
INFO     	 lilliganthisui       hustle     widelens [closecombat, icespinner, leafblade, victorydance] ttype=fighting
INFO     	       rayquaza      airlock heavydutyboots [dragonascent, dragondance, earthquake, outrage] ttype=flying
INFO     	          azelf     levitate      lifeorb [encore, fireblast, knockoff, psychic] ttype=fire
INFO     Sampling battle 7
INFO     	      armarouge    weakarmor  choicespecs [armorcannon, energyball, focusblast, psyshock] ttype=grass
INFO     Sampling 5 unrevealed pokemon
INFO     	      amoonguss  regenerator  rockyhelmet [gigadrain, sludgebomb, spore, stompingtantrum] ttype=water
INFO     	         latios     levitate      souldew [aurasphere, dracometeor, lusterpurge, recover] ttype=dragon
INFO     	     archaludon      stamina    leftovers [bodypress, dracometeor, flashcannon, stealthrock] ttype=fighting
INFO     	        breloom   technician      lifeorb [bulletseed, machpunch, rocktomb, swordsdance] ttype=rock
INFO     	    polteageist   cursedbody    whiteherb [shadowball, shellsmash, storedpower, strengthsap] ttype=psychic
INFO     Sampling battle 8
INFO     	      armarouge    weakarmor  choicespecs [armorcannon, aurasphere, energyball, psyshock] ttype=fighting
INFO     Sampling 5 unrevealed pokemon
INFO     	      probopass   magnetpull    leftovers [bodypress, flashcannon, irondefense, powergem] ttype=fighting
INFO     	      mamoswine     thickfat      lifeorb [earthquake, iceshard, iciclecrash, stealthrock] ttype=ground
INFO     	     hitmonchan     ironfist    leftovers [drainpunch, encore, knockoff, rapidspin] ttype=steel
INFO     	       overqwil   intimidate   choiceband [aquajet, crunch, gunkshot, liquidation] ttype=water
INFO     	      dunsparce  serenegrace     eviolite [bodyslam, coil, earthquake, roost] ttype=ghost
INFO     Sampling battle 9
INFO     	      armarouge    weakarmor  choicespecs [armorcannon, energyball, focusblast, psyshock] ttype=fighting
INFO     Sampling 5 unrevealed pokemon
INFO     	        kingdra       sniper     lumberry [dragondance, outrage, waterfall, wavecrash] ttype=water
INFO     	         zarude    leafguard   choiceband [closecombat, knockoff, powerwhip, uturn] ttype=fighting
INFO     	      dragapult   cursedbody heavydutyboots [dragondarts, hex, uturn, willowisp] ttype=dragon
INFO     	        diancie    clearbody    leftovers [bodypress, diamondstorm, moonblast, stealthrock] ttype=fighting
INFO     	         tauros   sheerforce      lifeorb [bodyslam, closecombat, throatchop, zenheadbutt] ttype=fighting
INFO     Sampling battle 10
INFO     	      armarouge    weakarmor  choicespecs [armorcannon, energyball, focusblast, psyshock] ttype=grass
INFO     Sampling 5 unrevealed pokemon
INFO     	         zapdos       static heavydutyboots [hurricane, roost, thunderbolt, uturn] ttype=electric
INFO     	      greattusk protosynthesis    leftovers [bulkup, closecombat, earthquake, rapidspin] ttype=steel
INFO     	   persianalola      furcoat heavydutyboots [foulplay, partingshot, taunt, thunderwave] ttype=ghost
INFO     	       magearna    soulheart    leftovers [calmmind, flashcannon, fleurcannon, shiftgear] ttype=flying
INFO     	      revavroom       filter      lifeorb [gunkshot, highhorsepower, ironhead, shiftgear] ttype=ground
INFO     Sampling battle 11
INFO     	      armarouge    weakarmor  choicespecs [armorcannon, energyball, focusblast, psyshock] ttype=fighting
INFO     Sampling 5 unrevealed pokemon
INFO     	        pikachu lightningrod    lightball [knockoff, playrough, surf, volttackle] ttype=water
INFO     	        ambipom   technician    silkscarf [doubleedge, fakeout, knockoff, uturn] ttype=normal
INFO     	    polteageist   cursedbody    whiteherb [shadowball, shellsmash, storedpower, terablast] ttype=fighting
INFO     	urshifurapidstrike   unseenfist   choiceband [aquajet, closecombat, surgingstrikes, uturn] ttype=water
INFO     	      lilligant     owntempo      lifeorb [alluringvoice, petaldance, quiverdance, sleeppowder] ttype=grass
INFO     Sampling battle 12
INFO     	      armarouge    weakarmor  choicespecs [armorcannon, aurasphere, energyball, psyshock] ttype=fire
INFO     Sampling 5 unrevealed pokemon
INFO     	      salamence   intimidate heavydutyboots [dragondance, dualwingbeat, earthquake, outrage] ttype=ground
INFO     	   weezinggalar     levitate    leftovers [defog, gunkshot, painsplit, strangesteam] ttype=steel
INFO     	       greedent   cheekpouch  sitrusberry [doubleedge, earthquake, knockoff, swordsdance] ttype=ground
INFO     	         rhydon lightningrod     eviolite [earthquake, megahorn, stealthrock, stoneedge] ttype=dragon
INFO     	   moltresgalar      berserk  chestoberry [fierywrath, hurricane, nastyplot, rest] ttype=steel
INFO     Sampling battle 13
INFO     	      armarouge    weakarmor  choicespecs [armorcannon, energyball, focusblast, psyshock] ttype=fighting
INFO     Sampling 5 unrevealed pokemon
INFO     	   moltresgalar      berserk  chestoberry [fierywrath, hurricane, nastyplot, rest] ttype=steel
INFO     	    slitherwing protosynthesis boosterenergy [acrobatics, bulkup, closecombat, flamecharge] ttype=flying
INFO     	        luvdisc    swiftswim heavydutyboots [endeavor, flipturn, substitute, surf] ttype=ground
INFO     	        gurdurr         guts     eviolite [defog, drainpunch, knockoff, machpunch] ttype=steel
INFO     	         glalie   innerfocus heavydutyboots [earthquake, freezedry, spikes, taunt] ttype=water
INFO     Sampling battle 14
INFO     	      armarouge    weakarmor  choicespecs [armorcannon, aurasphere, energyball, psyshock] ttype=psychic
INFO     Sampling 5 unrevealed pokemon
INFO     	     masquerain   intimidate heavydutyboots [bugbuzz, hurricane, hydropump, quiverdance] ttype=water
INFO     	     annihilape      defiant    leftovers [bulkup, drainpunch, ragefist, taunt] ttype=water
INFO     	      duraludon   lightmetal     eviolite [bodypress, dracometeor, dragontail, flashcannon] ttype=fighting
INFO     	       cinccino   technician   loadeddice [bulletseed, tailslap, tidyup, tripleaxel] ttype=grass
INFO     	     grimmsnarl    prankster    lightclay [lightscreen, reflect, spiritbreak, thunderwave] ttype=poison
INFO     Sampling battle 15
INFO     	      armarouge    weakarmor  choicespecs [armorcannon, aurasphere, energyball, psyshock] ttype=grass
INFO     Sampling 5 unrevealed pokemon
INFO     	       ludicolo    swiftswim      lifeorb [gigadrain, hydropump, icebeam, raindance] ttype=steel
INFO     	    goodrahisui    sapsipper  assaultvest [dracometeor, earthquake, fireblast, heavyslam] ttype=dragon
INFO     	      rillaboom  grassysurge      lifeorb [grassyglide, knockoff, swordsdance, woodhammer] ttype=grass
INFO     	       samurott      torrent  assaultvest [aquajet, hydropump, knockoff, megahorn] ttype=water
INFO     	      ironhands   quarkdrive    leftovers [drainpunch, icepunch, swordsdance, wildcharge] ttype=steel
INFO     Searching for a move using MCTS...
INFO     Sampling 16 battles at 500ms each
INFO     Choice: bodyslam
INFO     Updated armarouge's min speed to 127
INFO     armarouge already has the move armorcannon. Decrementing the PP by 1
INFO     armarouge used a fire move, removing firegem from possible items
INFO     Setting armarouge's last used move: armorcannon
INFO     armarouge used a damaging move - not guessing lifeorb anymore
INFO     armarouge did 54.81% damage to dunsparce with armorcannon
INFO     armarouge's defense was unboosted by 1 to -2
INFO     armarouge's special-defense was unboosted by 1 to -2
INFO     dunsparce already has the move bodyslam. Decrementing the PP by 1
INFO     dunsparce used a normal move, removing normalgem from possible items
INFO     Setting dunsparce's last used move: bodyslam
INFO     dunsparce used a damaging move - not guessing lifeorb anymore
INFO     dunsparce did 51.0% damage to armarouge with bodyslam
INFO     armarouge got status: par
INFO     No longer guessing lumberry because armarouge got status par
INFO     Setting armarouge's ability to weakarmor
INFO     armarouge's defense was unboosted by 1 to -3
INFO     armarouge's speed was boosted by 2 to 2
INFO     armarouge has less than maxhp during upkeep, no longer guessing leftovers or blacksludge
INFO     
INFO     Turn: 3
INFO     loaded 13 player and 0 effective opponent priors
INFO     Sampling battle 0
INFO     	      armarouge    weakarmor  choicespecs [armorcannon, aurasphere, energyball, psyshock] ttype=fire
INFO     Sampling 5 unrevealed pokemon
INFO     	     masquerain   intimidate heavydutyboots [bugbuzz, hurricane, hydropump, quiverdance] ttype=water
INFO     	        toxapex  regenerator  rockyhelmet [haze, liquidation, recover, toxic] ttype=steel
INFO     	        morpeko hungerswitch heavydutyboots [aurawheel, partingshot, protect, rapidspin] ttype=electric
INFO     	urshifurapidstrike   unseenfist      lifeorb [aquajet, closecombat, surgingstrikes, swordsdance] ttype=water
INFO     	  deoxysdefense     pressure    leftovers [cosmicpower, nightshade, recover, storedpower] ttype=steel
INFO     Sampling battle 1
INFO     	      armarouge    weakarmor  choicespecs [armorcannon, energyball, focusblast, psyshock] ttype=fire
INFO     Sampling 5 unrevealed pokemon
INFO     	        shiftry    windrider      lifeorb [knockoff, leafstorm, suckerpunch, willowisp] ttype=poison
INFO     	   arceusground    multitype   earthplate [earthquake, extremespeed, stoneedge, swordsdance] ttype=normal
INFO     	       oricorio       dancer heavydutyboots [hurricane, quiverdance, revelationdance, roost] ttype=ground
INFO     	        slaking       truant  choicescarf [doubleedge, earthquake, gigaimpact, knockoff] ttype=normal
INFO     	       greninja      protean  choicespecs [darkpulse, grassknot, hydropump, icebeam] ttype=dark
INFO     Sampling battle 2
INFO     	      armarouge    weakarmor  choicespecs [armorcannon, aurasphere, energyball, psyshock] ttype=fire
INFO     Sampling 5 unrevealed pokemon
INFO     	necrozmadawnwings   prismarmor      lifeorb [brickbreak, dragondance, moongeistbeam, photongeyser] ttype=fighting
INFO     	         kyogre      drizzle  choicescarf [icebeam, originpulse, thunder, waterspout] ttype=water
INFO     	         regice    clearbody heavydutyboots [bodypress, icebeam, thunderbolt, thunderwave] ttype=electric
INFO     	     typhlosion    flashfire  choicespecs [eruption, fireblast, focusblast, scorchingsands] ttype=fire
INFO     	            muk  poisontouch  assaultvest [drainpunch, gunkshot, icepunch, knockoff] ttype=dark
INFO     Sampling battle 3
INFO     	      armarouge    weakarmor  choicespecs [armorcannon, energyball, focusblast, psyshock] ttype=fighting
INFO     Sampling 5 unrevealed pokemon
INFO     	 decidueyehisui      scrappy    leftovers [leafblade, roost, swordsdance, triplearrows] ttype=steel
INFO     	       houndoom    flashfire heavydutyboots [darkpulse, fireblast, nastyplot, sludgebomb] ttype=poison
INFO     	     pincurchin electricsurge    leftovers [curse, liquidation, recover, zingzap] ttype=water
INFO     	  oricoriosensu       dancer heavydutyboots [hurricane, quiverdance, revelationdance, roost] ttype=fighting
INFO     	       vigoroth  vitalspirit     eviolite [bodyslam, bulkup, earthquake, slackoff] ttype=ground
INFO     Sampling battle 4
INFO     	      armarouge    weakarmor  choicespecs [armorcannon, energyball, focusblast, psyshock] ttype=fire
INFO     Sampling 5 unrevealed pokemon
INFO     	          golem       sturdy weaknesspolicy [earthquake, explosion, rockpolish, stoneedge] ttype=grass
INFO     	       cloyster    skilllink    whiteherb [drillrun, iciclespear, rockblast, shellsmash] ttype=ground
INFO     	       houndoom    flashfire heavydutyboots [darkpulse, fireblast, nastyplot, sludgebomb] ttype=dark
INFO     	        leafeon  chlorophyll    leftovers [knockoff, leafblade, substitute, swordsdance] ttype=dark
INFO     	   deoxysattack     pressure      lifeorb [extremespeed, knockoff, psychoboost, superpower] ttype=dark
INFO     Sampling battle 5
INFO     	      armarouge    weakarmor  choicespecs [armorcannon, energyball, focusblast, psyshock] ttype=grass
INFO     Sampling 5 unrevealed pokemon
INFO     	      cinderace       libero heavydutyboots [courtchange, pyroball, uturn, willowisp] ttype=grass
INFO     	      trevenant      harvest  sitrusberry [drainpunch, poltergeist, protect, toxic] ttype=fighting
INFO     	       froslass   cursedbody     widelens [destinybond, poltergeist, taunt, tripleaxel] ttype=ghost
INFO     	        drednaw    strongjaw    whiteherb [crunch, liquidation, shellsmash, stoneedge] ttype=dark
INFO     	 electrodehisui   soundproof    leftovers [gigadrain, leechseed, substitute, thunderbolt] ttype=poison
INFO     Sampling battle 6
INFO     	      armarouge    weakarmor  choicespecs [armorcannon, energyball, focusblast, psyshock] ttype=psychic
INFO     Sampling 5 unrevealed pokemon
INFO     	       reshiram   turboblaze heavydutyboots [blueflare, dracometeor, earthpower, willowisp] ttype=ground
INFO     	      serperior     contrary      lifeorb [dragonpulse, glare, leafstorm, synthesis] ttype=grass
INFO     	       delibird       hustle heavydutyboots [bravebird, drillrun, iceshard, icespinner] ttype=ground
INFO     	      blastoise      torrent    whiteherb [hydropump, icebeam, shellsmash, terablast] ttype=grass
INFO     	         zekrom     teravolt    leftovers [boltstrike, dragondance, outrage, substitute] ttype=grass
INFO     Sampling battle 7
INFO     	      armarouge    weakarmor  choicespecs [armorcannon, energyball, focusblast, psyshock] ttype=fire
INFO     Sampling 5 unrevealed pokemon
INFO     	      toucannon      keeneye heavydutyboots [beakblast, boomburst, roost, uturn] ttype=steel
INFO     	         comfey       triage    leftovers [calmmind, drainingkiss, taunt, terablast] ttype=ground
INFO     	        jirachi  serenegrace  assaultvest [bodyslam, drainpunch, ironhead, uturn] ttype=water
INFO     	     golemalola    galvanize   choiceband [doubleedge, earthquake, explosion, stoneedge] ttype=ground
INFO     	       lumineon   stormdrain      lifeorb [alluringvoice, encore, hydropump, icebeam] ttype=fairy
INFO     Sampling battle 8
INFO     	      armarouge    weakarmor  choicespecs [armorcannon, energyball, focusblast, psyshock] ttype=psychic
INFO     Sampling 5 unrevealed pokemon
INFO     	    corviknight     pressure  rockyhelmet [bodypress, bravebird, defog, roost] ttype=dragon
INFO     	         plusle lightningrod      lifeorb [encore, grassknot, nastyplot, thunderbolt] ttype=grass
INFO     	         dodrio    earlybird heavydutyboots [bravebird, drillrun, knockoff, swordsdance] ttype=flying
INFO     	  qwilfishhisui   intimidate     eviolite [crunch, gunkshot, spikes, toxicspikes] ttype=poison
INFO     	      exeggutor      harvest  sitrusberry [calmmind, gigadrain, psychic, substitute] ttype=steel
INFO     Sampling battle 9
INFO     	      armarouge    weakarmor  choicespecs [armorcannon, aurasphere, energyball, psyshock] ttype=grass
INFO     Sampling 5 unrevealed pokemon
INFO     	         kyurem     pressure  choicespecs [dracometeor, earthpower, freezedry, icebeam] ttype=ground
INFO     	        manaphy    hydration    leftovers [energyball, icebeam, surf, tailglow] ttype=grass
INFO     	  qwilfishhisui   intimidate     eviolite [crunch, gunkshot, taunt, toxicspikes] ttype=poison
INFO     	    polteageist   cursedbody    whiteherb [shadowball, shellsmash, storedpower, strengthsap] ttype=dark
INFO     	      vespiquen     pressure heavydutyboots [airslash, roost, spikes, toxic] ttype=steel
INFO     Sampling battle 10
INFO     	      armarouge    weakarmor  choicespecs [armorcannon, energyball, focusblast, psyshock] ttype=fire
INFO     Sampling 5 unrevealed pokemon
INFO     	      salamence        moxie heavydutyboots [dragondance, dualwingbeat, earthquake, outrage] ttype=ground
INFO     	       giratina     pressure    leftovers [rest, shadowball, sleeptalk, willowisp] ttype=fairy
INFO     	      bastiodon   soundproof  chestoberry [bodypress, foulplay, irondefense, rest] ttype=fighting
INFO     	   squawkabilly         guts     flameorb [bravebird, facade, quickattack, uturn] ttype=normal
INFO     	         swalot   liquidooze    leftovers [clearsmog, knockoff, painsplit, sludgebomb] ttype=dark
INFO     Sampling battle 11
INFO     	      armarouge    weakarmor  choicespecs [armorcannon, energyball, focusblast, psyshock] ttype=psychic
INFO     Sampling 5 unrevealed pokemon
INFO     	    fluttermane protosynthesis      lifeorb [calmmind, moonblast, psyshock, shadowball] ttype=fairy
INFO     	         emboar     reckless    leftovers [bulkup, drainpunch, flareblitz, trailblaze] ttype=grass
INFO     	tornadustherian  regenerator  choicespecs [bleakwindstorm, focusblast, grassknot, heatwave] ttype=fire
INFO     	     wigglytuff  competitive    leftovers [alluringvoice, fireblast, protect, wish] ttype=poison
INFO     	   moltresgalar      berserk  chestoberry [fierywrath, hurricane, nastyplot, rest] ttype=dark
INFO     Sampling battle 12
INFO     	      armarouge    weakarmor  choicespecs [armorcannon, aurasphere, energyball, psyshock] ttype=grass
INFO     Sampling 5 unrevealed pokemon
INFO     	         eiscue      iceface  sitrusberry [bellydrum, icespinner, liquidation, terablast] ttype=ground
INFO     	        milotic  competitive    leftovers [dragontail, icebeam, recover, scald] ttype=dragon
INFO     	         lunala shadowshield    leftovers [calmmind, moonblast, moongeistbeam, moonlight] ttype=fairy
INFO     	      glastrier chillingneigh   choiceband [closecombat, heavyslam, highhorsepower, iciclecrash] ttype=ground
INFO     	         kommoo   soundproof  throatspray [clangingscales, clangoroussoul, drainpunch, ironhead] ttype=steel
INFO     Sampling battle 13
INFO     	      armarouge    weakarmor  choicespecs [armorcannon, energyball, focusblast, psyshock] ttype=fighting
INFO     Sampling 5 unrevealed pokemon
INFO     	      volcanion  waterabsorb heavydutyboots [flamethrower, haze, sludgebomb, steameruption] ttype=water
INFO     	ursalunabloodmoon     mindseye    leftovers [bloodmoon, calmmind, moonlight, vacuumwave] ttype=normal
INFO     	zamazentacrowned dauntlessshield rustedshield [bodypress, heavyslam, irondefense, stoneedge] ttype=fighting
INFO     	        leafeon  chlorophyll      lifeorb [doubleedge, knockoff, leafblade, swordsdance] ttype=normal
INFO     	       delibird       hustle heavydutyboots [bravebird, drillrun, iceshard, icespinner] ttype=flying
INFO     Sampling battle 14
INFO     	      armarouge    weakarmor  choicespecs [armorcannon, energyball, focusblast, psyshock] ttype=grass
INFO     Sampling 5 unrevealed pokemon
INFO     	 keldeoresolute    justified    leftovers [calmmind, secretsword, substitute, surf] ttype=steel
INFO     	    gougingfire protosynthesis heavydutyboots [dragondance, earthquake, heatcrash, outrage] ttype=ground
INFO     	    ironvaliant   quarkdrive      lifeorb [closecombat, encore, knockoff, moonblast] ttype=fighting
INFO     	      gholdengo   goodasgold    leftovers [focusblast, makeitrain, nastyplot, shadowball] ttype=steel
INFO     	        grumpig     thickfat  choicespecs [earthpower, focusblast, psyshock, shadowball] ttype=psychic
INFO     Sampling battle 15
INFO     	      armarouge    weakarmor  choicespecs [armorcannon, aurasphere, energyball, psyshock] ttype=fire
INFO     Sampling 5 unrevealed pokemon
INFO     	    stonjourner    powerspot      lifeorb [earthquake, heatcrash, stealthrock, stoneedge] ttype=fire
INFO     	        okidogi   toxicchain  assaultvest [drainpunch, gunkshot, knockoff, psychicfangs] ttype=dark
INFO     	      azumarill    hugepower   choiceband [aquajet, icespinner, liquidation, playrough] ttype=water
INFO     	       oricorio       dancer heavydutyboots [hurricane, quiverdance, revelationdance, roost] ttype=ground
INFO     	        suicune     pressure    leftovers [calmmind, protect, scald, substitute] ttype=steel
INFO     Searching for a move using MCTS...
INFO     Sampling 16 battles at 500ms each
INFO     Choice: roost
INFO     Updated armarouge's min speed to 127
INFO     armarouge already has the move armorcannon. Decrementing the PP by 1
INFO     armarouge used a fire move, removing firegem from possible items
INFO     Setting armarouge's last used move: armorcannon
INFO     armarouge used a damaging move - not guessing lifeorb anymore
INFO     armarouge did 36.54% damage to dunsparce with armorcannon
INFO     armarouge's defense was unboosted by 1 to -4
INFO     armarouge's special-defense was unboosted by 1 to -3
INFO     armarouge has less than maxhp during upkeep, no longer guessing leftovers or blacksludge
INFO     loaded 5 player and 0 effective opponent priors
INFO     Sampling battle 0
INFO     	      armarouge    weakarmor  choicespecs [armorcannon, energyball, focusblast, psyshock] ttype=psychic
INFO     Sampling 5 unrevealed pokemon
INFO     	       blaziken   speedboost      lifeorb [closecombat, flareblitz, knockoff, swordsdance] ttype=fighting
INFO     	        urshifu   unseenfist   choiceband [closecombat, poisonjab, uturn, wickedblow] ttype=dark
INFO     	      metagross    clearbody    leftovers [earthquake, heavyslam, knockoff, stealthrock] ttype=water
INFO     	        darkrai    baddreams      lifeorb [darkpulse, hypnosis, nastyplot, sludgebomb] ttype=poison
INFO     	        dondozo      unaware    leftovers [curse, rest, sleeptalk, wavecrash] ttype=fairy
INFO     Sampling battle 1
INFO     	      armarouge    weakarmor  choicespecs [armorcannon, energyball, focusblast, psyshock] ttype=fire
INFO     Sampling 5 unrevealed pokemon
INFO     	       floatzel    waterveil    leftovers [bulkup, icespinner, taunt, wavecrash] ttype=water
INFO     	      hydreigon     levitate  choicespecs [darkpulse, dracometeor, fireblast, uturn] ttype=fire
INFO     	         rabsca  synchronize heavydutyboots [bugbuzz, psychic, revivalblessing, trickroom] ttype=steel
INFO     	       miraidon hadronengine      lifeorb [calmmind, dracometeor, dragonpulse, electrodrift] ttype=electric
INFO     	       gumshoos     stakeout   choiceband [doubleedge, earthquake, knockoff, uturn] ttype=normal
INFO     Sampling battle 2
INFO     	      armarouge    weakarmor  choicespecs [armorcannon, energyball, focusblast, psyshock] ttype=grass
INFO     Sampling 5 unrevealed pokemon
INFO     	    ironjugulis   quarkdrive  choicespecs [darkpulse, fireblast, hurricane, hydropump] ttype=flying
INFO     	       medicham    purepower   choiceband [bulletpunch, closecombat, trick, zenheadbutt] ttype=fighting
INFO     	        weezing     levitate    leftovers [fireblast, gunkshot, painsplit, toxicspikes] ttype=steel
INFO     	      rillaboom  grassysurge      lifeorb [grassyglide, highhorsepower, swordsdance, woodhammer] ttype=grass
INFO     	       samurott      torrent      lifeorb [knockoff, liquidation, sacredsword, swordsdance] ttype=water
INFO     Sampling battle 3
INFO     	      armarouge    weakarmor  choicespecs [armorcannon, energyball, focusblast, psyshock] ttype=fire
INFO     Sampling 5 unrevealed pokemon
INFO     	        gallade    sharpness      lifeorb [agility, nightslash, psychocut, sacredsword] ttype=fighting
INFO     	     arceusdark    multitype   dreadplate [calmmind, judgment, recover, sludgebomb] ttype=poison
INFO     	     incineroar   intimidate heavydutyboots [flareblitz, knockoff, swordsdance, trailblaze] ttype=grass
INFO     	      lilligant  chlorophyll      lifeorb [gigadrain, quiverdance, sleeppowder, terablast] ttype=fire
INFO     	      vileplume  effectspore    leftovers [gigadrain, sleeppowder, sludgebomb, strengthsap] ttype=steel
INFO     Sampling battle 4
INFO     	      armarouge    weakarmor  choicespecs [armorcannon, aurasphere, energyball, psyshock] ttype=psychic
INFO     Sampling 5 unrevealed pokemon
INFO     	   arceusground    multitype   earthplate [earthquake, extremespeed, stoneedge, swordsdance] ttype=normal
INFO     	       floatzel    waterveil   choiceband [crunch, flipturn, icespinner, wavecrash] ttype=water
INFO     	            mew  synchronize    leftovers [knockoff, psychicnoise, uturn, willowisp] ttype=dark
INFO     	        haxorus  moldbreaker   loadeddice [closecombat, ironhead, scaleshot, swordsdance] ttype=steel
INFO     	     baxcalibur thermalexchange heavydutyboots [dragondance, earthquake, glaiverush, iciclecrash] ttype=ground
INFO     Sampling battle 5
INFO     	      armarouge    weakarmor  choicespecs [armorcannon, energyball, focusblast, psyshock] ttype=psychic
INFO     Sampling 5 unrevealed pokemon
INFO     	    zapdosgalar      defiant      lifeorb [bravebird, bulkup, closecombat, knockoff] ttype=fighting
INFO     	      palossand watercompaction    leftovers [earthpower, shadowball, shoreup, stealthrock] ttype=water
INFO     	       sneasler     unburden    whiteherb [acrobatics, closecombat, direclaw, swordsdance] ttype=flying
INFO     	      hippowdon   sandstream    leftovers [earthquake, slackoff, stealthrock, whirlwind] ttype=dragon
INFO     	            muk  poisontouch   choiceband [drainpunch, icepunch, knockoff, poisonjab] ttype=dark
INFO     Sampling battle 6
INFO     	      armarouge    weakarmor  choicespecs [armorcannon, aurasphere, energyball, psyshock] ttype=grass
INFO     Sampling 5 unrevealed pokemon
INFO     	      mamoswine     thickfat      lifeorb [earthquake, iceshard, iciclecrash, stealthrock] ttype=ice
INFO     	       glimmora  toxicdebris    powerherb [earthpower, energyball, meteorbeam, sludgewave] ttype=grass
INFO     	     ironleaves   quarkdrive   choiceband [closecombat, leafblade, megahorn, psyblade] ttype=fighting
INFO     	       articuno     pressure heavydutyboots [bravebird, freezedry, roost, substitute] ttype=ground
INFO     	        darkrai    baddreams      lifeorb [darkpulse, hypnosis, nastyplot, sludgebomb] ttype=poison
INFO     Sampling battle 7
INFO     	      armarouge    weakarmor  choicespecs [armorcannon, aurasphere, energyball, psyshock] ttype=grass
INFO     Sampling 5 unrevealed pokemon
INFO     	      magnezone   magnetpull  choicescarf [bodypress, flashcannon, thunderbolt, voltswitch] ttype=electric
INFO     	      reuniclus   magicguard      lifeorb [calmmind, focusblast, psychic, recover] ttype=fighting
INFO     	      cinderace       libero   choiceband [gunkshot, highjumpkick, pyroball, uturn] ttype=fighting
INFO     	 electrodehisui       static      lifeorb [gigadrain, taunt, thunderbolt, thunderwave] ttype=grass
INFO     	      sinistcha    heatproof    leftovers [calmmind, matchagotcha, shadowball, strengthsap] ttype=steel
INFO     Sampling battle 8
INFO     	      armarouge    weakarmor  choicespecs [armorcannon, energyball, focusblast, psyshock] ttype=psychic
INFO     Sampling 5 unrevealed pokemon
INFO     	      blastoise      torrent    whiteherb [earthquake, hydropump, icebeam, shellsmash] ttype=ground
INFO     	         regice    clearbody heavydutyboots [icebeam, rest, sleeptalk, thunderbolt] ttype=electric
INFO     	      dragapult  infiltrator heavydutyboots [dragondarts, hex, uturn, willowisp] ttype=dragon
INFO     	      staraptor     reckless   choiceband [bravebird, closecombat, quickattack, uturn] ttype=flying
INFO     	     archaludon      stamina     lumberry [earthquake, ironhead, outrage, swordsdance] ttype=ground
INFO     Sampling battle 9
INFO     	      armarouge    weakarmor  choicespecs [armorcannon, energyball, focusblast, psyshock] ttype=fighting
INFO     Sampling 5 unrevealed pokemon
INFO     	      sinistcha    heatproof    leftovers [calmmind, matchagotcha, shadowball, strengthsap] ttype=steel
INFO     	       salazzle    corrosion    leftovers [flamethrower, protect, substitute, toxic] ttype=flying
INFO     	         klefki    prankster    leftovers [dazzlinggleam, foulplay, spikes, thunderwave] ttype=water
INFO     	      dragonite   multiscale heavydutyboots [dragondance, earthquake, outrage, terablast] ttype=flying
INFO     	        umbreon  synchronize    leftovers [foulplay, protect, toxic, wish] ttype=poison
INFO     Sampling battle 10
INFO     	      armarouge    weakarmor  choicespecs [armorcannon, energyball, focusblast, psyshock] ttype=fighting
INFO     Sampling 5 unrevealed pokemon
INFO     	      farigiraf    sapsipper    leftovers [bodyslam, protect, psychicnoise, wish] ttype=ground
INFO     	       orthworm   eartheater  chestoberry [bodypress, coil, irontail, rest] ttype=electric
INFO     	      sudowoodo     rockhead   choiceband [earthquake, headsmash, suckerpunch, woodhammer] ttype=grass
INFO     	ogerponhearthflame  moldbreaker hearthflamemask [hornleech, ivycudgel, swordsdance, trailblaze] ttype=fire
INFO     	      spectrier    grimneigh      lifeorb [nastyplot, shadowball, terablast, willowisp] ttype=fighting
INFO     Sampling battle 11
INFO     	      armarouge    weakarmor  choicespecs [armorcannon, energyball, focusblast, psyshock] ttype=fighting
INFO     Sampling 5 unrevealed pokemon
INFO     	       zangoose   toxicboost     toxicorb [closecombat, facade, knockoff, quickattack] ttype=normal
INFO     	        gurdurr         guts     eviolite [bulkup, drainpunch, knockoff, machpunch] ttype=steel
INFO     	   arceusground    multitype   earthplate [calmmind, fireblast, judgment, recover] ttype=ground
INFO     	taurospaldeaaqua   intimidate      lifeorb [aquajet, bulkup, closecombat, liquidation] ttype=water
INFO     	     gothitelle    shadowtag  choicescarf [darkpulse, focusblast, psychic, trick] ttype=flying
INFO     Sampling battle 12
INFO     	      armarouge    weakarmor  choicespecs [armorcannon, aurasphere, energyball, psyshock] ttype=fighting
INFO     Sampling 5 unrevealed pokemon
INFO     	      magnezone     analytic  choicescarf [bodypress, flashcannon, thunderbolt, voltswitch] ttype=fighting
INFO     	        drednaw   shellarmor    whiteherb [earthquake, liquidation, shellsmash, stoneedge] ttype=water
INFO     	       vaporeon  waterabsorb    leftovers [calmmind, protect, scald, wish] ttype=poison
INFO     	    slitherwing protosynthesis heavydutyboots [closecombat, morningsun, uturn, willowisp] ttype=steel
INFO     	        mesprit     levitate  assaultvest [icebeam, knockoff, psychicnoise, thunderbolt] ttype=dark
INFO     Sampling battle 13
INFO     	      armarouge    weakarmor  choicespecs [armorcannon, energyball, focusblast, psyshock] ttype=fire
INFO     Sampling 5 unrevealed pokemon
INFO     	squawkabillyyellow       hustle heavydutyboots [bravebird, doubleedge, partingshot, quickattack] ttype=flying
INFO     	     gothitelle    shadowtag  choicescarf [darkpulse, focusblast, psychic, trick] ttype=ground
INFO     	            muk  poisontouch  assaultvest [drainpunch, knockoff, poisonjab, shadowsneak] ttype=dark
INFO     	       sawsbuck    sapsipper      lifeorb [doubleedge, highhorsepower, hornleech, swordsdance] ttype=normal
INFO     	     ironbundle   quarkdrive heavydutyboots [encore, flipturn, freezedry, hydropump] ttype=ice
INFO     Sampling battle 14
INFO     	      armarouge    weakarmor  choicespecs [armorcannon, aurasphere, energyball, psyshock] ttype=psychic
INFO     Sampling 5 unrevealed pokemon
INFO     	thundurustherian   voltabsorb  choicescarf [grassknot, psychic, thunderbolt, voltswitch] ttype=electric
INFO     	        golduck    cloudnine    leftovers [encore, hydropump, icebeam, nastyplot] ttype=water
INFO     	    arceusgrass    multitype  meadowplate [calmmind, fireblast, judgment, recover] ttype=fire
INFO     	        wyrdeer   intimidate    leftovers [bodyslam, earthquake, psychicnoise, thunderwave] ttype=ground
INFO     	        shaymin  naturalcure    leftovers [airslash, leechseed, seedflare, substitute] ttype=steel
INFO     Sampling battle 15
INFO     	      armarouge    weakarmor  choicespecs [armorcannon, aurasphere, energyball, psyshock] ttype=grass
INFO     Sampling 5 unrevealed pokemon
INFO     	     chandelure    flashfire  choicescarf [energyball, fireblast, shadowball, trick] ttype=grass
INFO     	        pikachu lightningrod    lightball [fakeout, surf, voltswitch, volttackle] ttype=water
INFO     	 oricoriopompom       dancer heavydutyboots [hurricane, quiverdance, revelationdance, roost] ttype=ground
INFO     	        gliscor   poisonheal     toxicorb [earthquake, protect, substitute, toxic] ttype=water
INFO     	       sunflora  chlorophyll      lifeorb [earthpower, solarbeam, sunnyday, weatherball] ttype=fire
INFO     Searching for a move using MCTS...
INFO     Sampling 16 battles at 500ms each
INFO     Choice: switch gallade
INFO     gallade switched in, adding intimidate to impossible abilities
INFO     gallade switched in, adding pressure to impossible abilities
INFO     gallade switched in, adding neutralizinggas to impossible abilities
INFO     gallade switched in, adding sandstream to impossible abilities
INFO     gallade switched in, adding drought to impossible abilities
INFO     gallade switched in, adding drizzle to impossible abilities
INFO     gallade switched in, adding snowwarning to impossible abilities
INFO     gallade switched in, adding boosterenergy to impossible items
INFO     gallade switched in, adding airballoon to impossible items
INFO     
INFO     Turn: 4
INFO     loaded 12 player and 0 effective opponent priors
INFO     Sampling battle 0
INFO     	      armarouge    weakarmor  choicespecs [armorcannon, energyball, focusblast, psyshock] ttype=fighting
INFO     Sampling 5 unrevealed pokemon
INFO     	         kyogre      drizzle  choicescarf [icebeam, originpulse, thunder, waterspout] ttype=water
INFO     	   palkiaorigin     pressure lustrousglobe [dracometeor, fireblast, hydropump, thunderwave] ttype=water
INFO     	      sandslash     sandrush    leftovers [earthquake, knockoff, stoneedge, swordsdance] ttype=steel
INFO     	     arceusrock    multitype   stoneplate [calmmind, earthpower, judgment, recover] ttype=ground
INFO     	      staraptor     reckless   choiceband [bravebird, closecombat, doubleedge, quickattack] ttype=fighting
INFO     Sampling battle 1
INFO     	      armarouge    weakarmor  choicespecs [armorcannon, energyball, focusblast, psyshock] ttype=grass
INFO     Sampling 5 unrevealed pokemon
INFO     	     rotomfrost     levitate heavydutyboots [blizzard, nastyplot, thunderbolt, willowisp] ttype=electric
INFO     	        golduck    cloudnine    leftovers [encore, grassknot, hydropump, nastyplot] ttype=water
INFO     	        lucario   innerfocus      lifeorb [aurasphere, flashcannon, nastyplot, vacuumwave] ttype=fighting
INFO     	        wochien tabletsofruin    leftovers [gigadrain, knockoff, leechseed, protect] ttype=poison
INFO     	     hitmonchan     ironfist    leftovers [drainpunch, encore, knockoff, poisonjab] ttype=steel
INFO     Sampling battle 2
INFO     	      armarouge    weakarmor  choicespecs [armorcannon, energyball, focusblast, psyshock] ttype=fire
INFO     Sampling 5 unrevealed pokemon
INFO     	      girafarig    sapsipper     eviolite [hypervoice, nastyplot, psyshock, thunderbolt] ttype=normal
INFO     	     annihilape      defiant  chestoberry [bulkup, drainpunch, ragefist, rest] ttype=water
INFO     	      poliwrath  waterabsorb    leftovers [bulkup, drainpunch, knockoff, liquidation] ttype=fighting
INFO     	        heatran    flashfire   airballoon [earthpower, heavyslam, lavaplume, stealthrock] ttype=grass
INFO     	      registeel    clearbody    leftovers [bodypress, ironhead, stealthrock, thunderwave] ttype=fighting
INFO     Sampling battle 3
INFO     	      armarouge    weakarmor  choicespecs [armorcannon, energyball, focusblast, psyshock] ttype=fire
INFO     Sampling 5 unrevealed pokemon
INFO     	     ragingbolt protosynthesis    leftovers [calmmind, dracometeor, thunderbolt, thunderclap] ttype=electric
INFO     	         dialga     pressure    leftovers [dracometeor, fireblast, heavyslam, stealthrock] ttype=flying
INFO     	          lokix   tintedlens silverpowder [firstimpression, knockoff, suckerpunch, uturn] ttype=bug
INFO     	         kyogre      drizzle  choicescarf [icebeam, originpulse, thunder, waterspout] ttype=water
INFO     	        florges   flowerveil    leftovers [calmmind, moonblast, synthesis, terablast] ttype=ground
INFO     Sampling battle 4
INFO     	      armarouge    weakarmor  choicespecs [armorcannon, energyball, focusblast, psyshock] ttype=psychic
INFO     Sampling 5 unrevealed pokemon
INFO     	     archaludon      stamina     lumberry [earthquake, ironhead, outrage, swordsdance] ttype=ground
INFO     	      regigigas    slowstart    leftovers [bodyslam, knockoff, protect, substitute] ttype=ghost
INFO     	         gogoat    sapsipper    leftovers [bulkup, hornleech, milkdrink, rockslide] ttype=water
INFO     	        calyrex      unnerve    leftovers [calmmind, encore, gigadrain, psyshock] ttype=steel
INFO     	     krookodile   intimidate      lifeorb [earthquake, gunkshot, knockoff, stealthrock] ttype=ground
INFO     Sampling battle 5
INFO     	      armarouge    weakarmor  choicespecs [armorcannon, energyball, focusblast, psyshock] ttype=fighting
INFO     Sampling 5 unrevealed pokemon
INFO     	   arceusground    multitype   earthplate [earthquake, extremespeed, stoneedge, swordsdance] ttype=normal
INFO     	      clawitzer megalauncher  assaultvest [aurasphere, dragonpulse, uturn, waterpulse] ttype=dragon
INFO     	       rotomfan     levitate heavydutyboots [airslash, nastyplot, thunderbolt, willowisp] ttype=electric
INFO     	     chandelure    flashfire heavydutyboots [calmmind, energyball, fireblast, shadowball] ttype=grass
INFO     	       sceptile     overgrow      lifeorb [earthquake, leafblade, rockslide, swordsdance] ttype=rock
INFO     Sampling battle 6
INFO     	      armarouge    weakarmor  choicespecs [armorcannon, aurasphere, energyball, psyshock] ttype=fighting
INFO     Sampling 5 unrevealed pokemon
INFO     	     galvantula compoundeyes heavydutyboots [bugbuzz, energyball, stickyweb, thunder] ttype=electric
INFO     	           hooh  regenerator heavydutyboots [bravebird, earthquake, recover, sacredfire] ttype=steel
INFO     	         raikou     pressure    leftovers [calmmind, scald, shadowball, thunderbolt] ttype=electric
INFO     	       lurantis     contrary  assaultvest [knockoff, leafstorm, leechlife, superpower] ttype=fighting
INFO     	       meloetta  serenegrace  choicespecs [focusblast, hypervoice, psyshock, uturn] ttype=fighting
INFO     Sampling battle 7
INFO     	      armarouge    weakarmor  choicespecs [armorcannon, aurasphere, energyball, psyshock] ttype=fire
INFO     Sampling 5 unrevealed pokemon
INFO     	     electivire   motordrive      lifeorb [flamethrower, knockoff, supercellslam, voltswitch] ttype=dark
INFO     	      zamazenta dauntlessshield    leftovers [bodypress, crunch, irondefense, ironhead] ttype=steel
INFO     	     incineroar   intimidate   choiceband [closecombat, earthquake, flareblitz, knockoff] ttype=water
INFO     	      quaquaval        moxie      lifeorb [aquastep, closecombat, knockoff, swordsdance] ttype=steel
INFO     	       garchomp    roughskin  rockyhelmet [earthquake, outrage, spikes, stealthrock] ttype=ground
INFO     Sampling battle 8
INFO     	      armarouge    weakarmor  choicespecs [armorcannon, aurasphere, energyball, psyshock] ttype=psychic
INFO     Sampling 5 unrevealed pokemon
INFO     	       mienshao  regenerator      lifeorb [closecombat, knockoff, poisonjab, swordsdance] ttype=poison
INFO     	        gurdurr         guts     eviolite [bulkup, drainpunch, knockoff, machpunch] ttype=steel
INFO     	      ninetales      drought heavydutyboots [fireblast, nastyplot, scorchingsands, solarbeam] ttype=fire
INFO     	        drednaw   shellarmor    whiteherb [earthquake, liquidation, shellsmash, stoneedge] ttype=water
INFO     	        bruxish    strongjaw      lifeorb [crunch, psychicfangs, swordsdance, wavecrash] ttype=dark
INFO     Sampling battle 9
INFO     	      armarouge    weakarmor  choicespecs [armorcannon, aurasphere, energyball, psyshock] ttype=psychic
INFO     Sampling 5 unrevealed pokemon
INFO     	taurospaldeablaze   intimidate   choiceband [closecombat, flareblitz, stoneedge, wildcharge] ttype=fighting
INFO     	    kyuremblack     teravolt   loadeddice [dragondance, iciclespear, scaleshot, terablast] ttype=ground
INFO     	       cinccino   technician   loadeddice [bulletseed, tailslap, tripleaxel, uturn] ttype=normal
INFO     	      araquanid  waterbubble heavydutyboots [hydropump, leechlife, liquidation, stickyweb] ttype=water
INFO     	       clodsire      unaware    leftovers [earthquake, recover, spikes, toxic] ttype=flying
INFO     Sampling battle 10
INFO     	      armarouge    weakarmor  choicespecs [armorcannon, energyball, focusblast, psyshock] ttype=fighting
INFO     Sampling 5 unrevealed pokemon
INFO     	     kricketune   technician heavydutyboots [knockoff, pounce, stickyweb, taunt] ttype=ghost
INFO     	        slowbro  regenerator    leftovers [bodypress, irondefense, scald, slackoff] ttype=fighting
INFO     	      dragapult  infiltrator  choicespecs [dracometeor, fireblast, shadowball, uturn] ttype=fire
INFO     	      hydrapple  regenerator    leftovers [earthpower, ficklebeam, nastyplot, recover] ttype=steel
INFO     	         phione    hydration    leftovers [grassknot, icebeam, scald, takeheart] ttype=grass
INFO     Sampling battle 11
INFO     	      armarouge    weakarmor  choicespecs [armorcannon, energyball, focusblast, psyshock] ttype=psychic
INFO     Sampling 5 unrevealed pokemon
INFO     	  arceuspsychic    multitype    mindplate [bodypress, cosmicpower, recover, storedpower] ttype=steel
INFO     	     houndstone       fluffy  assaultvest [bodypress, playrough, poltergeist, shadowsneak] ttype=fairy
INFO     	        scrafty     shedskin    leftovers [bulkup, drainpunch, knockoff, rest] ttype=poison
INFO     	         zarude    leafguard    leftovers [knockoff, powerwhip, swordsdance, synthesis] ttype=dark
INFO     	     scovillain  chlorophyll  choicespecs [energyball, flamethrower, leafstorm, overheat] ttype=fire
INFO     Sampling battle 12
INFO     	      armarouge    weakarmor  choicespecs [armorcannon, energyball, focusblast, psyshock] ttype=fighting
INFO     Sampling 5 unrevealed pokemon
INFO     	         kommoo   soundproof   loadeddice [closecombat, ironhead, scaleshot, swordsdance] ttype=steel
INFO     	       tsareena queenlymajesty  assaultvest [highjumpkick, powerwhip, rapidspin, tripleaxel] ttype=steel
INFO     	        palafin   zerotohero   choiceband [closecombat, flipturn, jetpunch, wavecrash] ttype=water
INFO     	squawkabillyblue         guts     flameorb [bravebird, facade, protect, quickattack] ttype=normal
INFO     	lycanrocmidnight      noguard      lifeorb [closecombat, playrough, stealthrock, stoneedge] ttype=fighting
INFO     Sampling battle 13
INFO     	      armarouge    weakarmor  choicespecs [armorcannon, energyball, focusblast, psyshock] ttype=fire
INFO     Sampling 5 unrevealed pokemon
INFO     	        kleavor    sharpness heavydutyboots [closecombat, stoneaxe, swordsdance, xscissor] ttype=rock
INFO     	         kyogre      drizzle  choicescarf [icebeam, originpulse, thunder, waterspout] ttype=water
INFO     	      mamoswine     thickfat   choiceband [earthquake, iceshard, iciclecrash, knockoff] ttype=ground
INFO     	      gholdengo   goodasgold    leftovers [makeitrain, nastyplot, recover, shadowball] ttype=steel
INFO     	       arboliva      harvest  sitrusberry [hypervoice, leechseed, protect, substitute] ttype=water
INFO     Sampling battle 14
INFO     	      armarouge    weakarmor  choicespecs [armorcannon, energyball, focusblast, psyshock] ttype=fire
INFO     Sampling 5 unrevealed pokemon
INFO     	        dewgong     thickfat heavydutyboots [encore, flipturn, surf, tripleaxel] ttype=steel
INFO     	        flapple       hustle   choiceband [gravapple, outrage, suckerpunch, uturn] ttype=dragon
INFO     	      magnezone     analytic  assaultvest [discharge, flashcannon, mirrorcoat, voltswitch] ttype=flying
INFO     	    ironvaliant   quarkdrive      lifeorb [calmmind, closecombat, moonblast, psychic] ttype=steel
INFO     	          entei   innerfocus   choiceband [extremespeed, flareblitz, sacredfire, stoneedge] ttype=fire
INFO     Sampling battle 15
INFO     	      armarouge    weakarmor  choicespecs [armorcannon, energyball, focusblast, psyshock] ttype=fighting
INFO     Sampling 5 unrevealed pokemon
INFO     	 electrodehisui   soundproof    leftovers [gigadrain, leechseed, substitute, thunderbolt] ttype=poison
INFO     	      vespiquen     pressure heavydutyboots [hurricane, roost, toxicspikes, uturn] ttype=steel
INFO     	      coalossal    flamebody heavydutyboots [overheat, rapidspin, spikes, stoneedge] ttype=ghost
INFO     	        weezing     levitate    leftovers [fireblast, gunkshot, painsplit, willowisp] ttype=steel
INFO     	necrozmadawnwings   prismarmor      lifeorb [brickbreak, dragondance, moongeistbeam, photongeyser] ttype=fighting
INFO     Searching for a move using MCTS...
INFO     Sampling 16 battles at 500ms each
INFO     Choice: psychocut
INFO     gallade already has the move psychocut. Decrementing the PP by 1
INFO     gallade used a psychic move, removing psychicgem from possible items
INFO     Setting gallade's last used move: psychocut
INFO     gallade used a damaging move - not guessing lifeorb anymore
INFO     gallade did 49.0% damage to armarouge with psychocut
INFO     Setting gallade's item to: lifeorb
INFO     armarouge has less than maxhp during upkeep, no longer guessing leftovers or blacksludge
INFO     Opponent has switched - clearing the last used move
INFO     cinderace switched in, adding intimidate to impossible abilities
INFO     cinderace switched in, adding pressure to impossible abilities
INFO     cinderace switched in, adding neutralizinggas to impossible abilities
INFO     cinderace switched in, adding sandstream to impossible abilities
INFO     cinderace switched in, adding drought to impossible abilities
INFO     cinderace switched in, adding drizzle to impossible abilities
INFO     cinderace switched in, adding snowwarning to impossible abilities
INFO     cinderace switched in, adding boosterenergy to impossible items
INFO     cinderace switched in, adding airballoon to impossible items
INFO     
INFO     Turn: 5
INFO     loaded 12 player and 0 effective opponent priors
INFO     Sampling battle 0
INFO     	      cinderace       libero heavydutyboots [courtchange, pyroball, uturn, willowisp] ttype=grass
INFO     Sampling 4 unrevealed pokemon
INFO     	    raichualola  surgesurfer  choicespecs [grassknot, psychic, surf, thunderbolt] ttype=water
INFO     	     conkeldurr         guts     flameorb [closecombat, facade, knockoff, machpunch] ttype=normal
INFO     	      bellossom  chlorophyll    leftovers [gigadrain, quiverdance, strengthsap, terablast] ttype=rock
INFO     	     shayminsky  serenegrace heavydutyboots [airslash, earthpower, seedflare, synthesis] ttype=steel
INFO     Sampling battle 1
INFO     	      cinderace       libero heavydutyboots [courtchange, highjumpkick, pyroball, uturn] ttype=fighting
INFO     Sampling 4 unrevealed pokemon
INFO     	        carbink       sturdy  chestoberry [bodypress, irondefense, moonblast, rest] ttype=fighting
INFO     	      dragapult    clearbody      lifeorb [dragondance, dragondarts, fireblast, terablast] ttype=ghost
INFO     	       skarmory       sturdy    leftovers [bodypress, bravebird, irondefense, roost] ttype=fighting
INFO     	      cramorant  gulpmissile heavydutyboots [bravebird, defog, roost, surf] ttype=ground
INFO     Sampling battle 2
INFO     	      cinderace       libero   choiceband [gunkshot, highjumpkick, pyroball, uturn] ttype=fire
INFO     Sampling 4 unrevealed pokemon
INFO     	      terrakion    justified      lifeorb [closecombat, earthquake, stoneedge, swordsdance] ttype=ground
INFO     	         palkia     pressure  choicespecs [dracometeor, fireblast, hydropump, spacialrend] ttype=dragon
INFO     	         rabsca  synchronize heavydutyboots [bugbuzz, earthpower, psychic, revivalblessing] ttype=steel
INFO     	       greedent   cheekpouch  sitrusberry [bodyslam, earthquake, knockoff, swordsdance] ttype=ghost
INFO     Sampling battle 3
INFO     	      cinderace       libero   choiceband [gunkshot, highjumpkick, pyroball, uturn] ttype=fighting
INFO     Sampling 4 unrevealed pokemon
INFO     	    oinkolognef     thickfat    leftovers [bodyslam, curse, highhorsepower, lashout] ttype=ground
INFO     	       mienshao  regenerator  assaultvest [closecombat, fakeout, knockoff, uturn] ttype=dark
INFO     	         raichu lightningrod      lifeorb [focusblast, nastyplot, terablast, thunderbolt] ttype=ice
INFO     	      glastrier chillingneigh heavydutyboots [heavyslam, highhorsepower, iciclecrash, swordsdance] ttype=steel
INFO     Sampling battle 4
INFO     	      cinderace       libero   choiceband [gunkshot, highjumpkick, pyroball, uturn] ttype=fire
INFO     Sampling 4 unrevealed pokemon
INFO     	       leavanny  chlorophyll   loadeddice [bulletseed, knockoff, stickyweb, tripleaxel] ttype=rock
INFO     	     misdreavus     levitate     eviolite [calmmind, drainingkiss, shadowball, willowisp] ttype=fairy
INFO     	     screamtail protosynthesis    leftovers [dazzlinggleam, encore, protect, wish] ttype=steel
INFO     	       overqwil   intimidate   loadeddice [crunch, gunkshot, scaleshot, swordsdance] ttype=dragon
INFO     Sampling battle 5
INFO     	      cinderace       libero heavydutyboots [courtchange, pyroball, uturn, willowisp] ttype=grass
INFO     Sampling 4 unrevealed pokemon
INFO     	        darkrai    baddreams    leftovers [darkpulse, nastyplot, sludgebomb, substitute] ttype=poison
INFO     	    dudunsparce      rattled    leftovers [boomburst, earthquake, roost, toxic] ttype=ground
INFO     	        kingdra       sniper     lumberry [dragondance, ironhead, outrage, wavecrash] ttype=steel
INFO     	      arceusbug    multitype  insectplate [calmmind, fireblast, judgment, recover] ttype=fire
INFO     Sampling battle 6
INFO     	      cinderace       libero   choiceband [gunkshot, highjumpkick, pyroball, uturn] ttype=fire
INFO     Sampling 4 unrevealed pokemon
INFO     	       ampharos       static  assaultvest [dazzlinggleam, discharge, dragontail, voltswitch] ttype=fairy
INFO     	      blastoise      torrent    whiteherb [hydropump, icebeam, shellsmash, terablast] ttype=grass
INFO     	      decidueye     overgrow  assaultvest [knockoff, leafstorm, spiritshackle, uturn] ttype=ghost
INFO     	        ariados        swarm heavydutyboots [knockoff, megahorn, poisonjab, stickyweb] ttype=ghost
INFO     Sampling battle 7
INFO     	      cinderace       libero   choiceband [gunkshot, highjumpkick, pyroball, uturn] ttype=fire
INFO     Sampling 4 unrevealed pokemon
INFO     	     gothitelle    shadowtag    leftovers [calmmind, focusblast, psychicnoise, thunderbolt] ttype=steel
INFO     	    barraskewda    swiftswim   choiceband [closecombat, flipturn, throatchop, waterfall] ttype=fighting
INFO     	      hydreigon     levitate  choicescarf [darkpulse, dracometeor, fireblast, flashcannon] ttype=fire
INFO     	     hitmonchan     ironfist    leftovers [drainpunch, knockoff, rapidspin, taunt] ttype=steel
INFO     Sampling battle 8
INFO     	      cinderace       libero   choiceband [gunkshot, highjumpkick, pyroball, uturn] ttype=fighting
INFO     Sampling 4 unrevealed pokemon
INFO     	      ironcrown   quarkdrive    leftovers [calmmind, focusblast, psyshock, tachyoncutter] ttype=steel
INFO     	    arceusgrass    multitype  meadowplate [calmmind, fireblast, judgment, recover] ttype=fire
INFO     	       enamorus    cutecharm    leftovers [calmmind, earthpower, moonblast, substitute] ttype=ground
INFO     	   brambleghast    windrider    leftovers [leechseed, poltergeist, powerwhip, substitute] ttype=steel
INFO     Sampling battle 9
INFO     	      cinderace       libero   choiceband [gunkshot, highjumpkick, pyroball, uturn] ttype=fighting
INFO     Sampling 4 unrevealed pokemon
INFO     	       chienpao  swordofruin   choiceband [crunch, iceshard, iciclecrash, sacredsword] ttype=dark
INFO     	landorustherian   intimidate    leftovers [earthquake, stealthrock, stoneedge, uturn] ttype=ground
INFO     	      decidueye     overgrow      lifeorb [knockoff, leafstorm, roost, spiritshackle] ttype=dark
INFO     	        falinks      defiant      lifeorb [closecombat, ironhead, knockoff, noretreat] ttype=dark
INFO     Sampling battle 10
INFO     	      cinderace       libero heavydutyboots [courtchange, pyroball, uturn, willowisp] ttype=grass
INFO     Sampling 4 unrevealed pokemon
INFO     	        dewgong     thickfat heavydutyboots [encore, knockoff, surf, tripleaxel] ttype=steel
INFO     	         veluza    sharpness   choiceband [aquacutter, aquajet, nightslash, psychocut] ttype=water
INFO     	    ironvaliant   quarkdrive      lifeorb [calmmind, closecombat, moonblast, psychic] ttype=steel
INFO     	        darkrai    baddreams      lifeorb [darkpulse, hypnosis, nastyplot, sludgebomb] ttype=poison
INFO     Sampling battle 11
INFO     	      cinderace       libero heavydutyboots [courtchange, gunkshot, highjumpkick, pyroball] ttype=fighting
INFO     Sampling 4 unrevealed pokemon
INFO     	     ironthorns   quarkdrive boosterenergy [dragondance, icepunch, stoneedge, wildcharge] ttype=grass
INFO     	     grimmsnarl    prankster    leftovers [partingshot, spiritbreak, suckerpunch, taunt] ttype=steel
INFO     	         glalie   innerfocus heavydutyboots [earthquake, freezedry, spikes, taunt] ttype=water
INFO     	        scrafty     shedskin    leftovers [bulkup, drainpunch, knockoff, rest] ttype=poison
INFO     Sampling battle 12
INFO     	      cinderace       libero heavydutyboots [courtchange, pyroball, uturn, willowisp] ttype=grass
INFO     Sampling 4 unrevealed pokemon
INFO     	     kricketune   technician heavydutyboots [knockoff, pounce, stickyweb, taunt] ttype=ghost
INFO     	       greninja      protean      lifeorb [gunkshot, hydropump, spikes, uturn] ttype=poison
INFO     	      mismagius     levitate  choicespecs [dazzlinggleam, mysticalfire, shadowball, trick] ttype=fire
INFO     	      magnezone     analytic    leftovers [bodypress, flashcannon, irondefense, thunderbolt] ttype=fighting
INFO     Sampling battle 13
INFO     	      cinderace       libero heavydutyboots [courtchange, pyroball, uturn, willowisp] ttype=grass
INFO     Sampling 4 unrevealed pokemon
INFO     	  calyrexshadow asonespectrier      lifeorb [astralbarrage, nastyplot, pollenpuff, psyshock] ttype=ghost
INFO     	       enamorus     contrary    leftovers [playrough, substitute, superpower, taunt] ttype=fighting
INFO     	        lanturn   voltabsorb heavydutyboots [scald, thunderbolt, thunderwave, voltswitch] ttype=flying
INFO     	       swampert         damp    leftovers [earthquake, icebeam, knockoff, yawn] ttype=poison
INFO     Sampling battle 14
INFO     	      cinderace       libero   choiceband [gunkshot, highjumpkick, pyroball, uturn] ttype=fighting
INFO     Sampling 4 unrevealed pokemon
INFO     	 exeggutoralola      harvest  sitrusberry [dracometeor, dragontail, flamethrower, woodhammer] ttype=fire
INFO     	   brambleghast    windrider    leftovers [leechseed, poltergeist, powerwhip, substitute] ttype=water
INFO     	         minior  shieldsdown    whiteherb [acrobatics, earthquake, powergem, shellsmash] ttype=flying
INFO     	  zaciancrowned intrepidsword  rustedsword [behemothblade, closecombat, playrough, swordsdance] ttype=fighting
INFO     Sampling battle 15
INFO     	      cinderace       libero   choiceband [gunkshot, highjumpkick, pyroball, uturn] ttype=fire
INFO     Sampling 4 unrevealed pokemon
INFO     	          hypno     insomnia    leftovers [focusblast, protect, psychicnoise, toxic] ttype=dark
INFO     	 keldeoresolute    justified    leftovers [calmmind, secretsword, substitute, surf] ttype=steel
INFO     	        palafin   zerotohero   choiceband [closecombat, flipturn, jetpunch, wavecrash] ttype=fighting
INFO     	 decidueyehisui      scrappy    leftovers [leafblade, roost, suckerpunch, triplearrows] ttype=steel
INFO     Sampling battle 16
INFO     	      cinderace       libero heavydutyboots [courtchange, pyroball, uturn, willowisp] ttype=grass
INFO     Sampling 4 unrevealed pokemon
INFO     	       cinccino   technician   loadeddice [bulletseed, tailslap, tripleaxel, uturn] ttype=grass
INFO     	necrozmaduskmane   prismarmor weaknesspolicy [dragondance, earthquake, morningsun, sunsteelstrike] ttype=ground
INFO     	         komala     comatose  assaultvest [bodyslam, earthquake, knockoff, rapidspin] ttype=ghost
INFO     	        falinks      defiant      lifeorb [closecombat, ironhead, knockoff, noretreat] ttype=steel
INFO     Sampling battle 17
INFO     	      cinderace       libero heavydutyboots [courtchange, highjumpkick, pyroball, uturn] ttype=fighting
INFO     Sampling 4 unrevealed pokemon
INFO     	    kyuremwhite   turboblaze  choicescarf [dracometeor, earthpower, freezedry, fusionflare] ttype=fire
INFO     	   crabominable     ironfist   choiceband [drainpunch, earthquake, gunkshot, icehammer] ttype=fighting
INFO     	         zekrom     teravolt    leftovers [boltstrike, dragondance, outrage, substitute] ttype=fairy
INFO     	        dugtrio    arenatrap   choiceband [earthquake, stoneedge, suckerpunch, throatchop] ttype=ground
INFO     Sampling battle 18
INFO     	      cinderace       libero heavydutyboots [courtchange, pyroball, uturn, willowisp] ttype=grass
INFO     Sampling 4 unrevealed pokemon
INFO     	      rotomwash     levitate    leftovers [hydropump, nastyplot, painsplit, thunderbolt] ttype=steel
INFO     	  arceuspsychic    multitype    mindplate [bodypress, cosmicpower, recover, storedpower] ttype=steel
INFO     	      dragapult  infiltrator  choicespecs [dracometeor, fireblast, shadowball, uturn] ttype=dragon
INFO     	        altaria  naturalcure heavydutyboots [bravebird, defog, haze, roost] ttype=steel
INFO     Sampling battle 19
INFO     	      cinderace       libero heavydutyboots [courtchange, gunkshot, highjumpkick, pyroball] ttype=fighting
INFO     Sampling 4 unrevealed pokemon
INFO     	        gliscor   poisonheal     toxicorb [earthquake, knockoff, protect, toxic] ttype=water
INFO     	        luvdisc    swiftswim heavydutyboots [endeavor, flipturn, substitute, surf] ttype=ghost
INFO     	        spidops     stakeout heavydutyboots [circlethrow, knockoff, stickyweb, toxicspikes] ttype=ghost
INFO     	   arceusdragon    multitype   dracoplate [extremespeed, flareblitz, outrage, swordsdance] ttype=fire
INFO     Sampling battle 20
INFO     	      cinderace       libero   choiceband [gunkshot, highjumpkick, pyroball, uturn] ttype=fire
INFO     Sampling 4 unrevealed pokemon
INFO     	     forretress       sturdy    leftovers [ironhead, rapidspin, stealthrock, voltswitch] ttype=water
INFO     	     ragingbolt protosynthesis  assaultvest [discharge, dracometeor, thunderclap, voltswitch] ttype=electric
INFO     	           uxie     levitate    leftovers [encore, psychicnoise, uturn, yawn] ttype=electric
INFO     	        gliscor   poisonheal     toxicorb [earthquake, knockoff, protect, toxicspikes] ttype=water
INFO     Sampling battle 21
INFO     	      cinderace       libero heavydutyboots [courtchange, highjumpkick, pyroball, uturn] ttype=fighting
INFO     Sampling 4 unrevealed pokemon
INFO     	    fluttermane protosynthesis      lifeorb [calmmind, moonblast, mysticalfire, shadowball] ttype=fairy
INFO     	     whimsicott    prankster    leftovers [encore, leechseed, moonblast, substitute] ttype=poison
INFO     	     masquerain   intimidate heavydutyboots [bugbuzz, hurricane, hydropump, stickyweb] ttype=steel
INFO     	   zoroarkhisui     illusion      lifeorb [bittermalice, focusblast, hypervoice, nastyplot] ttype=fighting
INFO     Sampling battle 22
INFO     	      cinderace       libero   choiceband [gunkshot, highjumpkick, pyroball, uturn] ttype=fire
INFO     Sampling 4 unrevealed pokemon
INFO     	         zekrom     teravolt    leftovers [boltstrike, dragondance, outrage, substitute] ttype=electric
INFO     	        dipplin   stickyhold     eviolite [dragonpulse, gigadrain, recover, suckerpunch] ttype=steel
INFO     	         minior  shieldsdown    whiteherb [acrobatics, earthquake, powergem, shellsmash] ttype=flying
INFO     	    arceusfairy    multitype   pixieplate [calmmind, earthpower, judgment, recover] ttype=steel
INFO     Sampling battle 23
INFO     	      cinderace       libero heavydutyboots [courtchange, gunkshot, highjumpkick, pyroball] ttype=fighting
INFO     Sampling 4 unrevealed pokemon
INFO     	      toxicroak      dryskin   choiceband [closecombat, earthquake, gunkshot, knockoff] ttype=dark
INFO     	         kyogre      drizzle  choicescarf [icebeam, originpulse, thunder, waterspout] ttype=water
INFO     	  calyrexshadow asonespectrier  choicespecs [astralbarrage, pollenpuff, psyshock, trick] ttype=dark
INFO     	   greninjabond   battlebond      lifeorb [darkpulse, gunkshot, hydropump, icebeam] ttype=water
INFO     Sampling battle 24
INFO     	      cinderace       libero   choiceband [gunkshot, highjumpkick, pyroball, uturn] ttype=fire
INFO     Sampling 4 unrevealed pokemon
INFO     	      dragapult  infiltrator heavydutyboots [dragondarts, hex, uturn, willowisp] ttype=dragon
INFO     	      rillaboom  grassysurge      lifeorb [grassyglide, knockoff, swordsdance, woodhammer] ttype=grass
INFO     	      azumarill    hugepower   choiceband [aquajet, icespinner, liquidation, playrough] ttype=water
INFO     	   dugtrioalola tanglinghair   choiceband [earthquake, ironhead, stoneedge, suckerpunch] ttype=ground
INFO     Sampling battle 25
INFO     	      cinderace       libero heavydutyboots [courtchange, highjumpkick, pyroball, uturn] ttype=fighting
INFO     Sampling 4 unrevealed pokemon
INFO     	      hippowdon   sandstream  rockyhelmet [earthquake, slackoff, stealthrock, stoneedge] ttype=rock
INFO     	       froslass   cursedbody     widelens [poltergeist, spikes, tripleaxel, willowisp] ttype=ghost
INFO     	       overqwil   intimidate   choiceband [aquajet, crunch, gunkshot, liquidation] ttype=water
INFO     	      bellossom  chlorophyll    leftovers [gigadrain, quiverdance, sludgebomb, strengthsap] ttype=poison
INFO     Sampling battle 26
INFO     	      cinderace       libero heavydutyboots [courtchange, pyroball, uturn, willowisp] ttype=grass
INFO     Sampling 4 unrevealed pokemon
INFO     	            mew  synchronize      lifeorb [closecombat, knockoff, psychicfangs, swordsdance] ttype=fighting
INFO     	        bisharp      defiant     eviolite [ironhead, stealthrock, suckerpunch, throatchop] ttype=flying
INFO     	     mabosstiff     stakeout   choiceband [crunch, playrough, psychicfangs, wildcharge] ttype=dark
INFO     	      sandslash     sandrush    leftovers [earthquake, rapidspin, spikes, stoneedge] ttype=steel
INFO     Sampling battle 27
INFO     	      cinderace       libero heavydutyboots [courtchange, gunkshot, highjumpkick, pyroball] ttype=fighting
INFO     Sampling 4 unrevealed pokemon
INFO     	        pikachu lightningrod    lightball [fakeout, surf, voltswitch, volttackle] ttype=water
INFO     	   palkiaorigin     pressure lustrousglobe [fireblast, hydropump, spacialrend, thunderwave] ttype=dragon
INFO     	        altaria  naturalcure heavydutyboots [bravebird, defog, haze, roost] ttype=steel
INFO     	        darkrai    baddreams      lifeorb [darkpulse, focusblast, nastyplot, sludgebomb] ttype=poison
INFO     Sampling battle 28
INFO     	      cinderace       libero heavydutyboots [courtchange, pyroball, uturn, willowisp] ttype=grass
INFO     Sampling 4 unrevealed pokemon
INFO     	         zapdos       static heavydutyboots [discharge, heatwave, hurricane, roost] ttype=electric
INFO     	       appletun     thickfat    leftovers [appleacid, dragonpulse, dragontail, recover] ttype=steel
INFO     	       alcremie    aromaveil    leftovers [alluringvoice, calmmind, recover, terablast] ttype=ground
INFO     	          rotom     levitate      lifeorb [nastyplot, shadowball, thunderbolt, willowisp] ttype=electric
INFO     Sampling battle 29
INFO     	      cinderace       libero   choiceband [gunkshot, highjumpkick, pyroball, uturn] ttype=fire
INFO     Sampling 4 unrevealed pokemon
INFO     	     kricketune   technician heavydutyboots [knockoff, pounce, stickyweb, taunt] ttype=ghost
INFO     	      mightyena   intimidate   choiceband [crunch, playrough, poisonfang, suckerpunch] ttype=poison
INFO     	          hypno     insomnia    leftovers [encore, knockoff, psychicnoise, thunderwave] ttype=fairy
INFO     	        urshifu   unseenfist      lifeorb [closecombat, suckerpunch, swordsdance, wickedblow] ttype=fighting
INFO     Sampling battle 30
INFO     	      cinderace       libero heavydutyboots [courtchange, pyroball, uturn, willowisp] ttype=grass
INFO     Sampling 4 unrevealed pokemon
INFO     	    brutebonnet protosynthesis    leftovers [crunch, seedbomb, spore, suckerpunch] ttype=poison
INFO     	         deoxys     pressure      lifeorb [extremespeed, knockoff, psychoboost, superpower] ttype=fighting
INFO     	        noivern  infiltrator heavydutyboots [defog, dracometeor, flamethrower, hurricane] ttype=fire
INFO     	         raichu lightningrod      lifeorb [nastyplot, surf, terablast, thunderbolt] ttype=ice
INFO     Sampling battle 31
INFO     	      cinderace       libero   choiceband [gunkshot, highjumpkick, pyroball, uturn] ttype=fire
INFO     Sampling 4 unrevealed pokemon
INFO     	       quagsire      unaware    leftovers [earthquake, icebeam, recover, toxic] ttype=poison
INFO     	         tauros   sheerforce      lifeorb [bodyslam, closecombat, throatchop, zenheadbutt] ttype=psychic
INFO     	zamazentacrowned dauntlessshield rustedshield [bodypress, heavyslam, irondefense, stoneedge] ttype=ghost
INFO     	    arceusfairy    multitype   pixieplate [calmmind, earthpower, judgment, recover] ttype=steel
INFO     Searching for a move using MCTS...
INFO     Sampling 32 battles at 250ms each
INFO     Choice: switch altaria
INFO     altaria switched in, adding intimidate to impossible abilities
INFO     altaria switched in, adding pressure to impossible abilities
INFO     altaria switched in, adding neutralizinggas to impossible abilities
INFO     altaria switched in, adding sandstream to impossible abilities
INFO     altaria switched in, adding drought to impossible abilities
INFO     altaria switched in, adding drizzle to impossible abilities
INFO     altaria switched in, adding snowwarning to impossible abilities
INFO     altaria switched in, adding boosterenergy to impossible items
INFO     altaria switched in, adding airballoon to impossible items
INFO     cinderace used a fire move, removing firegem from possible items
INFO     Setting cinderace's last used move: pyroball
INFO     cinderace used a damaging move - not guessing lifeorb anymore
INFO     cinderace did 29.5% damage to altaria with pyroball
INFO     
INFO     Turn: 6
INFO     loaded 12 player and 0 effective opponent priors
INFO     Sampling battle 0
INFO     	      cinderace       libero   choiceband [gunkshot, highjumpkick, pyroball, uturn] ttype=fire
INFO     Sampling 4 unrevealed pokemon
INFO     	  arceuspsychic    multitype    mindplate [bodypress, cosmicpower, recover, storedpower] ttype=steel
INFO     	        flapple       hustle     widelens [dragondance, gravapple, outrage, suckerpunch] ttype=steel
INFO     	      serperior     contrary      lifeorb [dragonpulse, glare, leafstorm, synthesis] ttype=dragon
INFO     	     electivire   motordrive      lifeorb [bulkup, earthquake, icepunch, supercellslam] ttype=ground
INFO     Sampling battle 1
INFO     	      cinderace       libero   choiceband [gunkshot, highjumpkick, pyroball, uturn] ttype=fighting
INFO     Sampling 4 unrevealed pokemon
INFO     	      eternatus     pressure    leftovers [dynamaxcannon, fireblast, recover, sludgebomb] ttype=fire
INFO     	       pelipper      drizzle heavydutyboots [hurricane, hydropump, knockoff, roost] ttype=water
INFO     	      quaquaval        moxie      lifeorb [aquastep, closecombat, knockoff, swordsdance] ttype=steel
INFO     	        wochien tabletsofruin    leftovers [knockoff, leechseed, protect, ruination] ttype=poison
INFO     Sampling battle 2
INFO     	      cinderace       libero   choiceband [gunkshot, highjumpkick, pyroball, uturn] ttype=fighting
INFO     Sampling 4 unrevealed pokemon
INFO     	        persian   technician    silkscarf [doubleedge, fakeout, knockoff, uturn] ttype=normal
INFO     	     perrserker   toughclaws      lifeorb [closecombat, ironhead, knockoff, stealthrock] ttype=fighting
INFO     	       vaporeon  waterabsorb    leftovers [haze, protect, scald, wish] ttype=poison
INFO     	         gogoat    sapsipper    leftovers [bulkup, earthquake, hornleech, milkdrink] ttype=water
INFO     Sampling battle 3
INFO     	      cinderace       libero   choiceband [gunkshot, highjumpkick, pyroball, uturn] ttype=fire
INFO     Sampling 4 unrevealed pokemon
INFO     	      sinistcha    heatproof    leftovers [calmmind, matchagotcha, shadowball, strengthsap] ttype=steel
INFO     	    arceusgrass    multitype  meadowplate [calmmind, fireblast, judgment, recover] ttype=fire
INFO     	tornadustherian  regenerator  assaultvest [bleakwindstorm, heatwave, knockoff, uturn] ttype=dark
INFO     	lycanrocmidnight      noguard      lifeorb [closecombat, knockoff, stoneedge, swordsdance] ttype=fighting
INFO     Sampling battle 4
INFO     	      cinderace       libero   choiceband [gunkshot, highjumpkick, pyroball, uturn] ttype=fighting
INFO     Sampling 4 unrevealed pokemon
INFO     	     galvantula compoundeyes    focussash [bugbuzz, stickyweb, thunder, voltswitch] ttype=electric
INFO     	    arceusfairy    multitype   pixieplate [calmmind, earthpower, judgment, recover] ttype=steel
INFO     	         comfey       triage    leftovers [calmmind, drainingkiss, gigadrain, storedpower] ttype=poison
INFO     	      indeedeef psychicsurge  choicescarf [dazzlinggleam, healingwish, hypervoice, psyshock] ttype=fairy
INFO     Sampling battle 5
INFO     	      cinderace       libero   choiceband [gunkshot, highjumpkick, pyroball, uturn] ttype=fire
INFO     Sampling 4 unrevealed pokemon
INFO     	        donphan       sturdy    leftovers [earthquake, iceshard, rapidspin, stealthrock] ttype=steel
INFO     	       rotomfan     levitate heavydutyboots [airslash, thunderbolt, voltswitch, willowisp] ttype=electric
INFO     	      quaquaval        moxie   choiceband [aquastep, closecombat, knockoff, uturn] ttype=fighting
INFO     	   crabominable     ironfist   choiceband [closecombat, earthquake, icehammer, knockoff] ttype=ground
INFO     Sampling battle 6
INFO     	      cinderace       libero   choiceband [gunkshot, highjumpkick, pyroball, uturn] ttype=fire
INFO     Sampling 4 unrevealed pokemon
INFO     	       jumpluff  infiltrator              [acrobatics, leechseed, strengthsap, substitute] ttype=steel
INFO     	      toxicroak      dryskin   choiceband [closecombat, earthquake, gunkshot, knockoff] ttype=dark
INFO     	        breloom   technician      lifeorb [bulletseed, machpunch, rocktomb, swordsdance] ttype=fighting
INFO     	      regigigas    slowstart    leftovers [bodyslam, knockoff, protect, substitute] ttype=ghost
INFO     Sampling battle 7
INFO     	      cinderace       libero   choiceband [gunkshot, highjumpkick, pyroball, uturn] ttype=fire
INFO     Sampling 4 unrevealed pokemon
INFO     	    deoxysspeed     pressure    leftovers [knockoff, psychoboost, spikes, stealthrock] ttype=dark
INFO     	       cyclizar  regenerator heavydutyboots [dracometeor, knockoff, rapidspin, shedtail] ttype=steel
INFO     	       hawlucha     unburden    whiteherb [acrobatics, closecombat, swordsdance, throatchop] ttype=fighting
INFO     	     arceusrock    multitype   stoneplate [dragondance, earthquake, recover, stoneedge] ttype=ground
INFO     Sampling battle 8
INFO     	      cinderace       libero   choiceband [gunkshot, highjumpkick, pyroball, uturn] ttype=fighting
INFO     Sampling 4 unrevealed pokemon
INFO     	  zaciancrowned intrepidsword  rustedsword [behemothblade, closecombat, playrough, swordsdance] ttype=fighting
INFO     	      indeedeef psychicsurge  choicescarf [healingwish, hypervoice, psychic, shadowball] ttype=psychic
INFO     	        suicune     pressure    leftovers [calmmind, rest, scald, sleeptalk] ttype=steel
INFO     	         zapdos       static heavydutyboots [discharge, heatwave, hurricane, roost] ttype=steel
INFO     Sampling battle 9
INFO     	      cinderace       libero   choiceband [gunkshot, highjumpkick, pyroball, uturn] ttype=fire
INFO     Sampling 4 unrevealed pokemon
INFO     	        donphan       sturdy  assaultvest [earthquake, iceshard, knockoff, rapidspin] ttype=water
INFO     	    arceusghost    multitype  spookyplate [calmmind, focusblast, judgment, recover] ttype=fighting
INFO     	       cloyster    skilllink    whiteherb [hydropump, iciclespear, rockblast, shellsmash] ttype=rock
INFO     	       whiscash    oblivious      lifeorb [dragondance, earthquake, liquidation, stoneedge] ttype=ground
INFO     Sampling battle 10
INFO     	      cinderace       libero   choiceband [gunkshot, highjumpkick, pyroball, uturn] ttype=fighting
INFO     Sampling 4 unrevealed pokemon
INFO     	      reuniclus   magicguard      lifeorb [calmmind, focusblast, psyshock, recover] ttype=steel
INFO     	        ariados     insomnia    focussash [knockoff, megahorn, poisonjab, stickyweb] ttype=ghost
INFO     	     hitmonchan     ironfist      lifeorb [drainpunch, knockoff, machpunch, swordsdance] ttype=dark
INFO     	        dipplin   stickyhold     eviolite [dragonpulse, dragontail, gigadrain, recover] ttype=steel
INFO     Sampling battle 11
INFO     	      cinderace       libero   choiceband [gunkshot, highjumpkick, pyroball, uturn] ttype=fire
INFO     Sampling 4 unrevealed pokemon
INFO     	      cryogonal     levitate heavydutyboots [flashcannon, freezedry, rapidspin, recover] ttype=poison
INFO     	      reuniclus   magicguard      lifeorb [calmmind, focusblast, psychic, recover] ttype=steel
INFO     	     oinkologne     thickfat    leftovers [curse, doubleedge, highhorsepower, lashout] ttype=ground
INFO     	ogerponwellspring  waterabsorb wellspringmask [hornleech, ivycudgel, playrough, swordsdance] ttype=water
INFO     Sampling battle 12
INFO     	      cinderace       libero   choiceband [gunkshot, highjumpkick, pyroball, uturn] ttype=fighting
INFO     Sampling 4 unrevealed pokemon
INFO     	      indeedeef psychicsurge      lifeorb [calmmind, hypervoice, psychic, shadowball] ttype=psychic
INFO     	      dragonite   multiscale heavydutyboots [dragondance, earthquake, ironhead, outrage] ttype=steel
INFO     	     annihilape      defiant    leftovers [bulkup, drainpunch, ragefist, taunt] ttype=steel
INFO     	     misdreavus     levitate     eviolite [calmmind, drainingkiss, shadowball, willowisp] ttype=fairy
INFO     Sampling battle 13
INFO     	      cinderace       libero   choiceband [gunkshot, highjumpkick, pyroball, uturn] ttype=fire
INFO     Sampling 4 unrevealed pokemon
INFO     	squawkabillyblue         guts     flameorb [bravebird, facade, quickattack, uturn] ttype=normal
INFO     	        toxapex  regenerator    leftovers [haze, liquidation, recover, toxic] ttype=fairy
INFO     	       skarmory       sturdy    leftovers [bravebird, roost, stealthrock, whirlwind] ttype=dragon
INFO     	      sandslash     sandrush    leftovers [earthquake, rapidspin, spikes, stoneedge] ttype=steel
INFO     Sampling battle 14
INFO     	      cinderace       libero   choiceband [gunkshot, highjumpkick, pyroball, uturn] ttype=fire
INFO     Sampling 4 unrevealed pokemon
INFO     	       hawlucha     unburden    whiteherb [bravebird, closecombat, encore, swordsdance] ttype=fighting
INFO     	      electrode       static      lifeorb [taunt, terablast, thunderbolt, voltswitch] ttype=ice
INFO     	       chienpao  swordofruin   choiceband [crunch, iceshard, iciclecrash, sacredsword] ttype=dark
INFO     	      bellossom  chlorophyll    leftovers [gigadrain, moonblast, quiverdance, strengthsap] ttype=fairy
INFO     Sampling battle 15
INFO     	      cinderace       libero   choiceband [gunkshot, highjumpkick, pyroball, uturn] ttype=fire
INFO     Sampling 4 unrevealed pokemon
INFO     	      rhyperior    solidrock weaknesspolicy [earthquake, megahorn, rockpolish, stoneedge] ttype=rock
INFO     	      regigigas    slowstart    leftovers [bodyslam, knockoff, rest, sleeptalk] ttype=ghost
INFO     	     feraligatr   sheerforce      lifeorb [dragondance, icepunch, liquidation, trailblaze] ttype=grass
INFO     	         latias     levitate      souldew [calmmind, dracometeor, psyshock, recover] ttype=steel
INFO     Searching for a move using MCTS...
INFO     Sampling 16 battles at 500ms each
INFO     Choice: earthquake
INFO     Opponent has switched - clearing the last used move
INFO     miniorindigo switched in, adding intimidate to impossible abilities
INFO     miniorindigo switched in, adding pressure to impossible abilities
INFO     miniorindigo switched in, adding neutralizinggas to impossible abilities
INFO     miniorindigo switched in, adding sandstream to impossible abilities
INFO     miniorindigo switched in, adding drought to impossible abilities
INFO     miniorindigo switched in, adding drizzle to impossible abilities
INFO     miniorindigo switched in, adding snowwarning to impossible abilities
INFO     miniorindigo switched in, adding boosterenergy to impossible items
INFO     miniorindigo switched in, adding airballoon to impossible items
INFO     Form Change: miniorindigo -> Minior-Meteor
INFO     altaria already has the move earthquake. Decrementing the PP by 1
INFO     altaria used a ground move, removing groundgem from possible items
INFO     Setting altaria's last used move: earthquake
INFO     altaria used a damaging move - not guessing lifeorb anymore
INFO     
INFO     Turn: 7
INFO     loaded 12 player and 0 effective opponent priors
INFO     Sampling battle 0
INFO     	   miniormeteor  shieldsdown    whiteherb [acrobatics, earthquake, powergem, shellsmash] ttype=steel
INFO     	      cinderace       libero   choiceband [gunkshot, highjumpkick, pyroball, uturn] ttype=fighting
INFO     Sampling 3 unrevealed pokemon
INFO     	    arceusghost    multitype  spookyplate [calmmind, focusblast, judgment, recover] ttype=dark
INFO     	     misdreavus     levitate     eviolite [calmmind, drainingkiss, shadowball, willowisp] ttype=fairy
INFO     	       tsareena queenlymajesty  assaultvest [highjumpkick, knockoff, powerwhip, rapidspin] ttype=fighting
INFO     Sampling battle 1
INFO     	   miniormeteor  shieldsdown    whiteherb [acrobatics, earthquake, powergem, shellsmash] ttype=water
INFO     	      cinderace       libero   choiceband [gunkshot, highjumpkick, pyroball, uturn] ttype=fire
INFO     Sampling 3 unrevealed pokemon
INFO     	      munkidori   toxicchain  assaultvest [fakeout, psychicnoise, sludgewave, uturn] ttype=dark
INFO     	    roaringmoon protosynthesis   choiceband [ironhead, knockoff, outrage, uturn] ttype=dragon
INFO     	        falinks      defiant      lifeorb [closecombat, ironhead, knockoff, noretreat] ttype=dark
INFO     Sampling battle 2
INFO     	   miniormeteor  shieldsdown    whiteherb [acrobatics, earthquake, powergem, shellsmash] ttype=flying
INFO     	      cinderace       libero   choiceband [gunkshot, highjumpkick, pyroball, uturn] ttype=fire
INFO     Sampling 3 unrevealed pokemon
INFO     	       granbull   intimidate    leftovers [earthquake, encore, playrough, thunderwave] ttype=ground
INFO     	  slowkinggalar  regenerator    leftovers [psychicnoise, slackoff, sludgebomb, thunderwave] ttype=dark
INFO     	        chansey  naturalcure     eviolite [seismictoss, softboiled, stealthrock, thunderwave] ttype=fairy
INFO     Sampling battle 3
INFO     	   miniormeteor  shieldsdown    whiteherb [acrobatics, earthquake, powergem, shellsmash] ttype=water
INFO     	      cinderace       libero   choiceband [gunkshot, highjumpkick, pyroball, uturn] ttype=fire
INFO     Sampling 3 unrevealed pokemon
INFO     	       dachsbun wellbakedbody    leftovers [bodypress, playrough, protect, wish] ttype=steel
INFO     	         kyogre      drizzle    leftovers [calmmind, icebeam, originpulse, thunder] ttype=electric
INFO     	   brambleghast    windrider    leftovers [leechseed, poltergeist, powerwhip, substitute] ttype=water
INFO     Sampling battle 4
INFO     	   miniormeteor  shieldsdown    whiteherb [acrobatics, earthquake, powergem, shellsmash] ttype=steel
INFO     	      cinderace       libero   choiceband [gunkshot, highjumpkick, pyroball, uturn] ttype=fire
INFO     Sampling 3 unrevealed pokemon
INFO     	        shaymin  naturalcure    leftovers [airslash, earthpower, seedflare, synthesis] ttype=steel
INFO     	        haxorus  moldbreaker   loadeddice [earthquake, ironhead, scaleshot, swordsdance] ttype=steel
INFO     	          ditto     imposter  choicescarf [transform] ttype=ghost
INFO     Sampling battle 5
INFO     	   miniormeteor  shieldsdown    whiteherb [acrobatics, earthquake, powergem, shellsmash] ttype=flying
INFO     	      cinderace       libero   choiceband [gunkshot, highjumpkick, pyroball, uturn] ttype=fire
INFO     Sampling 3 unrevealed pokemon
INFO     	         flygon     levitate     lumberry [dragondance, earthquake, outrage, stoneedge] ttype=ground
INFO     	    meowscarada      protean   choiceband [flowertrick, knockoff, tripleaxel, uturn] ttype=dark
INFO     	         komala     comatose  assaultvest [bodyslam, knockoff, rapidspin, uturn] ttype=ghost
INFO     Sampling battle 6
INFO     	   miniormeteor  shieldsdown    whiteherb [acrobatics, earthquake, powergem, shellsmash] ttype=ground
INFO     	      cinderace       libero   choiceband [gunkshot, highjumpkick, pyroball, uturn] ttype=fighting
INFO     Sampling 3 unrevealed pokemon
INFO     	    goodrahisui    sapsipper  assaultvest [dracometeor, earthquake, heavyslam, hydropump] ttype=dragon
INFO     	    arceusfairy    multitype   pixieplate [calmmind, earthpower, judgment, recover] ttype=ground
INFO     	         furret        frisk      lifeorb [brickbreak, doubleedge, knockoff, tidyup] ttype=normal
INFO     Sampling battle 7
INFO     	   miniormeteor  shieldsdown    whiteherb [acrobatics, earthquake, powergem, shellsmash] ttype=flying
INFO     	      cinderace       libero   choiceband [gunkshot, highjumpkick, pyroball, uturn] ttype=fire
INFO     Sampling 3 unrevealed pokemon
INFO     	       venusaur     overgrow    leftovers [energyball, knockoff, sludgebomb, synthesis] ttype=steel
INFO     	        suicune     pressure    leftovers [calmmind, rest, scald, sleeptalk] ttype=dragon
INFO     	       miraidon hadronengine  choicespecs [dracometeor, electrodrift, overheat, voltswitch] ttype=electric
INFO     Sampling battle 8
INFO     	   miniormeteor  shieldsdown    whiteherb [acrobatics, earthquake, powergem, shellsmash] ttype=water
INFO     	      cinderace       libero   choiceband [gunkshot, highjumpkick, pyroball, uturn] ttype=fire
INFO     Sampling 3 unrevealed pokemon
INFO     	  zaciancrowned intrepidsword  rustedsword [behemothblade, closecombat, playrough, swordsdance] ttype=fighting
INFO     	      terapagos    terashift heavydutyboots [calmmind, earthpower, rapidspin, terastarstorm] ttype=stellar
INFO     	      sinistcha    heatproof    leftovers [calmmind, matchagotcha, shadowball, strengthsap] ttype=steel
INFO     Sampling battle 9
INFO     	   miniormeteor  shieldsdown    whiteherb [acrobatics, earthquake, powergem, shellsmash] ttype=flying
INFO     	      cinderace       libero   choiceband [gunkshot, highjumpkick, pyroball, uturn] ttype=fighting
INFO     Sampling 3 unrevealed pokemon
INFO     	        golduck    cloudnine    leftovers [encore, hydropump, icebeam, nastyplot] ttype=water
INFO     	         flygon     levitate     lumberry [dragondance, earthquake, outrage, stoneedge] ttype=ground
INFO     	         veluza    sharpness  sitrusberry [aquacutter, filletaway, nightslash, psychocut] ttype=psychic
INFO     Sampling battle 10
INFO     	   miniormeteor  shieldsdown    whiteherb [acrobatics, earthquake, powergem, shellsmash] ttype=flying
INFO     	      cinderace       libero   choiceband [gunkshot, highjumpkick, pyroball, uturn] ttype=fire
INFO     Sampling 3 unrevealed pokemon
INFO     	    arceuswater    multitype  splashplate [calmmind, judgment, recover, willowisp] ttype=steel
INFO     	       meowstic    prankster    lightclay [alluringvoice, lightscreen, psychicnoise, reflect] ttype=fairy
INFO     	       virizion    justified      lifeorb [closecombat, leafblade, stoneedge, swordsdance] ttype=rock
INFO     Sampling battle 11
INFO     	   miniormeteor  shieldsdown    whiteherb [acrobatics, earthquake, powergem, shellsmash] ttype=water
INFO     	      cinderace       libero   choiceband [gunkshot, highjumpkick, pyroball, uturn] ttype=fire
INFO     Sampling 3 unrevealed pokemon
INFO     	      indeedeef psychicsurge  choicespecs [dazzlinggleam, hypervoice, psychic, shadowball] ttype=fairy
INFO     	    polteageist   cursedbody    whiteherb [shadowball, shellsmash, storedpower, terablast] ttype=fighting
INFO     	      gastrodon   stormdrain    leftovers [clearsmog, earthquake, recover, surf] ttype=steel
INFO     Sampling battle 12
INFO     	   miniormeteor  shieldsdown    whiteherb [acrobatics, earthquake, powergem, shellsmash] ttype=steel
INFO     	      cinderace       libero   choiceband [gunkshot, highjumpkick, pyroball, uturn] ttype=fire
INFO     Sampling 3 unrevealed pokemon
INFO     	      farigiraf    sapsipper    leftovers [bodyslam, protect, psychicnoise, wish] ttype=ground
INFO     	        wochien tabletsofruin    leftovers [knockoff, leechseed, protect, stunspore] ttype=poison
INFO     	          ditto     imposter  choicescarf [transform] ttype=ghost
INFO     Sampling battle 13
INFO     	   miniormeteor  shieldsdown    whiteherb [acrobatics, earthquake, powergem, shellsmash] ttype=steel
INFO     	      cinderace       libero   choiceband [gunkshot, highjumpkick, pyroball, uturn] ttype=fire
INFO     Sampling 3 unrevealed pokemon
INFO     	        bisharp      defiant     eviolite [ironhead, stealthrock, suckerpunch, throatchop] ttype=ghost
INFO     	         zacian intrepidsword   choiceband [closecombat, playrough, psychicfangs, wildcharge] ttype=fighting
INFO     	         latias     levitate      souldew [calmmind, dracometeor, psyshock, recover] ttype=steel
INFO     Sampling battle 14
INFO     	   miniormeteor  shieldsdown    whiteherb [acrobatics, earthquake, powergem, shellsmash] ttype=ground
INFO     	      cinderace       libero   choiceband [gunkshot, highjumpkick, pyroball, uturn] ttype=fire
INFO     Sampling 3 unrevealed pokemon
INFO     	         furret        frisk   choiceband [doubleedge, knockoff, trick, uturn] ttype=ghost
INFO     	      bellossom  chlorophyll    leftovers [gigadrain, quiverdance, sludgebomb, strengthsap] ttype=poison
INFO     	         mewtwo      unnerve      lifeorb [darkpulse, fireblast, nastyplot, psystrike] ttype=dark
INFO     Sampling battle 15
INFO     	   miniormeteor  shieldsdown    whiteherb [acrobatics, earthquake, powergem, shellsmash] ttype=flying
INFO     	      cinderace       libero   choiceband [gunkshot, highjumpkick, pyroball, uturn] ttype=fire
INFO     Sampling 3 unrevealed pokemon
INFO     	       tinkaton  moldbreaker    leftovers [encore, gigatonhammer, playrough, thunderwave] ttype=water
INFO     	        drednaw   shellarmor    whiteherb [earthquake, liquidation, shellsmash, stoneedge] ttype=ground
INFO     	   crabominable     ironfist   choiceband [closecombat, earthquake, icehammer, knockoff] ttype=fighting
INFO     Sampling battle 16
INFO     	   miniormeteor  shieldsdown    whiteherb [acrobatics, earthquake, powergem, shellsmash] ttype=ground
INFO     	      cinderace       libero   choiceband [gunkshot, highjumpkick, pyroball, uturn] ttype=fire
INFO     Sampling 3 unrevealed pokemon
INFO     	     toxtricity     punkrock  choicescarf [boomburst, overdrive, sludgewave, voltswitch] ttype=normal
INFO     	        dondozo      unaware    leftovers [curse, rest, sleeptalk, wavecrash] ttype=dragon
INFO     	      regigigas    slowstart    leftovers [bodyslam, knockoff, rest, sleeptalk] ttype=ghost
INFO     Sampling battle 17
INFO     	   miniormeteor  shieldsdown    whiteherb [acrobatics, earthquake, powergem, shellsmash] ttype=water
INFO     	      cinderace       libero   choiceband [gunkshot, highjumpkick, pyroball, uturn] ttype=fire
INFO     Sampling 3 unrevealed pokemon
INFO     	 exeggutoralola      harvest  sitrusberry [calmmind, dragonpulse, flamethrower, gigadrain] ttype=fire
INFO     	         espeon  magicbounce  choicespecs [alluringvoice, psychic, shadowball, trick] ttype=fairy
INFO     	         gogoat    sapsipper    leftovers [bulkup, hornleech, milkdrink, rockslide] ttype=water
INFO     Sampling battle 18
INFO     	   miniormeteor  shieldsdown    whiteherb [acrobatics, earthquake, powergem, shellsmash] ttype=steel
INFO     	      cinderace       libero   choiceband [gunkshot, highjumpkick, pyroball, uturn] ttype=fire
INFO     Sampling 3 unrevealed pokemon
INFO     	        mimikyu     disguise      lifeorb [playrough, shadowclaw, shadowsneak, swordsdance] ttype=fairy
INFO     	    walkingwake protosynthesis  choicespecs [dracometeor, flamethrower, flipturn, hydropump] ttype=fire
INFO     	        drednaw   shellarmor    whiteherb [earthquake, liquidation, shellsmash, stoneedge] ttype=water
INFO     Sampling battle 19
INFO     	   miniormeteor  shieldsdown    whiteherb [acrobatics, earthquake, powergem, shellsmash] ttype=steel
INFO     	      cinderace       libero   choiceband [gunkshot, highjumpkick, pyroball, uturn] ttype=fire
INFO     Sampling 3 unrevealed pokemon
INFO     	   weezinggalar     levitate    leftovers [defog, fireblast, gunkshot, strangesteam] ttype=steel
INFO     	ogerponwellspring  waterabsorb wellspringmask [ivycudgel, playrough, powerwhip, swordsdance] ttype=water
INFO     	       mienshao  regenerator      lifeorb [closecombat, knockoff, poisonjab, swordsdance] ttype=dark
INFO     Sampling battle 20
INFO     	   miniormeteor  shieldsdown    whiteherb [acrobatics, earthquake, powergem, shellsmash] ttype=water
INFO     	      cinderace       libero   choiceband [gunkshot, highjumpkick, pyroball, uturn] ttype=fire
INFO     Sampling 3 unrevealed pokemon
INFO     	         tauros   sheerforce      lifeorb [bodyslam, closecombat, throatchop, zenheadbutt] ttype=normal
INFO     	        slowbro  regenerator    leftovers [psychicnoise, scald, slackoff, thunderwave] ttype=poison
INFO     	       smeargle     owntempo    focussash [ceaselessedge, spore, stickyweb, whirlwind] ttype=ghost
INFO     Sampling battle 21
INFO     	   miniormeteor  shieldsdown    whiteherb [acrobatics, earthquake, powergem, shellsmash] ttype=water
INFO     	      cinderace       libero   choiceband [gunkshot, highjumpkick, pyroball, uturn] ttype=fire
INFO     Sampling 3 unrevealed pokemon
INFO     	        dipplin   stickyhold     eviolite [dragonpulse, gigadrain, recover, suckerpunch] ttype=steel
INFO     	         swalot   liquidooze    leftovers [earthquake, protect, sludgebomb, toxic] ttype=ground
INFO     	ogerponcornerstone       sturdy cornerstonemask [ivycudgel, powerwhip, spikes, synthesis] ttype=rock
INFO     Sampling battle 22
INFO     	   miniormeteor  shieldsdown    whiteherb [acrobatics, earthquake, powergem, shellsmash] ttype=water
INFO     	      cinderace       libero   choiceband [gunkshot, highjumpkick, pyroball, uturn] ttype=fire
INFO     Sampling 3 unrevealed pokemon
INFO     	       whiscash    oblivious      lifeorb [dragondance, earthquake, liquidation, stoneedge] ttype=steel
INFO     	    fluttermane protosynthesis  choicespecs [moonblast, psyshock, shadowball, thunderbolt] ttype=fairy
INFO     	        morpeko hungerswitch    leftovers [aurawheel, knockoff, protect, rapidspin] ttype=electric
INFO     Sampling battle 23
INFO     	   miniormeteor  shieldsdown    whiteherb [acrobatics, earthquake, powergem, shellsmash] ttype=ground
INFO     	      cinderace       libero   choiceband [gunkshot, highjumpkick, pyroball, uturn] ttype=fire
INFO     Sampling 3 unrevealed pokemon
INFO     	       smeargle   technician     widelens [populationbomb, powertrip, shellsmash, spore] ttype=normal
INFO     	     copperajah   sheerforce      lifeorb [ironhead, playrough, rockslide, stealthrock] ttype=fairy
INFO     	        shaymin  naturalcure    leftovers [airslash, leechseed, seedflare, substitute] ttype=steel
INFO     Sampling battle 24
INFO     	   miniormeteor  shieldsdown    whiteherb [acrobatics, earthquake, powergem, shellsmash] ttype=water
INFO     	      cinderace       libero   choiceband [gunkshot, highjumpkick, pyroball, uturn] ttype=fire
INFO     Sampling 3 unrevealed pokemon
INFO     	       cyclizar  regenerator heavydutyboots [dracometeor, rapidspin, shedtail, taunt] ttype=steel
INFO     	      hydreigon     levitate      lifeorb [darkpulse, dracometeor, flashcannon, nastyplot] ttype=steel
INFO     	       chimecho     levitate    leftovers [cosmicpower, dazzlinggleam, recover, storedpower] ttype=steel
INFO     Sampling battle 25
INFO     	   miniormeteor  shieldsdown    whiteherb [acrobatics, earthquake, powergem, shellsmash] ttype=steel
INFO     	      cinderace       libero   choiceband [gunkshot, highjumpkick, pyroball, uturn] ttype=fire
INFO     Sampling 3 unrevealed pokemon
INFO     	      zebstrika    sapsipper      lifeorb [highhorsepower, overheat, supercellslam, voltswitch] ttype=ground
INFO     	            mew  synchronize    leftovers [psychicnoise, stealthrock, toxicspikes, uturn] ttype=fairy
INFO     	        breloom   technician      lifeorb [bulletseed, machpunch, spore, swordsdance] ttype=fighting
INFO     Sampling battle 26
INFO     	   miniormeteor  shieldsdown    whiteherb [acrobatics, earthquake, powergem, shellsmash] ttype=flying
INFO     	      cinderace       libero   choiceband [gunkshot, highjumpkick, pyroball, uturn] ttype=fire
INFO     Sampling 3 unrevealed pokemon
INFO     	        slowbro  regenerator    leftovers [bodypress, irondefense, scald, slackoff] ttype=fighting
INFO     	      duraludon   lightmetal     eviolite [bodypress, dracometeor, flashcannon, thunderwave] ttype=fighting
INFO     	        umbreon  synchronize    leftovers [foulplay, protect, toxic, wish] ttype=poison
INFO     Sampling battle 27
INFO     	   miniormeteor  shieldsdown    whiteherb [acrobatics, earthquake, powergem, shellsmash] ttype=flying
INFO     	      cinderace       libero   choiceband [gunkshot, highjumpkick, pyroball, uturn] ttype=fire
INFO     Sampling 3 unrevealed pokemon
INFO     	        ambipom   technician   choiceband [doubleedge, knockoff, tripleaxel, uturn] ttype=ice
INFO     	   arceuspoison    multitype   toxicplate [earthquake, extremespeed, gunkshot, swordsdance] ttype=normal
INFO     	       greninja      protean      lifeorb [gunkshot, hydropump, icebeam, spikes] ttype=poison
INFO     Sampling battle 28
INFO     	   miniormeteor  shieldsdown    whiteherb [acrobatics, earthquake, powergem, shellsmash] ttype=steel
INFO     	      cinderace       libero   choiceband [gunkshot, highjumpkick, pyroball, uturn] ttype=fighting
INFO     Sampling 3 unrevealed pokemon
INFO     	      bellossom  chlorophyll    leftovers [gigadrain, quiverdance, strengthsap, terablast] ttype=fire
INFO     	      heracross         guts     flameorb [closecombat, facade, knockoff, trailblaze] ttype=normal
INFO     	         lunala shadowshield    leftovers [calmmind, moonblast, moongeistbeam, moonlight] ttype=fairy
INFO     Sampling battle 29
INFO     	   miniormeteor  shieldsdown    whiteherb [acrobatics, earthquake, powergem, shellsmash] ttype=ground
INFO     	      cinderace       libero   choiceband [gunkshot, highjumpkick, pyroball, uturn] ttype=fire
INFO     Sampling 3 unrevealed pokemon
INFO     	        gallade    sharpness   choiceband [leafblade, nightslash, psychocut, sacredsword] ttype=fighting
INFO     	      trevenant      harvest  sitrusberry [drainpunch, poltergeist, protect, toxic] ttype=fighting
INFO     	      bellibolt electromorphosis    leftovers [muddywater, slackoff, thunderbolt, toxic] ttype=electric
INFO     Sampling battle 30
INFO     	   miniormeteor  shieldsdown    whiteherb [acrobatics, earthquake, powergem, shellsmash] ttype=water
INFO     	      cinderace       libero   choiceband [gunkshot, highjumpkick, pyroball, uturn] ttype=fire
INFO     Sampling 3 unrevealed pokemon
INFO     	       swampert      torrent    leftovers [earthquake, flipturn, knockoff, roar] ttype=steel
INFO     	        wugtrio        gooey   choiceband [aquajet, liquidation, stompingtantrum, throatchop] ttype=dark
INFO     	 arceuselectric    multitype     zapplate [calmmind, icebeam, judgment, recover] ttype=electric
INFO     Sampling battle 31
INFO     	   miniormeteor  shieldsdown    whiteherb [acrobatics, earthquake, powergem, shellsmash] ttype=steel
INFO     	      cinderace       libero   choiceband [gunkshot, highjumpkick, pyroball, uturn] ttype=fire
INFO     Sampling 3 unrevealed pokemon
INFO     	        toxapex  regenerator    leftovers [haze, liquidation, recover, toxic] ttype=grass
INFO     	       meloetta  serenegrace      lifeorb [closecombat, knockoff, relicsong, tripleaxel] ttype=dark
INFO     	     hitmonchan     ironfist    leftovers [bulkup, drainpunch, knockoff, poisonjab] ttype=poison
INFO     Searching for a move using MCTS...
INFO     Sampling 32 battles at 250ms each
INFO     Choice: switch toxtricity
INFO     toxtricity switched in, adding intimidate to impossible abilities
INFO     toxtricity switched in, adding pressure to impossible abilities
INFO     toxtricity switched in, adding neutralizinggas to impossible abilities
INFO     toxtricity switched in, adding sandstream to impossible abilities
INFO     toxtricity switched in, adding drought to impossible abilities
INFO     toxtricity switched in, adding drizzle to impossible abilities
INFO     toxtricity switched in, adding snowwarning to impossible abilities
INFO     toxtricity switched in, adding boosterenergy to impossible items
INFO     toxtricity switched in, adding airballoon to impossible items
INFO     miniormeteor using shellsmash makes it unlikely to have a choice item. Setting can_have_choice_item to False
INFO     miniormeteor used a status-move. Adding `assaultvest` to impossible items
INFO     Setting miniormeteor's last used move: shellsmash
INFO     miniormeteor's defense was unboosted by 1 to -1
INFO     miniormeteor's special-defense was unboosted by 1 to -1
INFO     miniormeteor's attack was boosted by 2 to 2
INFO     miniormeteor's special-attack was boosted by 2 to 2
INFO     miniormeteor's speed was boosted by 2 to 2
INFO     Removing miniormeteor's item: whiteherb
INFO     Setting miniormeteor's removed item to whiteherb
INFO     Setting miniormeteor's defense boost to 0
INFO     Setting miniormeteor's special-defense boost to 0
INFO     
INFO     Turn: 8
INFO     loaded 12 player and 0 effective opponent priors
INFO     Sampling battle 0
INFO     	   miniormeteor  shieldsdown         None [acrobatics, earthquake, powergem, shellsmash] ttype=water
INFO     	      cinderace       libero   choiceband [gunkshot, highjumpkick, pyroball, uturn] ttype=fire
INFO     Sampling 3 unrevealed pokemon
INFO     	      crawdaunt adaptability   choiceband [aquajet, closecombat, crabhammer, knockoff] ttype=fighting
INFO     	    zapdosgalar      defiant  choicescarf [bravebird, closecombat, knockoff, uturn] ttype=dark
INFO     	      regigigas    slowstart    leftovers [bodyslam, knockoff, protect, substitute] ttype=ghost
INFO     Sampling battle 1
INFO     	   miniormeteor  shieldsdown         None [acrobatics, earthquake, powergem, shellsmash] ttype=water
INFO     	      cinderace       libero   choiceband [gunkshot, highjumpkick, pyroball, uturn] ttype=fire
INFO     Sampling 3 unrevealed pokemon
INFO     	       quagsire      unaware    leftovers [earthquake, icebeam, recover, toxic] ttype=steel
INFO     	       venusaur     overgrow    leftovers [energyball, sludgebomb, synthesis, toxic] ttype=water
INFO     	necrozmaduskmane   prismarmor weaknesspolicy [dragondance, earthquake, morningsun, sunsteelstrike] ttype=steel
INFO     Sampling battle 2
INFO     	   miniormeteor  shieldsdown         None [acrobatics, earthquake, powergem, shellsmash] ttype=ground
INFO     	      cinderace       libero   choiceband [gunkshot, highjumpkick, pyroball, uturn] ttype=fire
INFO     Sampling 3 unrevealed pokemon
INFO     	         raichu lightningrod  choicespecs [alluringvoice, grassknot, thunderbolt, voltswitch] ttype=grass
INFO     	      reuniclus   magicguard      lifeorb [calmmind, focusblast, psyshock, recover] ttype=fighting
INFO     	        dondozo      unaware    leftovers [curse, rest, sleeptalk, wavecrash] ttype=fairy
INFO     Sampling battle 3
INFO     	   miniormeteor  shieldsdown         None [acrobatics, earthquake, powergem, shellsmash] ttype=steel
INFO     	      cinderace       libero   choiceband [gunkshot, highjumpkick, pyroball, uturn] ttype=fire
INFO     Sampling 3 unrevealed pokemon
INFO     	         deoxys     pressure      lifeorb [icebeam, knockoff, psychoboost, superpower] ttype=psychic
INFO     	   arceusdragon    multitype   dracoplate [flareblitz, heavyslam, outrage, swordsdance] ttype=fire
INFO     	       floatzel    waterveil   choiceband [crunch, flipturn, icespinner, wavecrash] ttype=water
INFO     Sampling battle 4
INFO     	   miniormeteor  shieldsdown         None [acrobatics, earthquake, powergem, shellsmash] ttype=steel
INFO     	      cinderace       libero   choiceband [gunkshot, highjumpkick, pyroball, uturn] ttype=fire
INFO     Sampling 3 unrevealed pokemon
INFO     	            muk  poisontouch  assaultvest [drainpunch, icepunch, knockoff, poisonjab] ttype=dark
INFO     	       espathra   speedboost  choicespecs [dazzlinggleam, luminacrash, shadowball, uturn] ttype=psychic
INFO     	    meowscarada      protean   choiceband [flowertrick, knockoff, tripleaxel, uturn] ttype=grass
INFO     Sampling battle 5
INFO     	   miniormeteor  shieldsdown         None [acrobatics, earthquake, powergem, shellsmash] ttype=steel
INFO     	      cinderace       libero   choiceband [gunkshot, highjumpkick, pyroball, uturn] ttype=fire
INFO     Sampling 3 unrevealed pokemon
INFO     	     conkeldurr         guts     flameorb [closecombat, facade, knockoff, machpunch] ttype=normal
INFO     	         zacian intrepidsword   choiceband [closecombat, playrough, psychicfangs, wildcharge] ttype=fighting
INFO     	            muk  poisontouch  assaultvest [drainpunch, gunkshot, knockoff, shadowsneak] ttype=dark
INFO     Sampling battle 6
INFO     	   miniormeteor  shieldsdown         None [acrobatics, earthquake, powergem, shellsmash] ttype=steel
INFO     	      cinderace       libero   choiceband [gunkshot, highjumpkick, pyroball, uturn] ttype=fire
INFO     Sampling 3 unrevealed pokemon
INFO     	 lilliganthisui       hustle      lifeorb [closecombat, leafblade, sleeppowder, victorydance] ttype=steel
INFO     	        scrafty     shedskin    leftovers [bulkup, drainpunch, knockoff, rest] ttype=poison
INFO     	      mismagius     levitate    leftovers [nastyplot, shadowball, substitute, terablast] ttype=fighting
INFO     Sampling battle 7
INFO     	   miniormeteor  shieldsdown         None [acrobatics, earthquake, powergem, shellsmash] ttype=steel
INFO     	      cinderace       libero   choiceband [gunkshot, highjumpkick, pyroball, uturn] ttype=fire
INFO     Sampling 3 unrevealed pokemon
INFO     	     screamtail protosynthesis    leftovers [dazzlinggleam, protect, thunderwave, wish] ttype=steel
INFO     	   greninjabond   battlebond      lifeorb [darkpulse, gunkshot, hydropump, icebeam] ttype=poison
INFO     	      rotomwash     levitate    leftovers [hydropump, painsplit, thunderbolt, willowisp] ttype=steel
INFO     Sampling battle 8
INFO     	   miniormeteor  shieldsdown         None [acrobatics, earthquake, powergem, shellsmash] ttype=flying
INFO     	      cinderace       libero   choiceband [gunkshot, highjumpkick, pyroball, uturn] ttype=fire
INFO     Sampling 3 unrevealed pokemon
INFO     	      alomomola  regenerator  rockyhelmet [flipturn, protect, scald, wish] ttype=steel
INFO     	          ditto     imposter  choicescarf [transform] ttype=steel
INFO     	       qwilfish   intimidate    leftovers [gunkshot, taunt, thunderwave, waterfall] ttype=grass
INFO     Sampling battle 9
INFO     	   miniormeteor  shieldsdown         None [acrobatics, earthquake, powergem, shellsmash] ttype=water
INFO     	      cinderace       libero   choiceband [gunkshot, highjumpkick, pyroball, uturn] ttype=fire
INFO     Sampling 3 unrevealed pokemon
INFO     	        suicune     pressure    leftovers [calmmind, protect, scald, substitute] ttype=steel
INFO     	   hoopaunbound     magician  assaultvest [focusblast, gunkshot, hyperspacefury, psychic] ttype=fighting
INFO     	      electrode       static      lifeorb [taunt, terablast, thunderbolt, voltswitch] ttype=ice
INFO     Sampling battle 10
INFO     	   miniormeteor  shieldsdown         None [acrobatics, earthquake, powergem, shellsmash] ttype=flying
INFO     	      cinderace       libero   choiceband [gunkshot, highjumpkick, pyroball, uturn] ttype=fire
INFO     Sampling 3 unrevealed pokemon
INFO     	        malamar     contrary    leftovers [knockoff, rest, sleeptalk, superpower] ttype=steel
INFO     	       giratina     pressure    leftovers [defog, dragontail, rest, shadowball] ttype=fairy
INFO     	      kingambit supremeoverlord    leftovers [ironhead, kowtowcleave, suckerpunch, swordsdance] ttype=dark
INFO     Sampling battle 11
INFO     	   miniormeteor  shieldsdown         None [acrobatics, earthquake, powergem, shellsmash] ttype=flying
INFO     	      cinderace       libero   choiceband [gunkshot, highjumpkick, pyroball, uturn] ttype=fire
INFO     Sampling 3 unrevealed pokemon
INFO     	        breloom   technician      lifeorb [bulletseed, machpunch, rocktomb, swordsdance] ttype=fighting
INFO     	        drednaw   shellarmor    whiteherb [earthquake, liquidation, shellsmash, stoneedge] ttype=ground
INFO     	 electrodehisui   soundproof    leftovers [gigadrain, leechseed, substitute, thunderbolt] ttype=poison
INFO     Sampling battle 12
INFO     	   miniormeteor  shieldsdown         None [acrobatics, earthquake, powergem, shellsmash] ttype=steel
INFO     	      cinderace       libero   choiceband [gunkshot, highjumpkick, pyroball, uturn] ttype=fire
INFO     Sampling 3 unrevealed pokemon
INFO     	        palafin   zerotohero    leftovers [bulkup, drainpunch, icepunch, jetpunch] ttype=steel
INFO     	       magearna    soulheart weaknesspolicy [fleurcannon, ironhead, shiftgear, terablast] ttype=ground
INFO     	       sunflora  chlorophyll      lifeorb [earthpower, solarbeam, sunnyday, weatherball] ttype=fire
INFO     Sampling battle 13
INFO     	   miniormeteor  shieldsdown         None [acrobatics, earthquake, powergem, shellsmash] ttype=ground
INFO     	      cinderace       libero   choiceband [gunkshot, highjumpkick, pyroball, uturn] ttype=fire
INFO     Sampling 3 unrevealed pokemon
INFO     	        jolteon   voltabsorb      lifeorb [alluringvoice, calmmind, shadowball, thunderbolt] ttype=fairy
INFO     	       virizion    justified      lifeorb [closecombat, leafblade, stoneedge, swordsdance] ttype=rock
INFO     	         mewtwo      unnerve      lifeorb [aurasphere, fireblast, nastyplot, psystrike] ttype=psychic
INFO     Sampling battle 14
INFO     	   miniormeteor  shieldsdown         None [acrobatics, earthquake, powergem, shellsmash] ttype=water
INFO     	      cinderace       libero   choiceband [gunkshot, highjumpkick, pyroball, uturn] ttype=fire
INFO     Sampling 3 unrevealed pokemon
INFO     	        seviper     shedskin    leftovers [earthquake, gunkshot, swordsdance, trailblaze] ttype=ground
INFO     	       dachsbun wellbakedbody    leftovers [bodypress, playrough, protect, wish] ttype=steel
INFO     	       inteleon      torrent  choicespecs [hydropump, icebeam, scald, uturn] ttype=water
INFO     Sampling battle 15
INFO     	   miniormeteor  shieldsdown         None [acrobatics, earthquake, powergem, shellsmash] ttype=ground
INFO     	      cinderace       libero   choiceband [gunkshot, highjumpkick, pyroball, uturn] ttype=fire
INFO     Sampling 3 unrevealed pokemon
INFO     	         zacian intrepidsword   choiceband [closecombat, crunch, playrough, psychicfangs] ttype=fighting
INFO     	         komala     comatose  assaultvest [bodyslam, knockoff, rapidspin, uturn] ttype=ghost
INFO     	        bruxish    strongjaw   choiceband [crunch, icefang, psychicfangs, wavecrash] ttype=dark
INFO     Searching for a move using MCTS...
INFO     Sampling 16 battles at 500ms each
INFO     Choice: overdrive-tera
INFO     Updated miniormeteor's min speed to 127
INFO     miniormeteor terastallized. Tera type: steel, Original types: ['rock', 'flying']
INFO     toxtricity terastallized. Tera type: normal, Original types: ['electric', 'poison']
INFO     miniormeteor used two different moves - it cannot have a choice item
INFO     miniormeteor used a flying move, removing flyinggem from possible items
INFO     Setting miniormeteor's last used move: acrobatics
INFO     miniormeteor used a damaging move - not guessing lifeorb anymore
INFO     miniormeteor did 68.87% damage to toxtricity with acrobatics
INFO     toxtricity already has the move overdrive. Decrementing the PP by 1
INFO     toxtricity used a electric move, removing electricgem from possible items
INFO     Setting toxtricity's last used move: overdrive
INFO     toxtricity used a damaging move - not guessing lifeorb anymore
INFO     toxtricity did 51.0% damage to miniormeteor with overdrive
INFO     Form Change: miniormeteor -> Minior-Indigo
INFO     miniorindigo has less than maxhp during upkeep, no longer guessing leftovers or blacksludge
INFO     
INFO     Turn: 9
INFO     loaded 5 player and 0 effective opponent priors
INFO     Sampling battle 0
INFO     	   miniorindigo  shieldsdown         None [acrobatics, earthquake, powergem, shellsmash] ttype=steel
INFO     	      cinderace       libero   choiceband [gunkshot, highjumpkick, pyroball, uturn] ttype=fighting
INFO     Sampling 3 unrevealed pokemon
INFO     	       mukalola  poisontouch  assaultvest [drainpunch, knockoff, poisonjab, shadowsneak] ttype=fighting
INFO     	 keldeoresolute    justified    leftovers [calmmind, hydropump, secretsword, substitute] ttype=steel
INFO     	        gurdurr         guts     eviolite [bulkup, drainpunch, knockoff, machpunch] ttype=steel
INFO     Sampling battle 1
INFO     	   miniorindigo  shieldsdown         None [acrobatics, earthquake, powergem, shellsmash] ttype=steel
INFO     	      cinderace       libero   choiceband [gunkshot, highjumpkick, pyroball, uturn] ttype=fighting
INFO     Sampling 3 unrevealed pokemon
INFO     	      exeggutor      harvest  sitrusberry [leechseed, psychic, sleeppowder, substitute] ttype=steel
INFO     	      dragapult  infiltrator heavydutyboots [dragondarts, hex, uturn, willowisp] ttype=fairy
INFO     	     oinkologne     thickfat    leftovers [curse, doubleedge, highhorsepower, lashout] ttype=ground
INFO     Sampling battle 2
INFO     	   miniorindigo  shieldsdown         None [acrobatics, earthquake, powergem, shellsmash] ttype=steel
INFO     	      cinderace       libero   choiceband [gunkshot, highjumpkick, pyroball, uturn] ttype=fighting
INFO     Sampling 3 unrevealed pokemon
INFO     	        flapple       hustle   choiceband [gravapple, outrage, suckerpunch, uturn] ttype=dragon
INFO     	     grimmsnarl    prankster    leftovers [spiritbreak, suckerpunch, taunt, thunderwave] ttype=poison
INFO     	   brambleghast    windrider    leftovers [leechseed, poltergeist, powerwhip, substitute] ttype=steel
INFO     Sampling battle 3
INFO     	   miniorindigo  shieldsdown         None [acrobatics, earthquake, powergem, shellsmash] ttype=steel
INFO     	      cinderace       libero   choiceband [gunkshot, highjumpkick, pyroball, uturn] ttype=fire
INFO     Sampling 3 unrevealed pokemon
INFO     	     ragingbolt protosynthesis    leftovers [calmmind, dracometeor, thunderbolt, thunderclap] ttype=electric
INFO     	       whiscash    oblivious    leftovers [earthquake, hydropump, icebeam, spikes] ttype=poison
INFO     	        darkrai    baddreams      lifeorb [darkpulse, hypnosis, nastyplot, sludgebomb] ttype=poison
INFO     Sampling battle 4
INFO     	   miniorindigo  shieldsdown         None [acrobatics, earthquake, powergem, shellsmash] ttype=steel
INFO     	      cinderace       libero   choiceband [gunkshot, highjumpkick, pyroball, uturn] ttype=fire
INFO     Sampling 3 unrevealed pokemon
INFO     	       giratina     pressure    leftovers [dragontail, rest, shadowball, willowisp] ttype=fairy
INFO     	       appletun     thickfat    leftovers [appleacid, dragonpulse, dragontail, recover] ttype=steel
INFO     	      toxicroak      dryskin      lifeorb [closecombat, earthquake, gunkshot, swordsdance] ttype=fighting
INFO     Sampling battle 5
INFO     	   miniorindigo  shieldsdown         None [acrobatics, earthquake, powergem, shellsmash] ttype=steel
INFO     	      cinderace       libero   choiceband [gunkshot, highjumpkick, pyroball, uturn] ttype=fighting
INFO     Sampling 3 unrevealed pokemon
INFO     	necrozmadawnwings   prismarmor    leftovers [calmmind, moongeistbeam, moonlight, photongeyser] ttype=dark
INFO     	        seviper     shedskin    leftovers [earthquake, gunkshot, swordsdance, trailblaze] ttype=grass
INFO     	       hariyama     thickfat  assaultvest [closecombat, headlongrush, heavyslam, knockoff] ttype=steel
INFO     Sampling battle 6
INFO     	   miniorindigo  shieldsdown         None [acrobatics, earthquake, powergem, shellsmash] ttype=steel
INFO     	      cinderace       libero   choiceband [gunkshot, highjumpkick, pyroball, uturn] ttype=fire
INFO     Sampling 3 unrevealed pokemon
INFO     	    basculegion adaptability  assaultvest [aquajet, flipturn, shadowball, wavecrash] ttype=water
INFO     	        pikachu lightningrod    lightball [fakeout, knockoff, surf, volttackle] ttype=water
INFO     	         furret        frisk      lifeorb [brickbreak, doubleedge, knockoff, tidyup] ttype=ghost
INFO     Sampling battle 7
INFO     	   miniorindigo  shieldsdown         None [acrobatics, earthquake, powergem, shellsmash] ttype=steel
INFO     	      cinderace       libero   choiceband [gunkshot, highjumpkick, pyroball, uturn] ttype=fire
INFO     Sampling 3 unrevealed pokemon
INFO     	        leafeon  chlorophyll    leftovers [knockoff, leafblade, substitute, swordsdance] ttype=dark
INFO     	       tsareena queenlymajesty   choiceband [highjumpkick, powerwhip, tripleaxel, uturn] ttype=steel
INFO     	       meowstic    prankster    lightclay [lightscreen, psychicnoise, reflect, thunderwave] ttype=fairy
INFO     Sampling battle 8
INFO     	   miniorindigo  shieldsdown         None [acrobatics, earthquake, powergem, shellsmash] ttype=steel
INFO     	      cinderace       libero   choiceband [gunkshot, highjumpkick, pyroball, uturn] ttype=fire
INFO     Sampling 3 unrevealed pokemon
INFO     	         zacian intrepidsword   choiceband [closecombat, playrough, psychicfangs, wildcharge] ttype=fighting
INFO     	         tauros   sheerforce      lifeorb [bodyslam, closecombat, throatchop, zenheadbutt] ttype=normal
INFO     	       whiscash    oblivious    leftovers [earthquake, hydropump, spikes, stealthrock] ttype=ghost
INFO     Sampling battle 9
INFO     	   miniorindigo  shieldsdown         None [acrobatics, earthquake, powergem, shellsmash] ttype=steel
INFO     	      cinderace       libero   choiceband [gunkshot, highjumpkick, pyroball, uturn] ttype=fighting
INFO     Sampling 3 unrevealed pokemon
INFO     	        banette   cursedbody      lifeorb [gunkshot, poltergeist, shadowsneak, thunderwave] ttype=poison
INFO     	         dialga     pressure  assaultvest [dracometeor, dragontail, fireblast, heavyslam] ttype=steel
INFO     	      hydreigon     levitate  choicespecs [darkpulse, dracometeor, fireblast, flashcannon] ttype=fire
INFO     Sampling battle 10
INFO     	   miniorindigo  shieldsdown         None [acrobatics, earthquake, powergem, shellsmash] ttype=steel
INFO     	      cinderace       libero   choiceband [gunkshot, highjumpkick, pyroball, uturn] ttype=fire
INFO     Sampling 3 unrevealed pokemon
INFO     	       quagsire      unaware    leftovers [earthquake, icebeam, recover, toxic] ttype=steel
INFO     	      farigiraf    sapsipper    leftovers [bodyslam, protect, psychicnoise, wish] ttype=ground
INFO     	         gogoat    sapsipper    leftovers [bulkup, hornleech, milkdrink, rockslide] ttype=water
INFO     Sampling battle 11
INFO     	   miniorindigo  shieldsdown         None [acrobatics, earthquake, powergem, shellsmash] ttype=steel
INFO     	      cinderace       libero   choiceband [gunkshot, highjumpkick, pyroball, uturn] ttype=fire
INFO     Sampling 3 unrevealed pokemon
INFO     	      mismagius     levitate  choicespecs [dazzlinggleam, mysticalfire, shadowball, trick] ttype=ghost
INFO     	       smeargle     owntempo    focussash [ceaselessedge, spore, stickyweb, whirlwind] ttype=ghost
INFO     	      electrode    aftermath      lifeorb [taunt, terablast, thunderbolt, voltswitch] ttype=ice
INFO     Sampling battle 12
INFO     	   miniorindigo  shieldsdown         None [acrobatics, earthquake, powergem, shellsmash] ttype=steel
INFO     	      cinderace       libero   choiceband [gunkshot, highjumpkick, pyroball, uturn] ttype=fire
INFO     Sampling 3 unrevealed pokemon
INFO     	     toxtricity     punkrock  throatspray [boomburst, gunkshot, overdrive, shiftgear] ttype=normal
INFO     	 electrodehisui   soundproof    leftovers [gigadrain, leechseed, substitute, thunderbolt] ttype=poison
INFO     	      spiritomb  infiltrator    leftovers [foulplay, poltergeist, suckerpunch, toxic] ttype=ghost
INFO     Sampling battle 13
INFO     	   miniorindigo  shieldsdown         None [acrobatics, earthquake, powergem, shellsmash] ttype=steel
INFO     	      cinderace       libero   choiceband [gunkshot, highjumpkick, pyroball, uturn] ttype=fire
INFO     Sampling 3 unrevealed pokemon
INFO     	      eternatus     pressure    leftovers [dynamaxcannon, flamethrower, recover, toxicspikes] ttype=water
INFO     	         kyogre      drizzle    leftovers [calmmind, icebeam, originpulse, thunder] ttype=steel
INFO     	        urshifu   unseenfist   choiceband [closecombat, suckerpunch, uturn, wickedblow] ttype=fighting
INFO     Sampling battle 14
INFO     	   miniorindigo  shieldsdown         None [acrobatics, earthquake, powergem, shellsmash] ttype=steel
INFO     	      cinderace       libero   choiceband [gunkshot, highjumpkick, pyroball, uturn] ttype=fire
INFO     Sampling 3 unrevealed pokemon
INFO     	      hydrapple  regenerator    leftovers [ficklebeam, gigadrain, nastyplot, recover] ttype=steel
INFO     	       empoleon  competitive    leftovers [flipturn, roost, stealthrock, surf] ttype=grass
INFO     	       smeargle   technician     widelens [populationbomb, powertrip, shellsmash, spore] ttype=ghost
INFO     Sampling battle 15
INFO     	   miniorindigo  shieldsdown         None [acrobatics, earthquake, powergem, shellsmash] ttype=steel
INFO     	      cinderace       libero   choiceband [gunkshot, highjumpkick, pyroball, uturn] ttype=fire
INFO     Sampling 3 unrevealed pokemon
INFO     	       slowking  regenerator    leftovers [psyshock, scald, slackoff, thunderwave] ttype=fairy
INFO     	    zapdosgalar      defiant      lifeorb [bravebird, bulkup, closecombat, knockoff] ttype=dark
INFO     	      eternatus     pressure  rockyhelmet [dynamaxcannon, flamethrower, recover, toxicspikes] ttype=dragon
INFO     Searching for a move using MCTS...
INFO     Sampling 16 battles at 500ms each
INFO     Choice: switch altaria
INFO     miniorindigo already has the move acrobatics. Decrementing the PP by 1
INFO     miniorindigo used a flying move, removing flyinggem from possible items
INFO     Setting miniorindigo's last used move: acrobatics
INFO     miniorindigo used a damaging move - not guessing lifeorb anymore
INFO     miniorindigo did 70.5% damage to altaria with acrobatics
INFO     miniorindigo has less than maxhp during upkeep, no longer guessing leftovers or blacksludge
INFO     loaded 4 player and 0 effective opponent priors
INFO     Sampling battle 0
INFO     	   miniorindigo  shieldsdown         None [acrobatics, earthquake, powergem, shellsmash] ttype=steel
INFO     	      cinderace       libero   choiceband [gunkshot, highjumpkick, pyroball, uturn] ttype=fire
INFO     Sampling 3 unrevealed pokemon
INFO     	     wigglytuff  competitive    leftovers [alluringvoice, protect, thunderwave, wish] ttype=poison
INFO     	      farigiraf    sapsipper    leftovers [bodyslam, protect, psychicnoise, wish] ttype=water
INFO     	  zaciancrowned intrepidsword  rustedsword [behemothblade, closecombat, playrough, swordsdance] ttype=fighting
INFO     Sampling battle 1
INFO     	   miniorindigo  shieldsdown         None [acrobatics, earthquake, powergem, shellsmash] ttype=steel
INFO     	      cinderace       libero   choiceband [gunkshot, highjumpkick, pyroball, uturn] ttype=fire
INFO     Sampling 3 unrevealed pokemon
INFO     	    ironvaliant   quarkdrive      lifeorb [closecombat, knockoff, spiritbreak, swordsdance] ttype=dark
INFO     	      duraludon   lightmetal     eviolite [bodypress, dracometeor, flashcannon, irondefense] ttype=fighting
INFO     	      regidrago   dragonsmaw     lumberry [dracometeor, dragondance, earthquake, outrage] ttype=dragon
INFO     Sampling battle 2
INFO     	   miniorindigo  shieldsdown         None [acrobatics, earthquake, powergem, shellsmash] ttype=steel
INFO     	      cinderace       libero   choiceband [gunkshot, highjumpkick, pyroball, uturn] ttype=fire
INFO     Sampling 3 unrevealed pokemon
INFO     	       indeedee psychicsurge      lifeorb [calmmind, dazzlinggleam, expandingforce, hypervoice] ttype=psychic
INFO     	       hariyama     thickfat  assaultvest [closecombat, heavyslam, knockoff, stoneedge] ttype=steel
INFO     	      passimian      defiant   choiceband [closecombat, knockoff, rockslide, uturn] ttype=dark
INFO     Sampling battle 3
INFO     	   miniorindigo  shieldsdown         None [acrobatics, earthquake, powergem, shellsmash] ttype=steel
INFO     	      cinderace       libero   choiceband [gunkshot, highjumpkick, pyroball, uturn] ttype=fire
INFO     Sampling 3 unrevealed pokemon
INFO     	        bruxish    strongjaw   choiceband [crunch, flipturn, psychicfangs, wavecrash] ttype=dark
INFO     	       lumineon   stormdrain heavydutyboots [encore, hydropump, icebeam, uturn] ttype=dragon
INFO     	         gengar   cursedbody      lifeorb [encore, focusblast, shadowball, sludgewave] ttype=dark
INFO     Sampling battle 4
INFO     	   miniorindigo  shieldsdown         None [acrobatics, earthquake, powergem, shellsmash] ttype=steel
INFO     	      cinderace       libero   choiceband [gunkshot, highjumpkick, pyroball, uturn] ttype=fighting
INFO     Sampling 3 unrevealed pokemon
INFO     	       swampert         damp    leftovers [earthquake, knockoff, roar, stealthrock] ttype=steel
INFO     	      kingambit supremeoverlord    leftovers [ironhead, kowtowcleave, suckerpunch, swordsdance] ttype=dark
INFO     	     misdreavus     levitate     eviolite [calmmind, drainingkiss, shadowball, willowisp] ttype=fairy
INFO     Sampling battle 5
INFO     	   miniorindigo  shieldsdown         None [acrobatics, earthquake, powergem, shellsmash] ttype=steel
INFO     	      cinderace       libero   choiceband [gunkshot, highjumpkick, pyroball, uturn] ttype=fire
INFO     Sampling 3 unrevealed pokemon
INFO     	      azumarill    hugepower   choiceband [aquajet, liquidation, playrough, superpower] ttype=water
INFO     	         raikou     pressure    leftovers [calmmind, scald, substitute, thunderbolt] ttype=grass
INFO     	      zamazenta dauntlessshield   choiceband [closecombat, crunch, ironhead, stoneedge] ttype=steel
INFO     Sampling battle 6
INFO     	   miniorindigo  shieldsdown         None [acrobatics, earthquake, powergem, shellsmash] ttype=steel
INFO     	      cinderace       libero   choiceband [gunkshot, highjumpkick, pyroball, uturn] ttype=fire
INFO     Sampling 3 unrevealed pokemon
INFO     	        drednaw    strongjaw    whiteherb [crunch, liquidation, shellsmash, stoneedge] ttype=dark
INFO     	       oranguru   innerfocus    leftovers [focusblast, nastyplot, psyshock, thunderbolt] ttype=fighting
INFO     	        banette   cursedbody      lifeorb [gunkshot, poltergeist, shadowsneak, thunderwave] ttype=ghost
INFO     Sampling battle 7
INFO     	   miniorindigo  shieldsdown         None [acrobatics, earthquake, powergem, shellsmash] ttype=steel
INFO     	      cinderace       libero   choiceband [gunkshot, highjumpkick, pyroball, uturn] ttype=fighting
INFO     Sampling 3 unrevealed pokemon
INFO     	         zacian intrepidsword   choiceband [closecombat, crunch, playrough, wildcharge] ttype=fighting
INFO     	       tsareena queenlymajesty  assaultvest [highjumpkick, powerwhip, rapidspin, uturn] ttype=fighting
INFO     	        bisharp      defiant     eviolite [ironhead, stealthrock, suckerpunch, throatchop] ttype=ghost
INFO     Sampling battle 8
INFO     	   miniorindigo  shieldsdown         None [acrobatics, earthquake, powergem, shellsmash] ttype=steel
INFO     	      cinderace       libero   choiceband [gunkshot, highjumpkick, pyroball, uturn] ttype=fire
INFO     Sampling 3 unrevealed pokemon
INFO     	        shiftry    windrider      lifeorb [knockoff, leafblade, lowkick, tailwind] ttype=fighting
INFO     	      rillaboom  grassysurge   choiceband [grassyglide, highhorsepower, uturn, woodhammer] ttype=grass
INFO     	      gastrodon   stormdrain    leftovers [earthquake, recover, sludgebomb, stealthrock] ttype=poison
INFO     Sampling battle 9
INFO     	   miniorindigo  shieldsdown         None [acrobatics, earthquake, powergem, shellsmash] ttype=steel
INFO     	      cinderace       libero   choiceband [gunkshot, highjumpkick, pyroball, uturn] ttype=fire
INFO     Sampling 3 unrevealed pokemon
INFO     	       mukalola  poisontouch  assaultvest [drainpunch, gunkshot, knockoff, shadowsneak] ttype=fighting
INFO     	     misdreavus     levitate     eviolite [calmmind, drainingkiss, shadowball, willowisp] ttype=fairy
INFO     	       torterra     overgrow   loadeddice [bulletseed, headlongrush, rockblast, shellsmash] ttype=water
INFO     Sampling battle 10
INFO     	   miniorindigo  shieldsdown         None [acrobatics, earthquake, powergem, shellsmash] ttype=steel
INFO     	      cinderace       libero   choiceband [gunkshot, highjumpkick, pyroball, uturn] ttype=fire
INFO     Sampling 3 unrevealed pokemon
INFO     	          ditto     imposter  choicescarf [transform] ttype=ghost
INFO     	      crawdaunt adaptability      lifeorb [aquajet, crabhammer, dragondance, knockoff] ttype=water
INFO     	     mabosstiff     stakeout   choiceband [crunch, playrough, psychicfangs, wildcharge] ttype=fairy
INFO     Sampling battle 11
INFO     	   miniorindigo  shieldsdown         None [acrobatics, earthquake, powergem, shellsmash] ttype=steel
INFO     	      cinderace       libero   choiceband [gunkshot, highjumpkick, pyroball, uturn] ttype=fire
INFO     Sampling 3 unrevealed pokemon
INFO     	        urshifu   unseenfist   choiceband [closecombat, suckerpunch, uturn, wickedblow] ttype=dark
INFO     	       zangoose   toxicboost     toxicorb [closecombat, facade, knockoff, quickattack] ttype=normal
INFO     	       cacturne  waterabsorb      lifeorb [knockoff, leafstorm, suckerpunch, toxicspikes] ttype=dark
INFO     Sampling battle 12
INFO     	   miniorindigo  shieldsdown         None [acrobatics, earthquake, powergem, shellsmash] ttype=steel
INFO     	      cinderace       libero   choiceband [gunkshot, highjumpkick, pyroball, uturn] ttype=fire
INFO     Sampling 3 unrevealed pokemon
INFO     	     toedscruel myceliummight  assaultvest [earthpower, gigadrain, knockoff, rapidspin] ttype=water
INFO     	      hatterene  magicbounce  assaultvest [drainingkiss, mysticalfire, nuzzle, psychic] ttype=steel
INFO     	        okidogi   toxicchain  assaultvest [drainpunch, gunkshot, knockoff, psychicfangs] ttype=dark
INFO     Sampling battle 13
INFO     	   miniorindigo  shieldsdown         None [acrobatics, earthquake, powergem, shellsmash] ttype=steel
INFO     	      cinderace       libero   choiceband [gunkshot, highjumpkick, pyroball, uturn] ttype=fire
INFO     Sampling 3 unrevealed pokemon
INFO     	   hoopaunbound     magician  choicescarf [gunkshot, hyperspacefury, psychic, trick] ttype=poison
INFO     	         dialga     pressure  assaultvest [dracometeor, dragontail, fireblast, heavyslam] ttype=steel
INFO     	        sylveon     pixilate    leftovers [calmmind, hypervoice, protect, wish] ttype=steel
INFO     Sampling battle 14
INFO     	   miniorindigo  shieldsdown         None [acrobatics, earthquake, powergem, shellsmash] ttype=steel
INFO     	      cinderace       libero   choiceband [gunkshot, highjumpkick, pyroball, uturn] ttype=fire
INFO     Sampling 3 unrevealed pokemon
INFO     	        haxorus  moldbreaker     lumberry [closecombat, dragondance, ironhead, outrage] ttype=steel
INFO     	         latios     levitate      souldew [aurasphere, dracometeor, lusterpurge, recover] ttype=dragon
INFO     	    fezandipiti   toxicchain    leftovers [gunkshot, moonblast, roost, uturn] ttype=steel
INFO     Sampling battle 15
INFO     	   miniorindigo  shieldsdown         None [acrobatics, earthquake, powergem, shellsmash] ttype=steel
INFO     	      cinderace       libero   choiceband [gunkshot, highjumpkick, pyroball, uturn] ttype=fire
INFO     Sampling 3 unrevealed pokemon
INFO     	         raikou     pressure    leftovers [calmmind, scald, shadowball, thunderbolt] ttype=electric
INFO     	        manaphy    hydration    leftovers [energyball, hydropump, icebeam, tailglow] ttype=water
INFO     	         arceus    multitype      lifeorb [earthquake, extremespeed, shadowclaw, swordsdance] ttype=ghost
INFO     Searching for a move using MCTS...
INFO     Sampling 16 battles at 500ms each
INFO     Choice: switch toxtricity
INFO     
INFO     Turn: 10
INFO     loaded 7 player and 0 effective opponent priors
INFO     Sampling battle 0
INFO     	   miniorindigo  shieldsdown         None [acrobatics, earthquake, powergem, shellsmash] ttype=steel
INFO     	      cinderace       libero   choiceband [gunkshot, highjumpkick, pyroball, uturn] ttype=fire
INFO     Sampling 3 unrevealed pokemon
INFO     	      alomomola  regenerator heavydutyboots [flipturn, protect, scald, wish] ttype=steel
INFO     	   dialgaorigin     pressure adamantcrystal [dracometeor, fireblast, flashcannon, thunderwave] ttype=flying
INFO     	      sinistcha    heatproof    leftovers [calmmind, matchagotcha, shadowball, strengthsap] ttype=steel
INFO     Sampling battle 1
INFO     	   miniorindigo  shieldsdown         None [acrobatics, earthquake, powergem, shellsmash] ttype=steel
INFO     	      cinderace       libero   choiceband [gunkshot, highjumpkick, pyroball, uturn] ttype=fire
INFO     Sampling 3 unrevealed pokemon
INFO     	  slowkinggalar  regenerator  assaultvest [fireblast, psychicnoise, sludgebomb, surf] ttype=dark
INFO     	        ogerpon      defiant heavydutyboots [encore, ivycudgel, superpower, uturn] ttype=grass
INFO     	      gastrodon   stormdrain    leftovers [earthquake, recover, stealthrock, surf] ttype=poison
INFO     Sampling battle 2
INFO     	   miniorindigo  shieldsdown         None [acrobatics, earthquake, powergem, shellsmash] ttype=steel
INFO     	      cinderace       libero   choiceband [gunkshot, highjumpkick, pyroball, uturn] ttype=fire
INFO     Sampling 3 unrevealed pokemon
INFO     	        wyrdeer   intimidate    leftovers [bodyslam, earthquake, psychicnoise, thunderwave] ttype=ground
INFO     	   crabominable     ironfist   choiceband [drainpunch, gunkshot, icehammer, knockoff] ttype=fighting
INFO     	          arbok   intimidate    leftovers [coil, earthquake, gunkshot, suckerpunch] ttype=dark
INFO     Sampling battle 3
INFO     	   miniorindigo  shieldsdown         None [acrobatics, earthquake, powergem, shellsmash] ttype=steel
INFO     	      cinderace       libero   choiceband [gunkshot, highjumpkick, pyroball, uturn] ttype=fire
INFO     Sampling 3 unrevealed pokemon
INFO     	   deoxysattack     pressure      lifeorb [icebeam, knockoff, psychoboost, superpower] ttype=fighting
INFO     	      spiritomb  infiltrator    leftovers [foulplay, poltergeist, shadowsneak, toxic] ttype=steel
INFO     	       swampert      torrent    leftovers [earthquake, flipturn, knockoff, roar] ttype=steel
INFO     Sampling battle 4
INFO     	   miniorindigo  shieldsdown         None [acrobatics, earthquake, powergem, shellsmash] ttype=steel
INFO     	      cinderace       libero   choiceband [gunkshot, highjumpkick, pyroball, uturn] ttype=fire
INFO     Sampling 3 unrevealed pokemon
INFO     	       mukalola  poisontouch  assaultvest [drainpunch, gunkshot, knockoff, shadowsneak] ttype=fighting
INFO     	       espathra   speedboost    leftovers [calmmind, dazzlinggleam, roost, storedpower] ttype=fairy
INFO     	      tatsugiri   stormdrain heavydutyboots [dracometeor, hydropump, nastyplot, rapidspin] ttype=steel
INFO     Sampling battle 5
INFO     	   miniorindigo  shieldsdown         None [acrobatics, earthquake, powergem, shellsmash] ttype=steel
INFO     	      cinderace       libero   choiceband [gunkshot, highjumpkick, pyroball, uturn] ttype=fire
INFO     Sampling 3 unrevealed pokemon
INFO     	   arceusdragon    multitype   dracoplate [extremespeed, flareblitz, outrage, swordsdance] ttype=fire
INFO     	          arbok   intimidate      lifeorb [earthquake, glare, gunkshot, knockoff] ttype=ground
INFO     	         flygon     levitate     lumberry [dragondance, earthquake, outrage, stoneedge] ttype=ground
INFO     Sampling battle 6
INFO     	   miniorindigo  shieldsdown         None [acrobatics, earthquake, powergem, shellsmash] ttype=steel
INFO     	      cinderace       libero   choiceband [gunkshot, highjumpkick, pyroball, uturn] ttype=fire
INFO     Sampling 3 unrevealed pokemon
INFO     	        morpeko hungerswitch    leftovers [aurawheel, knockoff, protect, rapidspin] ttype=electric
INFO     	         tauros   sheerforce      lifeorb [bodyslam, closecombat, throatchop, zenheadbutt] ttype=fighting
INFO     	      bellossom  chlorophyll    leftovers [gigadrain, quiverdance, strengthsap, terablast] ttype=rock
INFO     Sampling battle 7
INFO     	   miniorindigo  shieldsdown         None [acrobatics, earthquake, powergem, shellsmash] ttype=steel
INFO     	      cinderace       libero   choiceband [gunkshot, highjumpkick, pyroball, uturn] ttype=fighting
INFO     Sampling 3 unrevealed pokemon
INFO     	       dusknoir        frisk      lifeorb [earthquake, painsplit, poltergeist, shadowsneak] ttype=ghost
INFO     	        suicune     pressure    leftovers [calmmind, protect, scald, substitute] ttype=steel
INFO     	   palkiaorigin     pressure lustrousglobe [dracometeor, fireblast, hydropump, thunderwave] ttype=fire
INFO     Sampling battle 8
INFO     	   miniorindigo  shieldsdown         None [acrobatics, earthquake, powergem, shellsmash] ttype=steel
INFO     	      cinderace       libero   choiceband [gunkshot, highjumpkick, pyroball, uturn] ttype=fire
INFO     Sampling 3 unrevealed pokemon
INFO     	       qwilfish   intimidate    leftovers [gunkshot, spikes, toxicspikes, waterfall] ttype=grass
INFO     	      hydreigon     levitate      lifeorb [darkpulse, dracometeor, fireblast, nastyplot] ttype=dragon
INFO     	       espathra   speedboost    leftovers [calmmind, dazzlinggleam, roost, storedpower] ttype=fairy
INFO     Sampling battle 9
INFO     	   miniorindigo  shieldsdown         None [acrobatics, earthquake, powergem, shellsmash] ttype=steel
INFO     	      cinderace       libero   choiceband [gunkshot, highjumpkick, pyroball, uturn] ttype=fire
INFO     Sampling 3 unrevealed pokemon
INFO     	        slaking       truant   choiceband [doubleedge, earthquake, gigaimpact, knockoff] ttype=ground
INFO     	        milotic  competitive    leftovers [haze, icebeam, recover, scald] ttype=dragon
INFO     	     wigglytuff  competitive    leftovers [dazzlinggleam, knockoff, protect, wish] ttype=poison
INFO     Sampling battle 10
INFO     	   miniorindigo  shieldsdown         None [acrobatics, earthquake, powergem, shellsmash] ttype=steel
INFO     	      cinderace       libero   choiceband [gunkshot, highjumpkick, pyroball, uturn] ttype=fire
INFO     Sampling 3 unrevealed pokemon
INFO     	        pikachu lightningrod    lightball [fakeout, surf, voltswitch, volttackle] ttype=water
INFO     	        mimikyu     disguise      lifeorb [drainpunch, playrough, shadowsneak, swordsdance] ttype=fairy
INFO     	       torterra     overgrow   loadeddice [bulletseed, headlongrush, rockblast, shellsmash] ttype=water
INFO     Sampling battle 11
INFO     	   miniorindigo  shieldsdown         None [acrobatics, earthquake, powergem, shellsmash] ttype=steel
INFO     	      cinderace       libero   choiceband [gunkshot, highjumpkick, pyroball, uturn] ttype=fire
INFO     Sampling 3 unrevealed pokemon
INFO     	       tsareena queenlymajesty      lifeorb [highjumpkick, knockoff, powerwhip, synthesis] ttype=fighting
INFO     	        wugtrio        gooey   choiceband [aquajet, liquidation, stompingtantrum, throatchop] ttype=dark
INFO     	        ambipom   technician    silkscarf [doubleedge, fakeout, knockoff, uturn] ttype=normal
INFO     Sampling battle 12
INFO     	   miniorindigo  shieldsdown         None [acrobatics, earthquake, powergem, shellsmash] ttype=steel
INFO     	      cinderace       libero   choiceband [gunkshot, highjumpkick, pyroball, uturn] ttype=fire
INFO     Sampling 3 unrevealed pokemon
INFO     	      duraludon   lightmetal     eviolite [bodypress, dracometeor, flashcannon, thunderwave] ttype=fighting
INFO     	       sunflora  chlorophyll      lifeorb [earthpower, solarbeam, sunnyday, weatherball] ttype=fire
INFO     	       vigoroth  vitalspirit     eviolite [bodyslam, bulkup, earthquake, slackoff] ttype=ground
INFO     Sampling battle 13
INFO     	   miniorindigo  shieldsdown         None [acrobatics, earthquake, powergem, shellsmash] ttype=steel
INFO     	      cinderace       libero   choiceband [gunkshot, highjumpkick, pyroball, uturn] ttype=fighting
INFO     Sampling 3 unrevealed pokemon
INFO     	        mimikyu     disguise      lifeorb [playrough, shadowclaw, shadowsneak, swordsdance] ttype=fairy
INFO     	      kingambit supremeoverlord    leftovers [ironhead, kowtowcleave, suckerpunch, swordsdance] ttype=dark
INFO     	       medicham    purepower   choiceband [bulletpunch, closecombat, icepunch, zenheadbutt] ttype=fighting
INFO     Sampling battle 14
INFO     	   miniorindigo  shieldsdown         None [acrobatics, earthquake, powergem, shellsmash] ttype=steel
INFO     	      cinderace       libero   choiceband [gunkshot, highjumpkick, pyroball, uturn] ttype=fighting
INFO     Sampling 3 unrevealed pokemon
INFO     	      metagross    clearbody    leftovers [bulletpunch, earthquake, heavyslam, stealthrock] ttype=water
INFO     	       garchomp    roughskin   loadeddice [earthquake, ironhead, scaleshot, swordsdance] ttype=ground
INFO     	     whimsicott    prankster    leftovers [encore, leechseed, moonblast, substitute] ttype=poison
INFO     Sampling battle 15
INFO     	   miniorindigo  shieldsdown         None [acrobatics, earthquake, powergem, shellsmash] ttype=steel
INFO     	      cinderace       libero   choiceband [gunkshot, highjumpkick, pyroball, uturn] ttype=fire
INFO     Sampling 3 unrevealed pokemon
INFO     	      girafarig    sapsipper     eviolite [dazzlinggleam, nastyplot, psyshock, shadowball] ttype=fairy
INFO     	        jolteon   voltabsorb      lifeorb [alluringvoice, calmmind, shadowball, thunderbolt] ttype=electric
INFO     	      azumarill    hugepower   choiceband [aquajet, knockoff, liquidation, playrough] ttype=water
INFO     Searching for a move using MCTS...
INFO     Sampling 16 battles at 500ms each
INFO     Choice: overdrive
INFO     Updated miniorindigo's min speed to 127
INFO     miniorindigo already has the move acrobatics. Decrementing the PP by 1
INFO     miniorindigo used a flying move, removing flyinggem from possible items
INFO     Setting miniorindigo's last used move: acrobatics
INFO     miniorindigo used a damaging move - not guessing lifeorb anymore
INFO     miniorindigo did 31.130000000000003% damage to toxtricity with acrobatics
INFO     miniorindigo has less than maxhp during upkeep, no longer guessing leftovers or blacksludge
INFO     loaded 3 player and 0 effective opponent priors
INFO     Sampling battle 0
INFO     	   miniorindigo  shieldsdown         None [acrobatics, earthquake, powergem, shellsmash] ttype=steel
INFO     	      cinderace       libero   choiceband [gunkshot, highjumpkick, pyroball, uturn] ttype=fighting
INFO     Sampling 3 unrevealed pokemon
INFO     	   deoxysattack     pressure      lifeorb [extremespeed, knockoff, psychoboost, superpower] ttype=fighting
INFO     	       grafaiai  poisontouch  assaultvest [gunkshot, knockoff, superfang, uturn] ttype=dark
INFO     	         arceus    multitype      lifeorb [earthquake, extremespeed, recover, swordsdance] ttype=normal
INFO     Sampling battle 1
INFO     	   miniorindigo  shieldsdown         None [acrobatics, earthquake, powergem, shellsmash] ttype=steel
INFO     	      cinderace       libero   choiceband [gunkshot, highjumpkick, pyroball, uturn] ttype=fire
INFO     Sampling 3 unrevealed pokemon
INFO     	  slowkinggalar  regenerator  assaultvest [futuresight, psychicnoise, sludgebomb, surf] ttype=fairy
INFO     	      zamazenta dauntlessshield    leftovers [bodypress, irondefense, ironhead, substitute] ttype=steel
INFO     	    zapdosgalar      defiant      lifeorb [bravebird, bulkup, closecombat, knockoff] ttype=dark
INFO     Sampling battle 2
INFO     	   miniorindigo  shieldsdown         None [acrobatics, earthquake, powergem, shellsmash] ttype=steel
INFO     	      cinderace       libero   choiceband [gunkshot, highjumpkick, pyroball, uturn] ttype=fire
INFO     Sampling 3 unrevealed pokemon
INFO     	         komala     comatose  assaultvest [bodyslam, earthquake, knockoff, rapidspin] ttype=ghost
INFO     	zamazentacrowned dauntlessshield rustedshield [bodypress, heavyslam, irondefense, stoneedge] ttype=fighting
INFO     	       maushold   technician     widelens [bite, encore, populationbomb, tidyup] ttype=ghost
INFO     Sampling battle 3
INFO     	   miniorindigo  shieldsdown         None [acrobatics, earthquake, powergem, shellsmash] ttype=steel
INFO     	      cinderace       libero   choiceband [gunkshot, highjumpkick, pyroball, uturn] ttype=fire
INFO     Sampling 3 unrevealed pokemon
INFO     	      duraludon   lightmetal     eviolite [bodypress, dracometeor, flashcannon, stealthrock] ttype=fighting
INFO     	         arceus    multitype      lifeorb [earthquake, extremespeed, recover, swordsdance] ttype=normal
INFO     	         espeon  magicbounce  choicespecs [alluringvoice, psychic, shadowball, trick] ttype=fairy
INFO     Sampling battle 4
INFO     	   miniorindigo  shieldsdown         None [acrobatics, earthquake, powergem, shellsmash] ttype=steel
INFO     	      cinderace       libero   choiceband [gunkshot, highjumpkick, pyroball, uturn] ttype=fire
INFO     Sampling 3 unrevealed pokemon
INFO     	      serperior     contrary    leftovers [dragonpulse, leafstorm, leechseed, substitute] ttype=dragon
INFO     	        falinks      defiant      lifeorb [closecombat, ironhead, knockoff, noretreat] ttype=steel
INFO     	      meowsticf  competitive      lifeorb [darkpulse, nastyplot, psyshock, thunderbolt] ttype=dark
INFO     Sampling battle 5
INFO     	   miniorindigo  shieldsdown         None [acrobatics, earthquake, powergem, shellsmash] ttype=steel
INFO     	      cinderace       libero   choiceband [gunkshot, highjumpkick, pyroball, uturn] ttype=fire
INFO     Sampling 3 unrevealed pokemon
INFO     	    oinkolognef    aromaveil    leftovers [bodyslam, curse, rest, sleeptalk] ttype=poison
INFO     	       inteleon      torrent  choicespecs [hydropump, icebeam, scald, uturn] ttype=water
INFO     	        leafeon  chlorophyll      lifeorb [doubleedge, knockoff, leafblade, swordsdance] ttype=dark
INFO     Sampling battle 6
INFO     	   miniorindigo  shieldsdown         None [acrobatics, earthquake, powergem, shellsmash] ttype=steel
INFO     	      cinderace       libero   choiceband [gunkshot, highjumpkick, pyroball, uturn] ttype=fire
INFO     Sampling 3 unrevealed pokemon
INFO     	         furret        frisk      lifeorb [brickbreak, doubleedge, knockoff, tidyup] ttype=ghost
INFO     	     pincurchin electricsurge    leftovers [curse, liquidation, recover, zingzap] ttype=grass
INFO     	            mew  synchronize      lifeorb [darkpulse, fireblast, nastyplot, psychic] ttype=psychic
INFO     Sampling battle 7
INFO     	   miniorindigo  shieldsdown         None [acrobatics, earthquake, powergem, shellsmash] ttype=steel
INFO     	      cinderace       libero   choiceband [gunkshot, highjumpkick, pyroball, uturn] ttype=fire
INFO     Sampling 3 unrevealed pokemon
INFO     	         zekrom     teravolt    leftovers [boltstrike, dragondance, outrage, substitute] ttype=grass
INFO     	        bruxish    strongjaw   choiceband [aquajet, crunch, psychicfangs, wavecrash] ttype=dark
INFO     	        zoroark     illusion  choicespecs [darkpulse, flamethrower, sludgebomb, trick] ttype=poison
INFO     Sampling battle 8
INFO     	   miniorindigo  shieldsdown         None [acrobatics, earthquake, powergem, shellsmash] ttype=steel
INFO     	      cinderace       libero   choiceband [gunkshot, highjumpkick, pyroball, uturn] ttype=fighting
INFO     Sampling 3 unrevealed pokemon
INFO     	      serperior     contrary      lifeorb [dragonpulse, glare, leafstorm, synthesis] ttype=dragon
INFO     	      heracross        moxie  choicescarf [closecombat, earthquake, knockoff, megahorn] ttype=fighting
INFO     	         pawmot     ironfist      lifeorb [closecombat, doubleshock, icepunch, revivalblessing] ttype=electric
INFO     Sampling battle 9
INFO     	   miniorindigo  shieldsdown         None [acrobatics, earthquake, powergem, shellsmash] ttype=steel
INFO     	      cinderace       libero   choiceband [gunkshot, highjumpkick, pyroball, uturn] ttype=fire
INFO     Sampling 3 unrevealed pokemon
INFO     	        jolteon   voltabsorb    leftovers [calmmind, substitute, terablast, thunderbolt] ttype=ice
INFO     	      blastoise      torrent    whiteherb [hydropump, icebeam, shellsmash, terablast] ttype=grass
INFO     	         gogoat    sapsipper    leftovers [bulkup, earthquake, hornleech, milkdrink] ttype=ground
INFO     Sampling battle 10
INFO     	   miniorindigo  shieldsdown         None [acrobatics, earthquake, powergem, shellsmash] ttype=steel
INFO     	      cinderace       libero   choiceband [gunkshot, highjumpkick, pyroball, uturn] ttype=fire
INFO     Sampling 3 unrevealed pokemon
INFO     	        bruxish    strongjaw  choicescarf [crunch, flipturn, psychicfangs, wavecrash] ttype=dark
INFO     	     electivire   motordrive      lifeorb [bulkup, earthquake, icepunch, supercellslam] ttype=ground
INFO     	       quagsire      unaware    leftovers [earthquake, icebeam, recover, toxic] ttype=fairy
INFO     Sampling battle 11
INFO     	   miniorindigo  shieldsdown         None [acrobatics, earthquake, powergem, shellsmash] ttype=steel
INFO     	      cinderace       libero   choiceband [gunkshot, highjumpkick, pyroball, uturn] ttype=fire
INFO     Sampling 3 unrevealed pokemon
INFO     	      eternatus     pressure    leftovers [dynamaxcannon, flamethrower, recover, toxic] ttype=water
INFO     	       vaporeon  waterabsorb    leftovers [calmmind, protect, scald, wish] ttype=ghost
INFO     	      blastoise      torrent    whiteherb [hydropump, icebeam, shellsmash, terablast] ttype=electric
INFO     Sampling battle 12
INFO     	   miniorindigo  shieldsdown         None [acrobatics, earthquake, powergem, shellsmash] ttype=steel
INFO     	      cinderace       libero   choiceband [gunkshot, highjumpkick, pyroball, uturn] ttype=fighting
INFO     Sampling 3 unrevealed pokemon
INFO     	     houndstone       fluffy    leftovers [bodypress, poltergeist, rest, sleeptalk] ttype=fighting
INFO     	    brutebonnet protosynthesis    leftovers [crunch, seedbomb, spore, suckerpunch] ttype=dark
INFO     	      revavroom       filter      lifeorb [gunkshot, highhorsepower, ironhead, shiftgear] ttype=ground
INFO     Sampling battle 13
INFO     	   miniorindigo  shieldsdown         None [acrobatics, earthquake, powergem, shellsmash] ttype=steel
INFO     	      cinderace       libero   choiceband [gunkshot, highjumpkick, pyroball, uturn] ttype=fire
INFO     Sampling 3 unrevealed pokemon
INFO     	      crawdaunt adaptability   choiceband [aquajet, closecombat, crabhammer, knockoff] ttype=fighting
INFO     	        seviper  infiltrator    leftovers [earthquake, gunkshot, swordsdance, trailblaze] ttype=ground
INFO     	        darkrai    baddreams      lifeorb [darkpulse, hypnosis, nastyplot, sludgebomb] ttype=poison
INFO     Sampling battle 14
INFO     	   miniorindigo  shieldsdown         None [acrobatics, earthquake, powergem, shellsmash] ttype=steel
INFO     	      cinderace       libero   choiceband [gunkshot, highjumpkick, pyroball, uturn] ttype=fire
INFO     Sampling 3 unrevealed pokemon
INFO     	     toedscruel myceliummight  assaultvest [earthpower, knockoff, leafstorm, rapidspin] ttype=water
INFO     	      metagross    clearbody    leftovers [earthquake, heavyslam, psychicfangs, stealthrock] ttype=water
INFO     	    arceuswater    multitype  splashplate [calmmind, judgment, recover, willowisp] ttype=steel
INFO     Sampling battle 15
INFO     	   miniorindigo  shieldsdown         None [acrobatics, earthquake, powergem, shellsmash] ttype=steel
INFO     	      cinderace       libero   choiceband [gunkshot, highjumpkick, pyroball, uturn] ttype=fire
INFO     Sampling 3 unrevealed pokemon
INFO     	         pawmot     ironfist      lifeorb [closecombat, doubleshock, icepunch, revivalblessing] ttype=electric
INFO     	        avalugg       sturdy heavydutyboots [avalanche, bodypress, rapidspin, recover] ttype=fighting
INFO     	       overqwil   intimidate      lifeorb [crunch, gunkshot, liquidation, swordsdance] ttype=water
INFO     Searching for a move using MCTS...
INFO     Sampling 16 battles at 500ms each
INFO     Choice: switch scyther
INFO     scyther switched in, adding intimidate to impossible abilities
INFO     scyther switched in, adding pressure to impossible abilities
INFO     scyther switched in, adding neutralizinggas to impossible abilities
INFO     scyther switched in, adding sandstream to impossible abilities
INFO     scyther switched in, adding drought to impossible abilities
INFO     scyther switched in, adding drizzle to impossible abilities
INFO     scyther switched in, adding snowwarning to impossible abilities
INFO     scyther switched in, adding boosterenergy to impossible items
INFO     scyther switched in, adding airballoon to impossible items
INFO     
INFO     Turn: 11
INFO     loaded 6 player and 0 effective opponent priors
INFO     Sampling battle 0
INFO     	   miniorindigo  shieldsdown         None [acrobatics, earthquake, powergem, shellsmash] ttype=steel
INFO     	      cinderace       libero   choiceband [gunkshot, highjumpkick, pyroball, uturn] ttype=fire
INFO     Sampling 3 unrevealed pokemon
INFO     	       grafaiai  poisontouch  assaultvest [gunkshot, knockoff, superfang, uturn] ttype=dark
INFO     	        dondozo      unaware    leftovers [curse, rest, sleeptalk, wavecrash] ttype=fairy
INFO     	taurospaldeaaqua   intimidate   choiceband [aquajet, closecombat, stoneedge, wavecrash] ttype=water
INFO     Sampling battle 1
INFO     	   miniorindigo  shieldsdown         None [acrobatics, earthquake, powergem, shellsmash] ttype=steel
INFO     	      cinderace       libero   choiceband [gunkshot, highjumpkick, pyroball, uturn] ttype=fighting
INFO     Sampling 3 unrevealed pokemon
INFO     	        snorlax     thickfat    leftovers [bodyslam, curse, rest, sleeptalk] ttype=fairy
INFO     	 arceusfighting    multitype    fistplate [bodypress, irondefense, recover, shadowball] ttype=steel
INFO     	      pachirisu   voltabsorb heavydutyboots [discharge, encore, superfang, uturn] ttype=flying
INFO     Sampling battle 2
INFO     	   miniorindigo  shieldsdown         None [acrobatics, earthquake, powergem, shellsmash] ttype=steel
INFO     	      cinderace       libero   choiceband [gunkshot, highjumpkick, pyroball, uturn] ttype=fire
INFO     Sampling 3 unrevealed pokemon
INFO     	        mesprit     levitate    leftovers [knockoff, psychicnoise, thunderwave, uturn] ttype=electric
INFO     	       inteleon      torrent  choicespecs [hydropump, icebeam, scald, uturn] ttype=water
INFO     	      electrode   soundproof      lifeorb [taunt, terablast, thunderbolt, voltswitch] ttype=ice
INFO     Sampling battle 3
INFO     	   miniorindigo  shieldsdown         None [acrobatics, earthquake, powergem, shellsmash] ttype=steel
INFO     	      cinderace       libero   choiceband [gunkshot, highjumpkick, pyroball, uturn] ttype=fighting
INFO     Sampling 3 unrevealed pokemon
INFO     	         dialga     pressure    leftovers [dracometeor, fireblast, heavyslam, thunderwave] ttype=dragon
INFO     	         lunala shadowshield    leftovers [calmmind, moongeistbeam, moonlight, psyshock] ttype=fairy
INFO     	     grimmsnarl    prankster    lightclay [lightscreen, partingshot, reflect, spiritbreak] ttype=poison
INFO     Sampling battle 4
INFO     	   miniorindigo  shieldsdown         None [acrobatics, earthquake, powergem, shellsmash] ttype=steel
INFO     	      cinderace       libero   choiceband [gunkshot, highjumpkick, pyroball, uturn] ttype=fire
INFO     Sampling 3 unrevealed pokemon
INFO     	    arceussteel    multitype    ironplate [calmmind, earthpower, judgment, recover] ttype=ghost
INFO     	        umbreon  synchronize    leftovers [foulplay, protect, toxic, wish] ttype=poison
INFO     	    meowscarada      protean   choiceband [flowertrick, knockoff, tripleaxel, uturn] ttype=grass
INFO     Sampling battle 5
INFO     	   miniorindigo  shieldsdown         None [acrobatics, earthquake, powergem, shellsmash] ttype=steel
INFO     	      cinderace       libero   choiceband [gunkshot, highjumpkick, pyroball, uturn] ttype=fire
INFO     Sampling 3 unrevealed pokemon
INFO     	       sceptile     overgrow    leftovers [focusblast, gigadrain, leechseed, substitute] ttype=steel
INFO     	      revavroom       filter      lifeorb [gunkshot, highhorsepower, ironhead, shiftgear] ttype=ground
INFO     	       koraidon orichalcumpulse   loadeddice [collisioncourse, flareblitz, scaleshot, swordsdance] ttype=fire
INFO     Sampling battle 6
INFO     	   miniorindigo  shieldsdown         None [acrobatics, earthquake, powergem, shellsmash] ttype=steel
INFO     	      cinderace       libero   choiceband [gunkshot, highjumpkick, pyroball, uturn] ttype=fire
INFO     Sampling 3 unrevealed pokemon
INFO     	     feraligatr   sheerforce      lifeorb [crunch, dragondance, icepunch, liquidation] ttype=steel
INFO     	      clawitzer megalauncher  assaultvest [aurasphere, dragonpulse, uturn, waterpulse] ttype=dragon
INFO     	      registeel    clearbody    leftovers [bodypress, irondefense, ironhead, thunderwave] ttype=fighting
INFO     Sampling battle 7
INFO     	   miniorindigo  shieldsdown         None [acrobatics, earthquake, powergem, shellsmash] ttype=steel
INFO     	      cinderace       libero   choiceband [gunkshot, highjumpkick, pyroball, uturn] ttype=fire
INFO     Sampling 3 unrevealed pokemon
INFO     	        banette     insomnia      lifeorb [gunkshot, poltergeist, shadowsneak, thunderwave] ttype=ghost
INFO     	 lilliganthisui       hustle      lifeorb [closecombat, icespinner, leafblade, victorydance] ttype=steel
INFO     	         phione    hydration    leftovers [rest, scald, sleeptalk, takeheart] ttype=steel
INFO     Sampling battle 8
INFO     	   miniorindigo  shieldsdown         None [acrobatics, earthquake, powergem, shellsmash] ttype=steel
INFO     	      cinderace       libero   choiceband [gunkshot, highjumpkick, pyroball, uturn] ttype=fighting
INFO     Sampling 3 unrevealed pokemon
INFO     	        slaking       truant   choiceband [doubleedge, earthquake, gigaimpact, knockoff] ttype=normal
INFO     	       solgaleo fullmetalbody  rockyhelmet [knockoff, morningsun, psychicfangs, sunsteelstrike] ttype=water
INFO     	      regidrago   dragonsmaw     lumberry [dracometeor, dragondance, earthquake, outrage] ttype=dragon
INFO     Sampling battle 9
INFO     	   miniorindigo  shieldsdown         None [acrobatics, earthquake, powergem, shellsmash] ttype=steel
INFO     	      cinderace       libero   choiceband [gunkshot, highjumpkick, pyroball, uturn] ttype=fire
INFO     Sampling 3 unrevealed pokemon
INFO     	      pachirisu   voltabsorb  assaultvest [nuzzle, superfang, thunderbolt, uturn] ttype=flying
INFO     	      rillaboom  grassysurge   choiceband [grassyglide, highhorsepower, uturn, woodhammer] ttype=grass
INFO     	        golduck    cloudnine      lifeorb [grassknot, hydropump, icebeam, nastyplot] ttype=grass
INFO     Sampling battle 10
INFO     	   miniorindigo  shieldsdown         None [acrobatics, earthquake, powergem, shellsmash] ttype=steel
INFO     	      cinderace       libero   choiceband [gunkshot, highjumpkick, pyroball, uturn] ttype=fire
INFO     Sampling 3 unrevealed pokemon
INFO     	     houndstone       fluffy  assaultvest [bodypress, playrough, poltergeist, shadowsneak] ttype=fairy
INFO     	urshifurapidstrike   unseenfist   choiceband [aquajet, closecombat, surgingstrikes, uturn] ttype=water
INFO     	         kommoo   soundproof  throatspray [boomburst, clangingscales, clangoroussoul, drainpunch] ttype=normal
INFO     Sampling battle 11
INFO     	   miniorindigo  shieldsdown         None [acrobatics, earthquake, powergem, shellsmash] ttype=steel
INFO     	      cinderace       libero   choiceband [gunkshot, highjumpkick, pyroball, uturn] ttype=fire
INFO     Sampling 3 unrevealed pokemon
INFO     	      farigiraf    sapsipper    leftovers [bodyslam, protect, psychicnoise, wish] ttype=water
INFO     	     wigglytuff  competitive    leftovers [alluringvoice, protect, thunderwave, wish] ttype=poison
INFO     	    meowscarada      protean   choiceband [flowertrick, knockoff, tripleaxel, uturn] ttype=grass
INFO     Sampling battle 12
INFO     	   miniorindigo  shieldsdown         None [acrobatics, earthquake, powergem, shellsmash] ttype=steel
INFO     	      cinderace       libero   choiceband [gunkshot, highjumpkick, pyroball, uturn] ttype=fire
INFO     Sampling 3 unrevealed pokemon
INFO     	    zapdosgalar      defiant      lifeorb [bravebird, bulkup, closecombat, knockoff] ttype=steel
INFO     	  calyrexshadow asonespectrier  choicespecs [astralbarrage, pollenpuff, psyshock, trick] ttype=dark
INFO     	         comfey       triage    leftovers [calmmind, drainingkiss, gigadrain, storedpower] ttype=poison
INFO     Sampling battle 13
INFO     	   miniorindigo  shieldsdown         None [acrobatics, earthquake, powergem, shellsmash] ttype=steel
INFO     	      cinderace       libero   choiceband [gunkshot, highjumpkick, pyroball, uturn] ttype=fire
INFO     Sampling 3 unrevealed pokemon
INFO     	        grumpig     thickfat  choicespecs [earthpower, focusblast, psyshock, shadowball] ttype=fighting
INFO     	     forretress       sturdy    leftovers [bodypress, ironhead, spikes, stealthrock] ttype=water
INFO     	          rotom     levitate      lifeorb [nastyplot, shadowball, thunderbolt, willowisp] ttype=ghost
INFO     Sampling battle 14
INFO     	   miniorindigo  shieldsdown         None [acrobatics, earthquake, powergem, shellsmash] ttype=steel
INFO     	      cinderace       libero   choiceband [gunkshot, highjumpkick, pyroball, uturn] ttype=fire
INFO     Sampling 3 unrevealed pokemon
INFO     	     wigglytuff  competitive    leftovers [alluringvoice, protect, thunderwave, wish] ttype=steel
INFO     	          minun   voltabsorb      lifeorb [alluringvoice, grassknot, nastyplot, thunderbolt] ttype=fairy
INFO     	        zoroark     illusion  choicespecs [darkpulse, flamethrower, sludgebomb, trick] ttype=poison
INFO     Sampling battle 15
INFO     	   miniorindigo  shieldsdown         None [acrobatics, earthquake, powergem, shellsmash] ttype=steel
INFO     	      cinderace       libero   choiceband [gunkshot, highjumpkick, pyroball, uturn] ttype=fire
INFO     Sampling 3 unrevealed pokemon
INFO     	         espeon  magicbounce      lifeorb [calmmind, morningsun, psyshock, shadowball] ttype=psychic
INFO     	 decidueyehisui      scrappy    leftovers [leafblade, roost, suckerpunch, triplearrows] ttype=steel
INFO     	        chansey  naturalcure     eviolite [seismictoss, softboiled, stealthrock, thunderwave] ttype=poison
INFO     Searching for a move using MCTS...
INFO     Sampling 16 battles at 500ms each
INFO     Choice: closecombat
INFO     Updated miniorindigo's min speed to 127
INFO     miniorindigo already has the move acrobatics. Decrementing the PP by 1
INFO     miniorindigo used a flying move, removing flyinggem from possible items
INFO     Setting miniorindigo's last used move: acrobatics
INFO     miniorindigo used a damaging move - not guessing lifeorb anymore
INFO     miniorindigo did 100.0% damage to scyther with acrobatics
INFO     miniorindigo has less than maxhp during upkeep, no longer guessing leftovers or blacksludge
INFO     loaded 2 player and 0 effective opponent priors
INFO     Sampling battle 0
INFO     	   miniorindigo  shieldsdown         None [acrobatics, earthquake, powergem, shellsmash] ttype=steel
INFO     	      cinderace       libero   choiceband [gunkshot, highjumpkick, pyroball, uturn] ttype=fire
INFO     Sampling 3 unrevealed pokemon
INFO     	         goodra    sapsipper  assaultvest [dracometeor, earthquake, fireblast, scald] ttype=ground
INFO     	     gothitelle    shadowtag    leftovers [calmmind, focusblast, psychicnoise, thunderbolt] ttype=flying
INFO     	         komala     comatose  assaultvest [bodyslam, earthquake, knockoff, rapidspin] ttype=ghost
INFO     Sampling battle 1
INFO     	   miniorindigo  shieldsdown         None [acrobatics, earthquake, powergem, shellsmash] ttype=steel
INFO     	      cinderace       libero   choiceband [gunkshot, highjumpkick, pyroball, uturn] ttype=fighting
INFO     Sampling 3 unrevealed pokemon
INFO     	      hatterene  magicbounce    leftovers [calmmind, drainingkiss, mysticalfire, psyshock] ttype=fairy
INFO     	        florges   flowerveil    leftovers [calmmind, moonblast, protect, wish] ttype=steel
INFO     	       sunflora  chlorophyll      lifeorb [earthpower, solarbeam, sunnyday, weatherball] ttype=fire
INFO     Sampling battle 2
INFO     	   miniorindigo  shieldsdown         None [acrobatics, earthquake, powergem, shellsmash] ttype=steel
INFO     	      cinderace       libero   choiceband [gunkshot, highjumpkick, pyroball, uturn] ttype=fire
INFO     Sampling 3 unrevealed pokemon
INFO     	necrozmadawnwings   prismarmor      lifeorb [brickbreak, dragondance, moongeistbeam, photongeyser] ttype=fighting
INFO     	      alomomola  regenerator  rockyhelmet [flipturn, protect, scald, wish] ttype=poison
INFO     	         zarude    leafguard   choiceband [closecombat, knockoff, powerwhip, uturn] ttype=grass
INFO     Sampling battle 3
INFO     	   miniorindigo  shieldsdown         None [acrobatics, earthquake, powergem, shellsmash] ttype=steel
INFO     	      cinderace       libero   choiceband [gunkshot, highjumpkick, pyroball, uturn] ttype=fire
INFO     Sampling 3 unrevealed pokemon
INFO     	      tatsugiri   stormdrain heavydutyboots [dracometeor, hydropump, nastyplot, rapidspin] ttype=steel
INFO     	    arceuswater    multitype  splashplate [icebeam, judgment, recover, willowisp] ttype=steel
INFO     	         flygon     levitate  choicescarf [earthquake, outrage, stoneedge, uturn] ttype=ground
INFO     Sampling battle 4
INFO     	   miniorindigo  shieldsdown         None [acrobatics, earthquake, powergem, shellsmash] ttype=steel
INFO     	      cinderace       libero   choiceband [gunkshot, highjumpkick, pyroball, uturn] ttype=fire
INFO     Sampling 3 unrevealed pokemon
INFO     	       floatzel    waterveil   choiceband [crunch, flipturn, icespinner, wavecrash] ttype=water
INFO     	     toxtricity     punkrock  throatspray [boomburst, gunkshot, overdrive, shiftgear] ttype=normal
INFO     	necrozmadawnwings   prismarmor      lifeorb [brickbreak, dragondance, moongeistbeam, photongeyser] ttype=fighting
INFO     Sampling battle 5
INFO     	   miniorindigo  shieldsdown         None [acrobatics, earthquake, powergem, shellsmash] ttype=steel
INFO     	      cinderace       libero   choiceband [gunkshot, highjumpkick, pyroball, uturn] ttype=fire
INFO     Sampling 3 unrevealed pokemon
INFO     	      passimian      defiant    leftovers [bulkup, drainpunch, gunkshot, knockoff] ttype=steel
INFO     	      dunsparce  serenegrace     eviolite [bodyslam, coil, earthquake, roost] ttype=ground
INFO     	      rotomwash     levitate    leftovers [discharge, hydropump, painsplit, willowisp] ttype=electric
INFO     Sampling battle 6
INFO     	   miniorindigo  shieldsdown         None [acrobatics, earthquake, powergem, shellsmash] ttype=steel
INFO     	      cinderace       libero   choiceband [gunkshot, highjumpkick, pyroball, uturn] ttype=fire
INFO     Sampling 3 unrevealed pokemon
INFO     	     victreebel  chlorophyll      lifeorb [powerwhip, sludgewave, sunnyday, weatherball] ttype=fire
INFO     	 exeggutoralola      harvest  sitrusberry [dracometeor, flamethrower, sleeppowder, woodhammer] ttype=fire
INFO     	      azumarill    hugepower   choiceband [aquajet, icespinner, liquidation, playrough] ttype=water
INFO     Sampling battle 7
INFO     	   miniorindigo  shieldsdown         None [acrobatics, earthquake, powergem, shellsmash] ttype=steel
INFO     	      cinderace       libero   choiceband [gunkshot, highjumpkick, pyroball, uturn] ttype=fighting
INFO     Sampling 3 unrevealed pokemon
INFO     	         phione    hydration    leftovers [grassknot, icebeam, scald, takeheart] ttype=steel
INFO     	  slowkinggalar  regenerator  assaultvest [fireblast, psychicnoise, sludgebomb, surf] ttype=water
INFO     	         zarude    leafguard      lifeorb [closecombat, knockoff, powerwhip, swordsdance] ttype=fighting
INFO     Sampling battle 8
INFO     	   miniorindigo  shieldsdown         None [acrobatics, earthquake, powergem, shellsmash] ttype=steel
INFO     	      cinderace       libero   choiceband [gunkshot, highjumpkick, pyroball, uturn] ttype=fire
INFO     Sampling 3 unrevealed pokemon
INFO     	 keldeoresolute    justified    leftovers [calmmind, hydropump, secretsword, substitute] ttype=steel
INFO     	        mimikyu     disguise      lifeorb [playrough, shadowclaw, shadowsneak, swordsdance] ttype=fairy
INFO     	necrozmadawnwings   prismarmor    leftovers [calmmind, moongeistbeam, moonlight, photongeyser] ttype=dark
INFO     Sampling battle 9
INFO     	   miniorindigo  shieldsdown         None [acrobatics, earthquake, powergem, shellsmash] ttype=steel
INFO     	      cinderace       libero   choiceband [gunkshot, highjumpkick, pyroball, uturn] ttype=fire
INFO     Sampling 3 unrevealed pokemon
INFO     	    polteageist   cursedbody    whiteherb [shadowball, shellsmash, storedpower, strengthsap] ttype=psychic
INFO     	       politoed      drizzle  choicespecs [focusblast, hydropump, icebeam, weatherball] ttype=water
INFO     	     feraligatr   sheerforce      lifeorb [dragondance, icepunch, liquidation, trailblaze] ttype=grass
INFO     Sampling battle 10
INFO     	   miniorindigo  shieldsdown         None [acrobatics, earthquake, powergem, shellsmash] ttype=steel
INFO     	      cinderace       libero   choiceband [gunkshot, highjumpkick, pyroball, uturn] ttype=fire
INFO     Sampling 3 unrevealed pokemon
INFO     	          azelf     levitate      lifeorb [dazzlinggleam, fireblast, nastyplot, psyshock] ttype=fire
INFO     	    arceussteel    multitype    ironplate [earthquake, judgment, recover, willowisp] ttype=ghost
INFO     	        wugtrio        gooey   choiceband [aquajet, liquidation, stompingtantrum, throatchop] ttype=ground
INFO     Sampling battle 11
INFO     	   miniorindigo  shieldsdown         None [acrobatics, earthquake, powergem, shellsmash] ttype=steel
INFO     	      cinderace       libero   choiceband [gunkshot, highjumpkick, pyroball, uturn] ttype=fire
INFO     Sampling 3 unrevealed pokemon
INFO     	      munkidori   toxicchain      lifeorb [focusblast, nastyplot, psyshock, sludgewave] ttype=poison
INFO     	      bellossom  chlorophyll    leftovers [gigadrain, moonblast, quiverdance, strengthsap] ttype=fairy
INFO     	        flamigo      scrappy      lifeorb [bravebird, closecombat, swordsdance, throatchop] ttype=steel
INFO     Sampling battle 12
INFO     	   miniorindigo  shieldsdown         None [acrobatics, earthquake, powergem, shellsmash] ttype=steel
INFO     	      cinderace       libero   choiceband [gunkshot, highjumpkick, pyroball, uturn] ttype=fire
INFO     Sampling 3 unrevealed pokemon
INFO     	      ironcrown   quarkdrive    leftovers [calmmind, focusblast, psyshock, tachyoncutter] ttype=fighting
INFO     	     houndstone       fluffy  assaultvest [bodypress, playrough, poltergeist, shadowsneak] ttype=fairy
INFO     	        palafin   zerotohero    leftovers [bulkup, drainpunch, icepunch, jetpunch] ttype=steel
INFO     Sampling battle 13
INFO     	   miniorindigo  shieldsdown         None [acrobatics, earthquake, powergem, shellsmash] ttype=steel
INFO     	      cinderace       libero   choiceband [gunkshot, highjumpkick, pyroball, uturn] ttype=fire
INFO     Sampling 3 unrevealed pokemon
INFO     	         veluza    sharpness  sitrusberry [aquacutter, filletaway, nightslash, psychocut] ttype=psychic
INFO     	      ironhands   quarkdrive    leftovers [drainpunch, icepunch, swordsdance, thunderpunch] ttype=fighting
INFO     	 exeggutoralola      harvest  sitrusberry [calmmind, dragonpulse, flamethrower, gigadrain] ttype=steel
INFO     Sampling battle 14
INFO     	   miniorindigo  shieldsdown         None [acrobatics, earthquake, powergem, shellsmash] ttype=steel
INFO     	      cinderace       libero   choiceband [gunkshot, highjumpkick, pyroball, uturn] ttype=fire
INFO     Sampling 3 unrevealed pokemon
INFO     	     ragingbolt protosynthesis boosterenergy [calmmind, dragonpulse, thunderbolt, thunderclap] ttype=fairy
INFO     	    polteageist   cursedbody    whiteherb [shadowball, shellsmash, storedpower, terablast] ttype=fighting
INFO     	        malamar     contrary  chestoberry [knockoff, psychocut, rest, superpower] ttype=poison
INFO     Sampling battle 15
INFO     	   miniorindigo  shieldsdown         None [acrobatics, earthquake, powergem, shellsmash] ttype=steel
INFO     	      cinderace       libero   choiceband [gunkshot, highjumpkick, pyroball, uturn] ttype=fire
INFO     Sampling 3 unrevealed pokemon
INFO     	       alcremie    aromaveil    leftovers [alluringvoice, calmmind, recover, terablast] ttype=ground
INFO     	      dragapult   cursedbody heavydutyboots [dragondarts, hex, uturn, willowisp] ttype=fairy
INFO     	  zaciancrowned intrepidsword  rustedsword [behemothblade, closecombat, playrough, swordsdance] ttype=fighting
INFO     Searching for a move using MCTS...
INFO     Sampling 16 battles at 500ms each
INFO     Choice: switch gallade
INFO     
INFO     Turn: 12
INFO     loaded 5 player and 0 effective opponent priors
INFO     Sampling battle 0
INFO     	   miniorindigo  shieldsdown         None [acrobatics, earthquake, powergem, shellsmash] ttype=steel
INFO     	      cinderace       libero   choiceband [gunkshot, highjumpkick, pyroball, uturn] ttype=fire
INFO     Sampling 3 unrevealed pokemon
INFO     	       cobalion    justified    leftovers [bodypress, irondefense, ironhead, thunderwave] ttype=water
INFO     	        flamigo      scrappy  choicescarf [bravebird, closecombat, throatchop, uturn] ttype=fighting
INFO     	        snorlax     thickfat    leftovers [bodyslam, crunch, curse, earthquake] ttype=ground
INFO     Sampling battle 1
INFO     	   miniorindigo  shieldsdown         None [acrobatics, earthquake, powergem, shellsmash] ttype=steel
INFO     	      cinderace       libero   choiceband [gunkshot, highjumpkick, pyroball, uturn] ttype=fire
INFO     Sampling 3 unrevealed pokemon
INFO     	      magnezone     analytic  assaultvest [discharge, flashcannon, mirrorcoat, voltswitch] ttype=flying
INFO     	      zamazenta dauntlessshield   choiceband [closecombat, crunch, ironhead, psychicfangs] ttype=steel
INFO     	       cacturne  waterabsorb      lifeorb [knockoff, seedbomb, suckerpunch, swordsdance] ttype=poison
INFO     Sampling battle 2
INFO     	   miniorindigo  shieldsdown         None [acrobatics, earthquake, powergem, shellsmash] ttype=steel
INFO     	      cinderace       libero   choiceband [gunkshot, highjumpkick, pyroball, uturn] ttype=fire
INFO     Sampling 3 unrevealed pokemon
INFO     	      trevenant      harvest  sitrusberry [drainpunch, poltergeist, protect, toxic] ttype=fairy
INFO     	         plusle lightningrod      lifeorb [alluringvoice, grassknot, nastyplot, thunderbolt] ttype=electric
INFO     	         latias     levitate      souldew [calmmind, dracometeor, psyshock, recover] ttype=steel
INFO     Sampling battle 3
INFO     	   miniorindigo  shieldsdown         None [acrobatics, earthquake, powergem, shellsmash] ttype=steel
INFO     	      cinderace       libero   choiceband [gunkshot, highjumpkick, pyroball, uturn] ttype=fighting
INFO     Sampling 3 unrevealed pokemon
INFO     	      electrode       static      lifeorb [taunt, terablast, thunderbolt, voltswitch] ttype=ice
INFO     	        gurdurr         guts     eviolite [defog, drainpunch, knockoff, machpunch] ttype=steel
INFO     	      exeggutor      harvest  sitrusberry [calmmind, gigadrain, psyshock, substitute] ttype=steel
INFO     Sampling battle 4
INFO     	   miniorindigo  shieldsdown         None [acrobatics, earthquake, powergem, shellsmash] ttype=steel
INFO     	      cinderace       libero   choiceband [gunkshot, highjumpkick, pyroball, uturn] ttype=fire
INFO     Sampling 3 unrevealed pokemon
INFO     	     electivire   motordrive      lifeorb [icepunch, knockoff, supercellslam, voltswitch] ttype=dark
INFO     	       floatzel    waterveil    leftovers [bulkup, icespinner, taunt, wavecrash] ttype=water
INFO     	    arceusgrass    multitype  meadowplate [calmmind, earthpower, icebeam, judgment] ttype=ground
INFO     Sampling battle 5
INFO     	   miniorindigo  shieldsdown         None [acrobatics, earthquake, powergem, shellsmash] ttype=steel
INFO     	      cinderace       libero   choiceband [gunkshot, highjumpkick, pyroball, uturn] ttype=fire
INFO     Sampling 3 unrevealed pokemon
INFO     	        snorlax     thickfat    leftovers [bodyslam, curse, rest, sleeptalk] ttype=poison
INFO     	         pawmot     ironfist      lifeorb [closecombat, doubleshock, icepunch, revivalblessing] ttype=electric
INFO     	   zoroarkhisui     illusion      lifeorb [focusblast, hypervoice, poltergeist, willowisp] ttype=normal
INFO     Sampling battle 6
INFO     	   miniorindigo  shieldsdown         None [acrobatics, earthquake, powergem, shellsmash] ttype=steel
INFO     	      cinderace       libero   choiceband [gunkshot, highjumpkick, pyroball, uturn] ttype=fighting
INFO     Sampling 3 unrevealed pokemon
INFO     	         palkia     pressure  lustrousorb [dracometeor, fireblast, hydropump, thunderwave] ttype=water
INFO     	necrozmadawnwings   prismarmor    leftovers [calmmind, moongeistbeam, moonlight, photongeyser] ttype=dark
INFO     	        wugtrio        gooey   choiceband [aquajet, liquidation, stompingtantrum, throatchop] ttype=water
INFO     Sampling battle 7
INFO     	   miniorindigo  shieldsdown         None [acrobatics, earthquake, powergem, shellsmash] ttype=steel
INFO     	      cinderace       libero   choiceband [gunkshot, highjumpkick, pyroball, uturn] ttype=fire
INFO     Sampling 3 unrevealed pokemon
INFO     	        seviper  infiltrator  choicescarf [earthquake, gigadrain, gunkshot, switcheroo] ttype=poison
INFO     	        florges   flowerveil    leftovers [calmmind, moonblast, protect, wish] ttype=steel
INFO     	      quaquaval        moxie      lifeorb [aquastep, closecombat, swordsdance, tripleaxel] ttype=steel
INFO     Sampling battle 8
INFO     	   miniorindigo  shieldsdown         None [acrobatics, earthquake, powergem, shellsmash] ttype=steel
INFO     	      cinderace       libero   choiceband [gunkshot, highjumpkick, pyroball, uturn] ttype=fighting
INFO     Sampling 3 unrevealed pokemon
INFO     	       slowking  regenerator    leftovers [psyshock, scald, slackoff, thunderwave] ttype=fairy
INFO     	      clawitzer megalauncher  choicespecs [dragonpulse, icebeam, uturn, waterpulse] ttype=dragon
INFO     	       sunflora  chlorophyll      lifeorb [earthpower, solarbeam, sunnyday, weatherball] ttype=fire
INFO     Sampling battle 9
INFO     	   miniorindigo  shieldsdown         None [acrobatics, earthquake, powergem, shellsmash] ttype=steel
INFO     	      cinderace       libero   choiceband [gunkshot, highjumpkick, pyroball, uturn] ttype=fighting
INFO     Sampling 3 unrevealed pokemon
INFO     	       meganium     overgrow    leftovers [encore, energyball, knockoff, synthesis] ttype=poison
INFO     	       bronzong     levitate    leftovers [earthquake, ironhead, psychic, stealthrock] ttype=water
INFO     	      primarina      torrent    leftovers [calmmind, drainingkiss, psychic, sparklingaria] ttype=fairy
INFO     Sampling battle 10
INFO     	   miniorindigo  shieldsdown         None [acrobatics, earthquake, powergem, shellsmash] ttype=steel
INFO     	      cinderace       libero   choiceband [gunkshot, highjumpkick, pyroball, uturn] ttype=fire
INFO     Sampling 3 unrevealed pokemon
INFO     	            muk  poisontouch    leftovers [gunkshot, haze, knockoff, toxicspikes] ttype=dark
INFO     	        bruxish    strongjaw      lifeorb [aquajet, psychicfangs, swordsdance, wavecrash] ttype=psychic
INFO     	       cinccino   technician   loadeddice [bulletseed, tailslap, tidyup, tripleaxel] ttype=grass
INFO     Sampling battle 11
INFO     	   miniorindigo  shieldsdown         None [acrobatics, earthquake, powergem, shellsmash] ttype=steel
INFO     	      cinderace       libero   choiceband [gunkshot, highjumpkick, pyroball, uturn] ttype=fire
INFO     Sampling 3 unrevealed pokemon
INFO     	        dondozo      unaware    leftovers [curse, rest, sleeptalk, wavecrash] ttype=dragon
INFO     	      quaquaval        moxie    leftovers [aquastep, closecombat, roost, swordsdance] ttype=steel
INFO     	   brambleghast    windrider    leftovers [leechseed, poltergeist, powerwhip, substitute] ttype=steel
INFO     Sampling battle 12
INFO     	   miniorindigo  shieldsdown         None [acrobatics, earthquake, powergem, shellsmash] ttype=steel
INFO     	      cinderace       libero   choiceband [gunkshot, highjumpkick, pyroball, uturn] ttype=fire
INFO     Sampling 3 unrevealed pokemon
INFO     	    fluttermane protosynthesis  choicespecs [moonblast, mysticalfire, psyshock, shadowball] ttype=fairy
INFO     	       koraidon orichalcumpulse   choiceband [closecombat, flareblitz, outrage, uturn] ttype=fire
INFO     	     arceusdark    multitype   dreadplate [calmmind, dazzlinggleam, judgment, recover] ttype=fairy
INFO     Sampling battle 13
INFO     	   miniorindigo  shieldsdown         None [acrobatics, earthquake, powergem, shellsmash] ttype=steel
INFO     	      cinderace       libero   choiceband [gunkshot, highjumpkick, pyroball, uturn] ttype=fire
INFO     Sampling 3 unrevealed pokemon
INFO     	       orthworm   eartheater    leftovers [bodypress, heavyslam, shedtail, spikes] ttype=electric
INFO     	       cacturne  waterabsorb      lifeorb [knockoff, seedbomb, suckerpunch, swordsdance] ttype=poison
INFO     	      hydrapple  regenerator  assaultvest [dragontail, earthpower, ficklebeam, leafstorm] ttype=steel
INFO     Sampling battle 14
INFO     	   miniorindigo  shieldsdown         None [acrobatics, earthquake, powergem, shellsmash] ttype=steel
INFO     	      cinderace       libero   choiceband [gunkshot, highjumpkick, pyroball, uturn] ttype=fire
INFO     Sampling 3 unrevealed pokemon
INFO     	     toedscruel myceliummight  assaultvest [earthpower, gigadrain, knockoff, rapidspin] ttype=water
INFO     	       dragalge adaptability    leftovers [dracometeor, focusblast, sludgewave, toxic] ttype=fighting
INFO     	       meowstic    prankster    leftovers [alluringvoice, psychicnoise, thunderwave, yawn] ttype=fairy
INFO     Sampling battle 15
INFO     	   miniorindigo  shieldsdown         None [acrobatics, earthquake, powergem, shellsmash] ttype=steel
INFO     	      cinderace       libero   choiceband [gunkshot, highjumpkick, pyroball, uturn] ttype=fighting
INFO     Sampling 3 unrevealed pokemon
INFO     	   dialgaorigin     pressure adamantcrystal [dracometeor, flashcannon, stealthrock, thunderwave] ttype=flying
INFO     	      passimian      defiant    leftovers [bulkup, drainpunch, gunkshot, knockoff] ttype=poison
INFO     	         flygon     levitate     lumberry [dragondance, earthquake, outrage, stoneedge] ttype=steel
INFO     Searching for a move using MCTS...
INFO     Sampling 16 battles at 500ms each
INFO     Choice: sacredsword
INFO     Updated miniorindigo's min speed to 127
INFO     miniorindigo already has the move acrobatics. Decrementing the PP by 1
INFO     miniorindigo used a flying move, removing flyinggem from possible items
INFO     Setting miniorindigo's last used move: acrobatics
INFO     miniorindigo used a damaging move - not guessing lifeorb anymore
INFO     miniorindigo did 90.0% damage to gallade with acrobatics
INFO     miniorindigo has less than maxhp during upkeep, no longer guessing leftovers or blacksludge
INFO     loaded 1 player and 0 effective opponent priors
INFO     Sampling battle 0
INFO     	   miniorindigo  shieldsdown         None [acrobatics, earthquake, powergem, shellsmash] ttype=steel
INFO     	      cinderace       libero   choiceband [gunkshot, highjumpkick, pyroball, uturn] ttype=fire
INFO     Sampling 3 unrevealed pokemon
INFO     	        wyrdeer   intimidate    leftovers [earthquake, megahorn, psychicnoise, thunderwave] ttype=ground
INFO     	       venusaur     overgrow    leftovers [energyball, knockoff, sludgebomb, synthesis] ttype=dark
INFO     	         furret        frisk   choiceband [doubleedge, knockoff, trick, uturn] ttype=normal
INFO     Sampling battle 1
INFO     	   miniorindigo  shieldsdown         None [acrobatics, earthquake, powergem, shellsmash] ttype=steel
INFO     	      cinderace       libero   choiceband [gunkshot, highjumpkick, pyroball, uturn] ttype=fighting
INFO     Sampling 3 unrevealed pokemon
INFO     	         goodra    sapsipper  assaultvest [dracometeor, earthquake, scald, sludgebomb] ttype=poison
INFO     	    slitherwing protosynthesis  choicescarf [closecombat, earthquake, uturn, wildcharge] ttype=electric
INFO     	       indeedee psychicsurge  choicescarf [dazzlinggleam, expandingforce, healingwish, hypervoice] ttype=psychic
INFO     Sampling battle 2
INFO     	   miniorindigo  shieldsdown         None [acrobatics, earthquake, powergem, shellsmash] ttype=steel
INFO     	      cinderace       libero   choiceband [gunkshot, highjumpkick, pyroball, uturn] ttype=fire
INFO     Sampling 3 unrevealed pokemon
INFO     	 arceuselectric    multitype     zapplate [calmmind, icebeam, judgment, recover] ttype=electric
INFO     	        urshifu   unseenfist   choiceband [closecombat, poisonjab, uturn, wickedblow] ttype=poison
INFO     	       cacturne  waterabsorb      lifeorb [knockoff, seedbomb, suckerpunch, swordsdance] ttype=dark
INFO     Sampling battle 3
INFO     	   miniorindigo  shieldsdown         None [acrobatics, earthquake, powergem, shellsmash] ttype=steel
INFO     	      cinderace       libero   choiceband [gunkshot, highjumpkick, pyroball, uturn] ttype=fire
INFO     Sampling 3 unrevealed pokemon
INFO     	       mukalola  poisontouch  assaultvest [drainpunch, icepunch, knockoff, poisonjab] ttype=fighting
INFO     	  samurotthisui    sharpness   choiceband [ceaselessedge, razorshell, sacredsword, suckerpunch] ttype=water
INFO     	ogerponcornerstone       sturdy cornerstonemask [ivycudgel, powerwhip, superpower, synthesis] ttype=rock
INFO     Sampling battle 4
INFO     	   miniorindigo  shieldsdown         None [acrobatics, earthquake, powergem, shellsmash] ttype=steel
INFO     	      cinderace       libero   choiceband [gunkshot, highjumpkick, pyroball, uturn] ttype=fire
INFO     Sampling 3 unrevealed pokemon
INFO     	        lanturn   voltabsorb    leftovers [icebeam, scald, thunderbolt, thunderwave] ttype=flying
INFO     	         latias     levitate      souldew [calmmind, dracometeor, psyshock, recover] ttype=steel
INFO     	      rillaboom  grassysurge   choiceband [grassyglide, knockoff, uturn, woodhammer] ttype=grass
INFO     Sampling battle 5
INFO     	   miniorindigo  shieldsdown         None [acrobatics, earthquake, powergem, shellsmash] ttype=steel
INFO     	      cinderace       libero   choiceband [gunkshot, highjumpkick, pyroball, uturn] ttype=fire
INFO     Sampling 3 unrevealed pokemon
INFO     	      hydrapple  regenerator  assaultvest [dragontail, earthpower, ficklebeam, gigadrain] ttype=steel
INFO     	      terapagos    terashift  chestoberry [calmmind, darkpulse, rest, terastarstorm] ttype=stellar
INFO     	         gengar   cursedbody      lifeorb [focusblast, shadowball, sludgewave, toxicspikes] ttype=dark
INFO     Sampling battle 6
INFO     	   miniorindigo  shieldsdown         None [acrobatics, earthquake, powergem, shellsmash] ttype=steel
INFO     	      cinderace       libero   choiceband [gunkshot, highjumpkick, pyroball, uturn] ttype=fighting
INFO     Sampling 3 unrevealed pokemon
INFO     	       dachsbun wellbakedbody    leftovers [bodypress, playrough, protect, wish] ttype=steel
INFO     	       greninja      protean  choicespecs [darkpulse, grassknot, hydropump, uturn] ttype=water
INFO     	         swalot   liquidooze    leftovers [earthquake, gunkshot, knockoff, swordsdance] ttype=ground
INFO     Sampling battle 7
INFO     	   miniorindigo  shieldsdown         None [acrobatics, earthquake, powergem, shellsmash] ttype=steel
INFO     	      cinderace       libero   choiceband [gunkshot, highjumpkick, pyroball, uturn] ttype=fire
INFO     Sampling 3 unrevealed pokemon
INFO     	       cobalion    justified    leftovers [aurasphere, calmmind, flashcannon, vacuumwave] ttype=water
INFO     	  calyrexshadow asonespectrier      lifeorb [astralbarrage, nastyplot, pollenpuff, psyshock] ttype=ghost
INFO     	       giratina     pressure    leftovers [rest, shadowball, sleeptalk, willowisp] ttype=fairy
INFO     Sampling battle 8
INFO     	   miniorindigo  shieldsdown         None [acrobatics, earthquake, powergem, shellsmash] ttype=steel
INFO     	      cinderace       libero   choiceband [gunkshot, highjumpkick, pyroball, uturn] ttype=fire
INFO     Sampling 3 unrevealed pokemon
INFO     	        wochien tabletsofruin    leftovers [knockoff, leechseed, protect, stunspore] ttype=poison
INFO     	       dusknoir        frisk    leftovers [earthquake, painsplit, poltergeist, willowisp] ttype=fairy
INFO     	   arceuspoison    multitype   toxicplate [earthquake, gunkshot, recover, swordsdance] ttype=ground
INFO     Sampling battle 9
INFO     	   miniorindigo  shieldsdown         None [acrobatics, earthquake, powergem, shellsmash] ttype=steel
INFO     	      cinderace       libero   choiceband [gunkshot, highjumpkick, pyroball, uturn] ttype=fire
INFO     Sampling 3 unrevealed pokemon
INFO     	   arceuspoison    multitype   toxicplate [earthquake, extremespeed, gunkshot, swordsdance] ttype=normal
INFO     	     wigglytuff  competitive    leftovers [dazzlinggleam, fireblast, protect, wish] ttype=steel
INFO     	      cresselia     levitate    leftovers [calmmind, moonlight, psyshock, thunderbolt] ttype=electric
INFO     Sampling battle 10
INFO     	   miniorindigo  shieldsdown         None [acrobatics, earthquake, powergem, shellsmash] ttype=steel
INFO     	      cinderace       libero   choiceband [gunkshot, highjumpkick, pyroball, uturn] ttype=fire
INFO     Sampling 3 unrevealed pokemon
INFO     	        zoroark     illusion      lifeorb [darkpulse, focusblast, nastyplot, sludgebomb] ttype=poison
INFO     	    arceusghost    multitype  spookyplate [focusblast, judgment, recover, willowisp] ttype=fighting
INFO     	    dudunsparce      rattled    leftovers [boomburst, earthquake, roost, toxic] ttype=poison
INFO     Sampling battle 11
INFO     	   miniorindigo  shieldsdown         None [acrobatics, earthquake, powergem, shellsmash] ttype=steel
INFO     	      cinderace       libero   choiceband [gunkshot, highjumpkick, pyroball, uturn] ttype=fire
INFO     Sampling 3 unrevealed pokemon
INFO     	        luvdisc    swiftswim heavydutyboots [endeavor, flipturn, substitute, surf] ttype=ghost
INFO     	       medicham    purepower  choicescarf [closecombat, icepunch, poisonjab, zenheadbutt] ttype=fighting
INFO     	      mightyena   intimidate   choiceband [crunch, playrough, poisonfang, suckerpunch] ttype=poison
INFO     Sampling battle 12
INFO     	   miniorindigo  shieldsdown         None [acrobatics, earthquake, powergem, shellsmash] ttype=steel
INFO     	      cinderace       libero   choiceband [gunkshot, highjumpkick, pyroball, uturn] ttype=fire
INFO     Sampling 3 unrevealed pokemon
INFO     	     grimmsnarl    prankster    lightclay [lightscreen, reflect, spiritbreak, thunderwave] ttype=poison
INFO     	      regieleki   transistor       magnet [explosion, rapidspin, thunderbolt, voltswitch] ttype=electric
INFO     	      bellossom  chlorophyll    leftovers [gigadrain, quiverdance, strengthsap, terablast] ttype=rock
INFO     Sampling battle 13
INFO     	   miniorindigo  shieldsdown         None [acrobatics, earthquake, powergem, shellsmash] ttype=steel
INFO     	      cinderace       libero   choiceband [gunkshot, highjumpkick, pyroball, uturn] ttype=fire
INFO     Sampling 3 unrevealed pokemon
INFO     	          arbok   intimidate      lifeorb [glare, gunkshot, knockoff, suckerpunch] ttype=dark
INFO     	        snorlax     thickfat    leftovers [bodyslam, curse, rest, sleeptalk] ttype=poison
INFO     	      heracross         guts     flameorb [closecombat, facade, knockoff, trailblaze] ttype=normal
INFO     Sampling battle 14
INFO     	   miniorindigo  shieldsdown         None [acrobatics, earthquake, powergem, shellsmash] ttype=steel
INFO     	      cinderace       libero   choiceband [gunkshot, highjumpkick, pyroball, uturn] ttype=fire
INFO     Sampling 3 unrevealed pokemon
INFO     	         zarude    leafguard   choiceband [closecombat, knockoff, powerwhip, uturn] ttype=grass
INFO     	       smeargle     owntempo    focussash [ceaselessedge, spore, stickyweb, whirlwind] ttype=ghost
INFO     	      vileplume  effectspore    leftovers [gigadrain, sleeppowder, sludgebomb, strengthsap] ttype=steel
INFO     Sampling battle 15
INFO     	   miniorindigo  shieldsdown         None [acrobatics, earthquake, powergem, shellsmash] ttype=steel
INFO     	      cinderace       libero   choiceband [gunkshot, highjumpkick, pyroball, uturn] ttype=fire
INFO     Sampling 3 unrevealed pokemon
INFO     	      pachirisu   voltabsorb heavydutyboots [discharge, encore, superfang, uturn] ttype=flying
INFO     	     wigglytuff  competitive    leftovers [alluringvoice, fireblast, protect, wish] ttype=steel
INFO     	       medicham    purepower  choicescarf [closecombat, icepunch, poisonjab, zenheadbutt] ttype=fighting
INFO     Searching for a move using MCTS...
INFO     Sampling 16 battles at 500ms each
INFO     Choice: switch sawsbuck
INFO     sawsbuck switched in, adding intimidate to impossible abilities
INFO     sawsbuck switched in, adding pressure to impossible abilities
INFO     sawsbuck switched in, adding neutralizinggas to impossible abilities
INFO     sawsbuck switched in, adding sandstream to impossible abilities
INFO     sawsbuck switched in, adding drought to impossible abilities
INFO     sawsbuck switched in, adding drizzle to impossible abilities
INFO     sawsbuck switched in, adding snowwarning to impossible abilities
INFO     sawsbuck switched in, adding boosterenergy to impossible items
INFO     sawsbuck switched in, adding airballoon to impossible items
INFO     
INFO     Turn: 13
INFO     loaded 4 player and 0 effective opponent priors
INFO     Sampling battle 0
INFO     	   miniorindigo  shieldsdown         None [acrobatics, earthquake, powergem, shellsmash] ttype=steel
INFO     	      cinderace       libero   choiceband [gunkshot, highjumpkick, pyroball, uturn] ttype=fire
INFO     Sampling 3 unrevealed pokemon
INFO     	      pachirisu   voltabsorb heavydutyboots [discharge, encore, superfang, uturn] ttype=flying
INFO     	 electrodehisui   soundproof    leftovers [gigadrain, leechseed, substitute, thunderbolt] ttype=poison
INFO     	        sylveon     pixilate    leftovers [calmmind, hypervoice, protect, wish] ttype=steel
INFO     Sampling battle 1
INFO     	   miniorindigo  shieldsdown         None [acrobatics, earthquake, powergem, shellsmash] ttype=steel
INFO     	      cinderace       libero   choiceband [gunkshot, highjumpkick, pyroball, uturn] ttype=fire
INFO     Sampling 3 unrevealed pokemon
INFO     	      rillaboom  grassysurge      lifeorb [grassyglide, highhorsepower, swordsdance, woodhammer] ttype=grass
INFO     	        milotic  competitive    leftovers [haze, icebeam, recover, scald] ttype=steel
INFO     	       koraidon orichalcumpulse   choiceband [closecombat, flareblitz, outrage, uturn] ttype=fire
INFO     Sampling battle 2
INFO     	   miniorindigo  shieldsdown         None [acrobatics, earthquake, powergem, shellsmash] ttype=steel
INFO     	      cinderace       libero   choiceband [gunkshot, highjumpkick, pyroball, uturn] ttype=fire
INFO     Sampling 3 unrevealed pokemon
INFO     	      toxicroak      dryskin      lifeorb [closecombat, earthquake, gunkshot, swordsdance] ttype=fighting
INFO     	 electrodehisui    aftermath      lifeorb [gigadrain, taunt, thunderbolt, voltswitch] ttype=grass
INFO     	     forretress       sturdy    leftovers [ironhead, rapidspin, toxicspikes, voltswitch] ttype=water
INFO     Sampling battle 3
INFO     	   miniorindigo  shieldsdown         None [acrobatics, earthquake, powergem, shellsmash] ttype=steel
INFO     	      cinderace       libero   choiceband [gunkshot, highjumpkick, pyroball, uturn] ttype=fighting
INFO     Sampling 3 unrevealed pokemon
INFO     	   crabominable     ironfist  assaultvest [drainpunch, earthquake, icehammer, knockoff] ttype=fighting
INFO     	      bellossom  chlorophyll    leftovers [gigadrain, quiverdance, sludgebomb, strengthsap] ttype=poison
INFO     	       quagsire      unaware    leftovers [earthquake, icebeam, recover, toxic] ttype=fairy
INFO     Sampling battle 4
INFO     	   miniorindigo  shieldsdown         None [acrobatics, earthquake, powergem, shellsmash] ttype=steel
INFO     	      cinderace       libero   choiceband [gunkshot, highjumpkick, pyroball, uturn] ttype=fire
INFO     Sampling 3 unrevealed pokemon
INFO     	        zoroark     illusion      lifeorb [darkpulse, nastyplot, psychic, sludgebomb] ttype=poison
INFO     	         mewtwo      unnerve      lifeorb [darkpulse, fireblast, nastyplot, psystrike] ttype=psychic
INFO     	         gengar   cursedbody  choicespecs [focusblast, shadowball, sludgewave, trick] ttype=ghost
INFO     Sampling battle 5
INFO     	   miniorindigo  shieldsdown         None [acrobatics, earthquake, powergem, shellsmash] ttype=steel
INFO     	      cinderace       libero   choiceband [gunkshot, highjumpkick, pyroball, uturn] ttype=fire
INFO     Sampling 3 unrevealed pokemon
INFO     	      hydreigon     levitate  choicespecs [darkpulse, dracometeor, fireblast, flashcannon] ttype=fire
INFO     	  slowkinggalar  regenerator    leftovers [psychicnoise, slackoff, sludgebomb, toxicspikes] ttype=fairy
INFO     	        slaking       truant   choiceband [doubleedge, earthquake, gigaimpact, knockoff] ttype=ground
INFO     Sampling battle 6
INFO     	   miniorindigo  shieldsdown         None [acrobatics, earthquake, powergem, shellsmash] ttype=steel
INFO     	      cinderace       libero   choiceband [gunkshot, highjumpkick, pyroball, uturn] ttype=fire
INFO     Sampling 3 unrevealed pokemon
INFO     	 giratinaorigin     levitate griseouscore [dracometeor, poltergeist, shadowsneak, willowisp] ttype=dragon
INFO     	         kommoo   soundproof  throatspray [clangingscales, clangoroussoul, drainpunch, ironhead] ttype=steel
INFO     	         komala     comatose   choiceband [bodyslam, earthquake, knockoff, uturn] ttype=ghost
INFO     Sampling battle 7
INFO     	   miniorindigo  shieldsdown         None [acrobatics, earthquake, powergem, shellsmash] ttype=steel
INFO     	      cinderace       libero   choiceband [gunkshot, highjumpkick, pyroball, uturn] ttype=fire
INFO     Sampling 3 unrevealed pokemon
INFO     	         scizor   technician      lifeorb [bugbite, bulletpunch, closecombat, swordsdance] ttype=steel
INFO     	         plusle lightningrod      lifeorb [alluringvoice, grassknot, nastyplot, thunderbolt] ttype=electric
INFO     	      primarina      torrent    leftovers [calmmind, drainingkiss, psychic, sparklingaria] ttype=steel
INFO     Sampling battle 8
INFO     	   miniorindigo  shieldsdown         None [acrobatics, earthquake, powergem, shellsmash] ttype=steel
INFO     	      cinderace       libero   choiceband [gunkshot, highjumpkick, pyroball, uturn] ttype=fire
INFO     Sampling 3 unrevealed pokemon
INFO     	        pikachu lightningrod    lightball [fakeout, knockoff, surf, volttackle] ttype=water
INFO     	         latios     levitate      souldew [calmmind, dracometeor, psyshock, recover] ttype=steel
INFO     	 exeggutoralola      harvest  sitrusberry [calmmind, dragonpulse, flamethrower, gigadrain] ttype=fire
INFO     Sampling battle 9
INFO     	   miniorindigo  shieldsdown         None [acrobatics, earthquake, powergem, shellsmash] ttype=steel
INFO     	      cinderace       libero   choiceband [gunkshot, highjumpkick, pyroball, uturn] ttype=fire
INFO     Sampling 3 unrevealed pokemon
INFO     	 exeggutoralola        frisk  choicespecs [dracometeor, flamethrower, gigadrain, leafstorm] ttype=fire
INFO     	        drednaw    strongjaw    whiteherb [crunch, liquidation, shellsmash, stoneedge] ttype=dark
INFO     	ogerponwellspring  waterabsorb wellspringmask [ivycudgel, synthesis, uturn, woodhammer] ttype=water
INFO     Sampling battle 10
INFO     	   miniorindigo  shieldsdown         None [acrobatics, earthquake, powergem, shellsmash] ttype=steel
INFO     	      cinderace       libero   choiceband [gunkshot, highjumpkick, pyroball, uturn] ttype=fighting
INFO     Sampling 3 unrevealed pokemon
INFO     	      munkidori   toxicchain      lifeorb [focusblast, nastyplot, psyshock, sludgewave] ttype=fighting
INFO     	       politoed      drizzle  chestoberry [encore, hydropump, icebeam, rest] ttype=water
INFO     	    walkingwake protosynthesis  choicespecs [dracometeor, flamethrower, flipturn, hydropump] ttype=water
INFO     Sampling battle 11
INFO     	   miniorindigo  shieldsdown         None [acrobatics, earthquake, powergem, shellsmash] ttype=steel
INFO     	      cinderace       libero   choiceband [gunkshot, highjumpkick, pyroball, uturn] ttype=fire
INFO     Sampling 3 unrevealed pokemon
INFO     	    deoxysspeed     pressure      lifeorb [darkpulse, focusblast, nastyplot, psychoboost] ttype=fighting
INFO     	       sawsbuck  serenegrace      lifeorb [headbutt, highhorsepower, hornleech, swordsdance] ttype=normal
INFO     	        kingdra    swiftswim      lifeorb [dracometeor, hurricane, raindance, wavecrash] ttype=water
INFO     Sampling battle 12
INFO     	   miniorindigo  shieldsdown         None [acrobatics, earthquake, powergem, shellsmash] ttype=steel
INFO     	      cinderace       libero   choiceband [gunkshot, highjumpkick, pyroball, uturn] ttype=fire
INFO     Sampling 3 unrevealed pokemon
INFO     	       indeedee psychicsurge  choicescarf [expandingforce, healingwish, hypervoice, shadowball] ttype=psychic
INFO     	     mabosstiff     stakeout   choiceband [crunch, playrough, psychicfangs, wildcharge] ttype=fairy
INFO     	     hitmonchan     ironfist      lifeorb [drainpunch, knockoff, machpunch, swordsdance] ttype=fighting
INFO     Sampling battle 13
INFO     	   miniorindigo  shieldsdown         None [acrobatics, earthquake, powergem, shellsmash] ttype=steel
INFO     	      cinderace       libero   choiceband [gunkshot, highjumpkick, pyroball, uturn] ttype=fire
INFO     Sampling 3 unrevealed pokemon
INFO     	      primarina      torrent  choicespecs [flipturn, hydropump, moonblast, psychic] ttype=water
INFO     	       torterra     overgrow   loadeddice [bulletseed, headlongrush, rockblast, shellsmash] ttype=ground
INFO     	       vaporeon  waterabsorb    leftovers [icebeam, protect, scald, wish] ttype=poison
INFO     Sampling battle 14
INFO     	   miniorindigo  shieldsdown         None [acrobatics, earthquake, powergem, shellsmash] ttype=steel
INFO     	      cinderace       libero   choiceband [gunkshot, highjumpkick, pyroball, uturn] ttype=fire
INFO     Sampling 3 unrevealed pokemon
INFO     	       giratina     pressure    leftovers [defog, dragontail, rest, shadowball] ttype=fairy
INFO     	       tinkaton  moldbreaker    leftovers [gigatonhammer, playrough, stealthrock, thunderwave] ttype=water
INFO     	       appletun     thickfat    leftovers [appleacid, dragonpulse, dragontail, recover] ttype=steel
INFO     Sampling battle 15
INFO     	   miniorindigo  shieldsdown         None [acrobatics, earthquake, powergem, shellsmash] ttype=steel
INFO     	      cinderace       libero   choiceband [gunkshot, highjumpkick, pyroball, uturn] ttype=fire
INFO     Sampling 3 unrevealed pokemon
INFO     	        chansey  naturalcure     eviolite [healbell, seismictoss, softboiled, thunderwave] ttype=fairy
INFO     	            mew  synchronize      lifeorb [closecombat, knockoff, psychicfangs, swordsdance] ttype=fighting
INFO     	taurospaldeaaqua   intimidate      lifeorb [aquajet, bulkup, closecombat, liquidation] ttype=water
INFO     Searching for a move using MCTS...
INFO     Sampling 16 battles at 500ms each
INFO     Choice: highhorsepower
INFO     Winner: lg00x16020c9
INFO     Lost with team: None
INFO     W: 0	L: 1
