POKE_ENGINE_PROVENANCE {"distribution_version": "0.0.47", "editable": false, "isolated_import_root": "/Users/alityb/projects/metagross/.venv-foul-play/lib/python3.11/site-packages", "mcts_parameters": ["state", "duration_ms", "iterations", "threads", "s1_priors", "s2_priors", "c_puct", "seed"], "mode": "exact_pinned_experimental_runtime", "module_path": "/Users/alityb/projects/metagross/.venv-foul-play/lib/python3.11/site-packages/poke_engine/__init__.py", "native_path": "/Users/alityb/projects/metagross/.venv-foul-play/lib/python3.11/site-packages/poke_engine/poke_engine.cpython-311-darwin.so", "native_reveal_masks": true, "native_sha256": "79bea0e467b32e2958bd5d39595fd728a3068be2950085f7b18fa69943f30d71", "request_root_parameters": ["state", "request_actions", "duration_ms", "iterations", "threads", "s1_priors", "s2_priors", "c_puct", "seed"], "source_path": null}
INFO     Logging in...
INFO     Challenging lg00y021fc29...
INFO     Initialized battle-gen9randombattle-5797 against: lg00y021fc29
INFO     Loaded from cache: /Users/alityb/projects/metagross/srcs/vendor/foul-play/data/pkmn_sets_cache/gen9randombattle.json
INFO     Opponent has switched - clearing the last used move
INFO     archaludon switched in, adding intimidate to impossible abilities
INFO     archaludon switched in, adding pressure to impossible abilities
INFO     archaludon switched in, adding neutralizinggas to impossible abilities
INFO     archaludon switched in, adding sandstream to impossible abilities
INFO     archaludon switched in, adding drought to impossible abilities
INFO     archaludon switched in, adding drizzle to impossible abilities
INFO     archaludon switched in, adding snowwarning to impossible abilities
INFO     archaludon switched in, adding boosterenergy to impossible items
INFO     archaludon switched in, adding airballoon to impossible items
INFO     
INFO     Turn: 1
INFO     loaded 13 player and 0 effective opponent priors
INFO     Sampling battle 0
INFO     	     archaludon      stamina     lumberry [earthquake, ironhead, outrage, swordsdance] ttype=ground
INFO     Sampling 5 unrevealed pokemon
INFO     	landorustherian   intimidate    leftovers [earthquake, stoneedge, taunt, uturn] ttype=water
INFO     	       dragalge adaptability    leftovers [dracometeor, focusblast, sludgewave, toxic] ttype=fighting
INFO     	       lycanroc     sandrush      lifeorb [closecombat, psychicfangs, stoneedge, swordsdance] ttype=fighting
INFO     	        leafeon  chlorophyll      lifeorb [doubleedge, knockoff, leafblade, swordsdance] ttype=normal
INFO     	     ironbundle   quarkdrive  choicespecs [flipturn, freezedry, hydropump, icebeam] ttype=ice
INFO     Sampling battle 1
INFO     	     archaludon      stamina     lumberry [earthquake, ironhead, outrage, swordsdance] ttype=ground
INFO     Sampling 5 unrevealed pokemon
INFO     	        moltres    flamebody heavydutyboots [bravebird, fireblast, roost, willowisp] ttype=steel
INFO     	      toucannon      keeneye heavydutyboots [beakblast, boomburst, knockoff, roost] ttype=steel
INFO     	      arceusice    multitype  icicleplate [calmmind, judgment, recover, thunderbolt] ttype=electric
INFO     	     perrserker   toughclaws      lifeorb [closecombat, ironhead, stealthrock, uturn] ttype=fighting
INFO     	   basculegionf adaptability  assaultvest [flipturn, hydropump, shadowball, wavecrash] ttype=water
INFO     Sampling battle 2
INFO     	     archaludon      stamina    leftovers [bodypress, dracometeor, flashcannon, thunderwave] ttype=fighting
INFO     Sampling 5 unrevealed pokemon
INFO     	       reshiram   turboblaze heavydutyboots [blueflare, dracometeor, dragontail, earthpower] ttype=ground
INFO     	      exeggutor      harvest  sitrusberry [calmmind, gigadrain, psychic, substitute] ttype=steel
INFO     	        drednaw   shellarmor    whiteherb [earthquake, liquidation, shellsmash, stoneedge] ttype=ground
INFO     	        gallade    sharpness      lifeorb [agility, nightslash, psychocut, sacredsword] ttype=fighting
INFO     	        sableye    prankster    leftovers [encore, knockoff, recover, willowisp] ttype=poison
INFO     Sampling battle 3
INFO     	     archaludon      stamina     lumberry [earthquake, ironhead, outrage, swordsdance] ttype=ground
INFO     Sampling 5 unrevealed pokemon
INFO     	     feraligatr   sheerforce      lifeorb [crunch, dragondance, icepunch, liquidation] ttype=water
INFO     	   avalugghisui       sturdy heavydutyboots [avalanche, bodypress, recover, stoneedge] ttype=flying
INFO     	     irontreads   quarkdrive    leftovers [earthquake, ironhead, rapidspin, stealthrock] ttype=ghost
INFO     	  deoxysdefense     pressure  rockyhelmet [knockoff, psychicnoise, recover, stealthrock] ttype=steel
INFO     	      mismagius     levitate  choicespecs [dazzlinggleam, energyball, shadowball, thunderbolt] ttype=fairy
INFO     Sampling battle 4
INFO     	     archaludon      stamina     lumberry [earthquake, ironhead, outrage, swordsdance] ttype=ground
INFO     Sampling 5 unrevealed pokemon
INFO     	         flygon     levitate  choicescarf [earthquake, outrage, stoneedge, uturn] ttype=steel
INFO     	   hoopaunbound     magician  choicescarf [gunkshot, hyperspacefury, psychic, trick] ttype=poison
INFO     	       quagsire      unaware    leftovers [earthquake, icebeam, recover, toxic] ttype=steel
INFO     	          entei   innerfocus   choiceband [extremespeed, flareblitz, sacredfire, stoneedge] ttype=fire
INFO     	        darkrai    baddreams    leftovers [darkpulse, nastyplot, sludgebomb, substitute] ttype=poison
INFO     Sampling battle 5
INFO     	     archaludon      stamina  assaultvest [bodypress, dracometeor, dragontail, flashcannon] ttype=fighting
INFO     Sampling 5 unrevealed pokemon
INFO     	     hitmonchan     ironfist    leftovers [drainpunch, knockoff, rapidspin, taunt] ttype=steel
INFO     	      bastiodon   soundproof  chestoberry [bodypress, foulplay, irondefense, rest] ttype=fighting
INFO     	       greedent   cheekpouch  sitrusberry [doubleedge, earthquake, knockoff, swordsdance] ttype=ghost
INFO     	 exeggutoralola      harvest  sitrusberry [dracometeor, flamethrower, sleeppowder, woodhammer] ttype=fire
INFO     	   deoxysattack     pressure      lifeorb [icebeam, knockoff, psychoboost, superpower] ttype=fighting
INFO     Sampling battle 6
INFO     	     archaludon      stamina    leftovers [bodypress, dracometeor, flashcannon, stealthrock] ttype=fighting
INFO     Sampling 5 unrevealed pokemon
INFO     	        palafin   zerotohero   choiceband [closecombat, flipturn, jetpunch, wavecrash] ttype=water
INFO     	enamorustherian     overcoat weaknesspolicy [agility, earthpower, moonblast, mysticalfire] ttype=ground
INFO     	     arceusdark    multitype   dreadplate [calmmind, dazzlinggleam, judgment, recover] ttype=fairy
INFO     	      ironhands   quarkdrive  assaultvest [drainpunch, fakeout, voltswitch, wildcharge] ttype=electric
INFO     	 oricoriopompom       dancer heavydutyboots [hurricane, quiverdance, revelationdance, roost] ttype=ground
INFO     Sampling battle 7
INFO     	     archaludon      stamina     lumberry [earthquake, ironhead, outrage, swordsdance] ttype=ground
INFO     Sampling 5 unrevealed pokemon
INFO     	    brutebonnet protosynthesis    leftovers [crunch, seedbomb, spore, suckerpunch] ttype=dark
INFO     	    kilowattrel   voltabsorb heavydutyboots [hurricane, roost, thunderbolt, uturn] ttype=steel
INFO     	   arceusflying    multitype     skyplate [calmmind, earthpower, judgment, recover] ttype=steel
INFO     	      tatsugiri   stormdrain heavydutyboots [dracometeor, nastyplot, rapidspin, surf] ttype=water
INFO     	      farigiraf    sapsipper    leftovers [bodyslam, protect, psychicnoise, wish] ttype=ground
INFO     Sampling battle 8
INFO     	     archaludon      stamina     lumberry [earthquake, ironhead, outrage, swordsdance] ttype=ground
INFO     Sampling 5 unrevealed pokemon
INFO     	       houndoom    flashfire heavydutyboots [darkpulse, fireblast, sludgebomb, suckerpunch] ttype=poison
INFO     	    arceuswater    multitype  splashplate [calmmind, icebeam, judgment, recover] ttype=steel
INFO     	     kricketune   technician heavydutyboots [knockoff, pounce, stickyweb, taunt] ttype=ghost
INFO     	     scovillain  chlorophyll  choicespecs [energyball, flamethrower, leafstorm, overheat] ttype=fire
INFO     	      regidrago   dragonsmaw     lumberry [dracometeor, dragondance, earthquake, outrage] ttype=dragon
INFO     Sampling battle 9
INFO     	     archaludon      stamina  assaultvest [bodypress, dracometeor, dragontail, flashcannon] ttype=fighting
INFO     Sampling 5 unrevealed pokemon
INFO     	    dudunsparce      rattled    leftovers [boomburst, calmmind, roost, shadowball] ttype=ghost
INFO     	      tyranitar   sandstream  assaultvest [dragontail, icebeam, knockoff, stoneedge] ttype=ghost
INFO     	      munkidori   toxicchain  assaultvest [fakeout, psychicnoise, sludgewave, uturn] ttype=dark
INFO     	         scizor   technician      lifeorb [bugbite, bulletpunch, closecombat, swordsdance] ttype=steel
INFO     	      exeggutor      harvest  sitrusberry [calmmind, gigadrain, psychic, sleeppowder] ttype=steel
INFO     Sampling battle 10
INFO     	     archaludon      stamina    leftovers [bodypress, dracometeor, flashcannon, thunderwave] ttype=fighting
INFO     Sampling 5 unrevealed pokemon
INFO     	         pawmot     ironfist      lifeorb [closecombat, doubleshock, icepunch, revivalblessing] ttype=electric
INFO     	      salamence        moxie heavydutyboots [dragondance, dualwingbeat, earthquake, outrage] ttype=ground
INFO     	         swanna    hydration heavydutyboots [bravebird, defog, hydropump, roost] ttype=ground
INFO     	        bruxish    strongjaw      lifeorb [aquajet, psychicfangs, swordsdance, wavecrash] ttype=psychic
INFO     	      revavroom       filter      lifeorb [gunkshot, highhorsepower, ironhead, shiftgear] ttype=ground
INFO     Sampling battle 11
INFO     	     archaludon      stamina     lumberry [earthquake, ironhead, outrage, swordsdance] ttype=ground
INFO     Sampling 5 unrevealed pokemon
INFO     	     irontreads   quarkdrive  assaultvest [earthquake, ironhead, knockoff, voltswitch] ttype=ghost
INFO     	        ariados     insomnia    focussash [megahorn, poisonjab, stickyweb, suckerpunch] ttype=ghost
INFO     	     bombirdier rockypayload  choicescarf [bravebird, knockoff, stoneedge, uturn] ttype=rock
INFO     	    arceusfairy    multitype   pixieplate [calmmind, earthpower, judgment, recover] ttype=ground
INFO     	      poliwrath  waterabsorb    leftovers [bulkup, drainpunch, liquidation, poisonjab] ttype=water
INFO     Sampling battle 12
INFO     	     archaludon      stamina     lumberry [earthquake, ironhead, outrage, swordsdance] ttype=ground
INFO     Sampling 5 unrevealed pokemon
INFO     	 keldeoresolute    justified    leftovers [calmmind, hydropump, secretsword, substitute] ttype=steel
INFO     	         pyroar      unnerve heavydutyboots [fireblast, hypervoice, willowisp, workup] ttype=fire
INFO     	    polteageist   cursedbody    whiteherb [shadowball, shellsmash, storedpower, strengthsap] ttype=dark
INFO     	      primarina      torrent  choicespecs [flipturn, hydropump, moonblast, psychic] ttype=water
INFO     	         kyurem     pressure   loadeddice [dragondance, iciclespear, scaleshot, terablast] ttype=ground
INFO     Sampling battle 13
INFO     	     archaludon      stamina  assaultvest [bodypress, dracometeor, dragontail, flashcannon] ttype=fighting
INFO     Sampling 5 unrevealed pokemon
INFO     	      alomomola  regenerator  rockyhelmet [flipturn, protect, scald, wish] ttype=steel
INFO     	    deoxysspeed     pressure    focussash [psychoboost, spikes, stealthrock, superpower] ttype=fighting
INFO     	     toedscruel myceliummight    leftovers [earthpower, leafstorm, rapidspin, toxic] ttype=water
INFO     	      volcanion  waterabsorb heavydutyboots [flamethrower, haze, sludgebomb, steameruption] ttype=water
INFO     	      exeggutor      harvest  sitrusberry [leechseed, psychic, sludgebomb, substitute] ttype=steel
INFO     Sampling battle 14
INFO     	     archaludon      stamina     lumberry [earthquake, ironhead, outrage, swordsdance] ttype=ground
INFO     Sampling 5 unrevealed pokemon
INFO     	     screamtail protosynthesis    leftovers [dazzlinggleam, encore, protect, wish] ttype=steel
INFO     	      glastrier chillingneigh heavydutyboots [closecombat, heavyslam, iciclecrash, swordsdance] ttype=steel
INFO     	    brutebonnet protosynthesis    leftovers [closecombat, crunch, spore, suckerpunch] ttype=poison
INFO     	         palkia     pressure  lustrousorb [dracometeor, fireblast, hydropump, thunderwave] ttype=fire
INFO     	     scovillain  chlorophyll  choicescarf [energyball, flamethrower, leafstorm, overheat] ttype=grass
INFO     Sampling battle 15
INFO     	     archaludon      stamina     lumberry [earthquake, ironhead, outrage, swordsdance] ttype=ground
INFO     Sampling 5 unrevealed pokemon
INFO     	       illumise    prankster heavydutyboots [bugbuzz, encore, roost, thunderwave] ttype=water
INFO     	   hoopaunbound     magician   choiceband [drainpunch, gunkshot, hyperspacefury, zenheadbutt] ttype=fighting
INFO     	      metagross    clearbody weaknesspolicy [agility, earthquake, heavyslam, knockoff] ttype=ground
INFO     	    barraskewda    swiftswim   choiceband [closecombat, flipturn, poisonjab, waterfall] ttype=fighting
INFO     	     arceusfire    multitype   flameplate [earthquake, extremespeed, flareblitz, swordsdance] ttype=ground
INFO     Sampling battle 16
INFO     	     archaludon      stamina     lumberry [earthquake, ironhead, outrage, swordsdance] ttype=ground
INFO     Sampling 5 unrevealed pokemon
INFO     	       venomoth   tintedlens heavydutyboots [bugbuzz, quiverdance, sleeppowder, sludgewave] ttype=steel
INFO     	       ampharos       static  choicespecs [dazzlinggleam, focusblast, thunderbolt, voltswitch] ttype=electric
INFO     	       politoed      drizzle  choicespecs [focusblast, hydropump, icebeam, weatherball] ttype=water
INFO     	      arceusice    multitype  icicleplate [calmmind, earthpower, judgment, recover] ttype=ground
INFO     	      kingambit supremeoverlord    leftovers [ironhead, kowtowcleave, suckerpunch, swordsdance] ttype=flying
INFO     Sampling battle 17
INFO     	     archaludon      stamina     lumberry [earthquake, ironhead, outrage, swordsdance] ttype=ground
INFO     Sampling 5 unrevealed pokemon
INFO     	       regirock    clearbody    leftovers [bodypress, stealthrock, stoneedge, thunderwave] ttype=fighting
INFO     	       pelipper      drizzle  choicespecs [hurricane, hydropump, uturn, weatherball] ttype=flying
INFO     	    stonjourner    powerspot      lifeorb [earthquake, heatcrash, rockpolish, stoneedge] ttype=fire
INFO     	    slitherwing protosynthesis      lifeorb [closecombat, firstimpression, flareblitz, uturn] ttype=fighting
INFO     	 ninetalesalola  snowwarning    lightclay [auroraveil, blizzard, freezedry, moonblast] ttype=water
INFO     Sampling battle 18
INFO     	     archaludon      stamina  assaultvest [bodypress, dracometeor, flashcannon, thunderbolt] ttype=fighting
INFO     Sampling 5 unrevealed pokemon
INFO     	        toxapex  regenerator    leftovers [haze, liquidation, recover, toxic] ttype=grass
INFO     	  calyrexshadow asonespectrier      lifeorb [astralbarrage, nastyplot, pollenpuff, psyshock] ttype=ghost
INFO     	        donphan       sturdy  assaultvest [earthquake, iceshard, icespinner, rapidspin] ttype=dragon
INFO     	       houndoom    flashfire heavydutyboots [darkpulse, fireblast, nastyplot, sludgebomb] ttype=dark
INFO     	         zarude    leafguard   choiceband [closecombat, knockoff, powerwhip, uturn] ttype=grass
INFO     Sampling battle 19
INFO     	     archaludon      stamina  assaultvest [bodypress, dracometeor, dragontail, flashcannon] ttype=fighting
INFO     Sampling 5 unrevealed pokemon
INFO     	     baxcalibur thermalexchange   loadeddice [earthquake, iciclespear, scaleshot, swordsdance] ttype=ground
INFO     	          hoopa     magician  choicescarf [focusblast, psyshock, shadowball, trick] ttype=fighting
INFO     	       quagsire      unaware    leftovers [earthquake, recover, spikes, toxic] ttype=poison
INFO     	ogerponwellspring  waterabsorb wellspringmask [ivycudgel, spikes, synthesis, woodhammer] ttype=water
INFO     	       braviary      defiant heavydutyboots [bravebird, bulkup, closecombat, roost] ttype=steel
INFO     Sampling battle 20
INFO     	     archaludon      stamina    leftovers [bodypress, dracometeor, flashcannon, thunderwave] ttype=fighting
INFO     Sampling 5 unrevealed pokemon
INFO     	     ragingbolt protosynthesis  assaultvest [dracometeor, thunderbolt, thunderclap, voltswitch] ttype=electric
INFO     	     whimsicott    prankster    leftovers [encore, leechseed, moonblast, substitute] ttype=steel
INFO     	    kilowattrel   voltabsorb heavydutyboots [discharge, hurricane, roost, uturn] ttype=steel
INFO     	   crabominable     ironfist  assaultvest [drainpunch, earthquake, icehammer, knockoff] ttype=ground
INFO     	    fezandipiti   toxicchain    leftovers [beatup, gunkshot, moonblast, roost] ttype=dark
INFO     Sampling battle 21
INFO     	     archaludon      stamina  assaultvest [bodypress, dracometeor, flashcannon, thunderbolt] ttype=fighting
INFO     Sampling 5 unrevealed pokemon
INFO     	typhlosionhisui        blaze heavydutyboots [calmmind, fireblast, focusblast, shadowball] ttype=ghost
INFO     	        cetitan     thickfat  sitrusberry [bellydrum, earthquake, iceshard, icespinner] ttype=ice
INFO     	         dialga     pressure  assaultvest [dracometeor, dragontail, fireblast, heavyslam] ttype=flying
INFO     	     toedscruel myceliummight    leftovers [earthpower, knockoff, leafstorm, toxic] ttype=water
INFO     	       enamorus     contrary heavydutyboots [playrough, superpower, taunt, zenheadbutt] ttype=fighting
INFO     Sampling battle 22
INFO     	     archaludon      stamina     lumberry [earthquake, ironhead, outrage, swordsdance] ttype=ground
INFO     Sampling 5 unrevealed pokemon
INFO     	      rotomheat     levitate heavydutyboots [discharge, overheat, voltswitch, willowisp] ttype=electric
INFO     	       basculin adaptability   choiceband [aquajet, doubleedge, flipturn, wavecrash] ttype=water
INFO     	      thundurus      defiant heavydutyboots [grassknot, knockoff, thunderbolt, uturn] ttype=steel
INFO     	         tinglu vesselofruin  assaultvest [earthquake, heavyslam, payback, ruination] ttype=steel
INFO     	       meloetta  serenegrace  choicespecs [focusblast, hypervoice, psyshock, uturn] ttype=fighting
INFO     Sampling battle 23
INFO     	     archaludon      stamina     lumberry [earthquake, ironhead, outrage, swordsdance] ttype=ground
INFO     Sampling 5 unrevealed pokemon
INFO     	       clefable      unaware    leftovers [calmmind, fireblast, moonblast, moonlight] ttype=steel
INFO     	       gyarados   intimidate heavydutyboots [dragondance, earthquake, terablast, waterfall] ttype=flying
INFO     	      gholdengo   goodasgold    leftovers [makeitrain, nastyplot, recover, shadowball] ttype=dark
INFO     	ogerponwellspring  waterabsorb wellspringmask [encore, ivycudgel, synthesis, woodhammer] ttype=water
INFO     	         kyurem     pressure  choicespecs [dracometeor, earthpower, freezedry, icebeam] ttype=ground
INFO     Sampling battle 24
INFO     	     archaludon      stamina     lumberry [earthquake, ironhead, outrage, swordsdance] ttype=ground
INFO     Sampling 5 unrevealed pokemon
INFO     	        toxapex  regenerator  rockyhelmet [haze, liquidation, recover, toxicspikes] ttype=fairy
INFO     	   palkiaorigin     pressure lustrousglobe [dracometeor, fireblast, hydropump, thunderwave] ttype=dragon
INFO     	       salazzle    corrosion    leftovers [flamethrower, protect, substitute, toxic] ttype=flying
INFO     	         minior  shieldsdown    whiteherb [acrobatics, earthquake, powergem, shellsmash] ttype=ground
INFO     	       sunflora  chlorophyll  choicespecs [dazzlinggleam, earthpower, leafstorm, sludgebomb] ttype=poison
INFO     Sampling battle 25
INFO     	     archaludon      stamina     lumberry [earthquake, ironhead, outrage, swordsdance] ttype=ground
INFO     Sampling 5 unrevealed pokemon
INFO     	       venusaur  chlorophyll    leftovers [leechseed, sleeppowder, sludgebomb, substitute] ttype=steel
INFO     	       ursaring    quickfeet     toxicorb [closecombat, crunch, facade, swordsdance] ttype=normal
INFO     	       lumineon   stormdrain      lifeorb [alluringvoice, encore, hydropump, icebeam] ttype=fairy
INFO     	       chimecho     levitate    leftovers [calmmind, dazzlinggleam, psychicnoise, recover] ttype=steel
INFO     	      mismagius     levitate  choicespecs [dazzlinggleam, mysticalfire, shadowball, trick] ttype=fairy
INFO     Sampling battle 26
INFO     	     archaludon      stamina     lumberry [earthquake, ironhead, outrage, swordsdance] ttype=ground
INFO     Sampling 5 unrevealed pokemon
INFO     	      munkidori   toxicchain      lifeorb [focusblast, nastyplot, psyshock, sludgewave] ttype=fighting
INFO     	        golduck    cloudnine  choicespecs [flipturn, grassknot, hydropump, icebeam] ttype=water
INFO     	        wochien tabletsofruin    leftovers [gigadrain, knockoff, ruination, stunspore] ttype=poison
INFO     	       rayquaza      airlock   loadeddice [dragonascent, earthquake, scaleshot, swordsdance] ttype=dragon
INFO     	    barraskewda    swiftswim   choiceband [closecombat, flipturn, poisonjab, waterfall] ttype=water
INFO     Sampling battle 27
INFO     	     archaludon      stamina     lumberry [earthquake, ironhead, outrage, swordsdance] ttype=ground
INFO     Sampling 5 unrevealed pokemon
INFO     	       porygon2     download     eviolite [recover, shadowball, terablast, thunderwave] ttype=fighting
INFO     	      blastoise      torrent    whiteherb [hydropump, icebeam, shellsmash, terablast] ttype=grass
INFO     	         arceus    multitype      lifeorb [earthquake, extremespeed, recover, swordsdance] ttype=normal
INFO     	        weezing     levitate    leftovers [fireblast, gunkshot, painsplit, willowisp] ttype=steel
INFO     	 keldeoresolute    justified  choicespecs [flipturn, hydropump, secretsword, vacuumwave] ttype=water
INFO     Sampling battle 28
INFO     	     archaludon      stamina    leftovers [bodypress, dracometeor, flashcannon, thunderwave] ttype=fighting
INFO     Sampling 5 unrevealed pokemon
INFO     	      zamazenta dauntlessshield    leftovers [bodypress, irondefense, ironhead, substitute] ttype=fighting
INFO     	     perrserker   toughclaws   choiceband [closecombat, ironhead, knockoff, uturn] ttype=fighting
INFO     	typhlosionhisui        blaze    leftovers [calmmind, fireblast, shadowball, substitute] ttype=ghost
INFO     	       gyarados   intimidate heavydutyboots [dragondance, earthquake, terablast, waterfall] ttype=flying
INFO     	    oinkolognef     thickfat    leftovers [bodyslam, curse, rest, sleeptalk] ttype=poison
INFO     Sampling battle 29
INFO     	     archaludon      stamina    leftovers [bodypress, dracometeor, flashcannon, stealthrock] ttype=fighting
INFO     Sampling 5 unrevealed pokemon
INFO     	  deoxysdefense     pressure    leftovers [cosmicpower, nightshade, recover, storedpower] ttype=steel
INFO     	landorustherian   intimidate    leftovers [earthquake, stealthrock, stoneedge, taunt] ttype=water
INFO     	   arceusflying    multitype     skyplate [calmmind, earthpower, judgment, recover] ttype=ground
INFO     	        volbeat    prankster heavydutyboots [encore, roost, thunderwave, uturn] ttype=water
INFO     	    fezandipiti   toxicchain    leftovers [beatup, gunkshot, moonblast, roost] ttype=steel
INFO     Sampling battle 30
INFO     	     archaludon      stamina     lumberry [earthquake, ironhead, outrage, swordsdance] ttype=ground
INFO     Sampling 5 unrevealed pokemon
INFO     	      terapagos    terashift heavydutyboots [calmmind, darkpulse, rapidspin, terastarstorm] ttype=stellar
INFO     	      hatterene  magicbounce    leftovers [calmmind, drainingkiss, mysticalfire, psyshock] ttype=fairy
INFO     	       leavanny  chlorophyll   loadeddice [bulletseed, knockoff, stickyweb, tripleaxel] ttype=rock
INFO     	     baxcalibur thermalexchange   loadeddice [earthquake, iciclespear, scaleshot, swordsdance] ttype=dragon
INFO     	        carbink    clearbody    leftovers [bodypress, irondefense, moonblast, rockpolish] ttype=fighting
INFO     Sampling battle 31
INFO     	     archaludon      stamina     lumberry [earthquake, ironhead, outrage, swordsdance] ttype=ground
INFO     Sampling 5 unrevealed pokemon
INFO     	  calyrexshadow asonespectrier  choicespecs [astralbarrage, pollenpuff, psyshock, trick] ttype=dark
INFO     	       lumineon   stormdrain heavydutyboots [encore, hydropump, icebeam, uturn] ttype=ground
INFO     	        bruxish    strongjaw      lifeorb [aquajet, psychicfangs, swordsdance, wavecrash] ttype=psychic
INFO     	         raichu lightningrod      lifeorb [grassknot, nastyplot, surf, thunderbolt] ttype=water
INFO     	    roaringmoon protosynthesis   choiceband [ironhead, knockoff, outrage, uturn] ttype=dark
INFO     Searching for a move using MCTS...
INFO     Sampling 32 battles at 250ms each
WARNING  poke-engine lacks request-level Tera permissions; final selector must filter roots
INFO     Choice: switch whiscash
INFO     whiscash switched in, adding intimidate to impossible abilities
INFO     whiscash switched in, adding pressure to impossible abilities
INFO     whiscash switched in, adding neutralizinggas to impossible abilities
INFO     whiscash switched in, adding sandstream to impossible abilities
INFO     whiscash switched in, adding drought to impossible abilities
INFO     whiscash switched in, adding drizzle to impossible abilities
INFO     whiscash switched in, adding snowwarning to impossible abilities
INFO     whiscash switched in, adding boosterenergy to impossible items
INFO     whiscash switched in, adding airballoon to impossible items
INFO     archaludon used a steel move, removing steelgem from possible items
INFO     Setting archaludon's last used move: flashcannon
INFO     archaludon used a damaging move - not guessing lifeorb anymore
INFO     archaludon did 13.950000000000001% damage to whiscash with flashcannon
INFO     whiscash's special-defense was unboosted by 1 to -1
INFO     Setting whiscash's item to: leftovers
INFO     
INFO     Turn: 2
INFO     loaded 13 player and 0 effective opponent priors
INFO     Sampling battle 0
INFO     	     archaludon      stamina  assaultvest [bodypress, dracometeor, dragontail, flashcannon] ttype=fighting
INFO     Sampling 5 unrevealed pokemon
INFO     	        wyrdeer   intimidate    leftovers [bodyslam, earthquake, psychicnoise, thunderwave] ttype=ground
INFO     	     victreebel  chlorophyll      lifeorb [knockoff, powerwhip, sleeppowder, sludgewave] ttype=grass
INFO     	     mabosstiff     stakeout  choicescarf [crunch, playrough, psychicfangs, wildcharge] ttype=fairy
INFO     	       maushold   technician     widelens [bite, encore, populationbomb, tidyup] ttype=ghost
INFO     	      reuniclus   magicguard      lifeorb [calmmind, focusblast, psychic, recover] ttype=fighting
INFO     Sampling battle 1
INFO     	     archaludon      stamina    leftovers [bodypress, dracometeor, flashcannon, thunderwave] ttype=fighting
INFO     Sampling 5 unrevealed pokemon
INFO     	        sableye    prankster    leftovers [encore, knockoff, recover, willowisp] ttype=steel
INFO     	        haxorus  moldbreaker   loadeddice [closecombat, ironhead, scaleshot, swordsdance] ttype=steel
INFO     	   dugtrioalola tanglinghair      lifeorb [earthquake, ironhead, stealthrock, suckerpunch] ttype=ground
INFO     	        mimikyu     disguise      lifeorb [playrough, shadowclaw, shadowsneak, swordsdance] ttype=ghost
INFO     	        beartic    slushrush heavydutyboots [closecombat, earthquake, iciclecrash, snowscape] ttype=ground
INFO     Sampling battle 2
INFO     	     archaludon      stamina    leftovers [bodypress, dracometeor, flashcannon, thunderwave] ttype=fighting
INFO     Sampling 5 unrevealed pokemon
INFO     	      tyranitar   sandstream weaknesspolicy [dragondance, earthquake, knockoff, stoneedge] ttype=rock
INFO     	ursalunabloodmoon     mindseye    leftovers [bloodmoon, calmmind, earthpower, moonlight] ttype=ghost
INFO     	       swampert      torrent    leftovers [earthquake, flipturn, knockoff, roar] ttype=poison
INFO     	         kommoo   soundproof   loadeddice [closecombat, ironhead, scaleshot, swordsdance] ttype=steel
INFO     	        yanmega   speedboost heavydutyboots [airslash, bugbuzz, protect, terablast] ttype=ground
INFO     Sampling battle 3
INFO     	     archaludon      stamina    leftovers [bodypress, dracometeor, flashcannon, stealthrock] ttype=fighting
INFO     Sampling 5 unrevealed pokemon
INFO     	      exeggutor      harvest  sitrusberry [leechseed, protect, psychicnoise, substitute] ttype=steel
INFO     	    sandyshocks protosynthesis    leftovers [earthpower, stealthrock, thunderbolt, thunderwave] ttype=ground
INFO     	     skeledirge      unaware heavydutyboots [flamecharge, shadowball, slackoff, torchsong] ttype=fairy
INFO     	       indeedee psychicsurge  choicescarf [expandingforce, healingwish, hypervoice, shadowball] ttype=psychic
INFO     	       ursaluna         guts     flameorb [facade, headlongrush, swordsdance, throatchop] ttype=normal
INFO     Sampling battle 4
INFO     	     archaludon      stamina  assaultvest [bodypress, dracometeor, dragontail, flashcannon] ttype=fighting
INFO     Sampling 5 unrevealed pokemon
INFO     	     masquerain   intimidate heavydutyboots [bugbuzz, hurricane, hydropump, quiverdance] ttype=water
INFO     	          lugia   multiscale heavydutyboots [aeroblast, calmmind, earthpower, recover] ttype=ground
INFO     	      reuniclus   magicguard      lifeorb [calmmind, focusblast, psyshock, recover] ttype=steel
INFO     	       venomoth   tintedlens heavydutyboots [bugbuzz, quiverdance, sleeppowder, sludgewave] ttype=bug
INFO     	    walkingwake protosynthesis  choicespecs [dracometeor, flamethrower, flipturn, hydropump] ttype=water
INFO     Sampling battle 5
INFO     	     archaludon      stamina  assaultvest [bodypress, dracometeor, flashcannon, thunderbolt] ttype=fighting
INFO     Sampling 5 unrevealed pokemon
INFO     	    oinkolognef    aromaveil    leftovers [bodyslam, curse, rest, sleeptalk] ttype=poison
INFO     	   lycanrocdusk   toughclaws      lifeorb [closecombat, psychicfangs, stoneedge, swordsdance] ttype=fighting
INFO     	         gengar   cursedbody  choicespecs [focusblast, shadowball, sludgewave, trick] ttype=dark
INFO     	     houndstone       fluffy    leftovers [bodypress, poltergeist, roar, shadowsneak] ttype=fighting
INFO     	           hooh  regenerator heavydutyboots [bravebird, earthquake, recover, sacredfire] ttype=steel
INFO     Sampling battle 6
INFO     	     archaludon      stamina  assaultvest [bodypress, dracometeor, dragontail, flashcannon] ttype=fighting
INFO     Sampling 5 unrevealed pokemon
INFO     	       vivillon compoundeyes heavydutyboots [bugbuzz, hurricane, quiverdance, sleeppowder] ttype=flying
INFO     	         swalot   liquidooze    leftovers [earthquake, gunkshot, knockoff, swordsdance] ttype=dark
INFO     	        seviper     shedskin    leftovers [earthquake, gunkshot, swordsdance, trailblaze] ttype=grass
INFO     	 electrodehisui    aftermath      lifeorb [leafstorm, taunt, thunderbolt, voltswitch] ttype=electric
INFO     	      rillaboom  grassysurge   choiceband [grassyglide, highhorsepower, uturn, woodhammer] ttype=grass
INFO     Sampling battle 7
INFO     	     archaludon      stamina    leftovers [bodypress, dracometeor, flashcannon, thunderwave] ttype=fighting
INFO     Sampling 5 unrevealed pokemon
INFO     	       samurott      torrent      lifeorb [knockoff, liquidation, sacredsword, swordsdance] ttype=dark
INFO     	       greedent   cheekpouch  sitrusberry [bodyslam, earthquake, knockoff, swordsdance] ttype=ghost
INFO     	   arceusdragon    multitype   dracoplate [dragondance, flareblitz, heavyslam, outrage] ttype=fire
INFO     	      kingambit supremeoverlord    leftovers [ironhead, kowtowcleave, suckerpunch, swordsdance] ttype=dark
INFO     	    fezandipiti   toxicchain    leftovers [beatup, gunkshot, moonblast, roost] ttype=dark
INFO     Sampling battle 8
INFO     	     archaludon      stamina  assaultvest [bodypress, dracometeor, dragontail, flashcannon] ttype=fighting
INFO     Sampling 5 unrevealed pokemon
INFO     	      alomomola  regenerator heavydutyboots [flipturn, protect, scald, wish] ttype=poison
INFO     	        toxapex  regenerator  rockyhelmet [haze, liquidation, recover, toxic] ttype=steel
INFO     	         pyroar      unnerve heavydutyboots [fireblast, hypervoice, taunt, workup] ttype=fire
INFO     	      hydreigon     levitate      lifeorb [darkpulse, dracometeor, flashcannon, nastyplot] ttype=steel
INFO     	    polteageist   cursedbody    whiteherb [shadowball, shellsmash, storedpower, strengthsap] ttype=psychic
INFO     Sampling battle 9
INFO     	     archaludon      stamina    leftovers [bodypress, dracometeor, flashcannon, thunderwave] ttype=fighting
INFO     Sampling 5 unrevealed pokemon
INFO     	       garchomp    roughskin  rockyhelmet [earthquake, outrage, spikes, stealthrock] ttype=steel
INFO     	       oranguru   innerfocus    leftovers [focusblast, nastyplot, psychic, thunderbolt] ttype=psychic
INFO     	    barraskewda    swiftswim   choiceband [closecombat, flipturn, throatchop, waterfall] ttype=water
INFO     	        scrafty   intimidate    leftovers [dragondance, drainpunch, knockoff, poisonjab] ttype=poison
INFO     	       orthworm   eartheater    leftovers [bodypress, heavyslam, shedtail, stealthrock] ttype=ghost
INFO     Sampling battle 10
INFO     	     archaludon      stamina    leftovers [bodypress, dracometeor, flashcannon, stealthrock] ttype=fighting
INFO     Sampling 5 unrevealed pokemon
INFO     	       magcargo    flamebody heavydutyboots [lavaplume, powergem, recover, yawn] ttype=grass
INFO     	    dudunsparce      rattled    leftovers [boomburst, earthquake, roost, toxic] ttype=ground
INFO     	      hippowdon   sandstream    leftovers [curse, earthquake, slackoff, stoneedge] ttype=rock
INFO     	     eelektross     levitate  assaultvest [closecombat, discharge, gigadrain, uturn] ttype=poison
INFO     	    ironjugulis   quarkdrive  choicespecs [darkpulse, fireblast, hurricane, hydropump] ttype=flying
INFO     Sampling battle 11
INFO     	     archaludon      stamina  assaultvest [bodypress, dracometeor, flashcannon, thunderbolt] ttype=fighting
INFO     Sampling 5 unrevealed pokemon
INFO     	       ampharos       static      lifeorb [agility, dazzlinggleam, focusblast, thunderbolt] ttype=fairy
INFO     	        gallade    sharpness      lifeorb [agility, nightslash, psychocut, sacredsword] ttype=dark
INFO     	       articuno     pressure heavydutyboots [bravebird, freezedry, haze, roost] ttype=ground
INFO     	       swampert      torrent    leftovers [earthquake, flipturn, knockoff, stealthrock] ttype=steel
INFO     	        haxorus  moldbreaker   loadeddice [closecombat, ironhead, scaleshot, swordsdance] ttype=steel
INFO     Sampling battle 12
INFO     	     archaludon      stamina  assaultvest [bodypress, dracometeor, dragontail, flashcannon] ttype=fighting
INFO     Sampling 5 unrevealed pokemon
INFO     	     electivire   motordrive      lifeorb [flamethrower, icepunch, knockoff, supercellslam] ttype=dark
INFO     	      pachirisu   voltabsorb heavydutyboots [discharge, encore, superfang, uturn] ttype=flying
INFO     	         palkia     pressure  lustrousorb [dracometeor, fireblast, hydropump, thunderwave] ttype=dragon
INFO     	       mudsdale      stamina    leftovers [earthquake, heavyslam, roar, stealthrock] ttype=steel
INFO     	     feraligatr   sheerforce      lifeorb [crunch, dragondance, icepunch, liquidation] ttype=dragon
INFO     Sampling battle 13
INFO     	     archaludon      stamina    leftovers [bodypress, dracometeor, flashcannon, thunderwave] ttype=fighting
INFO     Sampling 5 unrevealed pokemon
INFO     	       vikavolt     levitate heavydutyboots [bugbuzz, stickyweb, thunderbolt, voltswitch] ttype=electric
INFO     	       alcremie    aromaveil    leftovers [alluringvoice, calmmind, psyshock, recover] ttype=poison
INFO     	       lurantis     contrary  assaultvest [knockoff, leafstorm, leechlife, superpower] ttype=steel
INFO     	      regigigas    slowstart    leftovers [bodyslam, knockoff, protect, substitute] ttype=ghost
INFO     	squawkabillyyellow       hustle heavydutyboots [bravebird, foulplay, partingshot, quickattack] ttype=flying
INFO     Sampling battle 14
INFO     	     archaludon      stamina    leftovers [bodypress, dracometeor, flashcannon, stealthrock] ttype=fighting
INFO     Sampling 5 unrevealed pokemon
INFO     	     incineroar   intimidate  choicescarf [closecombat, earthquake, flareblitz, knockoff] ttype=fighting
INFO     	  deoxysdefense     pressure    leftovers [cosmicpower, nightshade, recover, storedpower] ttype=steel
INFO     	      sudowoodo     rockhead   choiceband [earthquake, headsmash, suckerpunch, woodhammer] ttype=rock
INFO     	     calyrexice asoneglastrier weaknesspolicy [agility, closecombat, glaciallance, highhorsepower] ttype=ground
INFO     	       ludicolo    swiftswim      lifeorb [gigadrain, hydropump, icebeam, raindance] ttype=steel
INFO     Sampling battle 15
INFO     	     archaludon      stamina  assaultvest [bodypress, dracometeor, flashcannon, thunderbolt] ttype=fighting
INFO     Sampling 5 unrevealed pokemon
INFO     	    oricoriopau       dancer heavydutyboots [hurricane, quiverdance, revelationdance, roost] ttype=ground
INFO     	       gyarados        moxie heavydutyboots [dragondance, earthquake, terablast, waterfall] ttype=flying
INFO     	         deoxys     pressure      lifeorb [extremespeed, knockoff, psychoboost, superpower] ttype=psychic
INFO     	       alcremie    aromaveil    leftovers [alluringvoice, calmmind, psyshock, recover] ttype=steel
INFO     	       sunflora  chlorophyll      lifeorb [earthpower, solarbeam, sunnyday, weatherball] ttype=fire
INFO     Searching for a move using MCTS...
INFO     Sampling 16 battles at 500ms each
INFO     Choice: stealthrock
INFO     Updated archaludon's min speed to 156
INFO     archaludon used two different moves - it cannot have a choice item
INFO     archaludon used a dragon move, removing dragongem from possible items
INFO     Setting archaludon's last used move: dracometeor
INFO     archaludon used a damaging move - not guessing lifeorb anymore
INFO     archaludon did 75.96000000000001% damage to whiscash with dracometeor
INFO     archaludon's special-attack was unboosted by 2 to -2
INFO     whiscash already has the move stealthrock. Decrementing the PP by 1
INFO     whiscash used a status-move. Adding `assaultvest` to impossible items
INFO     Setting whiscash's last used move: stealthrock
INFO     Incremented side condition stealthrock to 1 for archaludon
INFO     Setting whiscash's item to: leftovers
INFO     
INFO     Turn: 3
INFO     loaded 13 player and 0 effective opponent priors
INFO     Sampling battle 0
INFO     	     archaludon      stamina  assaultvest [bodypress, dracometeor, dragontail, flashcannon] ttype=fighting
INFO     Sampling 5 unrevealed pokemon
INFO     	       zangoose   toxicboost     toxicorb [closecombat, facade, knockoff, swordsdance] ttype=normal
INFO     	       orthworm   eartheater  chestoberry [bodypress, coil, irontail, rest] ttype=fighting
INFO     	          azelf     levitate      lifeorb [dazzlinggleam, fireblast, nastyplot, psychic] ttype=fairy
INFO     	        moltres    flamebody heavydutyboots [bravebird, fireblast, roost, scorchingsands] ttype=steel
INFO     	enamorustherian     overcoat  assaultvest [moonblast, mysticalfire, psychic, superpower] ttype=fairy
INFO     Sampling battle 1
INFO     	     archaludon      stamina  assaultvest [bodypress, dracometeor, dragontail, flashcannon] ttype=fighting
INFO     Sampling 5 unrevealed pokemon
INFO     	    stonjourner    powerspot      lifeorb [earthquake, heatcrash, rockpolish, stoneedge] ttype=ground
INFO     	     golemalola    galvanize      lifeorb [doubleedge, earthquake, rockpolish, stoneedge] ttype=grass
INFO     	        altaria  naturalcure heavydutyboots [bravebird, dragondance, earthquake, roost] ttype=steel
INFO     	       espathra   speedboost  choicespecs [dazzlinggleam, luminacrash, shadowball, uturn] ttype=fairy
INFO     	        wyrdeer   intimidate  assaultvest [bodyslam, earthquake, megahorn, psychicnoise] ttype=ground
INFO     Sampling battle 2
INFO     	     archaludon      stamina  assaultvest [bodypress, dracometeor, flashcannon, thunderbolt] ttype=fighting
INFO     Sampling 5 unrevealed pokemon
INFO     	ursalunabloodmoon     mindseye    leftovers [bloodmoon, calmmind, earthpower, moonlight] ttype=ghost
INFO     	       meowstic    prankster    lightclay [lightscreen, psychicnoise, reflect, yawn] ttype=fairy
INFO     	        dewgong     thickfat heavydutyboots [encore, knockoff, surf, tripleaxel] ttype=dragon
INFO     	       dusknoir        frisk   choiceband [earthquake, leechlife, poltergeist, shadowsneak] ttype=ghost
INFO     	       rotommow     levitate    leftovers [leafstorm, nastyplot, thunderbolt, willowisp] ttype=electric
INFO     Sampling battle 3
INFO     	     archaludon      stamina  assaultvest [bodypress, dracometeor, dragontail, flashcannon] ttype=fighting
INFO     Sampling 5 unrevealed pokemon
INFO     	      cryogonal     levitate heavydutyboots [icebeam, rapidspin, recover, terablast] ttype=electric
INFO     	        gallade    sharpness  choicescarf [leafblade, nightslash, psychocut, sacredsword] ttype=grass
INFO     	         gengar   cursedbody  choicespecs [focusblast, shadowball, sludgewave, trick] ttype=ghost
INFO     	      zamazenta dauntlessshield    leftovers [bodypress, crunch, irondefense, stoneedge] ttype=fighting
INFO     	      gholdengo   goodasgold    leftovers [makeitrain, recover, shadowball, thunderwave] ttype=dark
INFO     Sampling battle 4
INFO     	     archaludon      stamina    leftovers [bodypress, dracometeor, flashcannon, stealthrock] ttype=fighting
INFO     Sampling 5 unrevealed pokemon
INFO     	        ambipom   technician   choiceband [doubleedge, knockoff, tripleaxel, uturn] ttype=ice
INFO     	        slowbro  regenerator    leftovers [bodypress, irondefense, scald, slackoff] ttype=fighting
INFO     	         plusle lightningrod      lifeorb [alluringvoice, encore, nastyplot, thunderbolt] ttype=fairy
INFO     	      eternatus     pressure    powerherb [dynamaxcannon, fireblast, meteorbeam, sludgebomb] ttype=fire
INFO     	     whimsicott    prankster heavydutyboots [encore, gigadrain, moonblast, uturn] ttype=poison
INFO     Sampling battle 5
INFO     	     archaludon      stamina    leftovers [bodypress, dracometeor, flashcannon, thunderwave] ttype=fighting
INFO     Sampling 5 unrevealed pokemon
INFO     	      mandibuzz     overcoat heavydutyboots [defog, foulplay, roost, toxic] ttype=steel
INFO     	      gholdengo   goodasgold    leftovers [makeitrain, recover, shadowball, thunderwave] ttype=dark
INFO     	       appletun     thickfat    leftovers [appleacid, dracometeor, dragontail, recover] ttype=steel
INFO     	     oinkologne     thickfat    leftovers [curse, doubleedge, highhorsepower, lashout] ttype=ground
INFO     	   zoroarkhisui     illusion  choicespecs [bittermalice, focusblast, hypervoice, trick] ttype=fighting
INFO     Sampling battle 6
INFO     	     archaludon      stamina    leftovers [bodypress, dracometeor, flashcannon, stealthrock] ttype=fighting
INFO     Sampling 5 unrevealed pokemon
INFO     	          golem       sturdy  custapberry [earthquake, explosion, stealthrock, stoneedge] ttype=grass
INFO     	      gholdengo   goodasgold    leftovers [makeitrain, nastyplot, recover, shadowball] ttype=dark
INFO     	       froslass   cursedbody     widelens [poltergeist, spikes, taunt, tripleaxel] ttype=ice
INFO     	         rabsca  synchronize heavydutyboots [bugbuzz, psychic, recover, revivalblessing] ttype=steel
INFO     	         flygon     levitate  choicescarf [earthquake, outrage, stoneedge, uturn] ttype=rock
INFO     Sampling battle 7
INFO     	     archaludon      stamina    leftovers [bodypress, dracometeor, flashcannon, thunderwave] ttype=fighting
INFO     Sampling 5 unrevealed pokemon
INFO     	        scyther   technician heavydutyboots [bugbite, closecombat, dualwingbeat, swordsdance] ttype=fighting
INFO     	       basculin adaptability   choiceband [aquajet, doubleedge, flipturn, wavecrash] ttype=water
INFO     	squawkabillywhite       hustle   choiceband [bravebird, doubleedge, foulplay, quickattack] ttype=flying
INFO     	         pawmot     ironfist      lifeorb [closecombat, doubleshock, icepunch, revivalblessing] ttype=electric
INFO     	    arceusgrass    multitype  meadowplate [calmmind, earthpower, icebeam, judgment] ttype=ground
INFO     Sampling battle 8
INFO     	     archaludon      stamina  assaultvest [bodypress, dracometeor, flashcannon, thunderbolt] ttype=fighting
INFO     Sampling 5 unrevealed pokemon
INFO     	       cobalion    justified    leftovers [aurasphere, calmmind, flashcannon, vacuumwave] ttype=ghost
INFO     	  articunogalar  competitive heavydutyboots [calmmind, freezingglare, hurricane, recover] ttype=steel
INFO     	   hoopaunbound     magician  choicescarf [focusblast, hyperspacefury, psychic, trick] ttype=fighting
INFO     	       hawlucha     unburden    whiteherb [acrobatics, closecombat, stoneedge, swordsdance] ttype=flying
INFO     	          rotom     levitate  choicescarf [shadowball, thunderbolt, trick, voltswitch] ttype=ghost
INFO     Sampling battle 9
INFO     	     archaludon      stamina  assaultvest [bodypress, dracometeor, dragontail, flashcannon] ttype=fighting
INFO     Sampling 5 unrevealed pokemon
INFO     	     sandaconda     shedskin    leftovers [coil, earthquake, glare, stoneedge] ttype=dragon
INFO     	       salazzle    corrosion heavydutyboots [fireblast, nastyplot, sludgewave, terablast] ttype=grass
INFO     	        cetitan     thickfat  sitrusberry [bellydrum, earthquake, iceshard, icespinner] ttype=ice
INFO     	       quagsire      unaware    leftovers [earthquake, icebeam, recover, toxic] ttype=poison
INFO     	        wyrdeer   intimidate    leftovers [bodyslam, earthquake, psychicnoise, thunderwave] ttype=ground
INFO     Sampling battle 10
INFO     	     archaludon      stamina  assaultvest [bodypress, dracometeor, flashcannon, thunderbolt] ttype=fighting
INFO     Sampling 5 unrevealed pokemon
INFO     	        dedenne   cheekpouch  sitrusberry [dazzlinggleam, nuzzle, superfang, thunderbolt] ttype=flying
INFO     	      electrode       static      lifeorb [taunt, terablast, thunderbolt, voltswitch] ttype=ice
INFO     	        snorlax     thickfat    leftovers [bodyslam, curse, rest, sleeptalk] ttype=poison
INFO     	    arceusgrass    multitype  meadowplate [calmmind, fireblast, judgment, recover] ttype=fire
INFO     	     oinkologne     thickfat    leftovers [curse, doubleedge, highhorsepower, lashout] ttype=ground
INFO     Sampling battle 11
INFO     	     archaludon      stamina  assaultvest [bodypress, dracometeor, flashcannon, thunderbolt] ttype=fighting
INFO     Sampling 5 unrevealed pokemon
INFO     	        bisharp      defiant     eviolite [ironhead, stealthrock, suckerpunch, throatchop] ttype=flying
INFO     	      sinistcha    heatproof    leftovers [calmmind, matchagotcha, shadowball, strengthsap] ttype=steel
INFO     	       cloyster    skilllink    whiteherb [drillrun, iciclespear, rockblast, shellsmash] ttype=ground
INFO     	  articunogalar  competitive heavydutyboots [calmmind, freezingglare, hurricane, recover] ttype=steel
INFO     	 arceusfighting    multitype    fistplate [bodypress, cosmicpower, recover, storedpower] ttype=steel
INFO     Sampling battle 12
INFO     	     archaludon      stamina  assaultvest [bodypress, dracometeor, flashcannon, thunderbolt] ttype=fighting
INFO     Sampling 5 unrevealed pokemon
INFO     	       giratina     pressure    leftovers [calmmind, dragonpulse, rest, sleeptalk] ttype=fairy
INFO     	 oricoriopompom       dancer heavydutyboots [hurricane, quiverdance, revelationdance, roost] ttype=ground
INFO     	       floatzel    waterveil   choiceband [crunch, flipturn, icespinner, wavecrash] ttype=water
INFO     	       greedent   cheekpouch  sitrusberry [doubleedge, earthquake, knockoff, swordsdance] ttype=ground
INFO     	       slowking  regenerator heavydutyboots [chillyreception, psychicnoise, scald, slackoff] ttype=dragon
INFO     Sampling battle 13
INFO     	     archaludon      stamina  assaultvest [bodypress, dracometeor, flashcannon, thunderbolt] ttype=fighting
INFO     Sampling 5 unrevealed pokemon
INFO     	         espeon  magicbounce  choicespecs [alluringvoice, psychic, shadowball, trick] ttype=psychic
INFO     	       overqwil   intimidate      lifeorb [crunch, gunkshot, liquidation, swordsdance] ttype=water
INFO     	        donphan       sturdy    leftovers [earthquake, icespinner, rapidspin, stealthrock] ttype=steel
INFO     	      zebstrika    sapsipper      lifeorb [highhorsepower, overheat, supercellslam, voltswitch] ttype=ground
INFO     	       samurott      torrent  assaultvest [flipturn, hydropump, icebeam, megahorn] ttype=water
INFO     Sampling battle 14
INFO     	     archaludon      stamina    leftovers [bodypress, dracometeor, flashcannon, stealthrock] ttype=fighting
INFO     Sampling 5 unrevealed pokemon
INFO     	urshifurapidstrike   unseenfist   choiceband [aquajet, closecombat, surgingstrikes, uturn] ttype=water
INFO     	 lilliganthisui       hustle     widelens [closecombat, leafblade, sleeppowder, victorydance] ttype=steel
INFO     	   slowbrogalar  regenerator      lifeorb [fireblast, psychic, shellsidearm, trickroom] ttype=psychic
INFO     	  articunogalar  competitive heavydutyboots [calmmind, freezingglare, hurricane, recover] ttype=steel
INFO     	        torkoal      drought heavydutyboots [fireblast, rapidspin, solarbeam, yawn] ttype=grass
INFO     Sampling battle 15
INFO     	     archaludon      stamina  assaultvest [bodypress, dracometeor, dragontail, flashcannon] ttype=fighting
INFO     Sampling 5 unrevealed pokemon
INFO     	        bruxish    strongjaw   choiceband [aquajet, crunch, psychicfangs, wavecrash] ttype=psychic
INFO     	         golurk      noguard   choiceband [dynamicpunch, earthquake, poltergeist, stoneedge] ttype=fighting
INFO     	       zangoose   toxicboost     toxicorb [facade, knockoff, quickattack, swordsdance] ttype=normal
INFO     	       oranguru   innerfocus      lifeorb [focusblast, hypervoice, nastyplot, psyshock] ttype=fighting
INFO     	    walkingwake protosynthesis      lifeorb [dracometeor, flamethrower, hydrosteam, sunnyday] ttype=fire
INFO     Searching for a move using MCTS...
INFO     Sampling 16 battles at 500ms each
INFO     Choice: earthquake
INFO     Opponent has switched - clearing the last used move
INFO     frosmoth switched in, adding intimidate to impossible abilities
INFO     frosmoth switched in, adding pressure to impossible abilities
INFO     frosmoth switched in, adding neutralizinggas to impossible abilities
INFO     frosmoth switched in, adding sandstream to impossible abilities
INFO     frosmoth switched in, adding drought to impossible abilities
INFO     frosmoth switched in, adding drizzle to impossible abilities
INFO     frosmoth switched in, adding snowwarning to impossible abilities
INFO     frosmoth switched in, adding boosterenergy to impossible items
INFO     frosmoth switched in, adding airballoon to impossible items
INFO     frosmoth has heavydutyboots
INFO     whiscash already has the move earthquake. Decrementing the PP by 1
INFO     whiscash used a ground move, removing groundgem from possible items
INFO     Setting whiscash's last used move: earthquake
INFO     whiscash used a damaging move - not guessing lifeorb anymore
INFO     whiscash did 28.000000000000004% damage to frosmoth with earthquake
INFO     Setting whiscash's item to: leftovers
INFO     frosmoth has less than maxhp during upkeep, no longer guessing leftovers or blacksludge
INFO     
INFO     Turn: 4
INFO     loaded 13 player and 0 effective opponent priors
INFO     Sampling battle 0
INFO     	       frosmoth    icescales heavydutyboots [gigadrain, icebeam, quiverdance, terablast] ttype=ground
INFO     	     archaludon      stamina    leftovers [bodypress, dracometeor, flashcannon, stealthrock] ttype=fighting
INFO     Sampling 4 unrevealed pokemon
INFO     	 decidueyehisui      scrappy    leftovers [knockoff, leafblade, roost, triplearrows] ttype=water
INFO     	      mamoswine     thickfat   choiceband [earthquake, iceshard, iciclecrash, knockoff] ttype=ice
INFO     	       vigoroth  vitalspirit     eviolite [bodyslam, bulkup, earthquake, slackoff] ttype=ground
INFO     	squawkabillyblue         guts     flameorb [bravebird, facade, quickattack, uturn] ttype=normal
INFO     Sampling battle 1
INFO     	       frosmoth    icescales heavydutyboots [gigadrain, icebeam, quiverdance, terablast] ttype=ground
INFO     	     archaludon      stamina  assaultvest [bodypress, dracometeor, flashcannon, thunderbolt] ttype=fighting
INFO     Sampling 4 unrevealed pokemon
INFO     	     houndstone       fluffy    leftovers [bodypress, poltergeist, rest, sleeptalk] ttype=fighting
INFO     	     irontreads   quarkdrive  assaultvest [earthquake, ironhead, rapidspin, voltswitch] ttype=water
INFO     	      rillaboom  grassysurge      lifeorb [grassyglide, knockoff, swordsdance, woodhammer] ttype=grass
INFO     	      rhyperior    solidrock weaknesspolicy [earthquake, megahorn, rockpolish, stoneedge] ttype=bug
INFO     Sampling battle 2
INFO     	       frosmoth    icescales heavydutyboots [bugbuzz, icebeam, quiverdance, terablast] ttype=ground
INFO     	     archaludon      stamina  assaultvest [bodypress, dracometeor, dragontail, flashcannon] ttype=fighting
INFO     Sampling 4 unrevealed pokemon
INFO     	          rotom     levitate  choicescarf [shadowball, thunderbolt, trick, voltswitch] ttype=electric
INFO     	       meganium     overgrow    leftovers [earthquake, knockoff, petalblizzard, swordsdance] ttype=water
INFO     	     arceusfire    multitype   flameplate [dragondance, earthquake, flareblitz, recover] ttype=fire
INFO     	         phione    hydration    leftovers [rest, scald, sleeptalk, takeheart] ttype=steel
INFO     Sampling battle 3
INFO     	       frosmoth    icescales heavydutyboots [bugbuzz, icebeam, quiverdance, terablast] ttype=ground
INFO     	     archaludon      stamina    leftovers [bodypress, dracometeor, flashcannon, thunderwave] ttype=fighting
INFO     Sampling 4 unrevealed pokemon
INFO     	       sceptile     overgrow    leftovers [focusblast, gigadrain, leechseed, substitute] ttype=steel
INFO     	      bellibolt electromorphosis    leftovers [muddywater, slackoff, thunderbolt, toxic] ttype=electric
INFO     	       ursaring         guts     eviolite [bodyslam, earthquake, rest, sleeptalk] ttype=ground
INFO     	   arceusground    multitype   earthplate [dragondance, earthquake, recover, stoneedge] ttype=steel
INFO     Sampling battle 4
INFO     	       frosmoth    icescales heavydutyboots [gigadrain, icebeam, quiverdance, terablast] ttype=ground
INFO     	     archaludon      stamina    leftovers [bodypress, dracometeor, flashcannon, stealthrock] ttype=fighting
INFO     Sampling 4 unrevealed pokemon
INFO     	       maushold   technician     widelens [bite, encore, populationbomb, tidyup] ttype=normal
INFO     	       quagsire      unaware    leftovers [earthquake, recover, spikes, toxic] ttype=poison
INFO     	      trevenant  naturalcure   choiceband [drainpunch, hornleech, poltergeist, woodhammer] ttype=fighting
INFO     	      hitmonlee     unburden    whiteherb [closecombat, knockoff, stoneedge, swordsdance] ttype=fighting
INFO     Sampling battle 5
INFO     	       frosmoth    icescales heavydutyboots [bugbuzz, hurricane, icebeam, quiverdance] ttype=water
INFO     	     archaludon      stamina  assaultvest [bodypress, dracometeor, dragontail, flashcannon] ttype=fighting
INFO     Sampling 4 unrevealed pokemon
INFO     	     arceusfire    multitype   flameplate [calmmind, earthpower, judgment, recover] ttype=ground
INFO     	       ludicolo    swiftswim  choicespecs [gigadrain, hydropump, icebeam, leafstorm] ttype=water
INFO     	         pyroar      unnerve heavydutyboots [darkpulse, fireblast, hypervoice, willowisp] ttype=fire
INFO     	      gastrodon   stormdrain    leftovers [earthquake, recover, sludgebomb, stealthrock] ttype=poison
INFO     Sampling battle 6
INFO     	       frosmoth    icescales heavydutyboots [gigadrain, hurricane, icebeam, quiverdance] ttype=water
INFO     	     archaludon      stamina    leftovers [bodypress, dracometeor, flashcannon, thunderwave] ttype=fighting
INFO     Sampling 4 unrevealed pokemon
INFO     	      volcanion  waterabsorb  assaultvest [flamecharge, flamethrower, sludgebomb, steameruption] ttype=fire
INFO     	         goodra    sapsipper  assaultvest [dracometeor, dragontail, fireblast, scald] ttype=fire
INFO     	         comfey       triage    leftovers [calmmind, drainingkiss, synthesis, terablast] ttype=ground
INFO     	        bruxish    strongjaw      lifeorb [crunch, psychicfangs, swordsdance, wavecrash] ttype=psychic
INFO     Sampling battle 7
INFO     	       frosmoth    icescales heavydutyboots [gigadrain, icebeam, quiverdance, terablast] ttype=ground
INFO     	     archaludon      stamina    leftovers [bodypress, dracometeor, flashcannon, thunderwave] ttype=fighting
INFO     Sampling 4 unrevealed pokemon
INFO     	         kyurem     pressure heavydutyboots [dracometeor, earthpower, freezedry, outrage] ttype=ground
INFO     	        flamigo      scrappy      lifeorb [bravebird, closecombat, roost, swordsdance] ttype=steel
INFO     	       clodsire      unaware    leftovers [earthquake, recover, spikes, toxic] ttype=steel
INFO     	  deoxysdefense     pressure    leftovers [knockoff, psychicnoise, recover, spikes] ttype=steel
INFO     Sampling battle 8
INFO     	       frosmoth    icescales heavydutyboots [gigadrain, icebeam, quiverdance, terablast] ttype=ground
INFO     	     archaludon      stamina  assaultvest [bodypress, dracometeor, dragontail, flashcannon] ttype=fighting
INFO     Sampling 4 unrevealed pokemon
INFO     	      terrakion    justified   choiceband [closecombat, earthquake, quickattack, stoneedge] ttype=ground
INFO     	        ambipom   technician    silkscarf [doubleedge, fakeout, knockoff, lowkick] ttype=normal
INFO     	      salamence   intimidate heavydutyboots [dragondance, dualwingbeat, earthquake, outrage] ttype=steel
INFO     	      magmortar    flamebody heavydutyboots [fireblast, focusblast, taunt, thunderbolt] ttype=water
INFO     Sampling battle 9
INFO     	       frosmoth    icescales heavydutyboots [gigadrain, icebeam, quiverdance, terablast] ttype=ground
INFO     	     archaludon      stamina    leftovers [bodypress, dracometeor, flashcannon, thunderwave] ttype=fighting
INFO     Sampling 4 unrevealed pokemon
INFO     	        tropius      harvest  sitrusberry [airslash, leechseed, protect, substitute] ttype=steel
INFO     	     gothitelle    shadowtag  choicescarf [darkpulse, focusblast, psychic, trick] ttype=fighting
INFO     	       blaziken   speedboost      lifeorb [closecombat, flareblitz, knockoff, swordsdance] ttype=fighting
INFO     	       vaporeon  waterabsorb    leftovers [protect, roar, scald, wish] ttype=poison
INFO     Sampling battle 10
INFO     	       frosmoth    icescales heavydutyboots [bugbuzz, icebeam, quiverdance, terablast] ttype=ground
INFO     	     archaludon      stamina    leftovers [bodypress, dracometeor, flashcannon, stealthrock] ttype=fighting
INFO     Sampling 4 unrevealed pokemon
INFO     	      crawdaunt adaptability      lifeorb [closecombat, crabhammer, dragondance, knockoff] ttype=fighting
INFO     	      piloswine     thickfat     eviolite [earthquake, iceshard, iciclecrash, roar] ttype=dragon
INFO     	        diancie    clearbody    leftovers [calmmind, diamondstorm, drainingkiss, earthpower] ttype=water
INFO     	      pecharunt poisonpuppeteer    leftovers [malignantchain, nastyplot, recover, shadowball] ttype=dark
INFO     Sampling battle 11
INFO     	       frosmoth    icescales heavydutyboots [bugbuzz, hurricane, icebeam, quiverdance] ttype=water
INFO     	     archaludon      stamina  assaultvest [bodypress, dracometeor, dragontail, flashcannon] ttype=fighting
INFO     Sampling 4 unrevealed pokemon
INFO     	     kricketune   technician heavydutyboots [knockoff, pounce, stickyweb, taunt] ttype=ghost
INFO     	        chansey  naturalcure     eviolite [healbell, seismictoss, softboiled, thunderwave] ttype=dark
INFO     	         minior  shieldsdown    whiteherb [acrobatics, earthquake, powergem, shellsmash] ttype=steel
INFO     	        shiftry    windrider      lifeorb [knockoff, leafblade, suckerpunch, swordsdance] ttype=poison
INFO     Sampling battle 12
INFO     	       frosmoth    icescales heavydutyboots [gigadrain, hurricane, icebeam, quiverdance] ttype=water
INFO     	     archaludon      stamina  assaultvest [bodypress, dracometeor, flashcannon, thunderbolt] ttype=fighting
INFO     Sampling 4 unrevealed pokemon
INFO     	      revavroom       filter      lifeorb [gunkshot, highhorsepower, ironhead, shiftgear] ttype=ground
INFO     	        noivern  infiltrator  choicespecs [boomburst, dracometeor, hurricane, uturn] ttype=normal
INFO     	        avalugg       sturdy heavydutyboots [avalanche, bodypress, rapidspin, recover] ttype=fighting
INFO     	       swampert      torrent    leftovers [earthquake, flipturn, knockoff, yawn] ttype=poison
INFO     Sampling battle 13
INFO     	       frosmoth    icescales heavydutyboots [bugbuzz, gigadrain, icebeam, quiverdance] ttype=water
INFO     	     archaludon      stamina    leftovers [bodypress, dracometeor, flashcannon, thunderwave] ttype=fighting
INFO     Sampling 4 unrevealed pokemon
INFO     	       cyclizar  regenerator heavydutyboots [dracometeor, rapidspin, shedtail, taunt] ttype=fairy
INFO     	        sylveon     pixilate    leftovers [calmmind, hypervoice, protect, wish] ttype=steel
INFO     	         klefki    prankster    leftovers [magnetrise, playrough, spikes, thunderwave] ttype=water
INFO     	       chienpao  swordofruin heavydutyboots [iciclecrash, sacredsword, swordsdance, throatchop] ttype=dark
INFO     Sampling battle 14
INFO     	       frosmoth    icescales heavydutyboots [gigadrain, hurricane, icebeam, quiverdance] ttype=water
INFO     	     archaludon      stamina    leftovers [bodypress, dracometeor, flashcannon, thunderwave] ttype=fighting
INFO     Sampling 4 unrevealed pokemon
INFO     	   weezinggalar     levitate    leftovers [gunkshot, painsplit, strangesteam, willowisp] ttype=steel
INFO     	        persian       limber   choiceband [doubleedge, knockoff, switcheroo, uturn] ttype=ghost
INFO     	       grafaiai    prankster heavydutyboots [encore, gunkshot, knockoff, partingshot] ttype=dark
INFO     	    arceusgrass    multitype  meadowplate [calmmind, earthpower, icebeam, judgment] ttype=ground
INFO     Sampling battle 15
INFO     	       frosmoth    icescales heavydutyboots [bugbuzz, icebeam, quiverdance, terablast] ttype=ground
INFO     	     archaludon      stamina    leftovers [bodypress, dracometeor, flashcannon, thunderwave] ttype=fighting
INFO     Sampling 4 unrevealed pokemon
INFO     	       vigoroth  vitalspirit     eviolite [bodyslam, bulkup, knockoff, slackoff] ttype=ghost
INFO     	       mudsdale      stamina    leftovers [earthquake, heavyslam, roar, stoneedge] ttype=steel
INFO     	      hydrapple  regenerator  assaultvest [dragontail, earthpower, ficklebeam, leafstorm] ttype=steel
INFO     	      araquanid  waterbubble heavydutyboots [hydropump, leechlife, liquidation, stickyweb] ttype=ground
INFO     Sampling battle 16
INFO     	       frosmoth    icescales heavydutyboots [gigadrain, hurricane, icebeam, quiverdance] ttype=water
INFO     	     archaludon      stamina    leftovers [bodypress, dracometeor, flashcannon, thunderwave] ttype=fighting
INFO     Sampling 4 unrevealed pokemon
INFO     	    arceusghost    multitype  spookyplate [calmmind, focusblast, judgment, recover] ttype=dark
INFO     	    polteageist   cursedbody    whiteherb [shadowball, shellsmash, strengthsap, terablast] ttype=fighting
INFO     	         emboar     reckless  choicescarf [closecombat, flareblitz, knockoff, wildcharge] ttype=fire
INFO     	      poliwrath  waterabsorb    leftovers [bulkup, drainpunch, liquidation, poisonjab] ttype=water
INFO     Sampling battle 17
INFO     	       frosmoth    icescales heavydutyboots [bugbuzz, icebeam, quiverdance, terablast] ttype=ground
INFO     	     archaludon      stamina    leftovers [bodypress, dracometeor, flashcannon, thunderwave] ttype=fighting
INFO     Sampling 4 unrevealed pokemon
INFO     	      amoonguss  regenerator    leftovers [gigadrain, sludgebomb, spore, toxic] ttype=steel
INFO     	urshifurapidstrike   unseenfist      lifeorb [aquajet, closecombat, surgingstrikes, swordsdance] ttype=water
INFO     	          hoopa     magician  choicescarf [focusblast, psychic, shadowball, trick] ttype=psychic
INFO     	      hydreigon     levitate  choicescarf [darkpulse, dracometeor, fireblast, flashcannon] ttype=dark
INFO     Sampling battle 18
INFO     	       frosmoth    icescales heavydutyboots [bugbuzz, icebeam, quiverdance, terablast] ttype=ground
INFO     	     archaludon      stamina    leftovers [bodypress, dracometeor, flashcannon, thunderwave] ttype=fighting
INFO     Sampling 4 unrevealed pokemon
INFO     	     hitmonchan     ironfist    leftovers [drainpunch, knockoff, rapidspin, taunt] ttype=steel
INFO     	     annihilape      defiant    leftovers [bulkup, drainpunch, gunkshot, ragefist] ttype=water
INFO     	  oricoriosensu       dancer heavydutyboots [hurricane, quiverdance, revelationdance, roost] ttype=fighting
INFO     	         deoxys     pressure      lifeorb [icebeam, knockoff, psychoboost, superpower] ttype=fighting
INFO     Sampling battle 19
INFO     	       frosmoth    icescales heavydutyboots [gigadrain, hurricane, icebeam, quiverdance] ttype=water
INFO     	     archaludon      stamina    leftovers [bodypress, dracometeor, flashcannon, thunderwave] ttype=fighting
INFO     Sampling 4 unrevealed pokemon
INFO     	        donphan       sturdy    leftovers [earthquake, knockoff, rapidspin, stealthrock] ttype=dragon
INFO     	      spectrier    grimneigh    leftovers [drainingkiss, nastyplot, shadowball, substitute] ttype=fairy
INFO     	       garchomp    roughskin  rockyhelmet [dragontail, earthquake, outrage, stealthrock] ttype=steel
INFO     	      hatterene  magicbounce    leftovers [calmmind, drainingkiss, mysticalfire, psychic] ttype=fairy
INFO     Sampling battle 20
INFO     	       frosmoth    icescales heavydutyboots [gigadrain, icebeam, quiverdance, terablast] ttype=ground
INFO     	     archaludon      stamina  assaultvest [bodypress, dracometeor, flashcannon, thunderbolt] ttype=fighting
INFO     Sampling 4 unrevealed pokemon
INFO     	         palkia     pressure  lustrousorb [fireblast, hydropump, spacialrend, thunderwave] ttype=water
INFO     	   arceusground    multitype   earthplate [dragondance, earthquake, recover, stoneedge] ttype=steel
INFO     	        dewgong     thickfat  assaultvest [flipturn, icebeam, knockoff, surf] ttype=poison
INFO     	         gengar   cursedbody      lifeorb [encore, shadowball, sludgewave, willowisp] ttype=dark
INFO     Sampling battle 21
INFO     	       frosmoth    icescales heavydutyboots [gigadrain, hurricane, icebeam, quiverdance] ttype=water
INFO     	     archaludon      stamina    leftovers [bodypress, dracometeor, flashcannon, stealthrock] ttype=fighting
INFO     Sampling 4 unrevealed pokemon
INFO     	      crawdaunt adaptability   choiceband [aquajet, closecombat, crabhammer, knockoff] ttype=fighting
INFO     	       chimecho     levitate    leftovers [cosmicpower, dazzlinggleam, recover, storedpower] ttype=steel
INFO     	       alcremie    aromaveil    leftovers [alluringvoice, calmmind, psyshock, recover] ttype=poison
INFO     	       cinccino   technician   loadeddice [bulletseed, tailslap, tripleaxel, uturn] ttype=grass
INFO     Sampling battle 22
INFO     	       frosmoth    icescales heavydutyboots [bugbuzz, icebeam, quiverdance, terablast] ttype=ground
INFO     	     archaludon      stamina    leftovers [bodypress, dracometeor, flashcannon, stealthrock] ttype=fighting
INFO     Sampling 4 unrevealed pokemon
INFO     	         comfey       triage    leftovers [calmmind, drainingkiss, gigadrain, storedpower] ttype=steel
INFO     	zamazentacrowned dauntlessshield rustedshield [bodypress, heavyslam, irondefense, stoneedge] ttype=ghost
INFO     	     annihilape      defiant    leftovers [bulkup, drainpunch, gunkshot, ragefist] ttype=ghost
INFO     	 oricoriopompom       dancer heavydutyboots [hurricane, quiverdance, revelationdance, roost] ttype=ground
INFO     Sampling battle 23
INFO     	       frosmoth    icescales heavydutyboots [bugbuzz, icebeam, quiverdance, terablast] ttype=ground
INFO     	     archaludon      stamina    leftovers [bodypress, dracometeor, flashcannon, thunderwave] ttype=fighting
INFO     Sampling 4 unrevealed pokemon
INFO     	        okidogi   toxicchain    leftovers [bulkup, drainpunch, gunkshot, knockoff] ttype=dark
INFO     	ogerponcornerstone       sturdy cornerstonemask [hornleech, ivycudgel, superpower, swordsdance] ttype=rock
INFO     	     electivire   motordrive      lifeorb [bulkup, earthquake, icepunch, supercellslam] ttype=ground
INFO     	        flamigo      scrappy  choicescarf [bravebird, closecombat, throatchop, uturn] ttype=fighting
INFO     Sampling battle 24
INFO     	       frosmoth    icescales heavydutyboots [bugbuzz, gigadrain, icebeam, quiverdance] ttype=water
INFO     	     archaludon      stamina  assaultvest [bodypress, dracometeor, dragontail, flashcannon] ttype=fighting
INFO     Sampling 4 unrevealed pokemon
INFO     	         flygon     levitate     lumberry [dragondance, earthquake, outrage, stoneedge] ttype=steel
INFO     	 arceuselectric    multitype     zapplate [calmmind, icebeam, judgment, recover] ttype=electric
INFO     	        weavile   pickpocket heavydutyboots [iceshard, knockoff, swordsdance, tripleaxel] ttype=ice
INFO     	       ursaluna         guts     flameorb [facade, headlongrush, throatchop, trailblaze] ttype=normal
INFO     Sampling battle 25
INFO     	       frosmoth    icescales heavydutyboots [bugbuzz, hurricane, icebeam, quiverdance] ttype=water
INFO     	     archaludon      stamina    leftovers [bodypress, dracometeor, flashcannon, stealthrock] ttype=fighting
INFO     Sampling 4 unrevealed pokemon
INFO     	        mesprit     levitate    leftovers [encore, knockoff, psychicnoise, thunderwave] ttype=steel
INFO     	       chimecho     levitate    leftovers [cosmicpower, dazzlinggleam, recover, storedpower] ttype=steel
INFO     	        zoroark     illusion  choicespecs [darkpulse, focusblast, sludgebomb, uturn] ttype=poison
INFO     	        manaphy    hydration    leftovers [energyball, hydropump, icebeam, tailglow] ttype=water
INFO     Sampling battle 26
INFO     	       frosmoth    icescales heavydutyboots [gigadrain, hurricane, icebeam, quiverdance] ttype=water
INFO     	     archaludon      stamina  assaultvest [bodypress, dracometeor, flashcannon, thunderbolt] ttype=fighting
INFO     Sampling 4 unrevealed pokemon
INFO     	        leafeon  chlorophyll    leftovers [doubleedge, leafblade, substitute, swordsdance] ttype=normal
INFO     	       koraidon orichalcumpulse   loadeddice [collisioncourse, flareblitz, scaleshot, swordsdance] ttype=fire
INFO     	     bombirdier rockypayload heavydutyboots [bravebird, knockoff, roost, stoneedge] ttype=rock
INFO     	         comfey       triage    leftovers [calmmind, drainingkiss, taunt, terablast] ttype=ground
INFO     Sampling battle 27
INFO     	       frosmoth    icescales heavydutyboots [gigadrain, hurricane, icebeam, quiverdance] ttype=water
INFO     	     archaludon      stamina  assaultvest [bodypress, dracometeor, flashcannon, thunderbolt] ttype=fighting
INFO     Sampling 4 unrevealed pokemon
INFO     	       drifblim    aftermath heavydutyboots [airslash, defog, shadowball, strengthsap] ttype=fairy
INFO     	    dudunsparce  serenegrace    leftovers [earthquake, glare, headbutt, roost] ttype=ground
INFO     	      pachirisu   voltabsorb heavydutyboots [discharge, encore, superfang, uturn] ttype=flying
INFO     	      hatterene  magicbounce    leftovers [calmmind, drainingkiss, mysticalfire, psychic] ttype=fairy
INFO     Sampling battle 28
INFO     	       frosmoth    icescales heavydutyboots [gigadrain, hurricane, icebeam, quiverdance] ttype=water
INFO     	     archaludon      stamina    leftovers [bodypress, dracometeor, flashcannon, stealthrock] ttype=fighting
INFO     Sampling 4 unrevealed pokemon
INFO     	     oinkologne     thickfat    leftovers [curse, doubleedge, highhorsepower, lashout] ttype=ground
INFO     	         kyurem     pressure heavydutyboots [dracometeor, earthpower, freezedry, outrage] ttype=ground
INFO     	          rotom     levitate      lifeorb [nastyplot, shadowball, thunderbolt, willowisp] ttype=ghost
INFO     	       bronzong     levitate  chestoberry [bodypress, irondefense, ironhead, rest] ttype=fighting
INFO     Sampling battle 29
INFO     	       frosmoth    icescales heavydutyboots [gigadrain, hurricane, icebeam, quiverdance] ttype=water
INFO     	     archaludon      stamina    leftovers [bodypress, dracometeor, flashcannon, thunderwave] ttype=fighting
INFO     Sampling 4 unrevealed pokemon
INFO     	    oricoriopau       dancer heavydutyboots [hurricane, quiverdance, revelationdance, roost] ttype=ground
INFO     	     pincurchin electricsurge    leftovers [curse, liquidation, recover, zingzap] ttype=grass
INFO     	       arcanine   intimidate heavydutyboots [closecombat, flareblitz, morningsun, roar] ttype=fighting
INFO     	        falinks      defiant      lifeorb [closecombat, ironhead, knockoff, noretreat] ttype=steel
INFO     Sampling battle 30
INFO     	       frosmoth    icescales heavydutyboots [gigadrain, icebeam, quiverdance, terablast] ttype=ground
INFO     	     archaludon      stamina    leftovers [bodypress, dracometeor, flashcannon, stealthrock] ttype=fighting
INFO     Sampling 4 unrevealed pokemon
INFO     	     arceusfire    multitype   flameplate [dragondance, earthquake, flareblitz, recover] ttype=fire
INFO     	necrozmadawnwings   prismarmor      lifeorb [brickbreak, dragondance, moongeistbeam, photongeyser] ttype=fighting
INFO     	      quaquaval        moxie    leftovers [aquastep, closecombat, rapidspin, roost] ttype=steel
INFO     	       hawlucha     unburden    whiteherb [bravebird, closecombat, encore, swordsdance] ttype=fighting
INFO     Sampling battle 31
INFO     	       frosmoth    icescales heavydutyboots [bugbuzz, gigadrain, icebeam, quiverdance] ttype=water
INFO     	     archaludon      stamina  assaultvest [bodypress, dracometeor, flashcannon, thunderbolt] ttype=fighting
INFO     Sampling 4 unrevealed pokemon
INFO     	       politoed      drizzle  chestoberry [haze, hydropump, icebeam, rest] ttype=steel
INFO     	     incineroar   intimidate  assaultvest [closecombat, knockoff, overheat, uturn] ttype=fighting
INFO     	      garganacl purifyingsalt    leftovers [bodypress, protect, recover, saltcure] ttype=dragon
INFO     	      heracross         guts     flameorb [closecombat, facade, knockoff, trailblaze] ttype=normal
INFO     Searching for a move using MCTS...
INFO     Sampling 32 battles at 250ms each
INFO     Choice: switch registeel
INFO     registeel switched in, adding intimidate to impossible abilities
INFO     registeel switched in, adding pressure to impossible abilities
INFO     registeel switched in, adding neutralizinggas to impossible abilities
INFO     registeel switched in, adding sandstream to impossible abilities
INFO     registeel switched in, adding drought to impossible abilities
INFO     registeel switched in, adding drizzle to impossible abilities
INFO     registeel switched in, adding snowwarning to impossible abilities
INFO     registeel switched in, adding boosterenergy to impossible items
INFO     registeel switched in, adding airballoon to impossible items
INFO     frosmoth using quiverdance makes it unlikely to have a choice item. Setting can_have_choice_item to False
INFO     frosmoth used a status-move. Adding `assaultvest` to impossible items
INFO     Setting frosmoth's last used move: quiverdance
INFO     frosmoth's special-attack was boosted by 1 to 1
INFO     frosmoth's special-defense was boosted by 1 to 1
INFO     frosmoth's speed was boosted by 1 to 1
INFO     frosmoth has less than maxhp during upkeep, no longer guessing leftovers or blacksludge
INFO     
INFO     Turn: 5
INFO     loaded 13 player and 0 effective opponent priors
INFO     Sampling battle 0
INFO     	       frosmoth    icescales heavydutyboots [bugbuzz, icebeam, quiverdance, terablast] ttype=ground
INFO     	     archaludon      stamina  assaultvest [bodypress, dracometeor, flashcannon, thunderbolt] ttype=fighting
INFO     Sampling 4 unrevealed pokemon
INFO     	       virizion    justified      lifeorb [closecombat, leafblade, stoneedge, swordsdance] ttype=rock
INFO     	        jirachi  serenegrace  choicescarf [healingwish, ironhead, psychic, uturn] ttype=water
INFO     	urshifurapidstrike   unseenfist      lifeorb [closecombat, icespinner, surgingstrikes, swordsdance] ttype=water
INFO     	    raichualola  surgesurfer      lifeorb [grassknot, nastyplot, psyshock, thunderbolt] ttype=grass
INFO     Sampling battle 1
INFO     	       frosmoth    icescales heavydutyboots [bugbuzz, gigadrain, icebeam, quiverdance] ttype=water
INFO     	     archaludon      stamina    leftovers [bodypress, dracometeor, flashcannon, thunderwave] ttype=fighting
INFO     Sampling 4 unrevealed pokemon
INFO     	        wyrdeer   intimidate    leftovers [earthquake, megahorn, psychicnoise, thunderwave] ttype=ground
INFO     	     shayminsky  serenegrace heavydutyboots [airslash, earthpower, seedflare, synthesis] ttype=steel
INFO     	   arceuspoison    multitype   toxicplate [earthquake, gunkshot, recover, swordsdance] ttype=ground
INFO     	      rampardos   sheerforce      lifeorb [earthquake, firepunch, rockslide, zenheadbutt] ttype=rock
INFO     Sampling battle 2
INFO     	       frosmoth    icescales heavydutyboots [gigadrain, hurricane, icebeam, quiverdance] ttype=water
INFO     	     archaludon      stamina    leftovers [bodypress, dracometeor, flashcannon, thunderwave] ttype=fighting
INFO     Sampling 4 unrevealed pokemon
INFO     	taurospaldeablaze   intimidate   choiceband [closecombat, flareblitz, stoneedge, wildcharge] ttype=fighting
INFO     	       miraidon hadronengine  choicespecs [dracometeor, electrodrift, overheat, voltswitch] ttype=electric
INFO     	      passimian      defiant    leftovers [bulkup, drainpunch, gunkshot, knockoff] ttype=dark
INFO     	        beartic    slushrush heavydutyboots [closecombat, iciclecrash, snowscape, swordsdance] ttype=fighting
INFO     Sampling battle 3
INFO     	       frosmoth    icescales heavydutyboots [gigadrain, icebeam, quiverdance, terablast] ttype=ground
INFO     	     archaludon      stamina  assaultvest [bodypress, dracometeor, dragontail, flashcannon] ttype=fighting
INFO     Sampling 4 unrevealed pokemon
INFO     	      cresselia     levitate    leftovers [calmmind, moonlight, psyshock, thunderbolt] ttype=poison
INFO     	enamorustherian     overcoat weaknesspolicy [agility, earthpower, moonblast, superpower] ttype=ground
INFO     	     gothitelle    shadowtag  choicescarf [darkpulse, focusblast, psychic, trick] ttype=dark
INFO     	       landorus   sheerforce      lifeorb [earthpower, psychic, rockslide, sludgewave] ttype=ground
INFO     Sampling battle 4
INFO     	       frosmoth    icescales heavydutyboots [bugbuzz, hurricane, icebeam, quiverdance] ttype=water
INFO     	     archaludon      stamina  assaultvest [bodypress, dracometeor, dragontail, flashcannon] ttype=fighting
INFO     Sampling 4 unrevealed pokemon
INFO     	        slowbro  regenerator  assaultvest [bodypress, futuresight, psychicnoise, scald] ttype=fighting
INFO     	      tyranitar   sandstream    leftovers [earthquake, knockoff, stoneedge, thunderwave] ttype=rock
INFO     	     annihilape      defiant    leftovers [bulkup, drainpunch, gunkshot, ragefist] ttype=fairy
INFO     	       gyarados   intimidate heavydutyboots [dragondance, earthquake, stoneedge, waterfall] ttype=ground
INFO     Sampling battle 5
INFO     	       frosmoth    icescales heavydutyboots [gigadrain, icebeam, quiverdance, terablast] ttype=ground
INFO     	     archaludon      stamina    leftovers [bodypress, dracometeor, flashcannon, thunderwave] ttype=fighting
INFO     Sampling 4 unrevealed pokemon
INFO     	       torterra     overgrow   loadeddice [bulletseed, headlongrush, rockblast, shellsmash] ttype=ground
INFO     	         klefki    prankster    leftovers [dazzlinggleam, foulplay, spikes, thunderwave] ttype=flying
INFO     	    walkingwake protosynthesis      lifeorb [dracometeor, flamethrower, hydrosteam, sunnyday] ttype=fire
INFO     	          ditto     imposter  choicescarf [transform] ttype=ghost
INFO     Sampling battle 6
INFO     	       frosmoth    icescales heavydutyboots [bugbuzz, hurricane, icebeam, quiverdance] ttype=water
INFO     	     archaludon      stamina  assaultvest [bodypress, dracometeor, dragontail, flashcannon] ttype=fighting
INFO     Sampling 4 unrevealed pokemon
INFO     	       mudsdale      stamina    leftovers [earthquake, heavyslam, roar, stealthrock] ttype=steel
INFO     	       greninja      protean      lifeorb [gunkshot, hydropump, icebeam, spikes] ttype=poison
INFO     	         rabsca  synchronize heavydutyboots [bugbuzz, earthpower, psychic, revivalblessing] ttype=steel
INFO     	      amoonguss  regenerator    leftovers [gigadrain, sludgebomb, spore, toxic] ttype=water
INFO     Sampling battle 7
INFO     	       frosmoth    icescales heavydutyboots [bugbuzz, icebeam, quiverdance, terablast] ttype=ground
INFO     	     archaludon      stamina    leftovers [bodypress, dracometeor, flashcannon, thunderwave] ttype=fighting
INFO     Sampling 4 unrevealed pokemon
INFO     	       meloetta  serenegrace      lifeorb [closecombat, knockoff, relicsong, tripleaxel] ttype=fighting
INFO     	      registeel    clearbody  chestoberry [bodypress, irondefense, ironhead, rest] ttype=fighting
INFO     	     conkeldurr         guts     flameorb [closecombat, facade, knockoff, machpunch] ttype=normal
INFO     	       politoed      drizzle  choicespecs [focusblast, hydropump, icebeam, weatherball] ttype=water
INFO     Sampling battle 8
INFO     	       frosmoth    icescales heavydutyboots [gigadrain, icebeam, quiverdance, terablast] ttype=ground
INFO     	     archaludon      stamina  assaultvest [bodypress, dracometeor, dragontail, flashcannon] ttype=fighting
INFO     Sampling 4 unrevealed pokemon
INFO     	typhlosionhisui        blaze heavydutyboots [calmmind, fireblast, focusblast, shadowball] ttype=fighting
INFO     	     misdreavus     levitate     eviolite [calmmind, drainingkiss, shadowball, willowisp] ttype=fairy
INFO     	       hariyama         guts     flameorb [bulletpunch, closecombat, facade, knockoff] ttype=normal
INFO     	       lurantis     contrary    leftovers [knockoff, leafstorm, superpower, synthesis] ttype=fighting
INFO     Sampling battle 9
INFO     	       frosmoth    icescales heavydutyboots [bugbuzz, gigadrain, icebeam, quiverdance] ttype=water
INFO     	     archaludon      stamina  assaultvest [bodypress, dracometeor, dragontail, flashcannon] ttype=fighting
INFO     Sampling 4 unrevealed pokemon
INFO     	       ribombee   shielddust heavydutyboots [moonblast, stickyweb, stunspore, uturn] ttype=ghost
INFO     	          rotom     levitate      lifeorb [nastyplot, shadowball, thunderbolt, willowisp] ttype=electric
INFO     	         comfey       triage    leftovers [calmmind, drainingkiss, gigadrain, storedpower] ttype=steel
INFO     	      metagross    clearbody weaknesspolicy [agility, earthquake, heavyslam, psychicfangs] ttype=ground
INFO     Sampling battle 10
INFO     	       frosmoth    icescales heavydutyboots [gigadrain, hurricane, icebeam, quiverdance] ttype=water
INFO     	     archaludon      stamina    leftovers [bodypress, dracometeor, flashcannon, thunderwave] ttype=fighting
INFO     Sampling 4 unrevealed pokemon
INFO     	      passimian      defiant    leftovers [bulkup, drainpunch, gunkshot, knockoff] ttype=steel
INFO     	       meowstic    prankster    lightclay [alluringvoice, lightscreen, psychicnoise, reflect] ttype=fairy
INFO     	  qwilfishhisui   intimidate     eviolite [crunch, gunkshot, spikes, taunt] ttype=poison
INFO     	       tsareena queenlymajesty heavydutyboots [highjumpkick, powerwhip, synthesis, uturn] ttype=fighting
INFO     Sampling battle 11
INFO     	       frosmoth    icescales heavydutyboots [bugbuzz, icebeam, quiverdance, terablast] ttype=ground
INFO     	     archaludon      stamina    leftovers [bodypress, dracometeor, flashcannon, thunderwave] ttype=fighting
INFO     Sampling 4 unrevealed pokemon
INFO     	         flygon     levitate  choicescarf [earthquake, outrage, stoneedge, uturn] ttype=ground
INFO     	      glastrier chillingneigh heavydutyboots [closecombat, highhorsepower, iciclecrash, swordsdance] ttype=fighting
INFO     	          lugia   multiscale heavydutyboots [aeroblast, calmmind, psychicnoise, recover] ttype=steel
INFO     	      infernape        blaze      lifeorb [closecombat, gunkshot, knockoff, overheat] ttype=dark
INFO     Sampling battle 12
INFO     	       frosmoth    icescales heavydutyboots [gigadrain, icebeam, quiverdance, terablast] ttype=ground
INFO     	     archaludon      stamina  assaultvest [bodypress, dracometeor, flashcannon, thunderbolt] ttype=fighting
INFO     Sampling 4 unrevealed pokemon
INFO     	    oinkolognef    aromaveil    leftovers [bodyslam, curse, rest, sleeptalk] ttype=fairy
INFO     	      cinderace       libero heavydutyboots [courtchange, pyroball, uturn, willowisp] ttype=grass
INFO     	      piloswine     thickfat     eviolite [earthquake, iceshard, iciclecrash, roar] ttype=dragon
INFO     	         emboar     reckless  assaultvest [closecombat, flareblitz, knockoff, wildcharge] ttype=dark
INFO     Sampling battle 13
INFO     	       frosmoth    icescales heavydutyboots [bugbuzz, icebeam, quiverdance, terablast] ttype=ground
INFO     	     archaludon      stamina    leftovers [bodypress, dracometeor, flashcannon, stealthrock] ttype=fighting
INFO     Sampling 4 unrevealed pokemon
INFO     	        haxorus  moldbreaker   loadeddice [earthquake, ironhead, scaleshot, swordsdance] ttype=steel
INFO     	            mew  synchronize    leftovers [encore, psychicnoise, uturn, willowisp] ttype=fairy
INFO     	          klawf  regenerator      lifeorb [highhorsepower, knockoff, stealthrock, stoneedge] ttype=dark
INFO     	       swampert      torrent  assaultvest [earthquake, flipturn, icebeam, knockoff] ttype=steel
INFO     Sampling battle 14
INFO     	       frosmoth    icescales heavydutyboots [bugbuzz, icebeam, quiverdance, terablast] ttype=ground
INFO     	     archaludon      stamina  assaultvest [bodypress, dracometeor, dragontail, flashcannon] ttype=fighting
INFO     Sampling 4 unrevealed pokemon
INFO     	        leafeon  chlorophyll      lifeorb [doubleedge, leafblade, swordsdance, synthesis] ttype=normal
INFO     	  slowkinggalar  regenerator  assaultvest [fireblast, futuresight, psychicnoise, sludgebomb] ttype=fairy
INFO     	      duraludon   lightmetal     eviolite [bodypress, dracometeor, flashcannon, stealthrock] ttype=fighting
INFO     	     scovillain  chlorophyll heavydutyboots [energyball, fireblast, stompingtantrum, sunnyday] ttype=fire
INFO     Sampling battle 15
INFO     	       frosmoth    icescales heavydutyboots [bugbuzz, gigadrain, icebeam, quiverdance] ttype=water
INFO     	     archaludon      stamina  assaultvest [bodypress, dracometeor, flashcannon, thunderbolt] ttype=fighting
INFO     Sampling 4 unrevealed pokemon
INFO     	      arceusbug    multitype  insectplate [calmmind, earthpower, judgment, recover] ttype=ground
INFO     	   dugtrioalola tanglinghair      lifeorb [earthquake, ironhead, stealthrock, stoneedge] ttype=ground
INFO     	tornadustherian  regenerator  choicespecs [bleakwindstorm, focusblast, grassknot, uturn] ttype=flying
INFO     	  calyrexshadow asonespectrier      lifeorb [astralbarrage, nastyplot, pollenpuff, psyshock] ttype=dark
INFO     Searching for a move using MCTS...
INFO     Sampling 16 battles at 500ms each
INFO     Choice: ironhead
INFO     Updated frosmoth's min speed to 85
INFO     frosmoth terastallized. Tera type: ground, Original types: ['ice', 'bug']
INFO     frosmoth used two different moves - it cannot have a choice item
INFO     frosmoth used a normal move, removing normalgem from possible items
INFO     Setting frosmoth's last used move: terablast
INFO     frosmoth used a damaging move - not guessing lifeorb anymore
INFO     frosmoth did 80.92% damage to registeel with terablast
INFO     registeel already has the move ironhead. Decrementing the PP by 1
INFO     registeel used a steel move, removing steelgem from possible items
INFO     Setting registeel's last used move: ironhead
INFO     registeel used a damaging move - not guessing lifeorb anymore
INFO     registeel did 38.0% damage to frosmoth with ironhead
INFO     Setting registeel's item to: leftovers
INFO     frosmoth has less than maxhp during upkeep, no longer guessing leftovers or blacksludge
INFO     
INFO     Turn: 6
INFO     loaded 13 player and 0 effective opponent priors
INFO     Sampling battle 0
INFO     	       frosmoth    icescales heavydutyboots [gigadrain, icebeam, quiverdance, terablast] ttype=ground
INFO     	     archaludon      stamina    leftovers [bodypress, dracometeor, flashcannon, stealthrock] ttype=fighting
INFO     Sampling 4 unrevealed pokemon
INFO     	       indeedee psychicsurge      lifeorb [calmmind, expandingforce, hypervoice, shadowball] ttype=psychic
INFO     	     toxtricity     punkrock  choicescarf [boomburst, overdrive, sludgewave, voltswitch] ttype=normal
INFO     	      greattusk protosynthesis    leftovers [bulkup, closecombat, earthquake, rapidspin] ttype=steel
INFO     	         furret        frisk   choiceband [doubleedge, knockoff, trick, uturn] ttype=normal
INFO     Sampling battle 1
INFO     	       frosmoth    icescales heavydutyboots [gigadrain, icebeam, quiverdance, terablast] ttype=ground
INFO     	     archaludon      stamina  assaultvest [bodypress, dracometeor, flashcannon, thunderbolt] ttype=fighting
INFO     Sampling 4 unrevealed pokemon
INFO     	        breloom   technician      lifeorb [bulletseed, machpunch, spore, swordsdance] ttype=fighting
INFO     	       dragalge adaptability    leftovers [dracometeor, focusblast, sludgewave, toxic] ttype=fighting
INFO     	     ironleaves   quarkdrive      lifeorb [closecombat, leafblade, psyblade, swordsdance] ttype=fighting
INFO     	       swampert         damp    leftovers [earthquake, knockoff, stealthrock, yawn] ttype=poison
INFO     Sampling battle 2
INFO     	       frosmoth    icescales heavydutyboots [gigadrain, icebeam, quiverdance, terablast] ttype=ground
INFO     	     archaludon      stamina  assaultvest [bodypress, dracometeor, flashcannon, thunderbolt] ttype=fighting
INFO     Sampling 4 unrevealed pokemon
INFO     	      spiritomb  infiltrator    leftovers [foulplay, poltergeist, suckerpunch, toxic] ttype=steel
INFO     	       chimecho     levitate    leftovers [calmmind, dazzlinggleam, psyshock, recover] ttype=poison
INFO     	         latios     levitate      souldew [aurasphere, dracometeor, lusterpurge, recover] ttype=steel
INFO     	      gastrodon   stormdrain    leftovers [earthquake, icebeam, recover, surf] ttype=poison
INFO     Sampling battle 3
INFO     	       frosmoth    icescales heavydutyboots [gigadrain, icebeam, quiverdance, terablast] ttype=ground
INFO     	     archaludon      stamina  assaultvest [bodypress, dracometeor, flashcannon, thunderbolt] ttype=fighting
INFO     Sampling 4 unrevealed pokemon
INFO     	      arceusbug    multitype  insectplate [calmmind, earthpower, judgment, recover] ttype=ground
INFO     	       reshiram   turboblaze heavydutyboots [blueflare, dracometeor, dragontail, earthpower] ttype=ground
INFO     	      alomomola  regenerator  rockyhelmet [flipturn, protect, scald, wish] ttype=poison
INFO     	       quagsire      unaware    leftovers [earthquake, recover, spikes, toxic] ttype=steel
INFO     Sampling battle 4
INFO     	       frosmoth    icescales heavydutyboots [bugbuzz, icebeam, quiverdance, terablast] ttype=ground
INFO     	     archaludon      stamina  assaultvest [bodypress, dracometeor, flashcannon, thunderbolt] ttype=fighting
INFO     Sampling 4 unrevealed pokemon
INFO     	        morpeko hungerswitch    leftovers [aurawheel, knockoff, protect, rapidspin] ttype=electric
INFO     	      cinderace       libero heavydutyboots [courtchange, pyroball, uturn, willowisp] ttype=grass
INFO     	   moltresgalar      berserk  chestoberry [fierywrath, hurricane, nastyplot, rest] ttype=dark
INFO     	       dusknoir        frisk    leftovers [earthquake, painsplit, poltergeist, willowisp] ttype=dark
INFO     Sampling battle 5
INFO     	       frosmoth    icescales heavydutyboots [bugbuzz, icebeam, quiverdance, terablast] ttype=ground
INFO     	     archaludon      stamina    leftovers [bodypress, dracometeor, flashcannon, thunderwave] ttype=fighting
INFO     Sampling 4 unrevealed pokemon
INFO     	       meganium     overgrow    leftovers [encore, energyball, knockoff, synthesis] ttype=steel
INFO     	     shayminsky  serenegrace  choicespecs [airslash, dazzlinggleam, earthpower, seedflare] ttype=ground
INFO     	     eelektross     levitate  assaultvest [closecombat, discharge, flamethrower, uturn] ttype=steel
INFO     	        noctowl   tintedlens heavydutyboots [hurricane, hypervoice, nastyplot, roost] ttype=normal
INFO     Sampling battle 6
INFO     	       frosmoth    icescales heavydutyboots [gigadrain, icebeam, quiverdance, terablast] ttype=ground
INFO     	     archaludon      stamina  assaultvest [bodypress, dracometeor, dragontail, flashcannon] ttype=fighting
INFO     Sampling 4 unrevealed pokemon
INFO     	    kyuremwhite   turboblaze  choicespecs [dracometeor, freezedry, fusionflare, icebeam] ttype=dragon
INFO     	         rabsca  synchronize heavydutyboots [bugbuzz, earthpower, psychic, revivalblessing] ttype=steel
INFO     	   zoroarkhisui     illusion      lifeorb [focusblast, hypervoice, poltergeist, willowisp] ttype=fighting
INFO     	         comfey       triage    leftovers [calmmind, drainingkiss, gigadrain, terablast] ttype=ground
INFO     Sampling battle 7
INFO     	       frosmoth    icescales heavydutyboots [bugbuzz, icebeam, quiverdance, terablast] ttype=ground
INFO     	     archaludon      stamina    leftovers [bodypress, dracometeor, flashcannon, thunderwave] ttype=fighting
INFO     Sampling 4 unrevealed pokemon
INFO     	       dragalge adaptability    leftovers [dracometeor, focusblast, sludgewave, toxicspikes] ttype=fighting
INFO     	squawkabillyyellow       hustle heavydutyboots [bravebird, foulplay, partingshot, quickattack] ttype=flying
INFO     	       solgaleo fullmetalbody weaknesspolicy [closecombat, earthquake, flamecharge, sunsteelstrike] ttype=ground
INFO     	      mismagius     levitate    leftovers [nastyplot, shadowball, substitute, terablast] ttype=fighting
INFO     Sampling battle 8
INFO     	       frosmoth    icescales heavydutyboots [bugbuzz, icebeam, quiverdance, terablast] ttype=ground
INFO     	     archaludon      stamina  assaultvest [bodypress, dracometeor, dragontail, flashcannon] ttype=fighting
INFO     Sampling 4 unrevealed pokemon
INFO     	       basculin adaptability   choiceband [aquajet, doubleedge, flipturn, wavecrash] ttype=water
INFO     	        mimikyu     disguise      lifeorb [drainpunch, playrough, shadowsneak, swordsdance] ttype=fighting
INFO     	        flareon         guts     toxicorb [facade, flareblitz, trailblaze, willowisp] ttype=normal
INFO     	       rotomfan     levitate heavydutyboots [airslash, thunderbolt, voltswitch, willowisp] ttype=steel
INFO     Sampling battle 9
INFO     	       frosmoth    icescales heavydutyboots [bugbuzz, icebeam, quiverdance, terablast] ttype=ground
INFO     	     archaludon      stamina    leftovers [bodypress, dracometeor, flashcannon, thunderwave] ttype=fighting
INFO     Sampling 4 unrevealed pokemon
INFO     	     bombirdier     bigpecks heavydutyboots [bravebird, knockoff, roost, suckerpunch] ttype=steel
INFO     	     tentacruel   liquidooze    leftovers [haze, sludgebomb, surf, toxicspikes] ttype=flying
INFO     	       drifblim     unburden  sitrusberry [airslash, calmmind, shadowball, strengthsap] ttype=dark
INFO     	       sawsbuck    sapsipper      lifeorb [doubleedge, highhorsepower, hornleech, swordsdance] ttype=normal
INFO     Sampling battle 10
INFO     	       frosmoth    icescales heavydutyboots [gigadrain, icebeam, quiverdance, terablast] ttype=ground
INFO     	     archaludon      stamina    leftovers [bodypress, dracometeor, flashcannon, thunderwave] ttype=fighting
INFO     Sampling 4 unrevealed pokemon
INFO     	    oricoriopau       dancer heavydutyboots [hurricane, quiverdance, revelationdance, roost] ttype=fighting
INFO     	       overqwil   intimidate   choiceband [aquajet, crunch, gunkshot, liquidation] ttype=water
INFO     	      salamence   intimidate heavydutyboots [dragondance, dualwingbeat, outrage, roost] ttype=steel
INFO     	        wochien tabletsofruin    leftovers [knockoff, leechseed, protect, stunspore] ttype=poison
INFO     Sampling battle 11
INFO     	       frosmoth    icescales heavydutyboots [gigadrain, icebeam, quiverdance, terablast] ttype=ground
INFO     	     archaludon      stamina    leftovers [bodypress, dracometeor, flashcannon, thunderwave] ttype=fighting
INFO     Sampling 4 unrevealed pokemon
INFO     	        suicune     pressure    leftovers [calmmind, icebeam, scald, substitute] ttype=dragon
INFO     	thundurustherian   voltabsorb heavydutyboots [nastyplot, psychic, sludgewave, thunderbolt] ttype=psychic
INFO     	       rotommow     levitate    leftovers [leafstorm, thunderbolt, voltswitch, willowisp] ttype=electric
INFO     	       illumise    prankster heavydutyboots [bugbuzz, encore, roost, thunderwave] ttype=water
INFO     Sampling battle 12
INFO     	       frosmoth    icescales heavydutyboots [bugbuzz, icebeam, quiverdance, terablast] ttype=ground
INFO     	     archaludon      stamina    leftovers [bodypress, dracometeor, flashcannon, stealthrock] ttype=fighting
INFO     Sampling 4 unrevealed pokemon
INFO     	      dunsparce  serenegrace     eviolite [bodyslam, coil, earthquake, roost] ttype=ghost
INFO     	      kingambit supremeoverlord    leftovers [ironhead, kowtowcleave, suckerpunch, swordsdance] ttype=dark
INFO     	        kingdra       sniper     lumberry [dragondance, ironhead, outrage, wavecrash] ttype=steel
INFO     	        wugtrio        gooey   choiceband [aquajet, liquidation, stompingtantrum, throatchop] ttype=ground
INFO     Sampling battle 13
INFO     	       frosmoth    icescales heavydutyboots [gigadrain, icebeam, quiverdance, terablast] ttype=ground
INFO     	     archaludon      stamina    leftovers [bodypress, dracometeor, flashcannon, stealthrock] ttype=fighting
INFO     Sampling 4 unrevealed pokemon
INFO     	      poliwrath  waterabsorb  assaultvest [circlethrow, closecombat, knockoff, liquidation] ttype=dark
INFO     	       tornadus      defiant  choicespecs [bleakwindstorm, focusblast, grassknot, uturn] ttype=fighting
INFO     	      spiritomb  infiltrator    leftovers [foulplay, poltergeist, suckerpunch, toxic] ttype=ghost
INFO     	       clodsire  waterabsorb    leftovers [earthquake, gunkshot, recover, toxic] ttype=flying
INFO     Sampling battle 14
INFO     	       frosmoth    icescales heavydutyboots [gigadrain, icebeam, quiverdance, terablast] ttype=ground
INFO     	     archaludon      stamina    leftovers [bodypress, dracometeor, flashcannon, stealthrock] ttype=fighting
INFO     Sampling 4 unrevealed pokemon
INFO     	       reshiram   turboblaze heavydutyboots [blueflare, dracometeor, dragontail, earthpower] ttype=ground
INFO     	    deoxysspeed     pressure    focussash [psychoboost, spikes, stealthrock, superpower] ttype=ghost
INFO     	      palossand watercompaction    leftovers [earthpower, shadowball, shoreup, stealthrock] ttype=poison
INFO     	     ironthorns   quarkdrive   airballoon [earthquake, stealthrock, stoneedge, wildcharge] ttype=flying
INFO     Sampling battle 15
INFO     	       frosmoth    icescales heavydutyboots [gigadrain, icebeam, quiverdance, terablast] ttype=ground
INFO     	     archaludon      stamina  assaultvest [bodypress, dracometeor, dragontail, flashcannon] ttype=fighting
INFO     Sampling 4 unrevealed pokemon
INFO     	        wochien tabletsofruin    leftovers [knockoff, leechseed, protect, ruination] ttype=poison
INFO     	         rhydon lightningrod     eviolite [earthquake, megahorn, stoneedge, swordsdance] ttype=water
INFO     	      spectrier    grimneigh      lifeorb [darkpulse, drainingkiss, nastyplot, shadowball] ttype=fairy
INFO     	       froslass   cursedbody     widelens [poltergeist, spikes, taunt, tripleaxel] ttype=ghost
INFO     Searching for a move using MCTS...
INFO     Sampling 16 battles at 500ms each
INFO     Choice: bodypress
INFO     Updated frosmoth's min speed to 85
INFO     frosmoth already has the move terablast. Decrementing the PP by 1
INFO     frosmoth used a normal move, removing normalgem from possible items
INFO     Setting frosmoth's last used move: terablast
INFO     frosmoth used a damaging move - not guessing lifeorb anymore
INFO     frosmoth did 25.19% damage to registeel with terablast
INFO     frosmoth has less than maxhp during upkeep, no longer guessing leftovers or blacksludge
INFO     loaded 5 player and 0 effective opponent priors
INFO     Sampling battle 0
INFO     	       frosmoth    icescales heavydutyboots [gigadrain, icebeam, quiverdance, terablast] ttype=ground
INFO     	     archaludon      stamina    leftovers [bodypress, dracometeor, flashcannon, stealthrock] ttype=fighting
INFO     Sampling 4 unrevealed pokemon
INFO     	        kleavor    sharpness heavydutyboots [closecombat, stoneaxe, swordsdance, xscissor] ttype=rock
INFO     	        lanturn   voltabsorb heavydutyboots [scald, thunderbolt, thunderwave, voltswitch] ttype=flying
INFO     	     typhlosion    flashfire  choicescarf [eruption, fireblast, focusblast, scorchingsands] ttype=fire
INFO     	      dunsparce  serenegrace     eviolite [bodyslam, coil, earthquake, roost] ttype=ghost
INFO     Sampling battle 1
INFO     	       frosmoth    icescales heavydutyboots [gigadrain, icebeam, quiverdance, terablast] ttype=ground
INFO     	     archaludon      stamina  assaultvest [bodypress, dracometeor, flashcannon, thunderbolt] ttype=fighting
INFO     Sampling 4 unrevealed pokemon
INFO     	    meowscarada      protean   choiceband [flowertrick, knockoff, tripleaxel, uturn] ttype=grass
INFO     	        morpeko hungerswitch    leftovers [aurawheel, knockoff, protect, rapidspin] ttype=electric
INFO     	      girafarig    sapsipper     eviolite [dazzlinggleam, nastyplot, psyshock, thunderbolt] ttype=psychic
INFO     	        dondozo      unaware    leftovers [curse, rest, sleeptalk, wavecrash] ttype=fairy
INFO     Sampling battle 2
INFO     	       frosmoth    icescales heavydutyboots [gigadrain, icebeam, quiverdance, terablast] ttype=ground
INFO     	     archaludon      stamina    leftovers [bodypress, dracometeor, flashcannon, thunderwave] ttype=fighting
INFO     Sampling 4 unrevealed pokemon
INFO     	      eternatus     pressure  rockyhelmet [dynamaxcannon, fireblast, recover, sludgebomb] ttype=dragon
INFO     	    arceusfairy    multitype   pixieplate [calmmind, earthpower, judgment, recover] ttype=steel
INFO     	          lokix   tintedlens      lifeorb [firstimpression, knockoff, leechlife, suckerpunch] ttype=bug
INFO     	     screamtail protosynthesis    leftovers [playrough, protect, thunderwave, wish] ttype=poison
INFO     Sampling battle 3
INFO     	       frosmoth    icescales heavydutyboots [bugbuzz, icebeam, quiverdance, terablast] ttype=ground
INFO     	     archaludon      stamina  assaultvest [bodypress, dracometeor, flashcannon, thunderbolt] ttype=fighting
INFO     Sampling 4 unrevealed pokemon
INFO     	    sandyshocks protosynthesis    leftovers [earthpower, stealthrock, thunderbolt, thunderwave] ttype=electric
INFO     	      pachirisu   voltabsorb  assaultvest [nuzzle, superfang, thunderbolt, uturn] ttype=flying
INFO     	       mudsdale      stamina    leftovers [earthquake, heavyslam, roar, stealthrock] ttype=steel
INFO     	     conkeldurr         guts     flameorb [closecombat, facade, knockoff, machpunch] ttype=normal
INFO     Sampling battle 4
INFO     	       frosmoth    icescales heavydutyboots [gigadrain, icebeam, quiverdance, terablast] ttype=ground
INFO     	     archaludon      stamina    leftovers [bodypress, dracometeor, flashcannon, thunderwave] ttype=fighting
INFO     Sampling 4 unrevealed pokemon
INFO     	    roaringmoon protosynthesis boosterenergy [dragondance, ironhead, knockoff, outrage] ttype=steel
INFO     	      clawitzer megalauncher  choicespecs [aurasphere, darkpulse, uturn, waterpulse] ttype=fighting
INFO     	        jolteon   voltabsorb    leftovers [calmmind, substitute, terablast, thunderbolt] ttype=ice
INFO     	          arbok   intimidate    leftovers [coil, earthquake, gunkshot, suckerpunch] ttype=ground
INFO     Sampling battle 5
INFO     	       frosmoth    icescales heavydutyboots [gigadrain, icebeam, quiverdance, terablast] ttype=ground
INFO     	     archaludon      stamina    leftovers [bodypress, dracometeor, flashcannon, thunderwave] ttype=fighting
INFO     Sampling 4 unrevealed pokemon
INFO     	      clawitzer megalauncher  assaultvest [aurasphere, dragonpulse, uturn, waterpulse] ttype=dragon
INFO     	      coalossal    flamebody heavydutyboots [overheat, rapidspin, spikes, stoneedge] ttype=grass
INFO     	      crawdaunt adaptability   choiceband [aquajet, closecombat, crabhammer, knockoff] ttype=fighting
INFO     	        banette     insomnia      lifeorb [gunkshot, poltergeist, shadowsneak, thunderwave] ttype=poison
INFO     Sampling battle 6
INFO     	       frosmoth    icescales heavydutyboots [gigadrain, icebeam, quiverdance, terablast] ttype=ground
INFO     	     archaludon      stamina  assaultvest [bodypress, dracometeor, dragontail, flashcannon] ttype=fighting
INFO     Sampling 4 unrevealed pokemon
INFO     	        beartic    slushrush   choiceband [aquajet, closecombat, earthquake, iciclecrash] ttype=fighting
INFO     	        lucario   innerfocus      lifeorb [aurasphere, flashcannon, nastyplot, vacuumwave] ttype=fighting
INFO     	       mukalola  poisontouch  assaultvest [drainpunch, knockoff, poisonjab, shadowsneak] ttype=fighting
INFO     	      indeedeef psychicsurge  choicespecs [dazzlinggleam, hypervoice, psyshock, shadowball] ttype=fairy
INFO     Sampling battle 7
INFO     	       frosmoth    icescales heavydutyboots [bugbuzz, icebeam, quiverdance, terablast] ttype=ground
INFO     	     archaludon      stamina    leftovers [bodypress, dracometeor, flashcannon, thunderwave] ttype=fighting
INFO     Sampling 4 unrevealed pokemon
INFO     	        wochien tabletsofruin    leftovers [knockoff, leechseed, protect, ruination] ttype=poison
INFO     	      munkidori   toxicchain  assaultvest [fakeout, psychicnoise, sludgewave, uturn] ttype=dark
INFO     	       espathra   speedboost    leftovers [calmmind, dazzlinggleam, roost, storedpower] ttype=fairy
INFO     	        breloom   technician      lifeorb [bulletseed, machpunch, rocktomb, spore] ttype=fighting
INFO     Sampling battle 8
INFO     	       frosmoth    icescales heavydutyboots [gigadrain, icebeam, quiverdance, terablast] ttype=ground
INFO     	     archaludon      stamina  assaultvest [bodypress, dracometeor, dragontail, flashcannon] ttype=fighting
INFO     Sampling 4 unrevealed pokemon
INFO     	       smeargle     owntempo    focussash [ceaselessedge, spore, stickyweb, whirlwind] ttype=ghost
INFO     	      pachirisu   voltabsorb  assaultvest [nuzzle, superfang, thunderbolt, uturn] ttype=flying
INFO     	        pikachu lightningrod    lightball [fakeout, surf, voltswitch, volttackle] ttype=water
INFO     	   deoxysattack     pressure      lifeorb [extremespeed, knockoff, psychoboost, superpower] ttype=dark
INFO     Sampling battle 9
INFO     	       frosmoth    icescales heavydutyboots [gigadrain, icebeam, quiverdance, terablast] ttype=ground
INFO     	     archaludon      stamina  assaultvest [bodypress, dracometeor, dragontail, flashcannon] ttype=fighting
INFO     Sampling 4 unrevealed pokemon
INFO     	      rotomheat     levitate heavydutyboots [discharge, overheat, painsplit, voltswitch] ttype=steel
INFO     	       arboliva      harvest  sitrusberry [hypervoice, leechseed, protect, substitute] ttype=water
INFO     	      cryogonal     levitate heavydutyboots [icebeam, rapidspin, recover, terablast] ttype=electric
INFO     	      tatsugiri   stormdrain heavydutyboots [dracometeor, nastyplot, rapidspin, surf] ttype=water
INFO     Sampling battle 10
INFO     	       frosmoth    icescales heavydutyboots [gigadrain, icebeam, quiverdance, terablast] ttype=ground
INFO     	     archaludon      stamina    leftovers [bodypress, dracometeor, flashcannon, stealthrock] ttype=fighting
INFO     Sampling 4 unrevealed pokemon
INFO     	  braviaryhisui   sheerforce      lifeorb [agility, heatwave, hurricane, psychic] ttype=fairy
INFO     	      girafarig    sapsipper     eviolite [hypervoice, nastyplot, psyshock, thunderbolt] ttype=normal
INFO     	       quagsire      unaware    leftovers [earthquake, icebeam, recover, toxic] ttype=steel
INFO     	      cryogonal     levitate heavydutyboots [icebeam, rapidspin, recover, terablast] ttype=electric
INFO     Sampling battle 11
INFO     	       frosmoth    icescales heavydutyboots [gigadrain, icebeam, quiverdance, terablast] ttype=ground
INFO     	     archaludon      stamina  assaultvest [bodypress, dracometeor, flashcannon, thunderbolt] ttype=fighting
INFO     Sampling 4 unrevealed pokemon
INFO     	landorustherian   intimidate    leftovers [earthquake, stealthrock, taunt, uturn] ttype=ground
INFO     	      hippowdon   sandstream    leftovers [curse, earthquake, slackoff, stoneedge] ttype=steel
INFO     	        avalugg       sturdy heavydutyboots [avalanche, bodypress, rapidspin, recover] ttype=fighting
INFO     	       houndoom    flashfire heavydutyboots [darkpulse, fireblast, sludgebomb, suckerpunch] ttype=poison
INFO     Sampling battle 12
INFO     	       frosmoth    icescales heavydutyboots [gigadrain, icebeam, quiverdance, terablast] ttype=ground
INFO     	     archaludon      stamina  assaultvest [bodypress, dracometeor, dragontail, flashcannon] ttype=fighting
INFO     Sampling 4 unrevealed pokemon
INFO     	        milotic  competitive    leftovers [dragontail, icebeam, recover, scald] ttype=steel
INFO     	       empoleon  competitive    leftovers [knockoff, roost, stealthrock, surf] ttype=grass
INFO     	        glaceon      icebody heavydutyboots [calmmind, freezedry, protect, wish] ttype=water
INFO     	       camerupt    solidrock    leftovers [earthquake, overheat, stealthrock, willowisp] ttype=water
INFO     Sampling battle 13
INFO     	       frosmoth    icescales heavydutyboots [bugbuzz, icebeam, quiverdance, terablast] ttype=ground
INFO     	     archaludon      stamina    leftovers [bodypress, dracometeor, flashcannon, stealthrock] ttype=fighting
INFO     Sampling 4 unrevealed pokemon
INFO     	        kingdra       sniper     lumberry [dragondance, outrage, waterfall, wavecrash] ttype=water
INFO     	       alcremie    aromaveil    leftovers [alluringvoice, calmmind, psyshock, recover] ttype=poison
INFO     	        manaphy    hydration    leftovers [energyball, hydropump, icebeam, tailglow] ttype=grass
INFO     	      cresselia     levitate    leftovers [calmmind, moonlight, psyshock, thunderbolt] ttype=poison
INFO     Sampling battle 14
INFO     	       frosmoth    icescales heavydutyboots [bugbuzz, icebeam, quiverdance, terablast] ttype=ground
INFO     	     archaludon      stamina    leftovers [bodypress, dracometeor, flashcannon, stealthrock] ttype=fighting
INFO     Sampling 4 unrevealed pokemon
INFO     	zamazentacrowned dauntlessshield rustedshield [bodypress, heavyslam, irondefense, stoneedge] ttype=fighting
INFO     	   arceusflying    multitype     skyplate [calmmind, earthpower, judgment, recover] ttype=steel
INFO     	      mamoswine     thickfat   choiceband [earthquake, iceshard, iciclecrash, knockoff] ttype=ground
INFO     	        bruxish    strongjaw   choiceband [aquajet, crunch, psychicfangs, wavecrash] ttype=dark
INFO     Sampling battle 15
INFO     	       frosmoth    icescales heavydutyboots [gigadrain, icebeam, quiverdance, terablast] ttype=ground
INFO     	     archaludon      stamina    leftovers [bodypress, dracometeor, flashcannon, thunderwave] ttype=fighting
INFO     Sampling 4 unrevealed pokemon
INFO     	      arceusice    multitype  icicleplate [calmmind, judgment, recover, thunderbolt] ttype=electric
INFO     	       sunflora  chlorophyll      lifeorb [earthpower, solarbeam, sunnyday, weatherball] ttype=fire
INFO     	    kilowattrel   voltabsorb heavydutyboots [hurricane, roost, thunderbolt, uturn] ttype=water
INFO     	taurospaldeablaze      cudchew  sitrusberry [bulkup, closecombat, ragingbull, substitute] ttype=water
INFO     Searching for a move using MCTS...
INFO     Sampling 16 battles at 500ms each
INFO     Choice: switch lapras
INFO     lapras switched in, adding intimidate to impossible abilities
INFO     lapras switched in, adding pressure to impossible abilities
INFO     lapras switched in, adding neutralizinggas to impossible abilities
INFO     lapras switched in, adding sandstream to impossible abilities
INFO     lapras switched in, adding drought to impossible abilities
INFO     lapras switched in, adding drizzle to impossible abilities
INFO     lapras switched in, adding snowwarning to impossible abilities
INFO     lapras switched in, adding boosterenergy to impossible items
INFO     lapras switched in, adding airballoon to impossible items
INFO     
INFO     Turn: 7
INFO     loaded 12 player and 0 effective opponent priors
INFO     Sampling battle 0
INFO     	       frosmoth    icescales heavydutyboots [bugbuzz, icebeam, quiverdance, terablast] ttype=ground
INFO     	     archaludon      stamina    leftovers [bodypress, dracometeor, flashcannon, stealthrock] ttype=fighting
INFO     Sampling 4 unrevealed pokemon
INFO     	         palkia     pressure  choicescarf [dracometeor, fireblast, hydropump, spacialrend] ttype=water
INFO     	       clodsire      unaware    leftovers [earthquake, gunkshot, recover, spikes] ttype=steel
INFO     	      ceruledge    weakarmor heavydutyboots [bitterblade, closecombat, poltergeist, swordsdance] ttype=fire
INFO     	          hypno     insomnia    leftovers [focusblast, protect, psychicnoise, toxic] ttype=fighting
INFO     Sampling battle 1
INFO     	       frosmoth    icescales heavydutyboots [gigadrain, icebeam, quiverdance, terablast] ttype=ground
INFO     	     archaludon      stamina    leftovers [bodypress, dracometeor, flashcannon, stealthrock] ttype=fighting
INFO     Sampling 4 unrevealed pokemon
INFO     	     scovillain  chlorophyll    leftovers [flamethrower, leechseed, protect, substitute] ttype=steel
INFO     	   crabominable     ironfist   choiceband [drainpunch, gunkshot, icehammer, knockoff] ttype=fighting
INFO     	         dialga     pressure  assaultvest [dracometeor, dragontail, fireblast, heavyslam] ttype=steel
INFO     	      pecharunt poisonpuppeteer  rockyhelmet [malignantchain, partingshot, recover, shadowball] ttype=dark
INFO     Sampling battle 2
INFO     	       frosmoth    icescales heavydutyboots [gigadrain, icebeam, quiverdance, terablast] ttype=ground
INFO     	     archaludon      stamina  assaultvest [bodypress, dracometeor, flashcannon, thunderbolt] ttype=fighting
INFO     Sampling 4 unrevealed pokemon
INFO     	        drednaw   shellarmor    whiteherb [earthquake, liquidation, shellsmash, stoneedge] ttype=ground
INFO     	        zoroark     illusion  choicespecs [darkpulse, psychic, sludgebomb, uturn] ttype=poison
INFO     	      revavroom       filter      lifeorb [gunkshot, highhorsepower, ironhead, shiftgear] ttype=ground
INFO     	       appletun     thickfat    leftovers [appleacid, dracometeor, dragontail, recover] ttype=steel
INFO     Sampling battle 3
INFO     	       frosmoth    icescales heavydutyboots [bugbuzz, icebeam, quiverdance, terablast] ttype=ground
INFO     	     archaludon      stamina  assaultvest [bodypress, dracometeor, flashcannon, thunderbolt] ttype=fighting
INFO     Sampling 4 unrevealed pokemon
INFO     	         komala     comatose   choiceband [bodyslam, earthquake, knockoff, uturn] ttype=ghost
INFO     	       porygonz adaptability      lifeorb [agility, nastyplot, shadowball, terablast] ttype=fighting
INFO     	        volbeat    prankster heavydutyboots [encore, roost, thunderwave, uturn] ttype=water
INFO     	            mew  synchronize      lifeorb [closecombat, knockoff, psychicfangs, swordsdance] ttype=fighting
INFO     Sampling battle 4
INFO     	       frosmoth    icescales heavydutyboots [gigadrain, icebeam, quiverdance, terablast] ttype=ground
INFO     	     archaludon      stamina    leftovers [bodypress, dracometeor, flashcannon, stealthrock] ttype=fighting
INFO     Sampling 4 unrevealed pokemon
INFO     	       venusaur  chlorophyll    leftovers [leechseed, sleeppowder, sludgebomb, substitute] ttype=water
INFO     	       dragalge adaptability  choicespecs [dracometeor, flipturn, focusblast, sludgewave] ttype=fighting
INFO     	         rhydon lightningrod     eviolite [earthquake, megahorn, stealthrock, stoneedge] ttype=grass
INFO     	       dusknoir        frisk   choiceband [leechlife, poltergeist, shadowsneak, trick] ttype=ghost
INFO     Sampling battle 5
INFO     	       frosmoth    icescales heavydutyboots [bugbuzz, icebeam, quiverdance, terablast] ttype=ground
INFO     	     archaludon      stamina    leftovers [bodypress, dracometeor, flashcannon, thunderwave] ttype=fighting
INFO     Sampling 4 unrevealed pokemon
INFO     	      spiritomb  infiltrator    leftovers [foulplay, poltergeist, shadowsneak, willowisp] ttype=poison
INFO     	       tornadus    prankster heavydutyboots [bleakwindstorm, grassknot, heatwave, nastyplot] ttype=fire
INFO     	       empoleon  competitive    leftovers [flipturn, roar, roost, surf] ttype=flying
INFO     	       greninja      protean      lifeorb [grassknot, gunkshot, hydropump, uturn] ttype=poison
INFO     Sampling battle 6
INFO     	       frosmoth    icescales heavydutyboots [gigadrain, icebeam, quiverdance, terablast] ttype=ground
INFO     	     archaludon      stamina  assaultvest [bodypress, dracometeor, flashcannon, thunderbolt] ttype=fighting
INFO     Sampling 4 unrevealed pokemon
INFO     	      spiritomb  infiltrator   choiceband [foulplay, poltergeist, shadowsneak, suckerpunch] ttype=ghost
INFO     	        noivern  infiltrator  choicespecs [boomburst, dracometeor, flamethrower, hurricane] ttype=normal
INFO     	      quaquaval        moxie    leftovers [aquastep, closecombat, roost, swordsdance] ttype=steel
INFO     	      arceusice    multitype  icicleplate [calmmind, earthpower, judgment, recover] ttype=ground
INFO     Sampling battle 7
INFO     	       frosmoth    icescales heavydutyboots [bugbuzz, icebeam, quiverdance, terablast] ttype=ground
INFO     	     archaludon      stamina    leftovers [bodypress, dracometeor, flashcannon, thunderwave] ttype=fighting
INFO     Sampling 4 unrevealed pokemon
INFO     	     victreebel  chlorophyll      lifeorb [powerwhip, sludgewave, sunnyday, weatherball] ttype=fire
INFO     	    ironvaliant   quarkdrive      lifeorb [closecombat, knockoff, spiritbreak, swordsdance] ttype=dark
INFO     	       tinkaton  moldbreaker    leftovers [gigatonhammer, playrough, protect, swordsdance] ttype=steel
INFO     	ursalunabloodmoon     mindseye    leftovers [bloodmoon, calmmind, moonlight, vacuumwave] ttype=fighting
INFO     Sampling battle 8
INFO     	       frosmoth    icescales heavydutyboots [bugbuzz, icebeam, quiverdance, terablast] ttype=ground
INFO     	     archaludon      stamina    leftovers [bodypress, dracometeor, flashcannon, thunderwave] ttype=fighting
INFO     Sampling 4 unrevealed pokemon
INFO     	      pachirisu   voltabsorb  assaultvest [nuzzle, superfang, thunderbolt, uturn] ttype=flying
INFO     	        cetitan   sheerforce      lifeorb [earthquake, iceshard, iciclecrash, liquidation] ttype=water
INFO     	squawkabillywhite       hustle heavydutyboots [bravebird, doubleedge, partingshot, quickattack] ttype=normal
INFO     	           uxie     levitate    leftovers [encore, knockoff, psychicnoise, yawn] ttype=electric
INFO     Sampling battle 9
INFO     	       frosmoth    icescales heavydutyboots [gigadrain, icebeam, quiverdance, terablast] ttype=ground
INFO     	     archaludon      stamina  assaultvest [bodypress, dracometeor, flashcannon, thunderbolt] ttype=fighting
INFO     Sampling 4 unrevealed pokemon
INFO     	      ironcrown   quarkdrive    leftovers [calmmind, focusblast, psyshock, tachyoncutter] ttype=steel
INFO     	       sneasler  poisontouch   choiceband [closecombat, direclaw, throatchop, uturn] ttype=dark
INFO     	     krookodile   intimidate      lifeorb [earthquake, gunkshot, knockoff, stealthrock] ttype=ground
INFO     	 arceusfighting    multitype    fistplate [bodypress, cosmicpower, recover, storedpower] ttype=steel
INFO     Sampling battle 10
INFO     	       frosmoth    icescales heavydutyboots [gigadrain, icebeam, quiverdance, terablast] ttype=ground
INFO     	     archaludon      stamina  assaultvest [bodypress, dracometeor, dragontail, flashcannon] ttype=fighting
INFO     Sampling 4 unrevealed pokemon
INFO     	        toxapex  regenerator  rockyhelmet [haze, liquidation, recover, toxicspikes] ttype=steel
INFO     	        pikachu lightningrod    lightball [fakeout, playrough, surf, volttackle] ttype=water
INFO     	        beartic    swiftswim heavydutyboots [aquajet, earthquake, iciclecrash, swordsdance] ttype=ground
INFO     	     whimsicott    prankster    leftovers [encore, leechseed, moonblast, substitute] ttype=poison
INFO     Sampling battle 11
INFO     	       frosmoth    icescales heavydutyboots [bugbuzz, icebeam, quiverdance, terablast] ttype=ground
INFO     	     archaludon      stamina    leftovers [bodypress, dracometeor, flashcannon, stealthrock] ttype=fighting
INFO     Sampling 4 unrevealed pokemon
INFO     	      cryogonal     levitate heavydutyboots [icebeam, rapidspin, recover, terablast] ttype=electric
INFO     	        darkrai    baddreams      lifeorb [darkpulse, focusblast, nastyplot, sludgebomb] ttype=poison
INFO     	      infernape        blaze   choiceband [closecombat, flareblitz, gunkshot, knockoff] ttype=fighting
INFO     	        slowbro  regenerator  rockyhelmet [calmmind, psychicnoise, scald, slackoff] ttype=poison
INFO     Sampling battle 12
INFO     	       frosmoth    icescales heavydutyboots [gigadrain, icebeam, quiverdance, terablast] ttype=ground
INFO     	     archaludon      stamina  assaultvest [bodypress, dracometeor, flashcannon, thunderbolt] ttype=fighting
INFO     Sampling 4 unrevealed pokemon
INFO     	        falinks      defiant      lifeorb [closecombat, ironhead, knockoff, noretreat] ttype=dark
INFO     	      spiritomb  infiltrator   choiceband [foulplay, poltergeist, shadowsneak, suckerpunch] ttype=steel
INFO     	          lugia   multiscale heavydutyboots [aeroblast, calmmind, earthpower, recover] ttype=steel
INFO     	  arceuspsychic    multitype    mindplate [bodypress, cosmicpower, recover, storedpower] ttype=steel
INFO     Sampling battle 13
INFO     	       frosmoth    icescales heavydutyboots [gigadrain, icebeam, quiverdance, terablast] ttype=ground
INFO     	     archaludon      stamina  assaultvest [bodypress, dracometeor, flashcannon, thunderbolt] ttype=fighting
INFO     Sampling 4 unrevealed pokemon
INFO     	       greedent   cheekpouch  sitrusberry [doubleedge, earthquake, knockoff, swordsdance] ttype=ground
INFO     	       cacturne  waterabsorb      lifeorb [knockoff, seedbomb, suckerpunch, swordsdance] ttype=poison
INFO     	      heracross        moxie  choicescarf [closecombat, earthquake, knockoff, megahorn] ttype=fighting
INFO     	     sandaconda     shedskin    leftovers [coil, earthquake, rest, stoneedge] ttype=dragon
INFO     Sampling battle 14
INFO     	       frosmoth    icescales heavydutyboots [bugbuzz, icebeam, quiverdance, terablast] ttype=ground
INFO     	     archaludon      stamina    leftovers [bodypress, dracometeor, flashcannon, stealthrock] ttype=fighting
INFO     Sampling 4 unrevealed pokemon
INFO     	       jumpluff  infiltrator              [acrobatics, leechseed, strengthsap, substitute] ttype=steel
INFO     	      crawdaunt adaptability   choiceband [aquajet, closecombat, crabhammer, knockoff] ttype=fighting
INFO     	     pincurchin electricsurge    leftovers [curse, liquidation, recover, zingzap] ttype=water
INFO     	thundurustherian   voltabsorb  choicespecs [grassknot, psychic, thunderbolt, voltswitch] ttype=psychic
INFO     Sampling battle 15
INFO     	       frosmoth    icescales heavydutyboots [gigadrain, icebeam, quiverdance, terablast] ttype=ground
INFO     	     archaludon      stamina    leftovers [bodypress, dracometeor, flashcannon, stealthrock] ttype=fighting
INFO     Sampling 4 unrevealed pokemon
INFO     	         dodrio    earlybird   choiceband [bravebird, doubleedge, drillrun, knockoff] ttype=flying
INFO     	        haxorus  moldbreaker     lumberry [dragondance, earthquake, ironhead, outrage] ttype=steel
INFO     	          arbok   intimidate    leftovers [coil, earthquake, gunkshot, trailblaze] ttype=grass
INFO     	      rotomwash     levitate    leftovers [discharge, hydropump, painsplit, voltswitch] ttype=steel
INFO     Searching for a move using MCTS...
INFO     Sampling 16 battles at 500ms each
INFO     Choice: dragondance
INFO     Updated frosmoth's min speed to 102
INFO     frosmoth used two different moves - it cannot have a choice item
INFO     frosmoth used a bug move, removing buggem from possible items
INFO     Setting frosmoth's last used move: bugbuzz
INFO     frosmoth used a damaging move - not guessing lifeorb anymore
INFO     frosmoth did 38.690000000000005% damage to lapras with bugbuzz
INFO     lapras already has the move dragondance. Decrementing the PP by 1
INFO     lapras using dragondance makes it unlikely to have a choice item. Setting can_have_choice_item to False
INFO     lapras used a status-move. Adding `assaultvest` to impossible items
INFO     Setting lapras's last used move: dragondance
INFO     lapras's attack was boosted by 1 to 1
INFO     lapras's speed was boosted by 1 to 1
INFO     frosmoth has less than maxhp during upkeep, no longer guessing leftovers or blacksludge
INFO     
INFO     Turn: 8
INFO     loaded 12 player and 0 effective opponent priors
INFO     Sampling battle 0
INFO     	       frosmoth    icescales heavydutyboots [bugbuzz, icebeam, quiverdance, terablast] ttype=ground
INFO     	     archaludon      stamina  assaultvest [bodypress, dracometeor, flashcannon, thunderbolt] ttype=fighting
INFO     Sampling 4 unrevealed pokemon
INFO     	     ironbundle   quarkdrive heavydutyboots [encore, flipturn, freezedry, hydropump] ttype=water
INFO     	taurospaldeablaze   intimidate   choiceband [closecombat, flareblitz, stoneedge, wildcharge] ttype=fighting
INFO     	         rabsca  synchronize heavydutyboots [bugbuzz, earthpower, psychic, revivalblessing] ttype=steel
INFO     	     wigglytuff  competitive    leftovers [alluringvoice, fireblast, knockoff, thunderwave] ttype=poison
INFO     Sampling battle 1
INFO     	       frosmoth    icescales heavydutyboots [bugbuzz, icebeam, quiverdance, terablast] ttype=ground
INFO     	     archaludon      stamina    leftovers [bodypress, dracometeor, flashcannon, thunderwave] ttype=fighting
INFO     Sampling 4 unrevealed pokemon
INFO     	       jumpluff  infiltrator              [acrobatics, encore, strengthsap, uturn] ttype=steel
INFO     	     incineroar   intimidate  assaultvest [fakeout, knockoff, overheat, uturn] ttype=water
INFO     	        shiftry    windrider      lifeorb [knockoff, leafblade, suckerpunch, swordsdance] ttype=dark
INFO     	        banette     insomnia      lifeorb [gunkshot, poltergeist, shadowsneak, swordsdance] ttype=poison
INFO     Sampling battle 2
INFO     	       frosmoth    icescales heavydutyboots [bugbuzz, icebeam, quiverdance, terablast] ttype=ground
INFO     	     archaludon      stamina    leftovers [bodypress, dracometeor, flashcannon, stealthrock] ttype=fighting
INFO     Sampling 4 unrevealed pokemon
INFO     	        milotic  competitive    leftovers [dragontail, icebeam, recover, scald] ttype=dragon
INFO     	         latias     levitate      souldew [calmmind, dracometeor, psyshock, recover] ttype=steel
INFO     	         pawmot   voltabsorb      lifeorb [closecombat, doubleshock, knockoff, revivalblessing] ttype=electric
INFO     	     sandaconda     shedskin    leftovers [coil, earthquake, glare, stoneedge] ttype=steel
INFO     Sampling battle 3
INFO     	       frosmoth    icescales heavydutyboots [bugbuzz, icebeam, quiverdance, terablast] ttype=ground
INFO     	     archaludon      stamina    leftovers [bodypress, dracometeor, flashcannon, stealthrock] ttype=fighting
INFO     Sampling 4 unrevealed pokemon
INFO     	      palossand watercompaction    leftovers [earthpower, shadowball, shoreup, sludgebomb] ttype=water
INFO     	      duraludon   lightmetal     eviolite [bodypress, dracometeor, flashcannon, stealthrock] ttype=fighting
INFO     	       tornadus    prankster  choicespecs [bleakwindstorm, focusblast, grassknot, heatwave] ttype=fighting
INFO     	        okidogi   toxicchain    leftovers [bulkup, drainpunch, gunkshot, knockoff] ttype=dark
INFO     Sampling battle 4
INFO     	       frosmoth    icescales heavydutyboots [bugbuzz, icebeam, quiverdance, terablast] ttype=ground
INFO     	     archaludon      stamina  assaultvest [bodypress, dracometeor, dragontail, flashcannon] ttype=fighting
INFO     Sampling 4 unrevealed pokemon
INFO     	         kyogre      drizzle    leftovers [calmmind, icebeam, originpulse, thunder] ttype=steel
INFO     	          hypno     insomnia    leftovers [encore, knockoff, psychicnoise, toxic] ttype=steel
INFO     	      quaquaval        moxie    leftovers [aquastep, closecombat, rapidspin, roost] ttype=steel
INFO     	       jumpluff  infiltrator              [acrobatics, leechseed, strengthsap, substitute] ttype=steel
INFO     Sampling battle 5
INFO     	       frosmoth    icescales heavydutyboots [bugbuzz, icebeam, quiverdance, terablast] ttype=ground
INFO     	     archaludon      stamina    leftovers [bodypress, dracometeor, flashcannon, stealthrock] ttype=fighting
INFO     Sampling 4 unrevealed pokemon
INFO     	       quagsire      unaware    leftovers [earthquake, recover, spikes, toxic] ttype=poison
INFO     	      girafarig    sapsipper     eviolite [hypervoice, nastyplot, psyshock, thunderbolt] ttype=electric
INFO     	        kleavor    sharpness  choicescarf [closecombat, stoneaxe, uturn, xscissor] ttype=fighting
INFO     	        dewgong     thickfat  assaultvest [flipturn, hydropump, icebeam, knockoff] ttype=dragon
INFO     Sampling battle 6
INFO     	       frosmoth    icescales heavydutyboots [bugbuzz, icebeam, quiverdance, terablast] ttype=ground
INFO     	     archaludon      stamina  assaultvest [bodypress, dracometeor, dragontail, flashcannon] ttype=fighting
INFO     Sampling 4 unrevealed pokemon
INFO     	         raikou     pressure    leftovers [calmmind, scald, shadowball, thunderbolt] ttype=water
INFO     	         regice    clearbody heavydutyboots [icebeam, rest, sleeptalk, thunderbolt] ttype=electric
INFO     	       vikavolt     levitate heavydutyboots [bugbuzz, energyball, stickyweb, thunderbolt] ttype=electric
INFO     	     feraligatr   sheerforce      lifeorb [crunch, dragondance, icepunch, liquidation] ttype=dragon
INFO     Sampling battle 7
INFO     	       frosmoth    icescales heavydutyboots [bugbuzz, icebeam, quiverdance, terablast] ttype=ground
INFO     	     archaludon      stamina  assaultvest [bodypress, dracometeor, dragontail, flashcannon] ttype=fighting
INFO     Sampling 4 unrevealed pokemon
INFO     	      spiritomb  infiltrator    leftovers [foulplay, poltergeist, suckerpunch, willowisp] ttype=steel
INFO     	   dialgaorigin     pressure adamantcrystal [dracometeor, fireblast, flashcannon, thunderwave] ttype=flying
INFO     	      hitmonlee     reckless   choiceband [highjumpkick, knockoff, machpunch, stoneedge] ttype=fighting
INFO     	    ironboulder   quarkdrive boosterenergy [closecombat, mightycleave, swordsdance, zenheadbutt] ttype=fighting
INFO     Sampling battle 8
INFO     	       frosmoth    icescales heavydutyboots [bugbuzz, icebeam, quiverdance, terablast] ttype=ground
INFO     	     archaludon      stamina  assaultvest [bodypress, dracometeor, flashcannon, thunderbolt] ttype=fighting
INFO     Sampling 4 unrevealed pokemon
INFO     	    arceusghost    multitype  spookyplate [calmmind, focusblast, judgment, recover] ttype=dark
INFO     	    polteageist   cursedbody    whiteherb [shadowball, shellsmash, storedpower, strengthsap] ttype=dark
INFO     	         zapdos       static heavydutyboots [hurricane, roost, thunderbolt, uturn] ttype=steel
INFO     	        kingdra       sniper     lumberry [dragondance, outrage, waterfall, wavecrash] ttype=water
INFO     Sampling battle 9
INFO     	       frosmoth    icescales heavydutyboots [bugbuzz, icebeam, quiverdance, terablast] ttype=ground
INFO     	     archaludon      stamina    leftovers [bodypress, dracometeor, flashcannon, stealthrock] ttype=fighting
INFO     Sampling 4 unrevealed pokemon
INFO     	    kilowattrel   voltabsorb heavydutyboots [discharge, hurricane, roost, uturn] ttype=water
INFO     	        heatran    flashfire   airballoon [earthpower, heavyslam, lavaplume, stealthrock] ttype=flying
INFO     	         plusle lightningrod      lifeorb [alluringvoice, grassknot, nastyplot, thunderbolt] ttype=grass
INFO     	      primarina      torrent    leftovers [calmmind, drainingkiss, psychic, sparklingaria] ttype=steel
INFO     Sampling battle 10
INFO     	       frosmoth    icescales heavydutyboots [bugbuzz, icebeam, quiverdance, terablast] ttype=ground
INFO     	     archaludon      stamina  assaultvest [bodypress, dracometeor, dragontail, flashcannon] ttype=fighting
INFO     Sampling 4 unrevealed pokemon
INFO     	       skuntank    aftermath  assaultvest [fireblast, gunkshot, knockoff, suckerpunch] ttype=poison
INFO     	      sinistcha    heatproof    leftovers [calmmind, matchagotcha, shadowball, strengthsap] ttype=steel
INFO     	      spiritomb  infiltrator   choiceband [foulplay, poltergeist, shadowsneak, suckerpunch] ttype=steel
INFO     	      poliwrath    swiftswim      lifeorb [closecombat, knockoff, liquidation, raindance] ttype=fighting
INFO     Sampling battle 11
INFO     	       frosmoth    icescales heavydutyboots [bugbuzz, icebeam, quiverdance, terablast] ttype=ground
INFO     	     archaludon      stamina    leftovers [bodypress, dracometeor, flashcannon, stealthrock] ttype=fighting
INFO     Sampling 4 unrevealed pokemon
INFO     	       tsareena queenlymajesty  assaultvest [highjumpkick, powerwhip, rapidspin, tripleaxel] ttype=fighting
INFO     	      ironcrown   quarkdrive  choicespecs [focusblast, psyshock, tachyoncutter, voltswitch] ttype=fighting
INFO     	         gengar   cursedbody      lifeorb [encore, shadowball, sludgewave, willowisp] ttype=ghost
INFO     	       swampert      torrent    leftovers [earthquake, flipturn, knockoff, stealthrock] ttype=poison
INFO     Sampling battle 12
INFO     	       frosmoth    icescales heavydutyboots [bugbuzz, icebeam, quiverdance, terablast] ttype=ground
INFO     	     archaludon      stamina    leftovers [bodypress, dracometeor, flashcannon, thunderwave] ttype=fighting
INFO     Sampling 4 unrevealed pokemon
INFO     	        zoroark     illusion      lifeorb [darkpulse, encore, nastyplot, sludgebomb] ttype=poison
INFO     	     whimsicott    prankster    leftovers [encore, leechseed, moonblast, substitute] ttype=steel
INFO     	      magmortar    flamebody heavydutyboots [fireblast, focusblast, scorchingsands, taunt] ttype=fighting
INFO     	        ariados     insomnia heavydutyboots [knockoff, megahorn, poisonjab, stickyweb] ttype=ghost
INFO     Sampling battle 13
INFO     	       frosmoth    icescales heavydutyboots [bugbuzz, icebeam, quiverdance, terablast] ttype=ground
INFO     	     archaludon      stamina  assaultvest [bodypress, dracometeor, dragontail, flashcannon] ttype=fighting
INFO     Sampling 4 unrevealed pokemon
INFO     	      pecharunt poisonpuppeteer    leftovers [malignantchain, nastyplot, recover, shadowball] ttype=dark
INFO     	      alomomola  regenerator  rockyhelmet [flipturn, protect, scald, wish] ttype=poison
INFO     	   arceusground    multitype   earthplate [calmmind, icebeam, judgment, recover] ttype=dragon
INFO     	      hitmontop   intimidate  assaultvest [closecombat, earthquake, rapidspin, suckerpunch] ttype=steel
INFO     Sampling battle 14
INFO     	       frosmoth    icescales heavydutyboots [bugbuzz, icebeam, quiverdance, terablast] ttype=ground
INFO     	     archaludon      stamina    leftovers [bodypress, dracometeor, flashcannon, thunderwave] ttype=fighting
INFO     Sampling 4 unrevealed pokemon
INFO     	      hitmontop   intimidate  assaultvest [closecombat, rapidspin, stoneedge, suckerpunch] ttype=steel
INFO     	        ambipom   technician    silkscarf [doubleedge, fakeout, knockoff, uturn] ttype=normal
INFO     	      lilligant  chlorophyll      lifeorb [gigadrain, quiverdance, sleeppowder, terablast] ttype=fire
INFO     	       gyarados        moxie heavydutyboots [dragondance, earthquake, terablast, waterfall] ttype=flying
INFO     Sampling battle 15
INFO     	       frosmoth    icescales heavydutyboots [bugbuzz, icebeam, quiverdance, terablast] ttype=ground
INFO     	     archaludon      stamina    leftovers [bodypress, dracometeor, flashcannon, thunderwave] ttype=fighting
INFO     Sampling 4 unrevealed pokemon
INFO     	     arceusrock    multitype   stoneplate [earthquake, recover, stoneedge, swordsdance] ttype=ground
INFO     	     toedscruel myceliummight  assaultvest [earthpower, gigadrain, knockoff, rapidspin] ttype=water
INFO     	      honchkrow        moxie heavydutyboots [bravebird, heatwave, suckerpunch, uturn] ttype=flying
INFO     	         pyroar      unnerve heavydutyboots [fireblast, hypervoice, willowisp, workup] ttype=fire
INFO     Searching for a move using MCTS...
INFO     Sampling 16 battles at 500ms each
INFO     Choice: dragondance
INFO     Updated frosmoth's min speed to 154
INFO     frosmoth already has the move bugbuzz. Decrementing the PP by 1
INFO     frosmoth used a bug move, removing buggem from possible items
INFO     Setting frosmoth's last used move: bugbuzz
INFO     frosmoth used a damaging move - not guessing lifeorb anymore
INFO     frosmoth did 41.14% damage to lapras with bugbuzz
INFO     lapras already has the move dragondance. Decrementing the PP by 1
INFO     lapras using dragondance makes it unlikely to have a choice item. Setting can_have_choice_item to False
INFO     lapras used a status-move. Adding `assaultvest` to impossible items
INFO     Setting lapras's last used move: dragondance
INFO     lapras's attack was boosted by 1 to 2
INFO     lapras's speed was boosted by 1 to 2
INFO     frosmoth has less than maxhp during upkeep, no longer guessing leftovers or blacksludge
INFO     
INFO     Turn: 9
INFO     loaded 12 player and 0 effective opponent priors
INFO     Sampling battle 0
INFO     	       frosmoth    icescales heavydutyboots [bugbuzz, icebeam, quiverdance, terablast] ttype=ground
INFO     	     archaludon      stamina  assaultvest [bodypress, dracometeor, flashcannon, thunderbolt] ttype=fighting
INFO     Sampling 4 unrevealed pokemon
INFO     	        beartic    slushrush heavydutyboots [closecombat, iciclecrash, snowscape, swordsdance] ttype=fighting
INFO     	     mabosstiff     stakeout   choiceband [crunch, playrough, psychicfangs, wildcharge] ttype=dark
INFO     	    arceusfairy    multitype   pixieplate [calmmind, earthpower, judgment, recover] ttype=ground
INFO     	       tinkaton  moldbreaker    leftovers [gigatonhammer, knockoff, playrough, thunderwave] ttype=water
INFO     Sampling battle 1
INFO     	       frosmoth    icescales heavydutyboots [bugbuzz, icebeam, quiverdance, terablast] ttype=ground
INFO     	     archaludon      stamina  assaultvest [bodypress, dracometeor, dragontail, flashcannon] ttype=fighting
INFO     Sampling 4 unrevealed pokemon
INFO     	            muk  poisontouch    leftovers [drainpunch, haze, knockoff, poisonjab] ttype=dark
INFO     	      sandslash     sandrush    leftovers [earthquake, knockoff, stoneedge, swordsdance] ttype=water
INFO     	            mew  synchronize    leftovers [encore, psychic, stealthrock, toxicspikes] ttype=dark
INFO     	        dedenne   cheekpouch  sitrusberry [dazzlinggleam, nuzzle, superfang, thunderbolt] ttype=flying
INFO     Sampling battle 2
INFO     	       frosmoth    icescales heavydutyboots [bugbuzz, icebeam, quiverdance, terablast] ttype=ground
INFO     	     archaludon      stamina    leftovers [bodypress, dracometeor, flashcannon, thunderwave] ttype=fighting
INFO     Sampling 4 unrevealed pokemon
INFO     	      zebstrika    sapsipper      lifeorb [highhorsepower, overheat, supercellslam, voltswitch] ttype=ground
INFO     	      registeel    clearbody    leftovers [bodypress, irondefense, ironhead, thunderwave] ttype=fighting
INFO     	       braviary      defiant heavydutyboots [bravebird, bulkup, closecombat, roost] ttype=fighting
INFO     	  calyrexshadow asonespectrier  choicespecs [astralbarrage, pollenpuff, psyshock, trick] ttype=dark
INFO     Sampling battle 3
INFO     	       frosmoth    icescales heavydutyboots [bugbuzz, icebeam, quiverdance, terablast] ttype=ground
INFO     	     archaludon      stamina    leftovers [bodypress, dracometeor, flashcannon, thunderwave] ttype=fighting
INFO     Sampling 4 unrevealed pokemon
INFO     	     misdreavus     levitate     eviolite [calmmind, drainingkiss, shadowball, willowisp] ttype=fairy
INFO     	   arceusdragon    multitype   dracoplate [dragondance, flareblitz, heavyslam, outrage] ttype=steel
INFO     	       skuntank    aftermath  assaultvest [fireblast, gunkshot, knockoff, suckerpunch] ttype=dark
INFO     	        donphan       sturdy    leftovers [earthquake, iceshard, knockoff, stealthrock] ttype=steel
INFO     Sampling battle 4
INFO     	       frosmoth    icescales heavydutyboots [bugbuzz, icebeam, quiverdance, terablast] ttype=ground
INFO     	     archaludon      stamina    leftovers [bodypress, dracometeor, flashcannon, thunderwave] ttype=fighting
INFO     Sampling 4 unrevealed pokemon
INFO     	    kyuremblack     teravolt   loadeddice [dragondance, fusionbolt, iciclespear, scaleshot] ttype=electric
INFO     	     sandaconda     shedskin   loadeddice [coil, earthquake, rockblast, scaleshot] ttype=dragon
INFO     	       dachsbun wellbakedbody    leftovers [bodypress, playrough, protect, wish] ttype=steel
INFO     	      ninetales      drought heavydutyboots [fireblast, nastyplot, scorchingsands, solarbeam] ttype=grass
INFO     Sampling battle 5
INFO     	       frosmoth    icescales heavydutyboots [bugbuzz, icebeam, quiverdance, terablast] ttype=ground
INFO     	     archaludon      stamina  assaultvest [bodypress, dracometeor, flashcannon, thunderbolt] ttype=fighting
INFO     Sampling 4 unrevealed pokemon
INFO     	       vikavolt     levitate heavydutyboots [bugbuzz, discharge, energyball, stickyweb] ttype=electric
INFO     	       whiscash    oblivious      lifeorb [dragondance, earthquake, liquidation, stoneedge] ttype=steel
INFO     	      palossand watercompaction    leftovers [earthpower, shadowball, shoreup, stealthrock] ttype=water
INFO     	        morpeko hungerswitch heavydutyboots [aurawheel, partingshot, protect, rapidspin] ttype=electric
INFO     Sampling battle 6
INFO     	       frosmoth    icescales heavydutyboots [bugbuzz, icebeam, quiverdance, terablast] ttype=ground
INFO     	     archaludon      stamina    leftovers [bodypress, dracometeor, flashcannon, stealthrock] ttype=fighting
INFO     Sampling 4 unrevealed pokemon
INFO     	        delphox        blaze heavydutyboots [fireblast, focusblast, nastyplot, psyshock] ttype=fighting
INFO     	      mightyena   intimidate    leftovers [playrough, suckerpunch, taunt, throatchop] ttype=fairy
INFO     	        lanturn   voltabsorb heavydutyboots [scald, thunderbolt, thunderwave, voltswitch] ttype=flying
INFO     	       vaporeon  waterabsorb    leftovers [calmmind, protect, scald, wish] ttype=ghost
INFO     Sampling battle 7
INFO     	       frosmoth    icescales heavydutyboots [bugbuzz, icebeam, quiverdance, terablast] ttype=ground
INFO     	     archaludon      stamina    leftovers [bodypress, dracometeor, flashcannon, stealthrock] ttype=fighting
INFO     Sampling 4 unrevealed pokemon
INFO     	        malamar     contrary  chestoberry [knockoff, psychocut, rest, superpower] ttype=fighting
INFO     	       enamorus    cutecharm    leftovers [calmmind, earthpower, moonblast, substitute] ttype=ground
INFO     	        bruxish    strongjaw      lifeorb [aquajet, psychicfangs, swordsdance, wavecrash] ttype=psychic
INFO     	ogerponwellspring  waterabsorb wellspringmask [ivycudgel, synthesis, uturn, woodhammer] ttype=water
INFO     Sampling battle 8
INFO     	       frosmoth    icescales heavydutyboots [bugbuzz, icebeam, quiverdance, terablast] ttype=ground
INFO     	     archaludon      stamina  assaultvest [bodypress, dracometeor, dragontail, flashcannon] ttype=fighting
INFO     Sampling 4 unrevealed pokemon
INFO     	        avalugg       sturdy heavydutyboots [avalanche, bodypress, curse, recover] ttype=fighting
INFO     	      staraptor     reckless   choiceband [bravebird, closecombat, doubleedge, quickattack] ttype=flying
INFO     	       dachsbun wellbakedbody    leftovers [playrough, protect, wish, yawn] ttype=steel
INFO     	      regigigas    slowstart    leftovers [bodyslam, knockoff, protect, substitute] ttype=ghost
INFO     Sampling battle 9
INFO     	       frosmoth    icescales heavydutyboots [bugbuzz, icebeam, quiverdance, terablast] ttype=ground
INFO     	     archaludon      stamina  assaultvest [bodypress, dracometeor, dragontail, flashcannon] ttype=fighting
INFO     Sampling 4 unrevealed pokemon
INFO     	       hawlucha     unburden    whiteherb [bravebird, closecombat, swordsdance, throatchop] ttype=fighting
INFO     	         pyroar      unnerve heavydutyboots [fireblast, hypervoice, willowisp, workup] ttype=fire
INFO     	          minun   voltabsorb      lifeorb [encore, grassknot, nastyplot, thunderbolt] ttype=grass
INFO     	        leafeon  chlorophyll    leftovers [knockoff, leafblade, substitute, swordsdance] ttype=dark
INFO     Sampling battle 10
INFO     	       frosmoth    icescales heavydutyboots [bugbuzz, icebeam, quiverdance, terablast] ttype=ground
INFO     	     archaludon      stamina  assaultvest [bodypress, dracometeor, flashcannon, thunderbolt] ttype=fighting
INFO     Sampling 4 unrevealed pokemon
INFO     	      armarouge    weakarmor  choicespecs [armorcannon, energyball, focusblast, psyshock] ttype=grass
INFO     	          minun   voltabsorb      lifeorb [alluringvoice, encore, nastyplot, thunderbolt] ttype=electric
INFO     	   palkiaorigin     pressure lustrousglobe [dracometeor, fireblast, hydropump, thunderwave] ttype=fire
INFO     	      mismagius     levitate    leftovers [nastyplot, shadowball, substitute, terablast] ttype=fighting
INFO     Sampling battle 11
INFO     	       frosmoth    icescales heavydutyboots [bugbuzz, icebeam, quiverdance, terablast] ttype=ground
INFO     	     archaludon      stamina  assaultvest [bodypress, dracometeor, dragontail, flashcannon] ttype=fighting
INFO     Sampling 4 unrevealed pokemon
INFO     	       blaziken   speedboost      lifeorb [closecombat, flareblitz, protect, swordsdance] ttype=fighting
INFO     	      piloswine     thickfat     eviolite [earthquake, iciclecrash, roar, stealthrock] ttype=poison
INFO     	     typhlosion        blaze  choicespecs [eruption, fireblast, focusblast, scorchingsands] ttype=fire
INFO     	 keldeoresolute    justified    leftovers [calmmind, secretsword, substitute, surf] ttype=steel
INFO     Sampling battle 12
INFO     	       frosmoth    icescales heavydutyboots [bugbuzz, icebeam, quiverdance, terablast] ttype=ground
INFO     	     archaludon      stamina    leftovers [bodypress, dracometeor, flashcannon, stealthrock] ttype=fighting
INFO     Sampling 4 unrevealed pokemon
INFO     	       drifblim     unburden  sitrusberry [airslash, calmmind, shadowball, strengthsap] ttype=fairy
INFO     	          rotom     levitate      lifeorb [nastyplot, shadowball, thunderbolt, willowisp] ttype=electric
INFO     	       qwilfish   intimidate    leftovers [gunkshot, taunt, thunderwave, waterfall] ttype=dark
INFO     	         zarude    leafguard   choiceband [closecombat, knockoff, powerwhip, uturn] ttype=dark
INFO     Sampling battle 13
INFO     	       frosmoth    icescales heavydutyboots [bugbuzz, icebeam, quiverdance, terablast] ttype=ground
INFO     	     archaludon      stamina    leftovers [bodypress, dracometeor, flashcannon, stealthrock] ttype=fighting
INFO     Sampling 4 unrevealed pokemon
INFO     	      reuniclus   magicguard      lifeorb [calmmind, focusblast, psychic, recover] ttype=steel
INFO     	ursalunabloodmoon     mindseye    leftovers [bloodmoon, calmmind, moonlight, vacuumwave] ttype=normal
INFO     	        jolteon   voltabsorb      lifeorb [alluringvoice, calmmind, shadowball, thunderbolt] ttype=fairy
INFO     	       orthworm   eartheater  chestoberry [bodypress, coil, irontail, rest] ttype=electric
INFO     Sampling battle 14
INFO     	       frosmoth    icescales heavydutyboots [bugbuzz, icebeam, quiverdance, terablast] ttype=ground
INFO     	     archaludon      stamina    leftovers [bodypress, dracometeor, flashcannon, stealthrock] ttype=fighting
INFO     Sampling 4 unrevealed pokemon
INFO     	       swampert      torrent    leftovers [earthquake, flipturn, knockoff, roar] ttype=steel
INFO     	         raichu lightningrod      lifeorb [encore, grassknot, knockoff, thunderbolt] ttype=grass
INFO     	         palkia     pressure  choicescarf [dracometeor, fireblast, hydropump, spacialrend] ttype=dragon
INFO     	       sneasler     unburden    whiteherb [acrobatics, closecombat, gunkshot, swordsdance] ttype=flying
INFO     Sampling battle 15
INFO     	       frosmoth    icescales heavydutyboots [bugbuzz, icebeam, quiverdance, terablast] ttype=ground
INFO     	     archaludon      stamina    leftovers [bodypress, dracometeor, flashcannon, thunderwave] ttype=fighting
INFO     Sampling 4 unrevealed pokemon
INFO     	       gyarados   intimidate heavydutyboots [dragondance, earthquake, terablast, waterfall] ttype=flying
INFO     	enamorustherian     overcoat weaknesspolicy [agility, earthpower, moonblast, mysticalfire] ttype=ground
INFO     	  calyrexshadow asonespectrier      lifeorb [astralbarrage, nastyplot, pollenpuff, psyshock] ttype=dark
INFO     	     ironthorns   quarkdrive   airballoon [icepunch, spikes, stoneedge, wildcharge] ttype=flying
INFO     Searching for a move using MCTS...
INFO     Sampling 16 battles at 500ms each
INFO     Choice: iciclespear
INFO     lapras already has the move iciclespear. Decrementing the PP by 1
INFO     lapras used a ice move, removing icegem from possible items
INFO     Setting lapras's last used move: iciclespear
INFO     lapras used a damaging move - not guessing lifeorb anymore
INFO     lapras did 34.0% damage to frosmoth with iciclespear
INFO     frosmoth has less than maxhp during upkeep, no longer guessing leftovers or blacksludge
INFO     Opponent has switched - clearing the last used move
INFO     oinkologne switched in, adding intimidate to impossible abilities
INFO     oinkologne switched in, adding pressure to impossible abilities
INFO     oinkologne switched in, adding neutralizinggas to impossible abilities
INFO     oinkologne switched in, adding sandstream to impossible abilities
INFO     oinkologne switched in, adding drought to impossible abilities
INFO     oinkologne switched in, adding drizzle to impossible abilities
INFO     oinkologne switched in, adding snowwarning to impossible abilities
INFO     oinkologne switched in, adding boosterenergy to impossible items
INFO     oinkologne switched in, adding airballoon to impossible items
INFO     oinkologne was affected by stealthrock, it cannot have heavydutyboots
INFO     
INFO     Turn: 10
INFO     loaded 12 player and 0 effective opponent priors
INFO     Sampling battle 0
INFO     	     oinkologne     thickfat    leftovers [bodyslam, curse, highhorsepower, lashout] ttype=ground
INFO     	     archaludon      stamina  assaultvest [bodypress, dracometeor, flashcannon, thunderbolt] ttype=fighting
INFO     Sampling 3 unrevealed pokemon
INFO     	      thundurus    prankster              [acrobatics, grassknot, thunderbolt, thunderwave] ttype=electric
INFO     	       camerupt    solidrock    leftovers [earthquake, overheat, roar, stealthrock] ttype=grass
INFO     	      araquanid  waterbubble heavydutyboots [leechlife, liquidation, mirrorcoat, stickyweb] ttype=ground
INFO     Sampling battle 1
INFO     	     oinkologne     thickfat    leftovers [bodyslam, curse, highhorsepower, lashout] ttype=ground
INFO     	     archaludon      stamina  assaultvest [bodypress, dracometeor, dragontail, flashcannon] ttype=fighting
INFO     Sampling 3 unrevealed pokemon
INFO     	       salazzle    corrosion heavydutyboots [fireblast, nastyplot, sludgewave, terablast] ttype=grass
INFO     	        ogerpon      defiant      lifeorb [ivycudgel, knockoff, superpower, swordsdance] ttype=grass
INFO     	   squawkabilly         guts     flameorb [bravebird, facade, quickattack, uturn] ttype=normal
INFO     Sampling battle 2
INFO     	     oinkologne     thickfat    leftovers [bodyslam, curse, highhorsepower, lashout] ttype=ground
INFO     	     archaludon      stamina  assaultvest [bodypress, dracometeor, dragontail, flashcannon] ttype=fighting
INFO     Sampling 3 unrevealed pokemon
INFO     	        torkoal      drought heavydutyboots [earthquake, fireblast, solarbeam, stealthrock] ttype=grass
INFO     	        snorlax     thickfat  chestoberry [bodyslam, curse, earthquake, rest] ttype=ground
INFO     	        groudon      drought    leftovers [heatcrash, precipiceblades, spikes, stoneedge] ttype=fire
INFO     Sampling battle 3
INFO     	     oinkologne     thickfat    leftovers [bodyslam, curse, highhorsepower, lashout] ttype=ground
INFO     	     archaludon      stamina  assaultvest [bodypress, dracometeor, dragontail, flashcannon] ttype=fighting
INFO     Sampling 3 unrevealed pokemon
INFO     	       samurott      torrent  assaultvest [aquajet, grassknot, hydropump, knockoff] ttype=dark
INFO     	      gholdengo   goodasgold    leftovers [makeitrain, nastyplot, recover, shadowball] ttype=dark
INFO     	       arboliva      harvest  sitrusberry [hypervoice, leechseed, protect, substitute] ttype=water
INFO     Sampling battle 4
INFO     	     oinkologne     thickfat    leftovers [curse, doubleedge, highhorsepower, lashout] ttype=ground
INFO     	     archaludon      stamina  assaultvest [bodypress, dracometeor, dragontail, flashcannon] ttype=fighting
INFO     Sampling 3 unrevealed pokemon
INFO     	      volcanion  waterabsorb  assaultvest [earthpower, flamecharge, flamethrower, steameruption] ttype=ground
INFO     	     arceusfire    multitype   flameplate [earthquake, flareblitz, recover, swordsdance] ttype=ground
INFO     	       samurott      torrent      lifeorb [liquidation, megahorn, sacredsword, swordsdance] ttype=water
INFO     Sampling battle 5
INFO     	     oinkologne     thickfat    leftovers [bodyslam, curse, highhorsepower, lashout] ttype=ground
INFO     	     archaludon      stamina    leftovers [bodypress, dracometeor, flashcannon, thunderwave] ttype=fighting
INFO     Sampling 3 unrevealed pokemon
INFO     	       ursaluna         guts     flameorb [crunch, facade, headlongrush, swordsdance] ttype=normal
INFO     	        spidops     stakeout heavydutyboots [circlethrow, knockoff, spikes, stickyweb] ttype=ghost
INFO     	      cinderace       libero   choiceband [gunkshot, highjumpkick, pyroball, uturn] ttype=fire
INFO     Sampling battle 6
INFO     	     oinkologne     thickfat    leftovers [bodyslam, curse, highhorsepower, lashout] ttype=ground
INFO     	     archaludon      stamina  assaultvest [bodypress, dracometeor, dragontail, flashcannon] ttype=fighting
INFO     Sampling 3 unrevealed pokemon
INFO     	     wigglytuff  competitive    leftovers [dazzlinggleam, fireblast, knockoff, thunderwave] ttype=steel
INFO     	taurospaldeablaze      cudchew  sitrusberry [bulkup, closecombat, ragingbull, substitute] ttype=water
INFO     	   arceusflying    multitype     skyplate [calmmind, earthpower, judgment, recover] ttype=steel
INFO     Sampling battle 7
INFO     	     oinkologne     thickfat    leftovers [curse, doubleedge, highhorsepower, lashout] ttype=ground
INFO     	     archaludon      stamina    leftovers [bodypress, dracometeor, flashcannon, thunderwave] ttype=fighting
INFO     Sampling 3 unrevealed pokemon
INFO     	      gastrodon   stormdrain    leftovers [earthquake, icebeam, recover, surf] ttype=poison
INFO     	         eiscue      iceface  sitrusberry [bellydrum, icespinner, liquidation, terablast] ttype=electric
INFO     	       hariyama         guts     flameorb [closecombat, facade, fakeout, knockoff] ttype=normal
INFO     Sampling battle 8
INFO     	     oinkologne     thickfat    leftovers [bodyslam, curse, highhorsepower, lashout] ttype=ground
INFO     	     archaludon      stamina  assaultvest [bodypress, dracometeor, dragontail, flashcannon] ttype=fighting
INFO     Sampling 3 unrevealed pokemon
INFO     	   crabominable     ironfist   choiceband [closecombat, earthquake, gunkshot, icehammer] ttype=ground
INFO     	      electrode   soundproof      lifeorb [taunt, terablast, thunderbolt, voltswitch] ttype=ice
INFO     	 arceuselectric    multitype     zapplate [calmmind, icebeam, judgment, recover] ttype=electric
INFO     Sampling battle 9
INFO     	     oinkologne     thickfat    leftovers [bodyslam, curse, highhorsepower, lashout] ttype=ground
INFO     	     archaludon      stamina  assaultvest [bodypress, dracometeor, dragontail, flashcannon] ttype=fighting
INFO     Sampling 3 unrevealed pokemon
INFO     	 decidueyehisui      scrappy    leftovers [leafblade, roost, triplearrows, uturn] ttype=water
INFO     	        ariados        swarm heavydutyboots [megahorn, poisonjab, stickyweb, suckerpunch] ttype=ghost
INFO     	        manaphy    hydration    leftovers [energyball, icebeam, surf, tailglow] ttype=water
INFO     Sampling battle 10
INFO     	     oinkologne     thickfat    leftovers [curse, doubleedge, highhorsepower, lashout] ttype=ground
INFO     	     archaludon      stamina  assaultvest [bodypress, dracometeor, dragontail, flashcannon] ttype=fighting
INFO     Sampling 3 unrevealed pokemon
INFO     	         latios     levitate      souldew [calmmind, dracometeor, psyshock, recover] ttype=steel
INFO     	        mimikyu     disguise      lifeorb [drainpunch, playrough, shadowsneak, swordsdance] ttype=fairy
INFO     	        ambipom   technician   choiceband [doubleedge, knockoff, lowkick, tripleaxel] ttype=ice
INFO     Sampling battle 11
INFO     	     oinkologne     thickfat    leftovers [bodyslam, curse, highhorsepower, lashout] ttype=ground
INFO     	     archaludon      stamina  assaultvest [bodypress, dracometeor, flashcannon, thunderbolt] ttype=fighting
INFO     Sampling 3 unrevealed pokemon
INFO     	      heracross         guts     flameorb [closecombat, facade, knockoff, trailblaze] ttype=normal
INFO     	            mew  synchronize    leftovers [psychicnoise, stealthrock, uturn, willowisp] ttype=steel
INFO     	      excadrill  moldbreaker    leftovers [earthquake, ironhead, rapidspin, swordsdance] ttype=water
INFO     Sampling battle 12
INFO     	     oinkologne     thickfat    leftovers [bodyslam, curse, highhorsepower, lashout] ttype=ground
INFO     	     archaludon      stamina    leftovers [bodypress, dracometeor, flashcannon, thunderwave] ttype=fighting
INFO     Sampling 3 unrevealed pokemon
INFO     	        carbink    clearbody  chestoberry [bodypress, irondefense, moonblast, rest] ttype=fighting
INFO     	       venomoth   tintedlens heavydutyboots [bugbuzz, quiverdance, sleeppowder, sludgewave] ttype=poison
INFO     	       grafaiai  poisontouch      lifeorb [gunkshot, knockoff, lowkick, swordsdance] ttype=dark
INFO     Sampling battle 13
INFO     	     oinkologne     thickfat    leftovers [bodyslam, curse, highhorsepower, lashout] ttype=ground
INFO     	     archaludon      stamina    leftovers [bodypress, dracometeor, flashcannon, stealthrock] ttype=fighting
INFO     Sampling 3 unrevealed pokemon
INFO     	   dugtrioalola tanglinghair      lifeorb [earthquake, ironhead, suckerpunch, swordsdance] ttype=ground
INFO     	urshifurapidstrike   unseenfist   choiceband [aquajet, closecombat, icespinner, surgingstrikes] ttype=water
INFO     	typhlosionhisui        blaze  choicespecs [eruption, fireblast, focusblast, shadowball] ttype=fire
INFO     Sampling battle 14
INFO     	     oinkologne     thickfat    leftovers [bodyslam, curse, highhorsepower, lashout] ttype=ground
INFO     	     archaludon      stamina    leftovers [bodypress, dracometeor, flashcannon, stealthrock] ttype=fighting
INFO     Sampling 3 unrevealed pokemon
INFO     	         gogoat    sapsipper    leftovers [bulkup, earthquake, hornleech, milkdrink] ttype=ground
INFO     	      mamoswine     thickfat      lifeorb [earthquake, iceshard, iciclecrash, stealthrock] ttype=ice
INFO     	       skuntank    aftermath      lifeorb [fireblast, gunkshot, knockoff, taunt] ttype=poison
INFO     Sampling battle 15
INFO     	     oinkologne     thickfat    leftovers [bodyslam, curse, highhorsepower, lashout] ttype=ground
INFO     	     archaludon      stamina  assaultvest [bodypress, dracometeor, flashcannon, thunderbolt] ttype=fighting
INFO     Sampling 3 unrevealed pokemon
INFO     	 decidueyehisui      scrappy    leftovers [defog, leafblade, roost, triplearrows] ttype=steel
INFO     	        bisharp      defiant     eviolite [ironhead, stealthrock, suckerpunch, throatchop] ttype=ghost
INFO     	        golduck    cloudnine      lifeorb [grassknot, hydropump, icebeam, nastyplot] ttype=grass
INFO     Sampling battle 16
INFO     	     oinkologne     thickfat    leftovers [curse, doubleedge, highhorsepower, lashout] ttype=ground
INFO     	     archaludon      stamina    leftovers [bodypress, dracometeor, flashcannon, stealthrock] ttype=fighting
INFO     Sampling 3 unrevealed pokemon
INFO     	         furret        frisk      lifeorb [brickbreak, doubleedge, knockoff, tidyup] ttype=ghost
INFO     	         raichu lightningrod  assaultvest [focusblast, nuzzle, surf, thunderbolt] ttype=water
INFO     	       dusknoir        frisk   choiceband [earthquake, leechlife, poltergeist, shadowsneak] ttype=ghost
INFO     Sampling battle 17
INFO     	     oinkologne     thickfat    leftovers [curse, doubleedge, highhorsepower, lashout] ttype=ground
INFO     	     archaludon      stamina  assaultvest [bodypress, dracometeor, dragontail, flashcannon] ttype=fighting
INFO     Sampling 3 unrevealed pokemon
INFO     	         tauros   sheerforce      lifeorb [bodyslam, closecombat, throatchop, zenheadbutt] ttype=fighting
INFO     	     houndstone       fluffy   choiceband [bodypress, playrough, poltergeist, shadowsneak] ttype=fighting
INFO     	       whiscash    oblivious    leftovers [earthquake, hydropump, icebeam, spikes] ttype=poison
INFO     Sampling battle 18
INFO     	     oinkologne     thickfat    leftovers [bodyslam, curse, highhorsepower, lashout] ttype=ground
INFO     	     archaludon      stamina    leftovers [bodypress, dracometeor, flashcannon, thunderwave] ttype=fighting
INFO     Sampling 3 unrevealed pokemon
INFO     	       quagsire      unaware    leftovers [earthquake, recover, spikes, toxic] ttype=poison
INFO     	         zapdos       static heavydutyboots [discharge, heatwave, hurricane, roost] ttype=steel
INFO     	      toucannon      keeneye heavydutyboots [beakblast, boomburst, roost, uturn] ttype=steel
INFO     Sampling battle 19
INFO     	     oinkologne     thickfat    leftovers [bodyslam, curse, highhorsepower, lashout] ttype=ground
INFO     	     archaludon      stamina    leftovers [bodypress, dracometeor, flashcannon, stealthrock] ttype=fighting
INFO     Sampling 3 unrevealed pokemon
INFO     	      poliwrath  waterabsorb  assaultvest [circlethrow, closecombat, knockoff, liquidation] ttype=steel
INFO     	   crabominable     ironfist   choiceband [drainpunch, earthquake, icehammer, knockoff] ttype=fighting
INFO     	        weezing     levitate    leftovers [fireblast, painsplit, sludgebomb, toxicspikes] ttype=steel
INFO     Sampling battle 20
INFO     	     oinkologne     thickfat    leftovers [bodyslam, curse, highhorsepower, lashout] ttype=ground
INFO     	     archaludon      stamina  assaultvest [bodypress, dracometeor, flashcannon, thunderbolt] ttype=fighting
INFO     Sampling 3 unrevealed pokemon
INFO     	       basculin adaptability   choiceband [aquajet, doubleedge, flipturn, wavecrash] ttype=water
INFO     	         arceus    multitype      lifeorb [earthquake, extremespeed, recover, swordsdance] ttype=normal
INFO     	        wugtrio        gooey   choiceband [aquajet, liquidation, stompingtantrum, throatchop] ttype=water
INFO     Sampling battle 21
INFO     	     oinkologne     thickfat    leftovers [curse, doubleedge, highhorsepower, lashout] ttype=ground
INFO     	     archaludon      stamina    leftovers [bodypress, dracometeor, flashcannon, thunderwave] ttype=fighting
INFO     Sampling 3 unrevealed pokemon
INFO     	       froslass   cursedbody     widelens [poltergeist, taunt, tripleaxel, willowisp] ttype=ice
INFO     	       bronzong     levitate    leftovers [earthquake, hypnosis, ironhead, psychic] ttype=water
INFO     	       dusknoir        frisk    leftovers [focuspunch, painsplit, poltergeist, substitute] ttype=fighting
INFO     Sampling battle 22
INFO     	     oinkologne     thickfat    leftovers [curse, doubleedge, highhorsepower, lashout] ttype=ground
INFO     	     archaludon      stamina    leftovers [bodypress, dracometeor, flashcannon, stealthrock] ttype=fighting
INFO     Sampling 3 unrevealed pokemon
INFO     	    arceusghost    multitype  spookyplate [calmmind, focusblast, judgment, recover] ttype=fighting
INFO     	ogerponcornerstone       sturdy cornerstonemask [ivycudgel, powerwhip, superpower, swordsdance] ttype=rock
INFO     	        kingdra       sniper     lumberry [dragondance, outrage, waterfall, wavecrash] ttype=water
INFO     Sampling battle 23
INFO     	     oinkologne     thickfat    leftovers [curse, doubleedge, highhorsepower, lashout] ttype=ground
INFO     	     archaludon      stamina  assaultvest [bodypress, dracometeor, dragontail, flashcannon] ttype=fighting
INFO     Sampling 3 unrevealed pokemon
INFO     	       miraidon hadronengine  choicespecs [dracometeor, electrodrift, overheat, voltswitch] ttype=electric
INFO     	     misdreavus     levitate     eviolite [calmmind, drainingkiss, shadowball, willowisp] ttype=fairy
INFO     	   deoxysattack     pressure      lifeorb [icebeam, knockoff, psychoboost, superpower] ttype=psychic
INFO     Sampling battle 24
INFO     	     oinkologne     thickfat    leftovers [bodyslam, curse, highhorsepower, lashout] ttype=ground
INFO     	     archaludon      stamina    leftovers [bodypress, dracometeor, flashcannon, thunderwave] ttype=fighting
INFO     Sampling 3 unrevealed pokemon
INFO     	      armarouge    weakarmor    powerherb [armorcannon, energyball, meteorbeam, psyshock] ttype=fire
INFO     	       meowstic    prankster    leftovers [alluringvoice, psychicnoise, thunderwave, yawn] ttype=fairy
INFO     	      eternatus     pressure  rockyhelmet [dynamaxcannon, fireblast, recover, sludgebomb] ttype=fire
INFO     Sampling battle 25
INFO     	     oinkologne     thickfat    leftovers [curse, doubleedge, highhorsepower, lashout] ttype=ground
INFO     	     archaludon      stamina    leftovers [bodypress, dracometeor, flashcannon, thunderwave] ttype=fighting
INFO     Sampling 3 unrevealed pokemon
INFO     	     kricketune   technician heavydutyboots [knockoff, pounce, stickyweb, taunt] ttype=ghost
INFO     	       garchomp    roughskin   loadeddice [earthquake, firefang, scaleshot, swordsdance] ttype=fire
INFO     	          lugia   multiscale heavydutyboots [aeroblast, calmmind, psychicnoise, recover] ttype=steel
INFO     Sampling battle 26
INFO     	     oinkologne     thickfat    leftovers [curse, doubleedge, highhorsepower, lashout] ttype=ground
INFO     	     archaludon      stamina  assaultvest [bodypress, dracometeor, dragontail, flashcannon] ttype=fighting
INFO     Sampling 3 unrevealed pokemon
INFO     	       slowking  regenerator heavydutyboots [chillyreception, psyshock, scald, slackoff] ttype=fairy
INFO     	    zapdosgalar      defiant      lifeorb [bravebird, bulkup, closecombat, knockoff] ttype=steel
INFO     	      zamazenta dauntlessshield    leftovers [bodypress, crunch, irondefense, ironhead] ttype=steel
INFO     Sampling battle 27
INFO     	     oinkologne     thickfat    leftovers [bodyslam, curse, highhorsepower, lashout] ttype=ground
INFO     	     archaludon      stamina    leftovers [bodypress, dracometeor, flashcannon, thunderwave] ttype=fighting
INFO     Sampling 3 unrevealed pokemon
INFO     	      terrakion    justified      lifeorb [closecombat, earthquake, stoneedge, swordsdance] ttype=fighting
INFO     	        volbeat    prankster heavydutyboots [encore, roost, thunderwave, uturn] ttype=water
INFO     	      exeggutor      harvest  sitrusberry [leechseed, psychic, sleeppowder, substitute] ttype=steel
INFO     Sampling battle 28
INFO     	     oinkologne     thickfat    leftovers [curse, doubleedge, highhorsepower, lashout] ttype=ground
INFO     	     archaludon      stamina    leftovers [bodypress, dracometeor, flashcannon, thunderwave] ttype=fighting
INFO     Sampling 3 unrevealed pokemon
INFO     	    roaringmoon protosynthesis boosterenergy [acrobatics, dragondance, knockoff, outrage] ttype=flying
INFO     	          hoopa     magician  choicescarf [focusblast, psychic, shadowball, trick] ttype=psychic
INFO     	         swanna    hydration heavydutyboots [bravebird, defog, hydropump, roost] ttype=ground
INFO     Sampling battle 29
INFO     	     oinkologne     thickfat    leftovers [curse, doubleedge, highhorsepower, lashout] ttype=ground
INFO     	     archaludon      stamina    leftovers [bodypress, dracometeor, flashcannon, thunderwave] ttype=fighting
INFO     Sampling 3 unrevealed pokemon
INFO     	        jirachi  serenegrace    leftovers [bodyslam, ironhead, protect, wish] ttype=water
INFO     	         pawmot   voltabsorb      lifeorb [closecombat, doubleshock, knockoff, revivalblessing] ttype=electric
INFO     	       cacturne  waterabsorb      lifeorb [focusblast, knockoff, leafstorm, suckerpunch] ttype=dark
INFO     Sampling battle 30
INFO     	     oinkologne     thickfat    leftovers [bodyslam, curse, highhorsepower, lashout] ttype=ground
INFO     	     archaludon      stamina  assaultvest [bodypress, dracometeor, flashcannon, thunderbolt] ttype=fighting
INFO     Sampling 3 unrevealed pokemon
INFO     	   squawkabilly         guts     flameorb [bravebird, facade, protect, quickattack] ttype=normal
INFO     	      blastoise      torrent    whiteherb [hydropump, icebeam, shellsmash, terablast] ttype=electric
INFO     	       ironmoth   quarkdrive heavydutyboots [energyball, fireblast, sludgewave, toxicspikes] ttype=grass
INFO     Sampling battle 31
INFO     	     oinkologne     thickfat    leftovers [curse, doubleedge, highhorsepower, lashout] ttype=ground
INFO     	     archaludon      stamina  assaultvest [bodypress, dracometeor, dragontail, flashcannon] ttype=fighting
INFO     Sampling 3 unrevealed pokemon
INFO     	      thundurus      defiant heavydutyboots [focusblast, nastyplot, terablast, thunderbolt] ttype=flying
INFO     	     toxtricity     punkrock  throatspray [boomburst, gunkshot, overdrive, shiftgear] ttype=normal
INFO     	     perrserker   toughclaws   choiceband [closecombat, ironhead, knockoff, uturn] ttype=fighting
INFO     Searching for a move using MCTS...
INFO     Sampling 32 battles at 250ms each
INFO     Choice: waterfall
INFO     Updated oinkologne's max speed to 308
INFO     lapras already has the move waterfall. Decrementing the PP by 1
INFO     lapras used a water move, removing watergem from possible items
INFO     Setting lapras's last used move: waterfall
INFO     lapras used a damaging move - not guessing lifeorb anymore
INFO     lapras did 52.0% damage to oinkologne with waterfall
INFO     oinkologne used a normal move, removing normalgem from possible items
INFO     Setting oinkologne's last used move: doubleedge
INFO     oinkologne used a damaging move - not guessing lifeorb anymore
INFO     oinkologne did 20.16% damage to lapras with doubleedge
INFO     Setting oinkologne's item to: leftovers
INFO     oinkologne has less than maxhp during upkeep, no longer guessing leftovers or blacksludge
INFO     loaded 4 player and 0 effective opponent priors
INFO     Sampling battle 0
INFO     	     oinkologne     thickfat    leftovers [curse, doubleedge, highhorsepower, lashout] ttype=ground
INFO     	     archaludon      stamina    leftovers [bodypress, dracometeor, flashcannon, stealthrock] ttype=fighting
INFO     Sampling 3 unrevealed pokemon
INFO     	         zapdos       static heavydutyboots [discharge, heatwave, hurricane, roost] ttype=electric
INFO     	        chansey  naturalcure     eviolite [seismictoss, softboiled, stealthrock, thunderwave] ttype=poison
INFO     	       garchomp    roughskin   loadeddice [earthquake, ironhead, scaleshot, swordsdance] ttype=ground
INFO     Sampling battle 1
INFO     	     oinkologne     thickfat    leftovers [curse, doubleedge, highhorsepower, lashout] ttype=ground
INFO     	     archaludon      stamina    leftovers [bodypress, dracometeor, flashcannon, thunderwave] ttype=fighting
INFO     Sampling 3 unrevealed pokemon
INFO     	       illumise    prankster heavydutyboots [bugbuzz, encore, roost, thunderwave] ttype=water
INFO     	      indeedeef psychicsurge  choicescarf [dazzlinggleam, healingwish, hypervoice, psyshock] ttype=psychic
INFO     	     hitmonchan     ironfist    leftovers [bulkup, drainpunch, knockoff, poisonjab] ttype=dark
INFO     Sampling battle 2
INFO     	     oinkologne     thickfat    leftovers [curse, doubleedge, highhorsepower, lashout] ttype=ground
INFO     	     archaludon      stamina    leftovers [bodypress, dracometeor, flashcannon, thunderwave] ttype=fighting
INFO     Sampling 3 unrevealed pokemon
INFO     	       virizion    justified      lifeorb [closecombat, leafblade, stoneedge, swordsdance] ttype=rock
INFO     	      terapagos    terashift heavydutyboots [calmmind, earthpower, rapidspin, terastarstorm] ttype=stellar
INFO     	     toedscruel myceliummight    leftovers [earthpower, leafstorm, rapidspin, spore] ttype=water
INFO     Sampling battle 3
INFO     	     oinkologne     thickfat    leftovers [curse, doubleedge, highhorsepower, lashout] ttype=ground
INFO     	     archaludon      stamina  assaultvest [bodypress, dracometeor, flashcannon, thunderbolt] ttype=fighting
INFO     Sampling 3 unrevealed pokemon
INFO     	      ironcrown   quarkdrive    leftovers [calmmind, focusblast, psyshock, tachyoncutter] ttype=fighting
INFO     	         tinglu vesselofruin    leftovers [earthquake, payback, spikes, stealthrock] ttype=poison
INFO     	 giratinaorigin     levitate griseouscore [defog, dracometeor, dragontail, poltergeist] ttype=fairy
INFO     Sampling battle 4
INFO     	     oinkologne     thickfat    leftovers [curse, doubleedge, highhorsepower, lashout] ttype=ground
INFO     	     archaludon      stamina  assaultvest [bodypress, dracometeor, flashcannon, thunderbolt] ttype=fighting
INFO     Sampling 3 unrevealed pokemon
INFO     	 giratinaorigin     levitate griseouscore [defog, dracometeor, poltergeist, willowisp] ttype=steel
INFO     	      exeggutor      harvest  sitrusberry [calmmind, gigadrain, psychic, sleeppowder] ttype=steel
INFO     	      cramorant  gulpmissile heavydutyboots [bravebird, defog, roost, surf] ttype=ground
INFO     Sampling battle 5
INFO     	     oinkologne     thickfat    leftovers [curse, doubleedge, highhorsepower, lashout] ttype=ground
INFO     	     archaludon      stamina  assaultvest [bodypress, dracometeor, flashcannon, thunderbolt] ttype=fighting
INFO     Sampling 3 unrevealed pokemon
INFO     	        spidops     stakeout heavydutyboots [circlethrow, knockoff, spikes, stickyweb] ttype=ghost
INFO     	      eternatus     pressure    powerherb [dynamaxcannon, fireblast, meteorbeam, sludgebomb] ttype=fire
INFO     	        gliscor   poisonheal     toxicorb [earthquake, knockoff, protect, toxic] ttype=water
INFO     Sampling battle 6
INFO     	     oinkologne     thickfat    leftovers [curse, doubleedge, highhorsepower, lashout] ttype=ground
INFO     	     archaludon      stamina  assaultvest [bodypress, dracometeor, dragontail, flashcannon] ttype=fighting
INFO     Sampling 3 unrevealed pokemon
INFO     	     gothitelle    shadowtag    leftovers [calmmind, focusblast, psychicnoise, thunderbolt] ttype=fighting
INFO     	       politoed      drizzle  chestoberry [encore, hydropump, icebeam, rest] ttype=steel
INFO     	        kleavor    sharpness heavydutyboots [closecombat, defog, stoneaxe, xscissor] ttype=fighting
INFO     Sampling battle 7
INFO     	     oinkologne     thickfat    leftovers [curse, doubleedge, highhorsepower, lashout] ttype=ground
INFO     	     archaludon      stamina    leftovers [bodypress, dracometeor, flashcannon, stealthrock] ttype=fighting
INFO     Sampling 3 unrevealed pokemon
INFO     	      hippowdon   sandstream  rockyhelmet [earthquake, slackoff, stealthrock, stoneedge] ttype=steel
INFO     	     mabosstiff     stakeout  choicescarf [crunch, playrough, psychicfangs, wildcharge] ttype=dark
INFO     	      toucannon      keeneye heavydutyboots [beakblast, boomburst, knockoff, roost] ttype=steel
INFO     Sampling battle 8
INFO     	     oinkologne     thickfat    leftovers [curse, doubleedge, highhorsepower, lashout] ttype=ground
INFO     	     archaludon      stamina  assaultvest [bodypress, dracometeor, dragontail, flashcannon] ttype=fighting
INFO     Sampling 3 unrevealed pokemon
INFO     	       mienshao     reckless   choiceband [highjumpkick, knockoff, poisonjab, uturn] ttype=fighting
INFO     	          hoopa     magician  choicescarf [focusblast, psyshock, shadowball, trick] ttype=ghost
INFO     	       clefable      unaware    leftovers [fireblast, knockoff, moonblast, moonlight] ttype=steel
INFO     Sampling battle 9
INFO     	     oinkologne     thickfat    leftovers [curse, doubleedge, highhorsepower, lashout] ttype=ground
INFO     	     archaludon      stamina  assaultvest [bodypress, dracometeor, dragontail, flashcannon] ttype=fighting
INFO     Sampling 3 unrevealed pokemon
INFO     	    arceussteel    multitype    ironplate [calmmind, earthpower, judgment, recover] ttype=ghost
INFO     	       granbull   intimidate    leftovers [earthquake, playrough, roar, thunderwave] ttype=ground
INFO     	  calyrexshadow asonespectrier  choicespecs [astralbarrage, pollenpuff, psyshock, trick] ttype=dark
INFO     Sampling battle 10
INFO     	     oinkologne     thickfat    leftovers [curse, doubleedge, highhorsepower, lashout] ttype=ground
INFO     	     archaludon      stamina  assaultvest [bodypress, dracometeor, dragontail, flashcannon] ttype=fighting
INFO     Sampling 3 unrevealed pokemon
INFO     	        jirachi  serenegrace    leftovers [bodyslam, drainpunch, ironhead, stealthrock] ttype=water
INFO     	      trevenant  naturalcure      lifeorb [drainpunch, poltergeist, rest, woodhammer] ttype=fighting
INFO     	         emboar     reckless    leftovers [bulkup, drainpunch, flareblitz, trailblaze] ttype=fighting
INFO     Sampling battle 11
INFO     	     oinkologne     thickfat    leftovers [curse, doubleedge, highhorsepower, lashout] ttype=ground
INFO     	     archaludon      stamina    leftovers [bodypress, dracometeor, flashcannon, thunderwave] ttype=fighting
INFO     Sampling 3 unrevealed pokemon
INFO     	 ninetalesalola  snowwarning    lightclay [auroraveil, blizzard, encore, moonblast] ttype=steel
INFO     	        sylveon     pixilate    leftovers [calmmind, hypervoice, protect, wish] ttype=steel
INFO     	          hoopa     magician      lifeorb [focusblast, nastyplot, psychic, shadowball] ttype=fighting
INFO     Sampling battle 12
INFO     	     oinkologne     thickfat    leftovers [curse, doubleedge, highhorsepower, lashout] ttype=ground
INFO     	     archaludon      stamina  assaultvest [bodypress, dracometeor, flashcannon, thunderbolt] ttype=fighting
INFO     Sampling 3 unrevealed pokemon
INFO     	    fluttermane protosynthesis  choicespecs [moonblast, mysticalfire, shadowball, thunderbolt] ttype=fairy
INFO     	        mesprit     levitate    leftovers [encore, psychicnoise, stealthrock, thunderwave] ttype=steel
INFO     	      sandslash     sandrush    leftovers [earthquake, rapidspin, stoneedge, swordsdance] ttype=steel
INFO     Sampling battle 13
INFO     	     oinkologne     thickfat    leftovers [curse, doubleedge, highhorsepower, lashout] ttype=ground
INFO     	     archaludon      stamina  assaultvest [bodypress, dracometeor, flashcannon, thunderbolt] ttype=fighting
INFO     Sampling 3 unrevealed pokemon
INFO     	    polteageist   cursedbody    whiteherb [shadowball, shellsmash, storedpower, strengthsap] ttype=psychic
INFO     	       tornadus      defiant  choicespecs [bleakwindstorm, grassknot, heatwave, uturn] ttype=fire
INFO     	    goodrahisui    sapsipper  assaultvest [dracometeor, heavyslam, knockoff, thunderbolt] ttype=flying
INFO     Sampling battle 14
INFO     	     oinkologne     thickfat    leftovers [curse, doubleedge, highhorsepower, lashout] ttype=ground
INFO     	     archaludon      stamina  assaultvest [bodypress, dracometeor, dragontail, flashcannon] ttype=fighting
INFO     Sampling 3 unrevealed pokemon
INFO     	  deoxysdefense     pressure    leftovers [cosmicpower, nightshade, recover, storedpower] ttype=steel
INFO     	         arceus    multitype      lifeorb [earthquake, extremespeed, recover, swordsdance] ttype=normal
INFO     	        milotic  competitive    leftovers [dragontail, icebeam, recover, scald] ttype=steel
INFO     Sampling battle 15
INFO     	     oinkologne     thickfat    leftovers [curse, doubleedge, highhorsepower, lashout] ttype=ground
INFO     	     archaludon      stamina  assaultvest [bodypress, dracometeor, flashcannon, thunderbolt] ttype=fighting
INFO     Sampling 3 unrevealed pokemon
INFO     	        tropius      harvest  sitrusberry [airslash, leechseed, protect, substitute] ttype=steel
INFO     	     arceusfire    multitype   flameplate [calmmind, energyball, judgment, recover] ttype=grass
INFO     	       grafaiai  poisontouch      lifeorb [gunkshot, knockoff, lowkick, swordsdance] ttype=dark
INFO     Searching for a move using MCTS...
INFO     Sampling 16 battles at 500ms each
INFO     Choice: switch miraidon
INFO     miraidon switched in, adding intimidate to impossible abilities
INFO     miraidon switched in, adding pressure to impossible abilities
INFO     miraidon switched in, adding neutralizinggas to impossible abilities
INFO     miraidon switched in, adding sandstream to impossible abilities
INFO     miraidon switched in, adding drought to impossible abilities
INFO     miraidon switched in, adding drizzle to impossible abilities
INFO     miraidon switched in, adding snowwarning to impossible abilities
INFO     miraidon switched in, adding boosterenergy to impossible items
INFO     miraidon switched in, adding airballoon to impossible items
INFO     Setting the field to electricterrain
INFO     
INFO     Turn: 11
INFO     loaded 11 player and 0 effective opponent priors
INFO     Sampling battle 0
INFO     	     oinkologne     thickfat    leftovers [curse, doubleedge, highhorsepower, lashout] ttype=ground
INFO     	     archaludon      stamina  assaultvest [bodypress, dracometeor, dragontail, flashcannon] ttype=fighting
INFO     Sampling 3 unrevealed pokemon
INFO     	   palkiaorigin     pressure lustrousglobe [dracometeor, fireblast, hydropump, thunderwave] ttype=dragon
INFO     	        mimikyu     disguise      lifeorb [playrough, shadowclaw, shadowsneak, swordsdance] ttype=ghost
INFO     	      ninetales      drought heavydutyboots [fireblast, nastyplot, scorchingsands, solarbeam] ttype=grass
INFO     Sampling battle 1
INFO     	     oinkologne     thickfat    leftovers [curse, doubleedge, highhorsepower, lashout] ttype=ground
INFO     	     archaludon      stamina  assaultvest [bodypress, dracometeor, dragontail, flashcannon] ttype=fighting
INFO     Sampling 3 unrevealed pokemon
INFO     	       floatzel    waterveil    leftovers [bulkup, icespinner, taunt, wavecrash] ttype=water
INFO     	         lunala shadowshield    leftovers [calmmind, moonblast, moongeistbeam, moonlight] ttype=fairy
INFO     	      rampardos   sheerforce      lifeorb [earthquake, firepunch, rockslide, zenheadbutt] ttype=psychic
INFO     Sampling battle 2
INFO     	     oinkologne     thickfat    leftovers [curse, doubleedge, highhorsepower, lashout] ttype=ground
INFO     	     archaludon      stamina    leftovers [bodypress, dracometeor, flashcannon, thunderwave] ttype=fighting
INFO     Sampling 3 unrevealed pokemon
INFO     	     misdreavus     levitate     eviolite [calmmind, drainingkiss, shadowball, willowisp] ttype=fairy
INFO     	     pincurchin electricsurge    leftovers [recover, scald, thunderbolt, toxicspikes] ttype=water
INFO     	        wugtrio        gooey   choiceband [aquajet, liquidation, stompingtantrum, throatchop] ttype=water
INFO     Sampling battle 3
INFO     	     oinkologne     thickfat    leftovers [curse, doubleedge, highhorsepower, lashout] ttype=ground
INFO     	     archaludon      stamina  assaultvest [bodypress, dracometeor, flashcannon, thunderbolt] ttype=fighting
INFO     Sampling 3 unrevealed pokemon
INFO     	         zapdos       static heavydutyboots [heatwave, hurricane, roost, thunderbolt] ttype=electric
INFO     	       pelipper      drizzle  choicespecs [hurricane, hydropump, uturn, weatherball] ttype=water
INFO     	        ogerpon      defiant      lifeorb [ivycudgel, knockoff, superpower, swordsdance] ttype=grass
INFO     Sampling battle 4
INFO     	     oinkologne     thickfat    leftovers [curse, doubleedge, highhorsepower, lashout] ttype=ground
INFO     	     archaludon      stamina  assaultvest [bodypress, dracometeor, flashcannon, thunderbolt] ttype=fighting
INFO     Sampling 3 unrevealed pokemon
INFO     	       basculin adaptability   choiceband [aquajet, doubleedge, flipturn, wavecrash] ttype=water
INFO     	   basculegionf adaptability  choicespecs [flipturn, hydropump, icebeam, shadowball] ttype=water
INFO     	       smeargle     owntempo    focussash [ceaselessedge, spore, stealthrock, stickyweb] ttype=ghost
INFO     Sampling battle 5
INFO     	     oinkologne     thickfat    leftovers [curse, doubleedge, highhorsepower, lashout] ttype=ground
INFO     	     archaludon      stamina  assaultvest [bodypress, dracometeor, dragontail, flashcannon] ttype=fighting
INFO     Sampling 3 unrevealed pokemon
INFO     	        manaphy    hydration    leftovers [energyball, hydropump, icebeam, tailglow] ttype=grass
INFO     	      trevenant  naturalcure   choiceband [drainpunch, hornleech, poltergeist, woodhammer] ttype=fighting
INFO     	       smeargle     owntempo    focussash [ceaselessedge, spore, stickyweb, whirlwind] ttype=ghost
INFO     Sampling battle 6
INFO     	     oinkologne     thickfat    leftovers [curse, doubleedge, highhorsepower, lashout] ttype=ground
INFO     	     archaludon      stamina  assaultvest [bodypress, dracometeor, flashcannon, thunderbolt] ttype=fighting
INFO     Sampling 3 unrevealed pokemon
INFO     	     annihilape      defiant    leftovers [bulkup, drainpunch, gunkshot, ragefist] ttype=fairy
INFO     	squawkabillyblue         guts     flameorb [bravebird, facade, quickattack, uturn] ttype=normal
INFO     	      rillaboom  grassysurge   choiceband [grassyglide, knockoff, uturn, woodhammer] ttype=grass
INFO     Sampling battle 7
INFO     	     oinkologne     thickfat    leftovers [curse, doubleedge, highhorsepower, lashout] ttype=ground
INFO     	     archaludon      stamina  assaultvest [bodypress, dracometeor, dragontail, flashcannon] ttype=fighting
INFO     Sampling 3 unrevealed pokemon
INFO     	         lunala shadowshield    leftovers [calmmind, moonblast, moongeistbeam, moonlight] ttype=fairy
INFO     	     krookodile   intimidate    leftovers [bulkup, earthquake, gunkshot, knockoff] ttype=poison
INFO     	      blastoise      torrent    whiteherb [earthquake, hydropump, icebeam, shellsmash] ttype=steel
INFO     Sampling battle 8
INFO     	     oinkologne     thickfat    leftovers [curse, doubleedge, highhorsepower, lashout] ttype=ground
INFO     	     archaludon      stamina    leftovers [bodypress, dracometeor, flashcannon, thunderwave] ttype=fighting
INFO     Sampling 3 unrevealed pokemon
INFO     	         dialga     pressure    leftovers [dracometeor, fireblast, heavyslam, thunderwave] ttype=flying
INFO     	      rotomwash     levitate    leftovers [discharge, hydropump, voltswitch, willowisp] ttype=steel
INFO     	            mew  synchronize    leftovers [encore, psychicnoise, stealthrock, uturn] ttype=fairy
INFO     Sampling battle 9
INFO     	     oinkologne     thickfat    leftovers [curse, doubleedge, highhorsepower, lashout] ttype=ground
INFO     	     archaludon      stamina  assaultvest [bodypress, dracometeor, dragontail, flashcannon] ttype=fighting
INFO     Sampling 3 unrevealed pokemon
INFO     	       quagsire      unaware    leftovers [earthquake, icebeam, recover, toxic] ttype=poison
INFO     	      trevenant      harvest  sitrusberry [drainpunch, poltergeist, protect, toxic] ttype=steel
INFO     	       skuntank    aftermath    focussash [gunkshot, knockoff, suckerpunch, toxicspikes] ttype=dark
INFO     Sampling battle 10
INFO     	     oinkologne     thickfat    leftovers [curse, doubleedge, highhorsepower, lashout] ttype=ground
INFO     	     archaludon      stamina    leftovers [bodypress, dracometeor, flashcannon, stealthrock] ttype=fighting
INFO     Sampling 3 unrevealed pokemon
INFO     	 oricoriopompom       dancer heavydutyboots [hurricane, quiverdance, revelationdance, roost] ttype=ground
INFO     	       blaziken   speedboost      lifeorb [closecombat, flareblitz, knockoff, swordsdance] ttype=dark
INFO     	    corviknight  mirrorarmor    leftovers [bodypress, bravebird, defog, roost] ttype=dragon
INFO     Sampling battle 11
INFO     	     oinkologne     thickfat    leftovers [curse, doubleedge, highhorsepower, lashout] ttype=ground
INFO     	     archaludon      stamina    leftovers [bodypress, dracometeor, flashcannon, stealthrock] ttype=fighting
INFO     Sampling 3 unrevealed pokemon
INFO     	  articunogalar  competitive heavydutyboots [calmmind, freezingglare, hurricane, recover] ttype=steel
INFO     	       tinkaton  moldbreaker    leftovers [encore, gigatonhammer, knockoff, playrough] ttype=water
INFO     	   avalugghisui       sturdy heavydutyboots [avalanche, bodypress, recover, stoneedge] ttype=poison
INFO     Sampling battle 12
INFO     	     oinkologne     thickfat    leftovers [curse, doubleedge, highhorsepower, lashout] ttype=ground
INFO     	     archaludon      stamina  assaultvest [bodypress, dracometeor, dragontail, flashcannon] ttype=fighting
INFO     Sampling 3 unrevealed pokemon
INFO     	        lanturn   voltabsorb heavydutyboots [scald, thunderbolt, thunderwave, voltswitch] ttype=flying
INFO     	      rotomwash     levitate    leftovers [hydropump, nastyplot, thunderbolt, willowisp] ttype=electric
INFO     	       cyclizar  regenerator heavydutyboots [dracometeor, rapidspin, shedtail, taunt] ttype=ghost
INFO     Sampling battle 13
INFO     	     oinkologne     thickfat    leftovers [curse, doubleedge, highhorsepower, lashout] ttype=ground
INFO     	     archaludon      stamina    leftovers [bodypress, dracometeor, flashcannon, thunderwave] ttype=fighting
INFO     Sampling 3 unrevealed pokemon
INFO     	       camerupt    solidrock    leftovers [earthquake, overheat, roar, stealthrock] ttype=water
INFO     	        lanturn   voltabsorb heavydutyboots [scald, thunderbolt, thunderwave, voltswitch] ttype=flying
INFO     	necrozmadawnwings   prismarmor    leftovers [calmmind, moongeistbeam, moonlight, photongeyser] ttype=fairy
INFO     Sampling battle 14
INFO     	     oinkologne     thickfat    leftovers [curse, doubleedge, highhorsepower, lashout] ttype=ground
INFO     	     archaludon      stamina    leftovers [bodypress, dracometeor, flashcannon, stealthrock] ttype=fighting
INFO     Sampling 3 unrevealed pokemon
INFO     	       greninja      protean      lifeorb [gunkshot, hydropump, icebeam, uturn] ttype=poison
INFO     	      vileplume  effectspore    leftovers [gigadrain, leechseed, sludgebomb, strengthsap] ttype=steel
INFO     	      electrode       static    leftovers [foulplay, taunt, thunderbolt, thunderwave] ttype=dark
INFO     Sampling battle 15
INFO     	     oinkologne     thickfat    leftovers [curse, doubleedge, highhorsepower, lashout] ttype=ground
INFO     	     archaludon      stamina  assaultvest [bodypress, dracometeor, dragontail, flashcannon] ttype=fighting
INFO     Sampling 3 unrevealed pokemon
INFO     	   arceuspoison    multitype   toxicplate [earthquake, extremespeed, gunkshot, swordsdance] ttype=normal
INFO     	       vigoroth  vitalspirit     eviolite [bodyslam, bulkup, knockoff, slackoff] ttype=ghost
INFO     	   basculegionf adaptability  assaultvest [flipturn, hydropump, shadowball, wavecrash] ttype=water
INFO     Searching for a move using MCTS...
INFO     Sampling 16 battles at 500ms each
INFO     Choice: electrodrift
INFO     Opponent has switched - clearing the last used move
INFO     archaludon was affected by stealthrock, it cannot have heavydutyboots
INFO     miraidon already has the move electrodrift. Decrementing the PP by 1
INFO     miraidon used a electric move, removing electricgem from possible items
INFO     Setting miraidon's last used move: electrodrift
INFO     miraidon used a damaging move - not guessing lifeorb anymore
INFO     miraidon did 35.0% damage to archaludon with electrodrift
INFO     Setting archaludon's ability to stamina
INFO     archaludon's defense was boosted by 1 to 1
INFO     electricterrain turns remaining: 4
INFO     archaludon has less than maxhp during upkeep, no longer guessing leftovers or blacksludge
INFO     
INFO     Turn: 12
INFO     loaded 5 player and 0 effective opponent priors
INFO     Sampling battle 0
INFO     	     archaludon      stamina  assaultvest [bodypress, dracometeor, flashcannon, thunderbolt] ttype=fighting
INFO     	     oinkologne     thickfat    leftovers [curse, doubleedge, highhorsepower, lashout] ttype=ground
INFO     Sampling 3 unrevealed pokemon
INFO     	 giratinaorigin     levitate griseouscore [dracometeor, poltergeist, shadowsneak, willowisp] ttype=steel
INFO     	      regieleki   transistor       magnet [rapidspin, terablast, thunderbolt, voltswitch] ttype=ice
INFO     	        heatran    flashfire   airballoon [earthpower, heavyslam, magmastorm, stealthrock] ttype=flying
INFO     Sampling battle 1
INFO     	     archaludon      stamina  assaultvest [bodypress, dracometeor, dragontail, flashcannon] ttype=fighting
INFO     	     oinkologne     thickfat    leftovers [curse, doubleedge, highhorsepower, lashout] ttype=ground
INFO     Sampling 3 unrevealed pokemon
INFO     	    walkingwake protosynthesis  choicespecs [dracometeor, flamethrower, flipturn, hydropump] ttype=fire
INFO     	       meloetta  serenegrace    leftovers [calmmind, focusblast, hypervoice, psyshock] ttype=normal
INFO     	     perrserker   toughclaws   choiceband [closecombat, ironhead, knockoff, uturn] ttype=fighting
INFO     Sampling battle 2
INFO     	     archaludon      stamina  assaultvest [bodypress, dracometeor, flashcannon, thunderbolt] ttype=fighting
INFO     	     oinkologne     thickfat    leftovers [curse, doubleedge, highhorsepower, lashout] ttype=ground
INFO     Sampling 3 unrevealed pokemon
INFO     	      gastrodon   stormdrain    leftovers [earthquake, recover, sludgebomb, stealthrock] ttype=poison
INFO     	        bisharp      defiant     eviolite [ironhead, suckerpunch, swordsdance, throatchop] ttype=ghost
INFO     	     skeledirge      unaware heavydutyboots [hex, slackoff, torchsong, willowisp] ttype=fairy
INFO     Sampling battle 3
INFO     	     archaludon      stamina  assaultvest [bodypress, dracometeor, dragontail, flashcannon] ttype=fighting
INFO     	     oinkologne     thickfat    leftovers [curse, doubleedge, highhorsepower, lashout] ttype=ground
INFO     Sampling 3 unrevealed pokemon
INFO     	       alcremie    aromaveil    leftovers [alluringvoice, calmmind, psyshock, recover] ttype=poison
INFO     	     typhlosion    flashfire  choicespecs [eruption, fireblast, focusblast, scorchingsands] ttype=fire
INFO     	        diancie    clearbody    leftovers [calmmind, diamondstorm, drainingkiss, earthpower] ttype=fairy
INFO     Sampling battle 4
INFO     	     archaludon      stamina  assaultvest [bodypress, dracometeor, dragontail, flashcannon] ttype=fighting
INFO     	     oinkologne     thickfat    leftovers [curse, doubleedge, highhorsepower, lashout] ttype=ground
INFO     Sampling 3 unrevealed pokemon
INFO     	     rotomfrost     levitate heavydutyboots [blizzard, nastyplot, thunderbolt, willowisp] ttype=electric
INFO     	        okidogi   toxicchain  assaultvest [drainpunch, gunkshot, highhorsepower, knockoff] ttype=dark
INFO     	     galvantula compoundeyes heavydutyboots [bugbuzz, energyball, stickyweb, thunder] ttype=electric
INFO     Sampling battle 5
INFO     	     archaludon      stamina  assaultvest [bodypress, dracometeor, flashcannon, thunderbolt] ttype=fighting
INFO     	     oinkologne     thickfat    leftovers [curse, doubleedge, highhorsepower, lashout] ttype=ground
INFO     Sampling 3 unrevealed pokemon
INFO     	        grumpig     thickfat    leftovers [focusblast, nastyplot, psychic, shadowball] ttype=fighting
INFO     	      decidueye     overgrow  assaultvest [knockoff, leafstorm, spiritshackle, uturn] ttype=ghost
INFO     	      gholdengo   goodasgold    leftovers [focusblast, makeitrain, nastyplot, shadowball] ttype=steel
INFO     Sampling battle 6
INFO     	     archaludon      stamina  assaultvest [bodypress, dracometeor, dragontail, flashcannon] ttype=fighting
INFO     	     oinkologne     thickfat    leftovers [curse, doubleedge, highhorsepower, lashout] ttype=ground
INFO     Sampling 3 unrevealed pokemon
INFO     	        pikachu lightningrod    lightball [fakeout, playrough, surf, volttackle] ttype=water
INFO     	      regigigas    slowstart    leftovers [bodyslam, knockoff, protect, substitute] ttype=poison
INFO     	      metagross    clearbody weaknesspolicy [agility, earthquake, heavyslam, knockoff] ttype=ground
INFO     Sampling battle 7
INFO     	     archaludon      stamina  assaultvest [bodypress, dracometeor, dragontail, flashcannon] ttype=fighting
INFO     	     oinkologne     thickfat    leftovers [curse, doubleedge, highhorsepower, lashout] ttype=ground
INFO     Sampling 3 unrevealed pokemon
INFO     	       hariyama     thickfat  assaultvest [bulletpunch, closecombat, heavyslam, knockoff] ttype=steel
INFO     	          entei   innerfocus   choiceband [extremespeed, flareblitz, sacredfire, stoneedge] ttype=normal
INFO     	         flygon     levitate   choiceband [earthquake, outrage, stoneedge, uturn] ttype=steel
INFO     Sampling battle 8
INFO     	     archaludon      stamina  assaultvest [bodypress, dracometeor, dragontail, flashcannon] ttype=fighting
INFO     	     oinkologne     thickfat    leftovers [curse, doubleedge, highhorsepower, lashout] ttype=ground
INFO     Sampling 3 unrevealed pokemon
INFO     	      hippowdon   sandstream  rockyhelmet [earthquake, slackoff, stoneedge, whirlwind] ttype=steel
INFO     	       whiscash    oblivious      lifeorb [dragondance, earthquake, liquidation, stoneedge] ttype=ground
INFO     	      tyranitar   sandstream weaknesspolicy [dragondance, icepunch, knockoff, stoneedge] ttype=ghost
INFO     Sampling battle 9
INFO     	     archaludon      stamina  assaultvest [bodypress, dracometeor, dragontail, flashcannon] ttype=fighting
INFO     	     oinkologne     thickfat    leftovers [curse, doubleedge, highhorsepower, lashout] ttype=ground
INFO     Sampling 3 unrevealed pokemon
INFO     	        toxapex  regenerator    leftovers [haze, liquidation, recover, toxic] ttype=grass
INFO     	      electrode       static      lifeorb [taunt, terablast, thunderbolt, voltswitch] ttype=ice
INFO     	  calyrexshadow asonespectrier      lifeorb [astralbarrage, nastyplot, pollenpuff, psyshock] ttype=ghost
INFO     Sampling battle 10
INFO     	     archaludon      stamina  assaultvest [bodypress, dracometeor, flashcannon, thunderbolt] ttype=fighting
INFO     	     oinkologne     thickfat    leftovers [curse, doubleedge, highhorsepower, lashout] ttype=ground
INFO     Sampling 3 unrevealed pokemon
INFO     	       empoleon  competitive    leftovers [flipturn, roost, surf, yawn] ttype=grass
INFO     	      cinderace       libero heavydutyboots [courtchange, pyroball, uturn, willowisp] ttype=grass
INFO     	     victreebel  chlorophyll      lifeorb [powerwhip, sludgewave, sunnyday, weatherball] ttype=fire
INFO     Sampling battle 11
INFO     	     archaludon      stamina  assaultvest [bodypress, dracometeor, flashcannon, thunderbolt] ttype=fighting
INFO     	     oinkologne     thickfat    leftovers [curse, doubleedge, highhorsepower, lashout] ttype=ground
INFO     Sampling 3 unrevealed pokemon
INFO     	      passimian      defiant    leftovers [bulkup, drainpunch, gunkshot, knockoff] ttype=steel
INFO     	      registeel    clearbody  chestoberry [bodypress, irondefense, ironhead, rest] ttype=fighting
INFO     	       qwilfish   intimidate    leftovers [gunkshot, spikes, thunderwave, waterfall] ttype=grass
INFO     Sampling battle 12
INFO     	     archaludon      stamina  assaultvest [bodypress, dracometeor, flashcannon, thunderbolt] ttype=fighting
INFO     	     oinkologne     thickfat    leftovers [curse, doubleedge, highhorsepower, lashout] ttype=ground
INFO     Sampling 3 unrevealed pokemon
INFO     	    ironjugulis   quarkdrive  choicespecs [darkpulse, hurricane, hydropump, uturn] ttype=dark
INFO     	   avalugghisui       sturdy heavydutyboots [avalanche, bodypress, recover, stoneedge] ttype=poison
INFO     	         zacian intrepidsword   choiceband [closecombat, playrough, psychicfangs, wildcharge] ttype=fighting
INFO     Sampling battle 13
INFO     	     archaludon      stamina  assaultvest [bodypress, dracometeor, flashcannon, thunderbolt] ttype=fighting
INFO     	     oinkologne     thickfat    leftovers [curse, doubleedge, highhorsepower, lashout] ttype=ground
INFO     Sampling 3 unrevealed pokemon
INFO     	        gallade    sharpness   choiceband [leafblade, nightslash, psychocut, sacredsword] ttype=dark
INFO     	        flapple       hustle   choiceband [gravapple, outrage, suckerpunch, uturn] ttype=dragon
INFO     	     grimmsnarl    prankster    leftovers [partingshot, spiritbreak, suckerpunch, thunderwave] ttype=steel
INFO     Sampling battle 14
INFO     	     archaludon      stamina  assaultvest [bodypress, dracometeor, dragontail, flashcannon] ttype=fighting
INFO     	     oinkologne     thickfat    leftovers [curse, doubleedge, highhorsepower, lashout] ttype=ground
INFO     Sampling 3 unrevealed pokemon
INFO     	      quaquaval        moxie    leftovers [aquastep, closecombat, rapidspin, roost] ttype=steel
INFO     	          chiyu  beadsofruin  choicescarf [darkpulse, flamethrower, overheat, psychic] ttype=fire
INFO     	     gothitelle    shadowtag  choicescarf [darkpulse, focusblast, psychic, trick] ttype=fighting
INFO     Sampling battle 15
INFO     	     archaludon      stamina  assaultvest [bodypress, dracometeor, dragontail, flashcannon] ttype=fighting
INFO     	     oinkologne     thickfat    leftovers [curse, doubleedge, highhorsepower, lashout] ttype=ground
INFO     Sampling 3 unrevealed pokemon
INFO     	     golemalola    galvanize      lifeorb [doubleedge, earthquake, rockpolish, stoneedge] ttype=grass
INFO     	 exeggutoralola      harvest  sitrusberry [calmmind, dragonpulse, flamethrower, gigadrain] ttype=fire
INFO     	squawkabillywhite       hustle   choiceband [bravebird, doubleedge, foulplay, quickattack] ttype=flying
INFO     Searching for a move using MCTS...
INFO     Sampling 16 battles at 500ms each
INFO     Choice: electrodrift-tera
INFO     Updated archaludon's max speed to 214
INFO     miraidon terastallized. Tera type: electric, Original types: ['electric', 'dragon']
INFO     miraidon already has the move electrodrift. Decrementing the PP by 1
INFO     miraidon used a electric move, removing electricgem from possible items
INFO     Setting miraidon's last used move: electrodrift
INFO     miraidon used a damaging move - not guessing lifeorb anymore
INFO     miraidon did 47.0% damage to archaludon with electrodrift
INFO     Setting archaludon's ability to stamina
INFO     archaludon's defense was boosted by 1 to 2
INFO     archaludon already has the move dracometeor. Decrementing the PP by 1
INFO     archaludon used a dragon move, removing dragongem from possible items
INFO     Setting archaludon's last used move: dracometeor
INFO     archaludon used a damaging move - not guessing lifeorb anymore
INFO     archaludon did 62.18% damage to miraidon with dracometeor
INFO     archaludon's special-attack was unboosted by 2 to -2
INFO     electricterrain turns remaining: 3
INFO     archaludon has less than maxhp during upkeep, no longer guessing leftovers or blacksludge
INFO     
INFO     Turn: 13
INFO     loaded 4 player and 0 effective opponent priors
INFO     Sampling battle 0
INFO     	     archaludon      stamina  assaultvest [bodypress, dracometeor, dragontail, flashcannon] ttype=fighting
INFO     	     oinkologne     thickfat    leftovers [curse, doubleedge, highhorsepower, lashout] ttype=ground
INFO     Sampling 3 unrevealed pokemon
INFO     	      rhyperior    solidrock weaknesspolicy [earthquake, icepunch, rockpolish, stoneedge] ttype=rock
INFO     	       miraidon hadronengine  choicespecs [dracometeor, electrodrift, overheat, voltswitch] ttype=electric
INFO     	        golduck    cloudnine      lifeorb [grassknot, hydropump, icebeam, nastyplot] ttype=grass
INFO     Sampling battle 1
INFO     	     archaludon      stamina  assaultvest [bodypress, dracometeor, dragontail, flashcannon] ttype=fighting
INFO     	     oinkologne     thickfat    leftovers [curse, doubleedge, highhorsepower, lashout] ttype=ground
INFO     Sampling 3 unrevealed pokemon
INFO     	   moltresgalar      berserk  chestoberry [fierywrath, hurricane, nastyplot, rest] ttype=dark
INFO     	        tropius      harvest  sitrusberry [dragondance, dualwingbeat, earthquake, leafblade] ttype=ground
INFO     	      gardevoir        trace  choicescarf [focusblast, moonblast, psyshock, trick] ttype=fighting
INFO     Sampling battle 2
INFO     	     archaludon      stamina  assaultvest [bodypress, dracometeor, flashcannon, thunderbolt] ttype=fighting
INFO     	     oinkologne     thickfat    leftovers [curse, doubleedge, highhorsepower, lashout] ttype=ground
INFO     Sampling 3 unrevealed pokemon
INFO     	         zacian intrepidsword      lifeorb [closecombat, crunch, playrough, swordsdance] ttype=fighting
INFO     	   lycanrocdusk   toughclaws   choiceband [accelerock, closecombat, psychicfangs, stoneedge] ttype=fighting
INFO     	      volcanion  waterabsorb heavydutyboots [flamethrower, haze, sludgebomb, steameruption] ttype=water
INFO     Sampling battle 3
INFO     	     archaludon      stamina  assaultvest [bodypress, dracometeor, dragontail, flashcannon] ttype=fighting
INFO     	     oinkologne     thickfat    leftovers [curse, doubleedge, highhorsepower, lashout] ttype=ground
INFO     Sampling 3 unrevealed pokemon
INFO     	   squawkabilly         guts     flameorb [bravebird, facade, protect, quickattack] ttype=normal
INFO     	    fezandipiti   toxicchain    leftovers [gunkshot, moonblast, roost, uturn] ttype=steel
INFO     	      poliwrath    swiftswim      lifeorb [closecombat, knockoff, liquidation, raindance] ttype=dark
INFO     Sampling battle 4
INFO     	     archaludon      stamina  assaultvest [bodypress, dracometeor, flashcannon, thunderbolt] ttype=fighting
INFO     	     oinkologne     thickfat    leftovers [curse, doubleedge, highhorsepower, lashout] ttype=ground
INFO     Sampling 3 unrevealed pokemon
INFO     	        delphox        blaze  choicescarf [fireblast, focusblast, grassknot, psyshock] ttype=grass
INFO     	    ironboulder   quarkdrive      lifeorb [closecombat, mightycleave, swordsdance, zenheadbutt] ttype=fighting
INFO     	       torterra     overgrow   loadeddice [bulletseed, headlongrush, rockblast, shellsmash] ttype=rock
INFO     Sampling battle 5
INFO     	     archaludon      stamina  assaultvest [bodypress, dracometeor, dragontail, flashcannon] ttype=fighting
INFO     	     oinkologne     thickfat    leftovers [curse, doubleedge, highhorsepower, lashout] ttype=ground
INFO     Sampling 3 unrevealed pokemon
INFO     	        groudon      drought    leftovers [heatcrash, precipiceblades, stoneedge, swordsdance] ttype=fire
INFO     	         zapdos       static heavydutyboots [discharge, heatwave, hurricane, roost] ttype=steel
INFO     	         phione    hydration    leftovers [rest, scald, sleeptalk, takeheart] ttype=dragon
INFO     Sampling battle 6
INFO     	     archaludon      stamina  assaultvest [bodypress, dracometeor, dragontail, flashcannon] ttype=fighting
INFO     	     oinkologne     thickfat    leftovers [curse, doubleedge, highhorsepower, lashout] ttype=ground
INFO     Sampling 3 unrevealed pokemon
INFO     	          lokix   tintedlens      lifeorb [firstimpression, knockoff, leechlife, suckerpunch] ttype=bug
INFO     	     ironbundle   quarkdrive heavydutyboots [encore, freezedry, hydropump, icebeam] ttype=ice
INFO     	      exeggutor      harvest  sitrusberry [leechseed, psychicnoise, sludgebomb, substitute] ttype=steel
INFO     Sampling battle 7
INFO     	     archaludon      stamina  assaultvest [bodypress, dracometeor, dragontail, flashcannon] ttype=fighting
INFO     	     oinkologne     thickfat    leftovers [curse, doubleedge, highhorsepower, lashout] ttype=ground
INFO     Sampling 3 unrevealed pokemon
INFO     	     typhlosion    flashfire  choicespecs [eruption, fireblast, focusblast, scorchingsands] ttype=fire
INFO     	      tatsugiri   stormdrain heavydutyboots [dracometeor, nastyplot, rapidspin, surf] ttype=steel
INFO     	       regirock    clearbody    leftovers [bodypress, stealthrock, stoneedge, thunderwave] ttype=fighting
INFO     Sampling battle 8
INFO     	     archaludon      stamina  assaultvest [bodypress, dracometeor, flashcannon, thunderbolt] ttype=fighting
INFO     	     oinkologne     thickfat    leftovers [curse, doubleedge, highhorsepower, lashout] ttype=ground
INFO     Sampling 3 unrevealed pokemon
INFO     	       salazzle    corrosion    leftovers [flamethrower, protect, substitute, toxic] ttype=flying
INFO     	          ditto     imposter  choicescarf [transform] ttype=steel
INFO     	         comfey       triage    leftovers [calmmind, drainingkiss, taunt, terablast] ttype=ground
INFO     Sampling battle 9
INFO     	     archaludon      stamina  assaultvest [bodypress, dracometeor, dragontail, flashcannon] ttype=fighting
INFO     	     oinkologne     thickfat    leftovers [curse, doubleedge, highhorsepower, lashout] ttype=ground
INFO     Sampling 3 unrevealed pokemon
INFO     	enamorustherian     overcoat  choicespecs [earthpower, moonblast, mysticalfire, psychic] ttype=ground
INFO     	      cramorant  gulpmissile heavydutyboots [bravebird, defog, roost, surf] ttype=ground
INFO     	         komala     comatose  assaultvest [bodyslam, earthquake, knockoff, rapidspin] ttype=ghost
INFO     Sampling battle 10
INFO     	     archaludon      stamina  assaultvest [bodypress, dracometeor, dragontail, flashcannon] ttype=fighting
INFO     	     oinkologne     thickfat    leftovers [curse, doubleedge, highhorsepower, lashout] ttype=ground
INFO     Sampling 3 unrevealed pokemon
INFO     	       samurott      torrent  assaultvest [aquajet, grassknot, hydropump, icebeam] ttype=grass
INFO     	         arceus    multitype      lifeorb [earthquake, extremespeed, recover, swordsdance] ttype=normal
INFO     	    polteageist   cursedbody    whiteherb [shadowball, shellsmash, storedpower, strengthsap] ttype=psychic
INFO     Sampling battle 11
INFO     	     archaludon      stamina  assaultvest [bodypress, dracometeor, flashcannon, thunderbolt] ttype=fighting
INFO     	     oinkologne     thickfat    leftovers [curse, doubleedge, highhorsepower, lashout] ttype=ground
INFO     Sampling 3 unrevealed pokemon
INFO     	         espeon  magicbounce  choicespecs [alluringvoice, psyshock, shadowball, trick] ttype=psychic
INFO     	  slowkinggalar  regenerator  assaultvest [futuresight, psychicnoise, sludgebomb, surf] ttype=water
INFO     	       camerupt    solidrock    leftovers [earthquake, overheat, roar, willowisp] ttype=water
INFO     Sampling battle 12
INFO     	     archaludon      stamina  assaultvest [bodypress, dracometeor, dragontail, flashcannon] ttype=fighting
INFO     	     oinkologne     thickfat    leftovers [curse, doubleedge, highhorsepower, lashout] ttype=ground
INFO     Sampling 3 unrevealed pokemon
INFO     	      pachirisu   voltabsorb  assaultvest [nuzzle, superfang, thunderbolt, uturn] ttype=flying
INFO     	     chesnaught  bulletproof  rockyhelmet [bodypress, knockoff, synthesis, woodhammer] ttype=water
INFO     	       tsareena queenlymajesty heavydutyboots [highjumpkick, powerwhip, rapidspin, synthesis] ttype=fighting
INFO     Sampling battle 13
INFO     	     archaludon      stamina  assaultvest [bodypress, dracometeor, dragontail, flashcannon] ttype=fighting
INFO     	     oinkologne     thickfat    leftovers [curse, doubleedge, highhorsepower, lashout] ttype=ground
INFO     Sampling 3 unrevealed pokemon
INFO     	      passimian      defiant  choicescarf [closecombat, knockoff, rockslide, uturn] ttype=dark
INFO     	     ironbundle   quarkdrive heavydutyboots [encore, freezedry, hydropump, icebeam] ttype=water
INFO     	         dodrio    earlybird heavydutyboots [bravebird, doubleedge, knockoff, swordsdance] ttype=flying
INFO     Sampling battle 14
INFO     	     archaludon      stamina  assaultvest [bodypress, dracometeor, dragontail, flashcannon] ttype=fighting
INFO     	     oinkologne     thickfat    leftovers [curse, doubleedge, highhorsepower, lashout] ttype=ground
INFO     Sampling 3 unrevealed pokemon
INFO     	     ragingbolt protosynthesis boosterenergy [calmmind, dragonpulse, thunderbolt, thunderclap] ttype=electric
INFO     	       zangoose   toxicboost     toxicorb [closecombat, facade, knockoff, swordsdance] ttype=normal
INFO     	    ironvaliant   quarkdrive      lifeorb [calmmind, closecombat, moonblast, psychic] ttype=fighting
INFO     Sampling battle 15
INFO     	     archaludon      stamina  assaultvest [bodypress, dracometeor, dragontail, flashcannon] ttype=fighting
INFO     	     oinkologne     thickfat    leftovers [curse, doubleedge, highhorsepower, lashout] ttype=ground
INFO     Sampling 3 unrevealed pokemon
INFO     	      dunsparce  serenegrace     eviolite [bodyslam, coil, earthquake, roost] ttype=ground
INFO     	      heracross        moxie  choicescarf [closecombat, earthquake, megahorn, stoneedge] ttype=rock
INFO     	        haxorus  moldbreaker     lumberry [dragondance, earthquake, ironhead, outrage] ttype=steel
INFO     Searching for a move using MCTS...
INFO     Sampling 16 battles at 500ms each
INFO     Choice: electrodrift
INFO     miraidon already has the move electrodrift. Decrementing the PP by 1
INFO     miraidon used a electric move, removing electricgem from possible items
INFO     Setting miraidon's last used move: electrodrift
INFO     miraidon used a damaging move - not guessing lifeorb anymore
INFO     miraidon did 13.0% damage to archaludon with electrodrift
INFO     electricterrain turns remaining: 2
INFO     archaludon has less than maxhp during upkeep, no longer guessing leftovers or blacksludge
INFO     Opponent has switched - clearing the last used move
INFO     shaymin switched in, adding intimidate to impossible abilities
INFO     shaymin switched in, adding pressure to impossible abilities
INFO     shaymin switched in, adding neutralizinggas to impossible abilities
INFO     shaymin switched in, adding sandstream to impossible abilities
INFO     shaymin switched in, adding drought to impossible abilities
INFO     shaymin switched in, adding drizzle to impossible abilities
INFO     shaymin switched in, adding snowwarning to impossible abilities
INFO     shaymin switched in, adding boosterenergy to impossible items
INFO     shaymin switched in, adding airballoon to impossible items
INFO     shaymin was affected by stealthrock, it cannot have heavydutyboots
INFO     
INFO     Turn: 14
INFO     loaded 4 player and 0 effective opponent priors
INFO     Sampling battle 0
INFO     	        shaymin  naturalcure    leftovers [airslash, earthpower, seedflare, synthesis] ttype=ground
INFO     	     oinkologne     thickfat    leftovers [curse, doubleedge, highhorsepower, lashout] ttype=ground
INFO     Sampling 2 unrevealed pokemon
INFO     	     sandaconda     shedskin    leftovers [earthquake, glare, rest, stoneedge] ttype=water
INFO     	          hypno     insomnia    leftovers [focusblast, protect, psychicnoise, toxic] ttype=dark
INFO     Sampling battle 1
INFO     	        shaymin  naturalcure    leftovers [airslash, earthpower, seedflare, synthesis] ttype=steel
INFO     	     oinkologne     thickfat    leftovers [curse, doubleedge, highhorsepower, lashout] ttype=ground
INFO     Sampling 2 unrevealed pokemon
INFO     	       ampharos       static      lifeorb [agility, dazzlinggleam, focusblast, thunderbolt] ttype=electric
INFO     	        flareon         guts     toxicorb [facade, flareblitz, quickattack, trailblaze] ttype=normal
INFO     Sampling battle 2
INFO     	        shaymin  naturalcure    leftovers [airslash, earthpower, seedflare, synthesis] ttype=steel
INFO     	     oinkologne     thickfat    leftovers [curse, doubleedge, highhorsepower, lashout] ttype=ground
INFO     Sampling 2 unrevealed pokemon
INFO     	     pincurchin electricsurge    leftovers [discharge, recover, scald, spikes] ttype=water
INFO     	      cramorant  gulpmissile heavydutyboots [bravebird, defog, roost, surf] ttype=ground
INFO     Sampling battle 3
INFO     	        shaymin  naturalcure    leftovers [airslash, earthpower, seedflare, synthesis] ttype=steel
INFO     	     oinkologne     thickfat    leftovers [curse, doubleedge, highhorsepower, lashout] ttype=ground
INFO     Sampling 2 unrevealed pokemon
INFO     	 ninetalesalola  snowwarning    lightclay [auroraveil, blizzard, freezedry, moonblast] ttype=water
INFO     	      girafarig    sapsipper     eviolite [hypervoice, nastyplot, psyshock, thunderbolt] ttype=electric
INFO     Sampling battle 4
INFO     	        shaymin  naturalcure    leftovers [airslash, leechseed, seedflare, substitute] ttype=steel
INFO     	     oinkologne     thickfat    leftovers [curse, doubleedge, highhorsepower, lashout] ttype=ground
INFO     Sampling 2 unrevealed pokemon
INFO     	  braviaryhisui   tintedlens heavydutyboots [defog, esperwing, hurricane, roost] ttype=steel
INFO     	       overqwil   intimidate   loadeddice [crunch, gunkshot, scaleshot, swordsdance] ttype=dragon
INFO     Sampling battle 5
INFO     	        shaymin  naturalcure    leftovers [airslash, leechseed, seedflare, substitute] ttype=steel
INFO     	     oinkologne     thickfat    leftovers [curse, doubleedge, highhorsepower, lashout] ttype=ground
INFO     Sampling 2 unrevealed pokemon
INFO     	      ninetales      drought heavydutyboots [fireblast, nastyplot, scorchingsands, solarbeam] ttype=grass
INFO     	          chiyu  beadsofruin heavydutyboots [darkpulse, fireblast, nastyplot, psychic] ttype=fire
INFO     Sampling battle 6
INFO     	        shaymin  naturalcure    leftovers [airslash, earthpower, seedflare, synthesis] ttype=steel
INFO     	     oinkologne     thickfat    leftovers [curse, doubleedge, highhorsepower, lashout] ttype=ground
INFO     Sampling 2 unrevealed pokemon
INFO     	         latias     levitate      souldew [calmmind, dracometeor, psyshock, recover] ttype=steel
INFO     	lycanrocmidnight      noguard      lifeorb [closecombat, stealthrock, stoneedge, suckerpunch] ttype=fighting
INFO     Sampling battle 7
INFO     	        shaymin  naturalcure    leftovers [airslash, earthpower, seedflare, synthesis] ttype=ground
INFO     	     oinkologne     thickfat    leftovers [curse, doubleedge, highhorsepower, lashout] ttype=ground
INFO     Sampling 2 unrevealed pokemon
INFO     	      hatterene  magicbounce    leftovers [calmmind, drainingkiss, mysticalfire, psychic] ttype=steel
INFO     	         raikou     pressure  choicespecs [scald, shadowball, thunderbolt, voltswitch] ttype=water
INFO     Sampling battle 8
INFO     	        shaymin  naturalcure    leftovers [airslash, leechseed, seedflare, substitute] ttype=steel
INFO     	     oinkologne     thickfat    leftovers [curse, doubleedge, highhorsepower, lashout] ttype=ground
INFO     Sampling 2 unrevealed pokemon
INFO     	        flamigo      scrappy      lifeorb [bravebird, closecombat, swordsdance, throatchop] ttype=steel
INFO     	        gliscor   poisonheal     toxicorb [earthquake, protect, substitute, toxic] ttype=water
INFO     Sampling battle 9
INFO     	        shaymin  naturalcure    leftovers [airslash, leechseed, seedflare, substitute] ttype=steel
INFO     	     oinkologne     thickfat    leftovers [curse, doubleedge, highhorsepower, lashout] ttype=ground
INFO     Sampling 2 unrevealed pokemon
INFO     	      blastoise      torrent    whiteherb [earthquake, hydropump, icebeam, shellsmash] ttype=water
INFO     	 electrodehisui       static      lifeorb [gigadrain, taunt, thunderbolt, voltswitch] ttype=grass
INFO     Sampling battle 10
INFO     	        shaymin  naturalcure    leftovers [airslash, earthpower, seedflare, synthesis] ttype=ground
INFO     	     oinkologne     thickfat    leftovers [curse, doubleedge, highhorsepower, lashout] ttype=ground
INFO     Sampling 2 unrevealed pokemon
INFO     	      mightyena   intimidate  assaultvest [playrough, poisonfang, suckerpunch, throatchop] ttype=poison
INFO     	         dodrio    earlybird   choiceband [bravebird, drillrun, knockoff, quickattack] ttype=flying
INFO     Sampling battle 11
INFO     	        shaymin  naturalcure    leftovers [airslash, leechseed, seedflare, substitute] ttype=steel
INFO     	     oinkologne     thickfat    leftovers [curse, doubleedge, highhorsepower, lashout] ttype=ground
INFO     Sampling 2 unrevealed pokemon
INFO     	      pachirisu   voltabsorb  assaultvest [nuzzle, superfang, thunderbolt, uturn] ttype=flying
INFO     	      mamoswine     thickfat      lifeorb [earthquake, iceshard, iciclecrash, stealthrock] ttype=ground
INFO     Sampling battle 12
INFO     	        shaymin  naturalcure    leftovers [airslash, earthpower, seedflare, synthesis] ttype=steel
INFO     	     oinkologne     thickfat    leftovers [curse, doubleedge, highhorsepower, lashout] ttype=ground
INFO     Sampling 2 unrevealed pokemon
INFO     	     krookodile   intimidate      lifeorb [earthquake, gunkshot, knockoff, stealthrock] ttype=poison
INFO     	        grumpig     thickfat    leftovers [focusblast, nastyplot, psychic, shadowball] ttype=fighting
INFO     Sampling battle 13
INFO     	        shaymin  naturalcure    leftovers [airslash, earthpower, seedflare, synthesis] ttype=ground
INFO     	     oinkologne     thickfat    leftovers [curse, doubleedge, highhorsepower, lashout] ttype=ground
INFO     Sampling 2 unrevealed pokemon
INFO     	       dusknoir        frisk   choiceband [earthquake, leechlife, poltergeist, shadowsneak] ttype=ghost
INFO     	        banette     insomnia      lifeorb [gunkshot, poltergeist, shadowsneak, swordsdance] ttype=ghost
INFO     Sampling battle 14
INFO     	        shaymin  naturalcure    leftovers [airslash, earthpower, seedflare, synthesis] ttype=steel
INFO     	     oinkologne     thickfat    leftovers [curse, doubleedge, highhorsepower, lashout] ttype=ground
INFO     Sampling 2 unrevealed pokemon
INFO     	      metagross    clearbody    leftovers [bulletpunch, heavyslam, psychicfangs, stealthrock] ttype=water
INFO     	      infernape        blaze      lifeorb [closecombat, knockoff, machpunch, overheat] ttype=dark
INFO     Sampling battle 15
INFO     	        shaymin  naturalcure    leftovers [airslash, leechseed, seedflare, substitute] ttype=steel
INFO     	     oinkologne     thickfat    leftovers [curse, doubleedge, highhorsepower, lashout] ttype=ground
INFO     Sampling 2 unrevealed pokemon
INFO     	          hoopa     magician      lifeorb [focusblast, nastyplot, psyshock, shadowball] ttype=psychic
INFO     	      bastiodon   soundproof  chestoberry [bodypress, foulplay, irondefense, rest] ttype=fighting
INFO     Searching for a move using MCTS...
INFO     Sampling 16 battles at 500ms each
INFO     Choice: electrodrift
INFO     Updated shaymin's max speed to 214
INFO     miraidon already has the move electrodrift. Decrementing the PP by 1
INFO     miraidon used a electric move, removing electricgem from possible items
INFO     Setting miraidon's last used move: electrodrift
INFO     miraidon used a damaging move - not guessing lifeorb anymore
INFO     miraidon did 47.0% damage to shaymin with electrodrift
INFO     shaymin used a grass move, removing grassgem from possible items
INFO     Setting shaymin's last used move: seedflare
INFO     shaymin used a damaging move - not guessing lifeorb anymore
INFO     shaymin did 37.82% damage to miraidon with seedflare
INFO     Setting shaymin's item to: leftovers
INFO     electricterrain turns remaining: 1
INFO     shaymin has less than maxhp during upkeep, no longer guessing leftovers or blacksludge
INFO     loaded 3 player and 0 effective opponent priors
INFO     Sampling battle 0
INFO     	        shaymin  naturalcure    leftovers [airslash, leechseed, seedflare, substitute] ttype=steel
INFO     	     oinkologne     thickfat    leftovers [curse, doubleedge, highhorsepower, lashout] ttype=ground
INFO     Sampling 2 unrevealed pokemon
INFO     	     skeledirge      unaware heavydutyboots [hex, slackoff, torchsong, willowisp] ttype=fairy
INFO     	      sudowoodo     rockhead    leftovers [earthquake, headsmash, stealthrock, woodhammer] ttype=rock
INFO     Sampling battle 1
INFO     	        shaymin  naturalcure    leftovers [airslash, earthpower, seedflare, synthesis] ttype=ground
INFO     	     oinkologne     thickfat    leftovers [curse, doubleedge, highhorsepower, lashout] ttype=ground
INFO     Sampling 2 unrevealed pokemon
INFO     	        spidops     stakeout heavydutyboots [circlethrow, knockoff, stickyweb, toxicspikes] ttype=ghost
INFO     	         pyroar      unnerve heavydutyboots [fireblast, hypervoice, taunt, willowisp] ttype=fire
INFO     Sampling battle 2
INFO     	        shaymin  naturalcure    leftovers [airslash, earthpower, seedflare, synthesis] ttype=steel
INFO     	     oinkologne     thickfat    leftovers [curse, doubleedge, highhorsepower, lashout] ttype=ground
INFO     Sampling 2 unrevealed pokemon
INFO     	    arceussteel    multitype    ironplate [earthquake, judgment, recover, willowisp] ttype=ghost
INFO     	        noivern  infiltrator  choicespecs [boomburst, dracometeor, hurricane, uturn] ttype=normal
INFO     Sampling battle 3
INFO     	        shaymin  naturalcure    leftovers [airslash, leechseed, seedflare, substitute] ttype=steel
INFO     	     oinkologne     thickfat    leftovers [curse, doubleedge, highhorsepower, lashout] ttype=ground
INFO     Sampling 2 unrevealed pokemon
INFO     	        jolteon   voltabsorb    leftovers [calmmind, substitute, terablast, thunderbolt] ttype=ice
INFO     	       camerupt    solidrock    leftovers [earthquake, overheat, roar, stealthrock] ttype=grass
INFO     Sampling battle 4
INFO     	        shaymin  naturalcure    leftovers [airslash, earthpower, seedflare, synthesis] ttype=ground
INFO     	     oinkologne     thickfat    leftovers [curse, doubleedge, highhorsepower, lashout] ttype=ground
INFO     Sampling 2 unrevealed pokemon
INFO     	        diancie    clearbody    leftovers [calmmind, diamondstorm, drainingkiss, earthpower] ttype=water
INFO     	      bastiodon   soundproof  chestoberry [bodypress, foulplay, irondefense, rest] ttype=fighting
INFO     Sampling battle 5
INFO     	        shaymin  naturalcure    leftovers [airslash, leechseed, seedflare, substitute] ttype=steel
INFO     	     oinkologne     thickfat    leftovers [curse, doubleedge, highhorsepower, lashout] ttype=ground
INFO     Sampling 2 unrevealed pokemon
INFO     	      decidueye     overgrow      lifeorb [leafblade, poltergeist, shadowsneak, swordsdance] ttype=ghost
INFO     	         raikou     pressure    leftovers [calmmind, scald, substitute, thunderbolt] ttype=water
INFO     Sampling battle 6
INFO     	        shaymin  naturalcure    leftovers [airslash, leechseed, seedflare, substitute] ttype=steel
INFO     	     oinkologne     thickfat    leftovers [curse, doubleedge, highhorsepower, lashout] ttype=ground
INFO     Sampling 2 unrevealed pokemon
INFO     	       clefable   magicguard      lifeorb [calmmind, fireblast, moonblast, moonlight] ttype=fire
INFO     	    gougingfire protosynthesis heavydutyboots [dragondance, heatcrash, morningsun, outrage] ttype=fairy
INFO     Sampling battle 7
INFO     	        shaymin  naturalcure    leftovers [airslash, leechseed, seedflare, substitute] ttype=steel
INFO     	     oinkologne     thickfat    leftovers [curse, doubleedge, highhorsepower, lashout] ttype=ground
INFO     Sampling 2 unrevealed pokemon
INFO     	 arceusfighting    multitype    fistplate [bodypress, irondefense, recover, shadowball] ttype=steel
INFO     	        dedenne   cheekpouch  sitrusberry [dazzlinggleam, superfang, thunderbolt, uturn] ttype=flying
INFO     Sampling battle 8
INFO     	        shaymin  naturalcure    leftovers [airslash, earthpower, seedflare, synthesis] ttype=steel
INFO     	     oinkologne     thickfat    leftovers [curse, doubleedge, highhorsepower, lashout] ttype=ground
INFO     Sampling 2 unrevealed pokemon
INFO     	          arbok   intimidate      lifeorb [earthquake, glare, gunkshot, knockoff] ttype=ground
INFO     	      eternatus     pressure    leftovers [dynamaxcannon, flamethrower, recover, toxicspikes] ttype=dragon
INFO     Sampling battle 9
INFO     	        shaymin  naturalcure    leftovers [airslash, earthpower, seedflare, synthesis] ttype=steel
INFO     	     oinkologne     thickfat    leftovers [curse, doubleedge, highhorsepower, lashout] ttype=ground
INFO     Sampling 2 unrevealed pokemon
INFO     	       zangoose   toxicboost     toxicorb [closecombat, facade, knockoff, swordsdance] ttype=normal
INFO     	       salazzle    corrosion    leftovers [flamethrower, protect, substitute, toxic] ttype=grass
INFO     Sampling battle 10
INFO     	        shaymin  naturalcure    leftovers [airslash, leechseed, seedflare, substitute] ttype=steel
INFO     	     oinkologne     thickfat    leftovers [curse, doubleedge, highhorsepower, lashout] ttype=ground
INFO     Sampling 2 unrevealed pokemon
INFO     	       hariyama     thickfat  assaultvest [closecombat, heavyslam, knockoff, stoneedge] ttype=steel
INFO     	 electrodehisui    aftermath      lifeorb [gigadrain, taunt, thunderbolt, thunderwave] ttype=electric
INFO     Sampling battle 11
INFO     	        shaymin  naturalcure    leftovers [airslash, leechseed, seedflare, substitute] ttype=steel
INFO     	     oinkologne     thickfat    leftovers [curse, doubleedge, highhorsepower, lashout] ttype=ground
INFO     Sampling 2 unrevealed pokemon
INFO     	       koraidon orichalcumpulse   loadeddice [collisioncourse, flareblitz, scaleshot, swordsdance] ttype=fire
INFO     	       cobalion    justified    leftovers [aurasphere, calmmind, flashcannon, vacuumwave] ttype=ghost
INFO     Sampling battle 12
INFO     	        shaymin  naturalcure    leftovers [airslash, earthpower, seedflare, synthesis] ttype=steel
INFO     	     oinkologne     thickfat    leftovers [curse, doubleedge, highhorsepower, lashout] ttype=ground
INFO     Sampling 2 unrevealed pokemon
INFO     	      decidueye     overgrow heavydutyboots [leafstorm, roost, spiritshackle, uturn] ttype=ghost
INFO     	       enamorus     contrary    leftovers [playrough, substitute, superpower, taunt] ttype=fighting
INFO     Sampling battle 13
INFO     	        shaymin  naturalcure    leftovers [airslash, earthpower, seedflare, synthesis] ttype=steel
INFO     	     oinkologne     thickfat    leftovers [curse, doubleedge, highhorsepower, lashout] ttype=ground
INFO     Sampling 2 unrevealed pokemon
INFO     	        mesprit     levitate    leftovers [encore, psychicnoise, thunderwave, uturn] ttype=steel
INFO     	         lunala shadowshield    leftovers [calmmind, focusblast, moongeistbeam, moonlight] ttype=fighting
INFO     Sampling battle 14
INFO     	        shaymin  naturalcure    leftovers [airslash, leechseed, seedflare, substitute] ttype=steel
INFO     	     oinkologne     thickfat    leftovers [curse, doubleedge, highhorsepower, lashout] ttype=ground
INFO     Sampling 2 unrevealed pokemon
INFO     	     skeledirge      unaware heavydutyboots [hex, slackoff, torchsong, willowisp] ttype=fairy
INFO     	        sableye    prankster    leftovers [encore, knockoff, recover, thunderwave] ttype=poison
INFO     Sampling battle 15
INFO     	        shaymin  naturalcure    leftovers [airslash, earthpower, seedflare, synthesis] ttype=ground
INFO     	     oinkologne     thickfat    leftovers [curse, doubleedge, highhorsepower, lashout] ttype=ground
INFO     Sampling 2 unrevealed pokemon
INFO     	          hoopa     magician      lifeorb [focusblast, nastyplot, psychic, shadowball] ttype=psychic
INFO     	        torkoal      drought heavydutyboots [lavaplume, rapidspin, solarbeam, stealthrock] ttype=grass
INFO     Searching for a move using MCTS...
INFO     Sampling 16 battles at 500ms each
INFO     Choice: switch maushold
INFO     maushold switched in, adding intimidate to impossible abilities
INFO     maushold switched in, adding pressure to impossible abilities
INFO     maushold switched in, adding neutralizinggas to impossible abilities
INFO     maushold switched in, adding sandstream to impossible abilities
INFO     maushold switched in, adding drought to impossible abilities
INFO     maushold switched in, adding drizzle to impossible abilities
INFO     maushold switched in, adding snowwarning to impossible abilities
INFO     maushold switched in, adding boosterenergy to impossible items
INFO     maushold switched in, adding airballoon to impossible items
INFO     
INFO     Turn: 15
INFO     loaded 6 player and 0 effective opponent priors
INFO     Sampling battle 0
INFO     	        shaymin  naturalcure    leftovers [airslash, earthpower, seedflare, synthesis] ttype=ground
INFO     	     oinkologne     thickfat    leftovers [curse, doubleedge, highhorsepower, lashout] ttype=ground
INFO     Sampling 2 unrevealed pokemon
INFO     	        kleavor    sharpness heavydutyboots [closecombat, stoneaxe, swordsdance, xscissor] ttype=rock
INFO     	      rotomwash     levitate    leftovers [hydropump, nastyplot, painsplit, thunderbolt] ttype=electric
INFO     Sampling battle 1
INFO     	        shaymin  naturalcure    leftovers [airslash, earthpower, seedflare, synthesis] ttype=ground
INFO     	     oinkologne     thickfat    leftovers [curse, doubleedge, highhorsepower, lashout] ttype=ground
INFO     Sampling 2 unrevealed pokemon
INFO     	       dusknoir        frisk   choiceband [earthquake, leechlife, poltergeist, shadowsneak] ttype=ghost
INFO     	     galvantula compoundeyes heavydutyboots [bugbuzz, stickyweb, thunder, voltswitch] ttype=electric
INFO     Sampling battle 2
INFO     	        shaymin  naturalcure    leftovers [airslash, leechseed, seedflare, substitute] ttype=steel
INFO     	     oinkologne     thickfat    leftovers [curse, doubleedge, highhorsepower, lashout] ttype=ground
INFO     Sampling 2 unrevealed pokemon
INFO     	      regieleki   transistor       magnet [rapidspin, terablast, thunderbolt, voltswitch] ttype=ice
INFO     	      gastrodon   stormdrain    leftovers [earthquake, recover, sludgebomb, stealthrock] ttype=poison
INFO     Sampling battle 3
INFO     	        shaymin  naturalcure    leftovers [airslash, leechseed, seedflare, substitute] ttype=steel
INFO     	     oinkologne     thickfat    leftovers [curse, doubleedge, highhorsepower, lashout] ttype=ground
INFO     Sampling 2 unrevealed pokemon
INFO     	       salazzle    corrosion    leftovers [flamethrower, protect, substitute, toxic] ttype=flying
INFO     	      tyranitar   sandstream    leftovers [dragontail, knockoff, stoneedge, thunderwave] ttype=ghost
INFO     Sampling battle 4
INFO     	        shaymin  naturalcure    leftovers [airslash, earthpower, seedflare, synthesis] ttype=steel
INFO     	     oinkologne     thickfat    leftovers [curse, doubleedge, highhorsepower, lashout] ttype=ground
INFO     Sampling 2 unrevealed pokemon
INFO     	     screamtail protosynthesis    leftovers [encore, playrough, protect, wish] ttype=steel
INFO     	        noivern  infiltrator  choicespecs [boomburst, dracometeor, flamethrower, hurricane] ttype=normal
INFO     Sampling battle 5
INFO     	        shaymin  naturalcure    leftovers [airslash, earthpower, seedflare, synthesis] ttype=steel
INFO     	     oinkologne     thickfat    leftovers [curse, doubleedge, highhorsepower, lashout] ttype=ground
INFO     Sampling 2 unrevealed pokemon
INFO     	        diancie    clearbody    leftovers [calmmind, diamondstorm, drainingkiss, earthpower] ttype=fairy
INFO     	         kommoo   soundproof   loadeddice [closecombat, ironhead, scaleshot, swordsdance] ttype=steel
INFO     Sampling battle 6
INFO     	        shaymin  naturalcure    leftovers [airslash, earthpower, seedflare, synthesis] ttype=ground
INFO     	     oinkologne     thickfat    leftovers [curse, doubleedge, highhorsepower, lashout] ttype=ground
INFO     Sampling 2 unrevealed pokemon
INFO     	      revavroom       filter      lifeorb [gunkshot, highhorsepower, ironhead, shiftgear] ttype=ground
INFO     	      ninetales      drought heavydutyboots [fireblast, nastyplot, scorchingsands, solarbeam] ttype=grass
INFO     Sampling battle 7
INFO     	        shaymin  naturalcure    leftovers [airslash, earthpower, seedflare, synthesis] ttype=ground
INFO     	     oinkologne     thickfat    leftovers [curse, doubleedge, highhorsepower, lashout] ttype=ground
INFO     Sampling 2 unrevealed pokemon
INFO     	        malamar     contrary  chestoberry [knockoff, psychocut, rest, superpower] ttype=steel
INFO     	        kingdra       sniper     lumberry [dragondance, outrage, waterfall, wavecrash] ttype=water
INFO     Sampling battle 8
INFO     	        shaymin  naturalcure    leftovers [airslash, leechseed, seedflare, substitute] ttype=steel
INFO     	     oinkologne     thickfat    leftovers [curse, doubleedge, highhorsepower, lashout] ttype=ground
INFO     Sampling 2 unrevealed pokemon
INFO     	       solgaleo fullmetalbody weaknesspolicy [earthquake, flamecharge, knockoff, sunsteelstrike] ttype=dark
INFO     	ogerponhearthflame  moldbreaker hearthflamemask [hornleech, ivycudgel, swordsdance, trailblaze] ttype=fire
INFO     Sampling battle 9
INFO     	        shaymin  naturalcure    leftovers [airslash, earthpower, seedflare, synthesis] ttype=ground
INFO     	     oinkologne     thickfat    leftovers [curse, doubleedge, highhorsepower, lashout] ttype=ground
INFO     Sampling 2 unrevealed pokemon
INFO     	       mienshao     reckless   choiceband [highjumpkick, knockoff, poisonjab, stoneedge] ttype=fighting
INFO     	       grafaiai  poisontouch      lifeorb [gunkshot, knockoff, lowkick, swordsdance] ttype=dark
INFO     Sampling battle 10
INFO     	        shaymin  naturalcure    leftovers [airslash, earthpower, seedflare, synthesis] ttype=ground
INFO     	     oinkologne     thickfat    leftovers [curse, doubleedge, highhorsepower, lashout] ttype=ground
INFO     Sampling 2 unrevealed pokemon
INFO     	       tornadus    prankster heavydutyboots [bleakwindstorm, focusblast, heatwave, nastyplot] ttype=fighting
INFO     	 giratinaorigin     levitate griseouscore [defog, dracometeor, poltergeist, shadowsneak] ttype=steel
INFO     Sampling battle 11
INFO     	        shaymin  naturalcure    leftovers [airslash, leechseed, seedflare, substitute] ttype=steel
INFO     	     oinkologne     thickfat    leftovers [curse, doubleedge, highhorsepower, lashout] ttype=ground
INFO     Sampling 2 unrevealed pokemon
INFO     	squawkabillywhite       hustle   choiceband [bravebird, doubleedge, foulplay, quickattack] ttype=flying
INFO     	 keldeoresolute    justified      lifeorb [airslash, calmmind, hydropump, secretsword] ttype=water
INFO     Sampling battle 12
INFO     	        shaymin  naturalcure    leftovers [airslash, earthpower, seedflare, synthesis] ttype=ground
INFO     	     oinkologne     thickfat    leftovers [curse, doubleedge, highhorsepower, lashout] ttype=ground
INFO     Sampling 2 unrevealed pokemon
INFO     	      mamoswine     thickfat   choiceband [earthquake, iceshard, iciclecrash, knockoff] ttype=ground
INFO     	       appletun     thickfat    leftovers [appleacid, dragonpulse, dragontail, recover] ttype=steel
INFO     Sampling battle 13
INFO     	        shaymin  naturalcure    leftovers [airslash, earthpower, seedflare, synthesis] ttype=ground
INFO     	     oinkologne     thickfat    leftovers [curse, doubleedge, highhorsepower, lashout] ttype=ground
INFO     Sampling 2 unrevealed pokemon
INFO     	         swanna    hydration heavydutyboots [bravebird, defog, hydropump, roost] ttype=ground
INFO     	       mienshao  regenerator      lifeorb [closecombat, knockoff, poisonjab, swordsdance] ttype=dark
INFO     Sampling battle 14
INFO     	        shaymin  naturalcure    leftovers [airslash, earthpower, seedflare, synthesis] ttype=ground
INFO     	     oinkologne     thickfat    leftovers [curse, doubleedge, highhorsepower, lashout] ttype=ground
INFO     Sampling 2 unrevealed pokemon
INFO     	      vileplume  effectspore    leftovers [gigadrain, leechseed, sludgebomb, strengthsap] ttype=steel
INFO     	      probopass   magnetpull    leftovers [bodypress, flashcannon, irondefense, powergem] ttype=fighting
INFO     Sampling battle 15
INFO     	        shaymin  naturalcure    leftovers [airslash, leechseed, seedflare, substitute] ttype=steel
INFO     	     oinkologne     thickfat    leftovers [curse, doubleedge, highhorsepower, lashout] ttype=ground
INFO     Sampling 2 unrevealed pokemon
INFO     	         raichu lightningrod      lifeorb [nastyplot, surf, terablast, thunderbolt] ttype=ice
INFO     	            muk  poisontouch  assaultvest [drainpunch, gunkshot, icepunch, knockoff] ttype=dark
INFO     Searching for a move using MCTS...
INFO     Sampling 16 battles at 500ms each
INFO     Choice: populationbomb
INFO     Opponent has switched - clearing the last used move
INFO     lycanrocmidnight switched in, adding intimidate to impossible abilities
INFO     lycanrocmidnight switched in, adding pressure to impossible abilities
INFO     lycanrocmidnight switched in, adding neutralizinggas to impossible abilities
INFO     lycanrocmidnight switched in, adding sandstream to impossible abilities
INFO     lycanrocmidnight switched in, adding drought to impossible abilities
INFO     lycanrocmidnight switched in, adding drizzle to impossible abilities
INFO     lycanrocmidnight switched in, adding snowwarning to impossible abilities
INFO     lycanrocmidnight switched in, adding boosterenergy to impossible items
INFO     lycanrocmidnight switched in, adding airballoon to impossible items
INFO     lycanrocmidnight was affected by stealthrock, it cannot have heavydutyboots
INFO     maushold already has the move populationbomb. Decrementing the PP by 1
INFO     maushold used a normal move, removing normalgem from possible items
INFO     Setting maushold's last used move: populationbomb
INFO     maushold used a damaging move - not guessing lifeorb anymore
INFO     maushold did 4.0% damage to lycanrocmidnight with populationbomb
INFO     Setting the field to None
INFO     lycanrocmidnight has less than maxhp during upkeep, no longer guessing leftovers or blacksludge
INFO     
INFO     Turn: 16
INFO     loaded 6 player and 0 effective opponent priors
INFO     Sampling battle 0
INFO     	lycanrocmidnight      noguard      lifeorb [closecombat, knockoff, stealthrock, stoneedge] ttype=fighting
INFO     	     oinkologne     thickfat    leftovers [curse, doubleedge, highhorsepower, lashout] ttype=ground
INFO     	        shaymin  naturalcure    leftovers [airslash, earthpower, seedflare, synthesis] ttype=ground
INFO     Sampling 1 unrevealed pokemon
INFO     	         golurk      noguard   choiceband [dynamicpunch, earthquake, poltergeist, stoneedge] ttype=fighting
INFO     Sampling battle 1
INFO     	lycanrocmidnight      noguard      lifeorb [closecombat, playrough, stoneedge, swordsdance] ttype=fighting
INFO     	     oinkologne     thickfat    leftovers [curse, doubleedge, highhorsepower, lashout] ttype=ground
INFO     	        shaymin  naturalcure    leftovers [airslash, earthpower, seedflare, synthesis] ttype=ground
INFO     Sampling 1 unrevealed pokemon
INFO     	            muk  poisontouch  assaultvest [drainpunch, gunkshot, knockoff, shadowsneak] ttype=dark
INFO     Sampling battle 2
INFO     	lycanrocmidnight      noguard      lifeorb [closecombat, playrough, stealthrock, stoneedge] ttype=fighting
INFO     	     oinkologne     thickfat    leftovers [curse, doubleedge, highhorsepower, lashout] ttype=ground
INFO     	        shaymin  naturalcure    leftovers [airslash, leechseed, seedflare, substitute] ttype=steel
INFO     Sampling 1 unrevealed pokemon
INFO     	     bombirdier     bigpecks heavydutyboots [bravebird, knockoff, roost, uturn] ttype=steel
INFO     Sampling battle 3
INFO     	lycanrocmidnight      noguard      lifeorb [closecombat, playrough, stealthrock, stoneedge] ttype=fighting
INFO     	     oinkologne     thickfat    leftovers [curse, doubleedge, highhorsepower, lashout] ttype=ground
INFO     	        shaymin  naturalcure    leftovers [airslash, earthpower, seedflare, synthesis] ttype=ground
INFO     Sampling 1 unrevealed pokemon
INFO     	     annihilape      defiant    leftovers [bulkup, drainpunch, gunkshot, ragefist] ttype=water
INFO     Sampling battle 4
INFO     	lycanrocmidnight      noguard      lifeorb [closecombat, stealthrock, stoneedge, suckerpunch] ttype=fighting
INFO     	     oinkologne     thickfat    leftovers [curse, doubleedge, highhorsepower, lashout] ttype=ground
INFO     	        shaymin  naturalcure    leftovers [airslash, earthpower, seedflare, synthesis] ttype=steel
INFO     Sampling 1 unrevealed pokemon
INFO     	        toxapex  regenerator  rockyhelmet [haze, liquidation, recover, toxicspikes] ttype=fairy
INFO     Sampling battle 5
INFO     	lycanrocmidnight      noguard      lifeorb [closecombat, playrough, stealthrock, stoneedge] ttype=fighting
INFO     	     oinkologne     thickfat    leftovers [curse, doubleedge, highhorsepower, lashout] ttype=ground
INFO     	        shaymin  naturalcure    leftovers [airslash, leechseed, seedflare, substitute] ttype=steel
INFO     Sampling 1 unrevealed pokemon
INFO     	      poliwrath  waterabsorb    leftovers [bulkup, drainpunch, liquidation, poisonjab] ttype=water
INFO     Sampling battle 6
INFO     	lycanrocmidnight      noguard      lifeorb [closecombat, knockoff, stealthrock, stoneedge] ttype=fighting
INFO     	     oinkologne     thickfat    leftovers [curse, doubleedge, highhorsepower, lashout] ttype=ground
INFO     	        shaymin  naturalcure    leftovers [airslash, leechseed, seedflare, substitute] ttype=steel
INFO     Sampling 1 unrevealed pokemon
INFO     	        malamar     contrary    leftovers [knockoff, rest, sleeptalk, superpower] ttype=poison
INFO     Sampling battle 7
INFO     	lycanrocmidnight      noguard      lifeorb [closecombat, knockoff, stealthrock, stoneedge] ttype=fighting
INFO     	     oinkologne     thickfat    leftovers [curse, doubleedge, highhorsepower, lashout] ttype=ground
INFO     	        shaymin  naturalcure    leftovers [airslash, earthpower, seedflare, synthesis] ttype=ground
INFO     Sampling 1 unrevealed pokemon
INFO     	   arceusground    multitype   earthplate [dragondance, earthquake, recover, stoneedge] ttype=ground
INFO     Sampling battle 8
INFO     	lycanrocmidnight      noguard      lifeorb [closecombat, knockoff, stoneedge, swordsdance] ttype=fighting
INFO     	     oinkologne     thickfat    leftovers [curse, doubleedge, highhorsepower, lashout] ttype=ground
INFO     	        shaymin  naturalcure    leftovers [airslash, earthpower, seedflare, synthesis] ttype=steel
INFO     Sampling 1 unrevealed pokemon
INFO     	        leafeon  chlorophyll    leftovers [doubleedge, leafblade, substitute, swordsdance] ttype=normal
INFO     Sampling battle 9
INFO     	lycanrocmidnight      noguard      lifeorb [closecombat, stealthrock, stoneedge, suckerpunch] ttype=fighting
INFO     	     oinkologne     thickfat    leftovers [curse, doubleedge, highhorsepower, lashout] ttype=ground
INFO     	        shaymin  naturalcure    leftovers [airslash, earthpower, seedflare, synthesis] ttype=steel
INFO     Sampling 1 unrevealed pokemon
INFO     	       venomoth   tintedlens heavydutyboots [bugbuzz, quiverdance, sleeppowder, sludgewave] ttype=poison
INFO     Sampling battle 10
INFO     	lycanrocmidnight      noguard   choiceband [closecombat, knockoff, playrough, stoneedge] ttype=fighting
INFO     	     oinkologne     thickfat    leftovers [curse, doubleedge, highhorsepower, lashout] ttype=ground
INFO     	        shaymin  naturalcure    leftovers [airslash, earthpower, seedflare, synthesis] ttype=steel
INFO     Sampling 1 unrevealed pokemon
INFO     	      alomomola  regenerator heavydutyboots [flipturn, protect, scald, wish] ttype=poison
INFO     Sampling battle 11
INFO     	lycanrocmidnight      noguard      lifeorb [closecombat, stoneedge, suckerpunch, swordsdance] ttype=fighting
INFO     	     oinkologne     thickfat    leftovers [curse, doubleedge, highhorsepower, lashout] ttype=ground
INFO     	        shaymin  naturalcure    leftovers [airslash, leechseed, seedflare, substitute] ttype=steel
INFO     Sampling 1 unrevealed pokemon
INFO     	        dondozo      unaware    leftovers [curse, rest, sleeptalk, wavecrash] ttype=dragon
INFO     Sampling battle 12
INFO     	lycanrocmidnight      noguard   choiceband [closecombat, playrough, stoneedge, suckerpunch] ttype=fighting
INFO     	     oinkologne     thickfat    leftovers [curse, doubleedge, highhorsepower, lashout] ttype=ground
INFO     	        shaymin  naturalcure    leftovers [airslash, earthpower, seedflare, synthesis] ttype=steel
INFO     Sampling 1 unrevealed pokemon
INFO     	      passimian      defiant    leftovers [bulkup, drainpunch, gunkshot, knockoff] ttype=steel
INFO     Sampling battle 13
INFO     	lycanrocmidnight      noguard      lifeorb [closecombat, knockoff, stealthrock, stoneedge] ttype=fighting
INFO     	     oinkologne     thickfat    leftovers [curse, doubleedge, highhorsepower, lashout] ttype=ground
INFO     	        shaymin  naturalcure    leftovers [airslash, leechseed, seedflare, substitute] ttype=steel
INFO     Sampling 1 unrevealed pokemon
INFO     	    gougingfire protosynthesis heavydutyboots [dragondance, heatcrash, morningsun, outrage] ttype=fairy
INFO     Sampling battle 14
INFO     	lycanrocmidnight      noguard   choiceband [closecombat, playrough, stoneedge, suckerpunch] ttype=fighting
INFO     	     oinkologne     thickfat    leftovers [curse, doubleedge, highhorsepower, lashout] ttype=ground
INFO     	        shaymin  naturalcure    leftovers [airslash, earthpower, seedflare, synthesis] ttype=steel
INFO     Sampling 1 unrevealed pokemon
INFO     	       rayquaza      airlock heavydutyboots [dragonascent, dragondance, earthquake, outrage] ttype=flying
INFO     Sampling battle 15
INFO     	lycanrocmidnight      noguard      lifeorb [closecombat, playrough, stealthrock, stoneedge] ttype=fighting
INFO     	     oinkologne     thickfat    leftovers [curse, doubleedge, highhorsepower, lashout] ttype=ground
INFO     	        shaymin  naturalcure    leftovers [airslash, earthpower, seedflare, synthesis] ttype=steel
INFO     Sampling 1 unrevealed pokemon
INFO     	  calyrexshadow asonespectrier      lifeorb [astralbarrage, nastyplot, pollenpuff, psyshock] ttype=dark
INFO     Searching for a move using MCTS...
INFO     Sampling 16 battles at 500ms each
INFO     Choice: populationbomb
INFO     Updated lycanrocmidnight's max speed to 213
INFO     maushold already has the move populationbomb. Decrementing the PP by 1
INFO     maushold used a normal move, removing normalgem from possible items
INFO     Setting maushold's last used move: populationbomb
INFO     maushold used a damaging move - not guessing lifeorb anymore
INFO     maushold did 5.0% damage to lycanrocmidnight with populationbomb
INFO     lycanrocmidnight used a fighting move, removing fightinggem from possible items
INFO     Setting lycanrocmidnight's last used move: closecombat
INFO     lycanrocmidnight used a damaging move - not guessing lifeorb anymore
INFO     lycanrocmidnight did 100.0% damage to maushold with closecombat
INFO     lycanrocmidnight's defense was unboosted by 1 to -1
INFO     lycanrocmidnight's special-defense was unboosted by 1 to -1
INFO     Setting lycanrocmidnight's item to: lifeorb
INFO     lycanrocmidnight has less than maxhp during upkeep, no longer guessing leftovers or blacksludge
INFO     loaded 2 player and 0 effective opponent priors
INFO     Sampling battle 0
INFO     	lycanrocmidnight      noguard      lifeorb [closecombat, stealthrock, stoneedge, suckerpunch] ttype=fighting
INFO     	     oinkologne     thickfat    leftovers [curse, doubleedge, highhorsepower, lashout] ttype=ground
INFO     	        shaymin  naturalcure    leftovers [airslash, earthpower, seedflare, synthesis] ttype=ground
INFO     Sampling 1 unrevealed pokemon
INFO     	      dragonite   multiscale heavydutyboots [dragondance, earthquake, outrage, roost] ttype=steel
INFO     Sampling battle 1
INFO     	lycanrocmidnight      noguard      lifeorb [closecombat, stoneedge, suckerpunch, swordsdance] ttype=fighting
INFO     	     oinkologne     thickfat    leftovers [curse, doubleedge, highhorsepower, lashout] ttype=ground
INFO     	        shaymin  naturalcure    leftovers [airslash, earthpower, seedflare, synthesis] ttype=steel
INFO     Sampling 1 unrevealed pokemon
INFO     	       grafaiai    prankster heavydutyboots [encore, gunkshot, knockoff, partingshot] ttype=dark
INFO     Sampling battle 2
INFO     	lycanrocmidnight      noguard      lifeorb [closecombat, stoneedge, suckerpunch, swordsdance] ttype=fighting
INFO     	     oinkologne     thickfat    leftovers [curse, doubleedge, highhorsepower, lashout] ttype=ground
INFO     	        shaymin  naturalcure    leftovers [airslash, earthpower, seedflare, synthesis] ttype=steel
INFO     Sampling 1 unrevealed pokemon
INFO     	      rillaboom  grassysurge      lifeorb [grassyglide, knockoff, swordsdance, woodhammer] ttype=grass
INFO     Sampling battle 3
INFO     	lycanrocmidnight      noguard      lifeorb [closecombat, stoneedge, suckerpunch, swordsdance] ttype=fighting
INFO     	     oinkologne     thickfat    leftovers [curse, doubleedge, highhorsepower, lashout] ttype=ground
INFO     	        shaymin  naturalcure    leftovers [airslash, earthpower, seedflare, synthesis] ttype=steel
INFO     Sampling 1 unrevealed pokemon
INFO     	       ribombee   shielddust heavydutyboots [bugbuzz, moonblast, quiverdance, terablast] ttype=ground
INFO     Sampling battle 4
INFO     	lycanrocmidnight      noguard      lifeorb [closecombat, playrough, stealthrock, stoneedge] ttype=fighting
INFO     	     oinkologne     thickfat    leftovers [curse, doubleedge, highhorsepower, lashout] ttype=ground
INFO     	        shaymin  naturalcure    leftovers [airslash, leechseed, seedflare, substitute] ttype=steel
INFO     Sampling 1 unrevealed pokemon
INFO     	       necrozma   prismarmor    leftovers [calmmind, earthpower, moonlight, photongeyser] ttype=ground
INFO     Sampling battle 5
INFO     	lycanrocmidnight      noguard      lifeorb [closecombat, knockoff, stealthrock, stoneedge] ttype=fighting
INFO     	     oinkologne     thickfat    leftovers [curse, doubleedge, highhorsepower, lashout] ttype=ground
INFO     	        shaymin  naturalcure    leftovers [airslash, leechseed, seedflare, substitute] ttype=steel
INFO     Sampling 1 unrevealed pokemon
INFO     	      arceusbug    multitype  insectplate [calmmind, earthpower, judgment, recover] ttype=ground
INFO     Sampling battle 6
INFO     	lycanrocmidnight      noguard      lifeorb [closecombat, playrough, stealthrock, stoneedge] ttype=fighting
INFO     	     oinkologne     thickfat    leftovers [curse, doubleedge, highhorsepower, lashout] ttype=ground
INFO     	        shaymin  naturalcure    leftovers [airslash, earthpower, seedflare, synthesis] ttype=steel
INFO     Sampling 1 unrevealed pokemon
INFO     	        noivern  infiltrator  choicespecs [boomburst, dracometeor, flamethrower, hurricane] ttype=normal
INFO     Sampling battle 7
INFO     	lycanrocmidnight      noguard      lifeorb [closecombat, playrough, stoneedge, swordsdance] ttype=fighting
INFO     	     oinkologne     thickfat    leftovers [curse, doubleedge, highhorsepower, lashout] ttype=ground
INFO     	        shaymin  naturalcure    leftovers [airslash, leechseed, seedflare, substitute] ttype=steel
INFO     Sampling 1 unrevealed pokemon
INFO     	       illumise    prankster heavydutyboots [bugbuzz, encore, roost, thunderwave] ttype=water
INFO     Sampling battle 8
INFO     	lycanrocmidnight      noguard      lifeorb [closecombat, knockoff, stealthrock, stoneedge] ttype=fighting
INFO     	     oinkologne     thickfat    leftovers [curse, doubleedge, highhorsepower, lashout] ttype=ground
INFO     	        shaymin  naturalcure    leftovers [airslash, earthpower, seedflare, synthesis] ttype=ground
INFO     Sampling 1 unrevealed pokemon
INFO     	         dodrio    earlybird heavydutyboots [bravebird, doubleedge, drillrun, swordsdance] ttype=flying
INFO     Sampling battle 9
INFO     	lycanrocmidnight      noguard      lifeorb [closecombat, playrough, stoneedge, swordsdance] ttype=fighting
INFO     	     oinkologne     thickfat    leftovers [curse, doubleedge, highhorsepower, lashout] ttype=ground
INFO     	        shaymin  naturalcure    leftovers [airslash, leechseed, seedflare, substitute] ttype=steel
INFO     Sampling 1 unrevealed pokemon
INFO     	       clodsire      unaware    leftovers [curse, earthquake, poisonjab, recover] ttype=flying
INFO     Sampling battle 10
INFO     	lycanrocmidnight      noguard      lifeorb [closecombat, playrough, stealthrock, stoneedge] ttype=fighting
INFO     	     oinkologne     thickfat    leftovers [curse, doubleedge, highhorsepower, lashout] ttype=ground
INFO     	        shaymin  naturalcure    leftovers [airslash, leechseed, seedflare, substitute] ttype=steel
INFO     Sampling 1 unrevealed pokemon
INFO     	       vikavolt     levitate heavydutyboots [bugbuzz, stickyweb, thunderbolt, voltswitch] ttype=electric
INFO     Sampling battle 11
INFO     	lycanrocmidnight      noguard      lifeorb [closecombat, knockoff, stoneedge, swordsdance] ttype=fighting
INFO     	     oinkologne     thickfat    leftovers [curse, doubleedge, highhorsepower, lashout] ttype=ground
INFO     	        shaymin  naturalcure    leftovers [airslash, leechseed, seedflare, substitute] ttype=steel
INFO     Sampling 1 unrevealed pokemon
INFO     	      farigiraf    sapsipper    leftovers [bodyslam, protect, psychicnoise, wish] ttype=ground
INFO     Sampling battle 12
INFO     	lycanrocmidnight      noguard      lifeorb [closecombat, stoneedge, suckerpunch, swordsdance] ttype=fighting
INFO     	     oinkologne     thickfat    leftovers [curse, doubleedge, highhorsepower, lashout] ttype=ground
INFO     	        shaymin  naturalcure    leftovers [airslash, leechseed, seedflare, substitute] ttype=steel
INFO     Sampling 1 unrevealed pokemon
INFO     	         kommoo   soundproof   loadeddice [closecombat, ironhead, scaleshot, swordsdance] ttype=steel
INFO     Sampling battle 13
INFO     	lycanrocmidnight      noguard      lifeorb [closecombat, playrough, stealthrock, stoneedge] ttype=fighting
INFO     	     oinkologne     thickfat    leftovers [curse, doubleedge, highhorsepower, lashout] ttype=ground
INFO     	        shaymin  naturalcure    leftovers [airslash, leechseed, seedflare, substitute] ttype=steel
INFO     Sampling 1 unrevealed pokemon
INFO     	       tsareena queenlymajesty  assaultvest [highjumpkick, knockoff, powerwhip, rapidspin] ttype=steel
INFO     Sampling battle 14
INFO     	lycanrocmidnight      noguard      lifeorb [closecombat, playrough, stealthrock, stoneedge] ttype=fighting
INFO     	     oinkologne     thickfat    leftovers [curse, doubleedge, highhorsepower, lashout] ttype=ground
INFO     	        shaymin  naturalcure    leftovers [airslash, leechseed, seedflare, substitute] ttype=steel
INFO     Sampling 1 unrevealed pokemon
INFO     	  oricoriosensu       dancer heavydutyboots [hurricane, quiverdance, revelationdance, roost] ttype=fighting
INFO     Sampling battle 15
INFO     	lycanrocmidnight      noguard      lifeorb [closecombat, knockoff, stoneedge, swordsdance] ttype=fighting
INFO     	     oinkologne     thickfat    leftovers [curse, doubleedge, highhorsepower, lashout] ttype=ground
INFO     	        shaymin  naturalcure    leftovers [airslash, leechseed, seedflare, substitute] ttype=steel
INFO     Sampling 1 unrevealed pokemon
INFO     	         zekrom     teravolt    leftovers [boltstrike, dragondance, outrage, substitute] ttype=steel
INFO     Searching for a move using MCTS...
INFO     Sampling 16 battles at 500ms each
INFO     Choice: switch staraptor
INFO     staraptor switched in, adding intimidate to impossible abilities
INFO     staraptor switched in, adding pressure to impossible abilities
INFO     staraptor switched in, adding neutralizinggas to impossible abilities
INFO     staraptor switched in, adding sandstream to impossible abilities
INFO     staraptor switched in, adding drought to impossible abilities
INFO     staraptor switched in, adding drizzle to impossible abilities
INFO     staraptor switched in, adding snowwarning to impossible abilities
INFO     staraptor switched in, adding boosterenergy to impossible items
INFO     staraptor switched in, adding airballoon to impossible items
INFO     Opponent has switched - clearing the last used move
INFO     hypno switched in, adding intimidate to impossible abilities
INFO     hypno switched in, adding pressure to impossible abilities
INFO     hypno switched in, adding neutralizinggas to impossible abilities
INFO     hypno switched in, adding sandstream to impossible abilities
INFO     hypno switched in, adding drought to impossible abilities
INFO     hypno switched in, adding drizzle to impossible abilities
INFO     hypno switched in, adding snowwarning to impossible abilities
INFO     hypno switched in, adding boosterenergy to impossible items
INFO     hypno switched in, adding airballoon to impossible items
INFO     hypno was affected by stealthrock, it cannot have heavydutyboots
INFO     
INFO     Turn: 17
INFO     loaded 5 player and 0 effective opponent priors
INFO     Sampling battle 0
INFO     	          hypno     insomnia    leftovers [encore, knockoff, psychicnoise, toxic] ttype=fairy
INFO     	     oinkologne     thickfat    leftovers [curse, doubleedge, highhorsepower, lashout] ttype=ground
INFO     	        shaymin  naturalcure    leftovers [airslash, leechseed, seedflare, substitute] ttype=steel
INFO     Sampling battle 1
INFO     	          hypno     insomnia    leftovers [encore, knockoff, psychicnoise, thunderwave] ttype=steel
INFO     	     oinkologne     thickfat    leftovers [curse, doubleedge, highhorsepower, lashout] ttype=ground
INFO     	        shaymin  naturalcure    leftovers [airslash, leechseed, seedflare, substitute] ttype=steel
INFO     Sampling battle 2
INFO     	          hypno     insomnia    leftovers [focusblast, protect, psychicnoise, toxic] ttype=fighting
INFO     	     oinkologne     thickfat    leftovers [curse, doubleedge, highhorsepower, lashout] ttype=ground
INFO     	        shaymin  naturalcure    leftovers [airslash, leechseed, seedflare, substitute] ttype=steel
INFO     Sampling battle 3
INFO     	          hypno     insomnia    leftovers [focusblast, protect, psychicnoise, toxic] ttype=fighting
INFO     	     oinkologne     thickfat    leftovers [curse, doubleedge, highhorsepower, lashout] ttype=ground
INFO     	        shaymin  naturalcure    leftovers [airslash, leechseed, seedflare, substitute] ttype=steel
INFO     Sampling battle 4
INFO     	          hypno     insomnia    leftovers [encore, knockoff, psychicnoise, thunderwave] ttype=steel
INFO     	     oinkologne     thickfat    leftovers [curse, doubleedge, highhorsepower, lashout] ttype=ground
INFO     	        shaymin  naturalcure    leftovers [airslash, earthpower, seedflare, synthesis] ttype=steel
INFO     Sampling battle 5
INFO     	          hypno     insomnia    leftovers [focusblast, protect, psychicnoise, toxic] ttype=steel
INFO     	     oinkologne     thickfat    leftovers [curse, doubleedge, highhorsepower, lashout] ttype=ground
INFO     	        shaymin  naturalcure    leftovers [airslash, earthpower, seedflare, synthesis] ttype=ground
INFO     Sampling battle 6
INFO     	          hypno     insomnia    leftovers [encore, knockoff, psychicnoise, toxic] ttype=steel
INFO     	     oinkologne     thickfat    leftovers [curse, doubleedge, highhorsepower, lashout] ttype=ground
INFO     	        shaymin  naturalcure    leftovers [airslash, leechseed, seedflare, substitute] ttype=steel
INFO     Sampling battle 7
INFO     	          hypno     insomnia    leftovers [focusblast, protect, psychicnoise, toxic] ttype=steel
INFO     	     oinkologne     thickfat    leftovers [curse, doubleedge, highhorsepower, lashout] ttype=ground
INFO     	        shaymin  naturalcure    leftovers [airslash, leechseed, seedflare, substitute] ttype=steel
INFO     Sampling battle 8
INFO     	          hypno     insomnia    leftovers [focusblast, protect, psychicnoise, toxic] ttype=fighting
INFO     	     oinkologne     thickfat    leftovers [curse, doubleedge, highhorsepower, lashout] ttype=ground
INFO     	        shaymin  naturalcure    leftovers [airslash, earthpower, seedflare, synthesis] ttype=steel
INFO     Sampling battle 9
INFO     	          hypno     insomnia    leftovers [focusblast, protect, psychicnoise, toxic] ttype=fighting
INFO     	     oinkologne     thickfat    leftovers [curse, doubleedge, highhorsepower, lashout] ttype=ground
INFO     	        shaymin  naturalcure    leftovers [airslash, leechseed, seedflare, substitute] ttype=steel
INFO     Sampling battle 10
INFO     	          hypno     insomnia    leftovers [focusblast, protect, psychicnoise, toxic] ttype=fighting
INFO     	     oinkologne     thickfat    leftovers [curse, doubleedge, highhorsepower, lashout] ttype=ground
INFO     	        shaymin  naturalcure    leftovers [airslash, earthpower, seedflare, synthesis] ttype=steel
INFO     Sampling battle 11
INFO     	          hypno     insomnia    leftovers [encore, knockoff, psychicnoise, thunderwave] ttype=steel
INFO     	     oinkologne     thickfat    leftovers [curse, doubleedge, highhorsepower, lashout] ttype=ground
INFO     	        shaymin  naturalcure    leftovers [airslash, earthpower, seedflare, synthesis] ttype=steel
INFO     Sampling battle 12
INFO     	          hypno     insomnia    leftovers [focusblast, protect, psychicnoise, toxic] ttype=steel
INFO     	     oinkologne     thickfat    leftovers [curse, doubleedge, highhorsepower, lashout] ttype=ground
INFO     	        shaymin  naturalcure    leftovers [airslash, leechseed, seedflare, substitute] ttype=steel
INFO     Sampling battle 13
INFO     	          hypno     insomnia    leftovers [encore, knockoff, psychicnoise, toxic] ttype=steel
INFO     	     oinkologne     thickfat    leftovers [curse, doubleedge, highhorsepower, lashout] ttype=ground
INFO     	        shaymin  naturalcure    leftovers [airslash, leechseed, seedflare, substitute] ttype=steel
INFO     Sampling battle 14
INFO     	          hypno     insomnia    leftovers [focusblast, protect, psychicnoise, toxic] ttype=dark
INFO     	     oinkologne     thickfat    leftovers [curse, doubleedge, highhorsepower, lashout] ttype=ground
INFO     	        shaymin  naturalcure    leftovers [airslash, leechseed, seedflare, substitute] ttype=steel
INFO     Sampling battle 15
INFO     	          hypno     insomnia    leftovers [encore, knockoff, psychicnoise, thunderwave] ttype=steel
INFO     	     oinkologne     thickfat    leftovers [curse, doubleedge, highhorsepower, lashout] ttype=ground
INFO     	        shaymin  naturalcure    leftovers [airslash, earthpower, seedflare, synthesis] ttype=ground
INFO     Searching for a move using MCTS...
INFO     Sampling 16 battles at 500ms each
INFO     Choice: uturn
INFO     staraptor already has the move uturn. Decrementing the PP by 1
INFO     staraptor used a bug move, removing buggem from possible items
INFO     Setting staraptor's last used move: uturn
INFO     staraptor used a damaging move - not guessing lifeorb anymore
INFO     staraptor did 48.0% damage to hypno with uturn
INFO     loaded 1 player and 0 effective opponent priors
INFO     Sampling battle 0
INFO     	          hypno     insomnia    leftovers [focusblast, protect, psychicnoise, toxic] ttype=dark
INFO     	     oinkologne     thickfat    leftovers [curse, doubleedge, highhorsepower, lashout] ttype=ground
INFO     	        shaymin  naturalcure    leftovers [airslash, earthpower, seedflare, synthesis] ttype=steel
INFO     Sampling battle 1
INFO     	          hypno     insomnia    leftovers [encore, knockoff, psychicnoise, toxic] ttype=fairy
INFO     	     oinkologne     thickfat    leftovers [curse, doubleedge, highhorsepower, lashout] ttype=ground
INFO     	        shaymin  naturalcure    leftovers [airslash, leechseed, seedflare, substitute] ttype=steel
INFO     Sampling battle 2
INFO     	          hypno     insomnia    leftovers [focusblast, protect, psychicnoise, toxic] ttype=steel
INFO     	     oinkologne     thickfat    leftovers [curse, doubleedge, highhorsepower, lashout] ttype=ground
INFO     	        shaymin  naturalcure    leftovers [airslash, leechseed, seedflare, substitute] ttype=steel
INFO     Sampling battle 3
INFO     	          hypno     insomnia    leftovers [focusblast, protect, psychicnoise, toxic] ttype=dark
INFO     	     oinkologne     thickfat    leftovers [curse, doubleedge, highhorsepower, lashout] ttype=ground
INFO     	        shaymin  naturalcure    leftovers [airslash, earthpower, seedflare, synthesis] ttype=ground
INFO     Sampling battle 4
INFO     	          hypno     insomnia    leftovers [focusblast, protect, psychicnoise, toxic] ttype=fighting
INFO     	     oinkologne     thickfat    leftovers [curse, doubleedge, highhorsepower, lashout] ttype=ground
INFO     	        shaymin  naturalcure    leftovers [airslash, leechseed, seedflare, substitute] ttype=steel
INFO     Sampling battle 5
INFO     	          hypno     insomnia    leftovers [focusblast, protect, psychicnoise, toxic] ttype=fighting
INFO     	     oinkologne     thickfat    leftovers [curse, doubleedge, highhorsepower, lashout] ttype=ground
INFO     	        shaymin  naturalcure    leftovers [airslash, leechseed, seedflare, substitute] ttype=steel
INFO     Sampling battle 6
INFO     	          hypno     insomnia    leftovers [encore, knockoff, psychicnoise, toxic] ttype=steel
INFO     	     oinkologne     thickfat    leftovers [curse, doubleedge, highhorsepower, lashout] ttype=ground
INFO     	        shaymin  naturalcure    leftovers [airslash, earthpower, seedflare, synthesis] ttype=steel
INFO     Sampling battle 7
INFO     	          hypno     insomnia    leftovers [focusblast, protect, psychicnoise, toxic] ttype=fighting
INFO     	     oinkologne     thickfat    leftovers [curse, doubleedge, highhorsepower, lashout] ttype=ground
INFO     	        shaymin  naturalcure    leftovers [airslash, earthpower, seedflare, synthesis] ttype=ground
INFO     Sampling battle 8
INFO     	          hypno     insomnia    leftovers [focusblast, protect, psychicnoise, toxic] ttype=fighting
INFO     	     oinkologne     thickfat    leftovers [curse, doubleedge, highhorsepower, lashout] ttype=ground
INFO     	        shaymin  naturalcure    leftovers [airslash, leechseed, seedflare, substitute] ttype=steel
INFO     Sampling battle 9
INFO     	          hypno     insomnia    leftovers [encore, knockoff, psychicnoise, toxic] ttype=dark
INFO     	     oinkologne     thickfat    leftovers [curse, doubleedge, highhorsepower, lashout] ttype=ground
INFO     	        shaymin  naturalcure    leftovers [airslash, leechseed, seedflare, substitute] ttype=steel
INFO     Sampling battle 10
INFO     	          hypno     insomnia    leftovers [focusblast, protect, psychicnoise, toxic] ttype=dark
INFO     	     oinkologne     thickfat    leftovers [curse, doubleedge, highhorsepower, lashout] ttype=ground
INFO     	        shaymin  naturalcure    leftovers [airslash, leechseed, seedflare, substitute] ttype=steel
INFO     Sampling battle 11
INFO     	          hypno     insomnia    leftovers [focusblast, protect, psychicnoise, toxic] ttype=steel
INFO     	     oinkologne     thickfat    leftovers [curse, doubleedge, highhorsepower, lashout] ttype=ground
INFO     	        shaymin  naturalcure    leftovers [airslash, earthpower, seedflare, synthesis] ttype=steel
INFO     Sampling battle 12
INFO     	          hypno     insomnia    leftovers [encore, knockoff, psychicnoise, thunderwave] ttype=steel
INFO     	     oinkologne     thickfat    leftovers [curse, doubleedge, highhorsepower, lashout] ttype=ground
INFO     	        shaymin  naturalcure    leftovers [airslash, leechseed, seedflare, substitute] ttype=steel
INFO     Sampling battle 13
INFO     	          hypno     insomnia    leftovers [encore, knockoff, psychicnoise, thunderwave] ttype=dark
INFO     	     oinkologne     thickfat    leftovers [curse, doubleedge, highhorsepower, lashout] ttype=ground
INFO     	        shaymin  naturalcure    leftovers [airslash, earthpower, seedflare, synthesis] ttype=ground
INFO     Sampling battle 14
INFO     	          hypno     insomnia    leftovers [focusblast, protect, psychicnoise, toxic] ttype=fighting
INFO     	     oinkologne     thickfat    leftovers [curse, doubleedge, highhorsepower, lashout] ttype=ground
INFO     	        shaymin  naturalcure    leftovers [airslash, earthpower, seedflare, synthesis] ttype=ground
INFO     Sampling battle 15
INFO     	          hypno     insomnia    leftovers [encore, knockoff, psychicnoise, toxic] ttype=fairy
INFO     	     oinkologne     thickfat    leftovers [curse, doubleedge, highhorsepower, lashout] ttype=ground
INFO     	        shaymin  naturalcure    leftovers [airslash, leechseed, seedflare, substitute] ttype=steel
INFO     Searching for a move using MCTS...
INFO     Sampling 16 battles at 500ms each
INFO     Choice: switch whiscash
INFO     hypno used a psychic move, removing psychicgem from possible items
INFO     Setting hypno's last used move: psychicnoise
INFO     hypno used a damaging move - not guessing lifeorb anymore
INFO     hypno did 28.78% damage to whiscash with psychicnoise
INFO     Setting hypno's item to: leftovers
INFO     hypno has less than maxhp during upkeep, no longer guessing leftovers or blacksludge
INFO     loaded 1 player and 0 effective opponent priors
INFO     Sampling battle 0
INFO     	          hypno     insomnia    leftovers [encore, knockoff, psychicnoise, thunderwave] ttype=dark
INFO     	     oinkologne     thickfat    leftovers [curse, doubleedge, highhorsepower, lashout] ttype=ground
INFO     	        shaymin  naturalcure    leftovers [airslash, earthpower, seedflare, synthesis] ttype=ground
INFO     Sampling battle 1
INFO     	          hypno     insomnia    leftovers [focusblast, protect, psychicnoise, toxic] ttype=steel
INFO     	     oinkologne     thickfat    leftovers [curse, doubleedge, highhorsepower, lashout] ttype=ground
INFO     	        shaymin  naturalcure    leftovers [airslash, leechseed, seedflare, substitute] ttype=steel
INFO     Sampling battle 2
INFO     	          hypno     insomnia    leftovers [focusblast, protect, psychicnoise, toxic] ttype=steel
INFO     	     oinkologne     thickfat    leftovers [curse, doubleedge, highhorsepower, lashout] ttype=ground
INFO     	        shaymin  naturalcure    leftovers [airslash, leechseed, seedflare, substitute] ttype=steel
INFO     Sampling battle 3
INFO     	          hypno     insomnia    leftovers [focusblast, protect, psychicnoise, toxic] ttype=steel
INFO     	     oinkologne     thickfat    leftovers [curse, doubleedge, highhorsepower, lashout] ttype=ground
INFO     	        shaymin  naturalcure    leftovers [airslash, earthpower, seedflare, synthesis] ttype=steel
INFO     Sampling battle 4
INFO     	          hypno     insomnia    leftovers [focusblast, protect, psychicnoise, toxic] ttype=dark
INFO     	     oinkologne     thickfat    leftovers [curse, doubleedge, highhorsepower, lashout] ttype=ground
INFO     	        shaymin  naturalcure    leftovers [airslash, leechseed, seedflare, substitute] ttype=steel
INFO     Sampling battle 5
INFO     	          hypno     insomnia    leftovers [focusblast, protect, psychicnoise, toxic] ttype=dark
INFO     	     oinkologne     thickfat    leftovers [curse, doubleedge, highhorsepower, lashout] ttype=ground
INFO     	        shaymin  naturalcure    leftovers [airslash, earthpower, seedflare, synthesis] ttype=ground
INFO     Sampling battle 6
INFO     	          hypno     insomnia    leftovers [focusblast, protect, psychicnoise, toxic] ttype=steel
INFO     	     oinkologne     thickfat    leftovers [curse, doubleedge, highhorsepower, lashout] ttype=ground
INFO     	        shaymin  naturalcure    leftovers [airslash, leechseed, seedflare, substitute] ttype=steel
INFO     Sampling battle 7
INFO     	          hypno     insomnia    leftovers [focusblast, protect, psychicnoise, toxic] ttype=dark
INFO     	     oinkologne     thickfat    leftovers [curse, doubleedge, highhorsepower, lashout] ttype=ground
INFO     	        shaymin  naturalcure    leftovers [airslash, earthpower, seedflare, synthesis] ttype=ground
INFO     Sampling battle 8
INFO     	          hypno     insomnia    leftovers [focusblast, protect, psychicnoise, toxic] ttype=steel
INFO     	     oinkologne     thickfat    leftovers [curse, doubleedge, highhorsepower, lashout] ttype=ground
INFO     	        shaymin  naturalcure    leftovers [airslash, leechseed, seedflare, substitute] ttype=steel
INFO     Sampling battle 9
INFO     	          hypno     insomnia    leftovers [encore, knockoff, psychicnoise, toxic] ttype=steel
INFO     	     oinkologne     thickfat    leftovers [curse, doubleedge, highhorsepower, lashout] ttype=ground
INFO     	        shaymin  naturalcure    leftovers [airslash, earthpower, seedflare, synthesis] ttype=ground
INFO     Sampling battle 10
INFO     	          hypno     insomnia    leftovers [encore, knockoff, psychicnoise, toxic] ttype=dark
INFO     	     oinkologne     thickfat    leftovers [curse, doubleedge, highhorsepower, lashout] ttype=ground
INFO     	        shaymin  naturalcure    leftovers [airslash, leechseed, seedflare, substitute] ttype=steel
INFO     Sampling battle 11
INFO     	          hypno     insomnia    leftovers [encore, knockoff, psychicnoise, toxic] ttype=fairy
INFO     	     oinkologne     thickfat    leftovers [curse, doubleedge, highhorsepower, lashout] ttype=ground
INFO     	        shaymin  naturalcure    leftovers [airslash, earthpower, seedflare, synthesis] ttype=steel
INFO     Sampling battle 12
INFO     	          hypno     insomnia    leftovers [encore, knockoff, psychicnoise, toxic] ttype=steel
INFO     	     oinkologne     thickfat    leftovers [curse, doubleedge, highhorsepower, lashout] ttype=ground
INFO     	        shaymin  naturalcure    leftovers [airslash, earthpower, seedflare, synthesis] ttype=steel
INFO     Sampling battle 13
INFO     	          hypno     insomnia    leftovers [encore, knockoff, psychicnoise, toxic] ttype=dark
INFO     	     oinkologne     thickfat    leftovers [curse, doubleedge, highhorsepower, lashout] ttype=ground
INFO     	        shaymin  naturalcure    leftovers [airslash, earthpower, seedflare, synthesis] ttype=steel
INFO     Sampling battle 14
INFO     	          hypno     insomnia    leftovers [encore, knockoff, psychicnoise, toxic] ttype=steel
INFO     	     oinkologne     thickfat    leftovers [curse, doubleedge, highhorsepower, lashout] ttype=ground
INFO     	        shaymin  naturalcure    leftovers [airslash, leechseed, seedflare, substitute] ttype=steel
INFO     Sampling battle 15
INFO     	          hypno     insomnia    leftovers [focusblast, protect, psychicnoise, toxic] ttype=steel
INFO     	     oinkologne     thickfat    leftovers [curse, doubleedge, highhorsepower, lashout] ttype=ground
INFO     	        shaymin  naturalcure    leftovers [airslash, leechseed, seedflare, substitute] ttype=steel
INFO     Searching for a move using MCTS...
INFO     Sampling 16 battles at 500ms each
INFO     Choice: switch staraptor
INFO     
INFO     Turn: 18
INFO     loaded 4 player and 0 effective opponent priors
INFO     Sampling battle 0
INFO     	          hypno     insomnia    leftovers [encore, knockoff, psychicnoise, toxic] ttype=steel
INFO     	     oinkologne     thickfat    leftovers [curse, doubleedge, highhorsepower, lashout] ttype=ground
INFO     	        shaymin  naturalcure    leftovers [airslash, earthpower, seedflare, synthesis] ttype=steel
INFO     Sampling battle 1
INFO     	          hypno     insomnia    leftovers [focusblast, protect, psychicnoise, toxic] ttype=steel
INFO     	     oinkologne     thickfat    leftovers [curse, doubleedge, highhorsepower, lashout] ttype=ground
INFO     	        shaymin  naturalcure    leftovers [airslash, earthpower, seedflare, synthesis] ttype=steel
INFO     Sampling battle 2
INFO     	          hypno     insomnia    leftovers [encore, knockoff, psychicnoise, thunderwave] ttype=steel
INFO     	     oinkologne     thickfat    leftovers [curse, doubleedge, highhorsepower, lashout] ttype=ground
INFO     	        shaymin  naturalcure    leftovers [airslash, leechseed, seedflare, substitute] ttype=steel
INFO     Sampling battle 3
INFO     	          hypno     insomnia    leftovers [focusblast, protect, psychicnoise, toxic] ttype=dark
INFO     	     oinkologne     thickfat    leftovers [curse, doubleedge, highhorsepower, lashout] ttype=ground
INFO     	        shaymin  naturalcure    leftovers [airslash, leechseed, seedflare, substitute] ttype=steel
INFO     Sampling battle 4
INFO     	          hypno     insomnia    leftovers [encore, knockoff, psychicnoise, thunderwave] ttype=fairy
INFO     	     oinkologne     thickfat    leftovers [curse, doubleedge, highhorsepower, lashout] ttype=ground
INFO     	        shaymin  naturalcure    leftovers [airslash, leechseed, seedflare, substitute] ttype=steel
INFO     Sampling battle 5
INFO     	          hypno     insomnia    leftovers [focusblast, protect, psychicnoise, toxic] ttype=steel
INFO     	     oinkologne     thickfat    leftovers [curse, doubleedge, highhorsepower, lashout] ttype=ground
INFO     	        shaymin  naturalcure    leftovers [airslash, earthpower, seedflare, synthesis] ttype=ground
INFO     Sampling battle 6
INFO     	          hypno     insomnia    leftovers [encore, knockoff, psychicnoise, thunderwave] ttype=fairy
INFO     	     oinkologne     thickfat    leftovers [curse, doubleedge, highhorsepower, lashout] ttype=ground
INFO     	        shaymin  naturalcure    leftovers [airslash, leechseed, seedflare, substitute] ttype=steel
INFO     Sampling battle 7
INFO     	          hypno     insomnia    leftovers [focusblast, protect, psychicnoise, toxic] ttype=dark
INFO     	     oinkologne     thickfat    leftovers [curse, doubleedge, highhorsepower, lashout] ttype=ground
INFO     	        shaymin  naturalcure    leftovers [airslash, leechseed, seedflare, substitute] ttype=steel
INFO     Sampling battle 8
INFO     	          hypno     insomnia    leftovers [encore, knockoff, psychicnoise, thunderwave] ttype=steel
INFO     	     oinkologne     thickfat    leftovers [curse, doubleedge, highhorsepower, lashout] ttype=ground
INFO     	        shaymin  naturalcure    leftovers [airslash, earthpower, seedflare, synthesis] ttype=steel
INFO     Sampling battle 9
INFO     	          hypno     insomnia    leftovers [encore, knockoff, psychicnoise, toxic] ttype=fairy
INFO     	     oinkologne     thickfat    leftovers [curse, doubleedge, highhorsepower, lashout] ttype=ground
INFO     	        shaymin  naturalcure    leftovers [airslash, earthpower, seedflare, synthesis] ttype=steel
INFO     Sampling battle 10
INFO     	          hypno     insomnia    leftovers [focusblast, protect, psychicnoise, toxic] ttype=steel
INFO     	     oinkologne     thickfat    leftovers [curse, doubleedge, highhorsepower, lashout] ttype=ground
INFO     	        shaymin  naturalcure    leftovers [airslash, leechseed, seedflare, substitute] ttype=steel
INFO     Sampling battle 11
INFO     	          hypno     insomnia    leftovers [encore, knockoff, psychicnoise, toxic] ttype=dark
INFO     	     oinkologne     thickfat    leftovers [curse, doubleedge, highhorsepower, lashout] ttype=ground
INFO     	        shaymin  naturalcure    leftovers [airslash, leechseed, seedflare, substitute] ttype=steel
INFO     Sampling battle 12
INFO     	          hypno     insomnia    leftovers [encore, knockoff, psychicnoise, thunderwave] ttype=dark
INFO     	     oinkologne     thickfat    leftovers [curse, doubleedge, highhorsepower, lashout] ttype=ground
INFO     	        shaymin  naturalcure    leftovers [airslash, leechseed, seedflare, substitute] ttype=steel
INFO     Sampling battle 13
INFO     	          hypno     insomnia    leftovers [focusblast, protect, psychicnoise, toxic] ttype=dark
INFO     	     oinkologne     thickfat    leftovers [curse, doubleedge, highhorsepower, lashout] ttype=ground
INFO     	        shaymin  naturalcure    leftovers [airslash, earthpower, seedflare, synthesis] ttype=steel
INFO     Sampling battle 14
INFO     	          hypno     insomnia    leftovers [encore, knockoff, psychicnoise, thunderwave] ttype=dark
INFO     	     oinkologne     thickfat    leftovers [curse, doubleedge, highhorsepower, lashout] ttype=ground
INFO     	        shaymin  naturalcure    leftovers [airslash, earthpower, seedflare, synthesis] ttype=ground
INFO     Sampling battle 15
INFO     	          hypno     insomnia    leftovers [encore, knockoff, psychicnoise, toxic] ttype=fairy
INFO     	     oinkologne     thickfat    leftovers [curse, doubleedge, highhorsepower, lashout] ttype=ground
INFO     	        shaymin  naturalcure    leftovers [airslash, earthpower, seedflare, synthesis] ttype=ground
INFO     Searching for a move using MCTS...
INFO     Sampling 16 battles at 500ms each
WARNING  final-choice override (%s): %s -> %s
INFO     Choice: bravebird
INFO     hypno used two different moves - it cannot have a choice item
INFO     hypno used a status-move. Adding `assaultvest` to impossible items
INFO     Setting hypno's last used move: protect
INFO     hypno used a protect move, set protect side condition to 2
INFO     staraptor already has the move bravebird. Decrementing the PP by 1
INFO     staraptor used a flying move, removing flyinggem from possible items
INFO     Setting staraptor's last used move: bravebird
INFO     staraptor used a damaging move - not guessing lifeorb anymore
INFO     Setting hypno's item to: leftovers
INFO     Setting protect to 1 for the opponent
INFO     hypno has less than maxhp during upkeep, no longer guessing leftovers or blacksludge
INFO     
INFO     Turn: 19
INFO     loaded 1 player and 0 effective opponent priors
INFO     Sampling battle 0
INFO     	          hypno     insomnia    leftovers [focusblast, protect, psychicnoise, toxic] ttype=dark
INFO     	     oinkologne     thickfat    leftovers [curse, doubleedge, highhorsepower, lashout] ttype=ground
INFO     	        shaymin  naturalcure    leftovers [airslash, earthpower, seedflare, synthesis] ttype=steel
INFO     Sampling battle 1
INFO     	          hypno     insomnia    leftovers [focusblast, protect, psychicnoise, toxic] ttype=fighting
INFO     	     oinkologne     thickfat    leftovers [curse, doubleedge, highhorsepower, lashout] ttype=ground
INFO     	        shaymin  naturalcure    leftovers [airslash, leechseed, seedflare, substitute] ttype=steel
INFO     Sampling battle 2
INFO     	          hypno     insomnia    leftovers [focusblast, protect, psychicnoise, toxic] ttype=fighting
INFO     	     oinkologne     thickfat    leftovers [curse, doubleedge, highhorsepower, lashout] ttype=ground
INFO     	        shaymin  naturalcure    leftovers [airslash, leechseed, seedflare, substitute] ttype=steel
INFO     Sampling battle 3
INFO     	          hypno     insomnia    leftovers [focusblast, protect, psychicnoise, toxic] ttype=dark
INFO     	     oinkologne     thickfat    leftovers [curse, doubleedge, highhorsepower, lashout] ttype=ground
INFO     	        shaymin  naturalcure    leftovers [airslash, leechseed, seedflare, substitute] ttype=steel
INFO     Sampling battle 4
INFO     	          hypno     insomnia    leftovers [focusblast, protect, psychicnoise, toxic] ttype=dark
INFO     	     oinkologne     thickfat    leftovers [curse, doubleedge, highhorsepower, lashout] ttype=ground
INFO     	        shaymin  naturalcure    leftovers [airslash, leechseed, seedflare, substitute] ttype=steel
INFO     Sampling battle 5
INFO     	          hypno     insomnia    leftovers [focusblast, protect, psychicnoise, toxic] ttype=dark
INFO     	     oinkologne     thickfat    leftovers [curse, doubleedge, highhorsepower, lashout] ttype=ground
INFO     	        shaymin  naturalcure    leftovers [airslash, leechseed, seedflare, substitute] ttype=steel
INFO     Sampling battle 6
INFO     	          hypno     insomnia    leftovers [focusblast, protect, psychicnoise, toxic] ttype=steel
INFO     	     oinkologne     thickfat    leftovers [curse, doubleedge, highhorsepower, lashout] ttype=ground
INFO     	        shaymin  naturalcure    leftovers [airslash, leechseed, seedflare, substitute] ttype=steel
INFO     Sampling battle 7
INFO     	          hypno     insomnia    leftovers [focusblast, protect, psychicnoise, toxic] ttype=steel
INFO     	     oinkologne     thickfat    leftovers [curse, doubleedge, highhorsepower, lashout] ttype=ground
INFO     	        shaymin  naturalcure    leftovers [airslash, leechseed, seedflare, substitute] ttype=steel
INFO     Sampling battle 8
INFO     	          hypno     insomnia    leftovers [focusblast, protect, psychicnoise, toxic] ttype=dark
INFO     	     oinkologne     thickfat    leftovers [curse, doubleedge, highhorsepower, lashout] ttype=ground
INFO     	        shaymin  naturalcure    leftovers [airslash, leechseed, seedflare, substitute] ttype=steel
INFO     Sampling battle 9
INFO     	          hypno     insomnia    leftovers [focusblast, protect, psychicnoise, toxic] ttype=fighting
INFO     	     oinkologne     thickfat    leftovers [curse, doubleedge, highhorsepower, lashout] ttype=ground
INFO     	        shaymin  naturalcure    leftovers [airslash, earthpower, seedflare, synthesis] ttype=steel
INFO     Sampling battle 10
INFO     	          hypno     insomnia    leftovers [focusblast, protect, psychicnoise, toxic] ttype=steel
INFO     	     oinkologne     thickfat    leftovers [curse, doubleedge, highhorsepower, lashout] ttype=ground
INFO     	        shaymin  naturalcure    leftovers [airslash, leechseed, seedflare, substitute] ttype=steel
INFO     Sampling battle 11
INFO     	          hypno     insomnia    leftovers [focusblast, protect, psychicnoise, toxic] ttype=steel
INFO     	     oinkologne     thickfat    leftovers [curse, doubleedge, highhorsepower, lashout] ttype=ground
INFO     	        shaymin  naturalcure    leftovers [airslash, earthpower, seedflare, synthesis] ttype=ground
INFO     Sampling battle 12
INFO     	          hypno     insomnia    leftovers [focusblast, protect, psychicnoise, toxic] ttype=steel
INFO     	     oinkologne     thickfat    leftovers [curse, doubleedge, highhorsepower, lashout] ttype=ground
INFO     	        shaymin  naturalcure    leftovers [airslash, leechseed, seedflare, substitute] ttype=steel
INFO     Sampling battle 13
INFO     	          hypno     insomnia    leftovers [focusblast, protect, psychicnoise, toxic] ttype=dark
INFO     	     oinkologne     thickfat    leftovers [curse, doubleedge, highhorsepower, lashout] ttype=ground
INFO     	        shaymin  naturalcure    leftovers [airslash, earthpower, seedflare, synthesis] ttype=steel
INFO     Sampling battle 14
INFO     	          hypno     insomnia    leftovers [focusblast, protect, psychicnoise, toxic] ttype=steel
INFO     	     oinkologne     thickfat    leftovers [curse, doubleedge, highhorsepower, lashout] ttype=ground
INFO     	        shaymin  naturalcure    leftovers [airslash, leechseed, seedflare, substitute] ttype=steel
INFO     Sampling battle 15
INFO     	          hypno     insomnia    leftovers [focusblast, protect, psychicnoise, toxic] ttype=dark
INFO     	     oinkologne     thickfat    leftovers [curse, doubleedge, highhorsepower, lashout] ttype=ground
INFO     	        shaymin  naturalcure    leftovers [airslash, earthpower, seedflare, synthesis] ttype=steel
INFO     Searching for a move using MCTS...
INFO     Sampling 16 battles at 500ms each
INFO     Choice: bravebird
INFO     staraptor already has the move bravebird. Decrementing the PP by 1
INFO     staraptor used a flying move, removing flyinggem from possible items
INFO     Setting staraptor's last used move: bravebird
INFO     staraptor used a damaging move - not guessing lifeorb anymore
INFO     staraptor did 53.0% damage to hypno with bravebird
INFO     Setting protect to 0 for the opponent
INFO     hypno has less than maxhp during upkeep, no longer guessing leftovers or blacksludge
INFO     Opponent has switched - clearing the last used move
INFO     
INFO     Turn: 20
INFO     loaded 1 player and 0 effective opponent priors
INFO     Sampling battle 0
INFO     	        shaymin  naturalcure    leftovers [airslash, leechseed, seedflare, substitute] ttype=steel
INFO     	     oinkologne     thickfat    leftovers [curse, doubleedge, highhorsepower, lashout] ttype=ground
INFO     Sampling battle 1
INFO     	        shaymin  naturalcure    leftovers [airslash, earthpower, seedflare, synthesis] ttype=ground
INFO     	     oinkologne     thickfat    leftovers [curse, doubleedge, highhorsepower, lashout] ttype=ground
INFO     Sampling battle 2
INFO     	        shaymin  naturalcure    leftovers [airslash, earthpower, seedflare, synthesis] ttype=steel
INFO     	     oinkologne     thickfat    leftovers [curse, doubleedge, highhorsepower, lashout] ttype=ground
INFO     Sampling battle 3
INFO     	        shaymin  naturalcure    leftovers [airslash, leechseed, seedflare, substitute] ttype=steel
INFO     	     oinkologne     thickfat    leftovers [curse, doubleedge, highhorsepower, lashout] ttype=ground
INFO     Sampling battle 4
INFO     	        shaymin  naturalcure    leftovers [airslash, earthpower, seedflare, synthesis] ttype=steel
INFO     	     oinkologne     thickfat    leftovers [curse, doubleedge, highhorsepower, lashout] ttype=ground
INFO     Sampling battle 5
INFO     	        shaymin  naturalcure    leftovers [airslash, earthpower, seedflare, synthesis] ttype=ground
INFO     	     oinkologne     thickfat    leftovers [curse, doubleedge, highhorsepower, lashout] ttype=ground
INFO     Sampling battle 6
INFO     	        shaymin  naturalcure    leftovers [airslash, leechseed, seedflare, substitute] ttype=steel
INFO     	     oinkologne     thickfat    leftovers [curse, doubleedge, highhorsepower, lashout] ttype=ground
INFO     Sampling battle 7
INFO     	        shaymin  naturalcure    leftovers [airslash, leechseed, seedflare, substitute] ttype=steel
INFO     	     oinkologne     thickfat    leftovers [curse, doubleedge, highhorsepower, lashout] ttype=ground
INFO     Sampling battle 8
INFO     	        shaymin  naturalcure    leftovers [airslash, earthpower, seedflare, synthesis] ttype=ground
INFO     	     oinkologne     thickfat    leftovers [curse, doubleedge, highhorsepower, lashout] ttype=ground
INFO     Sampling battle 9
INFO     	        shaymin  naturalcure    leftovers [airslash, leechseed, seedflare, substitute] ttype=steel
INFO     	     oinkologne     thickfat    leftovers [curse, doubleedge, highhorsepower, lashout] ttype=ground
INFO     Sampling battle 10
INFO     	        shaymin  naturalcure    leftovers [airslash, earthpower, seedflare, synthesis] ttype=ground
INFO     	     oinkologne     thickfat    leftovers [curse, doubleedge, highhorsepower, lashout] ttype=ground
INFO     Sampling battle 11
INFO     	        shaymin  naturalcure    leftovers [airslash, earthpower, seedflare, synthesis] ttype=ground
INFO     	     oinkologne     thickfat    leftovers [curse, doubleedge, highhorsepower, lashout] ttype=ground
INFO     Sampling battle 12
INFO     	        shaymin  naturalcure    leftovers [airslash, earthpower, seedflare, synthesis] ttype=steel
INFO     	     oinkologne     thickfat    leftovers [curse, doubleedge, highhorsepower, lashout] ttype=ground
INFO     Sampling battle 13
INFO     	        shaymin  naturalcure    leftovers [airslash, earthpower, seedflare, synthesis] ttype=steel
INFO     	     oinkologne     thickfat    leftovers [curse, doubleedge, highhorsepower, lashout] ttype=ground
INFO     Sampling battle 14
INFO     	        shaymin  naturalcure    leftovers [airslash, earthpower, seedflare, synthesis] ttype=ground
INFO     	     oinkologne     thickfat    leftovers [curse, doubleedge, highhorsepower, lashout] ttype=ground
INFO     Sampling battle 15
INFO     	        shaymin  naturalcure    leftovers [airslash, leechseed, seedflare, substitute] ttype=steel
INFO     	     oinkologne     thickfat    leftovers [curse, doubleedge, highhorsepower, lashout] ttype=ground
INFO     Searching for a move using MCTS...
INFO     Sampling 16 battles at 500ms each
INFO     Choice: bravebird
INFO     Updated shaymin's min speed to 204
INFO     shaymin used a flying move, removing flyinggem from possible items
INFO     Setting shaymin's last used move: airslash
INFO     shaymin used a damaging move - not guessing lifeorb anymore
INFO     shaymin did 38.78% damage to staraptor with airslash
INFO     staraptor already has the move bravebird. Decrementing the PP by 1
INFO     staraptor used a flying move, removing flyinggem from possible items
INFO     Setting staraptor's last used move: bravebird
INFO     staraptor used a damaging move - not guessing lifeorb anymore
INFO     staraptor did 34.0% damage to shaymin with bravebird
INFO     shaymin has less than maxhp during upkeep, no longer guessing leftovers or blacksludge
INFO     Opponent has switched - clearing the last used move
INFO     
INFO     Turn: 21
INFO     loaded 1 player and 0 effective opponent priors
INFO     Sampling battle 0
INFO     	     oinkologne     thickfat    leftovers [curse, doubleedge, highhorsepower, lashout] ttype=ground
INFO     Sampling battle 1
INFO     	     oinkologne     thickfat    leftovers [curse, doubleedge, highhorsepower, lashout] ttype=ground
INFO     Sampling battle 2
INFO     	     oinkologne     thickfat    leftovers [curse, doubleedge, highhorsepower, lashout] ttype=ground
INFO     Sampling battle 3
INFO     	     oinkologne     thickfat    leftovers [curse, doubleedge, highhorsepower, lashout] ttype=ground
INFO     Sampling battle 4
INFO     	     oinkologne     thickfat    leftovers [curse, doubleedge, highhorsepower, lashout] ttype=ground
INFO     Sampling battle 5
INFO     	     oinkologne     thickfat    leftovers [curse, doubleedge, highhorsepower, lashout] ttype=ground
INFO     Sampling battle 6
INFO     	     oinkologne     thickfat    leftovers [curse, doubleedge, highhorsepower, lashout] ttype=ground
INFO     Sampling battle 7
INFO     	     oinkologne     thickfat    leftovers [curse, doubleedge, highhorsepower, lashout] ttype=ground
INFO     Sampling battle 8
INFO     	     oinkologne     thickfat    leftovers [curse, doubleedge, highhorsepower, lashout] ttype=ground
INFO     Sampling battle 9
INFO     	     oinkologne     thickfat    leftovers [curse, doubleedge, highhorsepower, lashout] ttype=ground
INFO     Sampling battle 10
INFO     	     oinkologne     thickfat    leftovers [curse, doubleedge, highhorsepower, lashout] ttype=ground
INFO     Sampling battle 11
INFO     	     oinkologne     thickfat    leftovers [curse, doubleedge, highhorsepower, lashout] ttype=ground
INFO     Sampling battle 12
INFO     	     oinkologne     thickfat    leftovers [curse, doubleedge, highhorsepower, lashout] ttype=ground
INFO     Sampling battle 13
INFO     	     oinkologne     thickfat    leftovers [curse, doubleedge, highhorsepower, lashout] ttype=ground
INFO     Sampling battle 14
INFO     	     oinkologne     thickfat    leftovers [curse, doubleedge, highhorsepower, lashout] ttype=ground
INFO     Sampling battle 15
INFO     	     oinkologne     thickfat    leftovers [curse, doubleedge, highhorsepower, lashout] ttype=ground
INFO     Searching for a move using MCTS...
INFO     Sampling 16 battles at 500ms each
INFO     Choice: bravebird
INFO     Winner: lg00x02183b8
INFO     Won with team: None
INFO     W: 1	L: 0
