POKE_ENGINE_PROVENANCE {"distribution_version": "0.0.47", "editable": false, "isolated_import_root": "/Users/alityb/projects/metagross/.venv-foul-play/lib/python3.11/site-packages", "mcts_parameters": ["state", "duration_ms", "iterations", "threads", "s1_priors", "s2_priors", "c_puct", "seed"], "mode": "exact_pinned_experimental_runtime", "module_path": "/Users/alityb/projects/metagross/.venv-foul-play/lib/python3.11/site-packages/poke_engine/__init__.py", "native_path": "/Users/alityb/projects/metagross/.venv-foul-play/lib/python3.11/site-packages/poke_engine/poke_engine.cpython-311-darwin.so", "native_reveal_masks": true, "native_sha256": "79bea0e467b32e2958bd5d39595fd728a3068be2950085f7b18fa69943f30d71", "request_root_parameters": ["state", "request_actions", "duration_ms", "iterations", "threads", "s1_priors", "s2_priors", "c_puct", "seed"], "source_path": null}
INFO     Logging in...
INFO     Waiting for a gen9randombattle challenge
INFO     Initialized battle-gen9randombattle-5880 against: lg00x104e9ee
INFO     Loaded from cache: /Users/alityb/projects/metagross/srcs/vendor/foul-play/data/pkmn_sets_cache/gen9randombattle.json
INFO     Opponent has switched - clearing the last used move
INFO     lunala switched in, adding intimidate to impossible abilities
INFO     lunala switched in, adding pressure to impossible abilities
INFO     lunala switched in, adding neutralizinggas to impossible abilities
INFO     lunala switched in, adding sandstream to impossible abilities
INFO     lunala switched in, adding drought to impossible abilities
INFO     lunala switched in, adding drizzle to impossible abilities
INFO     lunala switched in, adding snowwarning to impossible abilities
INFO     lunala switched in, adding boosterenergy to impossible items
INFO     lunala switched in, adding airballoon to impossible items
INFO     
INFO     Turn: 1
INFO     loaded 13 player and 0 effective opponent priors
INFO     Sampling battle 0
INFO     	         lunala shadowshield    leftovers [calmmind, moonblast, moongeistbeam, moonlight] ttype=fairy
INFO     Sampling 5 unrevealed pokemon
INFO     	          ditto     imposter  choicescarf [transform] ttype=ghost
INFO     	squawkabillyblue         guts     flameorb [bravebird, facade, protect, quickattack] ttype=normal
INFO     	     baxcalibur thermalexchange   choiceband [earthquake, glaiverush, iceshard, iciclecrash] ttype=dragon
INFO     	        shiftry    windrider      lifeorb [knockoff, leafblade, suckerpunch, swordsdance] ttype=poison
INFO     	  deoxysdefense     pressure    leftovers [cosmicpower, nightshade, recover, storedpower] ttype=steel
INFO     Sampling battle 1
INFO     	         lunala shadowshield    leftovers [calmmind, focusblast, moongeistbeam, moonlight] ttype=fighting
INFO     Sampling 5 unrevealed pokemon
INFO     	       swampert      torrent    leftovers [earthquake, flipturn, icebeam, yawn] ttype=poison
INFO     	       sneasler  poisontouch   choiceband [closecombat, direclaw, throatchop, uturn] ttype=dark
INFO     	   arceusflying    multitype     skyplate [calmmind, earthpower, judgment, recover] ttype=ground
INFO     	       drifblim    aftermath heavydutyboots [airslash, defog, shadowball, strengthsap] ttype=fairy
INFO     	       qwilfish   intimidate heavydutyboots [flipturn, gunkshot, painsplit, toxicspikes] ttype=dark
INFO     Sampling battle 2
INFO     	         lunala shadowshield    leftovers [calmmind, focusblast, moongeistbeam, moonlight] ttype=fighting
INFO     Sampling 5 unrevealed pokemon
INFO     	     toedscruel myceliummight    leftovers [earthpower, gigadrain, rapidspin, spore] ttype=water
INFO     	         luxray         guts     flameorb [facade, supercellslam, throatchop, trailblaze] ttype=normal
INFO     	        beartic    swiftswim heavydutyboots [closecombat, earthquake, iciclecrash, swordsdance] ttype=fighting
INFO     	      electrode       static      lifeorb [taunt, terablast, thunderbolt, voltswitch] ttype=ice
INFO     	  deoxysdefense     pressure    leftovers [cosmicpower, nightshade, recover, storedpower] ttype=steel
INFO     Sampling battle 3
INFO     	         lunala shadowshield    leftovers [calmmind, moongeistbeam, moonlight, psyshock] ttype=dark
INFO     Sampling 5 unrevealed pokemon
INFO     	        weezing     levitate    leftovers [fireblast, painsplit, sludgebomb, toxicspikes] ttype=steel
INFO     	         eiscue      iceface  sitrusberry [bellydrum, icespinner, liquidation, terablast] ttype=electric
INFO     	      primarina  liquidvoice    leftovers [calmmind, drainingkiss, moonblast, psychicnoise] ttype=steel
INFO     	      toucannon    skilllink heavydutyboots [beakblast, boomburst, bulletseed, roost] ttype=steel
INFO     	     tentacruel   liquidooze  assaultvest [flipturn, rapidspin, sludgebomb, surf] ttype=grass
INFO     Sampling battle 4
INFO     	         lunala shadowshield    leftovers [calmmind, focusblast, moongeistbeam, moonlight] ttype=fighting
INFO     Sampling 5 unrevealed pokemon
INFO     	        diancie    clearbody  assaultvest [bodypress, diamondstorm, earthpower, moonblast] ttype=fighting
INFO     	       vigoroth  vitalspirit     eviolite [bodyslam, bulkup, earthquake, slackoff] ttype=ground
INFO     	         rhydon lightningrod     eviolite [earthquake, megahorn, stealthrock, stoneedge] ttype=water
INFO     	        flareon         guts     toxicorb [facade, flareblitz, quickattack, trailblaze] ttype=normal
INFO     	        altaria  naturalcure heavydutyboots [bravebird, dragondance, earthquake, roost] ttype=steel
INFO     Sampling battle 5
INFO     	         lunala shadowshield    leftovers [calmmind, focusblast, moongeistbeam, moonlight] ttype=fighting
INFO     Sampling 5 unrevealed pokemon
INFO     	   moltresgalar      berserk  chestoberry [fierywrath, hurricane, nastyplot, rest] ttype=steel
INFO     	       sawsbuck    sapsipper      lifeorb [doubleedge, highhorsepower, hornleech, swordsdance] ttype=normal
INFO     	      rotomheat     levitate heavydutyboots [discharge, overheat, painsplit, voltswitch] ttype=electric
INFO     	        gurdurr         guts     eviolite [defog, drainpunch, knockoff, machpunch] ttype=steel
INFO     	    arceuswater    multitype  splashplate [calmmind, judgment, recover, willowisp] ttype=steel
INFO     Sampling battle 6
INFO     	         lunala shadowshield    leftovers [calmmind, moongeistbeam, moonlight, psyshock] ttype=dark
INFO     Sampling 5 unrevealed pokemon
INFO     	     masquerain   intimidate heavydutyboots [bugbuzz, hurricane, hydropump, quiverdance] ttype=water
INFO     	       lumineon   stormdrain heavydutyboots [encore, hydropump, icebeam, uturn] ttype=ground
INFO     	       greninja      protean      lifeorb [gunkshot, hydropump, icebeam, uturn] ttype=poison
INFO     	         zarude    leafguard    leftovers [knockoff, powerwhip, swordsdance, synthesis] ttype=grass
INFO     	     toedscruel myceliummight  assaultvest [earthpower, knockoff, leafstorm, rapidspin] ttype=water
INFO     Sampling battle 7
INFO     	         lunala shadowshield    leftovers [calmmind, moongeistbeam, moonlight, psyshock] ttype=fairy
INFO     Sampling 5 unrevealed pokemon
INFO     	    deoxysspeed     pressure    leftovers [psychoboost, spikes, stealthrock, taunt] ttype=ghost
INFO     	ogerponhearthflame  moldbreaker hearthflamemask [ivycudgel, powerwhip, swordsdance, trailblaze] ttype=fire
INFO     	       houndoom    flashfire heavydutyboots [darkpulse, fireblast, nastyplot, sludgebomb] ttype=fire
INFO     	     misdreavus     levitate     eviolite [calmmind, drainingkiss, shadowball, willowisp] ttype=fairy
INFO     	      regieleki   transistor       magnet [explosion, rapidspin, thunderbolt, voltswitch] ttype=electric
INFO     Sampling battle 8
INFO     	         lunala shadowshield    leftovers [calmmind, moongeistbeam, moonlight, psyshock] ttype=dark
INFO     Sampling 5 unrevealed pokemon
INFO     	       bronzong     levitate    leftovers [earthquake, hypnosis, psychic, stealthrock] ttype=electric
INFO     	        okidogi   toxicchain  assaultvest [drainpunch, gunkshot, highhorsepower, knockoff] ttype=dark
INFO     	     pincurchin electricsurge    leftovers [discharge, recover, scald, spikes] ttype=water
INFO     	         gogoat    sapsipper    leftovers [bulkup, earthquake, hornleech, milkdrink] ttype=ground
INFO     	      amoonguss  regenerator  rockyhelmet [gigadrain, sludgebomb, spore, stompingtantrum] ttype=water
INFO     Sampling battle 9
INFO     	         lunala shadowshield    leftovers [calmmind, moongeistbeam, moonlight, psyshock] ttype=fairy
INFO     Sampling 5 unrevealed pokemon
INFO     	    gougingfire protosynthesis heavydutyboots [dragondance, heatcrash, morningsun, outrage] ttype=fairy
INFO     	       camerupt    solidrock    leftovers [earthquake, overheat, stealthrock, willowisp] ttype=grass
INFO     	        weezing     levitate    leftovers [fireblast, gunkshot, painsplit, willowisp] ttype=steel
INFO     	       giratina     pressure    leftovers [calmmind, dragonpulse, rest, sleeptalk] ttype=fairy
INFO     	      thundurus      defiant heavydutyboots [focusblast, nastyplot, terablast, thunderbolt] ttype=flying
INFO     Sampling battle 10
INFO     	         lunala shadowshield    leftovers [calmmind, focusblast, moongeistbeam, moonlight] ttype=fighting
INFO     Sampling 5 unrevealed pokemon
INFO     	         pyroar      unnerve heavydutyboots [darkpulse, fireblast, hypervoice, willowisp] ttype=fire
INFO     	        luvdisc    swiftswim heavydutyboots [endeavor, substitute, surf, whirlpool] ttype=ghost
INFO     	  arcaninehisui     rockhead heavydutyboots [extremespeed, flareblitz, headsmash, morningsun] ttype=normal
INFO     	     gothitelle    shadowtag  choicescarf [darkpulse, focusblast, psychic, trick] ttype=fighting
INFO     	       maushold   technician     widelens [bite, encore, populationbomb, tidyup] ttype=ghost
INFO     Sampling battle 11
INFO     	         lunala shadowshield    leftovers [calmmind, focusblast, moongeistbeam, moonlight] ttype=fighting
INFO     Sampling 5 unrevealed pokemon
INFO     	      arceusice    multitype  icicleplate [calmmind, judgment, recover, thunderbolt] ttype=electric
INFO     	   hoopaunbound     magician  assaultvest [focusblast, gunkshot, hyperspacefury, psychic] ttype=poison
INFO     	urshifurapidstrike   unseenfist   choiceband [aquajet, closecombat, icespinner, surgingstrikes] ttype=water
INFO     	       pelipper      drizzle heavydutyboots [hurricane, roost, surf, uturn] ttype=ground
INFO     	squawkabillywhite       hustle heavydutyboots [bravebird, doubleedge, partingshot, quickattack] ttype=normal
INFO     Sampling battle 12
INFO     	         lunala shadowshield    leftovers [calmmind, moongeistbeam, moonlight, psyshock] ttype=dark
INFO     Sampling 5 unrevealed pokemon
INFO     	      ironcrown   quarkdrive    leftovers [calmmind, focusblast, psyshock, tachyoncutter] ttype=fighting
INFO     	       reshiram   turboblaze heavydutyboots [dragondance, flareblitz, outrage, stoneedge] ttype=dragon
INFO     	       frosmoth    icescales heavydutyboots [bugbuzz, icebeam, quiverdance, terablast] ttype=ground
INFO     	       virizion    justified      lifeorb [closecombat, leafblade, stoneedge, swordsdance] ttype=rock
INFO     	       basculin adaptability   choiceband [aquajet, doubleedge, flipturn, wavecrash] ttype=water
INFO     Sampling battle 13
INFO     	         lunala shadowshield    leftovers [calmmind, moonblast, moongeistbeam, moonlight] ttype=fairy
INFO     Sampling 5 unrevealed pokemon
INFO     	      spectrier    grimneigh    leftovers [nastyplot, shadowball, substitute, terablast] ttype=fighting
INFO     	     talonflame    flamebody heavydutyboots [bravebird, flareblitz, swordsdance, terablast] ttype=ground
INFO     	   greninjabond   battlebond      lifeorb [darkpulse, gunkshot, hydropump, icebeam] ttype=poison
INFO     	       empoleon  competitive    leftovers [flipturn, roar, roost, surf] ttype=flying
INFO     	      passimian      defiant    leftovers [bulkup, drainpunch, gunkshot, knockoff] ttype=dark
INFO     Sampling battle 14
INFO     	         lunala shadowshield    leftovers [calmmind, moongeistbeam, moonlight, psyshock] ttype=fairy
INFO     Sampling 5 unrevealed pokemon
INFO     	      bellibolt electromorphosis    leftovers [muddywater, slackoff, thunderbolt, voltswitch] ttype=water
INFO     	     krookodile   intimidate    leftovers [bulkup, earthquake, gunkshot, knockoff] ttype=poison
INFO     	      gardevoir        trace      lifeorb [calmmind, focusblast, moonblast, psyshock] ttype=fighting
INFO     	     whimsicott    prankster    leftovers [encore, gigadrain, moonblast, stunspore] ttype=poison
INFO     	        toxapex  regenerator  rockyhelmet [haze, liquidation, recover, toxic] ttype=steel
INFO     Sampling battle 15
INFO     	         lunala shadowshield    leftovers [calmmind, moongeistbeam, moonlight, psyshock] ttype=dark
INFO     Sampling 5 unrevealed pokemon
INFO     	     conkeldurr         guts     flameorb [closecombat, facade, knockoff, machpunch] ttype=normal
INFO     	       venusaur  chlorophyll    leftovers [knockoff, sleeppowder, sludgebomb, synthesis] ttype=dark
INFO     	thundurustherian   voltabsorb heavydutyboots [grassknot, nastyplot, psychic, thunderbolt] ttype=psychic
INFO     	         deoxys     pressure      lifeorb [extremespeed, knockoff, psychoboost, superpower] ttype=normal
INFO     	      sudowoodo     rockhead    leftovers [earthquake, headsmash, stealthrock, woodhammer] ttype=rock
INFO     Sampling battle 16
INFO     	         lunala shadowshield    leftovers [calmmind, moongeistbeam, moonlight, psyshock] ttype=dark
INFO     Sampling 5 unrevealed pokemon
INFO     	    kyuremblack     teravolt   loadeddice [dragondance, fusionbolt, iciclespear, scaleshot] ttype=electric
INFO     	       illumise    prankster heavydutyboots [bugbuzz, encore, roost, thunderwave] ttype=steel
INFO     	   arceusground    multitype   earthplate [earthquake, extremespeed, stoneedge, swordsdance] ttype=normal
INFO     	       swampert      torrent  assaultvest [earthquake, flipturn, icebeam, knockoff] ttype=poison
INFO     	urshifurapidstrike   unseenfist   choiceband [aquajet, closecombat, surgingstrikes, uturn] ttype=water
INFO     Sampling battle 17
INFO     	         lunala shadowshield    leftovers [calmmind, moongeistbeam, moonlight, psyshock] ttype=dark
INFO     Sampling 5 unrevealed pokemon
INFO     	      crawdaunt adaptability      lifeorb [aquajet, crabhammer, dragondance, knockoff] ttype=water
INFO     	  articunogalar  competitive heavydutyboots [calmmind, freezingglare, hurricane, recover] ttype=steel
INFO     	       mudsdale      stamina    leftovers [earthquake, heavyslam, roar, stoneedge] ttype=steel
INFO     	        golduck    cloudnine  choicespecs [flipturn, grassknot, hydropump, icebeam] ttype=water
INFO     	 decidueyehisui      scrappy    leftovers [defog, leafblade, roost, triplearrows] ttype=steel
INFO     Sampling battle 18
INFO     	         lunala shadowshield    leftovers [calmmind, focusblast, moongeistbeam, moonlight] ttype=fighting
INFO     Sampling 5 unrevealed pokemon
INFO     	           uxie     levitate    leftovers [encore, knockoff, psychicnoise, thunderwave] ttype=dark
INFO     	        noctowl   tintedlens heavydutyboots [defog, hurricane, hypervoice, roost] ttype=ground
INFO     	      decidueye     overgrow      lifeorb [leafblade, poltergeist, shadowsneak, swordsdance] ttype=ghost
INFO     	       vigoroth  vitalspirit     eviolite [bodyslam, bulkup, earthquake, slackoff] ttype=ground
INFO     	      vespiquen     pressure heavydutyboots [hurricane, roost, spikes, uturn] ttype=steel
INFO     Sampling battle 19
INFO     	         lunala shadowshield    leftovers [calmmind, moongeistbeam, moonlight, psyshock] ttype=dark
INFO     Sampling 5 unrevealed pokemon
INFO     	    walkingwake protosynthesis      lifeorb [dracometeor, flamethrower, hydrosteam, sunnyday] ttype=fire
INFO     	      abomasnow  snowwarning    lightclay [auroraveil, blizzard, iceshard, woodhammer] ttype=water
INFO     	         comfey       triage    leftovers [calmmind, drainingkiss, gigadrain, storedpower] ttype=poison
INFO     	      excadrill  moldbreaker  assaultvest [earthquake, ironhead, rapidspin, rockslide] ttype=grass
INFO     	        wochien tabletsofruin    leftovers [gigadrain, knockoff, ruination, stunspore] ttype=poison
INFO     Sampling battle 20
INFO     	         lunala shadowshield    leftovers [calmmind, focusblast, moongeistbeam, moonlight] ttype=fighting
INFO     Sampling 5 unrevealed pokemon
INFO     	       bronzong     levitate  chestoberry [bodypress, irondefense, ironhead, rest] ttype=fighting
INFO     	         dodrio    earlybird heavydutyboots [bravebird, doubleedge, knockoff, swordsdance] ttype=normal
INFO     	        cetitan   sheerforce      lifeorb [earthquake, iceshard, iciclecrash, liquidation] ttype=water
INFO     	        donphan       sturdy    leftovers [earthquake, icespinner, rapidspin, stealthrock] ttype=steel
INFO     	      clawitzer megalauncher  assaultvest [darkpulse, dragonpulse, uturn, waterpulse] ttype=dragon
INFO     Sampling battle 21
INFO     	         lunala shadowshield    leftovers [calmmind, moonblast, moongeistbeam, moonlight] ttype=fairy
INFO     Sampling 5 unrevealed pokemon
INFO     	        florges   flowerveil    leftovers [calmmind, moonblast, protect, wish] ttype=steel
INFO     	        spidops     stakeout heavydutyboots [circlethrow, spikes, stickyweb, uturn] ttype=ghost
INFO     	       cacturne  waterabsorb      lifeorb [knockoff, leafstorm, suckerpunch, toxicspikes] ttype=grass
INFO     	      meowsticf  competitive      lifeorb [alluringvoice, nastyplot, psyshock, thunderbolt] ttype=electric
INFO     	zamazentacrowned dauntlessshield rustedshield [bodypress, heavyslam, irondefense, stoneedge] ttype=fighting
INFO     Sampling battle 22
INFO     	         lunala shadowshield    leftovers [calmmind, moongeistbeam, moonlight, psyshock] ttype=dark
INFO     Sampling 5 unrevealed pokemon
INFO     	    arceussteel    multitype    ironplate [calmmind, earthpower, judgment, recover] ttype=ghost
INFO     	         goodra    sapsipper  assaultvest [dracometeor, powerwhip, scald, sludgebomb] ttype=poison
INFO     	      hydrapple  regenerator      lifeorb [earthpower, ficklebeam, gigadrain, nastyplot] ttype=steel
INFO     	         klefki    prankster    leftovers [dazzlinggleam, foulplay, spikes, thunderwave] ttype=flying
INFO     	      vespiquen     pressure heavydutyboots [hurricane, roost, toxicspikes, uturn] ttype=steel
INFO     Sampling battle 23
INFO     	         lunala shadowshield    leftovers [calmmind, moongeistbeam, moonlight, psyshock] ttype=dark
INFO     Sampling 5 unrevealed pokemon
INFO     	      salamence   intimidate heavydutyboots [dragondance, dualwingbeat, outrage, roost] ttype=steel
INFO     	        sylveon     pixilate    leftovers [calmmind, hypervoice, protect, wish] ttype=steel
INFO     	       dusknoir        frisk    leftovers [earthquake, painsplit, poltergeist, shadowsneak] ttype=fairy
INFO     	       ursaring    quickfeet     toxicorb [closecombat, crunch, facade, swordsdance] ttype=normal
INFO     	        dewgong     thickfat  assaultvest [flipturn, hydropump, icebeam, knockoff] ttype=ground
INFO     Sampling battle 24
INFO     	         lunala shadowshield    leftovers [calmmind, moongeistbeam, moonlight, psyshock] ttype=fairy
INFO     Sampling 5 unrevealed pokemon
INFO     	       oricorio       dancer heavydutyboots [hurricane, quiverdance, revelationdance, roost] ttype=ground
INFO     	        wyrdeer   intimidate  assaultvest [bodyslam, earthquake, megahorn, psychicnoise] ttype=ground
INFO     	        volbeat    prankster heavydutyboots [encore, roost, thunderwave, uturn] ttype=steel
INFO     	      azumarill    hugepower   choiceband [aquajet, knockoff, liquidation, playrough] ttype=water
INFO     	     galvantula compoundeyes heavydutyboots [bugbuzz, energyball, stickyweb, thunder] ttype=electric
INFO     Sampling battle 25
INFO     	         lunala shadowshield    leftovers [calmmind, moongeistbeam, moonlight, psyshock] ttype=fairy
INFO     Sampling 5 unrevealed pokemon
INFO     	       samurott      torrent  assaultvest [hydropump, knockoff, megahorn, sacredsword] ttype=water
INFO     	       illumise    prankster heavydutyboots [bugbuzz, encore, roost, thunderwave] ttype=steel
INFO     	            mew  synchronize      lifeorb [closecombat, leechlife, psychicfangs, swordsdance] ttype=fighting
INFO     	   greninjabond   battlebond      lifeorb [darkpulse, gunkshot, hydropump, icebeam] ttype=poison
INFO     	    oinkolognef     thickfat    leftovers [bodyslam, curse, highhorsepower, lashout] ttype=ground
INFO     Sampling battle 26
INFO     	         lunala shadowshield    leftovers [calmmind, moongeistbeam, moonlight, psyshock] ttype=fairy
INFO     Sampling 5 unrevealed pokemon
INFO     	zamazentacrowned dauntlessshield rustedshield [bodypress, heavyslam, irondefense, stoneedge] ttype=ghost
INFO     	        palafin   zerotohero    leftovers [bulkup, drainpunch, icepunch, jetpunch] ttype=steel
INFO     	        torkoal      drought heavydutyboots [fireblast, rapidspin, solarbeam, stealthrock] ttype=grass
INFO     	         dialga     pressure    leftovers [dracometeor, heavyslam, stealthrock, thunderwave] ttype=flying
INFO     	       politoed      drizzle  choicespecs [focusblast, hydropump, icebeam, weatherball] ttype=water
INFO     Sampling battle 27
INFO     	         lunala shadowshield    leftovers [calmmind, moongeistbeam, moonlight, psyshock] ttype=fairy
INFO     Sampling 5 unrevealed pokemon
INFO     	        mimikyu     disguise      lifeorb [playrough, shadowclaw, shadowsneak, swordsdance] ttype=fairy
INFO     	      ninetales      drought heavydutyboots [fireblast, nastyplot, scorchingsands, solarbeam] ttype=grass
INFO     	          hypno     insomnia    leftovers [encore, knockoff, psychicnoise, thunderwave] ttype=steel
INFO     	       meganium     overgrow    leftovers [energyball, knockoff, leechseed, synthesis] ttype=water
INFO     	      araquanid  waterbubble heavydutyboots [leechlife, liquidation, mirrorcoat, stickyweb] ttype=water
INFO     Sampling battle 28
INFO     	         lunala shadowshield    leftovers [calmmind, moongeistbeam, moonlight, psyshock] ttype=fairy
INFO     Sampling 5 unrevealed pokemon
INFO     	      indeedeef psychicsurge      lifeorb [calmmind, dazzlinggleam, hypervoice, psyshock] ttype=fairy
INFO     	     golemalola    galvanize      lifeorb [doubleedge, earthquake, rockpolish, stoneedge] ttype=flying
INFO     	     typhlosion    flashfire  choicescarf [eruption, fireblast, focusblast, scorchingsands] ttype=fire
INFO     	      ceruledge    weakarmor heavydutyboots [bitterblade, poltergeist, shadowsneak, swordsdance] ttype=fire
INFO     	    zapdosgalar      defiant   choiceband [bravebird, closecombat, knockoff, uturn] ttype=steel
INFO     Sampling battle 29
INFO     	         lunala shadowshield    leftovers [calmmind, moonblast, moongeistbeam, moonlight] ttype=fairy
INFO     Sampling 5 unrevealed pokemon
INFO     	       jumpluff  infiltrator              [acrobatics, encore, strengthsap, uturn] ttype=steel
INFO     	      ceruledge    weakarmor heavydutyboots [bitterblade, poltergeist, shadowsneak, swordsdance] ttype=fire
INFO     	        pikachu lightningrod    lightball [fakeout, surf, voltswitch, volttackle] ttype=water
INFO     	      kingambit supremeoverlord    leftovers [ironhead, kowtowcleave, suckerpunch, swordsdance] ttype=dark
INFO     	       meloetta  serenegrace      lifeorb [closecombat, knockoff, relicsong, tripleaxel] ttype=fighting
INFO     Sampling battle 30
INFO     	         lunala shadowshield    leftovers [calmmind, moonblast, moongeistbeam, moonlight] ttype=fairy
INFO     Sampling 5 unrevealed pokemon
INFO     	   basculegionf adaptability  choicespecs [flipturn, hydropump, icebeam, shadowball] ttype=water
INFO     	 lilliganthisui       hustle     widelens [closecombat, leafblade, sleeppowder, victorydance] ttype=steel
INFO     	   arceuspoison    multitype   toxicplate [earthquake, extremespeed, gunkshot, swordsdance] ttype=normal
INFO     	       skuntank    aftermath      lifeorb [fireblast, gunkshot, knockoff, taunt] ttype=poison
INFO     	enamorustherian     overcoat weaknesspolicy [agility, earthpower, moonblast, mysticalfire] ttype=ground
INFO     Sampling battle 31
INFO     	         lunala shadowshield    leftovers [calmmind, moongeistbeam, moonlight, psyshock] ttype=dark
INFO     Sampling 5 unrevealed pokemon
INFO     	        dipplin   stickyhold     eviolite [dragonpulse, dragontail, gigadrain, recover] ttype=steel
INFO     	        lanturn   voltabsorb    leftovers [icebeam, scald, thunderbolt, thunderwave] ttype=flying
INFO     	      gastrodon   stormdrain    leftovers [earthquake, recover, stealthrock, surf] ttype=poison
INFO     	     galvantula compoundeyes heavydutyboots [bugbuzz, stickyweb, thunder, voltswitch] ttype=electric
INFO     	        snorlax     thickfat  chestoberry [bodyslam, curse, earthquake, rest] ttype=ground
INFO     Searching for a move using MCTS...
INFO     Sampling 32 battles at 250ms each
WARNING  poke-engine lacks request-level Tera permissions; final selector must filter roots
INFO     Choice: switch ursalunabloodmoon
INFO     ursalunabloodmoon switched in, adding intimidate to impossible abilities
INFO     ursalunabloodmoon switched in, adding pressure to impossible abilities
INFO     ursalunabloodmoon switched in, adding neutralizinggas to impossible abilities
INFO     ursalunabloodmoon switched in, adding sandstream to impossible abilities
INFO     ursalunabloodmoon switched in, adding drought to impossible abilities
INFO     ursalunabloodmoon switched in, adding drizzle to impossible abilities
INFO     ursalunabloodmoon switched in, adding snowwarning to impossible abilities
INFO     ursalunabloodmoon switched in, adding boosterenergy to impossible items
INFO     ursalunabloodmoon switched in, adding airballoon to impossible items
INFO     lunala using calmmind makes it unlikely to have a choice item. Setting can_have_choice_item to False
INFO     lunala used a status-move. Adding `assaultvest` to impossible items
INFO     Setting lunala's last used move: calmmind
INFO     lunala's special-attack was boosted by 1 to 1
INFO     lunala's special-defense was boosted by 1 to 1
INFO     
INFO     Turn: 2
INFO     loaded 13 player and 0 effective opponent priors
INFO     Sampling battle 0
INFO     	         lunala shadowshield    leftovers [calmmind, focusblast, moongeistbeam, moonlight] ttype=fighting
INFO     Sampling 5 unrevealed pokemon
INFO     	       reshiram   turboblaze heavydutyboots [dragondance, flareblitz, outrage, stoneedge] ttype=fire
INFO     	         pyroar      unnerve heavydutyboots [fireblast, hypervoice, taunt, willowisp] ttype=fire
INFO     	 giratinaorigin     levitate griseouscore [defog, dracometeor, dragontail, poltergeist] ttype=ghost
INFO     	      glastrier chillingneigh heavydutyboots [closecombat, highhorsepower, iciclecrash, swordsdance] ttype=ground
INFO     	       sawsbuck    sapsipper      lifeorb [doubleedge, highhorsepower, hornleech, swordsdance] ttype=ground
INFO     Sampling battle 1
INFO     	         lunala shadowshield    leftovers [calmmind, focusblast, moongeistbeam, moonlight] ttype=fighting
INFO     Sampling 5 unrevealed pokemon
INFO     	    gougingfire protosynthesis heavydutyboots [dragondance, earthquake, heatcrash, outrage] ttype=ground
INFO     	   persianalola      furcoat      lifeorb [darkpulse, nastyplot, terablast, thunderbolt] ttype=poison
INFO     	       clodsire  waterabsorb    leftovers [earthquake, poisonjab, recover, toxic] ttype=flying
INFO     	         golurk      noguard      lifeorb [dynamicpunch, earthquake, poltergeist, stealthrock] ttype=fighting
INFO     	     electivire   motordrive      lifeorb [icepunch, knockoff, supercellslam, voltswitch] ttype=ice
INFO     Sampling battle 2
INFO     	         lunala shadowshield    leftovers [calmmind, focusblast, moongeistbeam, moonlight] ttype=fighting
INFO     Sampling 5 unrevealed pokemon
INFO     	       cyclizar  regenerator heavydutyboots [dracometeor, rapidspin, shedtail, taunt] ttype=dragon
INFO     	      munkidori   toxicchain  assaultvest [fakeout, psychicnoise, sludgewave, uturn] ttype=dark
INFO     	       illumise    prankster heavydutyboots [bugbuzz, encore, roost, thunderwave] ttype=steel
INFO     	      ironhands   quarkdrive  assaultvest [closecombat, heavyslam, voltswitch, wildcharge] ttype=fighting
INFO     	       sawsbuck  serenegrace      lifeorb [headbutt, highhorsepower, hornleech, swordsdance] ttype=normal
INFO     Sampling battle 3
INFO     	         lunala shadowshield    leftovers [calmmind, focusblast, moongeistbeam, moonlight] ttype=fighting
INFO     Sampling 5 unrevealed pokemon
INFO     	         espeon  magicbounce      lifeorb [alluringvoice, morningsun, psyshock, shadowball] ttype=psychic
INFO     	     perrserker   toughclaws   choiceband [closecombat, ironhead, knockoff, uturn] ttype=fighting
INFO     	         rhydon lightningrod     eviolite [earthquake, megahorn, stealthrock, stoneedge] ttype=dragon
INFO     	         gogoat    sapsipper    leftovers [bulkup, earthquake, hornleech, milkdrink] ttype=ground
INFO     	       jumpluff  infiltrator              [acrobatics, sleeppowder, strengthsap, uturn] ttype=steel
INFO     Sampling battle 4
INFO     	         lunala shadowshield    leftovers [calmmind, moongeistbeam, moonlight, psyshock] ttype=dark
INFO     Sampling 5 unrevealed pokemon
INFO     	           hooh  regenerator heavydutyboots [bravebird, earthquake, recover, sacredfire] ttype=ground
INFO     	       cyclizar  regenerator heavydutyboots [dracometeor, knockoff, shedtail, taunt] ttype=dragon
INFO     	     gothitelle    shadowtag  choicescarf [darkpulse, focusblast, psychic, trick] ttype=flying
INFO     	        diancie    clearbody    leftovers [calmmind, diamondstorm, drainingkiss, earthpower] ttype=fairy
INFO     	      hitmontop   technician    leftovers [bulkup, closecombat, rapidspin, tripleaxel] ttype=ice
INFO     Sampling battle 5
INFO     	         lunala shadowshield    leftovers [calmmind, moongeistbeam, moonlight, psyshock] ttype=dark
INFO     Sampling 5 unrevealed pokemon
INFO     	      mandibuzz     overcoat heavydutyboots [defog, foulplay, roost, toxic] ttype=steel
INFO     	       skarmory       sturdy    leftovers [bodypress, bravebird, irondefense, roost] ttype=fighting
INFO     	         kommoo   soundproof   loadeddice [closecombat, ironhead, scaleshot, swordsdance] ttype=steel
INFO     	 sandslashalola    slushrush  assaultvest [ironhead, knockoff, rapidspin, tripleaxel] ttype=flying
INFO     	       overqwil   intimidate   loadeddice [crunch, gunkshot, scaleshot, swordsdance] ttype=dragon
INFO     Sampling battle 6
INFO     	         lunala shadowshield    leftovers [calmmind, moongeistbeam, moonlight, psyshock] ttype=fairy
INFO     Sampling 5 unrevealed pokemon
INFO     	   deoxysattack     pressure      lifeorb [icebeam, knockoff, psychoboost, superpower] ttype=dark
INFO     	       koraidon orichalcumpulse   choiceband [closecombat, flareblitz, outrage, uturn] ttype=fire
INFO     	        darkrai    baddreams      lifeorb [darkpulse, focusblast, nastyplot, sludgebomb] ttype=poison
INFO     	ursalunabloodmoon     mindseye    leftovers [bloodmoon, calmmind, moonlight, vacuumwave] ttype=normal
INFO     	     annihilape      defiant    leftovers [bulkup, drainpunch, ragefist, taunt] ttype=steel
INFO     Sampling battle 7
INFO     	         lunala shadowshield    leftovers [calmmind, moonblast, moongeistbeam, moonlight] ttype=fairy
INFO     Sampling 5 unrevealed pokemon
INFO     	       salazzle    corrosion    leftovers [flamethrower, protect, substitute, toxic] ttype=grass
INFO     	         komala     comatose  assaultvest [bodyslam, earthquake, knockoff, rapidspin] ttype=ghost
INFO     	      indeedeef psychicsurge  choicescarf [healingwish, hypervoice, psychic, shadowball] ttype=psychic
INFO     	enamorustherian     overcoat  assaultvest [earthpower, moonblast, mysticalfire, superpower] ttype=fairy
INFO     	     copperajah   heavymetal   choiceband [earthquake, heatcrash, heavyslam, stoneedge] ttype=flying
INFO     Sampling battle 8
INFO     	         lunala shadowshield    leftovers [calmmind, moongeistbeam, moonlight, psyshock] ttype=fairy
INFO     Sampling 5 unrevealed pokemon
INFO     	       leavanny        swarm heavydutyboots [knockoff, leafblade, lunge, stickyweb] ttype=rock
INFO     	      reuniclus   magicguard      lifeorb [calmmind, focusblast, psyshock, recover] ttype=steel
INFO     	        snorlax     thickfat    leftovers [bodyslam, curse, rest, sleeptalk] ttype=fairy
INFO     	       koraidon orichalcumpulse   choiceband [closecombat, flareblitz, outrage, uturn] ttype=fire
INFO     	    kyuremblack     teravolt   loadeddice [dragondance, fusionbolt, iciclespear, scaleshot] ttype=electric
INFO     Sampling battle 9
INFO     	         lunala shadowshield    leftovers [calmmind, moongeistbeam, moonlight, psyshock] ttype=fairy
INFO     Sampling 5 unrevealed pokemon
INFO     	     skeledirge      unaware heavydutyboots [hex, slackoff, torchsong, willowisp] ttype=fairy
INFO     	      araquanid  waterbubble heavydutyboots [hydropump, leechlife, liquidation, stickyweb] ttype=water
INFO     	     ironleaves   quarkdrive   choiceband [closecombat, leafblade, megahorn, psyblade] ttype=fighting
INFO     	 decidueyehisui      scrappy    leftovers [leafblade, roost, suckerpunch, triplearrows] ttype=water
INFO     	       porygon2     download     eviolite [discharge, icebeam, recover, triattack] ttype=ghost
INFO     Sampling battle 10
INFO     	         lunala shadowshield    leftovers [calmmind, focusblast, moongeistbeam, moonlight] ttype=fighting
INFO     Sampling 5 unrevealed pokemon
INFO     	       koraidon orichalcumpulse   loadeddice [collisioncourse, flareblitz, scaleshot, swordsdance] ttype=fire
INFO     	        gallade    sharpness  choicescarf [leafblade, nightslash, psychocut, sacredsword] ttype=dark
INFO     	   arceusground    multitype   earthplate [calmmind, fireblast, judgment, recover] ttype=ground
INFO     	        morpeko hungerswitch    leftovers [aurawheel, knockoff, protect, rapidspin] ttype=electric
INFO     	        yanmega   tintedlens  choicespecs [airslash, bugbuzz, gigadrain, uturn] ttype=bug
INFO     Sampling battle 11
INFO     	         lunala shadowshield    leftovers [calmmind, moongeistbeam, moonlight, psyshock] ttype=dark
INFO     Sampling 5 unrevealed pokemon
INFO     	landorustherian   intimidate    leftovers [earthquake, stealthrock, stoneedge, uturn] ttype=ground
INFO     	       chienpao  swordofruin heavydutyboots [iceshard, iciclecrash, swordsdance, throatchop] ttype=ice
INFO     	         zekrom     teravolt    leftovers [boltstrike, dragondance, outrage, substitute] ttype=grass
INFO     	    roaringmoon protosynthesis     lumberry [dragondance, ironhead, knockoff, outrage] ttype=steel
INFO     	         luxray   intimidate  assaultvest [playrough, throatchop, voltswitch, wildcharge] ttype=electric
INFO     Sampling battle 12
INFO     	         lunala shadowshield    leftovers [calmmind, moongeistbeam, moonlight, psyshock] ttype=fairy
INFO     Sampling 5 unrevealed pokemon
INFO     	       meganium     overgrow    leftovers [earthquake, knockoff, petalblizzard, swordsdance] ttype=steel
INFO     	      hippowdon   sandstream    leftovers [curse, earthquake, slackoff, stoneedge] ttype=rock
INFO     	      sudowoodo     rockhead   choiceband [earthquake, headsmash, suckerpunch, woodhammer] ttype=rock
INFO     	  slowkinggalar  regenerator  assaultvest [fireblast, psychicnoise, sludgebomb, surf] ttype=water
INFO     	        dondozo      unaware    leftovers [curse, rest, sleeptalk, wavecrash] ttype=fairy
INFO     Sampling battle 13
INFO     	         lunala shadowshield    leftovers [calmmind, moongeistbeam, moonlight, psyshock] ttype=fairy
INFO     Sampling 5 unrevealed pokemon
INFO     	      reuniclus   magicguard      lifeorb [calmmind, focusblast, psyshock, recover] ttype=fighting
INFO     	    arceussteel    multitype    ironplate [calmmind, earthpower, judgment, recover] ttype=ghost
INFO     	       smeargle   technician     widelens [populationbomb, powertrip, shellsmash, spore] ttype=ghost
INFO     	    barraskewda    swiftswim   choiceband [closecombat, flipturn, poisonjab, waterfall] ttype=water
INFO     	      cinderace       libero heavydutyboots [courtchange, pyroball, uturn, willowisp] ttype=grass
INFO     Sampling battle 14
INFO     	         lunala shadowshield    leftovers [calmmind, moongeistbeam, moonlight, psyshock] ttype=fairy
INFO     Sampling 5 unrevealed pokemon
INFO     	      alomomola  regenerator heavydutyboots [flipturn, protect, scald, wish] ttype=steel
INFO     	    brutebonnet protosynthesis    leftovers [closecombat, crunch, spore, suckerpunch] ttype=fighting
INFO     	      trevenant  naturalcure      lifeorb [drainpunch, hornleech, poltergeist, rest] ttype=fighting
INFO     	       venomoth   tintedlens heavydutyboots [bugbuzz, quiverdance, sleeppowder, sludgewave] ttype=water
INFO     	       vigoroth  vitalspirit     eviolite [bodyslam, bulkup, knockoff, slackoff] ttype=ghost
INFO     Sampling battle 15
INFO     	         lunala shadowshield    leftovers [calmmind, moonblast, moongeistbeam, moonlight] ttype=fairy
INFO     Sampling 5 unrevealed pokemon
INFO     	typhlosionhisui        blaze    leftovers [calmmind, fireblast, shadowball, substitute] ttype=fire
INFO     	       garchomp    roughskin   loadeddice [earthquake, ironhead, scaleshot, swordsdance] ttype=ground
INFO     	taurospaldeablaze   intimidate   choiceband [closecombat, flareblitz, stoneedge, wildcharge] ttype=fighting
INFO     	     feraligatr   sheerforce      lifeorb [crunch, dragondance, icepunch, liquidation] ttype=dark
INFO     	         plusle lightningrod      lifeorb [encore, grassknot, nastyplot, thunderbolt] ttype=grass
INFO     Searching for a move using MCTS...
INFO     Sampling 16 battles at 500ms each
INFO     Choice: calmmind
INFO     Updated lunala's min speed to 128
INFO     lunala already has the move calmmind. Decrementing the PP by 1
INFO     lunala using calmmind makes it unlikely to have a choice item. Setting can_have_choice_item to False
INFO     lunala used a status-move. Adding `assaultvest` to impossible items
INFO     Setting lunala's last used move: calmmind
INFO     lunala's special-attack was boosted by 1 to 2
INFO     lunala's special-defense was boosted by 1 to 2
INFO     ursalunabloodmoon already has the move calmmind. Decrementing the PP by 1
INFO     ursalunabloodmoon using calmmind makes it unlikely to have a choice item. Setting can_have_choice_item to False
INFO     ursalunabloodmoon used a status-move. Adding `assaultvest` to impossible items
INFO     Setting ursalunabloodmoon's last used move: calmmind
INFO     ursalunabloodmoon's special-attack was boosted by 1 to 1
INFO     ursalunabloodmoon's special-defense was boosted by 1 to 1
INFO     
INFO     Turn: 3
INFO     loaded 13 player and 0 effective opponent priors
INFO     Sampling battle 0
INFO     	         lunala shadowshield    leftovers [calmmind, focusblast, moongeistbeam, moonlight] ttype=fighting
INFO     Sampling 5 unrevealed pokemon
INFO     	       ironmoth   quarkdrive heavydutyboots [energyball, fierydance, morningsun, sludgewave] ttype=fire
INFO     	       camerupt    solidrock    leftovers [earthquake, overheat, stealthrock, willowisp] ttype=water
INFO     	        persian       limber   choiceband [doubleedge, knockoff, switcheroo, uturn] ttype=normal
INFO     	       illumise    prankster heavydutyboots [bugbuzz, encore, roost, thunderwave] ttype=water
INFO     	enamorustherian     overcoat  choicespecs [earthpower, moonblast, mysticalfire, psychic] ttype=fairy
INFO     Sampling battle 1
INFO     	         lunala shadowshield    leftovers [calmmind, moongeistbeam, moonlight, psyshock] ttype=dark
INFO     Sampling 5 unrevealed pokemon
INFO     	        yanmega   speedboost heavydutyboots [airslash, bugbuzz, protect, terablast] ttype=ground
INFO     	      ironcrown   quarkdrive  choicespecs [focusblast, psyshock, tachyoncutter, voltswitch] ttype=steel
INFO     	      terrakion    justified   choiceband [closecombat, earthquake, quickattack, stoneedge] ttype=fighting
INFO     	      gastrodon   stormdrain    leftovers [earthquake, icebeam, recover, spikes] ttype=poison
INFO     	       sawsbuck  serenegrace      lifeorb [headbutt, highhorsepower, hornleech, swordsdance] ttype=normal
INFO     Sampling battle 2
INFO     	         lunala shadowshield    leftovers [calmmind, moongeistbeam, moonlight, psyshock] ttype=dark
INFO     Sampling 5 unrevealed pokemon
INFO     	     copperajah   sheerforce      lifeorb [earthquake, ironhead, playrough, superpower] ttype=fairy
INFO     	      garganacl purifyingsalt    leftovers [bodypress, protect, recover, saltcure] ttype=dragon
INFO     	       basculin adaptability   choiceband [aquajet, doubleedge, flipturn, wavecrash] ttype=water
INFO     	  oricoriosensu       dancer heavydutyboots [hurricane, quiverdance, revelationdance, roost] ttype=fighting
INFO     	      dragonite   multiscale heavydutyboots [dragondance, earthquake, outrage, terablast] ttype=flying
INFO     Sampling battle 3
INFO     	         lunala shadowshield    leftovers [calmmind, moongeistbeam, moonlight, psyshock] ttype=fairy
INFO     Sampling 5 unrevealed pokemon
INFO     	        kingdra    swiftswim      lifeorb [dracometeor, hurricane, raindance, wavecrash] ttype=water
INFO     	    roaringmoon protosynthesis     lumberry [dragondance, knockoff, outrage, roost] ttype=poison
INFO     	    arceusfairy    multitype   pixieplate [calmmind, earthpower, judgment, recover] ttype=steel
INFO     	      bellossom  chlorophyll    leftovers [gigadrain, quiverdance, strengthsap, terablast] ttype=fire
INFO     	    stonjourner    powerspot      lifeorb [earthquake, heatcrash, rockpolish, stoneedge] ttype=fire
INFO     Sampling battle 4
INFO     	         lunala shadowshield    leftovers [calmmind, focusblast, moongeistbeam, moonlight] ttype=fighting
INFO     Sampling 5 unrevealed pokemon
INFO     	         espeon  magicbounce  choicespecs [alluringvoice, psyshock, shadowball, trick] ttype=psychic
INFO     	       tornadus    prankster  choicespecs [bleakwindstorm, focusblast, grassknot, heatwave] ttype=flying
INFO     	      quaquaval        moxie      lifeorb [aquastep, closecombat, encore, swordsdance] ttype=fighting
INFO     	taurospaldeacombat   intimidate      lifeorb [bulkup, closecombat, ironhead, throatchop] ttype=dark
INFO     	          entei   innerfocus   choiceband [extremespeed, flareblitz, sacredfire, stoneedge] ttype=normal
INFO     Sampling battle 5
INFO     	         lunala shadowshield    leftovers [calmmind, moonblast, moongeistbeam, moonlight] ttype=fairy
INFO     Sampling 5 unrevealed pokemon
INFO     	   avalugghisui       sturdy heavydutyboots [avalanche, bodypress, recover, stoneedge] ttype=flying
INFO     	       ampharos       static  assaultvest [dazzlinggleam, dragontail, thunderbolt, voltswitch] ttype=fairy
INFO     	         rabsca  synchronize heavydutyboots [bugbuzz, psychic, recover, revivalblessing] ttype=steel
INFO     	     pincurchin electricsurge    leftovers [curse, liquidation, recover, zingzap] ttype=grass
INFO     	     bombirdier     bigpecks heavydutyboots [bravebird, knockoff, roost, uturn] ttype=steel
INFO     Sampling battle 6
INFO     	         lunala shadowshield    leftovers [calmmind, moonblast, moongeistbeam, moonlight] ttype=fairy
INFO     Sampling 5 unrevealed pokemon
INFO     	        glaceon      icebody heavydutyboots [freezedry, mudshot, protect, wish] ttype=ground
INFO     	      ninetales      drought heavydutyboots [fireblast, nastyplot, scorchingsands, solarbeam] ttype=grass
INFO     	        volbeat    prankster heavydutyboots [encore, lunge, roost, thunderwave] ttype=steel
INFO     	        urshifu   unseenfist   choiceband [closecombat, poisonjab, suckerpunch, wickedblow] ttype=poison
INFO     	       meloetta  serenegrace      lifeorb [closecombat, knockoff, relicsong, tripleaxel] ttype=fighting
INFO     Sampling battle 7
INFO     	         lunala shadowshield    leftovers [calmmind, moonblast, moongeistbeam, moonlight] ttype=fairy
INFO     Sampling 5 unrevealed pokemon
INFO     	     chesnaught  bulletproof    leftovers [bodypress, irondefense, synthesis, trailblaze] ttype=steel
INFO     	      gastrodon   stormdrain    leftovers [earthquake, recover, stealthrock, surf] ttype=poison
INFO     	       vigoroth  vitalspirit     eviolite [bodyslam, bulkup, earthquake, slackoff] ttype=ground
INFO     	        luvdisc    swiftswim heavydutyboots [endeavor, substitute, surf, whirlpool] ttype=ghost
INFO     	      ninetales      drought heavydutyboots [fireblast, nastyplot, scorchingsands, solarbeam] ttype=fire
INFO     Sampling battle 8
INFO     	         lunala shadowshield    leftovers [calmmind, moonblast, moongeistbeam, moonlight] ttype=fairy
INFO     Sampling 5 unrevealed pokemon
INFO     	     tentacruel   liquidooze    leftovers [rapidspin, sludgebomb, surf, toxic] ttype=flying
INFO     	        mimikyu     disguise      lifeorb [drainpunch, playrough, shadowsneak, swordsdance] ttype=fighting
INFO     	      amoonguss  regenerator    leftovers [gigadrain, sludgebomb, spore, stompingtantrum] ttype=water
INFO     	    dudunsparce      rattled    leftovers [boomburst, calmmind, roost, shadowball] ttype=ghost
INFO     	 exeggutoralola      harvest  sitrusberry [calmmind, dragonpulse, flamethrower, gigadrain] ttype=steel
INFO     Sampling battle 9
INFO     	         lunala shadowshield    leftovers [calmmind, focusblast, moongeistbeam, moonlight] ttype=fighting
INFO     Sampling 5 unrevealed pokemon
INFO     	      lilligant     owntempo      lifeorb [alluringvoice, petaldance, quiverdance, sleeppowder] ttype=fairy
INFO     	squawkabillyblue         guts     flameorb [bravebird, facade, protect, quickattack] ttype=normal
INFO     	       frosmoth    icescales heavydutyboots [gigadrain, hurricane, icebeam, quiverdance] ttype=water
INFO     	         furret        frisk   choiceband [doubleedge, knockoff, trick, uturn] ttype=normal
INFO     	taurospaldeablaze      cudchew  sitrusberry [bulkup, closecombat, ragingbull, substitute] ttype=water
INFO     Sampling battle 10
INFO     	         lunala shadowshield    leftovers [calmmind, focusblast, moongeistbeam, moonlight] ttype=fighting
INFO     Sampling 5 unrevealed pokemon
INFO     	       enamorus     contrary    leftovers [playrough, substitute, superpower, taunt] ttype=fighting
INFO     	       quagsire      unaware    leftovers [earthquake, icebeam, recover, toxic] ttype=poison
INFO     	  oricoriosensu       dancer heavydutyboots [hurricane, quiverdance, revelationdance, roost] ttype=fighting
INFO     	       meganium     overgrow    leftovers [encore, energyball, knockoff, synthesis] ttype=poison
INFO     	 keldeoresolute    justified      lifeorb [calmmind, hydropump, secretsword, vacuumwave] ttype=fighting
INFO     Sampling battle 11
INFO     	         lunala shadowshield    leftovers [calmmind, moongeistbeam, moonlight, psyshock] ttype=fairy
INFO     Sampling 5 unrevealed pokemon
INFO     	        noctowl   tintedlens heavydutyboots [hurricane, hypervoice, nastyplot, roost] ttype=ground
INFO     	    arceusgrass    multitype  meadowplate [calmmind, fireblast, judgment, recover] ttype=fire
INFO     	       sunflora  chlorophyll      lifeorb [earthpower, solarbeam, sunnyday, weatherball] ttype=fire
INFO     	        lanturn   voltabsorb heavydutyboots [scald, thunderbolt, thunderwave, voltswitch] ttype=flying
INFO     	       inteleon      torrent  choicespecs [hydropump, icebeam, scald, uturn] ttype=water
INFO     Sampling battle 12
INFO     	         lunala shadowshield    leftovers [calmmind, moongeistbeam, moonlight, psyshock] ttype=fairy
INFO     Sampling 5 unrevealed pokemon
INFO     	    ironboulder   quarkdrive boosterenergy [closecombat, mightycleave, swordsdance, zenheadbutt] ttype=fighting
INFO     	     krookodile   intimidate   choiceband [earthquake, gunkshot, knockoff, stoneedge] ttype=ground
INFO     	     arceusdark    multitype   dreadplate [calmmind, dazzlinggleam, judgment, recover] ttype=fairy
INFO     	      passimian      defiant    leftovers [bulkup, drainpunch, gunkshot, knockoff] ttype=dark
INFO     	     irontreads   quarkdrive    leftovers [earthquake, ironhead, rapidspin, stealthrock] ttype=ghost
INFO     Sampling battle 13
INFO     	         lunala shadowshield    leftovers [calmmind, moongeistbeam, moonlight, psyshock] ttype=dark
INFO     Sampling 5 unrevealed pokemon
INFO     	         latios     levitate  choicespecs [aurasphere, dracometeor, flipturn, lusterpurge] ttype=steel
INFO     	     toedscruel myceliummight  assaultvest [earthpower, gigadrain, knockoff, rapidspin] ttype=water
INFO     	     wigglytuff  competitive    leftovers [dazzlinggleam, fireblast, knockoff, thunderwave] ttype=poison
INFO     	       glimmora  toxicdebris    powerherb [earthpower, energyball, meteorbeam, sludgewave] ttype=grass
INFO     	    ironjugulis   quarkdrive  choicespecs [darkpulse, earthpower, fireblast, hurricane] ttype=ground
INFO     Sampling battle 14
INFO     	         lunala shadowshield    leftovers [calmmind, moonblast, moongeistbeam, moonlight] ttype=fairy
INFO     Sampling 5 unrevealed pokemon
INFO     	     toedscruel myceliummight  assaultvest [earthpower, knockoff, leafstorm, rapidspin] ttype=water
INFO     	        chansey  naturalcure     eviolite [healbell, seismictoss, softboiled, thunderwave] ttype=ghost
INFO     	      piloswine     thickfat     eviolite [earthquake, iceshard, iciclecrash, stealthrock] ttype=poison
INFO     	      primarina      torrent  choicespecs [flipturn, hydropump, moonblast, psychic] ttype=water
INFO     	       cyclizar  regenerator heavydutyboots [dracometeor, knockoff, rapidspin, shedtail] ttype=fairy
INFO     Sampling battle 15
INFO     	         lunala shadowshield    leftovers [calmmind, focusblast, moongeistbeam, moonlight] ttype=fighting
INFO     Sampling 5 unrevealed pokemon
INFO     	        scyther   technician heavydutyboots [bugbite, closecombat, dualwingbeat, swordsdance] ttype=fighting
INFO     	    kilowattrel   voltabsorb heavydutyboots [discharge, hurricane, roost, uturn] ttype=water
INFO     	       mukalola  poisontouch  assaultvest [drainpunch, gunkshot, icepunch, knockoff] ttype=fighting
INFO     	    arceussteel    multitype    ironplate [calmmind, earthpower, judgment, recover] ttype=ghost
INFO     	        ambipom   technician    silkscarf [doubleedge, fakeout, knockoff, uturn] ttype=normal
INFO     Searching for a move using MCTS...
INFO     Sampling 16 battles at 500ms each
INFO     Choice: calmmind
INFO     Updated lunala's min speed to 128
INFO     lunala already has the move calmmind. Decrementing the PP by 1
INFO     lunala using calmmind makes it unlikely to have a choice item. Setting can_have_choice_item to False
INFO     lunala used a status-move. Adding `assaultvest` to impossible items
INFO     Setting lunala's last used move: calmmind
INFO     lunala's special-attack was boosted by 1 to 3
INFO     lunala's special-defense was boosted by 1 to 3
INFO     ursalunabloodmoon already has the move calmmind. Decrementing the PP by 1
INFO     ursalunabloodmoon using calmmind makes it unlikely to have a choice item. Setting can_have_choice_item to False
INFO     ursalunabloodmoon used a status-move. Adding `assaultvest` to impossible items
INFO     Setting ursalunabloodmoon's last used move: calmmind
INFO     ursalunabloodmoon's special-attack was boosted by 1 to 2
INFO     ursalunabloodmoon's special-defense was boosted by 1 to 2
INFO     
INFO     Turn: 4
INFO     loaded 13 player and 0 effective opponent priors
INFO     Sampling battle 0
INFO     	         lunala shadowshield    leftovers [calmmind, focusblast, moongeistbeam, moonlight] ttype=fighting
INFO     Sampling 5 unrevealed pokemon
INFO     	         rhydon lightningrod     eviolite [earthquake, megahorn, stoneedge, swordsdance] ttype=fairy
INFO     	     houndstone       fluffy  assaultvest [bodypress, playrough, poltergeist, shadowsneak] ttype=fairy
INFO     	      pachirisu   voltabsorb  assaultvest [nuzzle, superfang, thunderbolt, uturn] ttype=flying
INFO     	       meloetta  serenegrace      lifeorb [closecombat, knockoff, relicsong, tripleaxel] ttype=dark
INFO     	       samurott      torrent  assaultvest [grassknot, hydropump, icebeam, sacredsword] ttype=water
INFO     Sampling battle 1
INFO     	         lunala shadowshield    leftovers [calmmind, moongeistbeam, moonlight, psyshock] ttype=fairy
INFO     Sampling 5 unrevealed pokemon
INFO     	        suicune     pressure    leftovers [calmmind, icebeam, scald, substitute] ttype=dragon
INFO     	     talonflame    flamebody heavydutyboots [bravebird, overheat, roost, uturn] ttype=dragon
INFO     	        drednaw   shellarmor    whiteherb [earthquake, liquidation, shellsmash, stoneedge] ttype=ground
INFO     	 sandslashalola    slushrush    leftovers [earthquake, rapidspin, swordsdance, tripleaxel] ttype=ground
INFO     	         swalot   liquidooze    leftovers [earthquake, gunkshot, knockoff, swordsdance] ttype=dark
INFO     Sampling battle 2
INFO     	         lunala shadowshield    leftovers [calmmind, moonblast, moongeistbeam, moonlight] ttype=fairy
INFO     Sampling 5 unrevealed pokemon
INFO     	       arboliva    seedsower    leftovers [earthpower, energyball, hypervoice, strengthsap] ttype=ground
INFO     	      munkidori   toxicchain      lifeorb [focusblast, nastyplot, psyshock, sludgewave] ttype=fighting
INFO     	    fezandipiti   toxicchain    leftovers [beatup, gunkshot, moonblast, roost] ttype=steel
INFO     	      spiritomb  infiltrator   choiceband [foulplay, poltergeist, shadowsneak, suckerpunch] ttype=poison
INFO     	     talonflame    flamebody heavydutyboots [bravebird, overheat, roost, uturn] ttype=ground
INFO     Sampling battle 3
INFO     	         lunala shadowshield    leftovers [calmmind, focusblast, moongeistbeam, moonlight] ttype=fighting
INFO     Sampling 5 unrevealed pokemon
INFO     	    dudunsparce      rattled    leftovers [boomburst, calmmind, earthpower, roost] ttype=poison
INFO     	       skuntank    aftermath  assaultvest [fireblast, gunkshot, knockoff, suckerpunch] ttype=poison
INFO     	         eiscue      iceface  sitrusberry [bellydrum, icespinner, liquidation, terablast] ttype=ground
INFO     	        glaceon      icebody heavydutyboots [calmmind, freezedry, protect, wish] ttype=water
INFO     	          minun   voltabsorb      lifeorb [encore, grassknot, nastyplot, thunderbolt] ttype=grass
INFO     Sampling battle 4
INFO     	         lunala shadowshield    leftovers [calmmind, focusblast, moongeistbeam, moonlight] ttype=fighting
INFO     Sampling 5 unrevealed pokemon
INFO     	       meganium     overgrow    leftovers [earthquake, knockoff, petalblizzard, swordsdance] ttype=water
INFO     	      armarouge    weakarmor    powerherb [armorcannon, energyball, meteorbeam, psyshock] ttype=fire
INFO     	        bisharp      defiant     eviolite [ironhead, suckerpunch, swordsdance, throatchop] ttype=ghost
INFO     	       inteleon      torrent  choicespecs [hydropump, icebeam, scald, uturn] ttype=water
INFO     	         glalie   innerfocus heavydutyboots [earthquake, freezedry, spikes, taunt] ttype=ghost
INFO     Sampling battle 5
INFO     	         lunala shadowshield    leftovers [calmmind, moonblast, moongeistbeam, moonlight] ttype=fairy
INFO     Sampling 5 unrevealed pokemon
INFO     	    corviknight  mirrorarmor    leftovers [bodypress, bravebird, defog, roost] ttype=dragon
INFO     	       hariyama         guts     flameorb [bulletpunch, closecombat, facade, knockoff] ttype=normal
INFO     	        wyrdeer   intimidate    leftovers [earthquake, megahorn, psychicnoise, thunderwave] ttype=ground
INFO     	          arbok   intimidate    leftovers [coil, earthquake, gunkshot, trailblaze] ttype=ground
INFO     	       articuno     pressure heavydutyboots [bravebird, freezedry, haze, roost] ttype=ground
INFO     Sampling battle 6
INFO     	         lunala shadowshield    leftovers [calmmind, moongeistbeam, moonlight, psyshock] ttype=dark
INFO     Sampling 5 unrevealed pokemon
INFO     	       virizion    justified      lifeorb [closecombat, leafblade, stoneedge, swordsdance] ttype=rock
INFO     	       clefable   magicguard      lifeorb [calmmind, fireblast, moonblast, moonlight] ttype=steel
INFO     	     houndstone       fluffy  assaultvest [bodypress, playrough, poltergeist, shadowsneak] ttype=fighting
INFO     	        zoroark     illusion      lifeorb [darkpulse, focusblast, nastyplot, sludgebomb] ttype=poison
INFO     	        palafin   zerotohero    leftovers [bulkup, drainpunch, jetpunch, wavecrash] ttype=steel
INFO     Sampling battle 7
INFO     	         lunala shadowshield    leftovers [calmmind, moongeistbeam, moonlight, psyshock] ttype=fairy
INFO     Sampling 5 unrevealed pokemon
INFO     	        darkrai    baddreams      lifeorb [darkpulse, focusblast, nastyplot, sludgebomb] ttype=poison
INFO     	   palkiaorigin     pressure lustrousglobe [dracometeor, fireblast, hydropump, thunderwave] ttype=dragon
INFO     	      spectrier    grimneigh    leftovers [nastyplot, shadowball, substitute, terablast] ttype=fighting
INFO     	          chiyu  beadsofruin  choicespecs [darkpulse, flamethrower, overheat, psychic] ttype=dark
INFO     	 lilliganthisui       hustle     widelens [closecombat, icespinner, leafblade, victorydance] ttype=fighting
INFO     Sampling battle 8
INFO     	         lunala shadowshield    leftovers [calmmind, moongeistbeam, moonlight, psyshock] ttype=dark
INFO     Sampling 5 unrevealed pokemon
INFO     	     forretress       sturdy    leftovers [ironhead, rapidspin, spikes, stealthrock] ttype=water
INFO     	      decidueye     overgrow  assaultvest [knockoff, leafstorm, spiritshackle, uturn] ttype=dark
INFO     	       braviary      defiant heavydutyboots [bravebird, bulkup, closecombat, roost] ttype=steel
INFO     	    deoxysspeed     pressure    leftovers [psychoboost, stealthrock, superpower, taunt] ttype=ghost
INFO     	      salamence   intimidate heavydutyboots [dragondance, dualwingbeat, earthquake, outrage] ttype=dragon
INFO     Sampling battle 9
INFO     	         lunala shadowshield    leftovers [calmmind, moongeistbeam, moonlight, psyshock] ttype=fairy
INFO     Sampling 5 unrevealed pokemon
INFO     	        dedenne   cheekpouch  sitrusberry [dazzlinggleam, nuzzle, superfang, thunderbolt] ttype=flying
INFO     	          ditto     imposter  choicescarf [transform] ttype=ghost
INFO     	    ironjugulis   quarkdrive  choicespecs [darkpulse, earthpower, hurricane, hydropump] ttype=flying
INFO     	        delphox        blaze  choicescarf [fireblast, focusblast, grassknot, psyshock] ttype=fighting
INFO     	       lurantis     contrary    leftovers [knockoff, leafstorm, superpower, synthesis] ttype=fighting
INFO     Sampling battle 10
INFO     	         lunala shadowshield    leftovers [calmmind, focusblast, moongeistbeam, moonlight] ttype=fighting
INFO     Sampling 5 unrevealed pokemon
INFO     	        mimikyu     disguise      lifeorb [drainpunch, playrough, shadowsneak, swordsdance] ttype=fairy
INFO     	      ironcrown   quarkdrive  choicespecs [focusblast, psyshock, tachyoncutter, voltswitch] ttype=steel
INFO     	      rotomheat     levitate heavydutyboots [discharge, overheat, voltswitch, willowisp] ttype=steel
INFO     	      cramorant  gulpmissile heavydutyboots [bravebird, defog, roost, surf] ttype=ground
INFO     	landorustherian   intimidate    leftovers [earthquake, stoneedge, taunt, uturn] ttype=ground
INFO     Sampling battle 11
INFO     	         lunala shadowshield    leftovers [calmmind, moonblast, moongeistbeam, moonlight] ttype=fairy
INFO     Sampling 5 unrevealed pokemon
INFO     	     incineroar   intimidate heavydutyboots [flareblitz, knockoff, swordsdance, trailblaze] ttype=grass
INFO     	       garchomp    roughskin   loadeddice [earthquake, firefang, scaleshot, swordsdance] ttype=fire
INFO     	     conkeldurr         guts     flameorb [closecombat, facade, knockoff, machpunch] ttype=normal
INFO     	      spectrier    grimneigh    leftovers [nastyplot, shadowball, substitute, terablast] ttype=fighting
INFO     	 electrodehisui    aftermath      lifeorb [leafstorm, taunt, thunderbolt, voltswitch] ttype=grass
INFO     Sampling battle 12
INFO     	         lunala shadowshield    leftovers [calmmind, moongeistbeam, moonlight, psyshock] ttype=fairy
INFO     Sampling 5 unrevealed pokemon
INFO     	      rotomheat     levitate heavydutyboots [overheat, thunderbolt, voltswitch, willowisp] ttype=electric
INFO     	        calyrex      unnerve    leftovers [bodypress, gigadrain, leechseed, psyshock] ttype=steel
INFO     	       appletun     thickfat    leftovers [appleacid, dracometeor, dragontail, recover] ttype=steel
INFO     	        spidops     stakeout heavydutyboots [knockoff, spikes, stickyweb, toxicspikes] ttype=ghost
INFO     	        avalugg       sturdy heavydutyboots [avalanche, bodypress, curse, recover] ttype=fighting
INFO     Sampling battle 13
INFO     	         lunala shadowshield    leftovers [calmmind, moongeistbeam, moonlight, psyshock] ttype=dark
INFO     Sampling 5 unrevealed pokemon
INFO     	     arceusrock    multitype   stoneplate [calmmind, earthpower, judgment, recover] ttype=dragon
INFO     	thundurustherian   voltabsorb  choicescarf [focusblast, psychic, sludgewave, thunderbolt] ttype=poison
INFO     	       tornadus    prankster heavydutyboots [bleakwindstorm, focusblast, heatwave, nastyplot] ttype=flying
INFO     	      zebstrika    sapsipper      lifeorb [highhorsepower, overheat, supercellslam, voltswitch] ttype=ground
INFO     	  zaciancrowned intrepidsword  rustedsword [behemothblade, closecombat, playrough, swordsdance] ttype=fighting
INFO     Sampling battle 14
INFO     	         lunala shadowshield    leftovers [calmmind, moongeistbeam, moonlight, psyshock] ttype=dark
INFO     Sampling 5 unrevealed pokemon
INFO     	       blaziken   speedboost      lifeorb [closecombat, flareblitz, knockoff, swordsdance] ttype=fighting
INFO     	        zoroark     illusion      lifeorb [darkpulse, nastyplot, psychic, sludgebomb] ttype=poison
INFO     	      regieleki   transistor       magnet [explosion, rapidspin, thunderbolt, voltswitch] ttype=electric
INFO     	      tyranitar   sandstream weaknesspolicy [dragondance, icepunch, knockoff, stoneedge] ttype=rock
INFO     	       cloyster    skilllink    whiteherb [hydropump, iciclespear, rockblast, shellsmash] ttype=ice
INFO     Sampling battle 15
INFO     	         lunala shadowshield    leftovers [calmmind, focusblast, moongeistbeam, moonlight] ttype=fighting
INFO     Sampling 5 unrevealed pokemon
INFO     	     conkeldurr         guts     flameorb [closecombat, facade, knockoff, machpunch] ttype=normal
INFO     	         swalot   liquidooze    leftovers [icebeam, knockoff, sludgebomb, toxicspikes] ttype=dark
INFO     	   avalugghisui       sturdy heavydutyboots [avalanche, bodypress, recover, stoneedge] ttype=ghost
INFO     	       overqwil   intimidate   loadeddice [crunch, gunkshot, scaleshot, swordsdance] ttype=dragon
INFO     	  samurotthisui    sharpness      lifeorb [ceaselessedge, razorshell, suckerpunch, swordsdance] ttype=water
INFO     Searching for a move using MCTS...
INFO     Sampling 16 battles at 500ms each
INFO     Choice: moonlight
INFO     Updated lunala's min speed to 128
INFO     lunala used two different moves - it cannot have a choice item
INFO     lunala used a psychic move, removing psychicgem from possible items
INFO     Setting lunala's last used move: psyshock
INFO     lunala used a damaging move - not guessing lifeorb anymore
INFO     lunala did 54.55% damage to ursalunabloodmoon with psyshock
INFO     ursalunabloodmoon already has the move moonlight. Decrementing the PP by 1
INFO     ursalunabloodmoon used a status-move. Adding `assaultvest` to impossible items
INFO     Setting ursalunabloodmoon's last used move: moonlight
INFO     Setting ursalunabloodmoon's item to: leftovers
INFO     
INFO     Turn: 5
INFO     loaded 13 player and 0 effective opponent priors
INFO     Sampling battle 0
INFO     	         lunala shadowshield    leftovers [calmmind, moongeistbeam, moonlight, psyshock] ttype=fairy
INFO     Sampling 5 unrevealed pokemon
INFO     	     talonflame    flamebody heavydutyboots [bravebird, overheat, roost, uturn] ttype=ground
INFO     	        zoroark     illusion      lifeorb [darkpulse, encore, nastyplot, sludgebomb] ttype=poison
INFO     	       chimecho     levitate    leftovers [knockoff, psychicnoise, recover, thunderwave] ttype=dark
INFO     	       sunflora  chlorophyll      lifeorb [earthpower, solarbeam, sunnyday, weatherball] ttype=fire
INFO     	       salazzle    corrosion heavydutyboots [fireblast, nastyplot, sludgewave, terablast] ttype=grass
INFO     Sampling battle 1
INFO     	         lunala shadowshield    leftovers [calmmind, moongeistbeam, moonlight, psyshock] ttype=fairy
INFO     Sampling 5 unrevealed pokemon
INFO     	       delibird  vitalspirit heavydutyboots [bravebird, freezedry, rapidspin, spikes] ttype=ghost
INFO     	     annihilape      defiant    leftovers [bulkup, drainpunch, gunkshot, ragefist] ttype=ghost
INFO     	        milotic  competitive    leftovers [dragontail, icebeam, recover, scald] ttype=steel
INFO     	        grumpig     thickfat  choicescarf [earthpower, psychic, shadowball, trick] ttype=ghost
INFO     	      passimian      defiant  choicescarf [closecombat, earthquake, gunkshot, knockoff] ttype=fighting
INFO     Sampling battle 2
INFO     	         lunala shadowshield    leftovers [calmmind, moongeistbeam, moonlight, psyshock] ttype=fairy
INFO     Sampling 5 unrevealed pokemon
INFO     	     chandelure    flamebody heavydutyboots [calmmind, fireblast, shadowball, willowisp] ttype=ghost
INFO     	      terapagos    terashift  chestoberry [calmmind, earthpower, rest, terastarstorm] ttype=stellar
INFO     	       tinkaton  moldbreaker    leftovers [gigatonhammer, playrough, protect, swordsdance] ttype=steel
INFO     	        weezing     levitate    leftovers [fireblast, gunkshot, painsplit, willowisp] ttype=steel
INFO     	        leafeon  chlorophyll      lifeorb [knockoff, leafblade, swordsdance, synthesis] ttype=dark
INFO     Sampling battle 3
INFO     	         lunala shadowshield    leftovers [calmmind, moongeistbeam, moonlight, psyshock] ttype=fairy
INFO     Sampling 5 unrevealed pokemon
INFO     	          rotom     levitate      lifeorb [nastyplot, shadowball, thunderbolt, willowisp] ttype=ghost
INFO     	      eternatus     pressure    leftovers [dynamaxcannon, flamethrower, recover, toxicspikes] ttype=dragon
INFO     	    fezandipiti   toxicchain    leftovers [beatup, gunkshot, moonblast, roost] ttype=dark
INFO     	       indeedee psychicsurge      lifeorb [calmmind, expandingforce, hypervoice, shadowball] ttype=psychic
INFO     	        tropius      harvest  sitrusberry [dragondance, dualwingbeat, earthquake, synthesis] ttype=ground
INFO     Sampling battle 4
INFO     	         lunala shadowshield    leftovers [calmmind, moongeistbeam, moonlight, psyshock] ttype=dark
INFO     Sampling 5 unrevealed pokemon
INFO     	        noctowl   tintedlens heavydutyboots [hurricane, hypervoice, nastyplot, roost] ttype=normal
INFO     	       bronzong     levitate    leftovers [earthquake, ironhead, psychic, stealthrock] ttype=electric
INFO     	       basculin adaptability   choiceband [aquajet, doubleedge, flipturn, wavecrash] ttype=water
INFO     	        groudon      drought    leftovers [heatcrash, precipiceblades, spikes, stealthrock] ttype=fire
INFO     	         dialga     pressure  assaultvest [dracometeor, dragontail, fireblast, heavyslam] ttype=steel
INFO     Sampling battle 5
INFO     	         lunala shadowshield    leftovers [calmmind, moongeistbeam, moonlight, psyshock] ttype=dark
INFO     Sampling 5 unrevealed pokemon
INFO     	       samurott      torrent  assaultvest [grassknot, hydropump, knockoff, megahorn] ttype=dark
INFO     	       necrozma   prismarmor weaknesspolicy [dragondance, earthquake, knockoff, photongeyser] ttype=ground
INFO     	       chienpao  swordofruin heavydutyboots [iceshard, iciclecrash, swordsdance, throatchop] ttype=ice
INFO     	        cetitan     thickfat  sitrusberry [bellydrum, earthquake, iceshard, icespinner] ttype=ice
INFO     	        golduck    cloudnine      lifeorb [grassknot, hydropump, icebeam, nastyplot] ttype=water
INFO     Sampling battle 6
INFO     	         lunala shadowshield    leftovers [calmmind, moongeistbeam, moonlight, psyshock] ttype=fairy
INFO     Sampling 5 unrevealed pokemon
INFO     	        cetitan   sheerforce      lifeorb [iceshard, iciclecrash, liquidation, superpower] ttype=water
INFO     	squawkabillyblue         guts     flameorb [bravebird, facade, protect, quickattack] ttype=normal
INFO     	       grafaiai  poisontouch      lifeorb [gunkshot, knockoff, lowkick, swordsdance] ttype=dark
INFO     	        calyrex      unnerve    leftovers [calmmind, encore, gigadrain, psychic] ttype=steel
INFO     	         comfey       triage    leftovers [calmmind, drainingkiss, synthesis, terablast] ttype=ground
INFO     Sampling battle 7
INFO     	         lunala shadowshield    leftovers [calmmind, moongeistbeam, moonlight, psyshock] ttype=fairy
INFO     Sampling 5 unrevealed pokemon
INFO     	        noivern  infiltrator heavydutyboots [defog, dracometeor, flamethrower, hurricane] ttype=fire
INFO     	       venusaur     overgrow    leftovers [energyball, knockoff, sludgebomb, synthesis] ttype=steel
INFO     	     baxcalibur thermalexchange   choiceband [earthquake, glaiverush, iceshard, iciclecrash] ttype=ground
INFO     	       cobalion    justified      lifeorb [closecombat, ironhead, stoneedge, swordsdance] ttype=fighting
INFO     	ogerponwellspring  waterabsorb wellspringmask [ivycudgel, knockoff, powerwhip, swordsdance] ttype=water
INFO     Sampling battle 8
INFO     	         lunala shadowshield    leftovers [calmmind, moongeistbeam, moonlight, psyshock] ttype=fairy
INFO     Sampling 5 unrevealed pokemon
INFO     	      abomasnow  snowwarning    lightclay [auroraveil, blizzard, earthquake, iceshard] ttype=ghost
INFO     	      reuniclus   magicguard      lifeorb [calmmind, focusblast, psyshock, recover] ttype=steel
INFO     	        golduck    cloudnine      lifeorb [grassknot, hydropump, icebeam, nastyplot] ttype=water
INFO     	      gastrodon   stormdrain    leftovers [earthquake, icebeam, recover, surf] ttype=steel
INFO     	        jolteon   voltabsorb    leftovers [calmmind, substitute, terablast, thunderbolt] ttype=ice
INFO     Sampling battle 9
INFO     	         lunala shadowshield    leftovers [calmmind, moongeistbeam, moonlight, psyshock] ttype=fairy
INFO     Sampling 5 unrevealed pokemon
INFO     	      hitmontop   technician    leftovers [bulkup, closecombat, rapidspin, tripleaxel] ttype=ice
INFO     	      revavroom       filter      lifeorb [gunkshot, highhorsepower, ironhead, shiftgear] ttype=ground
INFO     	     eelektross     levitate  assaultvest [closecombat, discharge, flamethrower, uturn] ttype=poison
INFO     	        flareon         guts     toxicorb [facade, flareblitz, quickattack, trailblaze] ttype=normal
INFO     	      girafarig    sapsipper     eviolite [dazzlinggleam, nastyplot, psychic, thunderbolt] ttype=fairy
INFO     Sampling battle 10
INFO     	         lunala shadowshield    leftovers [calmmind, moongeistbeam, moonlight, psyshock] ttype=fairy
INFO     Sampling 5 unrevealed pokemon
INFO     	       ludicolo    swiftswim  choicespecs [gigadrain, hydropump, icebeam, leafstorm] ttype=water
INFO     	       dragalge adaptability  assaultvest [dracometeor, dragontail, focusblast, sludgewave] ttype=fighting
INFO     	         rabsca  synchronize heavydutyboots [bugbuzz, psychic, revivalblessing, trickroom] ttype=steel
INFO     	        scyther   technician heavydutyboots [closecombat, defog, dualwingbeat, uturn] ttype=fighting
INFO     	      salamence        moxie heavydutyboots [dragondance, dualwingbeat, earthquake, outrage] ttype=steel
INFO     Sampling battle 11
INFO     	         lunala shadowshield    leftovers [calmmind, moongeistbeam, moonlight, psyshock] ttype=fairy
INFO     Sampling 5 unrevealed pokemon
INFO     	       mukalola  poisontouch  assaultvest [drainpunch, icepunch, knockoff, poisonjab] ttype=fighting
INFO     	       drifblim     unburden  sitrusberry [airslash, calmmind, shadowball, strengthsap] ttype=steel
INFO     	       ursaluna         guts     flameorb [crunch, facade, headlongrush, swordsdance] ttype=normal
INFO     	      hitmonlee     reckless  choicescarf [highjumpkick, knockoff, poisonjab, stoneedge] ttype=fighting
INFO     	        moltres    flamebody heavydutyboots [bravebird, fireblast, roost, uturn] ttype=dragon
INFO     Sampling battle 12
INFO     	         lunala shadowshield    leftovers [calmmind, moongeistbeam, moonlight, psyshock] ttype=dark
INFO     Sampling 5 unrevealed pokemon
INFO     	          lugia   multiscale heavydutyboots [aeroblast, calmmind, earthpower, recover] ttype=steel
INFO     	      regidrago   dragonsmaw  choicescarf [dracometeor, dragonenergy, earthquake, outrage] ttype=dragon
INFO     	        ambipom   technician    silkscarf [doubleedge, fakeout, knockoff, lowkick] ttype=normal
INFO     	      pecharunt poisonpuppeteer    leftovers [malignantchain, nastyplot, recover, shadowball] ttype=dark
INFO     	     toxtricity     punkrock  throatspray [boomburst, gunkshot, overdrive, shiftgear] ttype=normal
INFO     Sampling battle 13
INFO     	         lunala shadowshield    leftovers [calmmind, moongeistbeam, moonlight, psyshock] ttype=fairy
INFO     Sampling 5 unrevealed pokemon
INFO     	      cinderace       libero heavydutyboots [courtchange, pyroball, uturn, willowisp] ttype=grass
INFO     	        drednaw   shellarmor    whiteherb [earthquake, liquidation, shellsmash, stoneedge] ttype=water
INFO     	squawkabillyblue         guts     flameorb [bravebird, facade, protect, quickattack] ttype=normal
INFO     	     masquerain   intimidate heavydutyboots [hurricane, hydropump, stickyweb, uturn] ttype=ground
INFO     	         klefki    prankster    leftovers [dazzlinggleam, foulplay, spikes, thunderwave] ttype=water
INFO     Sampling battle 14
INFO     	         lunala shadowshield    leftovers [calmmind, moongeistbeam, moonlight, psyshock] ttype=dark
INFO     Sampling 5 unrevealed pokemon
INFO     	       smeargle   technician     widelens [populationbomb, powertrip, shellsmash, spore] ttype=normal
INFO     	         raikou     pressure    leftovers [calmmind, scald, substitute, thunderbolt] ttype=water
INFO     	         komala     comatose  assaultvest [bodyslam, earthquake, knockoff, rapidspin] ttype=ghost
INFO     	       skuntank    aftermath      lifeorb [gunkshot, knockoff, suckerpunch, taunt] ttype=dark
INFO     	        bisharp      defiant     eviolite [ironhead, suckerpunch, swordsdance, throatchop] ttype=flying
INFO     Sampling battle 15
INFO     	         lunala shadowshield    leftovers [calmmind, moongeistbeam, moonlight, psyshock] ttype=dark
INFO     Sampling 5 unrevealed pokemon
INFO     	      dunsparce  serenegrace     eviolite [bodyslam, coil, earthquake, roost] ttype=ghost
INFO     	      serperior     contrary    leftovers [leafstorm, leechseed, substitute, terablast] ttype=fire
INFO     	         arceus    multitype      lifeorb [earthquake, extremespeed, shadowclaw, swordsdance] ttype=ghost
INFO     	       bronzong     levitate    leftovers [earthquake, hypnosis, ironhead, psychic] ttype=water
INFO     	     pincurchin electricsurge    leftovers [curse, liquidation, recover, zingzap] ttype=water
INFO     Searching for a move using MCTS...
INFO     Sampling 16 battles at 500ms each
INFO     Choice: moonlight
INFO     Updated lunala's min speed to 128
INFO     lunala already has the move psyshock. Decrementing the PP by 1
INFO     lunala used a psychic move, removing psychicgem from possible items
INFO     Setting lunala's last used move: psyshock
INFO     lunala used a damaging move - not guessing lifeorb anymore
INFO     lunala did 55.52% damage to ursalunabloodmoon with psyshock
INFO     ursalunabloodmoon already has the move moonlight. Decrementing the PP by 1
INFO     ursalunabloodmoon used a status-move. Adding `assaultvest` to impossible items
INFO     Setting ursalunabloodmoon's last used move: moonlight
INFO     Setting ursalunabloodmoon's item to: leftovers
INFO     
INFO     Turn: 6
INFO     loaded 13 player and 0 effective opponent priors
INFO     Sampling battle 0
INFO     	         lunala shadowshield    leftovers [calmmind, moongeistbeam, moonlight, psyshock] ttype=dark
INFO     Sampling 5 unrevealed pokemon
INFO     	  oricoriosensu       dancer heavydutyboots [hurricane, quiverdance, revelationdance, roost] ttype=fighting
INFO     	   moltresgalar      berserk  chestoberry [fierywrath, hurricane, nastyplot, rest] ttype=dark
INFO     	    deoxysspeed     pressure      lifeorb [darkpulse, focusblast, nastyplot, psychoboost] ttype=fighting
INFO     	        flareon         guts     toxicorb [facade, flareblitz, trailblaze, willowisp] ttype=normal
INFO     	          golem       sturdy weaknesspolicy [earthquake, explosion, rockpolish, stoneedge] ttype=steel
INFO     Sampling battle 1
INFO     	         lunala shadowshield    leftovers [calmmind, moongeistbeam, moonlight, psyshock] ttype=dark
INFO     Sampling 5 unrevealed pokemon
INFO     	    slitherwing protosynthesis boosterenergy [acrobatics, bulkup, closecombat, leechlife] ttype=flying
INFO     	       garchomp    roughskin   loadeddice [earthquake, firefang, scaleshot, swordsdance] ttype=fire
INFO     	     copperajah   heavymetal   choiceband [heatcrash, heavyslam, knockoff, stoneedge] ttype=fire
INFO     	     typhlosion        blaze  choicespecs [eruption, fireblast, focusblast, scorchingsands] ttype=fire
INFO     	      regieleki   transistor       magnet [explosion, rapidspin, thunderbolt, voltswitch] ttype=electric
INFO     Sampling battle 2
INFO     	         lunala shadowshield    leftovers [calmmind, moongeistbeam, moonlight, psyshock] ttype=fairy
INFO     Sampling 5 unrevealed pokemon
INFO     	      hitmontop   technician    leftovers [bulkup, closecombat, rapidspin, tripleaxel] ttype=ice
INFO     	      toxicroak      dryskin      lifeorb [closecombat, gunkshot, knockoff, swordsdance] ttype=dark
INFO     	         tinglu vesselofruin  assaultvest [earthquake, heavyslam, payback, ruination] ttype=poison
INFO     	   squawkabilly         guts     flameorb [bravebird, facade, protect, quickattack] ttype=normal
INFO     	     eelektross     levitate  assaultvest [discharge, gigadrain, knockoff, uturn] ttype=poison
INFO     Sampling battle 3
INFO     	         lunala shadowshield    leftovers [calmmind, moongeistbeam, moonlight, psyshock] ttype=dark
INFO     Sampling 5 unrevealed pokemon
INFO     	       miraidon hadronengine  choicespecs [dracometeor, electrodrift, overheat, voltswitch] ttype=electric
INFO     	        avalugg       sturdy heavydutyboots [avalanche, bodypress, rapidspin, recover] ttype=fighting
INFO     	       qwilfish   intimidate    leftovers [destinybond, gunkshot, toxicspikes, waterfall] ttype=grass
INFO     	        leafeon  chlorophyll      lifeorb [knockoff, leafblade, swordsdance, synthesis] ttype=dark
INFO     	      clawitzer megalauncher  choicespecs [aurasphere, dragonpulse, uturn, waterpulse] ttype=fighting
INFO     Sampling battle 4
INFO     	         lunala shadowshield    leftovers [calmmind, moongeistbeam, moonlight, psyshock] ttype=dark
INFO     Sampling 5 unrevealed pokemon
INFO     	        bisharp      defiant     eviolite [ironhead, suckerpunch, swordsdance, throatchop] ttype=flying
INFO     	        wugtrio        gooey   choiceband [aquajet, liquidation, stompingtantrum, throatchop] ttype=dark
INFO     	     typhlosion    flashfire  choicescarf [eruption, fireblast, focusblast, scorchingsands] ttype=fire
INFO     	      sudowoodo     rockhead   choiceband [earthquake, headsmash, suckerpunch, woodhammer] ttype=grass
INFO     	       hawlucha     unburden    whiteherb [acrobatics, bravebird, closecombat, swordsdance] ttype=flying
INFO     Sampling battle 5
INFO     	         lunala shadowshield    leftovers [calmmind, moongeistbeam, moonlight, psyshock] ttype=fairy
INFO     Sampling 5 unrevealed pokemon
INFO     	 keldeoresolute    justified      lifeorb [calmmind, hydropump, secretsword, vacuumwave] ttype=water
INFO     	       mukalola  poisontouch  assaultvest [drainpunch, gunkshot, knockoff, shadowsneak] ttype=fighting
INFO     	        moltres    flamebody heavydutyboots [bravebird, fireblast, roost, willowisp] ttype=steel
INFO     	          rotom     levitate  choicescarf [shadowball, thunderbolt, trick, voltswitch] ttype=electric
INFO     	         mewtwo     pressure      lifeorb [fireblast, nastyplot, psystrike, recover] ttype=psychic
INFO     Sampling battle 6
INFO     	         lunala shadowshield    leftovers [calmmind, moongeistbeam, moonlight, psyshock] ttype=fairy
INFO     Sampling 5 unrevealed pokemon
INFO     	      hippowdon   sandstream  rockyhelmet [earthquake, slackoff, stealthrock, stoneedge] ttype=dragon
INFO     	        dipplin   stickyhold     eviolite [dragonpulse, gigadrain, recover, suckerpunch] ttype=steel
INFO     	        shiftry    windrider      lifeorb [knockoff, leafblade, suckerpunch, swordsdance] ttype=dark
INFO     	        grumpig     thickfat    leftovers [dazzlinggleam, earthpower, nastyplot, psyshock] ttype=fairy
INFO     	     baxcalibur thermalexchange   loadeddice [earthquake, iciclespear, scaleshot, swordsdance] ttype=dragon
INFO     Sampling battle 7
INFO     	         lunala shadowshield    leftovers [calmmind, moongeistbeam, moonlight, psyshock] ttype=fairy
INFO     Sampling 5 unrevealed pokemon
INFO     	        scyther   technician heavydutyboots [bugbite, closecombat, dualwingbeat, swordsdance] ttype=fighting
INFO     	      thundurus    prankster heavydutyboots [grassknot, sludgewave, thunderbolt, thunderwave] ttype=grass
INFO     	   greninjabond   battlebond      lifeorb [darkpulse, gunkshot, hydropump, icebeam] ttype=poison
INFO     	       espathra   speedboost  choicespecs [dazzlinggleam, luminacrash, shadowball, uturn] ttype=psychic
INFO     	      greattusk protosynthesis    leftovers [bulkup, closecombat, earthquake, stoneedge] ttype=steel
INFO     Sampling battle 8
INFO     	         lunala shadowshield    leftovers [calmmind, moongeistbeam, moonlight, psyshock] ttype=dark
INFO     Sampling 5 unrevealed pokemon
INFO     	     houndstone       fluffy  assaultvest [bodypress, playrough, poltergeist, shadowsneak] ttype=fighting
INFO     	   lycanrocdusk   toughclaws   choiceband [accelerock, closecombat, psychicfangs, stoneedge] ttype=fighting
INFO     	zamazentacrowned dauntlessshield rustedshield [bodypress, heavyslam, irondefense, stoneedge] ttype=ghost
INFO     	      gardevoir        trace  choicescarf [focusblast, healingwish, moonblast, psychic] ttype=fairy
INFO     	       quagsire      unaware    leftovers [earthquake, recover, spikes, toxic] ttype=fairy
INFO     Sampling battle 9
INFO     	         lunala shadowshield    leftovers [calmmind, moongeistbeam, moonlight, psyshock] ttype=dark
INFO     Sampling 5 unrevealed pokemon
INFO     	         tauros   sheerforce      lifeorb [bodyslam, closecombat, throatchop, zenheadbutt] ttype=fighting
INFO     	         rhydon lightningrod     eviolite [earthquake, megahorn, stealthrock, stoneedge] ttype=fairy
INFO     	  samurotthisui    sharpness   choiceband [ceaselessedge, flipturn, razorshell, sacredsword] ttype=poison
INFO     	   zoroarkhisui     illusion  choicespecs [bittermalice, flamethrower, focusblast, hypervoice] ttype=normal
INFO     	  arceuspsychic    multitype    mindplate [bodypress, cosmicpower, recover, storedpower] ttype=steel
INFO     Sampling battle 10
INFO     	         lunala shadowshield    leftovers [calmmind, moongeistbeam, moonlight, psyshock] ttype=fairy
INFO     Sampling 5 unrevealed pokemon
INFO     	ogerponhearthflame  moldbreaker hearthflamemask [ivycudgel, knockoff, powerwhip, swordsdance] ttype=fire
INFO     	   deoxysattack     pressure      lifeorb [extremespeed, knockoff, psychoboost, superpower] ttype=normal
INFO     	        altaria  naturalcure heavydutyboots [bravebird, defog, haze, roost] ttype=steel
INFO     	  samurotthisui    sharpness      lifeorb [ceaselessedge, razorshell, sacredsword, swordsdance] ttype=poison
INFO     	    zapdosgalar      defiant      lifeorb [bravebird, bulkup, closecombat, knockoff] ttype=fighting
INFO     Sampling battle 11
INFO     	         lunala shadowshield    leftovers [calmmind, moongeistbeam, moonlight, psyshock] ttype=fairy
INFO     Sampling 5 unrevealed pokemon
INFO     	         raikou     pressure  choicespecs [scald, shadowball, thunderbolt, voltswitch] ttype=electric
INFO     	          minun   voltabsorb      lifeorb [encore, grassknot, nastyplot, thunderbolt] ttype=grass
INFO     	        dugtrio    arenatrap      lifeorb [earthquake, stoneedge, suckerpunch, swordsdance] ttype=flying
INFO     	       oricorio       dancer heavydutyboots [hurricane, quiverdance, revelationdance, roost] ttype=ground
INFO     	     oinkologne     thickfat    leftovers [bodyslam, curse, highhorsepower, lashout] ttype=ground
INFO     Sampling battle 12
INFO     	         lunala shadowshield    leftovers [calmmind, moongeistbeam, moonlight, psyshock] ttype=dark
INFO     Sampling 5 unrevealed pokemon
INFO     	  zaciancrowned intrepidsword  rustedsword [behemothblade, closecombat, playrough, swordsdance] ttype=fighting
INFO     	       glimmora  toxicdebris heavydutyboots [earthpower, mortalspin, sludgewave, stealthrock] ttype=ground
INFO     	   arceusground    multitype   earthplate [calmmind, fireblast, judgment, recover] ttype=ground
INFO     	   zoroarkhisui     illusion      lifeorb [focusblast, hypervoice, poltergeist, willowisp] ttype=fighting
INFO     	         swanna    hydration heavydutyboots [bravebird, defog, hydropump, roost] ttype=ground
INFO     Sampling battle 13
INFO     	         lunala shadowshield    leftovers [calmmind, moongeistbeam, moonlight, psyshock] ttype=fairy
INFO     Sampling 5 unrevealed pokemon
INFO     	     masquerain   intimidate heavydutyboots [hurricane, hydropump, stickyweb, uturn] ttype=water
INFO     	        kingdra    swiftswim      lifeorb [dracometeor, hurricane, raindance, wavecrash] ttype=water
INFO     	         flygon     levitate     lumberry [dragondance, earthquake, outrage, stoneedge] ttype=ground
INFO     	        calyrex      unnerve    leftovers [calmmind, gigadrain, leechseed, psyshock] ttype=steel
INFO     	      regigigas    slowstart    leftovers [bodyslam, knockoff, rest, sleeptalk] ttype=ghost
INFO     Sampling battle 14
INFO     	         lunala shadowshield    leftovers [calmmind, moongeistbeam, moonlight, psyshock] ttype=fairy
INFO     Sampling 5 unrevealed pokemon
INFO     	     shayminsky  serenegrace    leftovers [airslash, leechseed, seedflare, substitute] ttype=steel
INFO     	      volcanion  waterabsorb  choicespecs [earthpower, flamethrower, sludgebomb, steameruption] ttype=ground
INFO     	     eelektross     levitate    leftovers [coil, drainpunch, knockoff, supercellslam] ttype=fighting
INFO     	      ironhands   quarkdrive  assaultvest [closecombat, heavyslam, thunderpunch, voltswitch] ttype=fighting
INFO     	      dunsparce  serenegrace     eviolite [bodyslam, coil, earthquake, roost] ttype=ground
INFO     Sampling battle 15
INFO     	         lunala shadowshield    leftovers [calmmind, moongeistbeam, moonlight, psyshock] ttype=fairy
INFO     Sampling 5 unrevealed pokemon
INFO     	      arceusbug    multitype  insectplate [calmmind, fireblast, judgment, recover] ttype=fire
INFO     	       meganium     overgrow    leftovers [earthquake, knockoff, petalblizzard, swordsdance] ttype=ground
INFO     	   dugtrioalola tanglinghair   choiceband [earthquake, ironhead, stoneedge, suckerpunch] ttype=steel
INFO     	        umbreon  synchronize    leftovers [foulplay, protect, toxic, wish] ttype=poison
INFO     	       hawlucha     unburden    whiteherb [acrobatics, closecombat, encore, swordsdance] ttype=flying
INFO     Searching for a move using MCTS...
INFO     Sampling 16 battles at 500ms each
WARNING  final-choice override (%s): %s -> %s
INFO     Choice: bloodmoon
INFO     Updated lunala's min speed to 128
INFO     lunala already has the move psyshock. Decrementing the PP by 1
INFO     lunala used a psychic move, removing psychicgem from possible items
INFO     Setting lunala's last used move: psyshock
INFO     lunala used a damaging move - not guessing lifeorb anymore
INFO     lunala did 53.56999999999999% damage to ursalunabloodmoon with psyshock
INFO     ursalunabloodmoon already has the move bloodmoon. Decrementing the PP by 1
INFO     ursalunabloodmoon used a normal move, removing normalgem from possible items
INFO     Setting ursalunabloodmoon's last used move: bloodmoon
INFO     ursalunabloodmoon used a damaging move - not guessing lifeorb anymore
INFO     ursalunabloodmoon did 23.0% damage to lunala with bloodmoon
INFO     Setting lunala's item to: leftovers
INFO     Setting ursalunabloodmoon's item to: leftovers
INFO     lunala has less than maxhp during upkeep, no longer guessing leftovers or blacksludge
INFO     
INFO     Turn: 7
INFO     loaded 11 player and 0 effective opponent priors
INFO     Sampling battle 0
INFO     	         lunala shadowshield    leftovers [calmmind, moongeistbeam, moonlight, psyshock] ttype=dark
INFO     Sampling 5 unrevealed pokemon
INFO     	      clawitzer megalauncher  choicespecs [aurasphere, dragonpulse, icebeam, waterpulse] ttype=dragon
INFO     	squawkabillywhite       hustle heavydutyboots [bravebird, doubleedge, partingshot, quickattack] ttype=normal
INFO     	         plusle lightningrod      lifeorb [alluringvoice, grassknot, nastyplot, thunderbolt] ttype=fairy
INFO     	      probopass   magnetpull    leftovers [bodypress, flashcannon, irondefense, powergem] ttype=fighting
INFO     	       ursaluna         guts     flameorb [crunch, facade, headlongrush, trailblaze] ttype=normal
INFO     Sampling battle 1
INFO     	         lunala shadowshield    leftovers [calmmind, moongeistbeam, moonlight, psyshock] ttype=fairy
INFO     Sampling 5 unrevealed pokemon
INFO     	      girafarig    sapsipper     eviolite [dazzlinggleam, nastyplot, psychic, thunderbolt] ttype=electric
INFO     	       dusknoir        frisk    leftovers [focuspunch, painsplit, poltergeist, substitute] ttype=fighting
INFO     	         emboar     reckless    leftovers [bulkup, drainpunch, flareblitz, trailblaze] ttype=fighting
INFO     	   dugtrioalola tanglinghair      lifeorb [earthquake, ironhead, stoneedge, swordsdance] ttype=ground
INFO     	     forretress       sturdy    leftovers [ironhead, rapidspin, stealthrock, voltswitch] ttype=water
INFO     Sampling battle 2
INFO     	         lunala shadowshield    leftovers [calmmind, moongeistbeam, moonlight, psyshock] ttype=fairy
INFO     Sampling 5 unrevealed pokemon
INFO     	       drifblim    aftermath heavydutyboots [airslash, defog, shadowball, strengthsap] ttype=steel
INFO     	   arceuspoison    multitype   toxicplate [earthquake, extremespeed, gunkshot, swordsdance] ttype=normal
INFO     	      piloswine     thickfat     eviolite [earthquake, iciclecrash, roar, stealthrock] ttype=dragon
INFO     	      toxicroak      dryskin  choicescarf [closecombat, earthquake, gunkshot, knockoff] ttype=dark
INFO     	        flareon         guts     toxicorb [facade, flareblitz, trailblaze, willowisp] ttype=normal
INFO     Sampling battle 3
INFO     	         lunala shadowshield    leftovers [calmmind, moongeistbeam, moonlight, psyshock] ttype=dark
INFO     Sampling 5 unrevealed pokemon
INFO     	   zoroarkhisui     illusion      lifeorb [bittermalice, flamethrower, hypervoice, nastyplot] ttype=normal
INFO     	         pawmot   voltabsorb   leppaberry [closecombat, doubleshock, nuzzle, revivalblessing] ttype=electric
INFO     	ogerponwellspring  waterabsorb wellspringmask [encore, ivycudgel, synthesis, woodhammer] ttype=water
INFO     	       salazzle    corrosion    leftovers [flamethrower, protect, substitute, toxic] ttype=grass
INFO     	       lurantis     contrary  assaultvest [knockoff, leafstorm, leechlife, superpower] ttype=steel
INFO     Sampling battle 4
INFO     	         lunala shadowshield    leftovers [calmmind, moongeistbeam, moonlight, psyshock] ttype=fairy
INFO     Sampling 5 unrevealed pokemon
INFO     	      palossand watercompaction    leftovers [earthpower, shadowball, shoreup, stealthrock] ttype=poison
INFO     	       alcremie    aromaveil    leftovers [alluringvoice, calmmind, recover, terablast] ttype=ground
INFO     	    oricoriopau       dancer heavydutyboots [hurricane, quiverdance, revelationdance, roost] ttype=ground
INFO     	        morpeko hungerswitch heavydutyboots [aurawheel, partingshot, protect, rapidspin] ttype=electric
INFO     	      hitmontop   technician    leftovers [bulkup, closecombat, rapidspin, tripleaxel] ttype=ice
INFO     Sampling battle 5
INFO     	         lunala shadowshield    leftovers [calmmind, moongeistbeam, moonlight, psyshock] ttype=fairy
INFO     Sampling 5 unrevealed pokemon
INFO     	         raikou     pressure  choicespecs [scald, shadowball, thunderbolt, voltswitch] ttype=water
INFO     	  arceuspsychic    multitype    mindplate [bodypress, cosmicpower, recover, storedpower] ttype=steel
INFO     	        beartic    swiftswim heavydutyboots [closecombat, earthquake, iciclecrash, swordsdance] ttype=fighting
INFO     	         kyurem     pressure  choicespecs [dracometeor, earthpower, freezedry, icebeam] ttype=ground
INFO     	      terrakion    justified      lifeorb [closecombat, earthquake, stoneedge, swordsdance] ttype=fighting
INFO     Sampling battle 6
INFO     	         lunala shadowshield    leftovers [calmmind, moongeistbeam, moonlight, psyshock] ttype=fairy
INFO     Sampling 5 unrevealed pokemon
INFO     	ursalunabloodmoon     mindseye    leftovers [bloodmoon, calmmind, moonlight, vacuumwave] ttype=fighting
INFO     	        ogerpon      defiant    leftovers [encore, ivycudgel, superpower, synthesis] ttype=grass
INFO     	       leavanny        swarm heavydutyboots [knockoff, leafblade, lunge, stickyweb] ttype=rock
INFO     	        beartic    slushrush heavydutyboots [aquajet, closecombat, iciclecrash, swordsdance] ttype=fighting
INFO     	      tatsugiri   stormdrain heavydutyboots [dracometeor, nastyplot, rapidspin, surf] ttype=water
INFO     Sampling battle 7
INFO     	         lunala shadowshield    leftovers [calmmind, moongeistbeam, moonlight, psyshock] ttype=dark
INFO     Sampling 5 unrevealed pokemon
INFO     	       lycanroc     sandrush      lifeorb [closecombat, psychicfangs, stoneedge, taunt] ttype=fighting
INFO     	      volcanion  waterabsorb heavydutyboots [earthpower, flamethrower, haze, steameruption] ttype=ground
INFO     	      cryogonal     levitate heavydutyboots [flashcannon, freezedry, haze, recover] ttype=steel
INFO     	    dudunsparce  serenegrace    leftovers [earthquake, glare, headbutt, roost] ttype=ground
INFO     	      rillaboom  grassysurge   choiceband [grassyglide, knockoff, uturn, woodhammer] ttype=grass
INFO     Sampling battle 8
INFO     	         lunala shadowshield    leftovers [calmmind, moongeistbeam, moonlight, psyshock] ttype=dark
INFO     Sampling 5 unrevealed pokemon
INFO     	 keldeoresolute    justified    leftovers [calmmind, hydropump, secretsword, substitute] ttype=steel
INFO     	      volcanion  waterabsorb heavydutyboots [earthpower, flamethrower, haze, steameruption] ttype=water
INFO     	  arceuspsychic    multitype    mindplate [bodypress, cosmicpower, recover, storedpower] ttype=steel
INFO     	         pawmot     ironfist      lifeorb [closecombat, doubleshock, icepunch, revivalblessing] ttype=electric
INFO     	        flareon         guts     toxicorb [facade, flareblitz, trailblaze, willowisp] ttype=normal
INFO     Sampling battle 9
INFO     	         lunala shadowshield    leftovers [calmmind, moongeistbeam, moonlight, psyshock] ttype=fairy
INFO     Sampling 5 unrevealed pokemon
INFO     	     houndstone       fluffy    leftovers [bodypress, poltergeist, rest, sleeptalk] ttype=fighting
INFO     	        golduck    cloudnine    leftovers [grassknot, hydropump, icebeam, nastyplot] ttype=water
INFO     	taurospaldeablaze      cudchew  sitrusberry [bulkup, closecombat, ragingbull, substitute] ttype=water
INFO     	      armarouge    weakarmor    powerherb [armorcannon, energyball, meteorbeam, psyshock] ttype=grass
INFO     	      primarina      torrent  choicespecs [flipturn, hydropump, moonblast, psychic] ttype=water
INFO     Sampling battle 10
INFO     	         lunala shadowshield    leftovers [calmmind, moongeistbeam, moonlight, psyshock] ttype=dark
INFO     Sampling 5 unrevealed pokemon
INFO     	      hydrapple  regenerator  choicespecs [dracometeor, earthpower, ficklebeam, leafstorm] ttype=dragon
INFO     	      terrakion    justified   choiceband [closecombat, earthquake, quickattack, stoneedge] ttype=ground
INFO     	          hypno     insomnia    leftovers [encore, knockoff, psychicnoise, thunderwave] ttype=fairy
INFO     	       porygon2     download     eviolite [discharge, icebeam, recover, triattack] ttype=ghost
INFO     	        glaceon      icebody heavydutyboots [freezedry, mudshot, protect, wish] ttype=ground
INFO     Sampling battle 11
INFO     	         lunala shadowshield    leftovers [calmmind, moongeistbeam, moonlight, psyshock] ttype=dark
INFO     Sampling 5 unrevealed pokemon
INFO     	thundurustherian   voltabsorb heavydutyboots [focusblast, nastyplot, psychic, thunderbolt] ttype=psychic
INFO     	        florges   flowerveil    leftovers [calmmind, moonblast, protect, wish] ttype=steel
INFO     	        glaceon      icebody heavydutyboots [calmmind, freezedry, protect, wish] ttype=water
INFO     	      clawitzer megalauncher  assaultvest [aurasphere, dragonpulse, uturn, waterpulse] ttype=dragon
INFO     	squawkabillywhite       hustle   choiceband [bravebird, doubleedge, foulplay, quickattack] ttype=flying
INFO     Sampling battle 12
INFO     	         lunala shadowshield    leftovers [calmmind, moongeistbeam, moonlight, psyshock] ttype=dark
INFO     Sampling 5 unrevealed pokemon
INFO     	    meowscarada      protean   choiceband [flowertrick, knockoff, tripleaxel, uturn] ttype=grass
INFO     	     pincurchin electricsurge    leftovers [recover, scald, thunderbolt, toxicspikes] ttype=water
INFO     	      magmortar    flamebody heavydutyboots [fireblast, focusblast, thunderbolt, willowisp] ttype=electric
INFO     	      arceusbug    multitype  insectplate [calmmind, earthpower, judgment, recover] ttype=ground
INFO     	    ironjugulis   quarkdrive    powerherb [darkpulse, earthpower, hurricane, meteorbeam] ttype=ground
INFO     Sampling battle 13
INFO     	         lunala shadowshield    leftovers [calmmind, moongeistbeam, moonlight, psyshock] ttype=fairy
INFO     Sampling 5 unrevealed pokemon
INFO     	necrozmaduskmane   prismarmor weaknesspolicy [dragondance, earthquake, morningsun, sunsteelstrike] ttype=ground
INFO     	    stonjourner    powerspot      lifeorb [earthquake, heatcrash, rockpolish, stoneedge] ttype=fire
INFO     	        florges   flowerveil    leftovers [calmmind, moonblast, protect, wish] ttype=steel
INFO     	      volcanion  waterabsorb heavydutyboots [earthpower, flamethrower, haze, steameruption] ttype=fire
INFO     	      gastrodon   stormdrain    leftovers [clearsmog, earthquake, recover, surf] ttype=poison
INFO     Sampling battle 14
INFO     	         lunala shadowshield    leftovers [calmmind, moongeistbeam, moonlight, psyshock] ttype=fairy
INFO     Sampling 5 unrevealed pokemon
INFO     	       cacturne  waterabsorb      lifeorb [knockoff, seedbomb, suckerpunch, swordsdance] ttype=dark
INFO     	      rampardos   sheerforce  choicescarf [earthquake, firepunch, headsmash, rockslide] ttype=fire
INFO     	         phione    hydration    leftovers [rest, scald, sleeptalk, takeheart] ttype=steel
INFO     	       dachsbun wellbakedbody    leftovers [bodypress, playrough, protect, wish] ttype=steel
INFO     	        heatran    flashfire  assaultvest [earthpower, heavyslam, lavaplume, magmastorm] ttype=grass
INFO     Sampling battle 15
INFO     	         lunala shadowshield    leftovers [calmmind, moongeistbeam, moonlight, psyshock] ttype=dark
INFO     Sampling 5 unrevealed pokemon
INFO     	      cramorant  gulpmissile heavydutyboots [bravebird, defog, roost, surf] ttype=ground
INFO     	      probopass   magnetpull    leftovers [bodypress, flashcannon, irondefense, powergem] ttype=fighting
INFO     	          lokix   tintedlens      lifeorb [knockoff, leechlife, suckerpunch, swordsdance] ttype=dark
INFO     	       slowking  regenerator heavydutyboots [chillyreception, futuresight, scald, slackoff] ttype=fairy
INFO     	      sandslash     sandrush  assaultvest [earthquake, knockoff, rapidspin, stoneedge] ttype=steel
INFO     Searching for a move using MCTS...
INFO     Sampling 16 battles at 500ms each
INFO     Choice: moonlight
INFO     Updated lunala's min speed to 128
INFO     lunala already has the move psyshock. Decrementing the PP by 1
INFO     lunala used a psychic move, removing psychicgem from possible items
INFO     Setting lunala's last used move: psyshock
INFO     lunala used a damaging move - not guessing lifeorb anymore
INFO     lunala did 52.6% damage to ursalunabloodmoon with psyshock
INFO     Setting lunala's item to: leftovers
INFO     lunala has less than maxhp during upkeep, no longer guessing leftovers or blacksludge
INFO     loaded 5 player and 0 effective opponent priors
INFO     Sampling battle 0
INFO     	         lunala shadowshield    leftovers [calmmind, moongeistbeam, moonlight, psyshock] ttype=dark
INFO     Sampling 5 unrevealed pokemon
INFO     	       espathra   speedboost  choicespecs [dazzlinggleam, luminacrash, shadowball, uturn] ttype=psychic
INFO     	       glimmora  toxicdebris   airballoon [earthpower, powergem, sludgewave, spikes] ttype=ground
INFO     	       clodsire  waterabsorb    leftovers [earthquake, gunkshot, recover, spikes] ttype=steel
INFO     	     arceusfire    multitype   flameplate [dragondance, earthquake, flareblitz, recover] ttype=fire
INFO     	       basculin adaptability   choiceband [aquajet, doubleedge, flipturn, wavecrash] ttype=water
INFO     Sampling battle 1
INFO     	         lunala shadowshield    leftovers [calmmind, moongeistbeam, moonlight, psyshock] ttype=dark
INFO     Sampling 5 unrevealed pokemon
INFO     	      pachirisu   voltabsorb heavydutyboots [discharge, encore, superfang, uturn] ttype=flying
INFO     	      dragapult   cursedbody heavydutyboots [dragondarts, hex, uturn, willowisp] ttype=fairy
INFO     	       empoleon  competitive    leftovers [roost, stealthrock, surf, yawn] ttype=flying
INFO     	        bisharp      defiant     eviolite [ironhead, suckerpunch, swordsdance, throatchop] ttype=ghost
INFO     	    arceuswater    multitype  splashplate [calmmind, icebeam, judgment, recover] ttype=steel
INFO     Sampling battle 2
INFO     	         lunala shadowshield    leftovers [calmmind, moongeistbeam, moonlight, psyshock] ttype=fairy
INFO     Sampling 5 unrevealed pokemon
INFO     	        delphox        blaze heavydutyboots [fireblast, grassknot, nastyplot, psyshock] ttype=grass
INFO     	    ironjugulis   quarkdrive    powerherb [darkpulse, earthpower, hurricane, meteorbeam] ttype=dark
INFO     	       ampharos       static      lifeorb [agility, dazzlinggleam, focusblast, thunderbolt] ttype=electric
INFO     	       overqwil   intimidate   loadeddice [crunch, gunkshot, scaleshot, swordsdance] ttype=dragon
INFO     	      piloswine     thickfat     eviolite [earthquake, iceshard, iciclecrash, stealthrock] ttype=dragon
INFO     Sampling battle 3
INFO     	         lunala shadowshield    leftovers [calmmind, moongeistbeam, moonlight, psyshock] ttype=fairy
INFO     Sampling 5 unrevealed pokemon
INFO     	     annihilape      defiant    leftovers [bulkup, drainpunch, ragefist, taunt] ttype=steel
INFO     	        shaymin  naturalcure    leftovers [airslash, leechseed, seedflare, substitute] ttype=steel
INFO     	    deoxysspeed     pressure      lifeorb [darkpulse, focusblast, nastyplot, psychoboost] ttype=fighting
INFO     	        avalugg       sturdy heavydutyboots [avalanche, bodypress, rapidspin, recover] ttype=fighting
INFO     	       basculin adaptability   choiceband [aquajet, doubleedge, flipturn, wavecrash] ttype=water
INFO     Sampling battle 4
INFO     	         lunala shadowshield    leftovers [calmmind, moongeistbeam, moonlight, psyshock] ttype=dark
INFO     Sampling 5 unrevealed pokemon
INFO     	       camerupt    solidrock    leftovers [earthquake, overheat, stealthrock, willowisp] ttype=grass
INFO     	      gastrodon   stormdrain    leftovers [earthquake, icebeam, recover, surf] ttype=poison
INFO     	  zaciancrowned intrepidsword  rustedsword [behemothblade, closecombat, playrough, swordsdance] ttype=fighting
INFO     	       greninja      protean      lifeorb [darkpulse, gunkshot, hydropump, toxicspikes] ttype=dark
INFO     	      registeel    clearbody    leftovers [bodypress, irondefense, ironhead, thunderwave] ttype=fighting
INFO     Sampling battle 5
INFO     	         lunala shadowshield    leftovers [calmmind, moongeistbeam, moonlight, psyshock] ttype=dark
INFO     Sampling 5 unrevealed pokemon
INFO     	      regidrago   dragonsmaw     lumberry [dracometeor, dragondance, earthquake, outrage] ttype=dragon
INFO     	        kleavor    sharpness heavydutyboots [closecombat, stoneaxe, swordsdance, xscissor] ttype=rock
INFO     	         swalot   liquidooze    leftovers [earthquake, protect, sludgebomb, toxic] ttype=ground
INFO     	       skuntank    aftermath      lifeorb [fireblast, gunkshot, knockoff, taunt] ttype=dark
INFO     	          entei   innerfocus   choiceband [extremespeed, flareblitz, sacredfire, stoneedge] ttype=normal
INFO     Sampling battle 6
INFO     	         lunala shadowshield    leftovers [calmmind, moongeistbeam, moonlight, psyshock] ttype=fairy
INFO     Sampling 5 unrevealed pokemon
INFO     	        noivern  infiltrator heavydutyboots [defog, dracometeor, flamethrower, hurricane] ttype=fire
INFO     	         raikou     pressure    leftovers [calmmind, scald, substitute, thunderbolt] ttype=water
INFO     	       gyarados   intimidate heavydutyboots [dragondance, earthquake, terablast, waterfall] ttype=flying
INFO     	       salazzle    corrosion heavydutyboots [fireblast, nastyplot, sludgewave, terablast] ttype=grass
INFO     	   persianalola      furcoat      lifeorb [darkpulse, nastyplot, terablast, thunderbolt] ttype=poison
INFO     Sampling battle 7
INFO     	         lunala shadowshield    leftovers [calmmind, moongeistbeam, moonlight, psyshock] ttype=fairy
INFO     Sampling 5 unrevealed pokemon
INFO     	         glalie   innerfocus heavydutyboots [earthquake, freezedry, spikes, taunt] ttype=ground
INFO     	        altaria  naturalcure heavydutyboots [bravebird, dragondance, earthquake, roost] ttype=steel
INFO     	       drifblim     unburden  sitrusberry [airslash, calmmind, shadowball, strengthsap] ttype=steel
INFO     	      tatsugiri   stormdrain heavydutyboots [dracometeor, hydropump, nastyplot, rapidspin] ttype=steel
INFO     	      serperior     contrary    leftovers [dragonpulse, leafstorm, leechseed, substitute] ttype=grass
INFO     Sampling battle 8
INFO     	         lunala shadowshield    leftovers [calmmind, moongeistbeam, moonlight, psyshock] ttype=dark
INFO     Sampling 5 unrevealed pokemon
INFO     	ogerponcornerstone       sturdy cornerstonemask [ivycudgel, powerwhip, superpower, synthesis] ttype=rock
INFO     	        bruxish    strongjaw   choiceband [crunch, icefang, psychicfangs, wavecrash] ttype=dark
INFO     	        ariados        swarm    focussash [knockoff, megahorn, poisonjab, stickyweb] ttype=ghost
INFO     	       venusaur  chlorophyll    leftovers [leechseed, sleeppowder, sludgebomb, substitute] ttype=steel
INFO     	       alcremie    aromaveil    leftovers [alluringvoice, calmmind, psyshock, recover] ttype=steel
INFO     Sampling battle 9
INFO     	         lunala shadowshield    leftovers [calmmind, moongeistbeam, moonlight, psyshock] ttype=fairy
INFO     Sampling 5 unrevealed pokemon
INFO     	       braviary      defiant heavydutyboots [bravebird, bulkup, closecombat, roost] ttype=fighting
INFO     	        scrafty     shedskin    leftovers [bulkup, drainpunch, knockoff, rest] ttype=poison
INFO     	      abomasnow  snowwarning    lightclay [auroraveil, blizzard, iceshard, woodhammer] ttype=water
INFO     	      lilligant     owntempo      lifeorb [alluringvoice, petaldance, quiverdance, sleeppowder] ttype=fairy
INFO     	        manaphy    hydration    leftovers [energyball, hydropump, icebeam, tailglow] ttype=grass
INFO     Sampling battle 10
INFO     	         lunala shadowshield    leftovers [calmmind, moongeistbeam, moonlight, psyshock] ttype=fairy
INFO     Sampling 5 unrevealed pokemon
INFO     	        noctowl   tintedlens heavydutyboots [hurricane, hypervoice, nastyplot, roost] ttype=ground
INFO     	     ironthorns   quarkdrive   airballoon [earthquake, stealthrock, stoneedge, wildcharge] ttype=grass
INFO     	        noivern  infiltrator  choicespecs [boomburst, dracometeor, flamethrower, hurricane] ttype=normal
INFO     	      rhyperior    solidrock   choiceband [earthquake, icepunch, megahorn, stoneedge] ttype=steel
INFO     	          entei   innerfocus   choiceband [extremespeed, flareblitz, sacredfire, stompingtantrum] ttype=fire
INFO     Sampling battle 11
INFO     	         lunala shadowshield    leftovers [calmmind, moongeistbeam, moonlight, psyshock] ttype=fairy
INFO     Sampling 5 unrevealed pokemon
INFO     	     arceusdark    multitype   dreadplate [calmmind, dazzlinggleam, judgment, recover] ttype=fairy
INFO     	       dusknoir        frisk      lifeorb [earthquake, painsplit, poltergeist, shadowsneak] ttype=ground
INFO     	        ogerpon      defiant      lifeorb [ivycudgel, knockoff, superpower, swordsdance] ttype=grass
INFO     	         pyroar      unnerve heavydutyboots [darkpulse, fireblast, hypervoice, workup] ttype=fire
INFO     	         kyogre      drizzle    leftovers [calmmind, icebeam, originpulse, thunder] ttype=steel
INFO     Sampling battle 12
INFO     	         lunala shadowshield    leftovers [calmmind, moongeistbeam, moonlight, psyshock] ttype=dark
INFO     Sampling 5 unrevealed pokemon
INFO     	      glastrier chillingneigh heavydutyboots [closecombat, heavyslam, iciclecrash, swordsdance] ttype=steel
INFO     	      ironhands   quarkdrive    leftovers [drainpunch, icepunch, swordsdance, thunderpunch] ttype=fighting
INFO     	         scizor   technician    leftovers [bulletpunch, defog, knockoff, uturn] ttype=dragon
INFO     	         lapras  waterabsorb heavydutyboots [freezedry, rest, sleeptalk, sparklingaria] ttype=dragon
INFO     	         raikou     pressure  choicespecs [scald, shadowball, thunderbolt, voltswitch] ttype=electric
INFO     Sampling battle 13
INFO     	         lunala shadowshield    leftovers [calmmind, moongeistbeam, moonlight, psyshock] ttype=fairy
INFO     Sampling 5 unrevealed pokemon
INFO     	    basculegion adaptability  assaultvest [aquajet, flipturn, shadowball, wavecrash] ttype=water
INFO     	        delphox        blaze heavydutyboots [fireblast, grassknot, nastyplot, psyshock] ttype=fire
INFO     	     archaludon      stamina  assaultvest [bodypress, dracometeor, flashcannon, thunderbolt] ttype=fighting
INFO     	     ironthorns   quarkdrive boosterenergy [dragondance, icepunch, stoneedge, wildcharge] ttype=flying
INFO     	        snorlax     thickfat    leftovers [bodyslam, curse, rest, sleeptalk] ttype=fairy
INFO     Sampling battle 14
INFO     	         lunala shadowshield    leftovers [calmmind, moongeistbeam, moonlight, psyshock] ttype=dark
INFO     Sampling 5 unrevealed pokemon
INFO     	       meganium     overgrow    leftovers [dragontail, energyball, knockoff, synthesis] ttype=steel
INFO     	      decidueye     overgrow      lifeorb [leafblade, poltergeist, shadowsneak, swordsdance] ttype=ghost
INFO     	     electivire   motordrive      lifeorb [earthquake, flamethrower, icepunch, supercellslam] ttype=ice
INFO     	      rampardos   sheerforce      lifeorb [earthquake, firepunch, rockslide, zenheadbutt] ttype=psychic
INFO     	        delphox        blaze heavydutyboots [fireblast, grassknot, nastyplot, psyshock] ttype=grass
INFO     Sampling battle 15
INFO     	         lunala shadowshield    leftovers [calmmind, moongeistbeam, moonlight, psyshock] ttype=dark
INFO     Sampling 5 unrevealed pokemon
INFO     	          azelf     levitate      lifeorb [fireblast, knockoff, psychic, stealthrock] ttype=dark
INFO     	       alcremie    aromaveil    leftovers [alluringvoice, calmmind, psyshock, recover] ttype=poison
INFO     	       ludicolo    swiftswim  choicespecs [gigadrain, hydropump, icebeam, leafstorm] ttype=water
INFO     	      quaquaval        moxie   choiceband [aquastep, closecombat, tripleaxel, uturn] ttype=water
INFO     	       sawsbuck    sapsipper      lifeorb [doubleedge, highhorsepower, hornleech, swordsdance] ttype=normal
INFO     Searching for a move using MCTS...
INFO     Sampling 16 battles at 500ms each
INFO     Choice: switch dusknoir
INFO     dusknoir switched in, adding intimidate to impossible abilities
INFO     dusknoir switched in, adding pressure to impossible abilities
INFO     dusknoir switched in, adding neutralizinggas to impossible abilities
INFO     dusknoir switched in, adding sandstream to impossible abilities
INFO     dusknoir switched in, adding drought to impossible abilities
INFO     dusknoir switched in, adding drizzle to impossible abilities
INFO     dusknoir switched in, adding snowwarning to impossible abilities
INFO     dusknoir switched in, adding boosterenergy to impossible items
INFO     dusknoir switched in, adding airballoon to impossible items
INFO     Setting lunala's item to leftovers
INFO     
INFO     Turn: 8
INFO     loaded 12 player and 0 effective opponent priors
INFO     Sampling battle 0
INFO     	         lunala shadowshield    leftovers [calmmind, moongeistbeam, moonlight, psyshock] ttype=fairy
INFO     Sampling 5 unrevealed pokemon
INFO     	    stonjourner    powerspot      lifeorb [earthquake, heatcrash, stealthrock, stoneedge] ttype=ground
INFO     	      armarouge    weakarmor  choicespecs [armorcannon, aurasphere, energyball, psyshock] ttype=fighting
INFO     	      hydreigon     levitate  choicespecs [darkpulse, dracometeor, fireblast, uturn] ttype=fire
INFO     	     victreebel  chlorophyll      lifeorb [poisonjab, powerwhip, suckerpunch, swordsdance] ttype=dark
INFO     	      cramorant  gulpmissile heavydutyboots [bravebird, defog, roost, surf] ttype=ground
INFO     Sampling battle 1
INFO     	         lunala shadowshield    leftovers [calmmind, moongeistbeam, moonlight, psyshock] ttype=fairy
INFO     Sampling 5 unrevealed pokemon
INFO     	      gholdengo   goodasgold    leftovers [makeitrain, recover, shadowball, thunderwave] ttype=steel
INFO     	    oricoriopau       dancer heavydutyboots [hurricane, quiverdance, revelationdance, roost] ttype=fighting
INFO     	     oinkologne     thickfat    leftovers [curse, doubleedge, highhorsepower, lashout] ttype=ground
INFO     	         zacian intrepidsword   choiceband [closecombat, playrough, psychicfangs, wildcharge] ttype=fighting
INFO     	        dondozo      unaware    leftovers [curse, rest, sleeptalk, wavecrash] ttype=dragon
INFO     Sampling battle 2
INFO     	         lunala shadowshield    leftovers [calmmind, moongeistbeam, moonlight, psyshock] ttype=dark
INFO     Sampling 5 unrevealed pokemon
INFO     	       cobalion    justified    leftovers [bodypress, ironhead, thunderwave, voltswitch] ttype=ghost
INFO     	      glastrier chillingneigh heavydutyboots [heavyslam, highhorsepower, iciclecrash, swordsdance] ttype=ground
INFO     	      toxicroak      dryskin      lifeorb [closecombat, earthquake, gunkshot, swordsdance] ttype=dark
INFO     	         zekrom     teravolt    leftovers [boltstrike, dragondance, outrage, substitute] ttype=electric
INFO     	      blastoise      torrent    whiteherb [hydropump, icebeam, shellsmash, terablast] ttype=electric
INFO     Sampling battle 3
INFO     	         lunala shadowshield    leftovers [calmmind, moongeistbeam, moonlight, psyshock] ttype=dark
INFO     Sampling 5 unrevealed pokemon
INFO     	    goodrahisui    sapsipper  assaultvest [dracometeor, dragontail, heavyslam, hydropump] ttype=water
INFO     	          rotom     levitate  choicescarf [shadowball, thunderbolt, trick, voltswitch] ttype=electric
INFO     	       sawsbuck  serenegrace      lifeorb [headbutt, highhorsepower, hornleech, swordsdance] ttype=normal
INFO     	       regirock    clearbody    leftovers [bodypress, stealthrock, stoneedge, thunderwave] ttype=fighting
INFO     	      regidrago   dragonsmaw  choicescarf [dracometeor, dragonenergy, earthquake, outrage] ttype=dragon
INFO     Sampling battle 4
INFO     	         lunala shadowshield    leftovers [calmmind, moongeistbeam, moonlight, psyshock] ttype=dark
INFO     Sampling 5 unrevealed pokemon
INFO     	     mabosstiff     stakeout  choicescarf [crunch, playrough, psychicfangs, wildcharge] ttype=fairy
INFO     	        flapple       hustle   choiceband [gravapple, outrage, suckerpunch, uturn] ttype=dragon
INFO     	      bastiodon   soundproof  chestoberry [bodypress, foulplay, irondefense, rest] ttype=fighting
INFO     	thundurustherian   voltabsorb heavydutyboots [focusblast, nastyplot, terablast, thunderbolt] ttype=flying
INFO     	       tsareena queenlymajesty      lifeorb [highjumpkick, powerwhip, synthesis, tripleaxel] ttype=steel
INFO     Sampling battle 5
INFO     	         lunala shadowshield    leftovers [calmmind, moongeistbeam, moonlight, psyshock] ttype=dark
INFO     Sampling 5 unrevealed pokemon
INFO     	       articuno     pressure heavydutyboots [bravebird, freezedry, haze, roost] ttype=steel
INFO     	   arceusground    multitype   earthplate [calmmind, fireblast, judgment, recover] ttype=ground
INFO     	    oricoriopau       dancer heavydutyboots [hurricane, quiverdance, revelationdance, roost] ttype=fighting
INFO     	   lycanrocdusk   toughclaws      lifeorb [accelerock, closecombat, stoneedge, swordsdance] ttype=fighting
INFO     	         klefki    prankster    leftovers [dazzlinggleam, foulplay, spikes, thunderwave] ttype=flying
INFO     Sampling battle 6
INFO     	         lunala shadowshield    leftovers [calmmind, moongeistbeam, moonlight, psyshock] ttype=dark
INFO     Sampling 5 unrevealed pokemon
INFO     	        dondozo      unaware    leftovers [curse, rest, sleeptalk, wavecrash] ttype=fairy
INFO     	    arceusfairy    multitype   pixieplate [calmmind, earthpower, judgment, recover] ttype=ground
INFO     	        beartic    slushrush heavydutyboots [aquajet, closecombat, iciclecrash, swordsdance] ttype=fighting
INFO     	       alcremie    aromaveil    leftovers [alluringvoice, calmmind, recover, terablast] ttype=ground
INFO     	      quaquaval        moxie   choiceband [aquastep, closecombat, tripleaxel, uturn] ttype=fighting
INFO     Sampling battle 7
INFO     	         lunala shadowshield    leftovers [calmmind, moongeistbeam, moonlight, psyshock] ttype=dark
INFO     Sampling 5 unrevealed pokemon
INFO     	        manaphy    hydration    leftovers [energyball, hydropump, icebeam, tailglow] ttype=grass
INFO     	         tinglu vesselofruin    leftovers [earthquake, heavyslam, payback, spikes] ttype=steel
INFO     	         deoxys     pressure      lifeorb [extremespeed, knockoff, psychoboost, superpower] ttype=dark
INFO     	      gholdengo   goodasgold    leftovers [makeitrain, recover, shadowball, thunderwave] ttype=water
INFO     	        ariados        swarm heavydutyboots [megahorn, poisonjab, stickyweb, toxicspikes] ttype=ghost
INFO     Sampling battle 8
INFO     	         lunala shadowshield    leftovers [calmmind, moongeistbeam, moonlight, psyshock] ttype=dark
INFO     Sampling 5 unrevealed pokemon
INFO     	     bombirdier rockypayload  choicescarf [bravebird, knockoff, stoneedge, uturn] ttype=rock
INFO     	     shayminsky  serenegrace  choicespecs [airslash, dazzlinggleam, earthpower, seedflare] ttype=flying
INFO     	        flareon         guts     toxicorb [facade, flareblitz, trailblaze, willowisp] ttype=normal
INFO     	       vigoroth  vitalspirit     eviolite [bodyslam, bulkup, earthquake, slackoff] ttype=ground
INFO     	       greedent   cheekpouch  sitrusberry [doubleedge, earthquake, knockoff, swordsdance] ttype=ground
INFO     Sampling battle 9
INFO     	         lunala shadowshield    leftovers [calmmind, moongeistbeam, moonlight, psyshock] ttype=fairy
INFO     Sampling 5 unrevealed pokemon
INFO     	         raikou     pressure    leftovers [calmmind, scald, substitute, thunderbolt] ttype=water
INFO     	       magearna    soulheart    leftovers [aurasphere, flashcannon, fleurcannon, thunderwave] ttype=fighting
INFO     	      magnezone   magnetpull  choicescarf [bodypress, flashcannon, thunderbolt, voltswitch] ttype=flying
INFO     	   arceusground    multitype   earthplate [calmmind, fireblast, judgment, recover] ttype=dragon
INFO     	ogerponcornerstone       sturdy cornerstonemask [ivycudgel, powerwhip, superpower, swordsdance] ttype=rock
INFO     Sampling battle 10
INFO     	         lunala shadowshield    leftovers [calmmind, moongeistbeam, moonlight, psyshock] ttype=fairy
INFO     Sampling 5 unrevealed pokemon
INFO     	ogerponhearthflame  moldbreaker hearthflamemask [hornleech, ivycudgel, knockoff, swordsdance] ttype=fire
INFO     	  qwilfishhisui   intimidate     eviolite [crunch, gunkshot, spikes, taunt] ttype=flying
INFO     	      magnezone     analytic  choicescarf [bodypress, flashcannon, thunderbolt, voltswitch] ttype=electric
INFO     	     oinkologne     thickfat    leftovers [curse, doubleedge, highhorsepower, lashout] ttype=ground
INFO     	       clefable   magicguard      lifeorb [fireblast, moonblast, moonlight, thunderwave] ttype=steel
INFO     Sampling battle 11
INFO     	         lunala shadowshield    leftovers [calmmind, moongeistbeam, moonlight, psyshock] ttype=dark
INFO     Sampling 5 unrevealed pokemon
INFO     	      rotomheat     levitate heavydutyboots [discharge, overheat, painsplit, willowisp] ttype=electric
INFO     	        grumpig     thickfat  choicescarf [focusblast, psyshock, shadowball, trick] ttype=fighting
INFO     	         pawmot     ironfist      lifeorb [closecombat, doubleshock, icepunch, revivalblessing] ttype=electric
INFO     	ogerponcornerstone       sturdy cornerstonemask [ivycudgel, powerwhip, superpower, swordsdance] ttype=rock
INFO     	       greninja      protean      lifeorb [gunkshot, hydropump, icebeam, uturn] ttype=poison
INFO     Sampling battle 12
INFO     	         lunala shadowshield    leftovers [calmmind, moongeistbeam, moonlight, psyshock] ttype=dark
INFO     Sampling 5 unrevealed pokemon
INFO     	     ironthorns   quarkdrive heavydutyboots [stealthrock, stoneedge, voltswitch, wildcharge] ttype=flying
INFO     	      zamazenta dauntlessshield   choiceband [closecombat, ironhead, psychicfangs, stoneedge] ttype=fighting
INFO     	taurospaldeaaqua   intimidate      lifeorb [aquajet, bulkup, closecombat, liquidation] ttype=water
INFO     	       mudsdale      stamina    leftovers [earthquake, heavyslam, stealthrock, stoneedge] ttype=steel
INFO     	      serperior     contrary    leftovers [dragonpulse, leafstorm, leechseed, substitute] ttype=water
INFO     Sampling battle 13
INFO     	         lunala shadowshield    leftovers [calmmind, moongeistbeam, moonlight, psyshock] ttype=fairy
INFO     Sampling 5 unrevealed pokemon
INFO     	        bisharp      defiant     eviolite [ironhead, suckerpunch, swordsdance, throatchop] ttype=flying
INFO     	     mabosstiff     stakeout   choiceband [crunch, playrough, psychicfangs, wildcharge] ttype=fairy
INFO     	      lilligant     owntempo      lifeorb [alluringvoice, petaldance, quiverdance, sleeppowder] ttype=fairy
INFO     	         klefki    prankster    leftovers [magnetrise, playrough, spikes, thunderwave] ttype=water
INFO     	       zangoose   toxicboost     toxicorb [closecombat, facade, knockoff, quickattack] ttype=normal
INFO     Sampling battle 14
INFO     	         lunala shadowshield    leftovers [calmmind, moongeistbeam, moonlight, psyshock] ttype=dark
INFO     Sampling 5 unrevealed pokemon
INFO     	        ogerpon      defiant      lifeorb [ivycudgel, knockoff, superpower, swordsdance] ttype=grass
INFO     	        chansey  naturalcure     eviolite [seismictoss, softboiled, stealthrock, thunderwave] ttype=dark
INFO     	         espeon  magicbounce  choicespecs [alluringvoice, psychic, shadowball, trick] ttype=fairy
INFO     	       cyclizar  regenerator heavydutyboots [dracometeor, knockoff, rapidspin, shedtail] ttype=steel
INFO     	    fluttermane protosynthesis  choicespecs [moonblast, psyshock, shadowball, thunderbolt] ttype=fairy
INFO     Sampling battle 15
INFO     	         lunala shadowshield    leftovers [calmmind, moongeistbeam, moonlight, psyshock] ttype=dark
INFO     Sampling 5 unrevealed pokemon
INFO     	        carbink    clearbody  chestoberry [bodypress, irondefense, moonblast, rest] ttype=fighting
INFO     	         swanna    hydration heavydutyboots [bravebird, defog, hydropump, roost] ttype=ground
INFO     	    kyuremwhite   turboblaze  choicescarf [dracometeor, freezedry, fusionflare, icebeam] ttype=fire
INFO     	       alcremie    aromaveil    leftovers [alluringvoice, calmmind, psyshock, recover] ttype=steel
INFO     	      charizard        blaze heavydutyboots [earthquake, flareblitz, outrage, swordsdance] ttype=ground
INFO     Searching for a move using MCTS...
INFO     Sampling 16 battles at 500ms each
INFO     Choice: painsplit-tera
INFO     Updated lunala's min speed to 131
INFO     lunala terastallized. Tera type: fairy, Original types: ['psychic', 'ghost']
INFO     dusknoir terastallized. Tera type: fairy, Original types: ['ghost']
INFO     lunala used two different moves - it cannot have a choice item
INFO     lunala used a ghost move, removing ghostgem from possible items
INFO     Setting lunala's last used move: moongeistbeam
INFO     lunala used a damaging move - not guessing lifeorb anymore
INFO     lunala did 75.11% damage to dusknoir with moongeistbeam
INFO     dusknoir already has the move painsplit. Decrementing the PP by 1
INFO     dusknoir used a status-move. Adding `assaultvest` to impossible items
INFO     Setting dusknoir's last used move: painsplit
INFO     Setting lunala's item to: leftovers
INFO     Setting dusknoir's item to: leftovers
INFO     lunala has less than maxhp during upkeep, no longer guessing leftovers or blacksludge
INFO     
INFO     Turn: 9
INFO     loaded 8 player and 0 effective opponent priors
INFO     Sampling battle 0
INFO     	         lunala shadowshield    leftovers [calmmind, moongeistbeam, moonlight, psyshock] ttype=fairy
INFO     Sampling 5 unrevealed pokemon
INFO     	         phione    hydration    leftovers [grassknot, icebeam, scald, takeheart] ttype=steel
INFO     	         furret        frisk      lifeorb [brickbreak, doubleedge, knockoff, tidyup] ttype=ghost
INFO     	         lapras  waterabsorb heavydutyboots [freezedry, rest, sleeptalk, sparklingaria] ttype=poison
INFO     	     ironthorns   quarkdrive boosterenergy [dragondance, icepunch, stoneedge, wildcharge] ttype=grass
INFO     	      gardevoir        trace  choicescarf [focusblast, moonblast, mysticalfire, psyshock] ttype=fighting
INFO     Sampling battle 1
INFO     	         lunala shadowshield    leftovers [calmmind, moongeistbeam, moonlight, psyshock] ttype=fairy
INFO     Sampling 5 unrevealed pokemon
INFO     	      palossand watercompaction    leftovers [earthpower, shadowball, shoreup, sludgebomb] ttype=water
INFO     	        wyrdeer   intimidate    leftovers [earthquake, megahorn, psychicnoise, thunderwave] ttype=ground
INFO     	      revavroom       filter      lifeorb [gunkshot, highhorsepower, ironhead, shiftgear] ttype=ground
INFO     	    meowscarada      protean heavydutyboots [flowertrick, knockoff, toxicspikes, uturn] ttype=grass
INFO     	          golem       sturdy weaknesspolicy [earthquake, explosion, rockpolish, stoneedge] ttype=steel
INFO     Sampling battle 2
INFO     	         lunala shadowshield    leftovers [calmmind, moongeistbeam, moonlight, psyshock] ttype=fairy
INFO     Sampling 5 unrevealed pokemon
INFO     	   greninjabond   battlebond      lifeorb [darkpulse, gunkshot, hydropump, icebeam] ttype=poison
INFO     	      thundurus    prankster heavydutyboots [grassknot, taunt, thunderbolt, thunderwave] ttype=electric
INFO     	        lanturn   voltabsorb heavydutyboots [scald, thunderbolt, thunderwave, voltswitch] ttype=flying
INFO     	         swalot   liquidooze    leftovers [earthquake, protect, sludgebomb, toxic] ttype=ground
INFO     	     talonflame    flamebody heavydutyboots [bravebird, overheat, roost, uturn] ttype=dragon
INFO     Sampling battle 3
INFO     	         lunala shadowshield    leftovers [calmmind, moongeistbeam, moonlight, psyshock] ttype=fairy
INFO     Sampling 5 unrevealed pokemon
INFO     	       houndoom    flashfire heavydutyboots [darkpulse, fireblast, sludgebomb, suckerpunch] ttype=poison
INFO     	     sandaconda     shedskin   loadeddice [coil, earthquake, rockblast, scaleshot] ttype=dragon
INFO     	   avalugghisui       sturdy heavydutyboots [avalanche, bodypress, recover, stoneedge] ttype=ghost
INFO     	   crabominable     ironfist   choiceband [drainpunch, earthquake, icehammer, knockoff] ttype=ground
INFO     	      zebstrika    sapsipper      lifeorb [highhorsepower, overheat, supercellslam, voltswitch] ttype=ground
INFO     Sampling battle 4
INFO     	         lunala shadowshield    leftovers [calmmind, moongeistbeam, moonlight, psyshock] ttype=fairy
INFO     Sampling 5 unrevealed pokemon
INFO     	       pelipper      drizzle heavydutyboots [hurricane, knockoff, roost, surf] ttype=water
INFO     	         dialga     pressure    leftovers [dracometeor, fireblast, heavyslam, thunderwave] ttype=dragon
INFO     	      spectrier    grimneigh    leftovers [darkpulse, nastyplot, shadowball, substitute] ttype=dark
INFO     	      blastoise      torrent    whiteherb [earthquake, hydropump, icebeam, shellsmash] ttype=water
INFO     	         pyroar      unnerve heavydutyboots [fireblast, hypervoice, taunt, willowisp] ttype=fire
INFO     Sampling battle 5
INFO     	         lunala shadowshield    leftovers [calmmind, moongeistbeam, moonlight, psyshock] ttype=fairy
INFO     Sampling 5 unrevealed pokemon
INFO     	      dragonite   multiscale heavydutyboots [dragondance, earthquake, ironhead, outrage] ttype=steel
INFO     	       ursaluna         guts     flameorb [facade, headlongrush, throatchop, trailblaze] ttype=normal
INFO     	      hatterene  magicbounce    leftovers [calmmind, drainingkiss, mysticalfire, psychic] ttype=fairy
INFO     	        wochien tabletsofruin    leftovers [gigadrain, knockoff, ruination, stunspore] ttype=poison
INFO     	     ironthorns   quarkdrive   airballoon [earthquake, stealthrock, stoneedge, wildcharge] ttype=flying
INFO     Sampling battle 6
INFO     	         lunala shadowshield    leftovers [calmmind, moongeistbeam, moonlight, psyshock] ttype=fairy
INFO     Sampling 5 unrevealed pokemon
INFO     	        moltres    flamebody heavydutyboots [bravebird, fireblast, roost, scorchingsands] ttype=ground
INFO     	         zekrom     teravolt    leftovers [boltstrike, dragondance, outrage, substitute] ttype=fairy
INFO     	          hypno     insomnia    leftovers [encore, knockoff, psychicnoise, thunderwave] ttype=steel
INFO     	       tinkaton  moldbreaker    leftovers [gigatonhammer, playrough, stealthrock, thunderwave] ttype=water
INFO     	        sylveon     pixilate    leftovers [calmmind, hypervoice, protect, wish] ttype=steel
INFO     Sampling battle 7
INFO     	         lunala shadowshield    leftovers [calmmind, moongeistbeam, moonlight, psyshock] ttype=fairy
INFO     Sampling 5 unrevealed pokemon
INFO     	       regirock    clearbody  chestoberry [bodypress, irondefense, rest, stoneedge] ttype=fighting
INFO     	      armarouge    weakarmor    powerherb [armorcannon, energyball, meteorbeam, psyshock] ttype=grass
INFO     	ogerponwellspring  waterabsorb wellspringmask [ivycudgel, knockoff, powerwhip, swordsdance] ttype=water
INFO     	        dipplin   stickyhold     eviolite [dragonpulse, gigadrain, recover, suckerpunch] ttype=steel
INFO     	      staraptor     reckless   choiceband [bravebird, closecombat, doubleedge, quickattack] ttype=flying
INFO     Sampling battle 8
INFO     	         lunala shadowshield    leftovers [calmmind, moongeistbeam, moonlight, psyshock] ttype=fairy
INFO     Sampling 5 unrevealed pokemon
INFO     	       frosmoth    icescales heavydutyboots [gigadrain, icebeam, quiverdance, terablast] ttype=ground
INFO     	      staraptor     reckless   choiceband [bravebird, closecombat, doubleedge, quickattack] ttype=flying
INFO     	         lapras  waterabsorb heavydutyboots [freezedry, rest, sleeptalk, sparklingaria] ttype=dragon
INFO     	      toxicroak      dryskin      lifeorb [closecombat, gunkshot, suckerpunch, swordsdance] ttype=fighting
INFO     	        dugtrio    arenatrap    focussash [earthquake, stoneedge, suckerpunch, swordsdance] ttype=flying
INFO     Sampling battle 9
INFO     	         lunala shadowshield    leftovers [calmmind, moongeistbeam, moonlight, psyshock] ttype=fairy
INFO     Sampling 5 unrevealed pokemon
INFO     	        lanturn   voltabsorb    leftovers [icebeam, scald, thunderbolt, thunderwave] ttype=flying
INFO     	       dusknoir        frisk      lifeorb [earthquake, painsplit, poltergeist, shadowsneak] ttype=ground
INFO     	     golemalola    galvanize      lifeorb [doubleedge, earthquake, rockpolish, stoneedge] ttype=flying
INFO     	      kingambit supremeoverlord    leftovers [ironhead, kowtowcleave, suckerpunch, swordsdance] ttype=dark
INFO     	  deoxysdefense     pressure    leftovers [cosmicpower, nightshade, recover, storedpower] ttype=steel
INFO     Sampling battle 10
INFO     	         lunala shadowshield    leftovers [calmmind, moongeistbeam, moonlight, psyshock] ttype=fairy
INFO     Sampling 5 unrevealed pokemon
INFO     	     oinkologne     thickfat    leftovers [curse, doubleedge, highhorsepower, lashout] ttype=ground
INFO     	        slaking       truant  choicescarf [doubleedge, earthquake, gigaimpact, knockoff] ttype=normal
INFO     	            muk  poisontouch  assaultvest [drainpunch, icepunch, knockoff, poisonjab] ttype=dark
INFO     	       medicham    purepower   choiceband [bulletpunch, closecombat, poisonjab, zenheadbutt] ttype=fighting
INFO     	     ragingbolt protosynthesis    leftovers [calmmind, dracometeor, thunderbolt, thunderclap] ttype=fairy
INFO     Sampling battle 11
INFO     	         lunala shadowshield    leftovers [calmmind, moongeistbeam, moonlight, psyshock] ttype=fairy
INFO     Sampling 5 unrevealed pokemon
INFO     	      vespiquen     pressure heavydutyboots [airslash, roost, toxicspikes, uturn] ttype=steel
INFO     	       enamorus    cutecharm    leftovers [calmmind, earthpower, moonblast, substitute] ttype=ground
INFO     	       dragalge adaptability  choicespecs [dracometeor, flipturn, focusblast, sludgewave] ttype=fighting
INFO     	     incineroar   intimidate  assaultvest [fakeout, knockoff, overheat, uturn] ttype=water
INFO     	        bisharp      defiant     eviolite [ironhead, stealthrock, suckerpunch, throatchop] ttype=flying
INFO     Sampling battle 12
INFO     	         lunala shadowshield    leftovers [calmmind, moongeistbeam, moonlight, psyshock] ttype=fairy
INFO     Sampling 5 unrevealed pokemon
INFO     	         flygon     levitate     lumberry [dragondance, earthquake, outrage, stoneedge] ttype=steel
INFO     	       salazzle    corrosion    leftovers [flamethrower, protect, substitute, toxic] ttype=flying
INFO     	   crabominable     ironfist  assaultvest [drainpunch, earthquake, icehammer, knockoff] ttype=fighting
INFO     	        golduck    cloudnine    leftovers [encore, grassknot, hydropump, nastyplot] ttype=water
INFO     	       arcanine   intimidate heavydutyboots [closecombat, extremespeed, flareblitz, morningsun] ttype=normal
INFO     Sampling battle 13
INFO     	         lunala shadowshield    leftovers [calmmind, moongeistbeam, moonlight, psyshock] ttype=fairy
INFO     Sampling 5 unrevealed pokemon
INFO     	       skuntank    aftermath  assaultvest [fireblast, gunkshot, knockoff, suckerpunch] ttype=poison
INFO     	          azelf     levitate  choicespecs [dazzlinggleam, fireblast, psyshock, uturn] ttype=psychic
INFO     	     forretress       sturdy    leftovers [bodypress, ironhead, spikes, stealthrock] ttype=water
INFO     	    corviknight  mirrorarmor    leftovers [bodypress, bravebird, roost, uturn] ttype=dragon
INFO     	       porygonz adaptability      lifeorb [agility, nastyplot, shadowball, terablast] ttype=fighting
INFO     Sampling battle 14
INFO     	         lunala shadowshield    leftovers [calmmind, moongeistbeam, moonlight, psyshock] ttype=fairy
INFO     Sampling 5 unrevealed pokemon
INFO     	       sunflora  chlorophyll      lifeorb [earthpower, solarbeam, sunnyday, weatherball] ttype=fire
INFO     	      poliwrath    swiftswim      lifeorb [closecombat, knockoff, liquidation, raindance] ttype=fighting
INFO     	       lurantis     contrary    leftovers [defog, leafstorm, superpower, synthesis] ttype=fighting
INFO     	   arceusdragon    multitype   dracoplate [flareblitz, heavyslam, outrage, swordsdance] ttype=fire
INFO     	        suicune     pressure    leftovers [calmmind, icebeam, scald, substitute] ttype=dragon
INFO     Sampling battle 15
INFO     	         lunala shadowshield    leftovers [calmmind, moongeistbeam, moonlight, psyshock] ttype=fairy
INFO     Sampling 5 unrevealed pokemon
INFO     	       pelipper      drizzle  choicespecs [hurricane, hydropump, uturn, weatherball] ttype=water
INFO     	        breloom   technician      lifeorb [bulletseed, machpunch, spore, swordsdance] ttype=fighting
INFO     	      lilligant     owntempo      lifeorb [alluringvoice, petaldance, quiverdance, sleeppowder] ttype=grass
INFO     	      terrakion    justified      lifeorb [closecombat, earthquake, stoneedge, swordsdance] ttype=ground
INFO     	      toucannon      keeneye heavydutyboots [beakblast, boomburst, knockoff, roost] ttype=steel
INFO     Searching for a move using MCTS...
INFO     Sampling 16 battles at 500ms each
INFO     Choice: poltergeist
INFO     Updated lunala's min speed to 131
INFO     lunala used two different moves - it cannot have a choice item
INFO     lunala used a status-move. Adding `assaultvest` to impossible items
INFO     Setting lunala's last used move: moonlight
INFO     dusknoir already has the move poltergeist. Decrementing the PP by 1
INFO     dusknoir used a ghost move, removing ghostgem from possible items
INFO     Setting dusknoir's last used move: poltergeist
INFO     dusknoir used a damaging move - not guessing lifeorb anymore
INFO     dusknoir did 24.0% damage to lunala with poltergeist
INFO     lunala has the item leftovers
INFO     Setting lunala's item to: leftovers
INFO     Setting dusknoir's item to: leftovers
INFO     lunala has less than maxhp during upkeep, no longer guessing leftovers or blacksludge
INFO     
INFO     Turn: 10
INFO     loaded 8 player and 0 effective opponent priors
INFO     Sampling battle 0
INFO     	         lunala shadowshield    leftovers [calmmind, moongeistbeam, moonlight, psyshock] ttype=fairy
INFO     Sampling 5 unrevealed pokemon
INFO     	         furret        frisk   choiceband [doubleedge, knockoff, trick, uturn] ttype=normal
INFO     	        scyther   technician heavydutyboots [closecombat, defog, dualwingbeat, uturn] ttype=fighting
INFO     	     annihilape      defiant    leftovers [bulkup, drainpunch, ragefist, taunt] ttype=steel
INFO     	       dachsbun wellbakedbody    leftovers [playrough, protect, wish, yawn] ttype=steel
INFO     	          klawf   angershell    scopelens [crabhammer, knockoff, stoneedge, swordsdance] ttype=water
INFO     Sampling battle 1
INFO     	         lunala shadowshield    leftovers [calmmind, moongeistbeam, moonlight, psyshock] ttype=fairy
INFO     Sampling 5 unrevealed pokemon
INFO     	       slowking  regenerator heavydutyboots [chillyreception, futuresight, scald, slackoff] ttype=fairy
INFO     	        haxorus  moldbreaker   loadeddice [earthquake, ironhead, scaleshot, swordsdance] ttype=steel
INFO     	         kommoo   soundproof   loadeddice [closecombat, ironhead, scaleshot, swordsdance] ttype=steel
INFO     	       illumise    prankster heavydutyboots [bugbuzz, encore, roost, thunderwave] ttype=water
INFO     	         dodrio    earlybird   choiceband [bravebird, drillrun, knockoff, quickattack] ttype=ground
INFO     Sampling battle 2
INFO     	         lunala shadowshield    leftovers [calmmind, moongeistbeam, moonlight, psyshock] ttype=fairy
INFO     Sampling 5 unrevealed pokemon
INFO     	        manaphy    hydration    leftovers [energyball, hydropump, icebeam, tailglow] ttype=water
INFO     	    arceusghost    multitype  spookyplate [calmmind, focusblast, judgment, recover] ttype=fighting
INFO     	       smeargle   technician     widelens [populationbomb, powertrip, shellsmash, spore] ttype=normal
INFO     	         latias     levitate      souldew [calmmind, dracometeor, psyshock, recover] ttype=steel
INFO     	    oinkolognef    aromaveil    leftovers [bodyslam, curse, rest, sleeptalk] ttype=poison
INFO     Sampling battle 3
INFO     	         lunala shadowshield    leftovers [calmmind, moongeistbeam, moonlight, psyshock] ttype=fairy
INFO     Sampling 5 unrevealed pokemon
INFO     	       clodsire      unaware    leftovers [earthquake, poisonjab, recover, spikes] ttype=steel
INFO     	         rhydon lightningrod     eviolite [earthquake, megahorn, stealthrock, stoneedge] ttype=fairy
INFO     	      regieleki   transistor       magnet [rapidspin, terablast, thunderbolt, voltswitch] ttype=ice
INFO     	         veluza    sharpness  sitrusberry [aquacutter, filletaway, nightslash, psychocut] ttype=psychic
INFO     	      trevenant  naturalcure      lifeorb [drainpunch, poltergeist, willowisp, woodhammer] ttype=fighting
INFO     Sampling battle 4
INFO     	         lunala shadowshield    leftovers [calmmind, moongeistbeam, moonlight, psyshock] ttype=fairy
INFO     Sampling 5 unrevealed pokemon
INFO     	      trevenant      harvest  sitrusberry [drainpunch, poltergeist, protect, toxic] ttype=fairy
INFO     	        wochien tabletsofruin    leftovers [gigadrain, knockoff, leechseed, protect] ttype=poison
INFO     	     screamtail protosynthesis    leftovers [dazzlinggleam, protect, thunderwave, wish] ttype=poison
INFO     	  samurotthisui    sharpness  choicescarf [ceaselessedge, flipturn, razorshell, sacredsword] ttype=poison
INFO     	     copperajah   heavymetal   choiceband [earthquake, heatcrash, heavyslam, stoneedge] ttype=flying
INFO     Sampling battle 5
INFO     	         lunala shadowshield    leftovers [calmmind, moongeistbeam, moonlight, psyshock] ttype=fairy
INFO     Sampling 5 unrevealed pokemon
INFO     	       sawsbuck  serenegrace      lifeorb [headbutt, highhorsepower, hornleech, swordsdance] ttype=normal
INFO     	     oinkologne     thickfat    leftovers [curse, doubleedge, highhorsepower, lashout] ttype=ground
INFO     	        volbeat    prankster heavydutyboots [encore, lunge, roost, thunderwave] ttype=water
INFO     	      ninetales      drought heavydutyboots [fireblast, nastyplot, scorchingsands, solarbeam] ttype=grass
INFO     	         dialga     pressure  assaultvest [dracometeor, dragontail, fireblast, heavyslam] ttype=flying
INFO     Sampling battle 6
INFO     	         lunala shadowshield    leftovers [calmmind, moongeistbeam, moonlight, psyshock] ttype=fairy
INFO     Sampling 5 unrevealed pokemon
INFO     	         tinglu vesselofruin    leftovers [earthquake, payback, ruination, stealthrock] ttype=poison
INFO     	       appletun     thickfat    leftovers [appleacid, dragonpulse, leechseed, recover] ttype=steel
INFO     	     skeledirge      unaware heavydutyboots [flamecharge, shadowball, slackoff, torchsong] ttype=water
INFO     	tornadustherian  regenerator  assaultvest [bleakwindstorm, heatwave, knockoff, uturn] ttype=dark
INFO     	       gyarados        moxie heavydutyboots [dragondance, earthquake, stoneedge, waterfall] ttype=ground
INFO     Sampling battle 7
INFO     	         lunala shadowshield    leftovers [calmmind, moongeistbeam, moonlight, psyshock] ttype=fairy
INFO     Sampling 5 unrevealed pokemon
INFO     	      azumarill    hugepower   choiceband [aquajet, liquidation, playrough, superpower] ttype=water
INFO     	      tatsugiri   stormdrain heavydutyboots [dracometeor, nastyplot, rapidspin, surf] ttype=water
INFO     	    slitherwing protosynthesis heavydutyboots [closecombat, morningsun, uturn, willowisp] ttype=fire
INFO     	       meganium     overgrow    leftovers [dragontail, energyball, knockoff, synthesis] ttype=steel
INFO     	         latias     levitate      souldew [calmmind, dracometeor, psyshock, recover] ttype=steel
INFO     Sampling battle 8
INFO     	         lunala shadowshield    leftovers [calmmind, moongeistbeam, moonlight, psyshock] ttype=fairy
INFO     Sampling 5 unrevealed pokemon
INFO     	     rotomfrost     levitate heavydutyboots [blizzard, nastyplot, thunderbolt, willowisp] ttype=electric
INFO     	        dewgong     thickfat heavydutyboots [encore, flipturn, icebeam, surf] ttype=ground
INFO     	        groudon      drought    leftovers [heatcrash, precipiceblades, stoneedge, thunderwave] ttype=fire
INFO     	     tentacruel   liquidooze    leftovers [flipturn, haze, sludgebomb, surf] ttype=flying
INFO     	     hitmonchan     ironfist    leftovers [bulkup, drainpunch, knockoff, poisonjab] ttype=steel
INFO     Sampling battle 9
INFO     	         lunala shadowshield    leftovers [calmmind, moongeistbeam, moonlight, psyshock] ttype=fairy
INFO     Sampling 5 unrevealed pokemon
INFO     	      excadrill  moldbreaker    leftovers [earthquake, ironhead, rapidspin, swordsdance] ttype=ground
INFO     	        haxorus  moldbreaker     lumberry [dragondance, earthquake, ironhead, outrage] ttype=steel
INFO     	   arceusground    multitype   earthplate [earthquake, extremespeed, stoneedge, swordsdance] ttype=normal
INFO     	    deoxysspeed     pressure      lifeorb [darkpulse, focusblast, nastyplot, psychoboost] ttype=psychic
INFO     	      spectrier    grimneigh      lifeorb [nastyplot, shadowball, terablast, willowisp] ttype=fighting
INFO     Sampling battle 10
INFO     	         lunala shadowshield    leftovers [calmmind, moongeistbeam, moonlight, psyshock] ttype=fairy
INFO     Sampling 5 unrevealed pokemon
INFO     	      munkidori   toxicchain  assaultvest [fakeout, psychicnoise, sludgewave, uturn] ttype=dark
INFO     	    arceusgrass    multitype  meadowplate [calmmind, fireblast, judgment, recover] ttype=fire
INFO     	          golem       sturdy  custapberry [earthquake, explosion, stealthrock, stoneedge] ttype=ground
INFO     	      toucannon    skilllink heavydutyboots [beakblast, boomburst, bulletseed, roost] ttype=steel
INFO     	       froslass   cursedbody     widelens [poltergeist, taunt, tripleaxel, willowisp] ttype=ice
INFO     Sampling battle 11
INFO     	         lunala shadowshield    leftovers [calmmind, moongeistbeam, moonlight, psyshock] ttype=fairy
INFO     Sampling 5 unrevealed pokemon
INFO     	    fluttermane protosynthesis  choicespecs [moonblast, psyshock, shadowball, thunderbolt] ttype=fairy
INFO     	       porygon2     download     eviolite [recover, shadowball, terablast, thunderwave] ttype=fighting
INFO     	          klawf  regenerator      lifeorb [crabhammer, knockoff, stealthrock, stoneedge] ttype=water
INFO     	      blastoise      torrent    whiteherb [hydropump, icebeam, shellsmash, terablast] ttype=grass
INFO     	      serperior     contrary      lifeorb [glare, leafstorm, synthesis, terablast] ttype=rock
INFO     Sampling battle 12
INFO     	         lunala shadowshield    leftovers [calmmind, moongeistbeam, moonlight, psyshock] ttype=fairy
INFO     Sampling 5 unrevealed pokemon
INFO     	      probopass   magnetpull    leftovers [bodypress, flashcannon, irondefense, powergem] ttype=fighting
INFO     	        grumpig     thickfat    leftovers [dazzlinggleam, earthpower, nastyplot, psyshock] ttype=fairy
INFO     	        urshifu   unseenfist      lifeorb [closecombat, poisonjab, swordsdance, wickedblow] ttype=fighting
INFO     	     perrserker   toughclaws   choiceband [closecombat, ironhead, knockoff, uturn] ttype=fighting
INFO     	            muk  poisontouch  assaultvest [drainpunch, gunkshot, knockoff, shadowsneak] ttype=dark
INFO     Sampling battle 13
INFO     	         lunala shadowshield    leftovers [calmmind, moongeistbeam, moonlight, psyshock] ttype=fairy
INFO     Sampling 5 unrevealed pokemon
INFO     	         rabsca  synchronize heavydutyboots [bugbuzz, psychic, recover, revivalblessing] ttype=steel
INFO     	        falinks      defiant      lifeorb [closecombat, ironhead, knockoff, noretreat] ttype=dark
INFO     	     toedscruel myceliummight  assaultvest [earthpower, knockoff, leafstorm, rapidspin] ttype=water
INFO     	       ursaring         guts     eviolite [bodyslam, earthquake, rest, sleeptalk] ttype=ghost
INFO     	    arceuswater    multitype  splashplate [calmmind, judgment, recover, willowisp] ttype=steel
INFO     Sampling battle 14
INFO     	         lunala shadowshield    leftovers [calmmind, moongeistbeam, moonlight, psyshock] ttype=fairy
INFO     Sampling 5 unrevealed pokemon
INFO     	      ironhands   quarkdrive    leftovers [drainpunch, icepunch, swordsdance, thunderpunch] ttype=flying
INFO     	necrozmaduskmane   prismarmor weaknesspolicy [dragondance, earthquake, morningsun, sunsteelstrike] ttype=ground
INFO     	      kingambit supremeoverlord    leftovers [ironhead, kowtowcleave, suckerpunch, swordsdance] ttype=flying
INFO     	taurospaldeacombat   intimidate   choiceband [closecombat, earthquake, stoneedge, throatchop] ttype=fighting
INFO     	      cryogonal     levitate heavydutyboots [freezedry, haze, rapidspin, recover] ttype=steel
INFO     Sampling battle 15
INFO     	         lunala shadowshield    leftovers [calmmind, moongeistbeam, moonlight, psyshock] ttype=fairy
INFO     Sampling 5 unrevealed pokemon
INFO     	 electrodehisui   soundproof    leftovers [gigadrain, leechseed, substitute, thunderbolt] ttype=poison
INFO     	        mesprit     levitate  assaultvest [drainpunch, knockoff, psychicnoise, uturn] ttype=dark
INFO     	       virizion    justified      lifeorb [closecombat, leafblade, stoneedge, swordsdance] ttype=rock
INFO     	lycanrocmidnight      noguard      lifeorb [closecombat, playrough, stealthrock, stoneedge] ttype=fighting
INFO     	      zamazenta dauntlessshield   choiceband [closecombat, crunch, ironhead, psychicfangs] ttype=steel
INFO     Searching for a move using MCTS...
INFO     Sampling 16 battles at 500ms each
INFO     Choice: painsplit
INFO     Updated lunala's min speed to 131
INFO     lunala already has the move moongeistbeam. Decrementing the PP by 1
INFO     lunala used two different moves - it cannot have a choice item
INFO     lunala used a ghost move, removing ghostgem from possible items
INFO     Setting lunala's last used move: moongeistbeam
INFO     lunala used a damaging move - not guessing lifeorb anymore
INFO     lunala did 69.33% damage to dusknoir with moongeistbeam
INFO     dusknoir already has the move painsplit. Decrementing the PP by 1
INFO     dusknoir used a status-move. Adding `assaultvest` to impossible items
INFO     Setting dusknoir's last used move: painsplit
INFO     Setting lunala's item to: leftovers
INFO     Setting dusknoir's item to: leftovers
INFO     lunala has less than maxhp during upkeep, no longer guessing leftovers or blacksludge
INFO     
INFO     Turn: 11
INFO     loaded 8 player and 0 effective opponent priors
INFO     Sampling battle 0
INFO     	         lunala shadowshield    leftovers [calmmind, moongeistbeam, moonlight, psyshock] ttype=fairy
INFO     Sampling 5 unrevealed pokemon
INFO     	        florges   flowerveil    leftovers [calmmind, moonblast, protect, wish] ttype=steel
INFO     	      rhyperior    solidrock  assaultvest [dragontail, earthquake, megahorn, stoneedge] ttype=dragon
INFO     	       garchomp    roughskin   loadeddice [earthquake, firefang, scaleshot, swordsdance] ttype=fire
INFO     	ogerponhearthflame  moldbreaker hearthflamemask [hornleech, ivycudgel, knockoff, swordsdance] ttype=fire
INFO     	     pincurchin electricsurge    leftovers [recover, scald, thunderbolt, toxicspikes] ttype=water
INFO     Sampling battle 1
INFO     	         lunala shadowshield    leftovers [calmmind, moongeistbeam, moonlight, psyshock] ttype=fairy
INFO     Sampling 5 unrevealed pokemon
INFO     	        haxorus  moldbreaker     lumberry [dragondance, earthquake, ironhead, outrage] ttype=steel
INFO     	       gyarados        moxie heavydutyboots [dragondance, earthquake, terablast, waterfall] ttype=flying
INFO     	         rabsca  synchronize heavydutyboots [bugbuzz, psychic, recover, revivalblessing] ttype=steel
INFO     	       clodsire      unaware    leftovers [earthquake, gunkshot, recover, toxicspikes] ttype=flying
INFO     	        flamigo      scrappy      lifeorb [bravebird, closecombat, roost, swordsdance] ttype=fighting
INFO     Sampling battle 2
INFO     	         lunala shadowshield    leftovers [calmmind, moongeistbeam, moonlight, psyshock] ttype=fairy
INFO     Sampling 5 unrevealed pokemon
INFO     	    gougingfire protosynthesis heavydutyboots [dragondance, earthquake, heatcrash, outrage] ttype=ground
INFO     	       clodsire  waterabsorb    leftovers [earthquake, gunkshot, recover, spikes] ttype=steel
INFO     	          chiyu  beadsofruin  choicespecs [darkpulse, flamethrower, overheat, psychic] ttype=dark
INFO     	       politoed      drizzle  choicespecs [focusblast, hydropump, icebeam, weatherball] ttype=water
INFO     	       jumpluff  infiltrator              [acrobatics, leechseed, strengthsap, substitute] ttype=steel
INFO     Sampling battle 3
INFO     	         lunala shadowshield    leftovers [calmmind, moongeistbeam, moonlight, psyshock] ttype=fairy
INFO     Sampling 5 unrevealed pokemon
INFO     	        luvdisc    swiftswim heavydutyboots [endeavor, substitute, surf, whirlpool] ttype=ground
INFO     	     perrserker   toughclaws      lifeorb [closecombat, ironhead, stealthrock, uturn] ttype=fighting
INFO     	urshifurapidstrike   unseenfist      lifeorb [aquajet, closecombat, surgingstrikes, swordsdance] ttype=water
INFO     	         dodrio    earlybird   choiceband [bravebird, doubleedge, knockoff, quickattack] ttype=normal
INFO     	        gurdurr         guts     eviolite [bulkup, drainpunch, knockoff, machpunch] ttype=steel
INFO     Sampling battle 4
INFO     	         lunala shadowshield    leftovers [calmmind, moongeistbeam, moonlight, psyshock] ttype=fairy
INFO     Sampling 5 unrevealed pokemon
INFO     	      glastrier chillingneigh   choiceband [closecombat, heavyslam, highhorsepower, iciclecrash] ttype=ground
INFO     	     krookodile   intimidate      lifeorb [earthquake, gunkshot, knockoff, stealthrock] ttype=ground
INFO     	         palkia     pressure  lustrousorb [dracometeor, fireblast, hydropump, thunderwave] ttype=fire
INFO     	       espathra   speedboost  choicespecs [dazzlinggleam, luminacrash, shadowball, uturn] ttype=psychic
INFO     	    arceusfairy    multitype   pixieplate [calmmind, earthpower, judgment, recover] ttype=steel
INFO     Sampling battle 5
INFO     	         lunala shadowshield    leftovers [calmmind, moongeistbeam, moonlight, psyshock] ttype=fairy
INFO     Sampling 5 unrevealed pokemon
INFO     	       clodsire  waterabsorb    leftovers [earthquake, poisonjab, recover, stealthrock] ttype=flying
INFO     	     archaludon      stamina     lumberry [earthquake, ironhead, outrage, swordsdance] ttype=ground
INFO     	     perrserker   toughclaws      lifeorb [closecombat, ironhead, stealthrock, uturn] ttype=fighting
INFO     	        scyther   technician heavydutyboots [closecombat, defog, dualwingbeat, uturn] ttype=fighting
INFO     	     galvantula compoundeyes heavydutyboots [bugbuzz, energyball, stickyweb, thunder] ttype=electric
INFO     Sampling battle 6
INFO     	         lunala shadowshield    leftovers [calmmind, moongeistbeam, moonlight, psyshock] ttype=fairy
INFO     Sampling 5 unrevealed pokemon
INFO     	          minun   voltabsorb      lifeorb [alluringvoice, encore, nastyplot, thunderbolt] ttype=fairy
INFO     	     talonflame    galewings heavydutyboots [bravebird, flareblitz, swordsdance, terablast] ttype=ground
INFO     	         regice    clearbody heavydutyboots [icebeam, rest, sleeptalk, thunderbolt] ttype=electric
INFO     	   arceusdragon    multitype   dracoplate [dragondance, flareblitz, heavyslam, outrage] ttype=steel
INFO     	       blaziken   speedboost      lifeorb [closecombat, flareblitz, knockoff, swordsdance] ttype=fighting
INFO     Sampling battle 7
INFO     	         lunala shadowshield    leftovers [calmmind, moongeistbeam, moonlight, psyshock] ttype=fairy
INFO     Sampling 5 unrevealed pokemon
INFO     	    goodrahisui    sapsipper  assaultvest [dracometeor, earthquake, heavyslam, thunderbolt] ttype=flying
INFO     	       ludicolo    swiftswim  choicespecs [gigadrain, hydropump, icebeam, leafstorm] ttype=water
INFO     	       sunflora  chlorophyll  choicespecs [dazzlinggleam, earthpower, leafstorm, sludgebomb] ttype=ground
INFO     	        dedenne   cheekpouch  sitrusberry [dazzlinggleam, superfang, thunderbolt, uturn] ttype=flying
INFO     	         espeon  magicbounce      lifeorb [calmmind, morningsun, psyshock, shadowball] ttype=psychic
INFO     Sampling battle 8
INFO     	         lunala shadowshield    leftovers [calmmind, moongeistbeam, moonlight, psyshock] ttype=fairy
INFO     Sampling 5 unrevealed pokemon
INFO     	      dragonite   multiscale heavydutyboots [dragondance, earthquake, ironhead, outrage] ttype=steel
INFO     	     arceusdark    multitype   dreadplate [calmmind, dazzlinggleam, judgment, recover] ttype=fairy
INFO     	         swanna    hydration heavydutyboots [bravebird, defog, hydropump, roost] ttype=ground
INFO     	        avalugg       sturdy heavydutyboots [avalanche, bodypress, rapidspin, recover] ttype=fighting
INFO     	      zamazenta dauntlessshield  chestoberry [bodypress, irondefense, ironhead, rest] ttype=steel
INFO     Sampling battle 9
INFO     	         lunala shadowshield    leftovers [calmmind, moongeistbeam, moonlight, psyshock] ttype=fairy
INFO     Sampling 5 unrevealed pokemon
INFO     	 arceusfighting    multitype    fistplate [bodypress, irondefense, recover, shadowball] ttype=steel
INFO     	        blissey  naturalcure    leftovers [healbell, seismictoss, softboiled, thunderwave] ttype=poison
INFO     	      ironcrown   quarkdrive  choicespecs [focusblast, psyshock, tachyoncutter, voltswitch] ttype=fighting
INFO     	      araquanid  waterbubble heavydutyboots [hydropump, leechlife, liquidation, stickyweb] ttype=steel
INFO     	      eternatus     pressure    leftovers [dynamaxcannon, flamethrower, recover, toxicspikes] ttype=dragon
INFO     Sampling battle 10
INFO     	         lunala shadowshield    leftovers [calmmind, moongeistbeam, moonlight, psyshock] ttype=fairy
INFO     Sampling 5 unrevealed pokemon
INFO     	       braviary      defiant heavydutyboots [bravebird, bulkup, closecombat, roost] ttype=fighting
INFO     	     toedscruel myceliummight  assaultvest [earthpower, knockoff, leafstorm, rapidspin] ttype=water
INFO     	      cryogonal     levitate heavydutyboots [icebeam, rapidspin, recover, terablast] ttype=electric
INFO     	   weezinggalar     levitate    leftovers [defog, gunkshot, strangesteam, willowisp] ttype=steel
INFO     	       ursaluna         guts     flameorb [crunch, facade, headlongrush, trailblaze] ttype=normal
INFO     Sampling battle 11
INFO     	         lunala shadowshield    leftovers [calmmind, moongeistbeam, moonlight, psyshock] ttype=fairy
INFO     Sampling 5 unrevealed pokemon
INFO     	      eternatus     pressure    powerherb [dynamaxcannon, fireblast, meteorbeam, sludgebomb] ttype=poison
INFO     	      greattusk protosynthesis  assaultvest [closecombat, headlongrush, knockoff, rapidspin] ttype=ground
INFO     	   lycanrocdusk   toughclaws   choiceband [accelerock, closecombat, stoneedge, throatchop] ttype=fighting
INFO     	      piloswine     thickfat     eviolite [earthquake, iceshard, iciclecrash, roar] ttype=dragon
INFO     	        flapple       hustle     widelens [dragondance, gravapple, outrage, terablast] ttype=fire
INFO     Sampling battle 12
INFO     	         lunala shadowshield    leftovers [calmmind, moongeistbeam, moonlight, psyshock] ttype=fairy
INFO     Sampling 5 unrevealed pokemon
INFO     	        kingdra       sniper     lumberry [dragondance, ironhead, outrage, wavecrash] ttype=steel
INFO     	       camerupt    solidrock    leftovers [earthquake, overheat, stealthrock, willowisp] ttype=grass
INFO     	        umbreon  synchronize    leftovers [foulplay, protect, toxic, wish] ttype=poison
INFO     	       ironmoth   quarkdrive heavydutyboots [energyball, fireblast, morningsun, sludgewave] ttype=fire
INFO     	     copperajah   sheerforce      lifeorb [earthquake, ironhead, playrough, rockslide] ttype=fairy
INFO     Sampling battle 13
INFO     	         lunala shadowshield    leftovers [calmmind, moongeistbeam, moonlight, psyshock] ttype=fairy
INFO     Sampling 5 unrevealed pokemon
INFO     	      bellibolt electromorphosis    leftovers [muddywater, slackoff, thunderbolt, toxic] ttype=electric
INFO     	         zacian intrepidsword   choiceband [closecombat, playrough, psychicfangs, wildcharge] ttype=fighting
INFO     	       chienpao  swordofruin   choiceband [iceshard, iciclecrash, sacredsword, throatchop] ttype=dark
INFO     	      meowsticf  competitive      lifeorb [alluringvoice, nastyplot, psyshock, thunderbolt] ttype=electric
INFO     	      sinistcha    heatproof    leftovers [calmmind, matchagotcha, shadowball, strengthsap] ttype=steel
INFO     Sampling battle 14
INFO     	         lunala shadowshield    leftovers [calmmind, moongeistbeam, moonlight, psyshock] ttype=fairy
INFO     Sampling 5 unrevealed pokemon
INFO     	       giratina     pressure    leftovers [defog, dragontail, shadowball, willowisp] ttype=fairy
INFO     	      vespiquen     pressure heavydutyboots [airslash, roost, spikes, toxic] ttype=steel
INFO     	     ironthorns   quarkdrive   airballoon [spikes, stealthrock, stoneedge, wildcharge] ttype=grass
INFO     	        bruxish    strongjaw      lifeorb [crunch, psychicfangs, swordsdance, wavecrash] ttype=dark
INFO     	        pikachu lightningrod    lightball [knockoff, surf, voltswitch, volttackle] ttype=water
INFO     Sampling battle 15
INFO     	         lunala shadowshield    leftovers [calmmind, moongeistbeam, moonlight, psyshock] ttype=fairy
INFO     Sampling 5 unrevealed pokemon
INFO     	      ironhands   quarkdrive  assaultvest [drainpunch, fakeout, voltswitch, wildcharge] ttype=fighting
INFO     	 keldeoresolute    justified      lifeorb [calmmind, hydropump, secretsword, vacuumwave] ttype=fighting
INFO     	     chandelure    flamebody heavydutyboots [calmmind, fireblast, painsplit, shadowball] ttype=ghost
INFO     	   arceuspoison    multitype   toxicplate [earthquake, extremespeed, gunkshot, swordsdance] ttype=ground
INFO     	         dodrio    earlybird heavydutyboots [bravebird, drillrun, knockoff, swordsdance] ttype=ground
INFO     Searching for a move using MCTS...
INFO     Sampling 16 battles at 500ms each
INFO     Choice: switch arboliva
INFO     arboliva switched in, adding intimidate to impossible abilities
INFO     arboliva switched in, adding pressure to impossible abilities
INFO     arboliva switched in, adding neutralizinggas to impossible abilities
INFO     arboliva switched in, adding sandstream to impossible abilities
INFO     arboliva switched in, adding drought to impossible abilities
INFO     arboliva switched in, adding drizzle to impossible abilities
INFO     arboliva switched in, adding snowwarning to impossible abilities
INFO     arboliva switched in, adding boosterenergy to impossible items
INFO     arboliva switched in, adding airballoon to impossible items
INFO     lunala already has the move moongeistbeam. Decrementing the PP by 1
INFO     lunala used a ghost move, removing ghostgem from possible items
INFO     Setting lunala's last used move: moongeistbeam
INFO     lunala used a damaging move - not guessing lifeorb anymore
INFO     Setting lunala's item to: leftovers
INFO     lunala has less than maxhp during upkeep, no longer guessing leftovers or blacksludge
INFO     
INFO     Turn: 12
INFO     loaded 8 player and 0 effective opponent priors
INFO     Sampling battle 0
INFO     	         lunala shadowshield    leftovers [calmmind, moongeistbeam, moonlight, psyshock] ttype=fairy
INFO     Sampling 5 unrevealed pokemon
INFO     	      charizard        blaze heavydutyboots [earthquake, flamethrower, focusblast, hurricane] ttype=ground
INFO     	     hitmonchan     ironfist  assaultvest [drainpunch, knockoff, poisonjab, rapidspin] ttype=steel
INFO     	   avalugghisui       sturdy heavydutyboots [avalanche, bodypress, recover, stoneedge] ttype=poison
INFO     	      gardevoir        trace  choicescarf [focusblast, moonblast, psychic, trick] ttype=fairy
INFO     	       dachsbun wellbakedbody    leftovers [bodypress, playrough, protect, wish] ttype=steel
INFO     Sampling battle 1
INFO     	         lunala shadowshield    leftovers [calmmind, moongeistbeam, moonlight, psyshock] ttype=fairy
INFO     Sampling 5 unrevealed pokemon
INFO     	        palafin   zerotohero    leftovers [bulkup, icepunch, jetpunch, wavecrash] ttype=dragon
INFO     	       ursaring    quickfeet     toxicorb [closecombat, facade, swordsdance, throatchop] ttype=normal
INFO     	       medicham    purepower   choiceband [bulletpunch, closecombat, poisonjab, zenheadbutt] ttype=fighting
INFO     	       porygon2     download     eviolite [discharge, icebeam, recover, triattack] ttype=poison
INFO     	      sandslash     sandrush    leftovers [earthquake, knockoff, rapidspin, swordsdance] ttype=water
INFO     Sampling battle 2
INFO     	         lunala shadowshield    leftovers [calmmind, moongeistbeam, moonlight, psyshock] ttype=fairy
INFO     Sampling 5 unrevealed pokemon
INFO     	     annihilape      defiant  chestoberry [bulkup, drainpunch, ragefist, rest] ttype=steel
INFO     	     gothitelle    shadowtag    leftovers [calmmind, darkpulse, focusblast, psychicnoise] ttype=fairy
INFO     	tornadustherian  regenerator  assaultvest [bleakwindstorm, heatwave, knockoff, uturn] ttype=steel
INFO     	     wigglytuff  competitive    leftovers [alluringvoice, fireblast, knockoff, thunderwave] ttype=steel
INFO     	        suicune     pressure    leftovers [calmmind, icebeam, scald, substitute] ttype=dragon
INFO     Sampling battle 3
INFO     	         lunala shadowshield    leftovers [calmmind, moongeistbeam, moonlight, psyshock] ttype=fairy
INFO     Sampling 5 unrevealed pokemon
INFO     	         glalie   innerfocus heavydutyboots [earthquake, freezedry, spikes, taunt] ttype=water
INFO     	       dachsbun wellbakedbody    leftovers [playrough, protect, wish, yawn] ttype=steel
INFO     	     annihilape      defiant    leftovers [bulkup, drainpunch, ragefist, taunt] ttype=water
INFO     	            mew  synchronize    leftovers [psychic, stealthrock, toxicspikes, uturn] ttype=fairy
INFO     	        wochien tabletsofruin    leftovers [gigadrain, knockoff, leechseed, protect] ttype=poison
INFO     Sampling battle 4
INFO     	         lunala shadowshield    leftovers [calmmind, moongeistbeam, moonlight, psyshock] ttype=fairy
INFO     Sampling 5 unrevealed pokemon
INFO     	         flygon     levitate     lumberry [dragondance, earthquake, outrage, stoneedge] ttype=rock
INFO     	   arceusground    multitype   earthplate [calmmind, icebeam, judgment, recover] ttype=dragon
INFO     	      bellibolt electromorphosis    leftovers [muddywater, slackoff, thunderbolt, toxic] ttype=electric
INFO     	        luvdisc    swiftswim heavydutyboots [endeavor, flipturn, substitute, surf] ttype=ground
INFO     	      tyranitar   sandstream weaknesspolicy [dragondance, icepunch, knockoff, stoneedge] ttype=rock
INFO     Sampling battle 5
INFO     	         lunala shadowshield    leftovers [calmmind, moongeistbeam, moonlight, psyshock] ttype=fairy
INFO     Sampling 5 unrevealed pokemon
INFO     	     irontreads   quarkdrive  assaultvest [earthquake, ironhead, rapidspin, voltswitch] ttype=water
INFO     	       jumpluff  infiltrator              [acrobatics, sleeppowder, strengthsap, uturn] ttype=steel
INFO     	        sableye    prankster    leftovers [encore, knockoff, recover, thunderwave] ttype=steel
INFO     	       greedent   cheekpouch  sitrusberry [bodyslam, earthquake, knockoff, swordsdance] ttype=ground
INFO     	        dedenne   cheekpouch  sitrusberry [dazzlinggleam, nuzzle, thunderbolt, uturn] ttype=flying
INFO     Sampling battle 6
INFO     	         lunala shadowshield    leftovers [calmmind, moongeistbeam, moonlight, psyshock] ttype=fairy
INFO     Sampling 5 unrevealed pokemon
INFO     	  arcaninehisui     rockhead   choiceband [closecombat, extremespeed, flareblitz, headsmash] ttype=normal
INFO     	       cobalion    justified    leftovers [closecombat, ironhead, swordsdance, taunt] ttype=fighting
INFO     	        diancie    clearbody    leftovers [bodypress, diamondstorm, moonblast, rockpolish] ttype=fighting
INFO     	 electrodehisui   soundproof    leftovers [gigadrain, leechseed, substitute, thunderbolt] ttype=poison
INFO     	         zacian intrepidsword   choiceband [closecombat, playrough, psychicfangs, wildcharge] ttype=fighting
INFO     Sampling battle 7
INFO     	         lunala shadowshield    leftovers [calmmind, moongeistbeam, moonlight, psyshock] ttype=fairy
INFO     Sampling 5 unrevealed pokemon
INFO     	       frosmoth    icescales heavydutyboots [bugbuzz, gigadrain, icebeam, quiverdance] ttype=water
INFO     	      hydreigon     levitate      lifeorb [darkpulse, dracometeor, flashcannon, nastyplot] ttype=dragon
INFO     	tornadustherian  regenerator  assaultvest [bleakwindstorm, heatwave, knockoff, uturn] ttype=dark
INFO     	  deoxysdefense     pressure  rockyhelmet [psychicnoise, recover, spikes, teleport] ttype=steel
INFO     	  zaciancrowned intrepidsword  rustedsword [behemothblade, closecombat, playrough, swordsdance] ttype=fighting
INFO     Sampling battle 8
INFO     	         lunala shadowshield    leftovers [calmmind, moongeistbeam, moonlight, psyshock] ttype=fairy
INFO     Sampling 5 unrevealed pokemon
INFO     	   greninjabond   battlebond      lifeorb [darkpulse, gunkshot, hydropump, icebeam] ttype=poison
INFO     	    walkingwake protosynthesis      lifeorb [dracometeor, flamethrower, hydrosteam, sunnyday] ttype=fire
INFO     	lycanrocmidnight      noguard      lifeorb [closecombat, playrough, stoneedge, swordsdance] ttype=fighting
INFO     	     toxtricity     punkrock  throatspray [boomburst, gunkshot, overdrive, shiftgear] ttype=normal
INFO     	  slowkinggalar  regenerator  assaultvest [futuresight, psychicnoise, sludgebomb, surf] ttype=fairy
INFO     Sampling battle 9
INFO     	         lunala shadowshield    leftovers [calmmind, moongeistbeam, moonlight, psyshock] ttype=fairy
INFO     Sampling 5 unrevealed pokemon
INFO     	     masquerain   intimidate heavydutyboots [bugbuzz, hurricane, hydropump, quiverdance] ttype=water
INFO     	      rotomheat     levitate heavydutyboots [discharge, overheat, painsplit, willowisp] ttype=steel
INFO     	      hatterene  magicbounce  assaultvest [drainingkiss, mysticalfire, nuzzle, psychicnoise] ttype=steel
INFO     	        dewgong     thickfat heavydutyboots [encore, flipturn, hydropump, icebeam] ttype=dragon
INFO     	      amoonguss  regenerator    leftovers [gigadrain, sludgebomb, spore, stompingtantrum] ttype=steel
INFO     Sampling battle 10
INFO     	         lunala shadowshield    leftovers [calmmind, moongeistbeam, moonlight, psyshock] ttype=fairy
INFO     Sampling 5 unrevealed pokemon
INFO     	        lucario   innerfocus      lifeorb [flashcannon, focusblast, nastyplot, vacuumwave] ttype=fighting
INFO     	      sudowoodo     rockhead    leftovers [earthquake, headsmash, stealthrock, woodhammer] ttype=rock
INFO     	        dedenne   cheekpouch  sitrusberry [dazzlinggleam, nuzzle, thunderbolt, uturn] ttype=flying
INFO     	       tornadus      defiant  choicespecs [bleakwindstorm, focusblast, heatwave, uturn] ttype=fighting
INFO     	       greninja      protean      lifeorb [grassknot, gunkshot, hydropump, icebeam] ttype=poison
INFO     Sampling battle 11
INFO     	         lunala shadowshield    leftovers [calmmind, moongeistbeam, moonlight, psyshock] ttype=fairy
INFO     Sampling 5 unrevealed pokemon
INFO     	       giratina     pressure    leftovers [dragontail, rest, shadowball, willowisp] ttype=fairy
INFO     	    ironvaliant   quarkdrive      lifeorb [closecombat, knockoff, spiritbreak, swordsdance] ttype=fighting
INFO     	   greninjabond   battlebond      lifeorb [darkpulse, gunkshot, hydropump, icebeam] ttype=water
INFO     	       porygonz adaptability  choicespecs [icebeam, shadowball, thunderbolt, triattack] ttype=electric
INFO     	        dondozo      unaware    leftovers [curse, rest, sleeptalk, wavecrash] ttype=fairy
INFO     Sampling battle 12
INFO     	         lunala shadowshield    leftovers [calmmind, moongeistbeam, moonlight, psyshock] ttype=fairy
INFO     Sampling 5 unrevealed pokemon
INFO     	   arceuspoison    multitype   toxicplate [dragondance, earthquake, gunkshot, recover] ttype=ground
INFO     	typhlosionhisui        blaze heavydutyboots [calmmind, fireblast, focusblast, shadowball] ttype=fighting
INFO     	       landorus   sheerforce      lifeorb [earthpower, focusblast, sludgewave, stealthrock] ttype=ground
INFO     	        scrafty   intimidate    leftovers [dragondance, drainpunch, knockoff, poisonjab] ttype=poison
INFO     	        cetitan   sheerforce      lifeorb [earthquake, iceshard, iciclecrash, liquidation] ttype=water
INFO     Sampling battle 13
INFO     	         lunala shadowshield    leftovers [calmmind, moongeistbeam, moonlight, psyshock] ttype=fairy
INFO     Sampling 5 unrevealed pokemon
INFO     	  samurotthisui    sharpness   choiceband [ceaselessedge, flipturn, razorshell, suckerpunch] ttype=water
INFO     	        sylveon     pixilate    leftovers [calmmind, hypervoice, protect, wish] ttype=steel
INFO     	        dugtrio    arenatrap      lifeorb [earthquake, stoneedge, suckerpunch, swordsdance] ttype=flying
INFO     	       lurantis     contrary    leftovers [defog, leafstorm, superpower, synthesis] ttype=fighting
INFO     	         minior  shieldsdown    whiteherb [acrobatics, earthquake, powergem, shellsmash] ttype=steel
INFO     Sampling battle 14
INFO     	         lunala shadowshield    leftovers [calmmind, moongeistbeam, moonlight, psyshock] ttype=fairy
INFO     Sampling 5 unrevealed pokemon
INFO     	    corviknight  mirrorarmor  rockyhelmet [bodypress, bravebird, roost, uturn] ttype=dragon
INFO     	    meowscarada      protean heavydutyboots [flowertrick, knockoff, toxicspikes, uturn] ttype=grass
INFO     	     forretress       sturdy    leftovers [ironhead, rapidspin, spikes, thunderwave] ttype=water
INFO     	       regirock    clearbody    leftovers [bodypress, irondefense, stoneedge, thunderwave] ttype=fighting
INFO     	       glimmora  toxicdebris   airballoon [earthpower, powergem, sludgewave, stealthrock] ttype=ground
INFO     Sampling battle 15
INFO     	         lunala shadowshield    leftovers [calmmind, moongeistbeam, moonlight, psyshock] ttype=fairy
INFO     Sampling 5 unrevealed pokemon
INFO     	        ogerpon      defiant      lifeorb [ivycudgel, knockoff, superpower, swordsdance] ttype=grass
INFO     	        flamigo      scrappy      lifeorb [bravebird, closecombat, roost, swordsdance] ttype=fighting
INFO     	         espeon  magicbounce      lifeorb [alluringvoice, morningsun, psychic, shadowball] ttype=fairy
INFO     	        noivern  infiltrator  choicespecs [boomburst, dracometeor, flamethrower, hurricane] ttype=normal
INFO     	        morpeko hungerswitch    leftovers [aurawheel, knockoff, protect, rapidspin] ttype=electric
INFO     Searching for a move using MCTS...
INFO     Sampling 16 battles at 500ms each
INFO     Choice: leechseed
INFO     Updated lunala's min speed to 131
INFO     lunala already has the move psyshock. Decrementing the PP by 1
INFO     lunala used two different moves - it cannot have a choice item
INFO     lunala used a psychic move, removing psychicgem from possible items
INFO     Setting lunala's last used move: psyshock
INFO     lunala used a damaging move - not guessing lifeorb anymore
INFO     lunala did 67.01% damage to arboliva with psyshock
INFO     Removing arboliva's item: sitrusberry
INFO     Setting arboliva's removed item to sitrusberry
INFO     arboliva already has the move leechseed. Decrementing the PP by 1
INFO     arboliva used a status-move. Adding `assaultvest` to impossible items
INFO     Setting arboliva's last used move: leechseed
INFO     Starting the volatile status leechseed on lunala
INFO     Setting lunala's item to: leftovers
INFO     Setting arboliva's item to sitrusberry
INFO     lunala has less than maxhp during upkeep, no longer guessing leftovers or blacksludge
INFO     
INFO     Turn: 13
INFO     loaded 8 player and 0 effective opponent priors
INFO     Sampling battle 0
INFO     	         lunala shadowshield    leftovers [calmmind, moongeistbeam, moonlight, psyshock] ttype=fairy
INFO     Sampling 5 unrevealed pokemon
INFO     	      blastoise      torrent    whiteherb [earthquake, hydropump, icebeam, shellsmash] ttype=ground
INFO     	     shayminsky  serenegrace    leftovers [airslash, leechseed, seedflare, substitute] ttype=steel
INFO     	       cyclizar  regenerator heavydutyboots [dracometeor, rapidspin, shedtail, taunt] ttype=fairy
INFO     	        scrafty   intimidate    leftovers [dragondance, drainpunch, knockoff, poisonjab] ttype=poison
INFO     	    polteageist   cursedbody    whiteherb [shadowball, shellsmash, storedpower, strengthsap] ttype=dark
INFO     Sampling battle 1
INFO     	         lunala shadowshield    leftovers [calmmind, moongeistbeam, moonlight, psyshock] ttype=fairy
INFO     Sampling 5 unrevealed pokemon
INFO     	       quagsire      unaware    leftovers [earthquake, icebeam, recover, toxic] ttype=fairy
INFO     	   arceusflying    multitype     skyplate [calmmind, earthpower, judgment, recover] ttype=ground
INFO     	         furret        frisk   choiceband [doubleedge, knockoff, trick, uturn] ttype=normal
INFO     	        luvdisc    swiftswim heavydutyboots [endeavor, flipturn, substitute, surf] ttype=ghost
INFO     	       tsareena queenlymajesty      lifeorb [highjumpkick, knockoff, powerwhip, synthesis] ttype=steel
INFO     Sampling battle 2
INFO     	         lunala shadowshield    leftovers [calmmind, moongeistbeam, moonlight, psyshock] ttype=fairy
INFO     Sampling 5 unrevealed pokemon
INFO     	       magearna    soulheart    leftovers [aurasphere, flashcannon, fleurcannon, thunderwave] ttype=water
INFO     	      volcarona        swarm heavydutyboots [bugbuzz, fierydance, quiverdance, terablast] ttype=water
INFO     	            muk  poisontouch    leftovers [drainpunch, gunkshot, haze, knockoff] ttype=dark
INFO     	      bastiodon   soundproof  chestoberry [bodypress, foulplay, irondefense, rest] ttype=fighting
INFO     	      quaquaval        moxie      lifeorb [aquastep, closecombat, swordsdance, tripleaxel] ttype=fighting
INFO     Sampling battle 3
INFO     	         lunala shadowshield    leftovers [calmmind, moongeistbeam, moonlight, psyshock] ttype=fairy
INFO     Sampling 5 unrevealed pokemon
INFO     	         emboar     reckless    leftovers [bulkup, drainpunch, flareblitz, trailblaze] ttype=fighting
INFO     	  samurotthisui    sharpness      lifeorb [ceaselessedge, razorshell, sacredsword, swordsdance] ttype=poison
INFO     	   arceusground    multitype   earthplate [earthquake, extremespeed, stoneedge, swordsdance] ttype=normal
INFO     	        heatran    flashfire   airballoon [earthpower, heavyslam, magmastorm, stealthrock] ttype=grass
INFO     	      zebstrika    sapsipper      lifeorb [highhorsepower, overheat, supercellslam, voltswitch] ttype=ground
INFO     Sampling battle 4
INFO     	         lunala shadowshield    leftovers [calmmind, moongeistbeam, moonlight, psyshock] ttype=fairy
INFO     Sampling 5 unrevealed pokemon
INFO     	      arceusbug    multitype  insectplate [calmmind, fireblast, judgment, recover] ttype=fire
INFO     	       quagsire      unaware    leftovers [earthquake, icebeam, recover, toxic] ttype=fairy
INFO     	        avalugg       sturdy heavydutyboots [avalanche, bodypress, rapidspin, recover] ttype=fighting
INFO     	         eiscue      iceface  sitrusberry [bellydrum, icespinner, liquidation, zenheadbutt] ttype=water
INFO     	        ambipom   technician    silkscarf [doubleedge, fakeout, knockoff, uturn] ttype=normal
INFO     Sampling battle 5
INFO     	         lunala shadowshield    leftovers [calmmind, moongeistbeam, moonlight, psyshock] ttype=fairy
INFO     Sampling 5 unrevealed pokemon
INFO     	      toxicroak      dryskin      lifeorb [closecombat, gunkshot, suckerpunch, swordsdance] ttype=fighting
INFO     	     perrserker   toughclaws   choiceband [closecombat, ironhead, knockoff, uturn] ttype=fighting
INFO     	      palossand watercompaction    leftovers [earthpower, shadowball, shoreup, sludgebomb] ttype=poison
INFO     	        bruxish    strongjaw   choiceband [aquajet, crunch, psychicfangs, wavecrash] ttype=dark
INFO     	        flareon         guts     toxicorb [facade, flareblitz, quickattack, trailblaze] ttype=normal
INFO     Sampling battle 6
INFO     	         lunala shadowshield    leftovers [calmmind, moongeistbeam, moonlight, psyshock] ttype=fairy
INFO     Sampling 5 unrevealed pokemon
INFO     	        snorlax     thickfat    leftovers [bodyslam, crunch, curse, earthquake] ttype=ground
INFO     	    sandyshocks protosynthesis heavydutyboots [earthpower, thunderbolt, thunderwave, voltswitch] ttype=electric
INFO     	     irontreads   quarkdrive  assaultvest [earthquake, ironhead, rapidspin, voltswitch] ttype=water
INFO     	    kyuremwhite   turboblaze  choicescarf [dracometeor, freezedry, fusionflare, icebeam] ttype=dragon
INFO     	      volcarona    flamebody heavydutyboots [fireblast, gigadrain, quiverdance, terablast] ttype=water
INFO     Sampling battle 7
INFO     	         lunala shadowshield    leftovers [calmmind, moongeistbeam, moonlight, psyshock] ttype=fairy
INFO     Sampling 5 unrevealed pokemon
INFO     	        lanturn   voltabsorb    leftovers [icebeam, scald, thunderbolt, thunderwave] ttype=flying
INFO     	       ursaluna         guts     flameorb [crunch, facade, headlongrush, trailblaze] ttype=normal
INFO     	    ironjugulis   quarkdrive    powerherb [darkpulse, earthpower, hurricane, meteorbeam] ttype=dark
INFO     	     scovillain  chlorophyll    leftovers [flamethrower, leechseed, protect, substitute] ttype=steel
INFO     	       salazzle    corrosion heavydutyboots [fireblast, nastyplot, sludgewave, terablast] ttype=grass
INFO     Sampling battle 8
INFO     	         lunala shadowshield    leftovers [calmmind, moongeistbeam, moonlight, psyshock] ttype=fairy
INFO     Sampling 5 unrevealed pokemon
INFO     	        zoroark     illusion      lifeorb [darkpulse, encore, nastyplot, sludgebomb] ttype=poison
INFO     	      poliwrath    swiftswim      lifeorb [closecombat, knockoff, liquidation, raindance] ttype=dark
INFO     	         regice    clearbody heavydutyboots [icebeam, rest, sleeptalk, thunderbolt] ttype=electric
INFO     	    kyuremwhite   turboblaze  choicescarf [dracometeor, earthpower, freezedry, fusionflare] ttype=dragon
INFO     	        flareon         guts     toxicorb [facade, flareblitz, trailblaze, willowisp] ttype=normal
INFO     Sampling battle 9
INFO     	         lunala shadowshield    leftovers [calmmind, moongeistbeam, moonlight, psyshock] ttype=fairy
INFO     Sampling 5 unrevealed pokemon
INFO     	      palossand watercompaction    leftovers [earthpower, shadowball, shoreup, stealthrock] ttype=poison
INFO     	      regidrago   dragonsmaw  choicescarf [dracometeor, dragonenergy, earthquake, outrage] ttype=dragon
INFO     	         pawmot   voltabsorb   leppaberry [closecombat, doubleshock, nuzzle, revivalblessing] ttype=electric
INFO     	      cryogonal     levitate heavydutyboots [icebeam, rapidspin, recover, terablast] ttype=electric
INFO     	       venusaur     overgrow    leftovers [gigadrain, leechseed, sludgebomb, substitute] ttype=water
INFO     Sampling battle 10
INFO     	         lunala shadowshield    leftovers [calmmind, moongeistbeam, moonlight, psyshock] ttype=fairy
INFO     Sampling 5 unrevealed pokemon
INFO     	      hitmontop   intimidate  assaultvest [closecombat, earthquake, rapidspin, stoneedge] ttype=steel
INFO     	       inteleon      torrent  choicespecs [hydropump, icebeam, scald, uturn] ttype=water
INFO     	          arbok   intimidate    leftovers [coil, earthquake, gunkshot, trailblaze] ttype=grass
INFO     	      glastrier chillingneigh   choiceband [closecombat, heavyslam, highhorsepower, iciclecrash] ttype=fighting
INFO     	        lucario    justified   choiceband [closecombat, extremespeed, meteormash, stoneedge] ttype=normal
INFO     Sampling battle 11
INFO     	         lunala shadowshield    leftovers [calmmind, moongeistbeam, moonlight, psyshock] ttype=fairy
INFO     Sampling 5 unrevealed pokemon
INFO     	        delphox        blaze heavydutyboots [fireblast, focusblast, nastyplot, psyshock] ttype=fighting
INFO     	        slaking       truant   choiceband [doubleedge, earthquake, gigaimpact, knockoff] ttype=ghost
INFO     	         pawmot     ironfist      lifeorb [closecombat, doubleshock, icepunch, revivalblessing] ttype=electric
INFO     	       maushold   technician     widelens [bite, encore, populationbomb, tidyup] ttype=ghost
INFO     	        drednaw   shellarmor    whiteherb [earthquake, liquidation, shellsmash, stoneedge] ttype=ground
INFO     Sampling battle 12
INFO     	         lunala shadowshield    leftovers [calmmind, moongeistbeam, moonlight, psyshock] ttype=fairy
INFO     Sampling 5 unrevealed pokemon
INFO     	      spiritomb  infiltrator    leftovers [foulplay, poltergeist, shadowsneak, toxic] ttype=steel
INFO     	    gougingfire protosynthesis heavydutyboots [dragondance, earthquake, heatcrash, outrage] ttype=ground
INFO     	     perrserker   toughclaws      lifeorb [closecombat, ironhead, stealthrock, uturn] ttype=fighting
INFO     	      azumarill    hugepower   choiceband [aquajet, knockoff, liquidation, playrough] ttype=water
INFO     	      piloswine     thickfat     eviolite [earthquake, iceshard, iciclecrash, roar] ttype=poison
INFO     Sampling battle 13
INFO     	         lunala shadowshield    leftovers [calmmind, moongeistbeam, moonlight, psyshock] ttype=fairy
INFO     Sampling 5 unrevealed pokemon
INFO     	      vileplume  effectspore    leftovers [gigadrain, leechseed, sludgebomb, strengthsap] ttype=water
INFO     	    goodrahisui    sapsipper  assaultvest [dracometeor, fireblast, heavyslam, hydropump] ttype=dragon
INFO     	         zapdos       static heavydutyboots [heatwave, hurricane, roost, thunderbolt] ttype=steel
INFO     	        zoroark     illusion      lifeorb [darkpulse, focusblast, nastyplot, sludgebomb] ttype=poison
INFO     	   hoopaunbound     magician  choicescarf [focusblast, hyperspacefury, psychic, trick] ttype=fighting
INFO     Sampling battle 14
INFO     	         lunala shadowshield    leftovers [calmmind, moongeistbeam, moonlight, psyshock] ttype=fairy
INFO     Sampling 5 unrevealed pokemon
INFO     	         luxray         guts     flameorb [facade, supercellslam, throatchop, trailblaze] ttype=normal
INFO     	      hydrapple  regenerator  choicespecs [dracometeor, earthpower, ficklebeam, leafstorm] ttype=steel
INFO     	    arceuswater    multitype  splashplate [icebeam, judgment, recover, willowisp] ttype=steel
INFO     	      duraludon   lightmetal     eviolite [bodypress, dracometeor, dragontail, flashcannon] ttype=fighting
INFO     	         raikou     pressure    leftovers [calmmind, scald, shadowball, thunderbolt] ttype=electric
INFO     Sampling battle 15
INFO     	         lunala shadowshield    leftovers [calmmind, moongeistbeam, moonlight, psyshock] ttype=fairy
INFO     Sampling 5 unrevealed pokemon
INFO     	        blissey  naturalcure    leftovers [healbell, seismictoss, softboiled, thunderwave] ttype=fairy
INFO     	   hoopaunbound     magician  choicescarf [gunkshot, hyperspacefury, psychic, trick] ttype=poison
INFO     	        flapple       hustle     widelens [dragondance, gravapple, outrage, suckerpunch] ttype=steel
INFO     	    slitherwing protosynthesis heavydutyboots [closecombat, morningsun, uturn, willowisp] ttype=steel
INFO     	       overqwil   intimidate   choiceband [aquajet, crunch, gunkshot, liquidation] ttype=water
INFO     Searching for a move using MCTS...
INFO     Sampling 16 battles at 500ms each
INFO     Choice: protect
INFO     arboliva already has the move protect. Decrementing the PP by 1
INFO     arboliva used a status-move. Adding `assaultvest` to impossible items
INFO     Setting arboliva's last used move: protect
INFO     arboliva used a protect move, set protect side condition to 2
INFO     lunala already has the move psyshock. Decrementing the PP by 1
INFO     lunala used a psychic move, removing psychicgem from possible items
INFO     Setting lunala's last used move: psyshock
INFO     lunala used a damaging move - not guessing lifeorb anymore
INFO     Setting lunala's item to: leftovers
INFO     Setting protect to 1 for the bot
INFO     lunala has less than maxhp during upkeep, no longer guessing leftovers or blacksludge
INFO     
INFO     Turn: 14
INFO     loaded 8 player and 0 effective opponent priors
INFO     Sampling battle 0
INFO     	         lunala shadowshield    leftovers [calmmind, moongeistbeam, moonlight, psyshock] ttype=fairy
INFO     Sampling 5 unrevealed pokemon
INFO     	         veluza    sharpness   choiceband [aquacutter, flipturn, nightslash, psychocut] ttype=dark
INFO     	    goodrahisui    sapsipper  assaultvest [dracometeor, earthquake, fireblast, heavyslam] ttype=ground
INFO     	       ribombee   shielddust heavydutyboots [bugbuzz, moonblast, quiverdance, terablast] ttype=ground
INFO     	      volcanion  waterabsorb heavydutyboots [earthpower, flamethrower, haze, steameruption] ttype=ground
INFO     	      honchkrow        moxie heavydutyboots [bravebird, heatwave, suckerpunch, uturn] ttype=flying
INFO     Sampling battle 1
INFO     	         lunala shadowshield    leftovers [calmmind, moongeistbeam, moonlight, psyshock] ttype=fairy
INFO     Sampling 5 unrevealed pokemon
INFO     	  oricoriosensu       dancer heavydutyboots [hurricane, quiverdance, revelationdance, roost] ttype=fighting
INFO     	   weezinggalar     levitate    leftovers [gunkshot, painsplit, strangesteam, willowisp] ttype=steel
INFO     	      duraludon   lightmetal     eviolite [bodypress, dracometeor, flashcannon, thunderwave] ttype=fighting
INFO     	    ironvaliant   quarkdrive      lifeorb [closecombat, encore, knockoff, moonblast] ttype=steel
INFO     	       vivillon compoundeyes heavydutyboots [hurricane, quiverdance, sleeppowder, terablast] ttype=ground
INFO     Sampling battle 2
INFO     	         lunala shadowshield    leftovers [calmmind, moongeistbeam, moonlight, psyshock] ttype=fairy
INFO     Sampling 5 unrevealed pokemon
INFO     	typhlosionhisui        blaze  choicespecs [eruption, fireblast, focusblast, shadowball] ttype=fire
INFO     	        palafin   zerotohero   choiceband [closecombat, flipturn, jetpunch, wavecrash] ttype=water
INFO     	     tentacruel   liquidooze    leftovers [knockoff, sludgebomb, surf, toxic] ttype=grass
INFO     	        spidops     stakeout heavydutyboots [circlethrow, spikes, stickyweb, toxicspikes] ttype=ghost
INFO     	         tauros   sheerforce      lifeorb [bodyslam, closecombat, earthquake, throatchop] ttype=normal
INFO     Sampling battle 3
INFO     	         lunala shadowshield    leftovers [calmmind, moongeistbeam, moonlight, psyshock] ttype=fairy
INFO     Sampling 5 unrevealed pokemon
INFO     	         zekrom     teravolt    leftovers [boltstrike, dragondance, outrage, substitute] ttype=fairy
INFO     	       tsareena queenlymajesty      lifeorb [knockoff, powerwhip, synthesis, tripleaxel] ttype=steel
INFO     	        calyrex      unnerve    leftovers [calmmind, encore, gigadrain, psyshock] ttype=steel
INFO     	       arcanine   intimidate heavydutyboots [closecombat, extremespeed, flareblitz, morningsun] ttype=normal
INFO     	    stonjourner    powerspot      lifeorb [earthquake, heatcrash, stealthrock, stoneedge] ttype=fire
INFO     Sampling battle 4
INFO     	         lunala shadowshield    leftovers [calmmind, moongeistbeam, moonlight, psyshock] ttype=fairy
INFO     Sampling 5 unrevealed pokemon
INFO     	       giratina     pressure    leftovers [defog, dragontail, shadowball, willowisp] ttype=fairy
INFO     	       arcanine   intimidate heavydutyboots [extremespeed, flareblitz, morningsun, willowisp] ttype=normal
INFO     	        noivern  infiltrator heavydutyboots [dracometeor, flamethrower, hurricane, roost] ttype=fire
INFO     	        torkoal      drought heavydutyboots [lavaplume, rapidspin, solarbeam, stealthrock] ttype=grass
INFO     	      poliwrath    swiftswim      lifeorb [closecombat, knockoff, liquidation, raindance] ttype=fighting
INFO     Sampling battle 5
INFO     	         lunala shadowshield    leftovers [calmmind, moongeistbeam, moonlight, psyshock] ttype=fairy
INFO     Sampling 5 unrevealed pokemon
INFO     	    arceusghost    multitype  spookyplate [calmmind, focusblast, judgment, recover] ttype=fighting
INFO     	        luvdisc    swiftswim heavydutyboots [endeavor, substitute, surf, whirlpool] ttype=ghost
INFO     	   crabominable     ironfist   choiceband [drainpunch, gunkshot, icehammer, knockoff] ttype=fighting
INFO     	        spidops     stakeout heavydutyboots [circlethrow, knockoff, spikes, stickyweb] ttype=ghost
INFO     	     masquerain   intimidate heavydutyboots [bugbuzz, hurricane, hydropump, quiverdance] ttype=water
INFO     Sampling battle 6
INFO     	         lunala shadowshield    leftovers [calmmind, moongeistbeam, moonlight, psyshock] ttype=fairy
INFO     Sampling 5 unrevealed pokemon
INFO     	       meloetta  serenegrace    leftovers [calmmind, focusblast, hypervoice, psyshock] ttype=normal
INFO     	     chesnaught  bulletproof    leftovers [bodypress, irondefense, synthesis, trailblaze] ttype=steel
INFO     	   basculegionf adaptability  assaultvest [flipturn, hydropump, shadowball, wavecrash] ttype=water
INFO     	        chansey  naturalcure     eviolite [healbell, seismictoss, softboiled, thunderwave] ttype=ghost
INFO     	    arceusfairy    multitype   pixieplate [calmmind, earthpower, judgment, recover] ttype=ground
INFO     Sampling battle 7
INFO     	         lunala shadowshield    leftovers [calmmind, moongeistbeam, moonlight, psyshock] ttype=fairy
INFO     Sampling 5 unrevealed pokemon
INFO     	     golemalola    galvanize   choiceband [doubleedge, earthquake, explosion, stoneedge] ttype=grass
INFO     	      eternatus     pressure    leftovers [dynamaxcannon, fireblast, recover, sludgebomb] ttype=fire
INFO     	 oricoriopompom       dancer heavydutyboots [hurricane, quiverdance, revelationdance, roost] ttype=ground
INFO     	       cyclizar  regenerator heavydutyboots [dracometeor, rapidspin, shedtail, taunt] ttype=fairy
INFO     	       medicham    purepower   choiceband [bulletpunch, closecombat, trick, zenheadbutt] ttype=fighting
INFO     Sampling battle 8
INFO     	         lunala shadowshield    leftovers [calmmind, moongeistbeam, moonlight, psyshock] ttype=fairy
INFO     Sampling 5 unrevealed pokemon
INFO     	    kyuremblack     teravolt   loadeddice [dragondance, fusionbolt, iciclespear, scaleshot] ttype=electric
INFO     	        delphox        blaze  choicescarf [fireblast, focusblast, grassknot, psyshock] ttype=grass
INFO     	         komala     comatose  assaultvest [bodyslam, knockoff, rapidspin, uturn] ttype=ghost
INFO     	       maushold   technician     widelens [bite, encore, populationbomb, tidyup] ttype=ghost
INFO     	       dusknoir        frisk    leftovers [painsplit, poltergeist, shadowsneak, willowisp] ttype=fairy
INFO     Sampling battle 9
INFO     	         lunala shadowshield    leftovers [calmmind, moongeistbeam, moonlight, psyshock] ttype=fairy
INFO     Sampling 5 unrevealed pokemon
INFO     	      ceruledge    weakarmor heavydutyboots [bitterblade, closecombat, poltergeist, swordsdance] ttype=fire
INFO     	     kricketune   technician heavydutyboots [knockoff, pounce, stickyweb, taunt] ttype=ghost
INFO     	     sandaconda     shedskin    leftovers [earthquake, glare, rest, stoneedge] ttype=water
INFO     	        dewgong     thickfat  assaultvest [flipturn, hydropump, icebeam, knockoff] ttype=dragon
INFO     	        kingdra    swiftswim      lifeorb [dracometeor, hurricane, raindance, wavecrash] ttype=water
INFO     Sampling battle 10
INFO     	         lunala shadowshield    leftovers [calmmind, moongeistbeam, moonlight, psyshock] ttype=fairy
INFO     Sampling 5 unrevealed pokemon
INFO     	      armarouge    weakarmor    powerherb [armorcannon, energyball, meteorbeam, psyshock] ttype=grass
INFO     	       swampert         damp    leftovers [earthquake, icebeam, knockoff, stealthrock] ttype=poison
INFO     	      dunsparce  serenegrace     eviolite [bodyslam, coil, earthquake, roost] ttype=ghost
INFO     	       pelipper      drizzle  choicespecs [hurricane, hydropump, uturn, weatherball] ttype=water
INFO     	 giratinaorigin     levitate griseouscore [dracometeor, dragontail, poltergeist, shadowsneak] ttype=steel
INFO     Sampling battle 11
INFO     	         lunala shadowshield    leftovers [calmmind, moongeistbeam, moonlight, psyshock] ttype=fairy
INFO     Sampling 5 unrevealed pokemon
INFO     	      staraptor     reckless   choiceband [bravebird, closecombat, doubleedge, quickattack] ttype=fighting
INFO     	         tinglu vesselofruin    leftovers [earthquake, spikes, throatchop, whirlwind] ttype=poison
INFO     	       meganium     overgrow    leftovers [earthquake, knockoff, petalblizzard, swordsdance] ttype=steel
INFO     	      blastoise      torrent    whiteherb [hydropump, icebeam, shellsmash, terablast] ttype=grass
INFO     	           uxie     levitate    leftovers [encore, psychicnoise, stealthrock, uturn] ttype=dark
INFO     Sampling battle 12
INFO     	         lunala shadowshield    leftovers [calmmind, moongeistbeam, moonlight, psyshock] ttype=fairy
INFO     Sampling 5 unrevealed pokemon
INFO     	ursalunabloodmoon     mindseye    leftovers [bloodmoon, calmmind, earthpower, moonlight] ttype=normal
INFO     	       alcremie    aromaveil    leftovers [alluringvoice, calmmind, psyshock, recover] ttype=poison
INFO     	      glastrier chillingneigh heavydutyboots [closecombat, heavyslam, iciclecrash, swordsdance] ttype=fighting
INFO     	        dugtrio    arenatrap      lifeorb [earthquake, stoneedge, suckerpunch, swordsdance] ttype=ground
INFO     	    raichualola  surgesurfer  choicespecs [focusblast, grassknot, psyshock, thunderbolt] ttype=grass
INFO     Sampling battle 13
INFO     	         lunala shadowshield    leftovers [calmmind, moongeistbeam, moonlight, psyshock] ttype=fairy
INFO     Sampling 5 unrevealed pokemon
INFO     	        sylveon     pixilate    leftovers [calmmind, hypervoice, protect, wish] ttype=steel
INFO     	      palossand watercompaction    leftovers [earthpower, shadowball, shoreup, sludgebomb] ttype=water
INFO     	       rayquaza      airlock   choiceband [dragonascent, earthquake, extremespeed, uturn] ttype=normal
INFO     	         goodra    sapsipper  assaultvest [dracometeor, earthquake, scald, sludgebomb] ttype=ground
INFO     	       ribombee   shielddust heavydutyboots [moonblast, stickyweb, stunspore, uturn] ttype=ghost
INFO     Sampling battle 14
INFO     	         lunala shadowshield    leftovers [calmmind, moongeistbeam, moonlight, psyshock] ttype=fairy
INFO     Sampling 5 unrevealed pokemon
INFO     	      clawitzer megalauncher  choicespecs [darkpulse, dragonpulse, uturn, waterpulse] ttype=dark
INFO     	      zamazenta dauntlessshield    leftovers [bodypress, irondefense, ironhead, stoneedge] ttype=steel
INFO     	 lilliganthisui       hustle      lifeorb [closecombat, icespinner, leafblade, victorydance] ttype=fighting
INFO     	         furret        frisk   choiceband [doubleedge, knockoff, trick, uturn] ttype=ghost
INFO     	        chansey  naturalcure     eviolite [healbell, seismictoss, softboiled, thunderwave] ttype=fairy
INFO     Sampling battle 15
INFO     	         lunala shadowshield    leftovers [calmmind, moongeistbeam, moonlight, psyshock] ttype=fairy
INFO     Sampling 5 unrevealed pokemon
INFO     	       appletun     thickfat    leftovers [appleacid, dragonpulse, leechseed, recover] ttype=steel
INFO     	         dodrio    earlybird   choiceband [bravebird, doubleedge, drillrun, knockoff] ttype=flying
INFO     	     krookodile   intimidate      lifeorb [earthquake, knockoff, stealthrock, stoneedge] ttype=ground
INFO     	       greninja      protean      lifeorb [darkpulse, gunkshot, hydropump, uturn] ttype=water
INFO     	       gumshoos adaptability   choiceband [doubleedge, earthquake, knockoff, uturn] ttype=ground
INFO     Searching for a move using MCTS...
INFO     Sampling 16 battles at 500ms each
INFO     Choice: hypervoice
INFO     Updated lunala's min speed to 131
INFO     lunala already has the move psyshock. Decrementing the PP by 1
INFO     lunala used a psychic move, removing psychicgem from possible items
INFO     Setting lunala's last used move: psyshock
INFO     lunala used a damaging move - not guessing lifeorb anymore
INFO     lunala did 60.419999999999995% damage to arboliva with psyshock
INFO     Removing arboliva's item: sitrusberry
INFO     arboliva already has the move hypervoice. Decrementing the PP by 1
INFO     arboliva used a normal move, removing normalgem from possible items
INFO     Setting arboliva's last used move: hypervoice
INFO     arboliva used a damaging move - not guessing lifeorb anymore
INFO     arboliva did 19.0% damage to lunala with hypervoice
INFO     Setting lunala's item to: leftovers
INFO     Setting arboliva's item to sitrusberry
INFO     Setting protect to 0 for the bot
INFO     lunala has less than maxhp during upkeep, no longer guessing leftovers or blacksludge
INFO     
INFO     Turn: 15
INFO     loaded 8 player and 0 effective opponent priors
INFO     Sampling battle 0
INFO     	         lunala shadowshield    leftovers [calmmind, moongeistbeam, moonlight, psyshock] ttype=fairy
INFO     Sampling 5 unrevealed pokemon
INFO     	        seviper     shedskin    leftovers [earthquake, gunkshot, swordsdance, trailblaze] ttype=ground
INFO     	    stonjourner    powerspot      lifeorb [earthquake, heatcrash, stealthrock, stoneedge] ttype=fire
INFO     	     skeledirge      unaware heavydutyboots [flamecharge, shadowball, slackoff, torchsong] ttype=water
INFO     	      glastrier chillingneigh heavydutyboots [closecombat, heavyslam, iciclecrash, swordsdance] ttype=fighting
INFO     	     calyrexice asoneglastrier weaknesspolicy [agility, closecombat, glaciallance, highhorsepower] ttype=ground
INFO     Sampling battle 1
INFO     	         lunala shadowshield    leftovers [calmmind, moongeistbeam, moonlight, psyshock] ttype=fairy
INFO     Sampling 5 unrevealed pokemon
INFO     	    arceusfairy    multitype   pixieplate [calmmind, earthpower, judgment, recover] ttype=ground
INFO     	        scyther   technician heavydutyboots [closecombat, defog, dualwingbeat, uturn] ttype=fighting
INFO     	      hippowdon   sandstream    leftovers [earthquake, slackoff, stoneedge, whirlwind] ttype=steel
INFO     	        wugtrio        gooey   choiceband [aquajet, liquidation, stompingtantrum, throatchop] ttype=ground
INFO     	     skeledirge      unaware heavydutyboots [flamecharge, shadowball, slackoff, torchsong] ttype=water
INFO     Sampling battle 2
INFO     	         lunala shadowshield    leftovers [calmmind, moongeistbeam, moonlight, psyshock] ttype=fairy
INFO     Sampling 5 unrevealed pokemon
INFO     	   squawkabilly         guts     flameorb [bravebird, facade, quickattack, uturn] ttype=normal
INFO     	      greattusk protosynthesis    leftovers [bulkup, closecombat, earthquake, rapidspin] ttype=steel
INFO     	      clawitzer megalauncher  choicespecs [darkpulse, dragonpulse, icebeam, waterpulse] ttype=dark
INFO     	       venomoth   tintedlens heavydutyboots [bugbuzz, quiverdance, sleeppowder, sludgewave] ttype=poison
INFO     	    kilowattrel   voltabsorb heavydutyboots [discharge, hurricane, roost, uturn] ttype=steel
INFO     Sampling battle 3
INFO     	         lunala shadowshield    leftovers [calmmind, moongeistbeam, moonlight, psyshock] ttype=fairy
INFO     Sampling 5 unrevealed pokemon
INFO     	      staraptor     reckless   choiceband [bravebird, closecombat, doubleedge, quickattack] ttype=flying
INFO     	      cinderace       libero   choiceband [gunkshot, highjumpkick, pyroball, uturn] ttype=fire
INFO     	        flamigo      scrappy  choicescarf [bravebird, closecombat, throatchop, uturn] ttype=fighting
INFO     	       oranguru   innerfocus  choicespecs [focusblast, hypervoice, psyshock, trick] ttype=psychic
INFO     	      eternatus     pressure    leftovers [dynamaxcannon, fireblast, recover, sludgebomb] ttype=fire
INFO     Sampling battle 4
INFO     	         lunala shadowshield    leftovers [calmmind, moongeistbeam, moonlight, psyshock] ttype=fairy
INFO     Sampling 5 unrevealed pokemon
INFO     	       qwilfish   intimidate    leftovers [gunkshot, spikes, toxicspikes, waterfall] ttype=dark
INFO     	        calyrex      unnerve    leftovers [calmmind, gigadrain, leechseed, psychic] ttype=steel
INFO     	     baxcalibur thermalexchange   choiceband [earthquake, glaiverush, iceshard, iciclecrash] ttype=dragon
INFO     	     hitmonchan     ironfist  assaultvest [drainpunch, knockoff, poisonjab, rapidspin] ttype=steel
INFO     	     annihilape      defiant    leftovers [bulkup, drainpunch, ragefist, taunt] ttype=steel
INFO     Sampling battle 5
INFO     	         lunala shadowshield    leftovers [calmmind, moongeistbeam, moonlight, psyshock] ttype=fairy
INFO     Sampling 5 unrevealed pokemon
INFO     	landorustherian   intimidate    leftovers [earthquake, stealthrock, taunt, uturn] ttype=ground
INFO     	      zamazenta dauntlessshield   choiceband [closecombat, crunch, ironhead, stoneedge] ttype=dark
INFO     	        donphan       sturdy  assaultvest [earthquake, icespinner, knockoff, rapidspin] ttype=dragon
INFO     	          lugia   multiscale heavydutyboots [aeroblast, calmmind, earthpower, recover] ttype=ground
INFO     	      ceruledge    weakarmor heavydutyboots [bitterblade, closecombat, poltergeist, swordsdance] ttype=ghost
INFO     Sampling battle 6
INFO     	         lunala shadowshield    leftovers [calmmind, moongeistbeam, moonlight, psyshock] ttype=fairy
INFO     Sampling 5 unrevealed pokemon
INFO     	     houndstone       fluffy    leftovers [bodypress, poltergeist, rest, sleeptalk] ttype=fighting
INFO     	      magnezone     analytic  assaultvest [flashcannon, mirrorcoat, thunderbolt, voltswitch] ttype=flying
INFO     	     tentacruel   liquidooze    leftovers [rapidspin, sludgebomb, surf, toxic] ttype=flying
INFO     	        manaphy    hydration    leftovers [energyball, hydropump, icebeam, tailglow] ttype=water
INFO     	       clefable      unaware    leftovers [calmmind, fireblast, moonblast, moonlight] ttype=steel
INFO     Sampling battle 7
INFO     	         lunala shadowshield    leftovers [calmmind, moongeistbeam, moonlight, psyshock] ttype=fairy
INFO     Sampling 5 unrevealed pokemon
INFO     	       blaziken   speedboost      lifeorb [closecombat, flareblitz, knockoff, swordsdance] ttype=dark
INFO     	enamorustherian     overcoat weaknesspolicy [agility, earthpower, moonblast, mysticalfire] ttype=ground
INFO     	       illumise    prankster heavydutyboots [bugbuzz, encore, roost, thunderwave] ttype=steel
INFO     	        volbeat    prankster heavydutyboots [encore, lunge, roost, thunderwave] ttype=steel
INFO     	      tatsugiri   stormdrain heavydutyboots [dracometeor, nastyplot, rapidspin, surf] ttype=steel
INFO     Sampling battle 8
INFO     	         lunala shadowshield    leftovers [calmmind, moongeistbeam, moonlight, psyshock] ttype=fairy
INFO     Sampling 5 unrevealed pokemon
INFO     	      hitmonlee     unburden    whiteherb [closecombat, knockoff, poisonjab, swordsdance] ttype=dark
INFO     	        spidops     stakeout heavydutyboots [circlethrow, spikes, stickyweb, uturn] ttype=ghost
INFO     	        suicune     pressure    leftovers [calmmind, icebeam, scald, substitute] ttype=dragon
INFO     	    stonjourner    powerspot      lifeorb [earthquake, heatcrash, rockpolish, stoneedge] ttype=ground
INFO     	     galvantula compoundeyes heavydutyboots [bugbuzz, energyball, stickyweb, thunder] ttype=electric
INFO     Sampling battle 9
INFO     	         lunala shadowshield    leftovers [calmmind, moongeistbeam, moonlight, psyshock] ttype=fairy
INFO     Sampling 5 unrevealed pokemon
INFO     	         eiscue      iceface  sitrusberry [bellydrum, icespinner, liquidation, zenheadbutt] ttype=water
INFO     	       ironmoth   quarkdrive heavydutyboots [fierydance, morningsun, sludgewave, toxicspikes] ttype=fire
INFO     	   weezinggalar     levitate    leftovers [defog, fireblast, gunkshot, strangesteam] ttype=steel
INFO     	        torkoal      drought heavydutyboots [fireblast, solarbeam, stealthrock, yawn] ttype=grass
INFO     	        umbreon  synchronize    leftovers [foulplay, protect, toxic, wish] ttype=poison
INFO     Sampling battle 10
INFO     	         lunala shadowshield    leftovers [calmmind, moongeistbeam, moonlight, psyshock] ttype=fairy
INFO     Sampling 5 unrevealed pokemon
INFO     	  arceuspsychic    multitype    mindplate [bodypress, cosmicpower, recover, storedpower] ttype=steel
INFO     	       grafaiai  poisontouch      lifeorb [gunkshot, knockoff, lowkick, swordsdance] ttype=dark
INFO     	       vivillon compoundeyes heavydutyboots [hurricane, quiverdance, sleeppowder, terablast] ttype=ground
INFO     	       zangoose   toxicboost     toxicorb [facade, knockoff, quickattack, swordsdance] ttype=normal
INFO     	      zebstrika    sapsipper      lifeorb [highhorsepower, overheat, supercellslam, voltswitch] ttype=ground
INFO     Sampling battle 11
INFO     	         lunala shadowshield    leftovers [calmmind, moongeistbeam, moonlight, psyshock] ttype=fairy
INFO     Sampling 5 unrevealed pokemon
INFO     	      passimian      defiant   choiceband [closecombat, knockoff, rockslide, uturn] ttype=dark
INFO     	         plusle lightningrod      lifeorb [encore, grassknot, nastyplot, thunderbolt] ttype=grass
INFO     	      farigiraf    sapsipper    leftovers [bodyslam, protect, psychicnoise, wish] ttype=ground
INFO     	     grimmsnarl    prankster    lightclay [lightscreen, partingshot, reflect, spiritbreak] ttype=steel
INFO     	         rhydon lightningrod     eviolite [earthquake, megahorn, stoneedge, swordsdance] ttype=dragon
INFO     Sampling battle 12
INFO     	         lunala shadowshield    leftovers [calmmind, moongeistbeam, moonlight, psyshock] ttype=fairy
INFO     Sampling 5 unrevealed pokemon
INFO     	        kleavor    sharpness heavydutyboots [closecombat, stoneaxe, swordsdance, xscissor] ttype=fighting
INFO     	      eternatus     pressure    powerherb [dynamaxcannon, fireblast, meteorbeam, sludgebomb] ttype=poison
INFO     	       swampert      torrent    leftovers [earthquake, flipturn, icebeam, yawn] ttype=poison
INFO     	     arceusdark    multitype   dreadplate [calmmind, judgment, recover, sludgebomb] ttype=poison
INFO     	       ludicolo    swiftswim  choicespecs [gigadrain, hydropump, icebeam, leafstorm] ttype=grass
INFO     Sampling battle 13
INFO     	         lunala shadowshield    leftovers [calmmind, moongeistbeam, moonlight, psyshock] ttype=fairy
INFO     Sampling 5 unrevealed pokemon
INFO     	        delphox        blaze heavydutyboots [fireblast, grassknot, nastyplot, psyshock] ttype=grass
INFO     	        toxapex  regenerator    leftovers [haze, liquidation, recover, toxic] ttype=grass
INFO     	      dragonite   multiscale heavydutyboots [dragondance, earthquake, outrage, roost] ttype=steel
INFO     	        florges   flowerveil    leftovers [calmmind, moonblast, protect, wish] ttype=steel
INFO     	      coalossal    flamebody heavydutyboots [flamethrower, rapidspin, stoneedge, willowisp] ttype=grass
INFO     Sampling battle 14
INFO     	         lunala shadowshield    leftovers [calmmind, moongeistbeam, moonlight, psyshock] ttype=fairy
INFO     Sampling 5 unrevealed pokemon
INFO     	   zoroarkhisui     illusion      lifeorb [focusblast, hypervoice, poltergeist, willowisp] ttype=fighting
INFO     	     whimsicott    prankster    leftovers [encore, leechseed, moonblast, substitute] ttype=poison
INFO     	         rabsca  synchronize heavydutyboots [bugbuzz, psychic, recover, revivalblessing] ttype=steel
INFO     	    roaringmoon protosynthesis     lumberry [dragondance, ironhead, knockoff, outrage] ttype=steel
INFO     	     oinkologne     thickfat    leftovers [curse, doubleedge, highhorsepower, lashout] ttype=ground
INFO     Sampling battle 15
INFO     	         lunala shadowshield    leftovers [calmmind, moongeistbeam, moonlight, psyshock] ttype=fairy
INFO     Sampling 5 unrevealed pokemon
INFO     	       cacturne  waterabsorb      lifeorb [knockoff, leafstorm, spikes, suckerpunch] ttype=poison
INFO     	       tinkaton  moldbreaker    leftovers [gigatonhammer, knockoff, playrough, swordsdance] ttype=steel
INFO     	      terapagos    terashift  chestoberry [calmmind, darkpulse, rest, terastarstorm] ttype=stellar
INFO     	       bronzong     levitate  chestoberry [bodypress, irondefense, ironhead, rest] ttype=fighting
INFO     	  arcaninehisui     rockhead   choiceband [closecombat, extremespeed, flareblitz, headsmash] ttype=normal
INFO     Searching for a move using MCTS...
INFO     Sampling 16 battles at 500ms each
INFO     Choice: hypervoice
INFO     Updated lunala's min speed to 131
INFO     lunala already has the move moonlight. Decrementing the PP by 1
INFO     lunala used two different moves - it cannot have a choice item
INFO     lunala used a status-move. Adding `assaultvest` to impossible items
INFO     Setting lunala's last used move: moonlight
INFO     arboliva already has the move hypervoice. Decrementing the PP by 1
INFO     arboliva used a normal move, removing normalgem from possible items
INFO     Setting arboliva's last used move: hypervoice
INFO     arboliva used a damaging move - not guessing lifeorb anymore
INFO     arboliva did 18.0% damage to lunala with hypervoice
INFO     Setting lunala's item to: leftovers
INFO     lunala has less than maxhp during upkeep, no longer guessing leftovers or blacksludge
INFO     
INFO     Turn: 16
INFO     loaded 8 player and 0 effective opponent priors
INFO     Sampling battle 0
INFO     	         lunala shadowshield    leftovers [calmmind, moongeistbeam, moonlight, psyshock] ttype=fairy
INFO     Sampling 5 unrevealed pokemon
INFO     	     hitmonchan     ironfist    leftovers [bulkup, drainpunch, knockoff, poisonjab] ttype=poison
INFO     	          klawf  regenerator      lifeorb [crabhammer, highhorsepower, stealthrock, stoneedge] ttype=water
INFO     	      thundurus      defiant heavydutyboots [focusblast, nastyplot, terablast, thunderbolt] ttype=flying
INFO     	     toxtricity     punkrock  choicescarf [boomburst, overdrive, sludgewave, voltswitch] ttype=normal
INFO     	    fezandipiti   toxicchain    leftovers [beatup, gunkshot, moonblast, roost] ttype=dark
INFO     Sampling battle 1
INFO     	         lunala shadowshield    leftovers [calmmind, moongeistbeam, moonlight, psyshock] ttype=fairy
INFO     Sampling 5 unrevealed pokemon
INFO     	       koraidon orichalcumpulse   loadeddice [collisioncourse, flareblitz, scaleshot, swordsdance] ttype=fire
INFO     	    stonjourner    powerspot      lifeorb [earthquake, heatcrash, rockpolish, stoneedge] ttype=ground
INFO     	        persian       limber   choiceband [doubleedge, knockoff, switcheroo, uturn] ttype=ghost
INFO     	      toxicroak      dryskin      lifeorb [closecombat, gunkshot, knockoff, swordsdance] ttype=dark
INFO     	      hatterene  magicbounce    leftovers [calmmind, drainingkiss, mysticalfire, psyshock] ttype=steel
INFO     Sampling battle 2
INFO     	         lunala shadowshield    leftovers [calmmind, moongeistbeam, moonlight, psyshock] ttype=fairy
INFO     Sampling 5 unrevealed pokemon
INFO     	    barraskewda    swiftswim   choiceband [closecombat, flipturn, poisonjab, waterfall] ttype=fighting
INFO     	        haxorus  moldbreaker   loadeddice [earthquake, ironhead, scaleshot, swordsdance] ttype=steel
INFO     	        jolteon   voltabsorb    leftovers [calmmind, substitute, terablast, thunderbolt] ttype=ice
INFO     	       porygon2     download     eviolite [discharge, icebeam, recover, triattack] ttype=electric
INFO     	      zamazenta dauntlessshield    leftovers [bodypress, irondefense, ironhead, stoneedge] ttype=steel
INFO     Sampling battle 3
INFO     	         lunala shadowshield    leftovers [calmmind, moongeistbeam, moonlight, psyshock] ttype=fairy
INFO     Sampling 5 unrevealed pokemon
INFO     	         phione    hydration    leftovers [rest, scald, sleeptalk, takeheart] ttype=dragon
INFO     	       hawlucha     unburden    whiteherb [acrobatics, bravebird, closecombat, swordsdance] ttype=flying
INFO     	         komala     comatose  assaultvest [bodyslam, knockoff, rapidspin, uturn] ttype=ghost
INFO     	      rampardos   sheerforce  choicescarf [earthquake, firepunch, headsmash, rockslide] ttype=rock
INFO     	      cinderace       libero   choiceband [gunkshot, highjumpkick, pyroball, uturn] ttype=fighting
INFO     Sampling battle 4
INFO     	         lunala shadowshield    leftovers [calmmind, moongeistbeam, moonlight, psyshock] ttype=fairy
INFO     Sampling 5 unrevealed pokemon
INFO     	      lilligant  chlorophyll      lifeorb [gigadrain, quiverdance, sleeppowder, terablast] ttype=rock
INFO     	       sunflora  chlorophyll      lifeorb [earthpower, solarbeam, sunnyday, weatherball] ttype=fire
INFO     	       ursaring    quickfeet     toxicorb [closecombat, crunch, facade, swordsdance] ttype=normal
INFO     	      honchkrow        moxie heavydutyboots [bravebird, heatwave, suckerpunch, uturn] ttype=flying
INFO     	      spectrier    grimneigh      lifeorb [nastyplot, shadowball, terablast, willowisp] ttype=fighting
INFO     Sampling battle 5
INFO     	         lunala shadowshield    leftovers [calmmind, moongeistbeam, moonlight, psyshock] ttype=fairy
INFO     Sampling 5 unrevealed pokemon
INFO     	          minun   voltabsorb      lifeorb [alluringvoice, encore, nastyplot, thunderbolt] ttype=fairy
INFO     	       sneasler  poisontouch   choiceband [closecombat, direclaw, throatchop, uturn] ttype=dark
INFO     	      arceusbug    multitype  insectplate [calmmind, earthpower, judgment, recover] ttype=ground
INFO     	       inteleon      torrent  choicespecs [hydropump, icebeam, scald, uturn] ttype=water
INFO     	    oinkolognef    aromaveil    leftovers [bodyslam, curse, rest, sleeptalk] ttype=poison
INFO     Sampling battle 6
INFO     	         lunala shadowshield    leftovers [calmmind, moongeistbeam, moonlight, psyshock] ttype=fairy
INFO     Sampling 5 unrevealed pokemon
INFO     	     arceusfire    multitype   flameplate [calmmind, earthpower, judgment, recover] ttype=ground
INFO     	      vespiquen     pressure heavydutyboots [airslash, roost, spikes, toxic] ttype=steel
INFO     	        noctowl   tintedlens heavydutyboots [calmmind, hurricane, hypervoice, roost] ttype=normal
INFO     	       floatzel    waterveil    leftovers [bulkup, icespinner, taunt, wavecrash] ttype=steel
INFO     	     golemalola    galvanize      lifeorb [doubleedge, earthquake, rockpolish, stoneedge] ttype=grass
INFO     Sampling battle 7
INFO     	         lunala shadowshield    leftovers [calmmind, moongeistbeam, moonlight, psyshock] ttype=fairy
INFO     Sampling 5 unrevealed pokemon
INFO     	     feraligatr   sheerforce      lifeorb [crunch, dragondance, icepunch, liquidation] ttype=dragon
INFO     	      arceusice    multitype  icicleplate [calmmind, judgment, recover, thunderbolt] ttype=electric
INFO     	         emboar     reckless  assaultvest [closecombat, flareblitz, knockoff, wildcharge] ttype=electric
INFO     	         pawmot   voltabsorb   leppaberry [closecombat, doubleshock, nuzzle, revivalblessing] ttype=electric
INFO     	      regigigas    slowstart    leftovers [bodyslam, knockoff, rest, sleeptalk] ttype=ghost
INFO     Sampling battle 8
INFO     	         lunala shadowshield    leftovers [calmmind, moongeistbeam, moonlight, psyshock] ttype=fairy
INFO     Sampling 5 unrevealed pokemon
INFO     	     annihilape      defiant    leftovers [bulkup, drainpunch, gunkshot, ragefist] ttype=steel
INFO     	      magmortar    flamebody  choicespecs [fireblast, focusblast, scorchingsands, thunderbolt] ttype=fighting
INFO     	      pachirisu   voltabsorb  assaultvest [nuzzle, superfang, thunderbolt, uturn] ttype=flying
INFO     	    sandyshocks protosynthesis    leftovers [earthpower, stealthrock, thunderbolt, thunderwave] ttype=grass
INFO     	      exeggutor      harvest  sitrusberry [leechseed, protect, psychicnoise, substitute] ttype=steel
INFO     Sampling battle 9
INFO     	         lunala shadowshield    leftovers [calmmind, moongeistbeam, moonlight, psyshock] ttype=fairy
INFO     Sampling 5 unrevealed pokemon
INFO     	        darkrai    baddreams    leftovers [darkpulse, nastyplot, sludgebomb, substitute] ttype=poison
INFO     	  slowkinggalar  regenerator  assaultvest [futuresight, psychicnoise, sludgebomb, surf] ttype=water
INFO     	        blissey  naturalcure    leftovers [seismictoss, softboiled, stealthrock, thunderwave] ttype=fairy
INFO     	        beartic    slushrush heavydutyboots [closecombat, earthquake, iciclecrash, snowscape] ttype=fighting
INFO     	     masquerain   intimidate heavydutyboots [bugbuzz, hurricane, stickyweb, uturn] ttype=steel
INFO     Sampling battle 10
INFO     	         lunala shadowshield    leftovers [calmmind, moongeistbeam, moonlight, psyshock] ttype=fairy
INFO     Sampling 5 unrevealed pokemon
INFO     	    zapdosgalar      defiant      lifeorb [bravebird, bulkup, closecombat, knockoff] ttype=fighting
INFO     	    fluttermane protosynthesis  choicespecs [moonblast, psyshock, shadowball, thunderbolt] ttype=fairy
INFO     	        manaphy    hydration    leftovers [energyball, icebeam, surf, tailglow] ttype=grass
INFO     	        snorlax     thickfat    leftovers [bodyslam, curse, rest, sleeptalk] ttype=poison
INFO     	         swanna    hydration heavydutyboots [bravebird, defog, hydropump, roost] ttype=ground
INFO     Sampling battle 11
INFO     	         lunala shadowshield    leftovers [calmmind, moongeistbeam, moonlight, psyshock] ttype=fairy
INFO     Sampling 5 unrevealed pokemon
INFO     	        ariados        swarm heavydutyboots [megahorn, poisonjab, stickyweb, suckerpunch] ttype=ghost
INFO     	      rillaboom  grassysurge   choiceband [grassyglide, highhorsepower, uturn, woodhammer] ttype=grass
INFO     	     irontreads   quarkdrive  assaultvest [earthquake, ironhead, knockoff, voltswitch] ttype=ghost
INFO     	       camerupt    solidrock    leftovers [earthquake, overheat, stealthrock, willowisp] ttype=water
INFO     	      charizard        blaze heavydutyboots [flamethrower, focusblast, hurricane, willowisp] ttype=dragon
INFO     Sampling battle 12
INFO     	         lunala shadowshield    leftovers [calmmind, moongeistbeam, moonlight, psyshock] ttype=fairy
INFO     Sampling 5 unrevealed pokemon
INFO     	       drifblim     unburden  sitrusberry [airslash, calmmind, shadowball, strengthsap] ttype=fairy
INFO     	       tinkaton  moldbreaker    leftovers [gigatonhammer, playrough, protect, swordsdance] ttype=steel
INFO     	    kilowattrel   voltabsorb heavydutyboots [discharge, hurricane, roost, uturn] ttype=steel
INFO     	        beartic    slushrush   choiceband [aquajet, closecombat, earthquake, iciclecrash] ttype=fighting
INFO     	      terrakion    justified   choiceband [closecombat, earthquake, quickattack, stoneedge] ttype=ground
INFO     Sampling battle 13
INFO     	         lunala shadowshield    leftovers [calmmind, moongeistbeam, moonlight, psyshock] ttype=fairy
INFO     Sampling 5 unrevealed pokemon
INFO     	       granbull   intimidate    leftovers [earthquake, playrough, roar, thunderwave] ttype=ground
INFO     	    ironvaliant   quarkdrive      lifeorb [closecombat, knockoff, spiritbreak, swordsdance] ttype=dark
INFO     	          rotom     levitate  choicescarf [shadowball, thunderbolt, trick, voltswitch] ttype=electric
INFO     	       samurott      torrent  assaultvest [flipturn, grassknot, hydropump, knockoff] ttype=dark
INFO     	          arbok   intimidate   choiceband [earthquake, gunkshot, knockoff, suckerpunch] ttype=dark
INFO     Sampling battle 14
INFO     	         lunala shadowshield    leftovers [calmmind, moongeistbeam, moonlight, psyshock] ttype=fairy
INFO     Sampling 5 unrevealed pokemon
INFO     	      kingambit supremeoverlord    leftovers [ironhead, kowtowcleave, suckerpunch, swordsdance] ttype=dark
INFO     	       miraidon hadronengine      lifeorb [calmmind, dracometeor, dragonpulse, electrodrift] ttype=electric
INFO     	         tauros   sheerforce      lifeorb [bodyslam, closecombat, throatchop, zenheadbutt] ttype=normal
INFO     	      mandibuzz     overcoat heavydutyboots [defog, foulplay, roost, uturn] ttype=steel
INFO     	         luxray   intimidate  assaultvest [icefang, playrough, voltswitch, wildcharge] ttype=fairy
INFO     Sampling battle 15
INFO     	         lunala shadowshield    leftovers [calmmind, moongeistbeam, moonlight, psyshock] ttype=fairy
INFO     Sampling 5 unrevealed pokemon
INFO     	    polteageist   cursedbody    whiteherb [shadowball, shellsmash, storedpower, terablast] ttype=fighting
INFO     	        haxorus  moldbreaker     lumberry [closecombat, dragondance, ironhead, outrage] ttype=steel
INFO     	      staraptor     reckless   choiceband [bravebird, closecombat, doubleedge, quickattack] ttype=fighting
INFO     	       ludicolo    swiftswim      lifeorb [gigadrain, hydropump, icebeam, raindance] ttype=water
INFO     	         dialga     pressure    leftovers [dracometeor, fireblast, heavyslam, thunderwave] ttype=flying
INFO     Searching for a move using MCTS...
INFO     Sampling 16 battles at 500ms each
WARNING  final-choice override (%s): %s -> %s
INFO     Choice: protect
INFO     arboliva already has the move protect. Decrementing the PP by 1
INFO     arboliva used a status-move. Adding `assaultvest` to impossible items
INFO     Setting arboliva's last used move: protect
INFO     arboliva used a protect move, set protect side condition to 2
INFO     lunala already has the move psyshock. Decrementing the PP by 1
INFO     lunala used two different moves - it cannot have a choice item
INFO     lunala used a psychic move, removing psychicgem from possible items
INFO     Setting lunala's last used move: psyshock
INFO     lunala used a damaging move - not guessing lifeorb anymore
INFO     Setting lunala's item to: leftovers
INFO     Setting protect to 1 for the bot
INFO     lunala has less than maxhp during upkeep, no longer guessing leftovers or blacksludge
INFO     
INFO     Turn: 17
INFO     loaded 8 player and 0 effective opponent priors
INFO     Sampling battle 0
INFO     	         lunala shadowshield    leftovers [calmmind, moongeistbeam, moonlight, psyshock] ttype=fairy
INFO     Sampling 5 unrevealed pokemon
INFO     	      toxicroak      dryskin   choiceband [closecombat, gunkshot, knockoff, suckerpunch] ttype=dark
INFO     	        volbeat    prankster heavydutyboots [encore, lunge, roost, thunderwave] ttype=water
INFO     	  deoxysdefense     pressure    leftovers [knockoff, psychicnoise, recover, spikes] ttype=fairy
INFO     	      magnezone     analytic    leftovers [bodypress, flashcannon, irondefense, thunderbolt] ttype=fighting
INFO     	      spectrier    grimneigh    leftovers [darkpulse, nastyplot, shadowball, substitute] ttype=dark
INFO     Sampling battle 1
INFO     	         lunala shadowshield    leftovers [calmmind, moongeistbeam, moonlight, psyshock] ttype=fairy
INFO     Sampling 5 unrevealed pokemon
INFO     	      reuniclus   magicguard      lifeorb [calmmind, focusblast, psychic, recover] ttype=steel
INFO     	      eternatus     pressure  rockyhelmet [dynamaxcannon, fireblast, recover, sludgebomb] ttype=dragon
INFO     	      staraptor     reckless   choiceband [bravebird, doubleedge, quickattack, uturn] ttype=flying
INFO     	      vespiquen     pressure heavydutyboots [hurricane, roost, spikes, uturn] ttype=steel
INFO     	       gumshoos adaptability   choiceband [doubleedge, earthquake, knockoff, uturn] ttype=ground
INFO     Sampling battle 2
INFO     	         lunala shadowshield    leftovers [calmmind, moongeistbeam, moonlight, psyshock] ttype=fairy
INFO     Sampling 5 unrevealed pokemon
INFO     	      quaquaval        moxie    leftovers [aquastep, closecombat, roost, swordsdance] ttype=steel
INFO     	         luxray         guts     flameorb [facade, playrough, supercellslam, trailblaze] ttype=normal
INFO     	       chienpao  swordofruin heavydutyboots [iciclecrash, sacredsword, swordsdance, throatchop] ttype=ice
INFO     	     houndstone       fluffy   choiceband [bodypress, poltergeist, shadowsneak, trick] ttype=fighting
INFO     	     hitmonchan     ironfist    leftovers [bulkup, drainpunch, knockoff, poisonjab] ttype=poison
INFO     Sampling battle 3
INFO     	         lunala shadowshield    leftovers [calmmind, moongeistbeam, moonlight, psyshock] ttype=fairy
INFO     Sampling 5 unrevealed pokemon
INFO     	       sceptile     overgrow      lifeorb [earthquake, leafblade, rockslide, swordsdance] ttype=rock
INFO     	      hitmontop   intimidate  assaultvest [closecombat, rapidspin, stoneedge, suckerpunch] ttype=steel
INFO     	      glastrier chillingneigh heavydutyboots [heavyslam, highhorsepower, iciclecrash, swordsdance] ttype=ground
INFO     	      probopass   magnetpull    leftovers [bodypress, flashcannon, irondefense, powergem] ttype=fighting
INFO     	         rhydon lightningrod     eviolite [earthquake, megahorn, stealthrock, stoneedge] ttype=flying
INFO     Sampling battle 4
INFO     	         lunala shadowshield    leftovers [calmmind, moongeistbeam, moonlight, psyshock] ttype=fairy
INFO     Sampling 5 unrevealed pokemon
INFO     	    ironvaliant   quarkdrive      lifeorb [closecombat, knockoff, spiritbreak, swordsdance] ttype=fighting
INFO     	      eternatus     pressure  rockyhelmet [dynamaxcannon, flamethrower, recover, toxic] ttype=dragon
INFO     	       reshiram   turboblaze heavydutyboots [dragondance, flareblitz, outrage, stoneedge] ttype=fire
INFO     	       blaziken   speedboost      lifeorb [closecombat, flareblitz, knockoff, swordsdance] ttype=dark
INFO     	       greninja      protean      lifeorb [darkpulse, gunkshot, hydropump, uturn] ttype=poison
INFO     Sampling battle 5
INFO     	         lunala shadowshield    leftovers [calmmind, moongeistbeam, moonlight, psyshock] ttype=fairy
INFO     Sampling 5 unrevealed pokemon
INFO     	      armarouge    weakarmor  choicespecs [armorcannon, energyball, focusblast, psyshock] ttype=psychic
INFO     	      zebstrika    sapsipper      lifeorb [highhorsepower, overheat, supercellslam, voltswitch] ttype=ground
INFO     	     talonflame    galewings heavydutyboots [bravebird, flareblitz, swordsdance, terablast] ttype=ground
INFO     	       sawsbuck    sapsipper      lifeorb [doubleedge, highhorsepower, hornleech, swordsdance] ttype=normal
INFO     	        weavile   pickpocket   choiceband [iceshard, knockoff, lowkick, tripleaxel] ttype=fighting
INFO     Sampling battle 6
INFO     	         lunala shadowshield    leftovers [calmmind, moongeistbeam, moonlight, psyshock] ttype=fairy
INFO     Sampling 5 unrevealed pokemon
INFO     	         rhydon lightningrod     eviolite [earthquake, megahorn, stealthrock, stoneedge] ttype=dragon
INFO     	      vileplume  effectspore    leftovers [gigadrain, leechseed, sludgebomb, strengthsap] ttype=steel
INFO     	ogerponcornerstone       sturdy cornerstonemask [ivycudgel, powerwhip, spikes, synthesis] ttype=rock
INFO     	    slitherwing protosynthesis heavydutyboots [closecombat, morningsun, uturn, willowisp] ttype=steel
INFO     	       basculin adaptability   choiceband [aquajet, doubleedge, flipturn, wavecrash] ttype=water
INFO     Sampling battle 7
INFO     	         lunala shadowshield    leftovers [calmmind, moongeistbeam, moonlight, psyshock] ttype=fairy
INFO     Sampling 5 unrevealed pokemon
INFO     	      terrakion    justified   choiceband [closecombat, earthquake, quickattack, stoneedge] ttype=ground
INFO     	       greedent   cheekpouch  sitrusberry [doubleedge, earthquake, knockoff, swordsdance] ttype=ground
INFO     	      crawdaunt adaptability      lifeorb [aquajet, crabhammer, dragondance, knockoff] ttype=water
INFO     	thundurustherian   voltabsorb heavydutyboots [focusblast, nastyplot, terablast, thunderbolt] ttype=flying
INFO     	      sinistcha    heatproof    leftovers [calmmind, matchagotcha, shadowball, strengthsap] ttype=steel
INFO     Sampling battle 8
INFO     	         lunala shadowshield    leftovers [calmmind, moongeistbeam, moonlight, psyshock] ttype=fairy
INFO     Sampling 5 unrevealed pokemon
INFO     	      metagross    clearbody weaknesspolicy [agility, earthquake, heavyslam, psychicfangs] ttype=ground
INFO     	       houndoom    flashfire heavydutyboots [darkpulse, fireblast, sludgebomb, suckerpunch] ttype=poison
INFO     	       cinccino   technician   loadeddice [bulletseed, tailslap, tripleaxel, uturn] ttype=ice
INFO     	taurospaldeaaqua   intimidate      lifeorb [aquajet, bulkup, closecombat, liquidation] ttype=water
INFO     	      rotomheat     levitate heavydutyboots [discharge, overheat, painsplit, voltswitch] ttype=electric
INFO     Sampling battle 9
INFO     	         lunala shadowshield    leftovers [calmmind, moongeistbeam, moonlight, psyshock] ttype=fairy
INFO     Sampling 5 unrevealed pokemon
INFO     	     rotomfrost     levitate heavydutyboots [blizzard, thunderbolt, voltswitch, willowisp] ttype=electric
INFO     	      regigigas    slowstart    leftovers [bodyslam, knockoff, rest, sleeptalk] ttype=ghost
INFO     	       swampert      torrent    leftovers [earthquake, flipturn, icebeam, yawn] ttype=steel
INFO     	  zaciancrowned intrepidsword  rustedsword [behemothblade, closecombat, playrough, swordsdance] ttype=fighting
INFO     	      duraludon   lightmetal     eviolite [bodypress, dracometeor, flashcannon, stealthrock] ttype=fighting
INFO     Sampling battle 10
INFO     	         lunala shadowshield    leftovers [calmmind, moongeistbeam, moonlight, psyshock] ttype=fairy
INFO     Sampling 5 unrevealed pokemon
INFO     	    roaringmoon protosynthesis   choiceband [ironhead, knockoff, outrage, uturn] ttype=dragon
INFO     	      ninetales      drought heavydutyboots [fireblast, nastyplot, scorchingsands, solarbeam] ttype=grass
INFO     	     screamtail protosynthesis    leftovers [dazzlinggleam, protect, thunderwave, wish] ttype=steel
INFO     	      probopass   magnetpull    leftovers [bodypress, irondefense, powergem, thunderwave] ttype=fighting
INFO     	        mimikyu     disguise      lifeorb [playrough, shadowclaw, shadowsneak, swordsdance] ttype=ghost
INFO     Sampling battle 11
INFO     	         lunala shadowshield    leftovers [calmmind, moongeistbeam, moonlight, psyshock] ttype=fairy
INFO     Sampling 5 unrevealed pokemon
INFO     	   dugtrioalola tanglinghair      lifeorb [earthquake, ironhead, stealthrock, suckerpunch] ttype=ground
INFO     	      hatterene  magicbounce  assaultvest [drainingkiss, mysticalfire, nuzzle, psychic] ttype=fairy
INFO     	      mismagius     levitate      lifeorb [dazzlinggleam, nastyplot, shadowball, thunderbolt] ttype=fairy
INFO     	        blissey  naturalcure    leftovers [healbell, seismictoss, softboiled, thunderwave] ttype=fairy
INFO     	 ninetalesalola  snowwarning    lightclay [auroraveil, blizzard, freezedry, moonblast] ttype=water
INFO     Sampling battle 12
INFO     	         lunala shadowshield    leftovers [calmmind, moongeistbeam, moonlight, psyshock] ttype=fairy
INFO     Sampling 5 unrevealed pokemon
INFO     	landorustherian   intimidate    leftovers [earthquake, stoneedge, taunt, uturn] ttype=ground
INFO     	       orthworm   eartheater  chestoberry [bodypress, coil, irontail, rest] ttype=electric
INFO     	 ninetalesalola  snowwarning    lightclay [auroraveil, blizzard, freezedry, moonblast] ttype=water
INFO     	      volcanion  waterabsorb  assaultvest [flamecharge, flamethrower, sludgebomb, steameruption] ttype=fire
INFO     	     ironthorns   quarkdrive boosterenergy [dragondance, earthquake, stoneedge, wildcharge] ttype=ground
INFO     Sampling battle 13
INFO     	         lunala shadowshield    leftovers [calmmind, moongeistbeam, moonlight, psyshock] ttype=fairy
INFO     Sampling 5 unrevealed pokemon
INFO     	        dedenne   cheekpouch  sitrusberry [dazzlinggleam, nuzzle, superfang, thunderbolt] ttype=flying
INFO     	       ludicolo    swiftswim  choicespecs [gigadrain, hydropump, icebeam, leafstorm] ttype=grass
INFO     	     golemalola    galvanize      lifeorb [doubleedge, earthquake, rockpolish, stoneedge] ttype=grass
INFO     	         swalot   liquidooze    leftovers [earthquake, protect, sludgebomb, toxic] ttype=ground
INFO     	        yanmega   speedboost heavydutyboots [airslash, bugbuzz, protect, terablast] ttype=ground
INFO     Sampling battle 14
INFO     	         lunala shadowshield    leftovers [calmmind, moongeistbeam, moonlight, psyshock] ttype=fairy
INFO     Sampling 5 unrevealed pokemon
INFO     	          minun   voltabsorb      lifeorb [alluringvoice, grassknot, nastyplot, thunderbolt] ttype=electric
INFO     	         zapdos       static heavydutyboots [heatwave, hurricane, roost, thunderbolt] ttype=steel
INFO     	squawkabillyyellow       hustle   choiceband [bravebird, doubleedge, foulplay, quickattack] ttype=flying
INFO     	         veluza    sharpness  sitrusberry [aquacutter, filletaway, nightslash, psychocut] ttype=water
INFO     	       froslass   cursedbody     widelens [destinybond, poltergeist, spikes, tripleaxel] ttype=ghost
INFO     Sampling battle 15
INFO     	         lunala shadowshield    leftovers [calmmind, moongeistbeam, moonlight, psyshock] ttype=fairy
INFO     Sampling 5 unrevealed pokemon
INFO     	       swampert      torrent    leftovers [earthquake, flipturn, stealthrock, yawn] ttype=steel
INFO     	      sandslash     sandrush    leftovers [earthquake, knockoff, rapidspin, swordsdance] ttype=water
INFO     	   basculegionf adaptability  assaultvest [flipturn, hydropump, shadowball, wavecrash] ttype=water
INFO     	        flareon         guts     toxicorb [facade, flareblitz, quickattack, trailblaze] ttype=normal
INFO     	        calyrex      unnerve    leftovers [calmmind, gigadrain, leechseed, psychic] ttype=steel
INFO     Searching for a move using MCTS...
INFO     Sampling 16 battles at 500ms each
INFO     Choice: hypervoice
INFO     Updated lunala's min speed to 131
INFO     lunala already has the move psyshock. Decrementing the PP by 1
INFO     lunala used a psychic move, removing psychicgem from possible items
INFO     Setting lunala's last used move: psyshock
INFO     lunala used a damaging move - not guessing lifeorb anymore
INFO     lunala did 63.89% damage to arboliva with psyshock
INFO     Removing arboliva's item: sitrusberry
INFO     arboliva already has the move hypervoice. Decrementing the PP by 1
INFO     arboliva used a normal move, removing normalgem from possible items
INFO     Setting arboliva's last used move: hypervoice
INFO     arboliva used a damaging move - not guessing lifeorb anymore
INFO     arboliva did 17.0% damage to lunala with hypervoice
INFO     Setting lunala's item to: leftovers
INFO     Setting protect to 0 for the bot
INFO     lunala has less than maxhp during upkeep, no longer guessing leftovers or blacksludge
INFO     
INFO     Turn: 18
INFO     loaded 8 player and 0 effective opponent priors
INFO     Sampling battle 0
INFO     	         lunala shadowshield    leftovers [calmmind, moongeistbeam, moonlight, psyshock] ttype=fairy
INFO     Sampling 5 unrevealed pokemon
INFO     	       basculin adaptability   choiceband [aquajet, doubleedge, flipturn, wavecrash] ttype=water
INFO     	       greedent   cheekpouch  sitrusberry [bodyslam, earthquake, knockoff, swordsdance] ttype=ghost
INFO     	    oinkolognef     thickfat    leftovers [bodyslam, curse, highhorsepower, lashout] ttype=ground
INFO     	         gengar   cursedbody      lifeorb [focusblast, nastyplot, shadowball, sludgewave] ttype=ghost
INFO     	   dialgaorigin     pressure adamantcrystal [dracometeor, fireblast, flashcannon, stealthrock] ttype=steel
INFO     Sampling battle 1
INFO     	         lunala shadowshield    leftovers [calmmind, moongeistbeam, moonlight, psyshock] ttype=fairy
INFO     Sampling 5 unrevealed pokemon
INFO     	    polteageist   cursedbody    whiteherb [shadowball, shellsmash, strengthsap, terablast] ttype=fighting
INFO     	         regice    clearbody heavydutyboots [icebeam, rest, sleeptalk, thunderbolt] ttype=electric
INFO     	         dialga     pressure  assaultvest [dracometeor, dragontail, fireblast, heavyslam] ttype=dragon
INFO     	        flapple       hustle     widelens [dragondance, gravapple, outrage, terablast] ttype=fire
INFO     	      toxicroak      dryskin      lifeorb [closecombat, gunkshot, suckerpunch, swordsdance] ttype=fighting
INFO     Sampling battle 2
INFO     	         lunala shadowshield    leftovers [calmmind, moongeistbeam, moonlight, psyshock] ttype=fairy
INFO     Sampling 5 unrevealed pokemon
INFO     	        mimikyu     disguise      lifeorb [playrough, shadowclaw, shadowsneak, swordsdance] ttype=ghost
INFO     	        heatran    flashfire   airballoon [earthpower, heavyslam, magmastorm, stealthrock] ttype=grass
INFO     	      cinderace       libero heavydutyboots [courtchange, highjumpkick, pyroball, uturn] ttype=fighting
INFO     	       hawlucha     unburden    whiteherb [bravebird, closecombat, swordsdance, throatchop] ttype=fighting
INFO     	     eelektross     levitate  assaultvest [discharge, flamethrower, knockoff, uturn] ttype=poison
INFO     Sampling battle 3
INFO     	         lunala shadowshield    leftovers [calmmind, moongeistbeam, moonlight, psyshock] ttype=fairy
INFO     Sampling 5 unrevealed pokemon
INFO     	         golurk      noguard      lifeorb [dynamicpunch, earthquake, poltergeist, stealthrock] ttype=fighting
INFO     	taurospaldeablaze   intimidate   choiceband [closecombat, flareblitz, stoneedge, wildcharge] ttype=fighting
INFO     	       greedent   cheekpouch  sitrusberry [doubleedge, earthquake, knockoff, swordsdance] ttype=ground
INFO     	        dipplin   stickyhold     eviolite [dragonpulse, gigadrain, recover, suckerpunch] ttype=steel
INFO     	        jolteon   voltabsorb  choicespecs [alluringvoice, shadowball, thunderbolt, voltswitch] ttype=electric
INFO     Sampling battle 4
INFO     	         lunala shadowshield    leftovers [calmmind, moongeistbeam, moonlight, psyshock] ttype=fairy
INFO     Sampling 5 unrevealed pokemon
INFO     	        suicune     pressure    leftovers [calmmind, icebeam, scald, substitute] ttype=steel
INFO     	       cacturne  waterabsorb      lifeorb [knockoff, seedbomb, suckerpunch, swordsdance] ttype=dark
INFO     	         palkia     pressure  choicescarf [dracometeor, fireblast, hydropump, spacialrend] ttype=fire
INFO     	     houndstone       fluffy  assaultvest [bodypress, playrough, poltergeist, shadowsneak] ttype=fighting
INFO     	         emboar     reckless   choiceband [closecombat, flareblitz, headsmash, wildcharge] ttype=fire
INFO     Sampling battle 5
INFO     	         lunala shadowshield    leftovers [calmmind, moongeistbeam, moonlight, psyshock] ttype=fairy
INFO     Sampling 5 unrevealed pokemon
INFO     	       delibird       hustle heavydutyboots [bravebird, drillrun, icespinner, spikes] ttype=ice
INFO     	lycanrocmidnight      noguard      lifeorb [closecombat, knockoff, stoneedge, swordsdance] ttype=fighting
INFO     	       oranguru   innerfocus    leftovers [focusblast, nastyplot, psychic, thunderbolt] ttype=psychic
INFO     	         komala     comatose  assaultvest [bodyslam, earthquake, knockoff, rapidspin] ttype=ghost
INFO     	       overqwil   intimidate   loadeddice [crunch, gunkshot, scaleshot, swordsdance] ttype=dragon
INFO     Sampling battle 6
INFO     	         lunala shadowshield    leftovers [calmmind, moongeistbeam, moonlight, psyshock] ttype=fairy
INFO     Sampling 5 unrevealed pokemon
INFO     	   palkiaorigin     pressure lustrousglobe [dracometeor, fireblast, hydropump, thunderwave] ttype=water
INFO     	     annihilape      defiant  chestoberry [bulkup, drainpunch, ragefist, rest] ttype=steel
INFO     	   crabominable     ironfist  assaultvest [drainpunch, earthquake, icehammer, knockoff] ttype=water
INFO     	        bisharp      defiant     eviolite [ironhead, stealthrock, suckerpunch, throatchop] ttype=flying
INFO     	     gothitelle    shadowtag    leftovers [calmmind, darkpulse, psychicnoise, thunderbolt] ttype=ghost
INFO     Sampling battle 7
INFO     	         lunala shadowshield    leftovers [calmmind, moongeistbeam, moonlight, psyshock] ttype=fairy
INFO     Sampling 5 unrevealed pokemon
INFO     	       cacturne  waterabsorb      lifeorb [knockoff, seedbomb, suckerpunch, swordsdance] ttype=poison
INFO     	       houndoom    flashfire heavydutyboots [darkpulse, fireblast, sludgebomb, suckerpunch] ttype=fire
INFO     	       glimmora  toxicdebris   airballoon [earthpower, powergem, sludgewave, spikes] ttype=ground
INFO     	      toxicroak      dryskin      lifeorb [closecombat, gunkshot, suckerpunch, swordsdance] ttype=dark
INFO     	        flapple       hustle     lumberry [dragondance, gravapple, outrage, terablast] ttype=fire
INFO     Sampling battle 8
INFO     	         lunala shadowshield    leftovers [calmmind, moongeistbeam, moonlight, psyshock] ttype=fairy
INFO     Sampling 5 unrevealed pokemon
INFO     	          chiyu  beadsofruin  choicescarf [darkpulse, flamethrower, overheat, psychic] ttype=fire
INFO     	     annihilape      defiant    leftovers [bulkup, drainpunch, ragefist, taunt] ttype=ghost
INFO     	        chansey  naturalcure     eviolite [healbell, seismictoss, softboiled, thunderwave] ttype=dark
INFO     	           hooh  regenerator heavydutyboots [bravebird, earthquake, recover, sacredfire] ttype=steel
INFO     	     ragingbolt protosynthesis    leftovers [calmmind, dracometeor, thunderbolt, thunderclap] ttype=electric
INFO     Sampling battle 9
INFO     	         lunala shadowshield    leftovers [calmmind, moongeistbeam, moonlight, psyshock] ttype=fairy
INFO     Sampling 5 unrevealed pokemon
INFO     	       orthworm   eartheater  chestoberry [bodypress, coil, irontail, rest] ttype=fighting
INFO     	         scizor   technician   choiceband [bulletpunch, closecombat, knockoff, uturn] ttype=steel
INFO     	      bellibolt electromorphosis    leftovers [muddywater, slackoff, thunderbolt, voltswitch] ttype=water
INFO     	    basculegion adaptability  assaultvest [aquajet, flipturn, shadowball, wavecrash] ttype=water
INFO     	        calyrex      unnerve    leftovers [calmmind, encore, gigadrain, psychic] ttype=steel
INFO     Sampling battle 10
INFO     	         lunala shadowshield    leftovers [calmmind, moongeistbeam, moonlight, psyshock] ttype=fairy
INFO     Sampling 5 unrevealed pokemon
INFO     	      duraludon   lightmetal     eviolite [bodypress, dracometeor, flashcannon, irondefense] ttype=fighting
INFO     	      gastrodon   stormdrain    leftovers [earthquake, recover, spikes, surf] ttype=poison
INFO     	        yanmega   speedboost heavydutyboots [airslash, bugbuzz, protect, terablast] ttype=ground
INFO     	    oricoriopau       dancer heavydutyboots [hurricane, quiverdance, revelationdance, roost] ttype=ground
INFO     	        lanturn   voltabsorb    leftovers [icebeam, scald, thunderbolt, thunderwave] ttype=flying
INFO     Sampling battle 11
INFO     	         lunala shadowshield    leftovers [calmmind, moongeistbeam, moonlight, psyshock] ttype=fairy
INFO     Sampling 5 unrevealed pokemon
INFO     	       empoleon  competitive    leftovers [knockoff, roost, surf, yawn] ttype=flying
INFO     	  samurotthisui    sharpness      lifeorb [ceaselessedge, razorshell, suckerpunch, swordsdance] ttype=poison
INFO     	          azelf     levitate      lifeorb [encore, explosion, knockoff, psychic] ttype=dark
INFO     	        ogerpon      defiant    leftovers [encore, ivycudgel, spikes, synthesis] ttype=grass
INFO     	squawkabillyyellow       hustle   choiceband [bravebird, doubleedge, foulplay, quickattack] ttype=normal
INFO     Sampling battle 12
INFO     	         lunala shadowshield    leftovers [calmmind, moongeistbeam, moonlight, psyshock] ttype=fairy
INFO     Sampling 5 unrevealed pokemon
INFO     	       skarmory       sturdy  rockyhelmet [bodypress, bravebird, roost, stealthrock] ttype=fighting
INFO     	         zekrom     teravolt    leftovers [boltstrike, dragondance, outrage, substitute] ttype=grass
INFO     	taurospaldeaaqua      cudchew  sitrusberry [bulkup, closecombat, liquidation, substitute] ttype=water
INFO     	        flareon         guts     toxicorb [facade, flareblitz, trailblaze, willowisp] ttype=normal
INFO     	thundurustherian   voltabsorb  choicescarf [grassknot, psychic, thunderbolt, voltswitch] ttype=psychic
INFO     Sampling battle 13
INFO     	         lunala shadowshield    leftovers [calmmind, moongeistbeam, moonlight, psyshock] ttype=fairy
INFO     Sampling 5 unrevealed pokemon
INFO     	    brutebonnet protosynthesis    leftovers [crunch, seedbomb, spore, suckerpunch] ttype=dark
INFO     	       appletun     thickfat    leftovers [appleacid, dragonpulse, dragontail, recover] ttype=steel
INFO     	  arcaninehisui     rockhead heavydutyboots [extremespeed, flareblitz, headsmash, morningsun] ttype=normal
INFO     	      kingambit supremeoverlord    leftovers [ironhead, kowtowcleave, suckerpunch, swordsdance] ttype=dark
INFO     	      hitmonlee     unburden    whiteherb [closecombat, knockoff, stoneedge, swordsdance] ttype=dark
INFO     Sampling battle 14
INFO     	         lunala shadowshield    leftovers [calmmind, moongeistbeam, moonlight, psyshock] ttype=fairy
INFO     Sampling 5 unrevealed pokemon
INFO     	        groudon      drought    leftovers [heatcrash, precipiceblades, stoneedge, willowisp] ttype=fire
INFO     	       magcargo    weakarmor heavydutyboots [earthpower, fireblast, powergem, shellsmash] ttype=grass
INFO     	   palkiaorigin     pressure lustrousglobe [dracometeor, fireblast, hydropump, thunderwave] ttype=water
INFO     	      bellossom  chlorophyll    leftovers [gigadrain, quiverdance, strengthsap, terablast] ttype=rock
INFO     	        ariados     insomnia    focussash [megahorn, poisonjab, stickyweb, toxicspikes] ttype=ghost
INFO     Sampling battle 15
INFO     	         lunala shadowshield    leftovers [calmmind, moongeistbeam, moonlight, psyshock] ttype=fairy
INFO     Sampling 5 unrevealed pokemon
INFO     	        breloom   technician      lifeorb [bulletseed, machpunch, rocktomb, spore] ttype=rock
INFO     	       reshiram   turboblaze heavydutyboots [blueflare, dracometeor, earthpower, willowisp] ttype=ground
INFO     	necrozmaduskmane   prismarmor weaknesspolicy [dragondance, earthquake, morningsun, sunsteelstrike] ttype=steel
INFO     	       regirock    clearbody    leftovers [bodypress, stealthrock, stoneedge, thunderwave] ttype=fighting
INFO     	       chienpao  swordofruin heavydutyboots [iciclecrash, suckerpunch, swordsdance, throatchop] ttype=dark
INFO     Searching for a move using MCTS...
INFO     Sampling 16 battles at 500ms each
INFO     Choice: hypervoice
INFO     Updated lunala's min speed to 131
INFO     lunala already has the move moonlight. Decrementing the PP by 1
INFO     lunala used two different moves - it cannot have a choice item
INFO     lunala used a status-move. Adding `assaultvest` to impossible items
INFO     Setting lunala's last used move: moonlight
INFO     arboliva already has the move hypervoice. Decrementing the PP by 1
INFO     arboliva used a normal move, removing normalgem from possible items
INFO     Setting arboliva's last used move: hypervoice
INFO     arboliva used a damaging move - not guessing lifeorb anymore
INFO     arboliva did 19.0% damage to lunala with hypervoice
INFO     Setting lunala's item to: leftovers
INFO     lunala has less than maxhp during upkeep, no longer guessing leftovers or blacksludge
INFO     
INFO     Turn: 19
INFO     loaded 8 player and 0 effective opponent priors
INFO     Sampling battle 0
INFO     	         lunala shadowshield    leftovers [calmmind, moongeistbeam, moonlight, psyshock] ttype=fairy
INFO     Sampling 5 unrevealed pokemon
INFO     	   zoroarkhisui     illusion      lifeorb [focusblast, hypervoice, poltergeist, willowisp] ttype=fighting
INFO     	   persianalola      furcoat heavydutyboots [foulplay, partingshot, taunt, thunderwave] ttype=ghost
INFO     	         phione    hydration    leftovers [rest, scald, sleeptalk, takeheart] ttype=dragon
INFO     	      hatterene  magicbounce    leftovers [calmmind, drainingkiss, mysticalfire, psyshock] ttype=fairy
INFO     	         eiscue      iceface  sitrusberry [bellydrum, icespinner, liquidation, zenheadbutt] ttype=water
INFO     Sampling battle 1
INFO     	         lunala shadowshield    leftovers [calmmind, moongeistbeam, moonlight, psyshock] ttype=fairy
INFO     Sampling 5 unrevealed pokemon
INFO     	     ragingbolt protosynthesis    leftovers [calmmind, dracometeor, thunderbolt, thunderclap] ttype=fairy
INFO     	        mimikyu     disguise      lifeorb [playrough, shadowclaw, shadowsneak, swordsdance] ttype=ghost
INFO     	       tsareena queenlymajesty      lifeorb [highjumpkick, knockoff, powerwhip, synthesis] ttype=fighting
INFO     	     whimsicott    prankster heavydutyboots [gigadrain, moonblast, stunspore, uturn] ttype=poison
INFO     	        wyrdeer   intimidate    leftovers [earthquake, megahorn, psychicnoise, thunderwave] ttype=ground
INFO     Sampling battle 2
INFO     	         lunala shadowshield    leftovers [calmmind, moongeistbeam, moonlight, psyshock] ttype=fairy
INFO     Sampling 5 unrevealed pokemon
INFO     	      regigigas    slowstart    leftovers [bodyslam, knockoff, rest, sleeptalk] ttype=ghost
INFO     	       solgaleo fullmetalbody weaknesspolicy [closecombat, flamecharge, knockoff, sunsteelstrike] ttype=fighting
INFO     	       cinccino   technician   loadeddice [bulletseed, tailslap, tidyup, tripleaxel] ttype=grass
INFO     	       vikavolt     levitate heavydutyboots [bugbuzz, discharge, energyball, stickyweb] ttype=electric
INFO     	      infernape     ironfist      lifeorb [closecombat, flareblitz, machpunch, swordsdance] ttype=fire
INFO     Sampling battle 3
INFO     	         lunala shadowshield    leftovers [calmmind, moongeistbeam, moonlight, psyshock] ttype=fairy
INFO     Sampling 5 unrevealed pokemon
INFO     	       sneasler     unburden    whiteherb [acrobatics, closecombat, gunkshot, swordsdance] ttype=flying
INFO     	        gurdurr         guts     eviolite [defog, drainpunch, knockoff, machpunch] ttype=steel
INFO     	      crawdaunt adaptability   choiceband [aquajet, closecombat, crabhammer, knockoff] ttype=fighting
INFO     	      thundurus      defiant heavydutyboots [grassknot, knockoff, thunderbolt, uturn] ttype=electric
INFO     	        mimikyu     disguise      lifeorb [playrough, shadowclaw, shadowsneak, swordsdance] ttype=fairy
INFO     Sampling battle 4
INFO     	         lunala shadowshield    leftovers [calmmind, moongeistbeam, moonlight, psyshock] ttype=fairy
INFO     Sampling 5 unrevealed pokemon
INFO     	        gliscor   poisonheal     toxicorb [earthquake, knockoff, protect, toxic] ttype=water
INFO     	squawkabillywhite       hustle heavydutyboots [bravebird, doubleedge, partingshot, quickattack] ttype=normal
INFO     	    fezandipiti   toxicchain    leftovers [gunkshot, playrough, swordsdance, terablast] ttype=ground
INFO     	     rotomfrost     levitate heavydutyboots [blizzard, thunderbolt, voltswitch, willowisp] ttype=electric
INFO     	       espathra   speedboost    leftovers [calmmind, dazzlinggleam, roost, storedpower] ttype=fairy
INFO     Sampling battle 5
INFO     	         lunala shadowshield    leftovers [calmmind, moongeistbeam, moonlight, psyshock] ttype=fairy
INFO     Sampling 5 unrevealed pokemon
INFO     	      regieleki   transistor       magnet [explosion, rapidspin, thunderbolt, voltswitch] ttype=electric
INFO     	      gardevoir        trace  choicescarf [focusblast, moonblast, mysticalfire, psyshock] ttype=fairy
INFO     	       smeargle     owntempo    focussash [ceaselessedge, spore, stealthrock, stickyweb] ttype=ghost
INFO     	        umbreon  synchronize    leftovers [foulplay, protect, toxic, wish] ttype=poison
INFO     	      hydreigon     levitate      lifeorb [darkpulse, dracometeor, fireblast, nastyplot] ttype=fire
INFO     Sampling battle 6
INFO     	         lunala shadowshield    leftovers [calmmind, moongeistbeam, moonlight, psyshock] ttype=fairy
INFO     Sampling 5 unrevealed pokemon
INFO     	         tauros   sheerforce      lifeorb [bodyslam, closecombat, earthquake, throatchop] ttype=fighting
INFO     	       koraidon orichalcumpulse   loadeddice [collisioncourse, flareblitz, scaleshot, swordsdance] ttype=fire
INFO     	      araquanid  waterbubble heavydutyboots [leechlife, liquidation, mirrorcoat, stickyweb] ttype=steel
INFO     	        falinks      defiant      lifeorb [closecombat, ironhead, knockoff, noretreat] ttype=dark
INFO     	       ursaring         guts     eviolite [bodyslam, earthquake, rest, sleeptalk] ttype=ghost
INFO     Sampling battle 7
INFO     	         lunala shadowshield    leftovers [calmmind, moongeistbeam, moonlight, psyshock] ttype=fairy
INFO     Sampling 5 unrevealed pokemon
INFO     	         pawmot   voltabsorb   leppaberry [closecombat, doubleshock, nuzzle, revivalblessing] ttype=electric
INFO     	 arceuselectric    multitype     zapplate [calmmind, icebeam, judgment, recover] ttype=electric
INFO     	        banette   cursedbody      lifeorb [gunkshot, poltergeist, shadowsneak, thunderwave] ttype=poison
INFO     	        dipplin   stickyhold     eviolite [dragonpulse, gigadrain, recover, suckerpunch] ttype=steel
INFO     	      clawitzer megalauncher  assaultvest [aurasphere, dragonpulse, uturn, waterpulse] ttype=dragon
INFO     Sampling battle 8
INFO     	         lunala shadowshield    leftovers [calmmind, moongeistbeam, moonlight, psyshock] ttype=fairy
INFO     Sampling 5 unrevealed pokemon
INFO     	    polteageist   cursedbody    whiteherb [shadowball, shellsmash, storedpower, terablast] ttype=fighting
INFO     	            muk  poisontouch  assaultvest [drainpunch, gunkshot, knockoff, shadowsneak] ttype=dark
INFO     	       pelipper      drizzle  choicespecs [hurricane, hydropump, uturn, weatherball] ttype=water
INFO     	      exeggutor      harvest  sitrusberry [leechseed, protect, psychicnoise, substitute] ttype=steel
INFO     	      charizard        blaze heavydutyboots [earthquake, flamethrower, hurricane, willowisp] ttype=dragon
INFO     Sampling battle 9
INFO     	         lunala shadowshield    leftovers [calmmind, moongeistbeam, moonlight, psyshock] ttype=fairy
INFO     Sampling 5 unrevealed pokemon
INFO     	       dragalge adaptability    leftovers [dracometeor, focusblast, sludgewave, toxicspikes] ttype=fighting
INFO     	      mandibuzz     overcoat heavydutyboots [bravebird, knockoff, roost, toxic] ttype=steel
INFO     	      kingambit supremeoverlord    leftovers [ironhead, kowtowcleave, suckerpunch, swordsdance] ttype=flying
INFO     	       hawlucha     unburden    whiteherb [bravebird, closecombat, swordsdance, throatchop] ttype=fighting
INFO     	       dachsbun wellbakedbody    leftovers [playrough, protect, wish, yawn] ttype=steel
INFO     Sampling battle 10
INFO     	         lunala shadowshield    leftovers [calmmind, moongeistbeam, moonlight, psyshock] ttype=fairy
INFO     Sampling 5 unrevealed pokemon
INFO     	   crabominable     ironfist  assaultvest [drainpunch, earthquake, icehammer, knockoff] ttype=fighting
INFO     	     hitmonchan     ironfist    leftovers [bulkup, drainpunch, knockoff, poisonjab] ttype=steel
INFO     	      coalossal    flamebody heavydutyboots [flamethrower, rapidspin, spikes, stoneedge] ttype=grass
INFO     	      serperior     contrary    leftovers [dragonpulse, leafstorm, leechseed, substitute] ttype=dragon
INFO     	        slaking       truant  choicescarf [doubleedge, earthquake, gigaimpact, knockoff] ttype=normal
INFO     Sampling battle 11
INFO     	         lunala shadowshield    leftovers [calmmind, moongeistbeam, moonlight, psyshock] ttype=fairy
INFO     Sampling 5 unrevealed pokemon
INFO     	      greattusk protosynthesis    leftovers [bulkup, closecombat, earthquake, stoneedge] ttype=steel
INFO     	 sandslashalola    slushrush      lifeorb [earthquake, knockoff, swordsdance, tripleaxel] ttype=ground
INFO     	          rotom     levitate      lifeorb [nastyplot, shadowball, thunderbolt, willowisp] ttype=ghost
INFO     	      zamazenta dauntlessshield    leftovers [bodypress, irondefense, ironhead, stoneedge] ttype=steel
INFO     	      magnezone     analytic  choicescarf [bodypress, flashcannon, thunderbolt, voltswitch] ttype=flying
INFO     Sampling battle 12
INFO     	         lunala shadowshield    leftovers [calmmind, moongeistbeam, moonlight, psyshock] ttype=fairy
INFO     Sampling 5 unrevealed pokemon
INFO     	   arceuspoison    multitype   toxicplate [earthquake, extremespeed, gunkshot, swordsdance] ttype=ground
INFO     	        scyther   technician heavydutyboots [closecombat, defog, dualwingbeat, uturn] ttype=fighting
INFO     	        kingdra       sniper     lumberry [dragondance, outrage, waterfall, wavecrash] ttype=water
INFO     	        ogerpon      defiant      lifeorb [ivycudgel, knockoff, superpower, swordsdance] ttype=grass
INFO     	         zekrom     teravolt    leftovers [boltstrike, dragondance, outrage, substitute] ttype=steel
INFO     Sampling battle 13
INFO     	         lunala shadowshield    leftovers [calmmind, moongeistbeam, moonlight, psyshock] ttype=fairy
INFO     Sampling 5 unrevealed pokemon
INFO     	       sunflora  chlorophyll      lifeorb [earthpower, solarbeam, sunnyday, weatherball] ttype=fire
INFO     	        dewgong     thickfat heavydutyboots [encore, knockoff, surf, tripleaxel] ttype=grass
INFO     	   lycanrocdusk   toughclaws   choiceband [accelerock, closecombat, psychicfangs, stoneedge] ttype=fighting
INFO     	      tatsugiri   stormdrain heavydutyboots [dracometeor, hydropump, nastyplot, rapidspin] ttype=water
INFO     	    raichualola  surgesurfer  choicespecs [alluringvoice, psyshock, thunderbolt, voltswitch] ttype=fairy
INFO     Sampling battle 14
INFO     	         lunala shadowshield    leftovers [calmmind, moongeistbeam, moonlight, psyshock] ttype=fairy
INFO     Sampling 5 unrevealed pokemon
INFO     	         komala     comatose  assaultvest [bodyslam, earthquake, knockoff, rapidspin] ttype=ghost
INFO     	      pachirisu   voltabsorb heavydutyboots [discharge, encore, superfang, uturn] ttype=flying
INFO     	        lucario   innerfocus      lifeorb [flashcannon, focusblast, nastyplot, vacuumwave] ttype=fighting
INFO     	       mukalola  poisontouch  assaultvest [drainpunch, gunkshot, knockoff, shadowsneak] ttype=fighting
INFO     	 decidueyehisui      scrappy    leftovers [leafblade, roost, swordsdance, triplearrows] ttype=steel
INFO     Sampling battle 15
INFO     	         lunala shadowshield    leftovers [calmmind, moongeistbeam, moonlight, psyshock] ttype=fairy
INFO     Sampling 5 unrevealed pokemon
INFO     	       floatzel    waterveil    leftovers [bulkup, icespinner, taunt, wavecrash] ttype=steel
INFO     	     hitmonchan     ironfist    leftovers [bulkup, drainpunch, knockoff, poisonjab] ttype=poison
INFO     	       braviary      defiant heavydutyboots [bravebird, bulkup, closecombat, roost] ttype=fighting
INFO     	       cloyster    skilllink    whiteherb [hydropump, iciclespear, rockblast, shellsmash] ttype=rock
INFO     	     arceusdark    multitype   dreadplate [calmmind, dazzlinggleam, judgment, recover] ttype=fairy
INFO     Searching for a move using MCTS...
INFO     Sampling 16 battles at 500ms each
WARNING  final-choice override (%s): %s -> %s
INFO     Choice: protect
INFO     arboliva already has the move protect. Decrementing the PP by 1
INFO     arboliva used a status-move. Adding `assaultvest` to impossible items
INFO     Setting arboliva's last used move: protect
INFO     arboliva used a protect move, set protect side condition to 2
INFO     lunala already has the move moonlight. Decrementing the PP by 1
INFO     lunala used a status-move. Adding `assaultvest` to impossible items
INFO     Setting lunala's last used move: moonlight
INFO     Setting lunala's item to: leftovers
INFO     Setting arboliva's item to sitrusberry
INFO     Setting protect to 1 for the bot
INFO     lunala has less than maxhp during upkeep, no longer guessing leftovers or blacksludge
INFO     
INFO     Turn: 20
INFO     loaded 8 player and 0 effective opponent priors
INFO     Sampling battle 0
INFO     	         lunala shadowshield    leftovers [calmmind, moongeistbeam, moonlight, psyshock] ttype=fairy
INFO     Sampling 5 unrevealed pokemon
INFO     	       hawlucha     unburden    whiteherb [bravebird, closecombat, encore, swordsdance] ttype=fighting
INFO     	       qwilfish   intimidate heavydutyboots [flipturn, gunkshot, painsplit, toxicspikes] ttype=dark
INFO     	     galvantula compoundeyes heavydutyboots [bugbuzz, stickyweb, thunder, voltswitch] ttype=electric
INFO     	      reuniclus   magicguard      lifeorb [calmmind, focusblast, psychic, recover] ttype=fighting
INFO     	      rotomwash     levitate    leftovers [discharge, hydropump, painsplit, voltswitch] ttype=electric
INFO     Sampling battle 1
INFO     	         lunala shadowshield    leftovers [calmmind, moongeistbeam, moonlight, psyshock] ttype=fairy
INFO     Sampling 5 unrevealed pokemon
INFO     	        slaking       truant   choiceband [doubleedge, earthquake, gigaimpact, knockoff] ttype=ground
INFO     	  oricoriosensu       dancer heavydutyboots [hurricane, quiverdance, revelationdance, roost] ttype=fighting
INFO     	        wochien tabletsofruin    leftovers [knockoff, leechseed, protect, stunspore] ttype=poison
INFO     	         klefki    prankster    leftovers [magnetrise, playrough, spikes, thunderwave] ttype=water
INFO     	       venomoth   tintedlens heavydutyboots [bugbuzz, quiverdance, sleeppowder, sludgewave] ttype=steel
INFO     Sampling battle 2
INFO     	         lunala shadowshield    leftovers [calmmind, moongeistbeam, moonlight, psyshock] ttype=fairy
INFO     Sampling 5 unrevealed pokemon
INFO     	        morpeko hungerswitch    leftovers [aurawheel, knockoff, protect, rapidspin] ttype=electric
INFO     	        sableye    prankster    leftovers [encore, knockoff, recover, willowisp] ttype=steel
INFO     	         kyurem     pressure   loadeddice [dragondance, iciclespear, scaleshot, terablast] ttype=ground
INFO     	       vaporeon  waterabsorb    leftovers [protect, roar, scald, wish] ttype=ground
INFO     	zamazentacrowned dauntlessshield rustedshield [bodypress, heavyslam, irondefense, stoneedge] ttype=ghost
INFO     Sampling battle 3
INFO     	         lunala shadowshield    leftovers [calmmind, moongeistbeam, moonlight, psyshock] ttype=fairy
INFO     Sampling 5 unrevealed pokemon
INFO     	      garganacl purifyingsalt    leftovers [bodypress, irondefense, recover, saltcure] ttype=ghost
INFO     	   arceusflying    multitype     skyplate [calmmind, earthpower, judgment, recover] ttype=ground
INFO     	     forretress       sturdy    leftovers [ironhead, stealthrock, toxicspikes, voltswitch] ttype=water
INFO     	       bronzong     levitate    leftovers [hypnosis, ironhead, psychicnoise, stealthrock] ttype=electric
INFO     	       hariyama     thickfat  assaultvest [bulletpunch, closecombat, heavyslam, knockoff] ttype=steel
INFO     Sampling battle 4
INFO     	         lunala shadowshield    leftovers [calmmind, moongeistbeam, moonlight, psyshock] ttype=fairy
INFO     Sampling 5 unrevealed pokemon
INFO     	       jumpluff  infiltrator              [acrobatics, leechseed, strengthsap, substitute] ttype=steel
INFO     	     toxtricity     punkrock  choicespecs [boomburst, overdrive, sludgewave, voltswitch] ttype=normal
INFO     	     chesnaught  bulletproof    leftovers [bodypress, irondefense, synthesis, trailblaze] ttype=steel
INFO     	      gastrodon   stormdrain    leftovers [earthquake, recover, sludgebomb, surf] ttype=poison
INFO     	     arceusrock    multitype   stoneplate [dragondance, earthquake, recover, stoneedge] ttype=ground
INFO     Sampling battle 5
INFO     	         lunala shadowshield    leftovers [calmmind, moongeistbeam, moonlight, psyshock] ttype=fairy
INFO     Sampling 5 unrevealed pokemon
INFO     	         glalie   innerfocus heavydutyboots [earthquake, freezedry, spikes, taunt] ttype=ghost
INFO     	       clodsire  waterabsorb    leftovers [earthquake, gunkshot, recover, toxicspikes] ttype=flying
INFO     	         espeon  magicbounce  choicespecs [alluringvoice, psyshock, shadowball, trick] ttype=fairy
INFO     	   arceuspoison    multitype   toxicplate [earthquake, extremespeed, gunkshot, swordsdance] ttype=ground
INFO     	      thundurus      defiant heavydutyboots [grassknot, knockoff, sludgewave, thunderbolt] ttype=steel
INFO     Sampling battle 6
INFO     	         lunala shadowshield    leftovers [calmmind, moongeistbeam, moonlight, psyshock] ttype=fairy
INFO     Sampling 5 unrevealed pokemon
INFO     	      cramorant  gulpmissile heavydutyboots [bravebird, defog, roost, surf] ttype=ground
INFO     	         emboar     reckless  assaultvest [closecombat, flareblitz, knockoff, suckerpunch] ttype=dark
INFO     	        flareon         guts     toxicorb [facade, flareblitz, quickattack, trailblaze] ttype=normal
INFO     	      indeedeef psychicsurge      lifeorb [calmmind, dazzlinggleam, hypervoice, psyshock] ttype=psychic
INFO     	       cloyster    skilllink    whiteherb [hydropump, iciclespear, rockblast, shellsmash] ttype=rock
INFO     Sampling battle 7
INFO     	         lunala shadowshield    leftovers [calmmind, moongeistbeam, moonlight, psyshock] ttype=fairy
INFO     Sampling 5 unrevealed pokemon
INFO     	        palafin   zerotohero    leftovers [bulkup, icepunch, jetpunch, wavecrash] ttype=dragon
INFO     	     irontreads   quarkdrive    leftovers [earthquake, ironhead, knockoff, stealthrock] ttype=ghost
INFO     	   arceusflying    multitype     skyplate [calmmind, earthpower, judgment, recover] ttype=steel
INFO     	         comfey       triage    leftovers [calmmind, drainingkiss, gigadrain, storedpower] ttype=steel
INFO     	      mismagius     levitate  choicespecs [mysticalfire, shadowball, thunderbolt, trick] ttype=ghost
INFO     Sampling battle 8
INFO     	         lunala shadowshield    leftovers [calmmind, moongeistbeam, moonlight, psyshock] ttype=fairy
INFO     Sampling 5 unrevealed pokemon
INFO     	    ironboulder   quarkdrive      lifeorb [closecombat, mightycleave, swordsdance, zenheadbutt] ttype=fighting
INFO     	       garchomp    roughskin   loadeddice [earthquake, ironhead, scaleshot, swordsdance] ttype=ground
INFO     	 oricoriopompom       dancer heavydutyboots [hurricane, quiverdance, revelationdance, roost] ttype=ground
INFO     	taurospaldeaaqua   intimidate   choiceband [aquajet, closecombat, stoneedge, wavecrash] ttype=water
INFO     	  qwilfishhisui   intimidate     eviolite [crunch, gunkshot, spikes, taunt] ttype=poison
INFO     Sampling battle 9
INFO     	         lunala shadowshield    leftovers [calmmind, moongeistbeam, moonlight, psyshock] ttype=fairy
INFO     Sampling 5 unrevealed pokemon
INFO     	     ironthorns   quarkdrive   airballoon [spikes, stealthrock, stoneedge, wildcharge] ttype=water
INFO     	thundurustherian   voltabsorb  choicescarf [focusblast, grassknot, thunderbolt, voltswitch] ttype=electric
INFO     	      mamoswine     thickfat      lifeorb [earthquake, iceshard, iciclecrash, stealthrock] ttype=ground
INFO     	        gurdurr         guts     eviolite [defog, drainpunch, knockoff, machpunch] ttype=steel
INFO     	     copperajah   sheerforce      lifeorb [ironhead, playrough, stealthrock, superpower] ttype=fairy
INFO     Sampling battle 10
INFO     	         lunala shadowshield    leftovers [calmmind, moongeistbeam, moonlight, psyshock] ttype=fairy
INFO     Sampling 5 unrevealed pokemon
INFO     	       chimecho     levitate    leftovers [calmmind, dazzlinggleam, psyshock, recover] ttype=poison
INFO     	    zapdosgalar      defiant      lifeorb [bravebird, bulkup, closecombat, knockoff] ttype=fighting
INFO     	     conkeldurr         guts     flameorb [closecombat, facade, knockoff, machpunch] ttype=normal
INFO     	       inteleon      torrent  choicespecs [hydropump, icebeam, scald, uturn] ttype=water
INFO     	      cramorant  gulpmissile heavydutyboots [bravebird, defog, roost, surf] ttype=ground
INFO     Sampling battle 11
INFO     	         lunala shadowshield    leftovers [calmmind, moongeistbeam, moonlight, psyshock] ttype=fairy
INFO     Sampling 5 unrevealed pokemon
INFO     	    stonjourner    powerspot      lifeorb [earthquake, heatcrash, rockpolish, stoneedge] ttype=ground
INFO     	   weezinggalar     levitate    leftovers [gunkshot, painsplit, strangesteam, willowisp] ttype=steel
INFO     	      azumarill    hugepower  sitrusberry [aquajet, bellydrum, liquidation, playrough] ttype=water
INFO     	   dialgaorigin     pressure adamantcrystal [dracometeor, flashcannon, stealthrock, thunderwave] ttype=flying
INFO     	        leafeon  chlorophyll      lifeorb [doubleedge, knockoff, leafblade, swordsdance] ttype=normal
INFO     Sampling battle 12
INFO     	         lunala shadowshield    leftovers [calmmind, moongeistbeam, moonlight, psyshock] ttype=fairy
INFO     Sampling 5 unrevealed pokemon
INFO     	        haxorus  moldbreaker     lumberry [closecombat, dragondance, ironhead, outrage] ttype=steel
INFO     	      regidrago   dragonsmaw      lifeorb [dragonclaw, dragondance, earthquake, terablast] ttype=steel
INFO     	       ludicolo    swiftswim      lifeorb [gigadrain, hydropump, icebeam, raindance] ttype=grass
INFO     	        kleavor    sharpness heavydutyboots [defog, stoneaxe, uturn, xscissor] ttype=bug
INFO     	     kricketune   technician heavydutyboots [knockoff, pounce, stickyweb, taunt] ttype=ghost
INFO     Sampling battle 13
INFO     	         lunala shadowshield    leftovers [calmmind, moongeistbeam, moonlight, psyshock] ttype=fairy
INFO     Sampling 5 unrevealed pokemon
INFO     	    arceussteel    multitype    ironplate [earthquake, judgment, recover, willowisp] ttype=ghost
INFO     	         golurk      noguard   choiceband [dynamicpunch, earthquake, poltergeist, stoneedge] ttype=fighting
INFO     	      coalossal    flamebody heavydutyboots [overheat, rapidspin, stoneedge, willowisp] ttype=water
INFO     	     baxcalibur thermalexchange heavydutyboots [dragondance, earthquake, glaiverush, iciclecrash] ttype=ground
INFO     	       vivillon compoundeyes heavydutyboots [bugbuzz, hurricane, quiverdance, sleeppowder] ttype=flying
INFO     Sampling battle 14
INFO     	         lunala shadowshield    leftovers [calmmind, moongeistbeam, moonlight, psyshock] ttype=fairy
INFO     Sampling 5 unrevealed pokemon
INFO     	     baxcalibur thermalexchange heavydutyboots [dragondance, earthquake, glaiverush, iciclecrash] ttype=dragon
INFO     	squawkabillyblue         guts     flameorb [bravebird, facade, quickattack, uturn] ttype=normal
INFO     	        yanmega   tintedlens  choicespecs [airslash, bugbuzz, gigadrain, uturn] ttype=bug
INFO     	        gallade    sharpness      lifeorb [agility, nightslash, psychocut, sacredsword] ttype=fighting
INFO     	     sandaconda     shedskin    leftovers [coil, earthquake, glare, stoneedge] ttype=steel
INFO     Sampling battle 15
INFO     	         lunala shadowshield    leftovers [calmmind, moongeistbeam, moonlight, psyshock] ttype=fairy
INFO     Sampling 5 unrevealed pokemon
INFO     	      azumarill    hugepower   choiceband [aquajet, liquidation, playrough, superpower] ttype=water
INFO     	     eelektross     levitate  assaultvest [closecombat, discharge, knockoff, uturn] ttype=steel
INFO     	        donphan       sturdy    leftovers [earthquake, knockoff, rapidspin, stealthrock] ttype=dragon
INFO     	      cresselia     levitate    leftovers [calmmind, moonlight, psyshock, thunderbolt] ttype=electric
INFO     	      charizard        blaze heavydutyboots [dragondance, earthquake, flareblitz, outrage] ttype=dragon
INFO     Searching for a move using MCTS...
INFO     Sampling 16 battles at 500ms each
INFO     Choice: substitute
INFO     Updated lunala's min speed to 131
INFO     lunala already has the move psyshock. Decrementing the PP by 1
INFO     lunala used two different moves - it cannot have a choice item
INFO     lunala used a psychic move, removing psychicgem from possible items
INFO     Setting lunala's last used move: psyshock
INFO     lunala used a damaging move - not guessing lifeorb anymore
INFO     lunala did 64.92999999999999% damage to arboliva with psyshock
INFO     Removing arboliva's item: sitrusberry
INFO     arboliva already has the move substitute. Decrementing the PP by 1
INFO     arboliva using substitute makes it unlikely to have a choice item. Setting can_have_choice_item to False
INFO     arboliva used a status-move. Adding `assaultvest` to impossible items
INFO     Setting arboliva's last used move: substitute
INFO     Starting the volatile status substitute on arboliva
INFO     arboliva started a substitute - setting substitute_hit to False
INFO     Setting lunala's item to: leftovers
INFO     Setting arboliva's item to sitrusberry
INFO     Setting protect to 0 for the bot
INFO     lunala has less than maxhp during upkeep, no longer guessing leftovers or blacksludge
INFO     Removing arboliva's item: sitrusberry
INFO     
INFO     Turn: 21
INFO     loaded 8 player and 0 effective opponent priors
INFO     Sampling battle 0
INFO     	         lunala shadowshield    leftovers [calmmind, moongeistbeam, moonlight, psyshock] ttype=fairy
INFO     Sampling 5 unrevealed pokemon
INFO     	  arceuspsychic    multitype    mindplate [bodypress, cosmicpower, recover, storedpower] ttype=steel
INFO     	taurospaldeacombat   intimidate   choiceband [closecombat, ironhead, stoneedge, throatchop] ttype=steel
INFO     	       magearna    soulheart weaknesspolicy [fleurcannon, ironhead, shiftgear, terablast] ttype=ground
INFO     	     ironbundle   quarkdrive heavydutyboots [encore, freezedry, hydropump, icebeam] ttype=ice
INFO     	        avalugg       sturdy heavydutyboots [avalanche, bodypress, rapidspin, recover] ttype=fighting
INFO     Sampling battle 1
INFO     	         lunala shadowshield    leftovers [calmmind, moongeistbeam, moonlight, psyshock] ttype=fairy
INFO     Sampling 5 unrevealed pokemon
INFO     	        slaking       truant   choiceband [doubleedge, earthquake, gigaimpact, knockoff] ttype=ground
INFO     	        altaria  naturalcure heavydutyboots [bravebird, dragondance, earthquake, roost] ttype=ground
INFO     	      coalossal    flamebody heavydutyboots [flamethrower, rapidspin, stoneedge, willowisp] ttype=ghost
INFO     	    brutebonnet protosynthesis    leftovers [crunch, seedbomb, spore, suckerpunch] ttype=poison
INFO     	     masquerain   intimidate heavydutyboots [bugbuzz, hurricane, hydropump, quiverdance] ttype=water
INFO     Sampling battle 2
INFO     	         lunala shadowshield    leftovers [calmmind, moongeistbeam, moonlight, psyshock] ttype=fairy
INFO     Sampling 5 unrevealed pokemon
INFO     	ogerponcornerstone       sturdy cornerstonemask [ivycudgel, powerwhip, spikes, synthesis] ttype=rock
INFO     	       rotomfan     levitate heavydutyboots [airslash, nastyplot, thunderbolt, willowisp] ttype=electric
INFO     	        heatran    flashfire   airballoon [earthpower, heavyslam, magmastorm, stealthrock] ttype=grass
INFO     	        toxapex  regenerator    leftovers [haze, liquidation, recover, toxicspikes] ttype=steel
INFO     	      primarina      torrent  choicespecs [flipturn, hydropump, moonblast, psychic] ttype=water
INFO     Sampling battle 3
INFO     	         lunala shadowshield    leftovers [calmmind, moongeistbeam, moonlight, psyshock] ttype=fairy
INFO     Sampling 5 unrevealed pokemon
INFO     	        zoroark     illusion      lifeorb [darkpulse, encore, nastyplot, sludgebomb] ttype=poison
INFO     	       qwilfish   intimidate    leftovers [destinybond, gunkshot, toxicspikes, waterfall] ttype=grass
INFO     	        ogerpon      defiant      lifeorb [ivycudgel, knockoff, superpower, swordsdance] ttype=grass
INFO     	      registeel    clearbody  chestoberry [bodypress, irondefense, ironhead, rest] ttype=fighting
INFO     	   persianalola      furcoat    leftovers [darkpulse, hypnosis, nastyplot, thunderbolt] ttype=electric
INFO     Sampling battle 4
INFO     	         lunala shadowshield    leftovers [calmmind, moongeistbeam, moonlight, psyshock] ttype=fairy
INFO     Sampling 5 unrevealed pokemon
INFO     	      rotomheat     levitate heavydutyboots [overheat, painsplit, thunderbolt, willowisp] ttype=steel
INFO     	          lugia   multiscale heavydutyboots [aeroblast, calmmind, psychicnoise, recover] ttype=steel
INFO     	       lycanroc     sandrush   choiceband [accelerock, closecombat, crunch, stoneedge] ttype=fighting
INFO     	      tatsugiri   stormdrain heavydutyboots [dracometeor, hydropump, nastyplot, rapidspin] ttype=steel
INFO     	     skeledirge      unaware heavydutyboots [flamecharge, shadowball, slackoff, torchsong] ttype=fairy
INFO     Sampling battle 5
INFO     	         lunala shadowshield    leftovers [calmmind, moongeistbeam, moonlight, psyshock] ttype=fairy
INFO     Sampling 5 unrevealed pokemon
INFO     	       quagsire      unaware    leftovers [earthquake, recover, spikes, toxic] ttype=fairy
INFO     	    roaringmoon protosynthesis boosterenergy [dragondance, ironhead, knockoff, outrage] ttype=steel
INFO     	       ribombee   shielddust heavydutyboots [bugbuzz, moonblast, stickyweb, stunspore] ttype=ghost
INFO     	      gardevoir        trace  choicescarf [focusblast, moonblast, mysticalfire, psychic] ttype=fighting
INFO     	      zamazenta dauntlessshield    leftovers [bodypress, crunch, irondefense, ironhead] ttype=fighting
INFO     Sampling battle 6
INFO     	         lunala shadowshield    leftovers [calmmind, moongeistbeam, moonlight, psyshock] ttype=fairy
INFO     Sampling 5 unrevealed pokemon
INFO     	      regieleki   transistor       magnet [rapidspin, terablast, thunderbolt, voltswitch] ttype=ice
INFO     	       miraidon hadronengine  choicespecs [dracometeor, electrodrift, overheat, voltswitch] ttype=electric
INFO     	       samurott      torrent  assaultvest [flipturn, grassknot, hydropump, knockoff] ttype=water
INFO     	        blissey  naturalcure    leftovers [healbell, seismictoss, softboiled, thunderwave] ttype=fairy
INFO     	       cobalion    justified    leftovers [closecombat, ironhead, swordsdance, taunt] ttype=fighting
INFO     Sampling battle 7
INFO     	         lunala shadowshield    leftovers [calmmind, moongeistbeam, moonlight, psyshock] ttype=fairy
INFO     Sampling 5 unrevealed pokemon
INFO     	necrozmaduskmane   prismarmor weaknesspolicy [dragondance, earthquake, photongeyser, sunsteelstrike] ttype=ground
INFO     	       tinkaton  moldbreaker    leftovers [gigatonhammer, playrough, protect, swordsdance] ttype=steel
INFO     	   arceusflying    multitype     skyplate [calmmind, earthpower, judgment, recover] ttype=ground
INFO     	        okidogi   toxicchain    leftovers [bulkup, drainpunch, gunkshot, knockoff] ttype=dark
INFO     	      rillaboom  grassysurge      lifeorb [grassyglide, highhorsepower, swordsdance, woodhammer] ttype=grass
INFO     Sampling battle 8
INFO     	         lunala shadowshield    leftovers [calmmind, moongeistbeam, moonlight, psyshock] ttype=fairy
INFO     Sampling 5 unrevealed pokemon
INFO     	      tatsugiri   stormdrain heavydutyboots [dracometeor, nastyplot, rapidspin, surf] ttype=water
INFO     	      pachirisu   voltabsorb  assaultvest [nuzzle, superfang, thunderbolt, uturn] ttype=flying
INFO     	         mewtwo     pressure      lifeorb [aurasphere, darkpulse, nastyplot, psystrike] ttype=dark
INFO     	       miraidon hadronengine      lifeorb [calmmind, dracometeor, dragonpulse, electrodrift] ttype=electric
INFO     	        heatran    flashfire   airballoon [earthpower, heavyslam, magmastorm, stealthrock] ttype=grass
INFO     Sampling battle 9
INFO     	         lunala shadowshield    leftovers [calmmind, moongeistbeam, moonlight, psyshock] ttype=fairy
INFO     Sampling 5 unrevealed pokemon
INFO     	         zacian intrepidsword      lifeorb [closecombat, crunch, playrough, swordsdance] ttype=fighting
INFO     	         gogoat    sapsipper    leftovers [bulkup, earthquake, hornleech, milkdrink] ttype=water
INFO     	      arceusice    multitype  icicleplate [calmmind, judgment, recover, thunderbolt] ttype=electric
INFO     	 exeggutoralola      harvest  sitrusberry [dracometeor, flamethrower, moonlight, woodhammer] ttype=fire
INFO     	       tornadus    prankster heavydutyboots [bleakwindstorm, focusblast, grassknot, nastyplot] ttype=fighting
INFO     Sampling battle 10
INFO     	         lunala shadowshield    leftovers [calmmind, moongeistbeam, moonlight, psyshock] ttype=fairy
INFO     Sampling 5 unrevealed pokemon
INFO     	        golduck    cloudnine  choicespecs [flipturn, grassknot, hydropump, icebeam] ttype=grass
INFO     	  oricoriosensu       dancer heavydutyboots [hurricane, quiverdance, revelationdance, roost] ttype=fighting
INFO     	       meloetta  serenegrace      lifeorb [closecombat, knockoff, relicsong, tripleaxel] ttype=fighting
INFO     	       whiscash    oblivious      lifeorb [dragondance, earthquake, liquidation, stoneedge] ttype=ground
INFO     	       chienpao  swordofruin   choiceband [crunch, iceshard, iciclecrash, sacredsword] ttype=fighting
INFO     Sampling battle 11
INFO     	         lunala shadowshield    leftovers [calmmind, moongeistbeam, moonlight, psyshock] ttype=fairy
INFO     Sampling 5 unrevealed pokemon
INFO     	       empoleon  competitive    leftovers [knockoff, roost, surf, yawn] ttype=flying
INFO     	       mukalola  poisontouch  assaultvest [drainpunch, gunkshot, icepunch, knockoff] ttype=fighting
INFO     	        toxapex  regenerator    leftovers [haze, liquidation, recover, toxic] ttype=flying
INFO     	thundurustherian   voltabsorb  choicescarf [psychic, sludgewave, thunderbolt, voltswitch] ttype=electric
INFO     	        avalugg       sturdy heavydutyboots [avalanche, bodypress, rapidspin, recover] ttype=fighting
INFO     Sampling battle 12
INFO     	         lunala shadowshield    leftovers [calmmind, moongeistbeam, moonlight, psyshock] ttype=fairy
INFO     Sampling 5 unrevealed pokemon
INFO     	           hooh  regenerator heavydutyboots [bravebird, earthquake, recover, sacredfire] ttype=ground
INFO     	        florges   flowerveil    leftovers [calmmind, moonblast, synthesis, terablast] ttype=ground
INFO     	      eternatus     pressure  rockyhelmet [dynamaxcannon, flamethrower, recover, toxic] ttype=dragon
INFO     	         kyogre      drizzle    leftovers [calmmind, icebeam, originpulse, thunder] ttype=steel
INFO     	squawkabillywhite       hustle heavydutyboots [bravebird, doubleedge, partingshot, quickattack] ttype=normal
INFO     Sampling battle 13
INFO     	         lunala shadowshield    leftovers [calmmind, moongeistbeam, moonlight, psyshock] ttype=fairy
INFO     Sampling 5 unrevealed pokemon
INFO     	      mandibuzz     overcoat heavydutyboots [defog, foulplay, roost, uturn] ttype=steel
INFO     	      mamoswine     thickfat      lifeorb [earthquake, iceshard, iciclecrash, stealthrock] ttype=ice
INFO     	       blaziken   speedboost      lifeorb [closecombat, flareblitz, knockoff, swordsdance] ttype=fighting
INFO     	      munkidori   toxicchain      lifeorb [focusblast, nastyplot, psyshock, sludgewave] ttype=poison
INFO     	      charizard        blaze heavydutyboots [earthquake, flamethrower, focusblast, hurricane] ttype=ground
INFO     Sampling battle 14
INFO     	         lunala shadowshield    leftovers [calmmind, moongeistbeam, moonlight, psyshock] ttype=fairy
INFO     Sampling 5 unrevealed pokemon
INFO     	        delphox        blaze heavydutyboots [fireblast, focusblast, nastyplot, psyshock] ttype=fire
INFO     	         arceus    multitype      lifeorb [earthquake, extremespeed, shadowclaw, swordsdance] ttype=ghost
INFO     	      mandibuzz     overcoat heavydutyboots [defog, foulplay, roost, uturn] ttype=steel
INFO     	    brutebonnet protosynthesis    leftovers [crunch, seedbomb, spore, suckerpunch] ttype=poison
INFO     	       pelipper      drizzle heavydutyboots [hurricane, hydropump, roost, uturn] ttype=ground
INFO     Sampling battle 15
INFO     	         lunala shadowshield    leftovers [calmmind, moongeistbeam, moonlight, psyshock] ttype=fairy
INFO     Sampling 5 unrevealed pokemon
INFO     	        spidops     stakeout heavydutyboots [circlethrow, stickyweb, toxicspikes, uturn] ttype=ghost
INFO     	        beartic    slushrush   choiceband [aquajet, closecombat, earthquake, iciclecrash] ttype=ground
INFO     	        slaking       truant   choiceband [doubleedge, earthquake, gigaimpact, knockoff] ttype=ground
INFO     	  braviaryhisui   tintedlens heavydutyboots [calmmind, esperwing, hurricane, roost] ttype=fairy
INFO     	      spiritomb  infiltrator    leftovers [foulplay, poltergeist, shadowsneak, willowisp] ttype=steel
INFO     Searching for a move using MCTS...
INFO     Sampling 16 battles at 500ms each
INFO     Choice: protect
INFO     arboliva already has the move protect. Decrementing the PP by 1
INFO     arboliva used a status-move. Adding `assaultvest` to impossible items
INFO     Setting arboliva's last used move: protect
INFO     arboliva used a protect move, set protect side condition to 2
INFO     lunala already has the move calmmind. Decrementing the PP by 1
INFO     lunala used two different moves - it cannot have a choice item
INFO     lunala using calmmind makes it unlikely to have a choice item. Setting can_have_choice_item to False
INFO     lunala used a status-move. Adding `assaultvest` to impossible items
INFO     Setting lunala's last used move: calmmind
INFO     lunala's special-attack was boosted by 1 to 4
INFO     lunala's special-defense was boosted by 1 to 4
INFO     Setting lunala's item to: leftovers
INFO     Setting protect to 1 for the bot
INFO     lunala has less than maxhp during upkeep, no longer guessing leftovers or blacksludge
INFO     
INFO     Turn: 22
INFO     loaded 8 player and 0 effective opponent priors
INFO     Sampling battle 0
INFO     	         lunala shadowshield    leftovers [calmmind, moongeistbeam, moonlight, psyshock] ttype=fairy
INFO     Sampling 5 unrevealed pokemon
INFO     	      electrode       static      lifeorb [taunt, terablast, thunderbolt, voltswitch] ttype=ice
INFO     	       ampharos       static  choicespecs [dazzlinggleam, focusblast, thunderbolt, voltswitch] ttype=fairy
INFO     	 decidueyehisui      scrappy    leftovers [knockoff, leafblade, roost, triplearrows] ttype=steel
INFO     	         comfey       triage    leftovers [calmmind, drainingkiss, synthesis, terablast] ttype=ground
INFO     	       vaporeon  waterabsorb    leftovers [icebeam, protect, scald, wish] ttype=poison
INFO     Sampling battle 1
INFO     	         lunala shadowshield    leftovers [calmmind, moongeistbeam, moonlight, psyshock] ttype=fairy
INFO     Sampling 5 unrevealed pokemon
INFO     	     rotomfrost     levitate heavydutyboots [blizzard, nastyplot, thunderbolt, willowisp] ttype=electric
INFO     	   deoxysattack     pressure      lifeorb [icebeam, knockoff, psychoboost, superpower] ttype=psychic
INFO     	    polteageist   cursedbody    whiteherb [shadowball, shellsmash, storedpower, strengthsap] ttype=psychic
INFO     	        weavile   pickpocket   choiceband [iceshard, knockoff, lowkick, tripleaxel] ttype=dark
INFO     	        shiftry    windrider      lifeorb [knockoff, leafblade, lowkick, tailwind] ttype=fighting
INFO     Sampling battle 2
INFO     	         lunala shadowshield    leftovers [calmmind, moongeistbeam, moonlight, psyshock] ttype=fairy
INFO     Sampling 5 unrevealed pokemon
INFO     	     arceusrock    multitype   stoneplate [calmmind, earthpower, judgment, recover] ttype=ground
INFO     	       ironmoth   quarkdrive heavydutyboots [fireblast, morningsun, sludgewave, uturn] ttype=fire
INFO     	       sceptile     overgrow    leftovers [focusblast, gigadrain, leechseed, substitute] ttype=steel
INFO     	       granbull   intimidate    leftovers [earthquake, encore, playrough, thunderwave] ttype=ground
INFO     	    stonjourner    powerspot      lifeorb [earthquake, heatcrash, stealthrock, stoneedge] ttype=ground
INFO     Sampling battle 3
INFO     	         lunala shadowshield    leftovers [calmmind, moongeistbeam, moonlight, psyshock] ttype=fairy
INFO     Sampling 5 unrevealed pokemon
INFO     	    zapdosgalar      defiant  choicescarf [bravebird, closecombat, knockoff, uturn] ttype=fighting
INFO     	     houndstone       fluffy    leftovers [bodypress, poltergeist, rest, sleeptalk] ttype=fighting
INFO     	      ironhands   quarkdrive    leftovers [drainpunch, icepunch, swordsdance, thunderpunch] ttype=steel
INFO     	       meowstic    prankster    lightclay [lightscreen, psychicnoise, reflect, yawn] ttype=fairy
INFO     	       chienpao  swordofruin   choiceband [iceshard, iciclecrash, sacredsword, throatchop] ttype=dark
INFO     Sampling battle 4
INFO     	         lunala shadowshield    leftovers [calmmind, moongeistbeam, moonlight, psyshock] ttype=fairy
INFO     Sampling 5 unrevealed pokemon
INFO     	        torkoal      drought heavydutyboots [lavaplume, rapidspin, solarbeam, yawn] ttype=grass
INFO     	     conkeldurr         guts     flameorb [closecombat, facade, knockoff, machpunch] ttype=normal
INFO     	    walkingwake protosynthesis  choicespecs [dracometeor, flamethrower, flipturn, hydropump] ttype=water
INFO     	          rotom     levitate  choicescarf [shadowball, thunderbolt, trick, voltswitch] ttype=electric
INFO     	        beartic    swiftswim   choiceband [aquajet, closecombat, earthquake, iciclecrash] ttype=ground
INFO     Sampling battle 5
INFO     	         lunala shadowshield    leftovers [calmmind, moongeistbeam, moonlight, psyshock] ttype=fairy
INFO     Sampling 5 unrevealed pokemon
INFO     	      salamence   intimidate heavydutyboots [dragondance, dualwingbeat, earthquake, outrage] ttype=dragon
INFO     	 oricoriopompom       dancer heavydutyboots [hurricane, quiverdance, revelationdance, roost] ttype=ground
INFO     	            mew  synchronize      lifeorb [closecombat, knockoff, psychicfangs, swordsdance] ttype=fighting
INFO     	      crawdaunt adaptability      lifeorb [aquajet, crabhammer, dragondance, knockoff] ttype=water
INFO     	taurospaldeacombat   intimidate   choiceband [closecombat, earthquake, stoneedge, throatchop] ttype=dark
INFO     Sampling battle 6
INFO     	         lunala shadowshield    leftovers [calmmind, moongeistbeam, moonlight, psyshock] ttype=fairy
INFO     Sampling 5 unrevealed pokemon
INFO     	      pachirisu   voltabsorb  assaultvest [nuzzle, superfang, thunderbolt, uturn] ttype=flying
INFO     	     hitmonchan     ironfist      lifeorb [drainpunch, icepunch, knockoff, swordsdance] ttype=dark
INFO     	tornadustherian  regenerator  assaultvest [bleakwindstorm, heatwave, knockoff, uturn] ttype=steel
INFO     	         gengar   cursedbody      lifeorb [encore, focusblast, shadowball, sludgewave] ttype=dark
INFO     	        lucario    justified      lifeorb [closecombat, extremespeed, meteormash, swordsdance] ttype=normal
INFO     Sampling battle 7
INFO     	         lunala shadowshield    leftovers [calmmind, moongeistbeam, moonlight, psyshock] ttype=fairy
INFO     Sampling 5 unrevealed pokemon
INFO     	       enamorus    cutecharm    leftovers [calmmind, earthpower, moonblast, substitute] ttype=ground
INFO     	      poliwrath  waterabsorb  assaultvest [circlethrow, closecombat, knockoff, liquidation] ttype=steel
INFO     	necrozmaduskmane   prismarmor weaknesspolicy [dragondance, earthquake, morningsun, sunsteelstrike] ttype=steel
INFO     	       whiscash    oblivious      lifeorb [dragondance, earthquake, liquidation, stoneedge] ttype=steel
INFO     	        snorlax     thickfat  chestoberry [bodyslam, curse, earthquake, rest] ttype=ground
INFO     Sampling battle 8
INFO     	         lunala shadowshield    leftovers [calmmind, moongeistbeam, moonlight, psyshock] ttype=fairy
INFO     Sampling 5 unrevealed pokemon
INFO     	ogerponcornerstone       sturdy cornerstonemask [ivycudgel, powerwhip, superpower, swordsdance] ttype=rock
INFO     	      probopass   magnetpull    leftovers [bodypress, flashcannon, irondefense, powergem] ttype=fighting
INFO     	         arceus    multitype    leftovers [extremespeed, recover, shadowclaw, swordsdance] ttype=ghost
INFO     	      staraptor     reckless   choiceband [bravebird, closecombat, quickattack, uturn] ttype=flying
INFO     	        groudon      drought    leftovers [heatcrash, precipiceblades, stoneedge, swordsdance] ttype=fire
INFO     Sampling battle 9
INFO     	         lunala shadowshield    leftovers [calmmind, moongeistbeam, moonlight, psyshock] ttype=fairy
INFO     Sampling 5 unrevealed pokemon
INFO     	       inteleon      torrent  choicespecs [hydropump, icebeam, scald, uturn] ttype=water
INFO     	      hydreigon     levitate  choicespecs [darkpulse, dracometeor, flashcannon, uturn] ttype=dark
INFO     	       porygon2     download     eviolite [discharge, icebeam, recover, triattack] ttype=ghost
INFO     	   zoroarkhisui     illusion      lifeorb [focusblast, hypervoice, poltergeist, willowisp] ttype=normal
INFO     	      tatsugiri   stormdrain heavydutyboots [dracometeor, hydropump, nastyplot, rapidspin] ttype=water
INFO     Sampling battle 10
INFO     	         lunala shadowshield    leftovers [calmmind, moongeistbeam, moonlight, psyshock] ttype=fairy
INFO     Sampling 5 unrevealed pokemon
INFO     	    sandyshocks protosynthesis heavydutyboots [earthpower, spikes, thunderbolt, voltswitch] ttype=electric
INFO     	      abomasnow  snowwarning    lightclay [auroraveil, blizzard, earthquake, iceshard] ttype=water
INFO     	      hatterene  magicbounce  assaultvest [drainingkiss, mysticalfire, nuzzle, psychic] ttype=steel
INFO     	       mukalola  poisontouch  assaultvest [drainpunch, knockoff, poisonjab, shadowsneak] ttype=fighting
INFO     	         zacian intrepidsword   choiceband [closecombat, crunch, playrough, wildcharge] ttype=fighting
INFO     Sampling battle 11
INFO     	         lunala shadowshield    leftovers [calmmind, moongeistbeam, moonlight, psyshock] ttype=fairy
INFO     Sampling 5 unrevealed pokemon
INFO     	     ironbundle   quarkdrive  choicespecs [flipturn, freezedry, hydropump, icebeam] ttype=water
INFO     	    raichualola  surgesurfer      lifeorb [alluringvoice, nastyplot, psyshock, thunderbolt] ttype=fairy
INFO     	      poliwrath  waterabsorb    leftovers [bulkup, drainpunch, liquidation, poisonjab] ttype=fighting
INFO     	 arceusfighting    multitype    fistplate [bodypress, cosmicpower, recover, storedpower] ttype=steel
INFO     	        yanmega   speedboost heavydutyboots [airslash, bugbuzz, protect, terablast] ttype=ground
INFO     Sampling battle 12
INFO     	         lunala shadowshield    leftovers [calmmind, moongeistbeam, moonlight, psyshock] ttype=fairy
INFO     Sampling 5 unrevealed pokemon
INFO     	   palkiaorigin     pressure lustrousglobe [dracometeor, fireblast, hydropump, thunderwave] ttype=fire
INFO     	        bisharp      defiant     eviolite [ironhead, suckerpunch, swordsdance, throatchop] ttype=flying
INFO     	taurospaldeaaqua   intimidate      lifeorb [aquajet, bulkup, closecombat, liquidation] ttype=water
INFO     	       lurantis     contrary    leftovers [knockoff, leafstorm, superpower, synthesis] ttype=fighting
INFO     	       magearna    soulheart weaknesspolicy [fleurcannon, ironhead, shiftgear, terablast] ttype=ground
INFO     Sampling battle 13
INFO     	         lunala shadowshield    leftovers [calmmind, moongeistbeam, moonlight, psyshock] ttype=fairy
INFO     Sampling 5 unrevealed pokemon
INFO     	         rabsca  synchronize heavydutyboots [bugbuzz, psychic, recover, revivalblessing] ttype=steel
INFO     	         zekrom     teravolt    leftovers [boltstrike, dragondance, outrage, substitute] ttype=grass
INFO     	      cinderace       libero   choiceband [gunkshot, highjumpkick, pyroball, uturn] ttype=fire
INFO     	     krookodile   intimidate      lifeorb [earthquake, gunkshot, knockoff, stealthrock] ttype=poison
INFO     	        breloom   technician      lifeorb [bulletseed, machpunch, rocktomb, spore] ttype=fighting
INFO     Sampling battle 14
INFO     	         lunala shadowshield    leftovers [calmmind, moongeistbeam, moonlight, psyshock] ttype=fairy
INFO     Sampling 5 unrevealed pokemon
INFO     	         rabsca  synchronize heavydutyboots [bugbuzz, psychic, recover, revivalblessing] ttype=steel
INFO     	   palkiaorigin     pressure lustrousglobe [fireblast, hydropump, spacialrend, thunderwave] ttype=water
INFO     	         raichu lightningrod      lifeorb [nastyplot, surf, terablast, thunderbolt] ttype=ice
INFO     	        mimikyu     disguise      lifeorb [drainpunch, playrough, shadowsneak, swordsdance] ttype=fairy
INFO     	 keldeoresolute    justified    leftovers [calmmind, hydropump, secretsword, substitute] ttype=steel
INFO     Sampling battle 15
INFO     	         lunala shadowshield    leftovers [calmmind, moongeistbeam, moonlight, psyshock] ttype=fairy
INFO     Sampling 5 unrevealed pokemon
INFO     	        spidops     stakeout heavydutyboots [circlethrow, knockoff, spikes, stickyweb] ttype=ghost
INFO     	       garchomp    roughskin   loadeddice [earthquake, ironhead, scaleshot, swordsdance] ttype=ground
INFO     	       arboliva    seedsower    leftovers [earthpower, energyball, hypervoice, strengthsap] ttype=grass
INFO     	  qwilfishhisui   intimidate     eviolite [crunch, gunkshot, taunt, toxicspikes] ttype=flying
INFO     	       enamorus    cutecharm heavydutyboots [calmmind, earthpower, moonblast, mysticalfire] ttype=ground
INFO     Searching for a move using MCTS...
INFO     Sampling 16 battles at 500ms each
WARNING  final-choice override (%s): %s -> %s
INFO     Choice: switch dusknoir
INFO     Setting lunala's item to leftovers
INFO     lunala already has the move psyshock. Decrementing the PP by 1
INFO     lunala used two different moves - it cannot have a choice item
INFO     lunala used a psychic move, removing psychicgem from possible items
INFO     Setting lunala's last used move: psyshock
INFO     lunala used a damaging move - not guessing lifeorb anymore
INFO     lunala did 68.0% damage to dusknoir with psyshock
INFO     Setting lunala's item to: leftovers
INFO     Setting dusknoir's item to: leftovers
INFO     Setting protect to 0 for the bot
INFO     lunala has less than maxhp during upkeep, no longer guessing leftovers or blacksludge
INFO     
INFO     Turn: 23
INFO     loaded 8 player and 0 effective opponent priors
INFO     Sampling battle 0
INFO     	         lunala shadowshield    leftovers [calmmind, moongeistbeam, moonlight, psyshock] ttype=fairy
INFO     Sampling 5 unrevealed pokemon
INFO     	      mandibuzz     overcoat heavydutyboots [bravebird, defog, knockoff, roost] ttype=steel
INFO     	        flareon         guts     toxicorb [facade, flareblitz, trailblaze, willowisp] ttype=normal
INFO     	       magearna    soulheart weaknesspolicy [fleurcannon, ironhead, shiftgear, terablast] ttype=ground
INFO     	      bastiodon   soundproof  chestoberry [bodypress, foulplay, irondefense, rest] ttype=fighting
INFO     	      mightyena   intimidate  assaultvest [crunch, playrough, poisonfang, suckerpunch] ttype=poison
INFO     Sampling battle 1
INFO     	         lunala shadowshield    leftovers [calmmind, moongeistbeam, moonlight, psyshock] ttype=fairy
INFO     Sampling 5 unrevealed pokemon
INFO     	    fezandipiti   toxicchain    leftovers [beatup, gunkshot, moonblast, roost] ttype=dark
INFO     	     baxcalibur thermalexchange   choiceband [earthquake, glaiverush, iceshard, iciclecrash] ttype=ground
INFO     	   dialgaorigin     pressure adamantcrystal [dracometeor, dragontail, fireblast, heavyslam] ttype=flying
INFO     	    arceusgrass    multitype  meadowplate [calmmind, earthpower, icebeam, judgment] ttype=ground
INFO     	     annihilape      defiant  chestoberry [bulkup, drainpunch, ragefist, rest] ttype=ghost
INFO     Sampling battle 2
INFO     	         lunala shadowshield    leftovers [calmmind, moongeistbeam, moonlight, psyshock] ttype=fairy
INFO     Sampling 5 unrevealed pokemon
INFO     	     shayminsky  serenegrace  choicespecs [airslash, dazzlinggleam, earthpower, seedflare] ttype=flying
INFO     	       samurott      torrent  assaultvest [grassknot, hydropump, icebeam, knockoff] ttype=grass
INFO     	        gurdurr         guts     eviolite [bulkup, drainpunch, knockoff, machpunch] ttype=steel
INFO     	 arceusfighting    multitype    fistplate [bodypress, irondefense, recover, shadowball] ttype=steel
INFO     	        sableye    prankster    leftovers [encore, knockoff, recover, willowisp] ttype=steel
INFO     Sampling battle 3
INFO     	         lunala shadowshield    leftovers [calmmind, moongeistbeam, moonlight, psyshock] ttype=fairy
INFO     Sampling 5 unrevealed pokemon
INFO     	         arceus    multitype      lifeorb [earthquake, extremespeed, recover, swordsdance] ttype=normal
INFO     	      rhyperior    solidrock weaknesspolicy [earthquake, megahorn, rockpolish, stoneedge] ttype=bug
INFO     	   zoroarkhisui     illusion      lifeorb [focusblast, hypervoice, poltergeist, willowisp] ttype=fighting
INFO     	          arbok   intimidate    leftovers [coil, earthquake, gunkshot, suckerpunch] ttype=ground
INFO     	      meowsticf  competitive      lifeorb [alluringvoice, nastyplot, psychic, thunderbolt] ttype=fairy
INFO     Sampling battle 4
INFO     	         lunala shadowshield    leftovers [calmmind, moongeistbeam, moonlight, psyshock] ttype=fairy
INFO     Sampling 5 unrevealed pokemon
INFO     	      vileplume  effectspore    leftovers [gigadrain, sleeppowder, sludgebomb, strengthsap] ttype=steel
INFO     	       hawlucha     unburden    whiteherb [bravebird, closecombat, stoneedge, swordsdance] ttype=fighting
INFO     	      gastrodon   stormdrain    leftovers [earthquake, icebeam, recover, surf] ttype=steel
INFO     	        mimikyu     disguise      lifeorb [drainpunch, playrough, shadowsneak, swordsdance] ttype=fairy
INFO     	        golduck    cloudnine      lifeorb [grassknot, hydropump, icebeam, nastyplot] ttype=water
INFO     Sampling battle 5
INFO     	         lunala shadowshield    leftovers [calmmind, moongeistbeam, moonlight, psyshock] ttype=fairy
INFO     Sampling 5 unrevealed pokemon
INFO     	         dialga     pressure  assaultvest [dracometeor, dragontail, fireblast, heavyslam] ttype=steel
INFO     	   deoxysattack     pressure      lifeorb [extremespeed, knockoff, psychoboost, superpower] ttype=fighting
INFO     	        moltres    flamebody heavydutyboots [bravebird, fireblast, roost, scorchingsands] ttype=dragon
INFO     	        heatran    flashfire  assaultvest [earthpower, heavyslam, lavaplume, magmastorm] ttype=grass
INFO     	       qwilfish   intimidate heavydutyboots [flipturn, gunkshot, painsplit, toxic] ttype=grass
INFO     Sampling battle 6
INFO     	         lunala shadowshield    leftovers [calmmind, moongeistbeam, moonlight, psyshock] ttype=fairy
INFO     Sampling 5 unrevealed pokemon
INFO     	    slitherwing protosynthesis boosterenergy [acrobatics, bulkup, closecombat, wildcharge] ttype=flying
INFO     	         swalot   liquidooze    leftovers [earthquake, gunkshot, knockoff, swordsdance] ttype=ground
INFO     	         plusle lightningrod      lifeorb [encore, grassknot, nastyplot, thunderbolt] ttype=electric
INFO     	         goodra    sapsipper  assaultvest [dracometeor, dragontail, powerwhip, scald] ttype=water
INFO     	    arceusfairy    multitype   pixieplate [calmmind, earthpower, judgment, recover] ttype=steel
INFO     Sampling battle 7
INFO     	         lunala shadowshield    leftovers [calmmind, moongeistbeam, moonlight, psyshock] ttype=fairy
INFO     Sampling 5 unrevealed pokemon
INFO     	       ironmoth   quarkdrive heavydutyboots [energyball, fireblast, sludgewave, toxicspikes] ttype=grass
INFO     	       venomoth   tintedlens heavydutyboots [bugbuzz, quiverdance, sleeppowder, sludgewave] ttype=poison
INFO     	        ogerpon      defiant    leftovers [ivycudgel, knockoff, spikes, synthesis] ttype=grass
INFO     	      decidueye     overgrow heavydutyboots [defog, leafstorm, roost, spiritshackle] ttype=grass
INFO     	     arceusfire    multitype   flameplate [dragondance, earthquake, flareblitz, recover] ttype=ground
INFO     Sampling battle 8
INFO     	         lunala shadowshield    leftovers [calmmind, moongeistbeam, moonlight, psyshock] ttype=fairy
INFO     Sampling 5 unrevealed pokemon
INFO     	    barraskewda    swiftswim   choiceband [closecombat, flipturn, psychicfangs, waterfall] ttype=fighting
INFO     	      regidrago   dragonsmaw     lumberry [dracometeor, dragondance, earthquake, outrage] ttype=dragon
INFO     	       qwilfish   intimidate    leftovers [gunkshot, taunt, toxicspikes, waterfall] ttype=grass
INFO     	        dedenne   cheekpouch  sitrusberry [dazzlinggleam, nuzzle, superfang, thunderbolt] ttype=flying
INFO     	        shaymin  naturalcure    leftovers [airslash, earthpower, seedflare, synthesis] ttype=steel
INFO     Sampling battle 9
INFO     	         lunala shadowshield    leftovers [calmmind, moongeistbeam, moonlight, psyshock] ttype=fairy
INFO     Sampling 5 unrevealed pokemon
INFO     	    ironboulder   quarkdrive      lifeorb [closecombat, mightycleave, swordsdance, zenheadbutt] ttype=fighting
INFO     	      eternatus     pressure    powerherb [dynamaxcannon, fireblast, meteorbeam, sludgebomb] ttype=poison
INFO     	        beartic    slushrush heavydutyboots [earthquake, iciclecrash, snowscape, swordsdance] ttype=ground
INFO     	      hitmonlee     unburden    whiteherb [closecombat, knockoff, poisonjab, swordsdance] ttype=poison
INFO     	        heatran    flashfire  assaultvest [earthpower, heavyslam, lavaplume, magmastorm] ttype=grass
INFO     Sampling battle 10
INFO     	         lunala shadowshield    leftovers [calmmind, moongeistbeam, moonlight, psyshock] ttype=fairy
INFO     Sampling 5 unrevealed pokemon
INFO     	      mandibuzz     overcoat heavydutyboots [bravebird, defog, foulplay, roost] ttype=steel
INFO     	        palafin   zerotohero   choiceband [closecombat, flipturn, jetpunch, wavecrash] ttype=water
INFO     	         goodra    sapsipper  assaultvest [dracometeor, earthquake, knockoff, powerwhip] ttype=ground
INFO     	       skuntank    aftermath    focussash [gunkshot, knockoff, suckerpunch, toxicspikes] ttype=dark
INFO     	        flapple       hustle     widelens [dragondance, gravapple, outrage, terablast] ttype=fire
INFO     Sampling battle 11
INFO     	         lunala shadowshield    leftovers [calmmind, moongeistbeam, moonlight, psyshock] ttype=fairy
INFO     Sampling 5 unrevealed pokemon
INFO     	urshifurapidstrike   unseenfist      lifeorb [aquajet, closecombat, surgingstrikes, swordsdance] ttype=water
INFO     	   arceusdragon    multitype   dracoplate [dragondance, flareblitz, heavyslam, outrage] ttype=steel
INFO     	       inteleon      torrent  choicespecs [hydropump, icebeam, scald, uturn] ttype=water
INFO     	     copperajah   sheerforce      lifeorb [earthquake, ironhead, playrough, rockslide] ttype=fairy
INFO     	       vikavolt     levitate heavydutyboots [bugbuzz, stickyweb, thunderbolt, voltswitch] ttype=electric
INFO     Sampling battle 12
INFO     	         lunala shadowshield    leftovers [calmmind, moongeistbeam, moonlight, psyshock] ttype=fairy
INFO     Sampling 5 unrevealed pokemon
INFO     	      serperior     contrary    leftovers [leafstorm, leechseed, substitute, terablast] ttype=fire
INFO     	        slowbro  regenerator  assaultvest [fireblast, futuresight, psychicnoise, scald] ttype=fairy
INFO     	       lycanroc     sandrush      lifeorb [accelerock, closecombat, stoneedge, swordsdance] ttype=fighting
INFO     	       houndoom    flashfire heavydutyboots [darkpulse, fireblast, nastyplot, sludgebomb] ttype=dark
INFO     	       koraidon orichalcumpulse   choiceband [closecombat, flareblitz, outrage, uturn] ttype=fire
INFO     Sampling battle 13
INFO     	         lunala shadowshield    leftovers [calmmind, moongeistbeam, moonlight, psyshock] ttype=fairy
INFO     Sampling 5 unrevealed pokemon
INFO     	       dragalge adaptability    leftovers [dracometeor, focusblast, sludgewave, toxic] ttype=fighting
INFO     	     pincurchin electricsurge    leftovers [recover, scald, thunderbolt, toxicspikes] ttype=water
INFO     	        avalugg       sturdy heavydutyboots [avalanche, bodypress, rapidspin, recover] ttype=fighting
INFO     	      dragapult    clearbody      lifeorb [dragondance, dragondarts, fireblast, terablast] ttype=ghost
INFO     	       ursaluna         guts     flameorb [facade, headlongrush, swordsdance, trailblaze] ttype=normal
INFO     Sampling battle 14
INFO     	         lunala shadowshield    leftovers [calmmind, moongeistbeam, moonlight, psyshock] ttype=fairy
INFO     Sampling 5 unrevealed pokemon
INFO     	      gholdengo   goodasgold    leftovers [makeitrain, nastyplot, recover, shadowball] ttype=steel
INFO     	       floatzel    waterveil    leftovers [bulkup, icespinner, taunt, wavecrash] ttype=steel
INFO     	necrozmaduskmane   prismarmor weaknesspolicy [dragondance, earthquake, photongeyser, sunsteelstrike] ttype=steel
INFO     	       mienshao  regenerator      lifeorb [closecombat, knockoff, poisonjab, swordsdance] ttype=poison
INFO     	       vivillon compoundeyes heavydutyboots [hurricane, quiverdance, sleeppowder, terablast] ttype=ground
INFO     Sampling battle 15
INFO     	         lunala shadowshield    leftovers [calmmind, moongeistbeam, moonlight, psyshock] ttype=fairy
INFO     Sampling 5 unrevealed pokemon
INFO     	    ironjugulis   quarkdrive  choicespecs [darkpulse, hurricane, hydropump, uturn] ttype=flying
INFO     	      ironhands   quarkdrive    leftovers [drainpunch, icepunch, swordsdance, thunderpunch] ttype=steel
INFO     	      coalossal    flamebody heavydutyboots [overheat, rapidspin, stealthrock, stoneedge] ttype=water
INFO     	         furret        frisk      lifeorb [brickbreak, doubleedge, knockoff, tidyup] ttype=normal
INFO     	        noctowl   tintedlens heavydutyboots [defog, hurricane, hypervoice, roost] ttype=steel
INFO     Searching for a move using MCTS...
INFO     Sampling 16 battles at 500ms each
INFO     Choice: painsplit
INFO     Updated lunala's min speed to 131
INFO     lunala already has the move psyshock. Decrementing the PP by 1
INFO     lunala used a psychic move, removing psychicgem from possible items
INFO     Setting lunala's last used move: psyshock
INFO     lunala used a damaging move - not guessing lifeorb anymore
INFO     lunala did 25.330000000000002% damage to dusknoir with psyshock
INFO     Setting lunala's item to: leftovers
INFO     lunala has less than maxhp during upkeep, no longer guessing leftovers or blacksludge
INFO     loaded 4 player and 0 effective opponent priors
INFO     Sampling battle 0
INFO     	         lunala shadowshield    leftovers [calmmind, moongeistbeam, moonlight, psyshock] ttype=fairy
INFO     Sampling 5 unrevealed pokemon
INFO     	     whimsicott    prankster heavydutyboots [encore, gigadrain, moonblast, uturn] ttype=poison
INFO     	        seviper  infiltrator    leftovers [earthquake, gunkshot, swordsdance, trailblaze] ttype=grass
INFO     	      dunsparce  serenegrace     eviolite [bodyslam, coil, earthquake, roost] ttype=ghost
INFO     	         rabsca  synchronize heavydutyboots [bugbuzz, earthpower, psychic, revivalblessing] ttype=steel
INFO     	         zapdos       static heavydutyboots [discharge, heatwave, hurricane, roost] ttype=steel
INFO     Sampling battle 1
INFO     	         lunala shadowshield    leftovers [calmmind, moongeistbeam, moonlight, psyshock] ttype=fairy
INFO     Sampling 5 unrevealed pokemon
INFO     	          ditto     imposter  choicescarf [transform] ttype=steel
INFO     	      pachirisu   voltabsorb  assaultvest [nuzzle, superfang, thunderbolt, uturn] ttype=flying
INFO     	       enamorus    cutecharm heavydutyboots [calmmind, earthpower, moonblast, mysticalfire] ttype=ground
INFO     	      mamoswine     thickfat   choiceband [earthquake, iceshard, iciclecrash, knockoff] ttype=ice
INFO     	          klawf  regenerator      lifeorb [crabhammer, knockoff, stealthrock, stoneedge] ttype=water
INFO     Sampling battle 2
INFO     	         lunala shadowshield    leftovers [calmmind, moongeistbeam, moonlight, psyshock] ttype=fairy
INFO     Sampling 5 unrevealed pokemon
INFO     	       rotommow     levitate    leftovers [leafstorm, thunderbolt, voltswitch, willowisp] ttype=electric
INFO     	        beartic    slushrush   choiceband [aquajet, closecombat, earthquake, iciclecrash] ttype=ground
INFO     	      mamoswine     thickfat   choiceband [earthquake, iceshard, iciclecrash, knockoff] ttype=ground
INFO     	          entei   innerfocus   choiceband [extremespeed, flareblitz, sacredfire, stoneedge] ttype=fire
INFO     	    sandyshocks protosynthesis    leftovers [earthpower, spikes, thunderbolt, thunderwave] ttype=grass
INFO     Sampling battle 3
INFO     	         lunala shadowshield    leftovers [calmmind, moongeistbeam, moonlight, psyshock] ttype=fairy
INFO     Sampling 5 unrevealed pokemon
INFO     	       lurantis     contrary    leftovers [defog, leafstorm, superpower, synthesis] ttype=fighting
INFO     	      greattusk protosynthesis    leftovers [bulkup, closecombat, earthquake, stoneedge] ttype=ground
INFO     	      tyranitar   sandstream weaknesspolicy [dragondance, icepunch, knockoff, stoneedge] ttype=ghost
INFO     	       giratina     pressure    leftovers [calmmind, dragonpulse, rest, sleeptalk] ttype=fairy
INFO     	        ambipom   technician    silkscarf [doubleedge, fakeout, knockoff, lowkick] ttype=normal
INFO     Sampling battle 4
INFO     	         lunala shadowshield    leftovers [calmmind, moongeistbeam, moonlight, psyshock] ttype=fairy
INFO     Sampling 5 unrevealed pokemon
INFO     	 giratinaorigin     levitate griseouscore [defog, dracometeor, poltergeist, willowisp] ttype=ghost
INFO     	     feraligatr   sheerforce      lifeorb [crunch, dragondance, icepunch, liquidation] ttype=steel
INFO     	         veluza    sharpness  sitrusberry [aquacutter, filletaway, nightslash, psychocut] ttype=water
INFO     	  qwilfishhisui   intimidate     eviolite [crunch, gunkshot, taunt, toxicspikes] ttype=poison
INFO     	    meowscarada      protean heavydutyboots [flowertrick, knockoff, toxicspikes, uturn] ttype=dark
INFO     Sampling battle 5
INFO     	         lunala shadowshield    leftovers [calmmind, moongeistbeam, moonlight, psyshock] ttype=fairy
INFO     Sampling 5 unrevealed pokemon
INFO     	     mabosstiff     stakeout  choicescarf [crunch, playrough, psychicfangs, wildcharge] ttype=dark
INFO     	      eternatus     pressure  rockyhelmet [dynamaxcannon, flamethrower, recover, toxicspikes] ttype=water
INFO     	         zapdos       static heavydutyboots [discharge, heatwave, hurricane, roost] ttype=steel
INFO     	    ironboulder   quarkdrive boosterenergy [closecombat, mightycleave, swordsdance, zenheadbutt] ttype=fighting
INFO     	      hitmontop   technician    leftovers [bulkup, closecombat, rapidspin, tripleaxel] ttype=ice
INFO     Sampling battle 6
INFO     	         lunala shadowshield    leftovers [calmmind, moongeistbeam, moonlight, psyshock] ttype=fairy
INFO     Sampling 5 unrevealed pokemon
INFO     	      mismagius     levitate      lifeorb [mysticalfire, nastyplot, shadowball, thunderbolt] ttype=electric
INFO     	       solgaleo fullmetalbody    leftovers [earthquake, knockoff, morningsun, sunsteelstrike] ttype=water
INFO     	      thundurus    prankster              [acrobatics, focusblast, taunt, thunderbolt] ttype=flying
INFO     	        snorlax     thickfat  chestoberry [bodyslam, curse, earthquake, rest] ttype=poison
INFO     	     archaludon      stamina     lumberry [earthquake, ironhead, outrage, swordsdance] ttype=ground
INFO     Sampling battle 7
INFO     	         lunala shadowshield    leftovers [calmmind, moongeistbeam, moonlight, psyshock] ttype=fairy
INFO     Sampling 5 unrevealed pokemon
INFO     	     ironleaves   quarkdrive   choiceband [closecombat, leafblade, megahorn, psyblade] ttype=fighting
INFO     	        snorlax     thickfat  chestoberry [bodyslam, crunch, curse, rest] ttype=poison
INFO     	      primarina      torrent  choicespecs [flipturn, hydropump, moonblast, psychic] ttype=water
INFO     	         furret        frisk      lifeorb [brickbreak, doubleedge, knockoff, tidyup] ttype=ghost
INFO     	       ribombee   shielddust heavydutyboots [bugbuzz, moonblast, quiverdance, terablast] ttype=ground
INFO     Sampling battle 8
INFO     	         lunala shadowshield    leftovers [calmmind, moongeistbeam, moonlight, psyshock] ttype=fairy
INFO     Sampling 5 unrevealed pokemon
INFO     	    basculegion adaptability  assaultvest [aquajet, flipturn, shadowball, wavecrash] ttype=water
INFO     	       dachsbun wellbakedbody    leftovers [bodypress, playrough, protect, wish] ttype=steel
INFO     	        palafin   zerotohero   choiceband [closecombat, flipturn, jetpunch, wavecrash] ttype=fighting
INFO     	    kilowattrel   voltabsorb heavydutyboots [hurricane, roost, thunderbolt, uturn] ttype=steel
INFO     	 ninetalesalola  snowwarning    lightclay [auroraveil, blizzard, encore, moonblast] ttype=steel
INFO     Sampling battle 9
INFO     	         lunala shadowshield    leftovers [calmmind, moongeistbeam, moonlight, psyshock] ttype=fairy
INFO     Sampling 5 unrevealed pokemon
INFO     	  samurotthisui    sharpness   choiceband [ceaselessedge, flipturn, razorshell, suckerpunch] ttype=dark
INFO     	    oricoriopau       dancer heavydutyboots [hurricane, quiverdance, revelationdance, roost] ttype=ground
INFO     	       gumshoos adaptability   choiceband [doubleedge, earthquake, knockoff, uturn] ttype=ground
INFO     	          golem       sturdy weaknesspolicy [earthquake, explosion, rockpolish, stoneedge] ttype=grass
INFO     	     sandaconda     shedskin    leftovers [earthquake, glare, rest, stoneedge] ttype=dragon
INFO     Sampling battle 10
INFO     	         lunala shadowshield    leftovers [calmmind, moongeistbeam, moonlight, psyshock] ttype=fairy
INFO     Sampling 5 unrevealed pokemon
INFO     	   deoxysattack     pressure      lifeorb [icebeam, knockoff, psychoboost, superpower] ttype=fighting
INFO     	       overqwil   intimidate      lifeorb [crunch, gunkshot, liquidation, swordsdance] ttype=water
INFO     	        ariados        swarm heavydutyboots [megahorn, poisonjab, stickyweb, toxicspikes] ttype=ghost
INFO     	       koraidon orichalcumpulse   choiceband [closecombat, flareblitz, outrage, uturn] ttype=fire
INFO     	      glastrier chillingneigh heavydutyboots [heavyslam, highhorsepower, iciclecrash, swordsdance] ttype=steel
INFO     Sampling battle 11
INFO     	         lunala shadowshield    leftovers [calmmind, moongeistbeam, moonlight, psyshock] ttype=fairy
INFO     Sampling 5 unrevealed pokemon
INFO     	      sudowoodo     rockhead    leftovers [headsmash, stealthrock, suckerpunch, woodhammer] ttype=rock
INFO     	       miraidon hadronengine      lifeorb [calmmind, dracometeor, dragonpulse, electrodrift] ttype=electric
INFO     	      meowsticf  competitive      lifeorb [alluringvoice, nastyplot, psychic, thunderbolt] ttype=fairy
INFO     	      thundurus      defiant heavydutyboots [focusblast, nastyplot, terablast, thunderbolt] ttype=flying
INFO     	     whimsicott    prankster    leftovers [encore, leechseed, moonblast, substitute] ttype=poison
INFO     Sampling battle 12
INFO     	         lunala shadowshield    leftovers [calmmind, moongeistbeam, moonlight, psyshock] ttype=fairy
INFO     Sampling 5 unrevealed pokemon
INFO     	       orthworm   eartheater    leftovers [bodypress, heavyslam, shedtail, spikes] ttype=fighting
INFO     	         swalot   liquidooze    leftovers [clearsmog, knockoff, sludgebomb, thunderwave] ttype=dark
INFO     	          lugia   multiscale heavydutyboots [aeroblast, calmmind, earthpower, recover] ttype=ground
INFO     	        tropius      harvest  sitrusberry [dragondance, dualwingbeat, earthquake, leafblade] ttype=ground
INFO     	   dialgaorigin     pressure adamantcrystal [dracometeor, fireblast, flashcannon, stealthrock] ttype=dragon
INFO     Sampling battle 13
INFO     	         lunala shadowshield    leftovers [calmmind, moongeistbeam, moonlight, psyshock] ttype=fairy
INFO     Sampling 5 unrevealed pokemon
INFO     	       frosmoth    icescales heavydutyboots [bugbuzz, hurricane, icebeam, quiverdance] ttype=water
INFO     	        ambipom   technician    silkscarf [doubleedge, fakeout, knockoff, uturn] ttype=normal
INFO     	         emboar     reckless  assaultvest [closecombat, flareblitz, knockoff, wildcharge] ttype=electric
INFO     	     shayminsky  serenegrace heavydutyboots [airslash, earthpower, seedflare, synthesis] ttype=steel
INFO     	        manaphy    hydration    leftovers [energyball, icebeam, surf, tailglow] ttype=grass
INFO     Sampling battle 14
INFO     	         lunala shadowshield    leftovers [calmmind, moongeistbeam, moonlight, psyshock] ttype=fairy
INFO     Sampling 5 unrevealed pokemon
INFO     	           uxie     levitate    leftovers [encore, psychicnoise, stealthrock, yawn] ttype=electric
INFO     	        shiftry    windrider      lifeorb [knockoff, leafblade, lowkick, tailwind] ttype=dark
INFO     	       cyclizar  regenerator heavydutyboots [dracometeor, knockoff, shedtail, taunt] ttype=fairy
INFO     	       clefable   magicguard      lifeorb [fireblast, moonblast, moonlight, thunderwave] ttype=poison
INFO     	     sandaconda     shedskin    leftovers [earthquake, rest, stealthrock, stoneedge] ttype=water
INFO     Sampling battle 15
INFO     	         lunala shadowshield    leftovers [calmmind, moongeistbeam, moonlight, psyshock] ttype=fairy
INFO     Sampling 5 unrevealed pokemon
INFO     	       gumshoos     stakeout   choiceband [doubleedge, earthquake, knockoff, uturn] ttype=normal
INFO     	   dialgaorigin     pressure adamantcrystal [dracometeor, fireblast, flashcannon, thunderwave] ttype=dragon
INFO     	       gyarados   intimidate heavydutyboots [dragondance, earthquake, temperflare, waterfall] ttype=ground
INFO     	      magnezone     analytic  assaultvest [discharge, flashcannon, mirrorcoat, voltswitch] ttype=flying
INFO     	    arceusghost    multitype  spookyplate [calmmind, focusblast, judgment, recover] ttype=dark
INFO     Searching for a move using MCTS...
INFO     Sampling 16 battles at 500ms each
INFO     Choice: switch arboliva
INFO     
INFO     Turn: 24
INFO     loaded 7 player and 0 effective opponent priors
INFO     Sampling battle 0
INFO     	         lunala shadowshield    leftovers [calmmind, moongeistbeam, moonlight, psyshock] ttype=fairy
INFO     Sampling 5 unrevealed pokemon
INFO     	       leavanny        swarm heavydutyboots [knockoff, leafblade, lunge, stickyweb] ttype=ghost
INFO     	     skeledirge      unaware heavydutyboots [flamecharge, shadowball, slackoff, torchsong] ttype=fairy
INFO     	        ogerpon      defiant heavydutyboots [ivycudgel, knockoff, synthesis, uturn] ttype=grass
INFO     	       delibird  vitalspirit heavydutyboots [bravebird, freezedry, rapidspin, spikes] ttype=ghost
INFO     	   arceusground    multitype   earthplate [earthquake, extremespeed, stoneedge, swordsdance] ttype=normal
INFO     Sampling battle 1
INFO     	         lunala shadowshield    leftovers [calmmind, moongeistbeam, moonlight, psyshock] ttype=fairy
INFO     Sampling 5 unrevealed pokemon
INFO     	        shaymin  naturalcure    leftovers [airslash, leechseed, seedflare, substitute] ttype=steel
INFO     	      thundurus      defiant heavydutyboots [focusblast, nastyplot, terablast, thunderbolt] ttype=flying
INFO     	         plusle lightningrod      lifeorb [alluringvoice, encore, nastyplot, thunderbolt] ttype=fairy
INFO     	        leafeon  chlorophyll      lifeorb [knockoff, leafblade, swordsdance, synthesis] ttype=dark
INFO     	       tinkaton  moldbreaker    leftovers [gigatonhammer, knockoff, playrough, swordsdance] ttype=steel
INFO     Sampling battle 2
INFO     	         lunala shadowshield    leftovers [calmmind, moongeistbeam, moonlight, psyshock] ttype=fairy
INFO     Sampling 5 unrevealed pokemon
INFO     	    gougingfire protosynthesis heavydutyboots [dragondance, earthquake, heatcrash, outrage] ttype=ground
INFO     	       ironmoth   quarkdrive heavydutyboots [energyball, fierydance, morningsun, sludgewave] ttype=grass
INFO     	        beartic    slushrush heavydutyboots [earthquake, iciclecrash, snowscape, swordsdance] ttype=ground
INFO     	    walkingwake protosynthesis  choicespecs [dracometeor, flamethrower, flipturn, hydropump] ttype=water
INFO     	    deoxysspeed     pressure      lifeorb [knockoff, psychoboost, spikes, superpower] ttype=ghost
INFO     Sampling battle 3
INFO     	         lunala shadowshield    leftovers [calmmind, moongeistbeam, moonlight, psyshock] ttype=fairy
INFO     Sampling 5 unrevealed pokemon
INFO     	      arceusbug    multitype  insectplate [calmmind, earthpower, judgment, recover] ttype=ground
INFO     	        grumpig     thickfat    leftovers [earthpower, nastyplot, psyshock, shadowball] ttype=ground
INFO     	        persian       limber   choiceband [doubleedge, knockoff, switcheroo, uturn] ttype=normal
INFO     	     wigglytuff  competitive    leftovers [dazzlinggleam, knockoff, protect, wish] ttype=steel
INFO     	   crabominable     ironfist  assaultvest [drainpunch, earthquake, icehammer, knockoff] ttype=ground
INFO     Sampling battle 4
INFO     	         lunala shadowshield    leftovers [calmmind, moongeistbeam, moonlight, psyshock] ttype=fairy
INFO     Sampling 5 unrevealed pokemon
INFO     	    gougingfire protosynthesis heavydutyboots [dragondance, earthquake, heatcrash, outrage] ttype=ground
INFO     	      ironhands   quarkdrive  assaultvest [closecombat, icepunch, voltswitch, wildcharge] ttype=fighting
INFO     	      exeggutor      harvest  sitrusberry [leechseed, protect, psychicnoise, substitute] ttype=steel
INFO     	      rotomheat     levitate heavydutyboots [discharge, overheat, voltswitch, willowisp] ttype=electric
INFO     	      vileplume  effectspore    leftovers [gigadrain, leechseed, sludgebomb, strengthsap] ttype=water
INFO     Sampling battle 5
INFO     	         lunala shadowshield    leftovers [calmmind, moongeistbeam, moonlight, psyshock] ttype=fairy
INFO     Sampling 5 unrevealed pokemon
INFO     	     feraligatr   sheerforce      lifeorb [dragondance, icepunch, liquidation, trailblaze] ttype=grass
INFO     	      arceusice    multitype  icicleplate [calmmind, earthpower, judgment, recover] ttype=ground
INFO     	        bisharp      defiant     eviolite [ironhead, stealthrock, suckerpunch, throatchop] ttype=ghost
INFO     	       ursaring    quickfeet     toxicorb [closecombat, crunch, facade, swordsdance] ttype=normal
INFO     	       rayquaza      airlock heavydutyboots [dragonascent, dragondance, earthquake, outrage] ttype=flying
INFO     Sampling battle 6
INFO     	         lunala shadowshield    leftovers [calmmind, moongeistbeam, moonlight, psyshock] ttype=fairy
INFO     Sampling 5 unrevealed pokemon
INFO     	       frosmoth    icescales heavydutyboots [gigadrain, icebeam, quiverdance, terablast] ttype=ground
INFO     	ogerponcornerstone       sturdy cornerstonemask [ivycudgel, powerwhip, superpower, swordsdance] ttype=rock
INFO     	       venusaur  chlorophyll    leftovers [knockoff, sleeppowder, sludgebomb, synthesis] ttype=dark
INFO     	        flareon         guts     toxicorb [facade, flareblitz, trailblaze, willowisp] ttype=normal
INFO     	       inteleon      torrent  choicespecs [hydropump, icebeam, scald, uturn] ttype=water
INFO     Sampling battle 7
INFO     	         lunala shadowshield    leftovers [calmmind, moongeistbeam, moonlight, psyshock] ttype=fairy
INFO     Sampling 5 unrevealed pokemon
INFO     	       houndoom    flashfire heavydutyboots [darkpulse, fireblast, sludgebomb, suckerpunch] ttype=fire
INFO     	      araquanid  waterbubble heavydutyboots [hydropump, leechlife, liquidation, stickyweb] ttype=steel
INFO     	     forretress       sturdy    leftovers [bodypress, ironhead, rapidspin, spikes] ttype=water
INFO     	       alcremie    aromaveil    leftovers [alluringvoice, calmmind, psyshock, recover] ttype=steel
INFO     	urshifurapidstrike   unseenfist   choiceband [aquajet, closecombat, icespinner, surgingstrikes] ttype=water
INFO     Sampling battle 8
INFO     	         lunala shadowshield    leftovers [calmmind, moongeistbeam, moonlight, psyshock] ttype=fairy
INFO     Sampling 5 unrevealed pokemon
INFO     	    oricoriopau       dancer heavydutyboots [hurricane, quiverdance, revelationdance, roost] ttype=fighting
INFO     	        weavile   pickpocket heavydutyboots [knockoff, lowkick, swordsdance, tripleaxel] ttype=dark
INFO     	        dedenne   cheekpouch  sitrusberry [dazzlinggleam, nuzzle, superfang, thunderbolt] ttype=flying
INFO     	       hawlucha     unburden    whiteherb [bravebird, closecombat, stoneedge, swordsdance] ttype=fighting
INFO     	          minun   voltabsorb      lifeorb [alluringvoice, grassknot, nastyplot, thunderbolt] ttype=grass
INFO     Sampling battle 9
INFO     	         lunala shadowshield    leftovers [calmmind, moongeistbeam, moonlight, psyshock] ttype=fairy
INFO     Sampling 5 unrevealed pokemon
INFO     	      electrode   soundproof      lifeorb [taunt, terablast, thunderbolt, voltswitch] ttype=ice
INFO     	      infernape        blaze      lifeorb [closecombat, knockoff, machpunch, overheat] ttype=dark
INFO     	      hitmonlee     unburden    whiteherb [closecombat, knockoff, poisonjab, swordsdance] ttype=dark
INFO     	      duraludon   lightmetal     eviolite [bodypress, dracometeor, flashcannon, irondefense] ttype=fighting
INFO     	         eiscue      iceface  sitrusberry [bellydrum, icespinner, ironhead, liquidation] ttype=water
INFO     Sampling battle 10
INFO     	         lunala shadowshield    leftovers [calmmind, moongeistbeam, moonlight, psyshock] ttype=fairy
INFO     Sampling 5 unrevealed pokemon
INFO     	       swampert         damp    leftovers [earthquake, icebeam, knockoff, roar] ttype=poison
INFO     	      lilligant     owntempo      lifeorb [alluringvoice, petaldance, quiverdance, sleeppowder] ttype=grass
INFO     	         gengar   cursedbody      lifeorb [encore, shadowball, sludgewave, toxicspikes] ttype=ghost
INFO     	 arceusfighting    multitype    fistplate [bodypress, irondefense, recover, shadowball] ttype=steel
INFO     	      sudowoodo     rockhead    leftovers [earthquake, headsmash, stealthrock, suckerpunch] ttype=rock
INFO     Sampling battle 11
INFO     	         lunala shadowshield    leftovers [calmmind, moongeistbeam, moonlight, psyshock] ttype=fairy
INFO     Sampling 5 unrevealed pokemon
INFO     	         raikou     pressure    leftovers [calmmind, scald, shadowball, thunderbolt] ttype=water
INFO     	        carbink    clearbody  chestoberry [bodypress, irondefense, moonblast, rest] ttype=fighting
INFO     	       vigoroth  vitalspirit     eviolite [bodyslam, bulkup, knockoff, slackoff] ttype=ghost
INFO     	       ribombee   shielddust    focussash [bugbuzz, moonblast, stickyweb, stunspore] ttype=ghost
INFO     	      magnezone   magnetpull    leftovers [bodypress, discharge, flashcannon, irondefense] ttype=fighting
INFO     Sampling battle 12
INFO     	         lunala shadowshield    leftovers [calmmind, moongeistbeam, moonlight, psyshock] ttype=fairy
INFO     Sampling 5 unrevealed pokemon
INFO     	         rabsca  synchronize heavydutyboots [bugbuzz, psychic, revivalblessing, trickroom] ttype=steel
INFO     	        dondozo      unaware    leftovers [curse, rest, sleeptalk, wavecrash] ttype=dragon
INFO     	        altaria  naturalcure heavydutyboots [bravebird, dragondance, earthquake, roost] ttype=steel
INFO     	       zangoose   toxicboost     toxicorb [closecombat, facade, knockoff, swordsdance] ttype=normal
INFO     	       ampharos       static  assaultvest [dazzlinggleam, discharge, focusblast, voltswitch] ttype=fairy
INFO     Sampling battle 13
INFO     	         lunala shadowshield    leftovers [calmmind, moongeistbeam, moonlight, psyshock] ttype=fairy
INFO     Sampling 5 unrevealed pokemon
INFO     	        lucario    justified      lifeorb [closecombat, extremespeed, meteormash, swordsdance] ttype=normal
INFO     	         rhydon lightningrod     eviolite [earthquake, megahorn, stoneedge, swordsdance] ttype=fairy
INFO     	   dugtrioalola tanglinghair   choiceband [earthquake, ironhead, stoneedge, suckerpunch] ttype=steel
INFO     	       enamorus     contrary heavydutyboots [playrough, superpower, taunt, zenheadbutt] ttype=fighting
INFO     	        mimikyu     disguise      lifeorb [playrough, shadowclaw, shadowsneak, swordsdance] ttype=fairy
INFO     Sampling battle 14
INFO     	         lunala shadowshield    leftovers [calmmind, moongeistbeam, moonlight, psyshock] ttype=fairy
INFO     Sampling 5 unrevealed pokemon
INFO     	     masquerain   intimidate heavydutyboots [bugbuzz, hurricane, hydropump, quiverdance] ttype=water
INFO     	 exeggutoralola        frisk  choicespecs [dracometeor, flamethrower, gigadrain, leafstorm] ttype=fire
INFO     	       quagsire      unaware    leftovers [earthquake, icebeam, recover, toxic] ttype=poison
INFO     	      magmortar    flamebody heavydutyboots [fireblast, focusblast, knockoff, thunderbolt] ttype=fighting
INFO     	      glastrier chillingneigh heavydutyboots [heavyslam, highhorsepower, iciclecrash, swordsdance] ttype=ground
INFO     Sampling battle 15
INFO     	         lunala shadowshield    leftovers [calmmind, moongeistbeam, moonlight, psyshock] ttype=fairy
INFO     Sampling 5 unrevealed pokemon
INFO     	     ironleaves   quarkdrive   choiceband [closecombat, leafblade, megahorn, psyblade] ttype=fighting
INFO     	      spiritomb  infiltrator    leftovers [foulplay, poltergeist, suckerpunch, willowisp] ttype=poison
INFO     	        seviper  infiltrator  choicescarf [gigadrain, gunkshot, knockoff, switcheroo] ttype=dark
INFO     	      toucannon      keeneye heavydutyboots [beakblast, boomburst, roost, uturn] ttype=steel
INFO     	         komala     comatose  assaultvest [bodyslam, knockoff, rapidspin, uturn] ttype=ghost
INFO     Searching for a move using MCTS...
INFO     Sampling 16 battles at 500ms each
INFO     Choice: protect
INFO     arboliva already has the move protect. Decrementing the PP by 1
INFO     arboliva used a status-move. Adding `assaultvest` to impossible items
INFO     Setting arboliva's last used move: protect
INFO     arboliva used a protect move, set protect side condition to 2
INFO     lunala already has the move psyshock. Decrementing the PP by 1
INFO     lunala used a psychic move, removing psychicgem from possible items
INFO     Setting lunala's last used move: psyshock
INFO     lunala used a damaging move - not guessing lifeorb anymore
INFO     Setting lunala's item to: leftovers
INFO     Setting arboliva's item to sitrusberry
INFO     Setting protect to 1 for the bot
INFO     lunala has less than maxhp during upkeep, no longer guessing leftovers or blacksludge
INFO     
INFO     Turn: 25
INFO     loaded 7 player and 0 effective opponent priors
INFO     Sampling battle 0
INFO     	         lunala shadowshield    leftovers [calmmind, moongeistbeam, moonlight, psyshock] ttype=fairy
INFO     Sampling 5 unrevealed pokemon
INFO     	      greattusk protosynthesis  assaultvest [closecombat, headlongrush, rapidspin, stoneedge] ttype=steel
INFO     	      electrode   soundproof      lifeorb [taunt, terablast, thunderbolt, voltswitch] ttype=ice
INFO     	      arceusbug    multitype  insectplate [calmmind, earthpower, judgment, recover] ttype=ground
INFO     	      revavroom       filter      lifeorb [gunkshot, highhorsepower, ironhead, shiftgear] ttype=ground
INFO     	      infernape        blaze      lifeorb [closecombat, flareblitz, knockoff, swordsdance] ttype=dark
INFO     Sampling battle 1
INFO     	         lunala shadowshield    leftovers [calmmind, moongeistbeam, moonlight, psyshock] ttype=fairy
INFO     Sampling 5 unrevealed pokemon
INFO     	      arceusice    multitype  icicleplate [calmmind, earthpower, judgment, recover] ttype=ground
INFO     	    dudunsparce      rattled    leftovers [boomburst, calmmind, roost, shadowball] ttype=ghost
INFO     	       porygon2     download     eviolite [discharge, icebeam, recover, triattack] ttype=electric
INFO     	       mienshao  regenerator      lifeorb [closecombat, knockoff, swordsdance, tripleaxel] ttype=fighting
INFO     	          lugia   multiscale heavydutyboots [aeroblast, calmmind, psychicnoise, recover] ttype=steel
INFO     Sampling battle 2
INFO     	         lunala shadowshield    leftovers [calmmind, moongeistbeam, moonlight, psyshock] ttype=fairy
INFO     Sampling 5 unrevealed pokemon
INFO     	      magmortar    flamebody heavydutyboots [fireblast, focusblast, knockoff, thunderbolt] ttype=electric
INFO     	         tinglu vesselofruin    leftovers [earthquake, heavyslam, payback, spikes] ttype=ghost
INFO     	     pincurchin electricsurge    leftovers [discharge, recover, scald, toxicspikes] ttype=water
INFO     	      reuniclus   magicguard      lifeorb [calmmind, focusblast, psyshock, recover] ttype=steel
INFO     	        diancie    clearbody    leftovers [calmmind, diamondstorm, drainingkiss, earthpower] ttype=fairy
INFO     Sampling battle 3
INFO     	         lunala shadowshield    leftovers [calmmind, moongeistbeam, moonlight, psyshock] ttype=fairy
INFO     Sampling 5 unrevealed pokemon
INFO     	       dusknoir        frisk    leftovers [painsplit, poltergeist, shadowsneak, willowisp] ttype=dark
INFO     	      bastiodon   soundproof  chestoberry [bodypress, foulplay, irondefense, rest] ttype=fighting
INFO     	          arbok   intimidate    leftovers [coil, earthquake, gunkshot, suckerpunch] ttype=dark
INFO     	       garchomp    roughskin   loadeddice [earthquake, firefang, scaleshot, swordsdance] ttype=fire
INFO     	        wugtrio        gooey   choiceband [aquajet, liquidation, stompingtantrum, throatchop] ttype=ground
INFO     Sampling battle 4
INFO     	         lunala shadowshield    leftovers [calmmind, moongeistbeam, moonlight, psyshock] ttype=fairy
INFO     Sampling 5 unrevealed pokemon
INFO     	      excadrill  moldbreaker    leftovers [earthquake, ironhead, rapidspin, swordsdance] ttype=water
INFO     	        wochien tabletsofruin    leftovers [gigadrain, knockoff, ruination, stunspore] ttype=poison
INFO     	       braviary      defiant heavydutyboots [bravebird, bulkup, closecombat, roost] ttype=steel
INFO     	      ceruledge    weakarmor heavydutyboots [bitterblade, poltergeist, shadowsneak, swordsdance] ttype=fire
INFO     	         lapras  waterabsorb  choicespecs [freezedry, hydropump, icebeam, sparklingaria] ttype=water
INFO     Sampling battle 5
INFO     	         lunala shadowshield    leftovers [calmmind, moongeistbeam, moonlight, psyshock] ttype=fairy
INFO     Sampling 5 unrevealed pokemon
INFO     	       porygonz     download  choicespecs [icebeam, shadowball, thunderbolt, triattack] ttype=electric
INFO     	  samurotthisui    sharpness   choiceband [ceaselessedge, flipturn, razorshell, suckerpunch] ttype=poison
INFO     	       magcargo    flamebody heavydutyboots [lavaplume, powergem, recover, stealthrock] ttype=grass
INFO     	     typhlosion        blaze  choicespecs [eruption, fireblast, focusblast, scorchingsands] ttype=fire
INFO     	      regieleki   transistor       magnet [rapidspin, terablast, thunderbolt, voltswitch] ttype=ice
INFO     Sampling battle 6
INFO     	         lunala shadowshield    leftovers [calmmind, moongeistbeam, moonlight, psyshock] ttype=fairy
INFO     Sampling 5 unrevealed pokemon
INFO     	       frosmoth    icescales heavydutyboots [bugbuzz, icebeam, quiverdance, terablast] ttype=ground
INFO     	       meganium     overgrow    leftovers [energyball, knockoff, leechseed, synthesis] ttype=steel
INFO     	 keldeoresolute    justified      lifeorb [calmmind, hydropump, secretsword, vacuumwave] ttype=water
INFO     	       granbull   intimidate    leftovers [earthquake, playrough, roar, thunderwave] ttype=ground
INFO     	       chienpao  swordofruin heavydutyboots [iciclecrash, sacredsword, swordsdance, throatchop] ttype=fighting
INFO     Sampling battle 7
INFO     	         lunala shadowshield    leftovers [calmmind, moongeistbeam, moonlight, psyshock] ttype=fairy
INFO     Sampling 5 unrevealed pokemon
INFO     	       alcremie    aromaveil    leftovers [alluringvoice, calmmind, psyshock, recover] ttype=steel
INFO     	       skuntank    aftermath    focussash [fireblast, gunkshot, knockoff, toxicspikes] ttype=dark
INFO     	        heatran    flashfire   airballoon [earthpower, heavyslam, lavaplume, stealthrock] ttype=grass
INFO     	   arceusdragon    multitype   dracoplate [dragondance, flareblitz, heavyslam, outrage] ttype=fire
INFO     	     tentacruel   liquidooze    leftovers [haze, rapidspin, sludgebomb, surf] ttype=grass
INFO     Sampling battle 8
INFO     	         lunala shadowshield    leftovers [calmmind, moongeistbeam, moonlight, psyshock] ttype=fairy
INFO     Sampling 5 unrevealed pokemon
INFO     	 oricoriopompom       dancer heavydutyboots [hurricane, quiverdance, revelationdance, roost] ttype=ground
INFO     	 lilliganthisui       hustle     widelens [closecombat, icespinner, leafblade, victorydance] ttype=steel
INFO     	      tyranitar   sandstream    leftovers [dragontail, knockoff, stealthrock, stoneedge] ttype=ghost
INFO     	       vigoroth  vitalspirit     eviolite [bodyslam, bulkup, knockoff, slackoff] ttype=ghost
INFO     	       medicham    purepower   choiceband [bulletpunch, closecombat, poisonjab, zenheadbutt] ttype=fighting
INFO     Sampling battle 9
INFO     	         lunala shadowshield    leftovers [calmmind, moongeistbeam, moonlight, psyshock] ttype=fairy
INFO     Sampling 5 unrevealed pokemon
INFO     	      munkidori   toxicchain  assaultvest [fakeout, psychicnoise, sludgewave, uturn] ttype=dark
INFO     	         tinglu vesselofruin    leftovers [earthquake, spikes, throatchop, whirlwind] ttype=ghost
INFO     	    walkingwake protosynthesis      lifeorb [dracometeor, flamethrower, hydrosteam, sunnyday] ttype=fire
INFO     	        moltres    flamebody heavydutyboots [bravebird, fireblast, roost, uturn] ttype=steel
INFO     	   dugtrioalola tanglinghair      lifeorb [earthquake, ironhead, stealthrock, suckerpunch] ttype=steel
INFO     Sampling battle 10
INFO     	         lunala shadowshield    leftovers [calmmind, moongeistbeam, moonlight, psyshock] ttype=fairy
INFO     Sampling 5 unrevealed pokemon
INFO     	       drifblim    aftermath heavydutyboots [airslash, defog, shadowball, strengthsap] ttype=fairy
INFO     	        lucario    justified      lifeorb [closecombat, extremespeed, meteormash, swordsdance] ttype=normal
INFO     	   squawkabilly         guts     flameorb [bravebird, facade, protect, quickattack] ttype=normal
INFO     	        okidogi   toxicchain  assaultvest [drainpunch, gunkshot, knockoff, psychicfangs] ttype=dark
INFO     	       ursaluna         guts     flameorb [facade, headlongrush, swordsdance, trailblaze] ttype=normal
INFO     Sampling battle 11
INFO     	         lunala shadowshield    leftovers [calmmind, moongeistbeam, moonlight, psyshock] ttype=fairy
INFO     Sampling 5 unrevealed pokemon
INFO     	   zoroarkhisui     illusion  choicespecs [bittermalice, flamethrower, focusblast, hypervoice] ttype=normal
INFO     	      probopass   magnetpull  chestoberry [bodypress, flashcannon, irondefense, rest] ttype=fighting
INFO     	      salamence   intimidate heavydutyboots [dragondance, dualwingbeat, earthquake, outrage] ttype=ground
INFO     	       whiscash    oblivious      lifeorb [dragondance, earthquake, liquidation, stoneedge] ttype=steel
INFO     	 decidueyehisui      scrappy    leftovers [leafblade, roost, swordsdance, triplearrows] ttype=steel
INFO     Sampling battle 12
INFO     	         lunala shadowshield    leftovers [calmmind, moongeistbeam, moonlight, psyshock] ttype=fairy
INFO     Sampling 5 unrevealed pokemon
INFO     	      rillaboom  grassysurge      lifeorb [grassyglide, knockoff, swordsdance, woodhammer] ttype=grass
INFO     	         zapdos       static heavydutyboots [discharge, hurricane, roost, uturn] ttype=electric
INFO     	      girafarig    sapsipper     eviolite [hypervoice, nastyplot, psyshock, thunderbolt] ttype=normal
INFO     	        kleavor    sharpness heavydutyboots [closecombat, defog, stoneaxe, xscissor] ttype=fighting
INFO     	       quagsire      unaware    leftovers [earthquake, recover, spikes, toxic] ttype=steel
INFO     Sampling battle 13
INFO     	         lunala shadowshield    leftovers [calmmind, moongeistbeam, moonlight, psyshock] ttype=fairy
INFO     Sampling 5 unrevealed pokemon
INFO     	        bruxish    strongjaw      lifeorb [icefang, psychicfangs, swordsdance, wavecrash] ttype=psychic
INFO     	       greedent   cheekpouch  sitrusberry [doubleedge, earthquake, knockoff, swordsdance] ttype=ground
INFO     	 decidueyehisui      scrappy    leftovers [defog, leafblade, roost, triplearrows] ttype=water
INFO     	     talonflame    galewings heavydutyboots [bravebird, flareblitz, swordsdance, terablast] ttype=ground
INFO     	       sawsbuck    sapsipper      lifeorb [doubleedge, highhorsepower, hornleech, swordsdance] ttype=normal
INFO     Sampling battle 14
INFO     	         lunala shadowshield    leftovers [calmmind, moongeistbeam, moonlight, psyshock] ttype=fairy
INFO     Sampling 5 unrevealed pokemon
INFO     	      dragapult  infiltrator  choicespecs [dracometeor, fireblast, shadowball, uturn] ttype=dragon
INFO     	         minior  shieldsdown    whiteherb [acrobatics, earthquake, powergem, shellsmash] ttype=ground
INFO     	    brutebonnet protosynthesis    leftovers [crunch, seedbomb, spore, suckerpunch] ttype=poison
INFO     	       salazzle    corrosion    leftovers [flamethrower, protect, substitute, toxic] ttype=flying
INFO     	       cobalion    justified      lifeorb [closecombat, ironhead, stoneedge, swordsdance] ttype=fighting
INFO     Sampling battle 15
INFO     	         lunala shadowshield    leftovers [calmmind, moongeistbeam, moonlight, psyshock] ttype=fairy
INFO     Sampling 5 unrevealed pokemon
INFO     	       koraidon orichalcumpulse   loadeddice [collisioncourse, flareblitz, scaleshot, swordsdance] ttype=fire
INFO     	        wochien tabletsofruin    leftovers [knockoff, leechseed, protect, ruination] ttype=poison
INFO     	       politoed      drizzle  choicespecs [focusblast, hydropump, icebeam, weatherball] ttype=water
INFO     	        yanmega   tintedlens  choicespecs [airslash, bugbuzz, gigadrain, uturn] ttype=bug
INFO     	            muk  poisontouch   choiceband [drainpunch, gunkshot, icepunch, knockoff] ttype=dark
INFO     Searching for a move using MCTS...
INFO     Sampling 16 battles at 500ms each
INFO     Choice: substitute
INFO     Updated lunala's min speed to 131
INFO     lunala already has the move psyshock. Decrementing the PP by 1
INFO     lunala used a psychic move, removing psychicgem from possible items
INFO     Setting lunala's last used move: psyshock
INFO     lunala used a damaging move - not guessing lifeorb anymore
INFO     lunala did 79.51% damage to arboliva with psyshock
INFO     Removing arboliva's item: sitrusberry
INFO     arboliva already has the move substitute. Decrementing the PP by 1
INFO     arboliva using substitute makes it unlikely to have a choice item. Setting can_have_choice_item to False
INFO     arboliva used a status-move. Adding `assaultvest` to impossible items
INFO     Setting arboliva's last used move: substitute
INFO     Starting the volatile status substitute on arboliva
INFO     arboliva started a substitute - setting substitute_hit to False
INFO     Setting lunala's item to: leftovers
INFO     Setting protect to 0 for the bot
INFO     lunala has less than maxhp during upkeep, no longer guessing leftovers or blacksludge
INFO     
INFO     Turn: 26
INFO     loaded 7 player and 0 effective opponent priors
INFO     Sampling battle 0
INFO     	         lunala shadowshield    leftovers [calmmind, moongeistbeam, moonlight, psyshock] ttype=fairy
INFO     Sampling 5 unrevealed pokemon
INFO     	       arboliva    seedsower    leftovers [earthpower, energyball, hypervoice, strengthsap] ttype=ground
INFO     	       cloyster    skilllink    whiteherb [hydropump, iciclespear, rockblast, shellsmash] ttype=rock
INFO     	         mewtwo     pressure      lifeorb [darkpulse, fireblast, nastyplot, psystrike] ttype=dark
INFO     	   greninjabond   battlebond      lifeorb [darkpulse, gunkshot, hydropump, icebeam] ttype=poison
INFO     	     masquerain   intimidate heavydutyboots [bugbuzz, hurricane, hydropump, quiverdance] ttype=water
INFO     Sampling battle 1
INFO     	         lunala shadowshield    leftovers [calmmind, moongeistbeam, moonlight, psyshock] ttype=fairy
INFO     Sampling 5 unrevealed pokemon
INFO     	     annihilape      defiant  chestoberry [bulkup, drainpunch, ragefist, rest] ttype=water
INFO     	    sandyshocks protosynthesis    leftovers [earthpower, spikes, thunderbolt, thunderwave] ttype=grass
INFO     	  arceuspsychic    multitype    mindplate [bodypress, cosmicpower, recover, storedpower] ttype=steel
INFO     	       oricorio       dancer heavydutyboots [hurricane, quiverdance, revelationdance, roost] ttype=ground
INFO     	      coalossal    flamebody heavydutyboots [flamethrower, rapidspin, spikes, stoneedge] ttype=ghost
INFO     Sampling battle 2
INFO     	         lunala shadowshield    leftovers [calmmind, moongeistbeam, moonlight, psyshock] ttype=fairy
INFO     Sampling 5 unrevealed pokemon
INFO     	        gallade    sharpness      lifeorb [agility, nightslash, psychocut, sacredsword] ttype=fighting
INFO     	        dewgong     thickfat heavydutyboots [encore, flipturn, hydropump, icebeam] ttype=steel
INFO     	squawkabillyyellow       hustle   choiceband [bravebird, doubleedge, foulplay, quickattack] ttype=normal
INFO     	       gyarados   intimidate heavydutyboots [dragondance, earthquake, terablast, waterfall] ttype=flying
INFO     	 decidueyehisui      scrappy    leftovers [leafblade, roost, suckerpunch, triplearrows] ttype=steel
INFO     Sampling battle 3
INFO     	         lunala shadowshield    leftovers [calmmind, moongeistbeam, moonlight, psyshock] ttype=fairy
INFO     Sampling 5 unrevealed pokemon
INFO     	        breloom   technician      lifeorb [bulletseed, machpunch, rocktomb, swordsdance] ttype=rock
INFO     	      gholdengo   goodasgold    leftovers [focusblast, makeitrain, nastyplot, shadowball] ttype=fighting
INFO     	       zangoose   toxicboost     toxicorb [facade, knockoff, quickattack, swordsdance] ttype=normal
INFO     	   palkiaorigin     pressure lustrousglobe [dracometeor, fireblast, hydropump, thunderwave] ttype=fire
INFO     	       politoed      drizzle    leftovers [haze, hypnosis, icebeam, surf] ttype=steel
INFO     Sampling battle 4
INFO     	         lunala shadowshield    leftovers [calmmind, moongeistbeam, moonlight, psyshock] ttype=fairy
INFO     Sampling 5 unrevealed pokemon
INFO     	        weavile   pickpocket heavydutyboots [iceshard, knockoff, swordsdance, tripleaxel] ttype=ice
INFO     	       indeedee psychicsurge      lifeorb [calmmind, dazzlinggleam, expandingforce, hypervoice] ttype=psychic
INFO     	       froslass   cursedbody     widelens [poltergeist, spikes, tripleaxel, willowisp] ttype=ice
INFO     	   lycanrocdusk   toughclaws      lifeorb [accelerock, closecombat, stoneedge, swordsdance] ttype=fighting
INFO     	 arceuselectric    multitype     zapplate [calmmind, icebeam, judgment, recover] ttype=electric
INFO     Sampling battle 5
INFO     	         lunala shadowshield    leftovers [calmmind, moongeistbeam, moonlight, psyshock] ttype=fairy
INFO     Sampling 5 unrevealed pokemon
INFO     	         kyurem     pressure   loadeddice [dragondance, iciclespear, scaleshot, terablast] ttype=ground
INFO     	typhlosionhisui        blaze  choicespecs [eruption, fireblast, focusblast, shadowball] ttype=fire
INFO     	        dugtrio    arenatrap    focussash [earthquake, stoneedge, suckerpunch, swordsdance] ttype=fairy
INFO     	      armarouge    weakarmor  choicespecs [armorcannon, aurasphere, energyball, psyshock] ttype=fighting
INFO     	       greedent   cheekpouch  sitrusberry [doubleedge, earthquake, knockoff, swordsdance] ttype=ground
INFO     Sampling battle 6
INFO     	         lunala shadowshield    leftovers [calmmind, moongeistbeam, moonlight, psyshock] ttype=fairy
INFO     Sampling 5 unrevealed pokemon
INFO     	      exeggutor      harvest  sitrusberry [leechseed, psychicnoise, sleeppowder, substitute] ttype=steel
INFO     	     chandelure    flashfire heavydutyboots [calmmind, energyball, fireblast, shadowball] ttype=grass
INFO     	        falinks      defiant      lifeorb [closecombat, ironhead, knockoff, noretreat] ttype=steel
INFO     	         pawmot     ironfist      lifeorb [closecombat, doubleshock, icepunch, revivalblessing] ttype=electric
INFO     	         eiscue      iceface  sitrusberry [bellydrum, icespinner, liquidation, terablast] ttype=ground
INFO     Sampling battle 7
INFO     	         lunala shadowshield    leftovers [calmmind, moongeistbeam, moonlight, psyshock] ttype=fairy
INFO     Sampling 5 unrevealed pokemon
INFO     	       venusaur  chlorophyll    leftovers [earthpower, sludgebomb, synthesis, toxic] ttype=steel
INFO     	        zoroark     illusion  choicespecs [darkpulse, flamethrower, focusblast, sludgebomb] ttype=poison
INFO     	        toxapex  regenerator  rockyhelmet [haze, liquidation, recover, toxicspikes] ttype=fairy
INFO     	       regirock    clearbody  chestoberry [bodypress, irondefense, rest, stoneedge] ttype=fighting
INFO     	   moltresgalar      berserk  chestoberry [fierywrath, hurricane, nastyplot, rest] ttype=dark
INFO     Sampling battle 8
INFO     	         lunala shadowshield    leftovers [calmmind, moongeistbeam, moonlight, psyshock] ttype=fairy
INFO     Sampling 5 unrevealed pokemon
INFO     	        delphox        blaze  choicescarf [fireblast, focusblast, grassknot, psyshock] ttype=fighting
INFO     	     eelektross     levitate    leftovers [coil, drainpunch, firepunch, supercellslam] ttype=fighting
INFO     	       cobalion    justified    leftovers [closecombat, ironhead, swordsdance, taunt] ttype=fighting
INFO     	        urshifu   unseenfist      lifeorb [closecombat, poisonjab, swordsdance, wickedblow] ttype=dark
INFO     	      cryogonal     levitate heavydutyboots [icebeam, rapidspin, recover, terablast] ttype=electric
INFO     Sampling battle 9
INFO     	         lunala shadowshield    leftovers [calmmind, moongeistbeam, moonlight, psyshock] ttype=fairy
INFO     Sampling 5 unrevealed pokemon
INFO     	         komala     comatose  assaultvest [bodyslam, knockoff, rapidspin, uturn] ttype=ghost
INFO     	       smeargle     owntempo    focussash [ceaselessedge, spore, stickyweb, whirlwind] ttype=ghost
INFO     	     scovillain  chlorophyll    leftovers [flamethrower, leechseed, protect, substitute] ttype=steel
INFO     	     conkeldurr         guts     flameorb [closecombat, facade, knockoff, machpunch] ttype=normal
INFO     	        morpeko hungerswitch    leftovers [aurawheel, knockoff, protect, rapidspin] ttype=electric
INFO     Sampling battle 10
INFO     	         lunala shadowshield    leftovers [calmmind, moongeistbeam, moonlight, psyshock] ttype=fairy
INFO     Sampling 5 unrevealed pokemon
INFO     	       smeargle     owntempo    focussash [ceaselessedge, spore, stickyweb, whirlwind] ttype=ghost
INFO     	       drifblim    aftermath heavydutyboots [airslash, defog, shadowball, strengthsap] ttype=steel
INFO     	        moltres    flamebody heavydutyboots [bravebird, fireblast, roost, scorchingsands] ttype=dragon
INFO     	       cinccino   technician   loadeddice [bulletseed, tailslap, tidyup, tripleaxel] ttype=ice
INFO     	       alcremie    aromaveil    leftovers [alluringvoice, calmmind, psyshock, recover] ttype=steel
INFO     Sampling battle 11
INFO     	         lunala shadowshield    leftovers [calmmind, moongeistbeam, moonlight, psyshock] ttype=fairy
INFO     Sampling 5 unrevealed pokemon
INFO     	      thundurus    prankster  choicespecs [focusblast, grassknot, sludgewave, thunderbolt] ttype=electric
INFO     	       cyclizar  regenerator heavydutyboots [dracometeor, knockoff, rapidspin, shedtail] ttype=fairy
INFO     	   weezinggalar     levitate    leftovers [defog, gunkshot, painsplit, strangesteam] ttype=steel
INFO     	         palkia     pressure  lustrousorb [dracometeor, fireblast, hydropump, thunderwave] ttype=dragon
INFO     	       virizion    justified      lifeorb [closecombat, leafblade, stoneedge, swordsdance] ttype=rock
INFO     Sampling battle 12
INFO     	         lunala shadowshield    leftovers [calmmind, moongeistbeam, moonlight, psyshock] ttype=fairy
INFO     Sampling 5 unrevealed pokemon
INFO     	       mienshao     reckless   choiceband [highjumpkick, knockoff, stoneedge, uturn] ttype=fighting
INFO     	      gastrodon   stormdrain    leftovers [earthquake, recover, stealthrock, surf] ttype=poison
INFO     	    arceuswater    multitype  splashplate [calmmind, icebeam, judgment, recover] ttype=steel
INFO     	       cinccino   technician   loadeddice [bulletseed, tailslap, tidyup, tripleaxel] ttype=grass
INFO     	         mewtwo      unnerve      lifeorb [fireblast, nastyplot, psystrike, recover] ttype=psychic
INFO     Sampling battle 13
INFO     	         lunala shadowshield    leftovers [calmmind, moongeistbeam, moonlight, psyshock] ttype=fairy
INFO     Sampling 5 unrevealed pokemon
INFO     	     ragingbolt protosynthesis    leftovers [calmmind, dracometeor, thunderbolt, thunderclap] ttype=fairy
INFO     	       pelipper      drizzle heavydutyboots [hurricane, hydropump, roost, uturn] ttype=ground
INFO     	       lurantis     contrary    leftovers [defog, leafstorm, superpower, synthesis] ttype=fighting
INFO     	    arceusgrass    multitype  meadowplate [calmmind, fireblast, judgment, recover] ttype=fire
INFO     	     annihilape      defiant    leftovers [bulkup, drainpunch, ragefist, taunt] ttype=ghost
INFO     Sampling battle 14
INFO     	         lunala shadowshield    leftovers [calmmind, moongeistbeam, moonlight, psyshock] ttype=fairy
INFO     Sampling 5 unrevealed pokemon
INFO     	      poliwrath    swiftswim      lifeorb [closecombat, knockoff, liquidation, raindance] ttype=water
INFO     	      araquanid  waterbubble heavydutyboots [hydropump, leechlife, liquidation, stickyweb] ttype=ground
INFO     	      ironhands   quarkdrive    leftovers [drainpunch, icepunch, swordsdance, thunderpunch] ttype=steel
INFO     	       jumpluff  infiltrator              [acrobatics, encore, sleeppowder, strengthsap] ttype=steel
INFO     	   moltresgalar      berserk weaknesspolicy [agility, fierywrath, hurricane, nastyplot] ttype=dark
INFO     Sampling battle 15
INFO     	         lunala shadowshield    leftovers [calmmind, moongeistbeam, moonlight, psyshock] ttype=fairy
INFO     Sampling 5 unrevealed pokemon
INFO     	taurospaldeablaze   intimidate   choiceband [closecombat, flareblitz, stoneedge, wildcharge] ttype=fighting
INFO     	       necrozma   prismarmor    leftovers [calmmind, heatwave, moonlight, photongeyser] ttype=steel
INFO     	          entei   innerfocus   choiceband [extremespeed, flareblitz, sacredfire, stoneedge] ttype=normal
INFO     	    goodrahisui    sapsipper  assaultvest [dracometeor, earthquake, heavyslam, hydropump] ttype=ground
INFO     	        flamigo      scrappy  choicescarf [bravebird, closecombat, throatchop, uturn] ttype=fighting
INFO     Searching for a move using MCTS...
INFO     Sampling 16 battles at 500ms each
INFO     Choice: protect
INFO     arboliva already has the move protect. Decrementing the PP by 1
INFO     arboliva used a status-move. Adding `assaultvest` to impossible items
INFO     Setting arboliva's last used move: protect
INFO     arboliva used a protect move, set protect side condition to 2
INFO     lunala already has the move moonlight. Decrementing the PP by 1
INFO     lunala used two different moves - it cannot have a choice item
INFO     lunala used a status-move. Adding `assaultvest` to impossible items
INFO     Setting lunala's last used move: moonlight
INFO     Setting protect to 1 for the bot
INFO     lunala has less than maxhp during upkeep, no longer guessing leftovers or blacksludge
INFO     
INFO     Turn: 27
INFO     loaded 7 player and 0 effective opponent priors
INFO     Sampling battle 0
INFO     	         lunala shadowshield    leftovers [calmmind, moongeistbeam, moonlight, psyshock] ttype=fairy
INFO     Sampling 5 unrevealed pokemon
INFO     	          hypno     insomnia    leftovers [focusblast, protect, psychicnoise, toxic] ttype=fighting
INFO     	       maushold   technician     widelens [bite, encore, populationbomb, tidyup] ttype=normal
INFO     	       vaporeon  waterabsorb    leftovers [calmmind, protect, scald, wish] ttype=ground
INFO     	        darkrai    baddreams      lifeorb [darkpulse, hypnosis, nastyplot, sludgebomb] ttype=poison
INFO     	         gogoat    sapsipper    leftovers [bulkup, earthquake, hornleech, milkdrink] ttype=ground
INFO     Sampling battle 1
INFO     	         lunala shadowshield    leftovers [calmmind, moongeistbeam, moonlight, psyshock] ttype=fairy
INFO     Sampling 5 unrevealed pokemon
INFO     	      infernape        blaze      lifeorb [closecombat, knockoff, machpunch, overheat] ttype=dark
INFO     	      toucannon      keeneye heavydutyboots [beakblast, boomburst, knockoff, roost] ttype=steel
INFO     	  arceuspsychic    multitype    mindplate [bodypress, cosmicpower, recover, storedpower] ttype=steel
INFO     	       frosmoth    icescales heavydutyboots [gigadrain, icebeam, quiverdance, terablast] ttype=ground
INFO     	      kingambit supremeoverlord    leftovers [ironhead, kowtowcleave, suckerpunch, swordsdance] ttype=dark
INFO     Sampling battle 2
INFO     	         lunala shadowshield    leftovers [calmmind, moongeistbeam, moonlight, psyshock] ttype=fairy
INFO     Sampling 5 unrevealed pokemon
INFO     	 electrodehisui       static      lifeorb [leafstorm, thunderbolt, thunderwave, voltswitch] ttype=electric
INFO     	        lucario   innerfocus      lifeorb [flashcannon, focusblast, nastyplot, vacuumwave] ttype=fighting
INFO     	    arceussteel    multitype    ironplate [calmmind, earthpower, judgment, recover] ttype=ghost
INFO     	        gallade    sharpness   choiceband [leafblade, nightslash, psychocut, sacredsword] ttype=dark
INFO     	     tentacruel   liquidooze  assaultvest [knockoff, rapidspin, sludgebomb, surf] ttype=flying
INFO     Sampling battle 3
INFO     	         lunala shadowshield    leftovers [calmmind, moongeistbeam, moonlight, psyshock] ttype=fairy
INFO     Sampling 5 unrevealed pokemon
INFO     	      azumarill    hugepower  sitrusberry [aquajet, bellydrum, liquidation, playrough] ttype=water
INFO     	    zapdosgalar      defiant      lifeorb [bravebird, bulkup, closecombat, knockoff] ttype=fighting
INFO     	    gougingfire protosynthesis heavydutyboots [dragondance, earthquake, heatcrash, outrage] ttype=ground
INFO     	   hoopaunbound     magician   choiceband [drainpunch, gunkshot, hyperspacefury, zenheadbutt] ttype=fighting
INFO     	        toxapex  regenerator  rockyhelmet [haze, liquidation, recover, toxicspikes] ttype=steel
INFO     Sampling battle 4
INFO     	         lunala shadowshield    leftovers [calmmind, moongeistbeam, moonlight, psyshock] ttype=fairy
INFO     Sampling 5 unrevealed pokemon
INFO     	      magnezone   magnetpull    leftovers [bodypress, flashcannon, irondefense, thunderbolt] ttype=fighting
INFO     	        manaphy    hydration    leftovers [energyball, icebeam, surf, tailglow] ttype=grass
INFO     	      excadrill  moldbreaker  assaultvest [earthquake, ironhead, rapidspin, rockslide] ttype=water
INFO     	         phione    hydration    leftovers [rest, scald, sleeptalk, takeheart] ttype=steel
INFO     	       sunflora  chlorophyll      lifeorb [earthpower, solarbeam, sunnyday, weatherball] ttype=fire
INFO     Sampling battle 5
INFO     	         lunala shadowshield    leftovers [calmmind, moongeistbeam, moonlight, psyshock] ttype=fairy
INFO     Sampling 5 unrevealed pokemon
INFO     	      clawitzer megalauncher  choicespecs [darkpulse, dragonpulse, uturn, waterpulse] ttype=dark
INFO     	    walkingwake protosynthesis      lifeorb [dracometeor, flamethrower, hydrosteam, sunnyday] ttype=fire
INFO     	       skuntank    aftermath      lifeorb [fireblast, gunkshot, knockoff, toxicspikes] ttype=poison
INFO     	 arceuselectric    multitype     zapplate [calmmind, icebeam, judgment, recover] ttype=ice
INFO     	         dialga     pressure    leftovers [dracometeor, fireblast, heavyslam, thunderwave] ttype=flying
INFO     Sampling battle 6
INFO     	         lunala shadowshield    leftovers [calmmind, moongeistbeam, moonlight, psyshock] ttype=fairy
INFO     Sampling 5 unrevealed pokemon
INFO     	        ariados        swarm heavydutyboots [knockoff, megahorn, poisonjab, stickyweb] ttype=ghost
INFO     	taurospaldeacombat   intimidate   choiceband [closecombat, ironhead, stoneedge, throatchop] ttype=steel
INFO     	    zapdosgalar      defiant   choiceband [bravebird, closecombat, knockoff, uturn] ttype=fighting
INFO     	    corviknight  mirrorarmor  rockyhelmet [bodypress, bravebird, roost, uturn] ttype=dragon
INFO     	        flareon         guts     toxicorb [facade, flareblitz, trailblaze, willowisp] ttype=normal
INFO     Sampling battle 7
INFO     	         lunala shadowshield    leftovers [calmmind, moongeistbeam, moonlight, psyshock] ttype=fairy
INFO     Sampling 5 unrevealed pokemon
INFO     	      palossand watercompaction    leftovers [earthpower, shadowball, shoreup, sludgebomb] ttype=poison
INFO     	     ragingbolt protosynthesis boosterenergy [calmmind, dragonpulse, thunderbolt, thunderclap] ttype=electric
INFO     	       qwilfish   intimidate    leftovers [gunkshot, spikes, taunt, waterfall] ttype=grass
INFO     	     baxcalibur thermalexchange   loadeddice [earthquake, iciclespear, scaleshot, swordsdance] ttype=ground
INFO     	      indeedeef psychicsurge      lifeorb [calmmind, hypervoice, psyshock, shadowball] ttype=psychic
INFO     Sampling battle 8
INFO     	         lunala shadowshield    leftovers [calmmind, moongeistbeam, moonlight, psyshock] ttype=fairy
INFO     Sampling 5 unrevealed pokemon
INFO     	        torkoal      drought heavydutyboots [lavaplume, solarbeam, stealthrock, yawn] ttype=grass
INFO     	         veluza    sharpness  choicescarf [aquacutter, flipturn, nightslash, psychocut] ttype=dark
INFO     	        sylveon     pixilate    leftovers [calmmind, hypervoice, protect, wish] ttype=steel
INFO     	      dragonite   multiscale heavydutyboots [dragondance, earthquake, ironhead, outrage] ttype=steel
INFO     	         gengar   cursedbody  choicespecs [focusblast, shadowball, sludgewave, trick] ttype=fighting
INFO     Sampling battle 9
INFO     	         lunala shadowshield    leftovers [calmmind, moongeistbeam, moonlight, psyshock] ttype=fairy
INFO     Sampling 5 unrevealed pokemon
INFO     	         veluza    sharpness   choiceband [aquacutter, aquajet, nightslash, psychocut] ttype=water
INFO     	         rhydon lightningrod     eviolite [earthquake, megahorn, stoneedge, swordsdance] ttype=dragon
INFO     	       illumise    prankster heavydutyboots [bugbuzz, encore, roost, thunderwave] ttype=water
INFO     	         arceus    multitype      lifeorb [earthquake, extremespeed, shadowclaw, swordsdance] ttype=ghost
INFO     	        slaking       truant   choiceband [doubleedge, earthquake, gigaimpact, knockoff] ttype=ground
INFO     Sampling battle 10
INFO     	         lunala shadowshield    leftovers [calmmind, moongeistbeam, moonlight, psyshock] ttype=fairy
INFO     Sampling 5 unrevealed pokemon
INFO     	      exeggutor      harvest  sitrusberry [calmmind, gigadrain, psychic, sleeppowder] ttype=steel
INFO     	 ninetalesalola  snowwarning    lightclay [auroraveil, blizzard, freezedry, moonblast] ttype=water
INFO     	     houndstone       fluffy    leftovers [bodypress, poltergeist, rest, sleeptalk] ttype=fighting
INFO     	        weezing     levitate    leftovers [fireblast, gunkshot, painsplit, willowisp] ttype=steel
INFO     	        flareon         guts     toxicorb [facade, flareblitz, trailblaze, willowisp] ttype=normal
INFO     Sampling battle 11
INFO     	         lunala shadowshield    leftovers [calmmind, moongeistbeam, moonlight, psyshock] ttype=fairy
INFO     Sampling 5 unrevealed pokemon
INFO     	      volcanion  waterabsorb heavydutyboots [earthpower, flamethrower, haze, steameruption] ttype=ground
INFO     	          arbok   intimidate    leftovers [coil, earthquake, gunkshot, trailblaze] ttype=grass
INFO     	       solgaleo fullmetalbody    leftovers [earthquake, morningsun, psychicfangs, sunsteelstrike] ttype=water
INFO     	       meganium     overgrow    leftovers [dragontail, energyball, knockoff, synthesis] ttype=steel
INFO     	      rillaboom  grassysurge      lifeorb [grassyglide, knockoff, swordsdance, woodhammer] ttype=grass
INFO     Sampling battle 12
INFO     	         lunala shadowshield    leftovers [calmmind, moongeistbeam, moonlight, psyshock] ttype=fairy
INFO     Sampling 5 unrevealed pokemon
INFO     	taurospaldeablaze   intimidate   choiceband [closecombat, flareblitz, stoneedge, wildcharge] ttype=fighting
INFO     	         gengar   cursedbody      lifeorb [focusblast, shadowball, sludgewave, toxicspikes] ttype=fighting
INFO     	    kyuremblack     teravolt   loadeddice [dragondance, iciclespear, scaleshot, terablast] ttype=ground
INFO     	       arboliva      harvest  sitrusberry [hypervoice, leechseed, protect, substitute] ttype=poison
INFO     	        malamar     contrary    leftovers [knockoff, rest, sleeptalk, superpower] ttype=steel
INFO     Sampling battle 13
INFO     	         lunala shadowshield    leftovers [calmmind, moongeistbeam, moonlight, psyshock] ttype=fairy
INFO     Sampling 5 unrevealed pokemon
INFO     	      rotomwash     levitate    leftovers [discharge, hydropump, voltswitch, willowisp] ttype=electric
INFO     	       vikavolt     levitate heavydutyboots [bugbuzz, stickyweb, thunderbolt, voltswitch] ttype=electric
INFO     	       glimmora  toxicdebris    focussash [earthpower, powergem, sludgewave, spikes] ttype=ground
INFO     	      vespiquen     pressure heavydutyboots [airslash, roost, spikes, toxic] ttype=steel
INFO     	       tornadus      defiant  choicespecs [bleakwindstorm, focusblast, heatwave, uturn] ttype=flying
INFO     Sampling battle 14
INFO     	         lunala shadowshield    leftovers [calmmind, moongeistbeam, moonlight, psyshock] ttype=fairy
INFO     Sampling 5 unrevealed pokemon
INFO     	      bellibolt electromorphosis    leftovers [muddywater, slackoff, thunderbolt, voltswitch] ttype=electric
INFO     	ursalunabloodmoon     mindseye    leftovers [bloodmoon, calmmind, earthpower, moonlight] ttype=normal
INFO     	    arceusgrass    multitype  meadowplate [calmmind, fireblast, judgment, recover] ttype=fire
INFO     	    raichualola  surgesurfer  choicespecs [focusblast, grassknot, psychic, thunderbolt] ttype=fighting
INFO     	        carbink    clearbody    leftovers [bodypress, irondefense, moonblast, rockpolish] ttype=fighting
INFO     Sampling battle 15
INFO     	         lunala shadowshield    leftovers [calmmind, moongeistbeam, moonlight, psyshock] ttype=fairy
INFO     Sampling 5 unrevealed pokemon
INFO     	      bellossom  chlorophyll    leftovers [gigadrain, quiverdance, strengthsap, terablast] ttype=fire
INFO     	         kommoo   soundproof  throatspray [boomburst, clangingscales, clangoroussoul, drainpunch] ttype=normal
INFO     	       indeedee psychicsurge  choicescarf [dazzlinggleam, expandingforce, hypervoice, shadowball] ttype=psychic
INFO     	       sceptile     overgrow    leftovers [focusblast, gigadrain, leechseed, substitute] ttype=steel
INFO     	       inteleon      torrent  choicespecs [hydropump, icebeam, scald, uturn] ttype=water
INFO     Searching for a move using MCTS...
INFO     Sampling 16 battles at 500ms each
INFO     Choice: substitute
INFO     Updated lunala's min speed to 131
INFO     lunala already has the move psyshock. Decrementing the PP by 1
INFO     lunala used two different moves - it cannot have a choice item
INFO     lunala used a psychic move, removing psychicgem from possible items
INFO     Setting lunala's last used move: psyshock
INFO     lunala used a damaging move - not guessing lifeorb anymore
INFO     Substitute ended for arboliva
INFO     Removing the volatile status substitute from arboliva
INFO     arboliva already has the move substitute. Decrementing the PP by 1
INFO     arboliva using substitute makes it unlikely to have a choice item. Setting can_have_choice_item to False
INFO     arboliva used a status-move. Adding `assaultvest` to impossible items
INFO     Setting arboliva's last used move: substitute
INFO     Starting the volatile status substitute on arboliva
INFO     arboliva started a substitute - setting substitute_hit to False
INFO     Setting lunala's item to: leftovers
INFO     Setting protect to 0 for the bot
INFO     lunala has less than maxhp during upkeep, no longer guessing leftovers or blacksludge
INFO     
INFO     Turn: 28
INFO     loaded 7 player and 0 effective opponent priors
INFO     Sampling battle 0
INFO     	         lunala shadowshield    leftovers [calmmind, moongeistbeam, moonlight, psyshock] ttype=fairy
INFO     Sampling 5 unrevealed pokemon
INFO     	         golurk      noguard   choiceband [dynamicpunch, earthquake, poltergeist, stoneedge] ttype=ghost
INFO     	   persianalola      furcoat heavydutyboots [foulplay, partingshot, taunt, thunderwave] ttype=fairy
INFO     	        bisharp      defiant     eviolite [ironhead, stealthrock, suckerpunch, throatchop] ttype=flying
INFO     	     toedscruel myceliummight    leftovers [earthpower, gigadrain, rapidspin, spore] ttype=water
INFO     	       rotomfan     levitate heavydutyboots [airslash, nastyplot, thunderbolt, willowisp] ttype=steel
INFO     Sampling battle 1
INFO     	         lunala shadowshield    leftovers [calmmind, moongeistbeam, moonlight, psyshock] ttype=fairy
INFO     Sampling 5 unrevealed pokemon
INFO     	      tyranitar   sandstream weaknesspolicy [dragondance, earthquake, knockoff, stoneedge] ttype=ghost
INFO     	zamazentacrowned dauntlessshield rustedshield [bodypress, heavyslam, irondefense, stoneedge] ttype=ghost
INFO     	       medicham    purepower  choicescarf [closecombat, icepunch, trick, zenheadbutt] ttype=fighting
INFO     	       rayquaza      airlock   choiceband [dragonascent, earthquake, extremespeed, uturn] ttype=normal
INFO     	    kilowattrel   voltabsorb heavydutyboots [hurricane, roost, thunderbolt, uturn] ttype=steel
INFO     Sampling battle 2
INFO     	         lunala shadowshield    leftovers [calmmind, moongeistbeam, moonlight, psyshock] ttype=fairy
INFO     Sampling 5 unrevealed pokemon
INFO     	      lilligant  chlorophyll      lifeorb [gigadrain, quiverdance, sleeppowder, terablast] ttype=rock
INFO     	    arceusghost    multitype  spookyplate [calmmind, focusblast, judgment, recover] ttype=fighting
INFO     	       dragalge adaptability  choicespecs [dracometeor, flipturn, focusblast, sludgewave] ttype=fighting
INFO     	       hariyama     thickfat  assaultvest [bulletpunch, closecombat, heavyslam, knockoff] ttype=steel
INFO     	tornadustherian  regenerator  choicespecs [bleakwindstorm, focusblast, heatwave, uturn] ttype=fire
INFO     Sampling battle 3
INFO     	         lunala shadowshield    leftovers [calmmind, moongeistbeam, moonlight, psyshock] ttype=fairy
INFO     Sampling 5 unrevealed pokemon
INFO     	      meowsticf  competitive      lifeorb [darkpulse, nastyplot, psychic, thunderbolt] ttype=dark
INFO     	       venusaur  chlorophyll    leftovers [leechseed, sleeppowder, sludgebomb, substitute] ttype=water
INFO     	       smeargle     owntempo    focussash [ceaselessedge, spore, stickyweb, whirlwind] ttype=ghost
INFO     	     galvantula compoundeyes heavydutyboots [bugbuzz, stickyweb, thunder, voltswitch] ttype=electric
INFO     	       orthworm   eartheater    leftovers [bodypress, heavyslam, shedtail, stealthrock] ttype=poison
INFO     Sampling battle 4
INFO     	         lunala shadowshield    leftovers [calmmind, moongeistbeam, moonlight, psyshock] ttype=fairy
INFO     Sampling 5 unrevealed pokemon
INFO     	        tropius      harvest  sitrusberry [dragondance, dualwingbeat, earthquake, leafblade] ttype=ground
INFO     	         glalie   innerfocus heavydutyboots [earthquake, freezedry, spikes, taunt] ttype=water
INFO     	      infernape     ironfist   choiceband [closecombat, flareblitz, machpunch, uturn] ttype=fighting
INFO     	       rotommow     levitate  choicescarf [leafstorm, thunderbolt, trick, voltswitch] ttype=grass
INFO     	       magcargo    weakarmor heavydutyboots [earthpower, fireblast, powergem, shellsmash] ttype=grass
INFO     Sampling battle 5
INFO     	         lunala shadowshield    leftovers [calmmind, moongeistbeam, moonlight, psyshock] ttype=fairy
INFO     Sampling 5 unrevealed pokemon
INFO     	     toedscruel myceliummight    leftovers [earthpower, gigadrain, rapidspin, spore] ttype=water
INFO     	        dedenne   cheekpouch  sitrusberry [dazzlinggleam, nuzzle, thunderbolt, uturn] ttype=flying
INFO     	         comfey       triage    leftovers [calmmind, drainingkiss, gigadrain, terablast] ttype=ground
INFO     	tornadustherian  regenerator  choicespecs [bleakwindstorm, focusblast, grassknot, heatwave] ttype=fire
INFO     	        chansey  naturalcure     eviolite [healbell, seismictoss, softboiled, thunderwave] ttype=dark
INFO     Sampling battle 6
INFO     	         lunala shadowshield    leftovers [calmmind, moongeistbeam, moonlight, psyshock] ttype=fairy
INFO     Sampling 5 unrevealed pokemon
INFO     	    kilowattrel   voltabsorb heavydutyboots [hurricane, roost, thunderbolt, uturn] ttype=water
INFO     	necrozmaduskmane   prismarmor weaknesspolicy [dragondance, earthquake, morningsun, sunsteelstrike] ttype=steel
INFO     	 giratinaorigin     levitate griseouscore [dracometeor, dragontail, poltergeist, shadowsneak] ttype=dragon
INFO     	       cyclizar  regenerator heavydutyboots [dracometeor, rapidspin, shedtail, taunt] ttype=fairy
INFO     	      arceusice    multitype  icicleplate [calmmind, earthpower, judgment, recover] ttype=ground
INFO     Sampling battle 7
INFO     	         lunala shadowshield    leftovers [calmmind, moongeistbeam, moonlight, psyshock] ttype=fairy
INFO     Sampling 5 unrevealed pokemon
INFO     	          lugia   multiscale heavydutyboots [aeroblast, calmmind, earthpower, recover] ttype=ground
INFO     	       rotomfan     levitate heavydutyboots [airslash, nastyplot, thunderbolt, willowisp] ttype=steel
INFO     	    sandyshocks protosynthesis heavydutyboots [earthpower, thunderbolt, thunderwave, voltswitch] ttype=ground
INFO     	        luvdisc    swiftswim heavydutyboots [endeavor, substitute, surf, whirlpool] ttype=ghost
INFO     	      volcarona    flamebody heavydutyboots [bugbuzz, fireblast, gigadrain, quiverdance] ttype=fire
INFO     Sampling battle 8
INFO     	         lunala shadowshield    leftovers [calmmind, moongeistbeam, moonlight, psyshock] ttype=fairy
INFO     Sampling 5 unrevealed pokemon
INFO     	        jolteon   voltabsorb      lifeorb [alluringvoice, calmmind, shadowball, thunderbolt] ttype=fairy
INFO     	       reshiram   turboblaze heavydutyboots [blueflare, dracometeor, earthpower, willowisp] ttype=fire
INFO     	    kilowattrel   voltabsorb heavydutyboots [discharge, hurricane, roost, uturn] ttype=water
INFO     	      glastrier chillingneigh heavydutyboots [closecombat, heavyslam, iciclecrash, swordsdance] ttype=steel
INFO     	      sandslash     sandrush    leftovers [earthquake, rapidspin, stoneedge, swordsdance] ttype=water
INFO     Sampling battle 9
INFO     	         lunala shadowshield    leftovers [calmmind, moongeistbeam, moonlight, psyshock] ttype=fairy
INFO     Sampling 5 unrevealed pokemon
INFO     	       ampharos       static      lifeorb [agility, dazzlinggleam, focusblast, thunderbolt] ttype=electric
INFO     	        dedenne   cheekpouch  sitrusberry [dazzlinggleam, nuzzle, thunderbolt, uturn] ttype=flying
INFO     	       arcanine   intimidate heavydutyboots [closecombat, extremespeed, flareblitz, morningsun] ttype=fighting
INFO     	     oinkologne     thickfat    leftovers [bodyslam, curse, highhorsepower, lashout] ttype=ground
INFO     	     talonflame    flamebody heavydutyboots [bravebird, flareblitz, swordsdance, terablast] ttype=ground
INFO     Sampling battle 10
INFO     	         lunala shadowshield    leftovers [calmmind, moongeistbeam, moonlight, psyshock] ttype=fairy
INFO     Sampling 5 unrevealed pokemon
INFO     	    oinkolognef     thickfat    leftovers [curse, doubleedge, highhorsepower, lashout] ttype=ground
INFO     	        groudon      drought    leftovers [heatcrash, precipiceblades, spikes, willowisp] ttype=fire
INFO     	    ironjugulis   quarkdrive    powerherb [darkpulse, earthpower, hurricane, meteorbeam] ttype=ground
INFO     	      farigiraf    sapsipper    leftovers [bodyslam, protect, psychicnoise, wish] ttype=fairy
INFO     	        dedenne   cheekpouch  sitrusberry [dazzlinggleam, superfang, thunderbolt, uturn] ttype=flying
INFO     Sampling battle 11
INFO     	         lunala shadowshield    leftovers [calmmind, moongeistbeam, moonlight, psyshock] ttype=fairy
INFO     Sampling 5 unrevealed pokemon
INFO     	      gholdengo   goodasgold    leftovers [focusblast, makeitrain, nastyplot, shadowball] ttype=ghost
INFO     	    kyuremwhite   turboblaze  choicescarf [dracometeor, freezedry, fusionflare, icebeam] ttype=ice
INFO     	 electrodehisui       static      lifeorb [leafstorm, thunderbolt, thunderwave, voltswitch] ttype=electric
INFO     	         latias     levitate      souldew [calmmind, dracometeor, psyshock, recover] ttype=steel
INFO     	         glalie   innerfocus heavydutyboots [earthquake, freezedry, spikes, taunt] ttype=ground
INFO     Sampling battle 12
INFO     	         lunala shadowshield    leftovers [calmmind, moongeistbeam, moonlight, psyshock] ttype=fairy
INFO     Sampling 5 unrevealed pokemon
INFO     	      quaquaval        moxie   choiceband [aquastep, closecombat, knockoff, tripleaxel] ttype=water
INFO     	       necrozma   prismarmor    leftovers [calmmind, earthpower, moonlight, photongeyser] ttype=ground
INFO     	      azumarill    hugepower   choiceband [aquajet, liquidation, playrough, superpower] ttype=water
INFO     	typhlosionhisui        blaze    leftovers [calmmind, fireblast, shadowball, substitute] ttype=fire
INFO     	     forretress       sturdy    leftovers [ironhead, stealthrock, toxicspikes, voltswitch] ttype=water
INFO     Sampling battle 13
INFO     	         lunala shadowshield    leftovers [calmmind, moongeistbeam, moonlight, psyshock] ttype=fairy
INFO     Sampling 5 unrevealed pokemon
INFO     	lycanrocmidnight      noguard      lifeorb [closecombat, playrough, stoneedge, swordsdance] ttype=fighting
INFO     	      eternatus     pressure    leftovers [dynamaxcannon, fireblast, recover, sludgebomb] ttype=fire
INFO     	        torkoal      drought heavydutyboots [lavaplume, rapidspin, solarbeam, stealthrock] ttype=dragon
INFO     	       mienshao  regenerator      lifeorb [closecombat, knockoff, poisonjab, swordsdance] ttype=poison
INFO     	  samurotthisui    sharpness      lifeorb [ceaselessedge, razorshell, suckerpunch, swordsdance] ttype=water
INFO     Sampling battle 14
INFO     	         lunala shadowshield    leftovers [calmmind, moongeistbeam, moonlight, psyshock] ttype=fairy
INFO     Sampling 5 unrevealed pokemon
INFO     	     annihilape      defiant  chestoberry [bulkup, drainpunch, ragefist, rest] ttype=steel
INFO     	        spidops     stakeout heavydutyboots [knockoff, stickyweb, toxicspikes, uturn] ttype=ghost
INFO     	       vigoroth  vitalspirit     eviolite [bodyslam, bulkup, earthquake, slackoff] ttype=ground
INFO     	      heracross         guts     flameorb [closecombat, facade, knockoff, trailblaze] ttype=normal
INFO     	      honchkrow        moxie heavydutyboots [bravebird, heatwave, suckerpunch, uturn] ttype=flying
INFO     Sampling battle 15
INFO     	         lunala shadowshield    leftovers [calmmind, moongeistbeam, moonlight, psyshock] ttype=fairy
INFO     Sampling 5 unrevealed pokemon
INFO     	       landorus   sheerforce      lifeorb [earthpower, focusblast, rockslide, stealthrock] ttype=ground
INFO     	        pikachu lightningrod    lightball [knockoff, surf, voltswitch, volttackle] ttype=water
INFO     	       leavanny        swarm heavydutyboots [knockoff, leafblade, lunge, stickyweb] ttype=rock
INFO     	     calyrexice asoneglastrier weaknesspolicy [agility, closecombat, glaciallance, highhorsepower] ttype=ground
INFO     	       tsareena queenlymajesty      lifeorb [highjumpkick, knockoff, powerwhip, synthesis] ttype=steel
INFO     Searching for a move using MCTS...
INFO     Sampling 16 battles at 500ms each
INFO     Choice: protect
INFO     arboliva already has the move protect. Decrementing the PP by 1
INFO     arboliva used a status-move. Adding `assaultvest` to impossible items
INFO     Setting arboliva's last used move: protect
INFO     arboliva used a protect move, set protect side condition to 2
INFO     lunala already has the move moonlight. Decrementing the PP by 1
INFO     lunala used two different moves - it cannot have a choice item
INFO     lunala used a status-move. Adding `assaultvest` to impossible items
INFO     Setting lunala's last used move: moonlight
INFO     Setting protect to 1 for the bot
INFO     lunala has less than maxhp during upkeep, no longer guessing leftovers or blacksludge
INFO     
INFO     Turn: 29
INFO     loaded 7 player and 0 effective opponent priors
INFO     Sampling battle 0
INFO     	         lunala shadowshield    leftovers [calmmind, moongeistbeam, moonlight, psyshock] ttype=fairy
INFO     Sampling 5 unrevealed pokemon
INFO     	        dondozo      unaware    leftovers [curse, rest, sleeptalk, wavecrash] ttype=dragon
INFO     	       dragalge adaptability    leftovers [dracometeor, focusblast, sludgewave, toxic] ttype=fighting
INFO     	       gyarados   intimidate heavydutyboots [dragondance, earthquake, terablast, waterfall] ttype=flying
INFO     	         dialga     pressure    leftovers [dracometeor, heavyslam, stealthrock, thunderwave] ttype=steel
INFO     	     incineroar   intimidate heavydutyboots [closecombat, flareblitz, knockoff, partingshot] ttype=fighting
INFO     Sampling battle 1
INFO     	         lunala shadowshield    leftovers [calmmind, moongeistbeam, moonlight, psyshock] ttype=fairy
INFO     Sampling 5 unrevealed pokemon
INFO     	urshifurapidstrike   unseenfist      lifeorb [closecombat, icespinner, surgingstrikes, swordsdance] ttype=water
INFO     	      lilligant  chlorophyll      lifeorb [gigadrain, quiverdance, sleeppowder, terablast] ttype=rock
INFO     	      gastrodon   stormdrain    leftovers [clearsmog, earthquake, icebeam, recover] ttype=poison
INFO     	       tinkaton  moldbreaker    leftovers [gigatonhammer, knockoff, playrough, swordsdance] ttype=steel
INFO     	    arceussteel    multitype    ironplate [calmmind, earthpower, judgment, recover] ttype=ghost
INFO     Sampling battle 2
INFO     	         lunala shadowshield    leftovers [calmmind, moongeistbeam, moonlight, psyshock] ttype=fairy
INFO     Sampling 5 unrevealed pokemon
INFO     	       delibird     insomnia heavydutyboots [bravebird, freezedry, rapidspin, spikes] ttype=ghost
INFO     	    meowscarada      protean      lifeorb [flowertrick, knockoff, toxicspikes, tripleaxel] ttype=grass
INFO     	    slitherwing protosynthesis heavydutyboots [closecombat, morningsun, uturn, willowisp] ttype=fire
INFO     	   squawkabilly         guts     flameorb [bravebird, facade, quickattack, uturn] ttype=normal
INFO     	      poliwrath    swiftswim      lifeorb [closecombat, knockoff, liquidation, raindance] ttype=water
INFO     Sampling battle 3
INFO     	         lunala shadowshield    leftovers [calmmind, moongeistbeam, moonlight, psyshock] ttype=fairy
INFO     Sampling 5 unrevealed pokemon
INFO     	squawkabillyyellow       hustle   choiceband [bravebird, doubleedge, foulplay, quickattack] ttype=normal
INFO     	       inteleon      torrent  choicespecs [hydropump, icebeam, scald, uturn] ttype=water
INFO     	      sandslash     sandrush    leftovers [earthquake, knockoff, rapidspin, swordsdance] ttype=steel
INFO     	      lilligant  chlorophyll      lifeorb [gigadrain, quiverdance, sleeppowder, terablast] ttype=rock
INFO     	      clawitzer megalauncher  assaultvest [aurasphere, dragonpulse, uturn, waterpulse] ttype=dragon
INFO     Sampling battle 4
INFO     	         lunala shadowshield    leftovers [calmmind, moongeistbeam, moonlight, psyshock] ttype=fairy
INFO     Sampling 5 unrevealed pokemon
INFO     	   arceusdragon    multitype   dracoplate [calmmind, fireblast, judgment, sludgebomb] ttype=fire
INFO     	typhlosionhisui        blaze  choicescarf [eruption, fireblast, focusblast, shadowball] ttype=fire
INFO     	        shaymin  naturalcure    leftovers [airslash, earthpower, seedflare, synthesis] ttype=ground
INFO     	    ironboulder   quarkdrive      lifeorb [closecombat, mightycleave, swordsdance, zenheadbutt] ttype=fighting
INFO     	      heracross        moxie   choiceband [closecombat, knockoff, megahorn, stoneedge] ttype=rock
INFO     Sampling battle 5
INFO     	         lunala shadowshield    leftovers [calmmind, moongeistbeam, moonlight, psyshock] ttype=fairy
INFO     Sampling 5 unrevealed pokemon
INFO     	       dusknoir        frisk    leftovers [focuspunch, painsplit, poltergeist, substitute] ttype=fighting
INFO     	         rabsca  synchronize heavydutyboots [bugbuzz, psychic, revivalblessing, trickroom] ttype=steel
INFO     	         dodrio    earlybird   choiceband [bravebird, drillrun, knockoff, quickattack] ttype=ground
INFO     	        blissey  naturalcure    leftovers [healbell, seismictoss, softboiled, thunderwave] ttype=ghost
INFO     	     pincurchin electricsurge    leftovers [discharge, recover, scald, spikes] ttype=water
INFO     Sampling battle 6
INFO     	         lunala shadowshield    leftovers [calmmind, moongeistbeam, moonlight, psyshock] ttype=fairy
INFO     Sampling 5 unrevealed pokemon
INFO     	       arboliva    seedsower    leftovers [earthpower, energyball, hypervoice, strengthsap] ttype=poison
INFO     	       garchomp    roughskin  rockyhelmet [dragontail, earthquake, outrage, spikes] ttype=steel
INFO     	          golem       sturdy  custapberry [earthquake, explosion, stealthrock, stoneedge] ttype=steel
INFO     	         furret        frisk      lifeorb [brickbreak, doubleedge, knockoff, tidyup] ttype=normal
INFO     	      rotomwash     levitate    leftovers [discharge, hydropump, painsplit, voltswitch] ttype=steel
INFO     Sampling battle 7
INFO     	         lunala shadowshield    leftovers [calmmind, moongeistbeam, moonlight, psyshock] ttype=fairy
INFO     Sampling 5 unrevealed pokemon
INFO     	       clefable      unaware    leftovers [calmmind, fireblast, moonblast, moonlight] ttype=steel
INFO     	      electrode   soundproof      lifeorb [taunt, terablast, thunderbolt, voltswitch] ttype=ice
INFO     	        gurdurr         guts     eviolite [bulkup, drainpunch, knockoff, machpunch] ttype=steel
INFO     	      metagross    clearbody weaknesspolicy [agility, earthquake, heavyslam, knockoff] ttype=ground
INFO     	thundurustherian   voltabsorb heavydutyboots [focusblast, nastyplot, terablast, thunderbolt] ttype=flying
INFO     Sampling battle 8
INFO     	         lunala shadowshield    leftovers [calmmind, moongeistbeam, moonlight, psyshock] ttype=fairy
INFO     Sampling 5 unrevealed pokemon
INFO     	    oricoriopau       dancer heavydutyboots [hurricane, quiverdance, revelationdance, roost] ttype=ground
INFO     	     wigglytuff  competitive    leftovers [dazzlinggleam, fireblast, knockoff, thunderwave] ttype=poison
INFO     	        kingdra       sniper     lumberry [dragondance, ironhead, outrage, wavecrash] ttype=steel
INFO     	   arceusground    multitype   earthplate [calmmind, icebeam, judgment, recover] ttype=dragon
INFO     	      serperior     contrary      lifeorb [glare, leafstorm, synthesis, terablast] ttype=fire
INFO     Sampling battle 9
INFO     	         lunala shadowshield    leftovers [calmmind, moongeistbeam, moonlight, psyshock] ttype=fairy
INFO     Sampling 5 unrevealed pokemon
INFO     	      gastrodon   stormdrain    leftovers [earthquake, recover, stealthrock, surf] ttype=poison
INFO     	        snorlax     thickfat    leftovers [bodyslam, curse, rest, sleeptalk] ttype=fairy
INFO     	       skarmory       sturdy    leftovers [bodypress, bravebird, irondefense, roost] ttype=fighting
INFO     	      volcanion  waterabsorb  choicescarf [earthpower, flamethrower, sludgebomb, steameruption] ttype=fire
INFO     	      lilligant     owntempo      lifeorb [alluringvoice, petaldance, quiverdance, sleeppowder] ttype=grass
INFO     Sampling battle 10
INFO     	         lunala shadowshield    leftovers [calmmind, moongeistbeam, moonlight, psyshock] ttype=fairy
INFO     Sampling 5 unrevealed pokemon
INFO     	        scyther   technician heavydutyboots [bugbite, closecombat, dualwingbeat, swordsdance] ttype=fighting
INFO     	        morpeko hungerswitch    leftovers [aurawheel, knockoff, protect, rapidspin] ttype=electric
INFO     	      revavroom       filter      lifeorb [gunkshot, highhorsepower, ironhead, shiftgear] ttype=ground
INFO     	    sandyshocks protosynthesis    leftovers [earthpower, stealthrock, thunderbolt, thunderwave] ttype=grass
INFO     	      sandslash     sandrush    leftovers [earthquake, rapidspin, spikes, stoneedge] ttype=steel
INFO     Sampling battle 11
INFO     	         lunala shadowshield    leftovers [calmmind, moongeistbeam, moonlight, psyshock] ttype=fairy
INFO     Sampling 5 unrevealed pokemon
INFO     	      cryogonal     levitate heavydutyboots [freezedry, haze, rapidspin, recover] ttype=steel
INFO     	       illumise    prankster heavydutyboots [bugbuzz, encore, roost, thunderwave] ttype=steel
INFO     	      armarouge    weakarmor    powerherb [armorcannon, energyball, meteorbeam, psyshock] ttype=fire
INFO     	         emboar     reckless    leftovers [bulkup, drainpunch, flareblitz, trailblaze] ttype=fighting
INFO     	    ironvaliant   quarkdrive      lifeorb [closecombat, knockoff, spiritbreak, swordsdance] ttype=fighting
INFO     Sampling battle 12
INFO     	         lunala shadowshield    leftovers [calmmind, moongeistbeam, moonlight, psyshock] ttype=fairy
INFO     Sampling 5 unrevealed pokemon
INFO     	         luxray         guts     flameorb [facade, supercellslam, throatchop, trailblaze] ttype=normal
INFO     	        manaphy    hydration    leftovers [energyball, icebeam, surf, tailglow] ttype=grass
INFO     	       landorus   sheerforce      lifeorb [earthpower, focusblast, psychic, rockslide] ttype=ground
INFO     	       zangoose   toxicboost     toxicorb [closecombat, facade, knockoff, swordsdance] ttype=normal
INFO     	      infernape        blaze      lifeorb [closecombat, gunkshot, overheat, stoneedge] ttype=fire
INFO     Sampling battle 13
INFO     	         lunala shadowshield    leftovers [calmmind, moongeistbeam, moonlight, psyshock] ttype=fairy
INFO     Sampling 5 unrevealed pokemon
INFO     	       qwilfish   intimidate    leftovers [gunkshot, spikes, thunderwave, waterfall] ttype=grass
INFO     	         dialga     pressure    leftovers [dracometeor, fireblast, heavyslam, stealthrock] ttype=steel
INFO     	         gogoat    sapsipper    leftovers [bulkup, earthquake, hornleech, milkdrink] ttype=ground
INFO     	     ironleaves   quarkdrive      lifeorb [closecombat, leafblade, psyblade, swordsdance] ttype=fighting
INFO     	        yanmega   tintedlens  choicespecs [airslash, bugbuzz, gigadrain, uturn] ttype=bug
INFO     Sampling battle 14
INFO     	         lunala shadowshield    leftovers [calmmind, moongeistbeam, moonlight, psyshock] ttype=fairy
INFO     Sampling 5 unrevealed pokemon
INFO     	  zaciancrowned intrepidsword  rustedsword [behemothblade, closecombat, playrough, swordsdance] ttype=fighting
INFO     	      crawdaunt adaptability      lifeorb [aquajet, crabhammer, dragondance, knockoff] ttype=water
INFO     	          arbok   intimidate    leftovers [coil, earthquake, gunkshot, trailblaze] ttype=grass
INFO     	         gengar   cursedbody      lifeorb [encore, shadowball, sludgewave, willowisp] ttype=dark
INFO     	      hatterene  magicbounce    leftovers [calmmind, drainingkiss, mysticalfire, psychic] ttype=fairy
INFO     Sampling battle 15
INFO     	         lunala shadowshield    leftovers [calmmind, moongeistbeam, moonlight, psyshock] ttype=fairy
INFO     Sampling 5 unrevealed pokemon
INFO     	     krookodile   intimidate    leftovers [bulkup, earthquake, gunkshot, knockoff] ttype=poison
INFO     	       pelipper      drizzle heavydutyboots [hurricane, roost, surf, uturn] ttype=water
INFO     	      charizard        blaze heavydutyboots [earthquake, flamethrower, focusblast, hurricane] ttype=dragon
INFO     	      pecharunt poisonpuppeteer    leftovers [malignantchain, nastyplot, recover, shadowball] ttype=dark
INFO     	         kommoo   soundproof  throatspray [clangingscales, clangoroussoul, drainpunch, ironhead] ttype=steel
INFO     Searching for a move using MCTS...
INFO     Sampling 16 battles at 500ms each
INFO     Choice: substitute
INFO     Updated lunala's min speed to 131
INFO     lunala already has the move moonlight. Decrementing the PP by 1
INFO     lunala used a status-move. Adding `assaultvest` to impossible items
INFO     Setting lunala's last used move: moonlight
INFO     Removing volatile status substitute from arboliva
INFO     arboliva already has the move substitute. Decrementing the PP by 1
INFO     arboliva using substitute makes it unlikely to have a choice item. Setting can_have_choice_item to False
INFO     arboliva used a status-move. Adding `assaultvest` to impossible items
INFO     Setting arboliva's last used move: substitute
INFO     Setting arboliva's item to sitrusberry
INFO     Setting protect to 0 for the bot
INFO     lunala has less than maxhp during upkeep, no longer guessing leftovers or blacksludge
INFO     
INFO     Turn: 30
INFO     loaded 7 player and 0 effective opponent priors
INFO     Sampling battle 0
INFO     	         lunala shadowshield    leftovers [calmmind, moongeistbeam, moonlight, psyshock] ttype=fairy
INFO     Sampling 5 unrevealed pokemon
INFO     	      charizard        blaze heavydutyboots [earthquake, flamethrower, focusblast, hurricane] ttype=dragon
INFO     	       venusaur  chlorophyll    leftovers [leechseed, sleeppowder, sludgebomb, substitute] ttype=steel
INFO     	         zarude    leafguard    leftovers [knockoff, powerwhip, swordsdance, synthesis] ttype=grass
INFO     	        kleavor    sharpness heavydutyboots [closecombat, stoneaxe, swordsdance, xscissor] ttype=rock
INFO     	      rotomwash     levitate    leftovers [hydropump, nastyplot, painsplit, thunderbolt] ttype=steel
INFO     Sampling battle 1
INFO     	         lunala shadowshield    leftovers [calmmind, moongeistbeam, moonlight, psyshock] ttype=fairy
INFO     Sampling 5 unrevealed pokemon
INFO     	     wigglytuff  competitive    leftovers [alluringvoice, protect, thunderwave, wish] ttype=poison
INFO     	        wyrdeer   intimidate    leftovers [bodyslam, earthquake, psychicnoise, thunderwave] ttype=ground
INFO     	      sudowoodo     rockhead   choiceband [earthquake, headsmash, suckerpunch, woodhammer] ttype=grass
INFO     	        flapple       hustle     widelens [dragondance, gravapple, outrage, suckerpunch] ttype=dragon
INFO     	         glalie   innerfocus heavydutyboots [earthquake, freezedry, spikes, taunt] ttype=water
INFO     Sampling battle 2
INFO     	         lunala shadowshield    leftovers [calmmind, moongeistbeam, moonlight, psyshock] ttype=fairy
INFO     Sampling 5 unrevealed pokemon
INFO     	         swalot   liquidooze  assaultvest [clearsmog, icebeam, knockoff, sludgebomb] ttype=dark
INFO     	       mienshao  regenerator      lifeorb [closecombat, knockoff, poisonjab, swordsdance] ttype=poison
INFO     	        drednaw   shellarmor    whiteherb [earthquake, liquidation, shellsmash, stoneedge] ttype=ground
INFO     	       venomoth   tintedlens heavydutyboots [bugbuzz, quiverdance, sleeppowder, sludgewave] ttype=steel
INFO     	     toedscruel myceliummight  assaultvest [earthpower, knockoff, leafstorm, rapidspin] ttype=water
INFO     Sampling battle 3
INFO     	         lunala shadowshield    leftovers [calmmind, moongeistbeam, moonlight, psyshock] ttype=fairy
INFO     Sampling 5 unrevealed pokemon
INFO     	        dewgong     thickfat heavydutyboots [encore, knockoff, surf, tripleaxel] ttype=grass
INFO     	       venusaur  chlorophyll    leftovers [earthpower, sludgebomb, synthesis, toxic] ttype=water
INFO     	      munkidori   toxicchain  choicespecs [focusblast, psyshock, sludgewave, uturn] ttype=poison
INFO     	      sinistcha    heatproof    leftovers [calmmind, matchagotcha, shadowball, strengthsap] ttype=steel
INFO     	       basculin adaptability   choiceband [aquajet, doubleedge, flipturn, wavecrash] ttype=water
INFO     Sampling battle 4
INFO     	         lunala shadowshield    leftovers [calmmind, moongeistbeam, moonlight, psyshock] ttype=fairy
INFO     Sampling 5 unrevealed pokemon
INFO     	     arceusfire    multitype   flameplate [calmmind, earthpower, judgment, recover] ttype=ground
INFO     	      dragonite   multiscale heavydutyboots [dragondance, earthquake, ironhead, outrage] ttype=steel
INFO     	       tinkaton  moldbreaker    leftovers [encore, gigatonhammer, playrough, stealthrock] ttype=water
INFO     	       tsareena queenlymajesty   choiceband [highjumpkick, knockoff, powerwhip, uturn] ttype=fighting
INFO     	       oricorio       dancer heavydutyboots [hurricane, quiverdance, revelationdance, roost] ttype=ground
INFO     Sampling battle 5
INFO     	         lunala shadowshield    leftovers [calmmind, moongeistbeam, moonlight, psyshock] ttype=fairy
INFO     Sampling 5 unrevealed pokemon
INFO     	        shiftry    windrider      lifeorb [knockoff, leafblade, suckerpunch, swordsdance] ttype=dark
INFO     	taurospaldeablaze   intimidate   choiceband [closecombat, flareblitz, stoneedge, wildcharge] ttype=fighting
INFO     	   arceusground    multitype   earthplate [earthquake, extremespeed, stoneedge, swordsdance] ttype=normal
INFO     	        lanturn   voltabsorb    leftovers [icebeam, scald, thunderbolt, thunderwave] ttype=flying
INFO     	      thundurus      defiant heavydutyboots [focusblast, nastyplot, terablast, thunderbolt] ttype=flying
INFO     Sampling battle 6
INFO     	         lunala shadowshield    leftovers [calmmind, moongeistbeam, moonlight, psyshock] ttype=fairy
INFO     Sampling 5 unrevealed pokemon
INFO     	      cramorant  gulpmissile heavydutyboots [bravebird, defog, roost, surf] ttype=ground
INFO     	landorustherian   intimidate    leftovers [earthquake, stoneedge, taunt, uturn] ttype=water
INFO     	      registeel    clearbody  chestoberry [bodypress, irondefense, ironhead, rest] ttype=fighting
INFO     	        gurdurr         guts     eviolite [bulkup, drainpunch, knockoff, machpunch] ttype=steel
INFO     	   arceusground    multitype   earthplate [calmmind, icebeam, judgment, recover] ttype=ground
INFO     Sampling battle 7
INFO     	         lunala shadowshield    leftovers [calmmind, moongeistbeam, moonlight, psyshock] ttype=fairy
INFO     Sampling 5 unrevealed pokemon
INFO     	          chiyu  beadsofruin heavydutyboots [darkpulse, fireblast, nastyplot, willowisp] ttype=dark
INFO     	       zangoose   toxicboost     toxicorb [closecombat, facade, knockoff, quickattack] ttype=normal
INFO     	     gothitelle    shadowtag  choicescarf [darkpulse, focusblast, psychic, trick] ttype=fairy
INFO     	      blastoise      torrent    whiteherb [earthquake, hydropump, icebeam, shellsmash] ttype=water
INFO     	        sableye    prankster    leftovers [encore, knockoff, recover, thunderwave] ttype=steel
INFO     Sampling battle 8
INFO     	         lunala shadowshield    leftovers [calmmind, moongeistbeam, moonlight, psyshock] ttype=fairy
INFO     Sampling 5 unrevealed pokemon
INFO     	      cinderace       libero   choiceband [gunkshot, highjumpkick, pyroball, uturn] ttype=fire
INFO     	      cryogonal     levitate heavydutyboots [flashcannon, freezedry, rapidspin, recover] ttype=steel
INFO     	      mandibuzz     overcoat heavydutyboots [bravebird, foulplay, roost, toxic] ttype=steel
INFO     	ogerponcornerstone       sturdy cornerstonemask [hornleech, ivycudgel, superpower, swordsdance] ttype=rock
INFO     	       tsareena queenlymajesty  choicescarf [highjumpkick, knockoff, powerwhip, tripleaxel] ttype=steel
INFO     Sampling battle 9
INFO     	         lunala shadowshield    leftovers [calmmind, moongeistbeam, moonlight, psyshock] ttype=fairy
INFO     Sampling 5 unrevealed pokemon
INFO     	       braviary      defiant heavydutyboots [bravebird, bulkup, closecombat, roost] ttype=fighting
INFO     	    barraskewda    swiftswim   choiceband [closecombat, flipturn, poisonjab, waterfall] ttype=fighting
INFO     	         dodrio    earlybird heavydutyboots [bravebird, doubleedge, drillrun, swordsdance] ttype=ground
INFO     	      rampardos   sheerforce      lifeorb [earthquake, firepunch, rockslide, zenheadbutt] ttype=fire
INFO     	      cinderace       libero heavydutyboots [courtchange, pyroball, uturn, willowisp] ttype=grass
INFO     Sampling battle 10
INFO     	         lunala shadowshield    leftovers [calmmind, moongeistbeam, moonlight, psyshock] ttype=fairy
INFO     Sampling 5 unrevealed pokemon
INFO     	        lucario   innerfocus      lifeorb [flashcannon, focusblast, nastyplot, vacuumwave] ttype=fighting
INFO     	       porygon2     download     eviolite [discharge, icebeam, recover, triattack] ttype=electric
INFO     	        jolteon   voltabsorb  choicespecs [alluringvoice, shadowball, thunderbolt, voltswitch] ttype=fairy
INFO     	    stonjourner    powerspot      lifeorb [earthquake, heatcrash, rockpolish, stoneedge] ttype=fire
INFO     	 electrodehisui   soundproof    leftovers [gigadrain, leechseed, substitute, thunderbolt] ttype=poison
INFO     Sampling battle 11
INFO     	         lunala shadowshield    leftovers [calmmind, moongeistbeam, moonlight, psyshock] ttype=fairy
INFO     Sampling 5 unrevealed pokemon
INFO     	     krookodile   intimidate    leftovers [bulkup, earthquake, gunkshot, knockoff] ttype=poison
INFO     	     annihilape      defiant    leftovers [bulkup, drainpunch, ragefist, taunt] ttype=fairy
INFO     	      terrakion    justified   choiceband [closecombat, earthquake, quickattack, stoneedge] ttype=fighting
INFO     	      terapagos    terashift heavydutyboots [calmmind, darkpulse, rapidspin, terastarstorm] ttype=stellar
INFO     	      rillaboom  grassysurge   choiceband [grassyglide, knockoff, uturn, woodhammer] ttype=grass
INFO     Sampling battle 12
INFO     	         lunala shadowshield    leftovers [calmmind, moongeistbeam, moonlight, psyshock] ttype=fairy
INFO     Sampling 5 unrevealed pokemon
INFO     	      girafarig    sapsipper     eviolite [dazzlinggleam, nastyplot, psychic, thunderbolt] ttype=psychic
INFO     	    barraskewda    swiftswim   choiceband [closecombat, flipturn, psychicfangs, waterfall] ttype=fighting
INFO     	      staraptor     reckless   choiceband [bravebird, closecombat, doubleedge, uturn] ttype=fighting
INFO     	      sinistcha    heatproof    leftovers [calmmind, matchagotcha, shadowball, strengthsap] ttype=steel
INFO     	      cinderace       libero   choiceband [gunkshot, highjumpkick, pyroball, uturn] ttype=fire
INFO     Sampling battle 13
INFO     	         lunala shadowshield    leftovers [calmmind, moongeistbeam, moonlight, psyshock] ttype=fairy
INFO     Sampling 5 unrevealed pokemon
INFO     	       basculin adaptability   choiceband [aquajet, doubleedge, flipturn, wavecrash] ttype=water
INFO     	        manaphy    hydration    leftovers [energyball, hydropump, icebeam, tailglow] ttype=water
INFO     	         flygon     levitate   choiceband [earthquake, outrage, stoneedge, uturn] ttype=steel
INFO     	ursalunabloodmoon     mindseye    leftovers [bloodmoon, calmmind, moonlight, vacuumwave] ttype=fighting
INFO     	        volbeat    prankster heavydutyboots [encore, lunge, roost, thunderwave] ttype=steel
INFO     Sampling battle 14
INFO     	         lunala shadowshield    leftovers [calmmind, moongeistbeam, moonlight, psyshock] ttype=fairy
INFO     Sampling 5 unrevealed pokemon
INFO     	        pikachu lightningrod    lightball [playrough, surf, voltswitch, volttackle] ttype=water
INFO     	     chesnaught  bulletproof    leftovers [bodypress, irondefense, synthesis, trailblaze] ttype=steel
INFO     	   zoroarkhisui     illusion      lifeorb [focusblast, hypervoice, poltergeist, willowisp] ttype=normal
INFO     	         tinglu vesselofruin    leftovers [earthquake, spikes, throatchop, whirlwind] ttype=ghost
INFO     	       dachsbun wellbakedbody    leftovers [bodypress, playrough, protect, wish] ttype=steel
INFO     Sampling battle 15
INFO     	         lunala shadowshield    leftovers [calmmind, moongeistbeam, moonlight, psyshock] ttype=fairy
INFO     Sampling 5 unrevealed pokemon
INFO     	      gardevoir        trace  choicescarf [focusblast, moonblast, psychic, trick] ttype=fairy
INFO     	 arceusfighting    multitype    fistplate [bodypress, cosmicpower, recover, storedpower] ttype=steel
INFO     	   lycanrocdusk   toughclaws      lifeorb [accelerock, closecombat, stoneedge, swordsdance] ttype=fighting
INFO     	         phione    hydration    leftovers [rest, scald, sleeptalk, takeheart] ttype=steel
INFO     	         zapdos       static heavydutyboots [hurricane, roost, thunderbolt, uturn] ttype=electric
INFO     Searching for a move using MCTS...
INFO     Sampling 16 battles at 500ms each
INFO     Choice: protect
INFO     arboliva already has the move protect. Decrementing the PP by 1
INFO     arboliva used a status-move. Adding `assaultvest` to impossible items
INFO     Setting arboliva's last used move: protect
INFO     arboliva used a protect move, set protect side condition to 2
INFO     lunala already has the move psyshock. Decrementing the PP by 1
INFO     lunala used two different moves - it cannot have a choice item
INFO     lunala used a psychic move, removing psychicgem from possible items
INFO     Setting lunala's last used move: psyshock
INFO     lunala used a damaging move - not guessing lifeorb anymore
INFO     Setting lunala's item to: leftovers
INFO     Setting protect to 1 for the bot
INFO     lunala has less than maxhp during upkeep, no longer guessing leftovers or blacksludge
INFO     
INFO     Turn: 31
INFO     loaded 7 player and 0 effective opponent priors
INFO     Sampling battle 0
INFO     	         lunala shadowshield    leftovers [calmmind, moongeistbeam, moonlight, psyshock] ttype=fairy
INFO     Sampling 5 unrevealed pokemon
INFO     	     pincurchin electricsurge    leftovers [discharge, recover, scald, toxicspikes] ttype=water
INFO     	       oricorio       dancer heavydutyboots [hurricane, quiverdance, revelationdance, roost] ttype=ground
INFO     	  slowkinggalar  regenerator    leftovers [psyshock, slackoff, sludgebomb, thunderwave] ttype=dark
INFO     	       tsareena queenlymajesty heavydutyboots [powerwhip, rapidspin, synthesis, uturn] ttype=steel
INFO     	     irontreads   quarkdrive    leftovers [earthquake, ironhead, rapidspin, stealthrock] ttype=water
INFO     Sampling battle 1
INFO     	         lunala shadowshield    leftovers [calmmind, moongeistbeam, moonlight, psyshock] ttype=fairy
INFO     Sampling 5 unrevealed pokemon
INFO     	       arcanine   intimidate heavydutyboots [closecombat, flareblitz, morningsun, willowisp] ttype=fighting
INFO     	       ironmoth   quarkdrive heavydutyboots [energyball, fierydance, morningsun, sludgewave] ttype=fire
INFO     	         klefki    prankster    leftovers [magnetrise, playrough, spikes, thunderwave] ttype=water
INFO     	   crabominable     ironfist   choiceband [drainpunch, earthquake, icehammer, knockoff] ttype=fighting
INFO     	      salamence   intimidate heavydutyboots [dragondance, dualwingbeat, outrage, roost] ttype=steel
INFO     Sampling battle 2
INFO     	         lunala shadowshield    leftovers [calmmind, moongeistbeam, moonlight, psyshock] ttype=fairy
INFO     Sampling 5 unrevealed pokemon
INFO     	       tsareena queenlymajesty heavydutyboots [powerwhip, rapidspin, synthesis, tripleaxel] ttype=steel
INFO     	    ironvaliant   quarkdrive      lifeorb [closecombat, encore, knockoff, moonblast] ttype=steel
INFO     	      dragonite   multiscale heavydutyboots [dragondance, earthquake, outrage, roost] ttype=steel
INFO     	        weavile   pickpocket heavydutyboots [iceshard, knockoff, swordsdance, tripleaxel] ttype=dark
INFO     	      meowsticf  competitive      lifeorb [alluringvoice, darkpulse, nastyplot, psychic] ttype=dark
INFO     Sampling battle 3
INFO     	         lunala shadowshield    leftovers [calmmind, moongeistbeam, moonlight, psyshock] ttype=fairy
INFO     Sampling 5 unrevealed pokemon
INFO     	          golem       sturdy  custapberry [earthquake, explosion, stealthrock, stoneedge] ttype=ground
INFO     	      rotomwash     levitate    leftovers [discharge, hydropump, painsplit, voltswitch] ttype=electric
INFO     	  deoxysdefense     pressure    leftovers [cosmicpower, nightshade, recover, storedpower] ttype=steel
INFO     	  samurotthisui    sharpness   choiceband [ceaselessedge, flipturn, razorshell, suckerpunch] ttype=dark
INFO     	        lucario    justified   choiceband [closecombat, extremespeed, meteormash, stoneedge] ttype=normal
INFO     Sampling battle 4
INFO     	         lunala shadowshield    leftovers [calmmind, moongeistbeam, moonlight, psyshock] ttype=fairy
INFO     Sampling 5 unrevealed pokemon
INFO     	      ninetales      drought heavydutyboots [fireblast, nastyplot, scorchingsands, solarbeam] ttype=grass
INFO     	     wigglytuff  competitive    leftovers [alluringvoice, fireblast, knockoff, thunderwave] ttype=poison
INFO     	     misdreavus     levitate     eviolite [calmmind, drainingkiss, shadowball, willowisp] ttype=fairy
INFO     	       jumpluff  infiltrator              [acrobatics, encore, sleeppowder, strengthsap] ttype=steel
INFO     	         latias     levitate      souldew [calmmind, dracometeor, psyshock, recover] ttype=steel
INFO     Sampling battle 5
INFO     	         lunala shadowshield    leftovers [calmmind, moongeistbeam, moonlight, psyshock] ttype=fairy
INFO     Sampling 5 unrevealed pokemon
INFO     	       magearna    soulheart    leftovers [calmmind, flashcannon, fleurcannon, shiftgear] ttype=flying
INFO     	        haxorus  moldbreaker     lumberry [dragondance, earthquake, ironhead, outrage] ttype=steel
INFO     	urshifurapidstrike   unseenfist      lifeorb [aquajet, closecombat, surgingstrikes, swordsdance] ttype=water
INFO     	      mightyena   intimidate  assaultvest [playrough, poisonfang, superfang, throatchop] ttype=fairy
INFO     	            muk  poisontouch    leftovers [icepunch, knockoff, poisonjab, toxicspikes] ttype=dark
INFO     Sampling battle 6
INFO     	         lunala shadowshield    leftovers [calmmind, moongeistbeam, moonlight, psyshock] ttype=fairy
INFO     Sampling 5 unrevealed pokemon
INFO     	        seviper  infiltrator      lifeorb [earthquake, flamethrower, glare, gunkshot] ttype=poison
INFO     	    goodrahisui    sapsipper  assaultvest [dracometeor, heavyslam, hydropump, knockoff] ttype=water
INFO     	      ninetales      drought heavydutyboots [fireblast, nastyplot, scorchingsands, solarbeam] ttype=fire
INFO     	       arboliva    seedsower    leftovers [earthpower, energyball, hypervoice, strengthsap] ttype=ground
INFO     	    roaringmoon protosynthesis   choiceband [ironhead, knockoff, outrage, uturn] ttype=dark
INFO     Sampling battle 7
INFO     	         lunala shadowshield    leftovers [calmmind, moongeistbeam, moonlight, psyshock] ttype=fairy
INFO     Sampling 5 unrevealed pokemon
INFO     	      zamazenta dauntlessshield    leftovers [bodypress, irondefense, ironhead, substitute] ttype=steel
INFO     	        wugtrio        gooey   choiceband [aquajet, liquidation, stompingtantrum, throatchop] ttype=ground
INFO     	      terrakion    justified   choiceband [closecombat, earthquake, quickattack, stoneedge] ttype=ground
INFO     	 giratinaorigin     levitate griseouscore [defog, dracometeor, poltergeist, shadowsneak] ttype=ghost
INFO     	      primarina      torrent    leftovers [calmmind, drainingkiss, psychic, sparklingaria] ttype=fairy
INFO     Sampling battle 8
INFO     	         lunala shadowshield    leftovers [calmmind, moongeistbeam, moonlight, psyshock] ttype=fairy
INFO     Sampling 5 unrevealed pokemon
INFO     	    walkingwake protosynthesis      lifeorb [dracometeor, flamethrower, hydrosteam, sunnyday] ttype=fire
INFO     	       hawlucha     unburden    whiteherb [bravebird, closecombat, swordsdance, throatchop] ttype=flying
INFO     	        altaria  naturalcure heavydutyboots [bravebird, dragondance, earthquake, roost] ttype=ground
INFO     	     oinkologne     thickfat    leftovers [bodyslam, curse, highhorsepower, lashout] ttype=ground
INFO     	         rhydon lightningrod     eviolite [earthquake, megahorn, stealthrock, stoneedge] ttype=water
INFO     Sampling battle 9
INFO     	         lunala shadowshield    leftovers [calmmind, moongeistbeam, moonlight, psyshock] ttype=fairy
INFO     Sampling 5 unrevealed pokemon
INFO     	        dedenne   cheekpouch  sitrusberry [dazzlinggleam, nuzzle, superfang, thunderbolt] ttype=flying
INFO     	        ambipom   technician    silkscarf [doubleedge, fakeout, knockoff, lowkick] ttype=normal
INFO     	         komala     comatose  assaultvest [bodyslam, earthquake, knockoff, rapidspin] ttype=ghost
INFO     	    arceuswater    multitype  splashplate [calmmind, icebeam, judgment, recover] ttype=steel
INFO     	  qwilfishhisui   intimidate     eviolite [crunch, gunkshot, spikes, toxicspikes] ttype=flying
INFO     Sampling battle 10
INFO     	         lunala shadowshield    leftovers [calmmind, moongeistbeam, moonlight, psyshock] ttype=fairy
INFO     Sampling 5 unrevealed pokemon
INFO     	      clawitzer megalauncher  choicespecs [dragonpulse, icebeam, uturn, waterpulse] ttype=dragon
INFO     	        calyrex      unnerve    leftovers [bodypress, encore, leechseed, psychic] ttype=steel
INFO     	      ironhands   quarkdrive  assaultvest [closecombat, heavyslam, thunderpunch, voltswitch] ttype=fighting
INFO     	    barraskewda    swiftswim   choiceband [closecombat, flipturn, psychicfangs, waterfall] ttype=fighting
INFO     	        falinks      defiant      lifeorb [closecombat, ironhead, knockoff, noretreat] ttype=steel
INFO     Sampling battle 11
INFO     	         lunala shadowshield    leftovers [calmmind, moongeistbeam, moonlight, psyshock] ttype=fairy
INFO     Sampling 5 unrevealed pokemon
INFO     	       greninja      protean      lifeorb [darkpulse, grassknot, hydropump, toxicspikes] ttype=dark
INFO     	     ironleaves   quarkdrive      lifeorb [closecombat, leafblade, psyblade, swordsdance] ttype=fighting
INFO     	       dachsbun wellbakedbody    leftovers [playrough, protect, wish, yawn] ttype=steel
INFO     	         emboar     reckless  assaultvest [closecombat, flareblitz, knockoff, wildcharge] ttype=dark
INFO     	      gastrodon   stormdrain    leftovers [earthquake, icebeam, recover, surf] ttype=poison
INFO     Sampling battle 12
INFO     	         lunala shadowshield    leftovers [calmmind, moongeistbeam, moonlight, psyshock] ttype=fairy
INFO     Sampling 5 unrevealed pokemon
INFO     	       politoed      drizzle  chestoberry [haze, icebeam, rest, surf] ttype=steel
INFO     	       lycanroc     sandrush      lifeorb [closecombat, stoneedge, swordsdance, taunt] ttype=fighting
INFO     	       qwilfish   intimidate heavydutyboots [flipturn, gunkshot, painsplit, toxic] ttype=dark
INFO     	     shayminsky  serenegrace  choicespecs [airslash, dazzlinggleam, earthpower, seedflare] ttype=flying
INFO     	     masquerain   intimidate heavydutyboots [bugbuzz, hurricane, hydropump, quiverdance] ttype=water
INFO     Sampling battle 13
INFO     	         lunala shadowshield    leftovers [calmmind, moongeistbeam, moonlight, psyshock] ttype=fairy
INFO     Sampling 5 unrevealed pokemon
INFO     	           hooh  regenerator heavydutyboots [bravebird, earthquake, recover, sacredfire] ttype=steel
INFO     	     houndstone       fluffy  assaultvest [bodypress, playrough, poltergeist, shadowsneak] ttype=fairy
INFO     	       meganium     overgrow    leftovers [energyball, knockoff, leechseed, synthesis] ttype=water
INFO     	     galvantula compoundeyes heavydutyboots [bugbuzz, stickyweb, thunder, voltswitch] ttype=electric
INFO     	taurospaldeacombat   intimidate   choiceband [closecombat, ironhead, stoneedge, throatchop] ttype=steel
INFO     Sampling battle 14
INFO     	         lunala shadowshield    leftovers [calmmind, moongeistbeam, moonlight, psyshock] ttype=fairy
INFO     Sampling 5 unrevealed pokemon
INFO     	       ribombee   shielddust heavydutyboots [bugbuzz, moonblast, stickyweb, uturn] ttype=ghost
INFO     	        umbreon  synchronize    leftovers [foulplay, protect, toxic, wish] ttype=poison
INFO     	        groudon      drought    leftovers [heatcrash, precipiceblades, stoneedge, swordsdance] ttype=fire
INFO     	     houndstone       fluffy  assaultvest [bodypress, playrough, poltergeist, shadowsneak] ttype=fighting
INFO     	      ironhands   quarkdrive    leftovers [drainpunch, icepunch, swordsdance, wildcharge] ttype=flying
INFO     Sampling battle 15
INFO     	         lunala shadowshield    leftovers [calmmind, moongeistbeam, moonlight, psyshock] ttype=fairy
INFO     Sampling 5 unrevealed pokemon
INFO     	       rayquaza      airlock heavydutyboots [dragonascent, dragondance, earthquake, outrage] ttype=steel
INFO     	         glalie   innerfocus heavydutyboots [earthquake, freezedry, spikes, taunt] ttype=ground
INFO     	       dusknoir        frisk   choiceband [earthquake, leechlife, poltergeist, shadowsneak] ttype=ground
INFO     	        moltres    flamebody heavydutyboots [bravebird, fireblast, roost, willowisp] ttype=dragon
INFO     	       vigoroth  vitalspirit     eviolite [bodyslam, bulkup, earthquake, slackoff] ttype=ground
INFO     Searching for a move using MCTS...
INFO     Sampling 16 battles at 500ms each
INFO     Choice: substitute
INFO     Updated lunala's min speed to 131
INFO     lunala already has the move calmmind. Decrementing the PP by 1
INFO     lunala used two different moves - it cannot have a choice item
INFO     lunala using calmmind makes it unlikely to have a choice item. Setting can_have_choice_item to False
INFO     lunala used a status-move. Adding `assaultvest` to impossible items
INFO     Setting lunala's last used move: calmmind
INFO     lunala's special-attack was boosted by 1 to 5
INFO     lunala's special-defense was boosted by 1 to 5
INFO     arboliva already has the move substitute. Decrementing the PP by 1
INFO     arboliva using substitute makes it unlikely to have a choice item. Setting can_have_choice_item to False
INFO     arboliva used a status-move. Adding `assaultvest` to impossible items
INFO     Setting arboliva's last used move: substitute
INFO     Setting lunala's item to: leftovers
INFO     Setting protect to 0 for the bot
INFO     lunala has less than maxhp during upkeep, no longer guessing leftovers or blacksludge
INFO     
INFO     Turn: 32
INFO     loaded 7 player and 0 effective opponent priors
INFO     Sampling battle 0
INFO     	         lunala shadowshield    leftovers [calmmind, moongeistbeam, moonlight, psyshock] ttype=fairy
INFO     Sampling 5 unrevealed pokemon
INFO     	     shayminsky  serenegrace heavydutyboots [airslash, earthpower, seedflare, synthesis] ttype=water
INFO     	      mamoswine     thickfat      lifeorb [earthquake, iceshard, iciclecrash, stealthrock] ttype=ground
INFO     	       delibird       hustle heavydutyboots [bravebird, drillrun, iceshard, icespinner] ttype=ice
INFO     	   basculegionf adaptability  assaultvest [flipturn, hydropump, shadowball, wavecrash] ttype=water
INFO     	 arceuselectric    multitype     zapplate [calmmind, icebeam, judgment, recover] ttype=electric
INFO     Sampling battle 1
INFO     	         lunala shadowshield    leftovers [calmmind, moongeistbeam, moonlight, psyshock] ttype=fairy
INFO     Sampling 5 unrevealed pokemon
INFO     	       drifblim     unburden  sitrusberry [airslash, calmmind, shadowball, strengthsap] ttype=steel
INFO     	        wyrdeer   intimidate    leftovers [bodyslam, earthquake, psychicnoise, thunderwave] ttype=ground
INFO     	       venusaur     overgrow    leftovers [gigadrain, leechseed, sludgebomb, substitute] ttype=water
INFO     	     whimsicott    prankster    leftovers [encore, leechseed, moonblast, substitute] ttype=steel
INFO     	       dachsbun wellbakedbody    leftovers [playrough, protect, wish, yawn] ttype=steel
INFO     Sampling battle 2
INFO     	         lunala shadowshield    leftovers [calmmind, moongeistbeam, moonlight, psyshock] ttype=fairy
INFO     Sampling 5 unrevealed pokemon
INFO     	     chesnaught  bulletproof    leftovers [bodypress, spikes, synthesis, woodhammer] ttype=water
INFO     	       jumpluff  infiltrator              [acrobatics, encore, sleeppowder, strengthsap] ttype=steel
INFO     	      bastiodon   soundproof  chestoberry [bodypress, foulplay, irondefense, rest] ttype=fighting
INFO     	     irontreads   quarkdrive  assaultvest [earthquake, ironhead, knockoff, rapidspin] ttype=ghost
INFO     	     bombirdier     bigpecks heavydutyboots [bravebird, knockoff, roost, stealthrock] ttype=dark
INFO     Sampling battle 3
INFO     	         lunala shadowshield    leftovers [calmmind, moongeistbeam, moonlight, psyshock] ttype=fairy
INFO     Sampling 5 unrevealed pokemon
INFO     	 exeggutoralola        frisk  choicespecs [dracometeor, flamethrower, gigadrain, leafstorm] ttype=fire
INFO     	      dunsparce  serenegrace     eviolite [bodyslam, coil, earthquake, roost] ttype=ghost
INFO     	       chienpao  swordofruin heavydutyboots [iciclecrash, sacredsword, swordsdance, throatchop] ttype=ice
INFO     	       maushold   technician     widelens [bite, encore, populationbomb, tidyup] ttype=ghost
INFO     	      cramorant  gulpmissile heavydutyboots [bravebird, defog, roost, surf] ttype=ground
INFO     Sampling battle 4
INFO     	         lunala shadowshield    leftovers [calmmind, moongeistbeam, moonlight, psyshock] ttype=fairy
INFO     Sampling 5 unrevealed pokemon
INFO     	        delphox        blaze  choicescarf [fireblast, focusblast, grassknot, psyshock] ttype=grass
INFO     	     conkeldurr         guts     flameorb [closecombat, facade, knockoff, machpunch] ttype=normal
INFO     	        slaking       truant   choiceband [doubleedge, earthquake, gigaimpact, knockoff] ttype=ground
INFO     	       lurantis     contrary    leftovers [defog, leafstorm, superpower, synthesis] ttype=fighting
INFO     	        ambipom   technician    silkscarf [doubleedge, fakeout, knockoff, lowkick] ttype=normal
INFO     Sampling battle 5
INFO     	         lunala shadowshield    leftovers [calmmind, moongeistbeam, moonlight, psyshock] ttype=fairy
INFO     Sampling 5 unrevealed pokemon
INFO     	         raikou     pressure    leftovers [calmmind, scald, substitute, thunderbolt] ttype=water
INFO     	     incineroar   intimidate  assaultvest [closecombat, knockoff, overheat, uturn] ttype=fighting
INFO     	      hitmonlee     reckless   choiceband [highjumpkick, knockoff, poisonjab, stoneedge] ttype=fighting
INFO     	ursalunabloodmoon     mindseye    leftovers [bloodmoon, calmmind, moonlight, vacuumwave] ttype=ghost
INFO     	     whimsicott    prankster    leftovers [encore, leechseed, moonblast, substitute] ttype=steel
INFO     Sampling battle 6
INFO     	         lunala shadowshield    leftovers [calmmind, moongeistbeam, moonlight, psyshock] ttype=fairy
INFO     Sampling 5 unrevealed pokemon
INFO     	       rotomfan     levitate heavydutyboots [airslash, nastyplot, thunderbolt, willowisp] ttype=electric
INFO     	squawkabillyyellow       hustle heavydutyboots [bravebird, doubleedge, partingshot, quickattack] ttype=normal
INFO     	     pincurchin electricsurge    leftovers [curse, liquidation, recover, zingzap] ttype=water
INFO     	zamazentacrowned dauntlessshield rustedshield [bodypress, heavyslam, irondefense, stoneedge] ttype=ghost
INFO     	        torkoal      drought heavydutyboots [lavaplume, solarbeam, stealthrock, yawn] ttype=grass
INFO     Sampling battle 7
INFO     	         lunala shadowshield    leftovers [calmmind, moongeistbeam, moonlight, psyshock] ttype=fairy
INFO     Sampling 5 unrevealed pokemon
INFO     	        morpeko hungerswitch    leftovers [aurawheel, knockoff, protect, rapidspin] ttype=electric
INFO     	   arceusground    multitype   earthplate [earthquake, extremespeed, stoneedge, swordsdance] ttype=normal
INFO     	      coalossal    flamebody heavydutyboots [flamethrower, rapidspin, spikes, stoneedge] ttype=ghost
INFO     	      infernape        blaze      lifeorb [closecombat, grassknot, knockoff, overheat] ttype=fire
INFO     	        malamar     contrary  chestoberry [knockoff, psychocut, rest, superpower] ttype=poison
INFO     Sampling battle 8
INFO     	         lunala shadowshield    leftovers [calmmind, moongeistbeam, moonlight, psyshock] ttype=fairy
INFO     Sampling 5 unrevealed pokemon
INFO     	    ironvaliant   quarkdrive      lifeorb [closecombat, encore, knockoff, moonblast] ttype=fighting
INFO     	        luvdisc    swiftswim heavydutyboots [endeavor, flipturn, substitute, surf] ttype=ground
INFO     	     irontreads   quarkdrive  assaultvest [earthquake, ironhead, rapidspin, voltswitch] ttype=water
INFO     	         furret        frisk   choiceband [doubleedge, knockoff, trick, uturn] ttype=normal
INFO     	         kyogre      drizzle    leftovers [calmmind, icebeam, originpulse, thunder] ttype=steel
INFO     Sampling battle 9
INFO     	         lunala shadowshield    leftovers [calmmind, moongeistbeam, moonlight, psyshock] ttype=fairy
INFO     Sampling 5 unrevealed pokemon
INFO     	       meowstic    prankster    leftovers [alluringvoice, psychicnoise, thunderwave, yawn] ttype=fairy
INFO     	         phione    hydration    leftovers [rest, scald, sleeptalk, takeheart] ttype=steel
INFO     	   basculegionf adaptability  choicespecs [flipturn, hydropump, icebeam, shadowball] ttype=water
INFO     	     masquerain   intimidate heavydutyboots [bugbuzz, hurricane, hydropump, quiverdance] ttype=water
INFO     	          klawf   angershell   expertbelt [crabhammer, knockoff, stoneedge, swordsdance] ttype=dark
INFO     Sampling battle 10
INFO     	         lunala shadowshield    leftovers [calmmind, moongeistbeam, moonlight, psyshock] ttype=fairy
INFO     Sampling 5 unrevealed pokemon
INFO     	       grafaiai  poisontouch      lifeorb [gunkshot, knockoff, lowkick, swordsdance] ttype=dark
INFO     	     golemalola    galvanize      lifeorb [doubleedge, earthquake, rockpolish, stoneedge] ttype=flying
INFO     	        moltres    flamebody heavydutyboots [bravebird, fireblast, roost, scorchingsands] ttype=steel
INFO     	        persian   technician    silkscarf [doubleedge, fakeout, knockoff, uturn] ttype=normal
INFO     	      bellossom  chlorophyll    leftovers [gigadrain, quiverdance, strengthsap, terablast] ttype=fire
INFO     Sampling battle 11
INFO     	         lunala shadowshield    leftovers [calmmind, moongeistbeam, moonlight, psyshock] ttype=fairy
INFO     Sampling 5 unrevealed pokemon
INFO     	        sylveon     pixilate    leftovers [calmmind, hypervoice, protect, wish] ttype=steel
INFO     	        flamigo      scrappy  choicescarf [bravebird, closecombat, throatchop, uturn] ttype=fighting
INFO     	       magearna    soulheart    leftovers [calmmind, flashcannon, fleurcannon, shiftgear] ttype=water
INFO     	        breloom   technician      lifeorb [bulletseed, machpunch, rocktomb, swordsdance] ttype=rock
INFO     	thundurustherian   voltabsorb heavydutyboots [focusblast, nastyplot, terablast, thunderbolt] ttype=flying
INFO     Sampling battle 12
INFO     	         lunala shadowshield    leftovers [calmmind, moongeistbeam, moonlight, psyshock] ttype=fairy
INFO     Sampling 5 unrevealed pokemon
INFO     	       koraidon orichalcumpulse   loadeddice [collisioncourse, flareblitz, scaleshot, swordsdance] ttype=fire
INFO     	zamazentacrowned dauntlessshield rustedshield [bodypress, heavyslam, irondefense, stoneedge] ttype=fighting
INFO     	          chiyu  beadsofruin heavydutyboots [darkpulse, fireblast, nastyplot, psychic] ttype=dark
INFO     	      mamoswine     thickfat   choiceband [earthquake, iceshard, iciclecrash, knockoff] ttype=ground
INFO     	      zebstrika    sapsipper      lifeorb [highhorsepower, overheat, supercellslam, voltswitch] ttype=ground
INFO     Sampling battle 13
INFO     	         lunala shadowshield    leftovers [calmmind, moongeistbeam, moonlight, psyshock] ttype=fairy
INFO     Sampling 5 unrevealed pokemon
INFO     	      passimian      defiant  choicescarf [closecombat, gunkshot, knockoff, rockslide] ttype=poison
INFO     	       magearna    soulheart    leftovers [aurasphere, flashcannon, fleurcannon, spikes] ttype=fighting
INFO     	taurospaldeaaqua      cudchew  sitrusberry [bulkup, closecombat, liquidation, substitute] ttype=steel
INFO     	         tinglu vesselofruin    leftovers [earthquake, payback, ruination, spikes] ttype=poison
INFO     	      revavroom       filter      lifeorb [gunkshot, highhorsepower, ironhead, shiftgear] ttype=ground
INFO     Sampling battle 14
INFO     	         lunala shadowshield    leftovers [calmmind, moongeistbeam, moonlight, psyshock] ttype=fairy
INFO     Sampling 5 unrevealed pokemon
INFO     	 decidueyehisui      scrappy    leftovers [knockoff, leafblade, roost, triplearrows] ttype=steel
INFO     	       illumise    prankster heavydutyboots [bugbuzz, encore, roost, thunderwave] ttype=steel
INFO     	    sandyshocks protosynthesis    leftovers [earthpower, spikes, thunderbolt, thunderwave] ttype=ground
INFO     	          chiyu  beadsofruin heavydutyboots [darkpulse, fireblast, nastyplot, psychic] ttype=fire
INFO     	      cinderace       libero heavydutyboots [courtchange, pyroball, uturn, willowisp] ttype=grass
INFO     Sampling battle 15
INFO     	         lunala shadowshield    leftovers [calmmind, moongeistbeam, moonlight, psyshock] ttype=fairy
INFO     Sampling 5 unrevealed pokemon
INFO     	   arceusflying    multitype     skyplate [calmmind, earthpower, judgment, recover] ttype=steel
INFO     	      alomomola  regenerator heavydutyboots [flipturn, protect, scald, wish] ttype=steel
INFO     	        mesprit     levitate    leftovers [drainpunch, knockoff, psychicnoise, stealthrock] ttype=fighting
INFO     	     perrserker   toughclaws      lifeorb [closecombat, ironhead, knockoff, stealthrock] ttype=fighting
INFO     	       empoleon  competitive    leftovers [knockoff, roost, surf, yawn] ttype=flying
INFO     Searching for a move using MCTS...
INFO     Sampling 16 battles at 500ms each
INFO     Choice: leechseed
INFO     Updated lunala's min speed to 131
INFO     lunala already has the move moongeistbeam. Decrementing the PP by 1
INFO     lunala used two different moves - it cannot have a choice item
INFO     lunala used a ghost move, removing ghostgem from possible items
INFO     Setting lunala's last used move: moongeistbeam
INFO     lunala used a damaging move - not guessing lifeorb anymore
INFO     arboliva already has the move leechseed. Decrementing the PP by 1
INFO     arboliva used a status-move. Adding `assaultvest` to impossible items
INFO     Setting arboliva's last used move: leechseed
INFO     Setting lunala's item to: leftovers
INFO     lunala has less than maxhp during upkeep, no longer guessing leftovers or blacksludge
INFO     
INFO     Turn: 33
INFO     loaded 7 player and 0 effective opponent priors
INFO     Sampling battle 0
INFO     	         lunala shadowshield    leftovers [calmmind, moongeistbeam, moonlight, psyshock] ttype=fairy
INFO     Sampling 5 unrevealed pokemon
INFO     	necrozmaduskmane   prismarmor weaknesspolicy [dragondance, earthquake, photongeyser, sunsteelstrike] ttype=ground
INFO     	         furret        frisk   choiceband [doubleedge, knockoff, trick, uturn] ttype=normal
INFO     	      coalossal    flamebody heavydutyboots [flamethrower, rapidspin, spikes, stoneedge] ttype=water
INFO     	     sandaconda     shedskin   loadeddice [coil, earthquake, rockblast, scaleshot] ttype=dragon
INFO     	      mamoswine     thickfat      lifeorb [earthquake, iceshard, iciclecrash, stealthrock] ttype=ground
INFO     Sampling battle 1
INFO     	         lunala shadowshield    leftovers [calmmind, moongeistbeam, moonlight, psyshock] ttype=fairy
INFO     Sampling 5 unrevealed pokemon
INFO     	      ironcrown   quarkdrive    leftovers [calmmind, focusblast, psyshock, tachyoncutter] ttype=steel
INFO     	         tinglu vesselofruin  assaultvest [earthquake, heavyslam, payback, ruination] ttype=steel
INFO     	      kingambit supremeoverlord    leftovers [ironhead, kowtowcleave, suckerpunch, swordsdance] ttype=dark
INFO     	       greedent   cheekpouch  sitrusberry [bodyslam, earthquake, knockoff, swordsdance] ttype=ground
INFO     	       dusknoir        frisk    leftovers [focuspunch, painsplit, poltergeist, substitute] ttype=fighting
INFO     Sampling battle 2
INFO     	         lunala shadowshield    leftovers [calmmind, moongeistbeam, moonlight, psyshock] ttype=fairy
INFO     Sampling 5 unrevealed pokemon
INFO     	       inteleon      torrent  choicespecs [hydropump, icebeam, scald, uturn] ttype=water
INFO     	      arceusbug    multitype  insectplate [calmmind, fireblast, judgment, recover] ttype=fire
INFO     	          golem       sturdy weaknesspolicy [earthquake, explosion, rockpolish, stoneedge] ttype=grass
INFO     	     calyrexice asoneglastrier heavydutyboots [closecombat, glaciallance, highhorsepower, trickroom] ttype=ground
INFO     	       garchomp    roughskin   loadeddice [earthquake, scaleshot, stoneedge, swordsdance] ttype=ground
INFO     Sampling battle 3
INFO     	         lunala shadowshield    leftovers [calmmind, moongeistbeam, moonlight, psyshock] ttype=fairy
INFO     Sampling 5 unrevealed pokemon
INFO     	      zamazenta dauntlessshield   choiceband [closecombat, crunch, psychicfangs, stoneedge] ttype=fighting
INFO     	       dusknoir        frisk    leftovers [painsplit, poltergeist, shadowsneak, willowisp] ttype=dark
INFO     	      primarina  liquidvoice    leftovers [calmmind, drainingkiss, moonblast, psychicnoise] ttype=steel
INFO     	    oinkolognef     thickfat    leftovers [bodyslam, curse, rest, sleeptalk] ttype=fairy
INFO     	        donphan       sturdy    leftovers [earthquake, icespinner, rapidspin, stealthrock] ttype=steel
INFO     Sampling battle 4
INFO     	         lunala shadowshield    leftovers [calmmind, moongeistbeam, moonlight, psyshock] ttype=fairy
INFO     Sampling 5 unrevealed pokemon
INFO     	   lycanrocdusk   toughclaws   choiceband [accelerock, closecombat, stoneedge, throatchop] ttype=fighting
INFO     	       jumpluff  infiltrator              [acrobatics, leechseed, strengthsap, substitute] ttype=steel
INFO     	     oinkologne     thickfat    leftovers [curse, doubleedge, highhorsepower, lashout] ttype=ground
INFO     	       ribombee   shielddust heavydutyboots [bugbuzz, moonblast, quiverdance, terablast] ttype=ground
INFO     	 electrodehisui   soundproof    leftovers [gigadrain, leechseed, substitute, thunderbolt] ttype=poison
INFO     Sampling battle 5
INFO     	         lunala shadowshield    leftovers [calmmind, moongeistbeam, moonlight, psyshock] ttype=fairy
INFO     Sampling 5 unrevealed pokemon
INFO     	        altaria  naturalcure heavydutyboots [bravebird, defog, roost, willowisp] ttype=steel
INFO     	       ampharos       static      lifeorb [agility, dazzlinggleam, focusblast, thunderbolt] ttype=fairy
INFO     	    kyuremwhite   turboblaze  choicespecs [dracometeor, freezedry, fusionflare, icebeam] ttype=ice
INFO     	     typhlosion        blaze  choicespecs [eruption, fireblast, focusblast, scorchingsands] ttype=fire
INFO     	         komala     comatose   choiceband [bodyslam, earthquake, knockoff, uturn] ttype=ghost
INFO     Sampling battle 6
INFO     	         lunala shadowshield    leftovers [calmmind, moongeistbeam, moonlight, psyshock] ttype=fairy
INFO     Sampling 5 unrevealed pokemon
INFO     	      vileplume  effectspore    leftovers [gigadrain, sleeppowder, sludgebomb, strengthsap] ttype=steel
INFO     	        pikachu lightningrod    lightball [playrough, surf, voltswitch, volttackle] ttype=water
INFO     	      vespiquen     pressure heavydutyboots [hurricane, roost, spikes, toxicspikes] ttype=steel
INFO     	     irontreads   quarkdrive  assaultvest [earthquake, ironhead, knockoff, rapidspin] ttype=ghost
INFO     	      thundurus    prankster              [acrobatics, knockoff, thunderbolt, thunderwave] ttype=flying
INFO     Sampling battle 7
INFO     	         lunala shadowshield    leftovers [calmmind, moongeistbeam, moonlight, psyshock] ttype=fairy
INFO     Sampling 5 unrevealed pokemon
INFO     	      indeedeef psychicsurge      lifeorb [calmmind, dazzlinggleam, hypervoice, psyshock] ttype=fairy
INFO     	     bombirdier     bigpecks heavydutyboots [bravebird, knockoff, roost, stealthrock] ttype=dark
INFO     	      bastiodon   soundproof  chestoberry [bodypress, foulplay, irondefense, rest] ttype=fighting
INFO     	      primarina      torrent  choicespecs [flipturn, hydropump, moonblast, psychic] ttype=water
INFO     	      tatsugiri   stormdrain heavydutyboots [dracometeor, hydropump, nastyplot, rapidspin] ttype=steel
INFO     Sampling battle 8
INFO     	         lunala shadowshield    leftovers [calmmind, moongeistbeam, moonlight, psyshock] ttype=fairy
INFO     Sampling 5 unrevealed pokemon
INFO     	     masquerain   intimidate heavydutyboots [bugbuzz, hurricane, hydropump, quiverdance] ttype=water
INFO     	      zamazenta dauntlessshield   choiceband [closecombat, crunch, ironhead, stoneedge] ttype=steel
INFO     	      ironhands   quarkdrive  assaultvest [closecombat, fakeout, thunderpunch, voltswitch] ttype=fighting
INFO     	       pelipper      drizzle  choicespecs [hurricane, hydropump, uturn, weatherball] ttype=water
INFO     	    arceussteel    multitype    ironplate [earthquake, judgment, recover, willowisp] ttype=ghost
INFO     Sampling battle 9
INFO     	         lunala shadowshield    leftovers [calmmind, moongeistbeam, moonlight, psyshock] ttype=fairy
INFO     Sampling 5 unrevealed pokemon
INFO     	      sandslash     sandrush  assaultvest [earthquake, knockoff, rapidspin, stoneedge] ttype=dragon
INFO     	      regidrago   dragonsmaw      lifeorb [dragonclaw, dragondance, earthquake, terablast] ttype=steel
INFO     	       chienpao  swordofruin heavydutyboots [iciclecrash, sacredsword, swordsdance, throatchop] ttype=dark
INFO     	      garganacl purifyingsalt    leftovers [protect, recover, saltcure, stealthrock] ttype=dragon
INFO     	zamazentacrowned dauntlessshield rustedshield [bodypress, heavyslam, irondefense, stoneedge] ttype=fighting
INFO     Sampling battle 10
INFO     	         lunala shadowshield    leftovers [calmmind, moongeistbeam, moonlight, psyshock] ttype=fairy
INFO     Sampling 5 unrevealed pokemon
INFO     	        snorlax     thickfat    leftovers [bodyslam, crunch, curse, earthquake] ttype=poison
INFO     	tornadustherian  regenerator  choicespecs [bleakwindstorm, focusblast, grassknot, heatwave] ttype=fire
INFO     	        avalugg       sturdy heavydutyboots [avalanche, bodypress, rapidspin, recover] ttype=fighting
INFO     	        slowbro  regenerator  assaultvest [bodypress, futuresight, icebeam, scald] ttype=fairy
INFO     	     typhlosion        blaze  choicescarf [eruption, fireblast, focusblast, scorchingsands] ttype=fire
INFO     Sampling battle 11
INFO     	         lunala shadowshield    leftovers [calmmind, moongeistbeam, moonlight, psyshock] ttype=fairy
INFO     Sampling 5 unrevealed pokemon
INFO     	    arceusfairy    multitype   pixieplate [calmmind, earthpower, judgment, recover] ttype=steel
INFO     	    barraskewda    swiftswim   choiceband [closecombat, flipturn, psychicfangs, waterfall] ttype=water
INFO     	        avalugg       sturdy heavydutyboots [avalanche, bodypress, rapidspin, recover] ttype=fighting
INFO     	     copperajah   sheerforce      lifeorb [earthquake, ironhead, playrough, rockslide] ttype=fairy
INFO     	    dudunsparce      rattled    leftovers [boomburst, earthquake, roost, toxic] ttype=ghost
INFO     Sampling battle 12
INFO     	         lunala shadowshield    leftovers [calmmind, moongeistbeam, moonlight, psyshock] ttype=fairy
INFO     Sampling 5 unrevealed pokemon
INFO     	      volcarona    flamebody heavydutyboots [bugbuzz, fierydance, gigadrain, quiverdance] ttype=steel
INFO     	      ninetales      drought heavydutyboots [fireblast, nastyplot, scorchingsands, solarbeam] ttype=grass
INFO     	       porygon2     download     eviolite [discharge, icebeam, recover, triattack] ttype=electric
INFO     	       espathra   speedboost  choicespecs [dazzlinggleam, luminacrash, shadowball, uturn] ttype=psychic
INFO     	       arboliva      harvest  sitrusberry [hypervoice, leechseed, protect, substitute] ttype=water
INFO     Sampling battle 13
INFO     	         lunala shadowshield    leftovers [calmmind, moongeistbeam, moonlight, psyshock] ttype=fairy
INFO     Sampling 5 unrevealed pokemon
INFO     	        chansey  naturalcure     eviolite [seismictoss, softboiled, stealthrock, thunderwave] ttype=dark
INFO     	          entei   innerfocus   choiceband [extremespeed, flareblitz, sacredfire, stoneedge] ttype=fire
INFO     	        carbink    clearbody  chestoberry [bodypress, irondefense, moonblast, rest] ttype=fighting
INFO     	taurospaldeablaze   intimidate   choiceband [closecombat, flareblitz, stoneedge, wildcharge] ttype=fighting
INFO     	      bellossom  chlorophyll    leftovers [gigadrain, moonblast, quiverdance, strengthsap] ttype=fairy
INFO     Sampling battle 14
INFO     	         lunala shadowshield    leftovers [calmmind, moongeistbeam, moonlight, psyshock] ttype=fairy
INFO     Sampling 5 unrevealed pokemon
INFO     	        umbreon  synchronize    leftovers [foulplay, protect, toxic, wish] ttype=poison
INFO     	     arceusfire    multitype   flameplate [dragondance, earthquake, flareblitz, recover] ttype=fire
INFO     	       sneasler     unburden    whiteherb [acrobatics, closecombat, gunkshot, swordsdance] ttype=flying
INFO     	       chimecho     levitate    leftovers [cosmicpower, dazzlinggleam, recover, storedpower] ttype=steel
INFO     	        golduck    cloudnine  choicespecs [flipturn, grassknot, hydropump, icebeam] ttype=water
INFO     Sampling battle 15
INFO     	         lunala shadowshield    leftovers [calmmind, moongeistbeam, moonlight, psyshock] ttype=fairy
INFO     Sampling 5 unrevealed pokemon
INFO     	      lilligant     owntempo      lifeorb [alluringvoice, petaldance, quiverdance, sleeppowder] ttype=fairy
INFO     	        calyrex      unnerve    leftovers [calmmind, gigadrain, leechseed, psyshock] ttype=steel
INFO     	       basculin adaptability   choiceband [aquajet, doubleedge, flipturn, wavecrash] ttype=water
INFO     	         dialga     pressure  assaultvest [dracometeor, dragontail, fireblast, heavyslam] ttype=flying
INFO     	       greedent   cheekpouch  sitrusberry [doubleedge, earthquake, knockoff, swordsdance] ttype=ghost
INFO     Searching for a move using MCTS...
INFO     Sampling 16 battles at 500ms each
INFO     Choice: substitute
INFO     Updated lunala's min speed to 131
INFO     lunala already has the move calmmind. Decrementing the PP by 1
INFO     lunala used two different moves - it cannot have a choice item
INFO     lunala using calmmind makes it unlikely to have a choice item. Setting can_have_choice_item to False
INFO     lunala used a status-move. Adding `assaultvest` to impossible items
INFO     Setting lunala's last used move: calmmind
INFO     lunala's special-attack was boosted by 1 to 6
INFO     lunala's special-defense was boosted by 1 to 6
INFO     arboliva already has the move substitute. Decrementing the PP by 1
INFO     arboliva using substitute makes it unlikely to have a choice item. Setting can_have_choice_item to False
INFO     arboliva used a status-move. Adding `assaultvest` to impossible items
INFO     Setting arboliva's last used move: substitute
INFO     Setting lunala's item to: leftovers
INFO     lunala has less than maxhp during upkeep, no longer guessing leftovers or blacksludge
INFO     
INFO     Turn: 34
INFO     loaded 7 player and 0 effective opponent priors
INFO     Sampling battle 0
INFO     	         lunala shadowshield    leftovers [calmmind, moongeistbeam, moonlight, psyshock] ttype=fairy
INFO     Sampling 5 unrevealed pokemon
INFO     	        gallade    sharpness      lifeorb [agility, nightslash, psychocut, sacredsword] ttype=fighting
INFO     	ursalunabloodmoon     mindseye    leftovers [bloodmoon, calmmind, earthpower, moonlight] ttype=normal
INFO     	        ariados        swarm heavydutyboots [megahorn, poisonjab, stickyweb, suckerpunch] ttype=ghost
INFO     	      magmortar    flamebody heavydutyboots [fireblast, focusblast, knockoff, thunderbolt] ttype=fighting
INFO     	     masquerain   intimidate heavydutyboots [bugbuzz, hurricane, hydropump, stickyweb] ttype=water
INFO     Sampling battle 1
INFO     	         lunala shadowshield    leftovers [calmmind, moongeistbeam, moonlight, psyshock] ttype=fairy
INFO     Sampling 5 unrevealed pokemon
INFO     	          entei   innerfocus   choiceband [extremespeed, flareblitz, sacredfire, stoneedge] ttype=normal
INFO     	  deoxysdefense     pressure  rockyhelmet [knockoff, psychicnoise, recover, teleport] ttype=fairy
INFO     	      greattusk protosynthesis boosterenergy [bulkup, closecombat, earthquake, stoneedge] ttype=steel
INFO     	     toedscruel myceliummight    leftovers [earthpower, leafstorm, rapidspin, toxic] ttype=water
INFO     	        haxorus  moldbreaker     lumberry [dragondance, earthquake, ironhead, outrage] ttype=steel
INFO     Sampling battle 2
INFO     	         lunala shadowshield    leftovers [calmmind, moongeistbeam, moonlight, psyshock] ttype=fairy
INFO     Sampling 5 unrevealed pokemon
INFO     	        slaking       truant   choiceband [doubleedge, earthquake, gigaimpact, knockoff] ttype=ghost
INFO     	     arceusfire    multitype   flameplate [dragondance, earthquake, flareblitz, recover] ttype=fire
INFO     	       miraidon hadronengine  choicespecs [dracometeor, electrodrift, overheat, voltswitch] ttype=electric
INFO     	      spectrier    grimneigh      lifeorb [darkpulse, nastyplot, shadowball, willowisp] ttype=dark
INFO     	        ambipom   technician   choiceband [doubleedge, knockoff, lowkick, tripleaxel] ttype=ice
INFO     Sampling battle 3
INFO     	         lunala shadowshield    leftovers [calmmind, moongeistbeam, moonlight, psyshock] ttype=fairy
INFO     Sampling 5 unrevealed pokemon
INFO     	      alomomola  regenerator  rockyhelmet [flipturn, protect, scald, wish] ttype=steel
INFO     	       sawsbuck  serenegrace      lifeorb [headbutt, highhorsepower, hornleech, swordsdance] ttype=normal
INFO     	       reshiram   turboblaze heavydutyboots [dragondance, flareblitz, outrage, stoneedge] ttype=fire
INFO     	   dialgaorigin     pressure adamantcrystal [dracometeor, dragontail, fireblast, heavyslam] ttype=dragon
INFO     	      sinistcha    heatproof    leftovers [calmmind, matchagotcha, shadowball, strengthsap] ttype=steel
INFO     Sampling battle 4
INFO     	         lunala shadowshield    leftovers [calmmind, moongeistbeam, moonlight, psyshock] ttype=fairy
INFO     Sampling 5 unrevealed pokemon
INFO     	        diancie    clearbody    leftovers [bodypress, diamondstorm, moonblast, rockpolish] ttype=fighting
INFO     	       arcanine   intimidate heavydutyboots [closecombat, extremespeed, flareblitz, morningsun] ttype=normal
INFO     	       inteleon      torrent  choicespecs [hydropump, icebeam, scald, uturn] ttype=water
INFO     	landorustherian   intimidate    leftovers [earthquake, stealthrock, stoneedge, uturn] ttype=water
INFO     	    walkingwake protosynthesis  choicespecs [dracometeor, flamethrower, flipturn, hydropump] ttype=water
INFO     Sampling battle 5
INFO     	         lunala shadowshield    leftovers [calmmind, moongeistbeam, moonlight, psyshock] ttype=fairy
INFO     Sampling 5 unrevealed pokemon
INFO     	       rayquaza      airlock   choiceband [dragonascent, earthquake, extremespeed, uturn] ttype=normal
INFO     	     arceusdark    multitype   dreadplate [calmmind, dazzlinggleam, judgment, recover] ttype=fairy
INFO     	       qwilfish   intimidate    leftovers [gunkshot, taunt, thunderwave, waterfall] ttype=grass
INFO     	    brutebonnet protosynthesis    leftovers [crunch, seedbomb, spore, suckerpunch] ttype=poison
INFO     	      farigiraf    sapsipper    leftovers [bodyslam, protect, psychicnoise, wish] ttype=water
INFO     Sampling battle 6
INFO     	         lunala shadowshield    leftovers [calmmind, moongeistbeam, moonlight, psyshock] ttype=fairy
INFO     Sampling 5 unrevealed pokemon
INFO     	       hawlucha     unburden    whiteherb [bravebird, closecombat, encore, swordsdance] ttype=flying
INFO     	        flapple       hustle   choiceband [gravapple, outrage, suckerpunch, uturn] ttype=dragon
INFO     	         klefki    prankster    leftovers [magnetrise, playrough, spikes, thunderwave] ttype=water
INFO     	tornadustherian  regenerator  assaultvest [bleakwindstorm, heatwave, knockoff, uturn] ttype=dark
INFO     	          minun   voltabsorb      lifeorb [encore, grassknot, nastyplot, thunderbolt] ttype=grass
INFO     Sampling battle 7
INFO     	         lunala shadowshield    leftovers [calmmind, moongeistbeam, moonlight, psyshock] ttype=fairy
INFO     Sampling 5 unrevealed pokemon
INFO     	   squawkabilly         guts     flameorb [bravebird, facade, quickattack, uturn] ttype=normal
INFO     	     rotomfrost     levitate heavydutyboots [blizzard, nastyplot, thunderbolt, willowisp] ttype=electric
INFO     	           hooh  regenerator heavydutyboots [bravebird, earthquake, recover, sacredfire] ttype=ground
INFO     	       solgaleo fullmetalbody weaknesspolicy [closecombat, flamecharge, psychic, sunsteelstrike] ttype=fighting
INFO     	     electivire   motordrive      lifeorb [bulkup, earthquake, icepunch, supercellslam] ttype=flying
INFO     Sampling battle 8
INFO     	         lunala shadowshield    leftovers [calmmind, moongeistbeam, moonlight, psyshock] ttype=fairy
INFO     Sampling 5 unrevealed pokemon
INFO     	         rhydon lightningrod     eviolite [earthquake, megahorn, stoneedge, swordsdance] ttype=dragon
INFO     	  articunogalar  competitive heavydutyboots [calmmind, freezingglare, hurricane, recover] ttype=steel
INFO     	        dipplin   stickyhold     eviolite [dragonpulse, dragontail, gigadrain, recover] ttype=steel
INFO     	     talonflame    flamebody heavydutyboots [bravebird, flareblitz, swordsdance, terablast] ttype=ground
INFO     	    arceuswater    multitype  splashplate [icebeam, judgment, recover, willowisp] ttype=steel
INFO     Sampling battle 9
INFO     	         lunala shadowshield    leftovers [calmmind, moongeistbeam, moonlight, psyshock] ttype=fairy
INFO     Sampling 5 unrevealed pokemon
INFO     	       lurantis     contrary    leftovers [knockoff, leafstorm, superpower, synthesis] ttype=fighting
INFO     	      arceusice    multitype  icicleplate [calmmind, judgment, recover, thunderbolt] ttype=electric
INFO     	 giratinaorigin     levitate griseouscore [dracometeor, dragontail, poltergeist, shadowsneak] ttype=dragon
INFO     	        breloom   technician      lifeorb [bulletseed, machpunch, rocktomb, swordsdance] ttype=rock
INFO     	          minun   voltabsorb      lifeorb [alluringvoice, grassknot, nastyplot, thunderbolt] ttype=fairy
INFO     Sampling battle 10
INFO     	         lunala shadowshield    leftovers [calmmind, moongeistbeam, moonlight, psyshock] ttype=fairy
INFO     Sampling 5 unrevealed pokemon
INFO     	          entei   innerfocus   choiceband [extremespeed, flareblitz, sacredfire, stompingtantrum] ttype=normal
INFO     	       vivillon compoundeyes heavydutyboots [hurricane, quiverdance, sleeppowder, terablast] ttype=ground
INFO     	       whiscash    oblivious    leftovers [earthquake, hydropump, icebeam, stealthrock] ttype=ghost
INFO     	       giratina     pressure    leftovers [rest, shadowball, sleeptalk, willowisp] ttype=fairy
INFO     	       garchomp    roughskin  rockyhelmet [earthquake, outrage, spikes, stealthrock] ttype=ground
INFO     Sampling battle 11
INFO     	         lunala shadowshield    leftovers [calmmind, moongeistbeam, moonlight, psyshock] ttype=fairy
INFO     Sampling 5 unrevealed pokemon
INFO     	   zoroarkhisui     illusion      lifeorb [focusblast, hypervoice, poltergeist, willowisp] ttype=normal
INFO     	        milotic  competitive    leftovers [haze, icebeam, recover, scald] ttype=steel
INFO     	       frosmoth    icescales heavydutyboots [bugbuzz, icebeam, quiverdance, terablast] ttype=ground
INFO     	      terapagos    terashift  chestoberry [calmmind, darkpulse, rest, terastarstorm] ttype=stellar
INFO     	     irontreads   quarkdrive  assaultvest [earthquake, ironhead, knockoff, rapidspin] ttype=water
INFO     Sampling battle 12
INFO     	         lunala shadowshield    leftovers [calmmind, moongeistbeam, moonlight, psyshock] ttype=fairy
INFO     Sampling 5 unrevealed pokemon
INFO     	       qwilfish   intimidate heavydutyboots [flipturn, gunkshot, painsplit, toxic] ttype=grass
INFO     	squawkabillyblue         guts     flameorb [bravebird, facade, quickattack, uturn] ttype=normal
INFO     	     gothitelle    shadowtag  choicescarf [darkpulse, focusblast, psychic, trick] ttype=dark
INFO     	      charizard        blaze heavydutyboots [earthquake, flareblitz, outrage, swordsdance] ttype=ground
INFO     	        flapple       hustle     lumberry [dragondance, gravapple, outrage, suckerpunch] ttype=dragon
INFO     Sampling battle 13
INFO     	         lunala shadowshield    leftovers [calmmind, moongeistbeam, moonlight, psyshock] ttype=fairy
INFO     Sampling 5 unrevealed pokemon
INFO     	      bellibolt electromorphosis    leftovers [muddywater, slackoff, thunderbolt, toxic] ttype=water
INFO     	        slowbro  regenerator  assaultvest [bodypress, fireblast, psychicnoise, scald] ttype=fairy
INFO     	          minun   voltabsorb      lifeorb [alluringvoice, encore, nastyplot, thunderbolt] ttype=fairy
INFO     	        carbink    clearbody    leftovers [bodypress, irondefense, moonblast, rockpolish] ttype=fighting
INFO     	      clawitzer megalauncher  choicespecs [aurasphere, darkpulse, icebeam, waterpulse] ttype=dark
INFO     Sampling battle 14
INFO     	         lunala shadowshield    leftovers [calmmind, moongeistbeam, moonlight, psyshock] ttype=fairy
INFO     Sampling 5 unrevealed pokemon
INFO     	        spidops     stakeout heavydutyboots [circlethrow, spikes, stickyweb, uturn] ttype=ghost
INFO     	   dialgaorigin     pressure adamantcrystal [dracometeor, fireblast, heavyslam, thunderwave] ttype=steel
INFO     	        scyther   technician heavydutyboots [bugbite, closecombat, dualwingbeat, swordsdance] ttype=fighting
INFO     	         espeon  magicbounce      lifeorb [alluringvoice, calmmind, morningsun, psychic] ttype=fairy
INFO     	    kyuremblack     teravolt   loadeddice [dragondance, fusionbolt, iciclespear, scaleshot] ttype=electric
INFO     Sampling battle 15
INFO     	         lunala shadowshield    leftovers [calmmind, moongeistbeam, moonlight, psyshock] ttype=fairy
INFO     Sampling 5 unrevealed pokemon
INFO     	taurospaldeaaqua   intimidate   choiceband [aquajet, closecombat, stoneedge, wavecrash] ttype=water
INFO     	      vileplume  effectspore    leftovers [gigadrain, leechseed, sludgebomb, strengthsap] ttype=steel
INFO     	       blaziken   speedboost      lifeorb [closecombat, flareblitz, knockoff, swordsdance] ttype=fighting
INFO     	      tyranitar   sandstream weaknesspolicy [dragondance, icepunch, knockoff, stoneedge] ttype=ghost
INFO     	       greninja      protean      lifeorb [darkpulse, grassknot, gunkshot, hydropump] ttype=poison
INFO     Searching for a move using MCTS...
INFO     Sampling 16 battles at 500ms each
INFO     Choice: substitute
INFO     Updated lunala's min speed to 131
INFO     lunala already has the move moongeistbeam. Decrementing the PP by 1
INFO     lunala used two different moves - it cannot have a choice item
INFO     lunala used a ghost move, removing ghostgem from possible items
INFO     Setting lunala's last used move: moongeistbeam
INFO     lunala used a damaging move - not guessing lifeorb anymore
INFO     arboliva already has the move substitute. Decrementing the PP by 1
INFO     arboliva using substitute makes it unlikely to have a choice item. Setting can_have_choice_item to False
INFO     arboliva used a status-move. Adding `assaultvest` to impossible items
INFO     Setting arboliva's last used move: substitute
INFO     Setting lunala's item to: leftovers
INFO     lunala has less than maxhp during upkeep, no longer guessing leftovers or blacksludge
INFO     
INFO     Turn: 35
INFO     loaded 7 player and 0 effective opponent priors
INFO     Sampling battle 0
INFO     	         lunala shadowshield    leftovers [calmmind, moongeistbeam, moonlight, psyshock] ttype=fairy
INFO     Sampling 5 unrevealed pokemon
INFO     	      heracross        moxie   choiceband [closecombat, knockoff, megahorn, stoneedge] ttype=bug
INFO     	         emboar     reckless  assaultvest [closecombat, flareblitz, scald, wildcharge] ttype=water
INFO     	    arceusfairy    multitype   pixieplate [calmmind, earthpower, judgment, recover] ttype=ground
INFO     	      glastrier chillingneigh heavydutyboots [closecombat, highhorsepower, iciclecrash, swordsdance] ttype=ground
INFO     	      probopass   magnetpull    leftovers [bodypress, flashcannon, irondefense, powergem] ttype=fighting
INFO     Sampling battle 1
INFO     	         lunala shadowshield    leftovers [calmmind, moongeistbeam, moonlight, psyshock] ttype=fairy
INFO     Sampling 5 unrevealed pokemon
INFO     	      sandslash     sandrush    leftovers [earthquake, knockoff, stoneedge, swordsdance] ttype=steel
INFO     	       mudsdale      stamina    leftovers [earthquake, heavyslam, stealthrock, stoneedge] ttype=steel
INFO     	         komala     comatose  assaultvest [bodyslam, earthquake, knockoff, rapidspin] ttype=ghost
INFO     	      trevenant      harvest  sitrusberry [drainpunch, poltergeist, protect, toxic] ttype=fighting
INFO     	       hariyama     thickfat  assaultvest [closecombat, headlongrush, heavyslam, knockoff] ttype=steel
INFO     Sampling battle 2
INFO     	         lunala shadowshield    leftovers [calmmind, moongeistbeam, moonlight, psyshock] ttype=fairy
INFO     Sampling 5 unrevealed pokemon
INFO     	         goodra    sapsipper  assaultvest [dracometeor, knockoff, powerwhip, scald] ttype=steel
INFO     	      meowsticf  competitive      lifeorb [darkpulse, nastyplot, psychic, thunderbolt] ttype=dark
INFO     	        gliscor   poisonheal     toxicorb [earthquake, knockoff, protect, toxicspikes] ttype=water
INFO     	     archaludon      stamina  assaultvest [bodypress, dracometeor, flashcannon, thunderbolt] ttype=fighting
INFO     	        yanmega   tintedlens  choicespecs [airslash, bugbuzz, gigadrain, uturn] ttype=bug
INFO     Sampling battle 3
INFO     	         lunala shadowshield    leftovers [calmmind, moongeistbeam, moonlight, psyshock] ttype=fairy
INFO     Sampling 5 unrevealed pokemon
INFO     	      honchkrow        moxie heavydutyboots [bravebird, heatwave, suckerpunch, uturn] ttype=flying
INFO     	        volbeat    prankster heavydutyboots [encore, roost, thunderwave, uturn] ttype=water
INFO     	       qwilfish   intimidate    leftovers [gunkshot, spikes, toxicspikes, waterfall] ttype=grass
INFO     	  articunogalar  competitive heavydutyboots [calmmind, freezingglare, hurricane, recover] ttype=steel
INFO     	        leafeon  chlorophyll      lifeorb [knockoff, leafblade, swordsdance, synthesis] ttype=dark
INFO     Sampling battle 4
INFO     	         lunala shadowshield    leftovers [calmmind, moongeistbeam, moonlight, psyshock] ttype=fairy
INFO     Sampling 5 unrevealed pokemon
INFO     	       granbull   intimidate    leftovers [earthquake, encore, playrough, thunderwave] ttype=ground
INFO     	       greninja      protean      lifeorb [gunkshot, hydropump, icebeam, uturn] ttype=poison
INFO     	        blissey  naturalcure    leftovers [seismictoss, softboiled, stealthrock, thunderwave] ttype=ghost
INFO     	        kleavor    sharpness heavydutyboots [closecombat, defog, stoneaxe, xscissor] ttype=bug
INFO     	        dewgong     thickfat  assaultvest [flipturn, hydropump, icebeam, knockoff] ttype=ground
INFO     Sampling battle 5
INFO     	         lunala shadowshield    leftovers [calmmind, moongeistbeam, moonlight, psyshock] ttype=fairy
INFO     Sampling 5 unrevealed pokemon
INFO     	      ceruledge    weakarmor heavydutyboots [bitterblade, poltergeist, shadowsneak, swordsdance] ttype=ghost
INFO     	       necrozma   prismarmor      lifeorb [earthquake, knockoff, photongeyser, swordsdance] ttype=steel
INFO     	      zebstrika    sapsipper      lifeorb [highhorsepower, overheat, supercellslam, voltswitch] ttype=ground
INFO     	            muk  poisontouch  assaultvest [drainpunch, knockoff, poisonjab, shadowsneak] ttype=dark
INFO     	        dugtrio    arenatrap      lifeorb [earthquake, stoneedge, suckerpunch, swordsdance] ttype=fairy
INFO     Sampling battle 6
INFO     	         lunala shadowshield    leftovers [calmmind, moongeistbeam, moonlight, psyshock] ttype=fairy
INFO     Sampling 5 unrevealed pokemon
INFO     	        flapple       hustle   choiceband [gravapple, outrage, suckerpunch, uturn] ttype=steel
INFO     	      terapagos    terashift  chestoberry [calmmind, darkpulse, rest, terastarstorm] ttype=stellar
INFO     	     copperajah   heavymetal   choiceband [heatcrash, heavyslam, supercellslam, superpower] ttype=fire
INFO     	       whiscash    oblivious      lifeorb [dragondance, earthquake, liquidation, stoneedge] ttype=ground
INFO     	          arbok   intimidate      lifeorb [earthquake, glare, gunkshot, knockoff] ttype=dark
INFO     Sampling battle 7
INFO     	         lunala shadowshield    leftovers [calmmind, moongeistbeam, moonlight, psyshock] ttype=fairy
INFO     Sampling 5 unrevealed pokemon
INFO     	       virizion    justified      lifeorb [closecombat, leafblade, stoneedge, swordsdance] ttype=rock
INFO     	     copperajah   heavymetal   choiceband [heavyslam, knockoff, stoneedge, superpower] ttype=flying
INFO     	        drednaw    strongjaw    whiteherb [crunch, liquidation, shellsmash, stoneedge] ttype=dark
INFO     	        weezing     levitate    leftovers [fireblast, painsplit, sludgebomb, toxicspikes] ttype=steel
INFO     	         lapras  waterabsorb   loadeddice [dragondance, earthquake, iciclespear, waterfall] ttype=ground
INFO     Sampling battle 8
INFO     	         lunala shadowshield    leftovers [calmmind, moongeistbeam, moonlight, psyshock] ttype=fairy
INFO     Sampling 5 unrevealed pokemon
INFO     	        dipplin   stickyhold     eviolite [dragonpulse, gigadrain, recover, suckerpunch] ttype=steel
INFO     	      primarina      torrent    leftovers [calmmind, drainingkiss, psychic, sparklingaria] ttype=steel
INFO     	     scovillain  chlorophyll  choicescarf [energyball, flamethrower, leafstorm, overheat] ttype=grass
INFO     	     masquerain   intimidate heavydutyboots [bugbuzz, hurricane, hydropump, quiverdance] ttype=water
INFO     	    raichualola  surgesurfer  choicespecs [alluringvoice, focusblast, psyshock, thunderbolt] ttype=fairy
INFO     Sampling battle 9
INFO     	         lunala shadowshield    leftovers [calmmind, moongeistbeam, moonlight, psyshock] ttype=fairy
INFO     Sampling 5 unrevealed pokemon
INFO     	      poliwrath  waterabsorb  assaultvest [circlethrow, closecombat, knockoff, liquidation] ttype=dark
INFO     	          ditto     imposter  choicescarf [transform] ttype=steel
INFO     	 sandslashalola    slushrush  assaultvest [earthquake, ironhead, rapidspin, tripleaxel] ttype=water
INFO     	         gogoat    sapsipper    leftovers [bulkup, hornleech, milkdrink, rockslide] ttype=water
INFO     	      amoonguss  regenerator    leftovers [gigadrain, sludgebomb, spore, stompingtantrum] ttype=water
INFO     Sampling battle 10
INFO     	         lunala shadowshield    leftovers [calmmind, moongeistbeam, moonlight, psyshock] ttype=fairy
INFO     Sampling 5 unrevealed pokemon
INFO     	      magnezone     analytic    leftovers [bodypress, flashcannon, irondefense, thunderbolt] ttype=fighting
INFO     	    fluttermane protosynthesis  choicespecs [moonblast, mysticalfire, psyshock, shadowball] ttype=fairy
INFO     	      poliwrath  waterabsorb    leftovers [bulkup, drainpunch, liquidation, poisonjab] ttype=water
INFO     	    deoxysspeed     pressure      lifeorb [darkpulse, focusblast, nastyplot, psychoboost] ttype=psychic
INFO     	       meganium     overgrow    leftovers [dragontail, energyball, knockoff, synthesis] ttype=poison
INFO     Sampling battle 11
INFO     	         lunala shadowshield    leftovers [calmmind, moongeistbeam, moonlight, psyshock] ttype=fairy
INFO     Sampling 5 unrevealed pokemon
INFO     	       magcargo    weakarmor heavydutyboots [earthpower, fireblast, powergem, shellsmash] ttype=grass
INFO     	squawkabillyyellow       hustle heavydutyboots [bravebird, doubleedge, partingshot, quickattack] ttype=normal
INFO     	    arceusghost    multitype  spookyplate [focusblast, judgment, recover, willowisp] ttype=dark
INFO     	    walkingwake protosynthesis      lifeorb [dracometeor, flamethrower, hydrosteam, sunnyday] ttype=fire
INFO     	necrozmaduskmane   prismarmor weaknesspolicy [dragondance, earthquake, morningsun, sunsteelstrike] ttype=water
INFO     Sampling battle 12
INFO     	         lunala shadowshield    leftovers [calmmind, moongeistbeam, moonlight, psyshock] ttype=fairy
INFO     Sampling 5 unrevealed pokemon
INFO     	      ironcrown   quarkdrive  choicespecs [focusblast, psyshock, tachyoncutter, voltswitch] ttype=fighting
INFO     	       vigoroth  vitalspirit     eviolite [bodyslam, bulkup, earthquake, slackoff] ttype=ground
INFO     	       tornadus      defiant  choicespecs [bleakwindstorm, focusblast, heatwave, uturn] ttype=fire
INFO     	        drednaw    strongjaw    whiteherb [crunch, liquidation, shellsmash, stoneedge] ttype=dark
INFO     	      regieleki   transistor       magnet [explosion, rapidspin, thunderbolt, voltswitch] ttype=electric
INFO     Sampling battle 13
INFO     	         lunala shadowshield    leftovers [calmmind, moongeistbeam, moonlight, psyshock] ttype=fairy
INFO     Sampling 5 unrevealed pokemon
INFO     	     skeledirge      unaware heavydutyboots [flamecharge, shadowball, slackoff, torchsong] ttype=water
INFO     	      cryogonal     levitate heavydutyboots [icebeam, rapidspin, recover, terablast] ttype=electric
INFO     	    raichualola  surgesurfer  choicespecs [focusblast, psyshock, thunderbolt, voltswitch] ttype=fighting
INFO     	        blissey  naturalcure    leftovers [healbell, seismictoss, softboiled, thunderwave] ttype=fairy
INFO     	       frosmoth    icescales heavydutyboots [gigadrain, icebeam, quiverdance, terablast] ttype=ground
INFO     Sampling battle 14
INFO     	         lunala shadowshield    leftovers [calmmind, moongeistbeam, moonlight, psyshock] ttype=fairy
INFO     Sampling 5 unrevealed pokemon
INFO     	   palkiaorigin     pressure lustrousglobe [fireblast, hydropump, spacialrend, thunderwave] ttype=dragon
INFO     	          entei   innerfocus   choiceband [extremespeed, flareblitz, sacredfire, stoneedge] ttype=normal
INFO     	    gougingfire protosynthesis heavydutyboots [dragondance, earthquake, heatcrash, outrage] ttype=ground
INFO     	        palafin   zerotohero    leftovers [bulkup, drainpunch, icepunch, jetpunch] ttype=steel
INFO     	     shayminsky  serenegrace  choicespecs [airslash, dazzlinggleam, earthpower, seedflare] ttype=grass
INFO     Sampling battle 15
INFO     	         lunala shadowshield    leftovers [calmmind, moongeistbeam, moonlight, psyshock] ttype=fairy
INFO     Sampling 5 unrevealed pokemon
INFO     	      bellossom  chlorophyll    leftovers [gigadrain, moonblast, quiverdance, strengthsap] ttype=fairy
INFO     	       porygon2     download     eviolite [discharge, icebeam, recover, triattack] ttype=ghost
INFO     	   crabominable     ironfist  assaultvest [drainpunch, earthquake, icehammer, knockoff] ttype=fighting
INFO     	     arceusrock    multitype   stoneplate [calmmind, earthpower, judgment, recover] ttype=ground
INFO     	       meganium     overgrow    leftovers [energyball, knockoff, leechseed, synthesis] ttype=poison
INFO     Searching for a move using MCTS...
INFO     Sampling 16 battles at 500ms each
INFO     Choice: substitute
INFO     Updated lunala's min speed to 131
INFO     lunala already has the move moonlight. Decrementing the PP by 1
INFO     lunala used two different moves - it cannot have a choice item
INFO     lunala used a status-move. Adding `assaultvest` to impossible items
INFO     Setting lunala's last used move: moonlight
INFO     arboliva already has the move substitute. Decrementing the PP by 1
INFO     arboliva using substitute makes it unlikely to have a choice item. Setting can_have_choice_item to False
INFO     arboliva used a status-move. Adding `assaultvest` to impossible items
INFO     Setting arboliva's last used move: substitute
INFO     lunala has less than maxhp during upkeep, no longer guessing leftovers or blacksludge
INFO     
INFO     Turn: 36
INFO     loaded 7 player and 0 effective opponent priors
INFO     Sampling battle 0
INFO     	         lunala shadowshield    leftovers [calmmind, moongeistbeam, moonlight, psyshock] ttype=fairy
INFO     Sampling 5 unrevealed pokemon
INFO     	       alcremie    aromaveil    leftovers [alluringvoice, calmmind, psyshock, recover] ttype=steel
INFO     	      glastrier chillingneigh heavydutyboots [closecombat, heavyslam, iciclecrash, swordsdance] ttype=steel
INFO     	     ironbundle   quarkdrive  choicespecs [flipturn, freezedry, hydropump, icebeam] ttype=ice
INFO     	       clefable   magicguard      lifeorb [calmmind, fireblast, moonblast, moonlight] ttype=steel
INFO     	        noctowl   tintedlens heavydutyboots [hurricane, hypervoice, nastyplot, roost] ttype=normal
INFO     Sampling battle 1
INFO     	         lunala shadowshield    leftovers [calmmind, moongeistbeam, moonlight, psyshock] ttype=fairy
INFO     Sampling 5 unrevealed pokemon
INFO     	    basculegion adaptability  assaultvest [aquajet, flipturn, shadowball, wavecrash] ttype=water
INFO     	      honchkrow        moxie heavydutyboots [bravebird, heatwave, suckerpunch, uturn] ttype=dark
INFO     	         mewtwo      unnerve      lifeorb [aurasphere, fireblast, nastyplot, psystrike] ttype=psychic
INFO     	         dialga     pressure  assaultvest [dracometeor, dragontail, fireblast, heavyslam] ttype=flying
INFO     	      regidrago   dragonsmaw  choicescarf [dracometeor, dragonenergy, earthquake, outrage] ttype=dragon
INFO     Sampling battle 2
INFO     	         lunala shadowshield    leftovers [calmmind, moongeistbeam, moonlight, psyshock] ttype=fairy
INFO     Sampling 5 unrevealed pokemon
INFO     	    arceussteel    multitype    ironplate [calmmind, earthpower, judgment, recover] ttype=ghost
INFO     	       giratina     pressure    leftovers [dragontail, rest, shadowball, sleeptalk] ttype=fairy
INFO     	       salazzle    corrosion    leftovers [flamethrower, protect, substitute, toxic] ttype=flying
INFO     	        urshifu   unseenfist      lifeorb [closecombat, suckerpunch, swordsdance, wickedblow] ttype=fighting
INFO     	    ironvaliant   quarkdrive      lifeorb [calmmind, closecombat, moonblast, psychic] ttype=steel
INFO     Sampling battle 3
INFO     	         lunala shadowshield    leftovers [calmmind, moongeistbeam, moonlight, psyshock] ttype=fairy
INFO     Sampling 5 unrevealed pokemon
INFO     	        avalugg       sturdy heavydutyboots [avalanche, bodypress, rapidspin, recover] ttype=fighting
INFO     	     talonflame    galewings heavydutyboots [bravebird, flareblitz, swordsdance, terablast] ttype=ground
INFO     	    sandyshocks protosynthesis heavydutyboots [earthpower, stealthrock, thunderbolt, voltswitch] ttype=ground
INFO     	     feraligatr   sheerforce      lifeorb [crunch, dragondance, icepunch, liquidation] ttype=dragon
INFO     	       ludicolo    swiftswim  choicespecs [gigadrain, hydropump, icebeam, leafstorm] ttype=grass
INFO     Sampling battle 4
INFO     	         lunala shadowshield    leftovers [calmmind, moongeistbeam, moonlight, psyshock] ttype=fairy
INFO     Sampling 5 unrevealed pokemon
INFO     	     victreebel  chlorophyll      lifeorb [powerwhip, sleeppowder, sludgewave, suckerpunch] ttype=grass
INFO     	 decidueyehisui      scrappy    leftovers [leafblade, roost, swordsdance, triplearrows] ttype=steel
INFO     	          chiyu  beadsofruin heavydutyboots [darkpulse, fireblast, nastyplot, willowisp] ttype=dark
INFO     	        slaking       truant   choiceband [doubleedge, earthquake, gigaimpact, knockoff] ttype=ghost
INFO     	      magmortar    flamebody heavydutyboots [fireblast, focusblast, taunt, thunderbolt] ttype=electric
INFO     Sampling battle 5
INFO     	         lunala shadowshield    leftovers [calmmind, moongeistbeam, moonlight, psyshock] ttype=fairy
INFO     Sampling 5 unrevealed pokemon
INFO     	 oricoriopompom       dancer heavydutyboots [hurricane, quiverdance, revelationdance, roost] ttype=ground
INFO     	      crawdaunt adaptability      lifeorb [aquajet, crabhammer, dragondance, knockoff] ttype=water
INFO     	        scrafty     shedskin    leftovers [bulkup, drainpunch, knockoff, rest] ttype=poison
INFO     	      sandslash     sandrush    leftovers [earthquake, knockoff, rapidspin, swordsdance] ttype=dragon
INFO     	    arceuswater    multitype  splashplate [icebeam, judgment, recover, willowisp] ttype=steel
INFO     Sampling battle 6
INFO     	         lunala shadowshield    leftovers [calmmind, moongeistbeam, moonlight, psyshock] ttype=fairy
INFO     Sampling 5 unrevealed pokemon
INFO     	   brambleghast    windrider    leftovers [poltergeist, powerwhip, spikes, strengthsap] ttype=water
INFO     	   squawkabilly         guts     flameorb [bravebird, facade, protect, quickattack] ttype=normal
INFO     	        bisharp      defiant     eviolite [ironhead, suckerpunch, swordsdance, throatchop] ttype=ghost
INFO     	       qwilfish   intimidate heavydutyboots [flipturn, gunkshot, painsplit, toxicspikes] ttype=dark
INFO     	     arceusrock    multitype   stoneplate [earthquake, recover, stoneedge, swordsdance] ttype=ground
INFO     Sampling battle 7
INFO     	         lunala shadowshield    leftovers [calmmind, moongeistbeam, moonlight, psyshock] ttype=fairy
INFO     Sampling 5 unrevealed pokemon
INFO     	 ninetalesalola  snowwarning    lightclay [auroraveil, blizzard, encore, moonblast] ttype=water
INFO     	      passimian      defiant   choiceband [closecombat, gunkshot, knockoff, rockslide] ttype=fighting
INFO     	       enamorus     contrary    leftovers [playrough, substitute, superpower, taunt] ttype=fighting
INFO     	      cramorant  gulpmissile heavydutyboots [bravebird, defog, roost, surf] ttype=ground
INFO     	       medicham    purepower   choiceband [bulletpunch, closecombat, icepunch, zenheadbutt] ttype=fighting
INFO     Sampling battle 8
INFO     	         lunala shadowshield    leftovers [calmmind, moongeistbeam, moonlight, psyshock] ttype=fairy
INFO     Sampling 5 unrevealed pokemon
INFO     	       rotomfan     levitate heavydutyboots [airslash, nastyplot, thunderbolt, willowisp] ttype=electric
INFO     	        lucario    justified      lifeorb [closecombat, extremespeed, meteormash, swordsdance] ttype=normal
INFO     	         veluza    sharpness   choiceband [aquacutter, aquajet, nightslash, psychocut] ttype=dark
INFO     	      coalossal    flamebody heavydutyboots [overheat, rapidspin, stealthrock, stoneedge] ttype=ghost
INFO     	          entei   innerfocus   choiceband [extremespeed, flareblitz, sacredfire, stoneedge] ttype=fire
INFO     Sampling battle 9
INFO     	         lunala shadowshield    leftovers [calmmind, moongeistbeam, moonlight, psyshock] ttype=fairy
INFO     Sampling 5 unrevealed pokemon
INFO     	landorustherian   intimidate    leftovers [earthquake, stoneedge, taunt, uturn] ttype=ground
INFO     	      spectrier    grimneigh    leftovers [drainingkiss, nastyplot, shadowball, substitute] ttype=fairy
INFO     	     whimsicott    prankster heavydutyboots [encore, gigadrain, moonblast, uturn] ttype=steel
INFO     	          ditto     imposter  choicescarf [transform] ttype=ghost
INFO     	    fezandipiti   toxicchain    leftovers [beatup, gunkshot, moonblast, roost] ttype=dark
INFO     Sampling battle 10
INFO     	         lunala shadowshield    leftovers [calmmind, moongeistbeam, moonlight, psyshock] ttype=fairy
INFO     Sampling 5 unrevealed pokemon
INFO     	       orthworm   eartheater  chestoberry [bodypress, coil, irontail, rest] ttype=electric
INFO     	taurospaldeablaze      cudchew  sitrusberry [bulkup, closecombat, ragingbull, substitute] ttype=water
INFO     	       sceptile     overgrow      lifeorb [earthquake, leafblade, rockslide, swordsdance] ttype=rock
INFO     	        palafin   zerotohero   choiceband [closecombat, flipturn, jetpunch, wavecrash] ttype=water
INFO     	    raichualola  surgesurfer  choicespecs [alluringvoice, psychic, surf, thunderbolt] ttype=fairy
INFO     Sampling battle 11
INFO     	         lunala shadowshield    leftovers [calmmind, moongeistbeam, moonlight, psyshock] ttype=fairy
INFO     Sampling 5 unrevealed pokemon
INFO     	     scovillain  chlorophyll    leftovers [flamethrower, leechseed, protect, substitute] ttype=steel
INFO     	      hatterene  magicbounce  assaultvest [drainingkiss, mysticalfire, nuzzle, psychicnoise] ttype=fairy
INFO     	       venomoth   tintedlens heavydutyboots [bugbuzz, quiverdance, sleeppowder, sludgewave] ttype=bug
INFO     	      bellossom  chlorophyll    leftovers [gigadrain, quiverdance, sludgebomb, strengthsap] ttype=poison
INFO     	       swampert      torrent    leftovers [earthquake, flipturn, knockoff, yawn] ttype=steel
INFO     Sampling battle 12
INFO     	         lunala shadowshield    leftovers [calmmind, moongeistbeam, moonlight, psyshock] ttype=fairy
INFO     Sampling 5 unrevealed pokemon
INFO     	       gumshoos     stakeout   choiceband [doubleedge, earthquake, knockoff, uturn] ttype=normal
INFO     	       venusaur  chlorophyll    leftovers [leechseed, sleeppowder, sludgebomb, substitute] ttype=steel
INFO     	       necrozma   prismarmor    leftovers [calmmind, heatwave, moonlight, photongeyser] ttype=fairy
INFO     	       smeargle     owntempo    focussash [ceaselessedge, spore, stealthrock, stickyweb] ttype=ghost
INFO     	      sudowoodo     rockhead    leftovers [headsmash, stealthrock, suckerpunch, woodhammer] ttype=rock
INFO     Sampling battle 13
INFO     	         lunala shadowshield    leftovers [calmmind, moongeistbeam, moonlight, psyshock] ttype=fairy
INFO     Sampling 5 unrevealed pokemon
INFO     	         comfey       triage    leftovers [calmmind, drainingkiss, gigadrain, storedpower] ttype=poison
INFO     	     pincurchin electricsurge    leftovers [recover, scald, spikes, thunderbolt] ttype=water
INFO     	       rayquaza      airlock   choiceband [dragonascent, earthquake, extremespeed, uturn] ttype=normal
INFO     	       lycanroc     sandrush      lifeorb [closecombat, crunch, stealthrock, stoneedge] ttype=fighting
INFO     	        persian   technician    silkscarf [doubleedge, fakeout, knockoff, uturn] ttype=normal
INFO     Sampling battle 14
INFO     	         lunala shadowshield    leftovers [calmmind, moongeistbeam, moonlight, psyshock] ttype=fairy
INFO     Sampling 5 unrevealed pokemon
INFO     	ursalunabloodmoon     mindseye    leftovers [bloodmoon, calmmind, earthpower, moonlight] ttype=normal
INFO     	         emboar     reckless   choiceband [closecombat, flareblitz, headsmash, wildcharge] ttype=fire
INFO     	       hariyama         guts     flameorb [closecombat, facade, fakeout, knockoff] ttype=normal
INFO     	        kingdra       sniper     lumberry [dragondance, ironhead, outrage, wavecrash] ttype=steel
INFO     	       articuno     pressure heavydutyboots [bravebird, freezedry, roost, substitute] ttype=steel
INFO     Sampling battle 15
INFO     	         lunala shadowshield    leftovers [calmmind, moongeistbeam, moonlight, psyshock] ttype=fairy
INFO     Sampling 5 unrevealed pokemon
INFO     	      greattusk protosynthesis boosterenergy [bulkup, closecombat, earthquake, rapidspin] ttype=ground
INFO     	      palossand watercompaction    leftovers [earthpower, shadowball, shoreup, sludgebomb] ttype=water
INFO     	       medicham    purepower   choiceband [bulletpunch, closecombat, trick, zenheadbutt] ttype=fighting
INFO     	      cinderace       libero   choiceband [gunkshot, highjumpkick, pyroball, uturn] ttype=fire
INFO     	     pincurchin electricsurge    leftovers [curse, liquidation, recover, zingzap] ttype=grass
INFO     Searching for a move using MCTS...
INFO     Sampling 16 battles at 500ms each
INFO     Choice: hypervoice
INFO     Updated lunala's min speed to 131
INFO     lunala already has the move calmmind. Decrementing the PP by 1
INFO     lunala used two different moves - it cannot have a choice item
INFO     lunala using calmmind makes it unlikely to have a choice item. Setting can_have_choice_item to False
INFO     lunala used a status-move. Adding `assaultvest` to impossible items
INFO     Setting lunala's last used move: calmmind
INFO     lunala's special-attack was boosted by 0 to 6
INFO     lunala's special-defense was boosted by 0 to 6
INFO     arboliva already has the move hypervoice. Decrementing the PP by 1
INFO     arboliva used a normal move, removing normalgem from possible items
INFO     Setting arboliva's last used move: hypervoice
INFO     arboliva used a damaging move - not guessing lifeorb anymore
INFO     arboliva did 13.0% damage to lunala with hypervoice
INFO     Setting lunala's item to: leftovers
INFO     lunala has less than maxhp during upkeep, no longer guessing leftovers or blacksludge
INFO     
INFO     Turn: 37
INFO     loaded 7 player and 0 effective opponent priors
INFO     Sampling battle 0
INFO     	         lunala shadowshield    leftovers [calmmind, moongeistbeam, moonlight, psyshock] ttype=fairy
INFO     Sampling 5 unrevealed pokemon
INFO     	      kingambit supremeoverlord    leftovers [ironhead, kowtowcleave, suckerpunch, swordsdance] ttype=flying
INFO     	 ninetalesalola  snowwarning    lightclay [auroraveil, blizzard, moonblast, nastyplot] ttype=water
INFO     	     perrserker   toughclaws   choiceband [closecombat, ironhead, knockoff, uturn] ttype=fighting
INFO     	  slowkinggalar  regenerator  assaultvest [futuresight, psychicnoise, sludgebomb, surf] ttype=fairy
INFO     	      charizard        blaze heavydutyboots [earthquake, flamethrower, hurricane, willowisp] ttype=dragon
INFO     Sampling battle 1
INFO     	         lunala shadowshield    leftovers [calmmind, moongeistbeam, moonlight, psyshock] ttype=fairy
INFO     Sampling 5 unrevealed pokemon
INFO     	      dunsparce  serenegrace     eviolite [bodyslam, coil, earthquake, roost] ttype=ghost
INFO     	   palkiaorigin     pressure lustrousglobe [fireblast, hydropump, spacialrend, thunderwave] ttype=dragon
INFO     	          ditto     imposter  choicescarf [transform] ttype=steel
INFO     	       sceptile     overgrow      lifeorb [earthquake, gigadrain, rockslide, shedtail] ttype=steel
INFO     	        torkoal      drought heavydutyboots [lavaplume, rapidspin, solarbeam, stealthrock] ttype=grass
INFO     Sampling battle 2
INFO     	         lunala shadowshield    leftovers [calmmind, moongeistbeam, moonlight, psyshock] ttype=fairy
INFO     Sampling 5 unrevealed pokemon
INFO     	    polteageist   cursedbody    whiteherb [shadowball, shellsmash, storedpower, terablast] ttype=fighting
INFO     	       indeedee psychicsurge  choicescarf [dazzlinggleam, expandingforce, hypervoice, shadowball] ttype=psychic
INFO     	      rotomwash     levitate    leftovers [discharge, hydropump, painsplit, willowisp] ttype=steel
INFO     	      ironhands   quarkdrive    leftovers [drainpunch, icepunch, swordsdance, wildcharge] ttype=fighting
INFO     	    fezandipiti   toxicchain    leftovers [gunkshot, moonblast, roost, uturn] ttype=steel
INFO     Sampling battle 3
INFO     	         lunala shadowshield    leftovers [calmmind, moongeistbeam, moonlight, psyshock] ttype=fairy
INFO     Sampling 5 unrevealed pokemon
INFO     	        seviper  infiltrator      lifeorb [earthquake, flamethrower, glare, gunkshot] ttype=poison
INFO     	        bisharp      defiant     eviolite [ironhead, stealthrock, suckerpunch, throatchop] ttype=ghost
INFO     	        heatran    flashfire  assaultvest [earthpower, heavyslam, lavaplume, magmastorm] ttype=grass
INFO     	        golduck    cloudnine    leftovers [grassknot, hydropump, icebeam, nastyplot] ttype=water
INFO     	       appletun     thickfat    leftovers [appleacid, dragonpulse, dragontail, recover] ttype=steel
INFO     Sampling battle 4
INFO     	         lunala shadowshield    leftovers [calmmind, moongeistbeam, moonlight, psyshock] ttype=fairy
INFO     Sampling 5 unrevealed pokemon
INFO     	         golurk      noguard   choiceband [dynamicpunch, earthquake, poltergeist, stoneedge] ttype=fighting
INFO     	       oricorio       dancer heavydutyboots [hurricane, quiverdance, revelationdance, roost] ttype=ground
INFO     	      abomasnow  snowwarning    lightclay [auroraveil, blizzard, earthquake, woodhammer] ttype=ghost
INFO     	      vileplume  effectspore    leftovers [gigadrain, sleeppowder, sludgebomb, strengthsap] ttype=water
INFO     	       samurott      torrent  assaultvest [hydropump, icebeam, knockoff, sacredsword] ttype=water
INFO     Sampling battle 5
INFO     	         lunala shadowshield    leftovers [calmmind, moongeistbeam, moonlight, psyshock] ttype=fairy
INFO     Sampling 5 unrevealed pokemon
INFO     	    fluttermane protosynthesis  choicespecs [moonblast, mysticalfire, shadowball, thunderbolt] ttype=fairy
INFO     	       miraidon hadronengine  choicespecs [dracometeor, electrodrift, overheat, voltswitch] ttype=electric
INFO     	       pelipper      drizzle  choicespecs [hurricane, hydropump, uturn, weatherball] ttype=flying
INFO     	        donphan       sturdy  assaultvest [earthquake, iceshard, knockoff, rapidspin] ttype=dragon
INFO     	         tinglu vesselofruin    leftovers [earthquake, stealthrock, throatchop, whirlwind] ttype=ghost
INFO     Sampling battle 6
INFO     	         lunala shadowshield    leftovers [calmmind, moongeistbeam, moonlight, psyshock] ttype=fairy
INFO     Sampling 5 unrevealed pokemon
INFO     	taurospaldeablaze      cudchew  sitrusberry [bulkup, closecombat, ragingbull, substitute] ttype=water
INFO     	         raichu lightningrod      lifeorb [nastyplot, surf, terablast, thunderbolt] ttype=ice
INFO     	         plusle lightningrod      lifeorb [alluringvoice, grassknot, nastyplot, thunderbolt] ttype=fairy
INFO     	    dudunsparce  serenegrace    leftovers [earthquake, glare, headbutt, roost] ttype=ground
INFO     	      gardevoir        trace      lifeorb [calmmind, focusblast, moonblast, psychic] ttype=fighting
INFO     Sampling battle 7
INFO     	         lunala shadowshield    leftovers [calmmind, moongeistbeam, moonlight, psyshock] ttype=fairy
INFO     Sampling 5 unrevealed pokemon
INFO     	       ribombee   shielddust heavydutyboots [bugbuzz, moonblast, quiverdance, terablast] ttype=ground
INFO     	      duraludon   lightmetal     eviolite [bodypress, dracometeor, flashcannon, stealthrock] ttype=fighting
INFO     	      excadrill  moldbreaker  assaultvest [earthquake, ironhead, rapidspin, rockslide] ttype=grass
INFO     	      spiritomb  infiltrator    leftovers [foulplay, painsplit, poltergeist, shadowsneak] ttype=steel
INFO     	       miraidon hadronengine      lifeorb [calmmind, dracometeor, dragonpulse, electrodrift] ttype=electric
INFO     Sampling battle 8
INFO     	         lunala shadowshield    leftovers [calmmind, moongeistbeam, moonlight, psyshock] ttype=fairy
INFO     Sampling 5 unrevealed pokemon
INFO     	       ribombee   shielddust heavydutyboots [bugbuzz, moonblast, quiverdance, terablast] ttype=ground
INFO     	    walkingwake protosynthesis      lifeorb [dracometeor, flamethrower, hydrosteam, sunnyday] ttype=fire
INFO     	       grafaiai  poisontouch      lifeorb [gunkshot, knockoff, lowkick, swordsdance] ttype=dark
INFO     	          azelf     levitate      lifeorb [dazzlinggleam, fireblast, nastyplot, psychic] ttype=fire
INFO     	       jumpluff  infiltrator              [acrobatics, encore, strengthsap, uturn] ttype=steel
INFO     Sampling battle 9
INFO     	         lunala shadowshield    leftovers [calmmind, moongeistbeam, moonlight, psyshock] ttype=fairy
INFO     Sampling 5 unrevealed pokemon
INFO     	      cryogonal     levitate heavydutyboots [icebeam, rapidspin, recover, terablast] ttype=electric
INFO     	        moltres    flamebody heavydutyboots [bravebird, fireblast, roost, scorchingsands] ttype=steel
INFO     	      lilligant     owntempo      lifeorb [alluringvoice, petaldance, quiverdance, sleeppowder] ttype=grass
INFO     	      terrakion    justified      lifeorb [closecombat, earthquake, stoneedge, swordsdance] ttype=ground
INFO     	        gurdurr         guts     eviolite [defog, drainpunch, knockoff, machpunch] ttype=steel
INFO     Sampling battle 10
INFO     	         lunala shadowshield    leftovers [calmmind, moongeistbeam, moonlight, psyshock] ttype=fairy
INFO     Sampling 5 unrevealed pokemon
INFO     	     pincurchin electricsurge    leftovers [curse, liquidation, recover, zingzap] ttype=grass
INFO     	       alcremie    aromaveil    leftovers [alluringvoice, calmmind, psyshock, recover] ttype=steel
INFO     	      serperior     contrary      lifeorb [dragonpulse, glare, leafstorm, synthesis] ttype=grass
INFO     	squawkabillyblue         guts     flameorb [bravebird, facade, protect, quickattack] ttype=normal
INFO     	         tinglu vesselofruin    leftovers [earthquake, heavyslam, payback, stealthrock] ttype=poison
INFO     Sampling battle 11
INFO     	         lunala shadowshield    leftovers [calmmind, moongeistbeam, moonlight, psyshock] ttype=fairy
INFO     Sampling 5 unrevealed pokemon
INFO     	      glastrier chillingneigh   choiceband [closecombat, heavyslam, highhorsepower, iciclecrash] ttype=ground
INFO     	      bellossom  chlorophyll    leftovers [gigadrain, quiverdance, sludgebomb, strengthsap] ttype=poison
INFO     	       swampert      torrent    leftovers [earthquake, flipturn, stealthrock, yawn] ttype=steel
INFO     	       hawlucha     unburden    whiteherb [bravebird, closecombat, swordsdance, throatchop] ttype=fighting
INFO     	typhlosionhisui        blaze heavydutyboots [calmmind, fireblast, focusblast, shadowball] ttype=fighting
INFO     Sampling battle 12
INFO     	         lunala shadowshield    leftovers [calmmind, moongeistbeam, moonlight, psyshock] ttype=fairy
INFO     Sampling 5 unrevealed pokemon
INFO     	         rabsca  synchronize heavydutyboots [bugbuzz, psychic, revivalblessing, trickroom] ttype=steel
INFO     	       garchomp    roughskin   loadeddice [earthquake, firefang, scaleshot, swordsdance] ttype=ground
INFO     	    gougingfire protosynthesis heavydutyboots [dragondance, earthquake, heatcrash, outrage] ttype=ground
INFO     	    fluttermane protosynthesis      lifeorb [calmmind, moonblast, psyshock, shadowball] ttype=fairy
INFO     	       illumise    prankster heavydutyboots [bugbuzz, encore, roost, thunderwave] ttype=steel
INFO     Sampling battle 13
INFO     	         lunala shadowshield    leftovers [calmmind, moongeistbeam, moonlight, psyshock] ttype=fairy
INFO     Sampling 5 unrevealed pokemon
INFO     	     typhlosion    flashfire  choicescarf [eruption, fireblast, focusblast, scorchingsands] ttype=fire
INFO     	         gogoat    sapsipper    leftovers [bulkup, earthquake, hornleech, milkdrink] ttype=water
INFO     	         rabsca  synchronize heavydutyboots [bugbuzz, psychic, recover, revivalblessing] ttype=steel
INFO     	      honchkrow        moxie heavydutyboots [bravebird, lashout, suckerpunch, thunderwave] ttype=flying
INFO     	         gengar   cursedbody      lifeorb [focusblast, nastyplot, shadowball, sludgewave] ttype=dark
INFO     Sampling battle 14
INFO     	         lunala shadowshield    leftovers [calmmind, moongeistbeam, moonlight, psyshock] ttype=fairy
INFO     Sampling 5 unrevealed pokemon
INFO     	     irontreads   quarkdrive    leftovers [earthquake, ironhead, stealthrock, voltswitch] ttype=ghost
INFO     	        flamigo      scrappy      lifeorb [bravebird, closecombat, roost, swordsdance] ttype=steel
INFO     	      salamence        moxie heavydutyboots [dragondance, dualwingbeat, outrage, roost] ttype=dragon
INFO     	     annihilape      defiant    leftovers [bulkup, drainpunch, ragefist, taunt] ttype=water
INFO     	      vileplume  effectspore    leftovers [gigadrain, leechseed, sludgebomb, strengthsap] ttype=water
INFO     Sampling battle 15
INFO     	         lunala shadowshield    leftovers [calmmind, moongeistbeam, moonlight, psyshock] ttype=fairy
INFO     Sampling 5 unrevealed pokemon
INFO     	          lokix   tintedlens silverpowder [firstimpression, knockoff, suckerpunch, uturn] ttype=bug
INFO     	            muk  poisontouch   choiceband [drainpunch, knockoff, poisonjab, shadowsneak] ttype=dark
INFO     	    ironvaliant   quarkdrive      lifeorb [closecombat, encore, knockoff, moonblast] ttype=fairy
INFO     	         scizor   technician      lifeorb [bugbite, bulletpunch, closecombat, swordsdance] ttype=steel
INFO     	        suicune     pressure    leftovers [calmmind, protect, scald, substitute] ttype=steel
INFO     Searching for a move using MCTS...
INFO     Sampling 16 battles at 500ms each
INFO     Choice: hypervoice
INFO     Updated lunala's min speed to 131
INFO     lunala already has the move calmmind. Decrementing the PP by 1
INFO     lunala using calmmind makes it unlikely to have a choice item. Setting can_have_choice_item to False
INFO     lunala used a status-move. Adding `assaultvest` to impossible items
INFO     Setting lunala's last used move: calmmind
INFO     lunala's special-attack was boosted by 0 to 6
INFO     lunala's special-defense was boosted by 0 to 6
INFO     arboliva already has the move hypervoice. Decrementing the PP by 1
INFO     arboliva used a normal move, removing normalgem from possible items
INFO     Setting arboliva's last used move: hypervoice
INFO     arboliva used a damaging move - not guessing lifeorb anymore
INFO     arboliva did 10.0% damage to lunala with hypervoice
INFO     Setting lunala's item to: leftovers
INFO     lunala has less than maxhp during upkeep, no longer guessing leftovers or blacksludge
INFO     
INFO     Turn: 38
INFO     loaded 7 player and 0 effective opponent priors
INFO     Sampling battle 0
INFO     	         lunala shadowshield    leftovers [calmmind, moongeistbeam, moonlight, psyshock] ttype=fairy
INFO     Sampling 5 unrevealed pokemon
INFO     	       salazzle    corrosion    leftovers [flamethrower, protect, substitute, toxic] ttype=flying
INFO     	      honchkrow        moxie heavydutyboots [bravebird, heatwave, suckerpunch, uturn] ttype=flying
INFO     	       mienshao  regenerator  assaultvest [closecombat, fakeout, knockoff, uturn] ttype=steel
INFO     	       magearna    soulheart weaknesspolicy [fleurcannon, ironhead, shiftgear, terablast] ttype=ground
INFO     	    fezandipiti   toxicchain    leftovers [gunkshot, playrough, swordsdance, terablast] ttype=ground
INFO     Sampling battle 1
INFO     	         lunala shadowshield    leftovers [calmmind, moongeistbeam, moonlight, psyshock] ttype=fairy
INFO     Sampling 5 unrevealed pokemon
INFO     	      primarina      torrent    leftovers [calmmind, drainingkiss, psychic, sparklingaria] ttype=steel
INFO     	    fluttermane protosynthesis  choicespecs [moonblast, mysticalfire, psyshock, shadowball] ttype=fairy
INFO     	      gastrodon   stormdrain    leftovers [earthquake, icebeam, recover, surf] ttype=steel
INFO     	       hawlucha     unburden    whiteherb [bravebird, closecombat, encore, swordsdance] ttype=flying
INFO     	taurospaldeablaze   intimidate   choiceband [closecombat, flareblitz, stoneedge, wildcharge] ttype=fighting
INFO     Sampling battle 2
INFO     	         lunala shadowshield    leftovers [calmmind, moongeistbeam, moonlight, psyshock] ttype=fairy
INFO     Sampling 5 unrevealed pokemon
INFO     	      greattusk protosynthesis  assaultvest [closecombat, headlongrush, icespinner, rapidspin] ttype=ground
INFO     	       porygon2     download     eviolite [recover, shadowball, terablast, thunderwave] ttype=fighting
INFO     	       blaziken   speedboost      lifeorb [closecombat, flareblitz, stoneedge, swordsdance] ttype=fighting
INFO     	      vespiquen     pressure heavydutyboots [hurricane, roost, toxic, uturn] ttype=steel
INFO     	      armarouge    weakarmor    powerherb [armorcannon, energyball, meteorbeam, psyshock] ttype=fire
INFO     Sampling battle 3
INFO     	         lunala shadowshield    leftovers [calmmind, moongeistbeam, moonlight, psyshock] ttype=fairy
INFO     Sampling 5 unrevealed pokemon
INFO     	      vespiquen     pressure heavydutyboots [hurricane, roost, spikes, toxicspikes] ttype=steel
INFO     	     chesnaught  bulletproof    leftovers [bodypress, irondefense, synthesis, trailblaze] ttype=steel
INFO     	      registeel    clearbody  chestoberry [bodypress, irondefense, ironhead, rest] ttype=fighting
INFO     	        noctowl   tintedlens heavydutyboots [hurricane, hypervoice, nastyplot, roost] ttype=ground
INFO     	       ampharos       static  assaultvest [dazzlinggleam, discharge, dragontail, voltswitch] ttype=fairy
INFO     Sampling battle 4
INFO     	         lunala shadowshield    leftovers [calmmind, moongeistbeam, moonlight, psyshock] ttype=fairy
INFO     Sampling 5 unrevealed pokemon
INFO     	   basculegionf adaptability  assaultvest [flipturn, hydropump, shadowball, wavecrash] ttype=water
INFO     	          chiyu  beadsofruin heavydutyboots [darkpulse, fireblast, nastyplot, willowisp] ttype=fire
INFO     	     bombirdier rockypayload  choicescarf [bravebird, knockoff, stoneedge, uturn] ttype=rock
INFO     	       lurantis     contrary    leftovers [knockoff, leafstorm, superpower, synthesis] ttype=fighting
INFO     	ogerponcornerstone       sturdy cornerstonemask [encore, ivycudgel, powerwhip, synthesis] ttype=rock
INFO     Sampling battle 5
INFO     	         lunala shadowshield    leftovers [calmmind, moongeistbeam, moonlight, psyshock] ttype=fairy
INFO     Sampling 5 unrevealed pokemon
INFO     	  articunogalar  competitive heavydutyboots [calmmind, freezingglare, hurricane, recover] ttype=steel
INFO     	       basculin adaptability   choiceband [aquajet, doubleedge, flipturn, wavecrash] ttype=water
INFO     	      piloswine     thickfat     eviolite [earthquake, iciclecrash, roar, stealthrock] ttype=dragon
INFO     	      infernape        blaze      lifeorb [closecombat, grassknot, knockoff, overheat] ttype=dark
INFO     	      pachirisu   voltabsorb heavydutyboots [discharge, encore, superfang, uturn] ttype=flying
INFO     Sampling battle 6
INFO     	         lunala shadowshield    leftovers [calmmind, moongeistbeam, moonlight, psyshock] ttype=fairy
INFO     Sampling 5 unrevealed pokemon
INFO     	        tropius      harvest  sitrusberry [dragondance, dualwingbeat, earthquake, leafblade] ttype=ground
INFO     	        volbeat    prankster heavydutyboots [encore, lunge, roost, thunderwave] ttype=steel
INFO     	        mimikyu     disguise      lifeorb [drainpunch, playrough, shadowsneak, swordsdance] ttype=fairy
INFO     	         espeon  magicbounce      lifeorb [alluringvoice, morningsun, psyshock, shadowball] ttype=psychic
INFO     	         eiscue      iceface  sitrusberry [bellydrum, icespinner, liquidation, zenheadbutt] ttype=water
INFO     Sampling battle 7
INFO     	         lunala shadowshield    leftovers [calmmind, moongeistbeam, moonlight, psyshock] ttype=fairy
INFO     Sampling 5 unrevealed pokemon
INFO     	      gholdengo   goodasgold    leftovers [makeitrain, recover, shadowball, thunderwave] ttype=steel
INFO     	       sceptile     overgrow      lifeorb [focusblast, leafstorm, rockslide, shedtail] ttype=steel
INFO     	         tinglu vesselofruin  assaultvest [earthquake, heavyslam, payback, ruination] ttype=steel
INFO     	      hydreigon     levitate  choicespecs [darkpulse, dracometeor, flashcannon, uturn] ttype=dragon
INFO     	          ditto     imposter  choicescarf [transform] ttype=steel
INFO     Sampling battle 8
INFO     	         lunala shadowshield    leftovers [calmmind, moongeistbeam, moonlight, psyshock] ttype=fairy
INFO     Sampling 5 unrevealed pokemon
INFO     	      exeggutor      harvest  sitrusberry [leechseed, protect, psychicnoise, substitute] ttype=steel
INFO     	        donphan       sturdy  assaultvest [earthquake, icespinner, knockoff, rapidspin] ttype=steel
INFO     	    arceuswater    multitype  splashplate [icebeam, judgment, recover, willowisp] ttype=steel
INFO     	landorustherian   intimidate    leftovers [earthquake, stealthrock, taunt, uturn] ttype=water
INFO     	       cobalion    justified    leftovers [aurasphere, calmmind, flashcannon, vacuumwave] ttype=fighting
INFO     Sampling battle 9
INFO     	         lunala shadowshield    leftovers [calmmind, moongeistbeam, moonlight, psyshock] ttype=fairy
INFO     Sampling 5 unrevealed pokemon
INFO     	         klefki    prankster    leftovers [magnetrise, playrough, spikes, thunderwave] ttype=water
INFO     	  deoxysdefense     pressure  rockyhelmet [psychicnoise, recover, spikes, teleport] ttype=fairy
INFO     	      arceusice    multitype  icicleplate [calmmind, earthpower, judgment, recover] ttype=ground
INFO     	      ninetales      drought heavydutyboots [fireblast, nastyplot, scorchingsands, solarbeam] ttype=fire
INFO     	      mightyena   intimidate  assaultvest [playrough, poisonfang, superfang, throatchop] ttype=poison
INFO     Sampling battle 10
INFO     	         lunala shadowshield    leftovers [calmmind, moongeistbeam, moonlight, psyshock] ttype=fairy
INFO     Sampling 5 unrevealed pokemon
INFO     	         kyogre      drizzle  choicescarf [icebeam, originpulse, thunder, waterspout] ttype=water
INFO     	       bronzong     levitate    leftovers [earthquake, hypnosis, ironhead, psychic] ttype=water
INFO     	      gholdengo   goodasgold    leftovers [makeitrain, nastyplot, recover, shadowball] ttype=water
INFO     	         dodrio    earlybird   choiceband [bravebird, doubleedge, drillrun, knockoff] ttype=ground
INFO     	        drednaw    strongjaw    whiteherb [crunch, liquidation, shellsmash, stoneedge] ttype=dark
INFO     Sampling battle 11
INFO     	         lunala shadowshield    leftovers [calmmind, moongeistbeam, moonlight, psyshock] ttype=fairy
INFO     Sampling 5 unrevealed pokemon
INFO     	         plusle lightningrod      lifeorb [encore, grassknot, nastyplot, thunderbolt] ttype=grass
INFO     	         raikou     pressure  choicespecs [scald, shadowball, thunderbolt, voltswitch] ttype=water
INFO     	         latias     levitate      souldew [calmmind, dracometeor, psyshock, recover] ttype=steel
INFO     	       ursaluna         guts     flameorb [facade, headlongrush, throatchop, trailblaze] ttype=normal
INFO     	taurospaldeacombat   intimidate   choiceband [closecombat, earthquake, ironhead, throatchop] ttype=fighting
INFO     Sampling battle 12
INFO     	         lunala shadowshield    leftovers [calmmind, moongeistbeam, moonlight, psyshock] ttype=fairy
INFO     Sampling 5 unrevealed pokemon
INFO     	         swalot   liquidooze    leftovers [earthquake, encore, knockoff, sludgebomb] ttype=dark
INFO     	       qwilfish   intimidate heavydutyboots [flipturn, gunkshot, painsplit, thunderwave] ttype=dark
INFO     	      infernape        blaze      lifeorb [closecombat, machpunch, overheat, stoneedge] ttype=fire
INFO     	        milotic  competitive    leftovers [haze, icebeam, recover, scald] ttype=steel
INFO     	    arceusghost    multitype  spookyplate [calmmind, focusblast, judgment, recover] ttype=fighting
INFO     Sampling battle 13
INFO     	         lunala shadowshield    leftovers [calmmind, moongeistbeam, moonlight, psyshock] ttype=fairy
INFO     Sampling 5 unrevealed pokemon
INFO     	     annihilape      defiant    leftovers [bulkup, drainpunch, gunkshot, ragefist] ttype=steel
INFO     	       chimecho     levitate    leftovers [calmmind, dazzlinggleam, psyshock, recover] ttype=electric
INFO     	lycanrocmidnight      noguard      lifeorb [closecombat, playrough, stoneedge, swordsdance] ttype=fighting
INFO     	       arcanine   intimidate heavydutyboots [extremespeed, flareblitz, morningsun, willowisp] ttype=normal
INFO     	     mabosstiff     stakeout   choiceband [crunch, playrough, psychicfangs, wildcharge] ttype=fairy
INFO     Sampling battle 14
INFO     	         lunala shadowshield    leftovers [calmmind, moongeistbeam, moonlight, psyshock] ttype=fairy
INFO     Sampling 5 unrevealed pokemon
INFO     	         lapras  waterabsorb  choicespecs [freezedry, hydropump, icebeam, sparklingaria] ttype=ice
INFO     	        toxapex  regenerator  rockyhelmet [haze, liquidation, recover, toxic] ttype=fairy
INFO     	      meowsticf  competitive      lifeorb [alluringvoice, darkpulse, nastyplot, psychic] ttype=dark
INFO     	     arceusfire    multitype   flameplate [dragondance, earthquake, flareblitz, recover] ttype=fire
INFO     	         kyurem     pressure heavydutyboots [dracometeor, earthpower, freezedry, outrage] ttype=ground
INFO     Sampling battle 15
INFO     	         lunala shadowshield    leftovers [calmmind, moongeistbeam, moonlight, psyshock] ttype=fairy
INFO     Sampling 5 unrevealed pokemon
INFO     	     skeledirge      unaware heavydutyboots [hex, slackoff, torchsong, willowisp] ttype=fairy
INFO     	      regigigas    slowstart    leftovers [bodyslam, knockoff, protect, substitute] ttype=poison
INFO     	         veluza    sharpness  choicescarf [aquacutter, flipturn, nightslash, psychocut] ttype=dark
INFO     	       skarmory       sturdy  rockyhelmet [bodypress, bravebird, roost, spikes] ttype=dragon
INFO     	      infernape        blaze      lifeorb [closecombat, grassknot, overheat, stoneedge] ttype=fire
INFO     Searching for a move using MCTS...
INFO     Sampling 16 battles at 500ms each
INFO     Choice: hypervoice
INFO     Opponent has switched - clearing the last used move
INFO     golemalola switched in, adding intimidate to impossible abilities
INFO     golemalola switched in, adding pressure to impossible abilities
INFO     golemalola switched in, adding neutralizinggas to impossible abilities
INFO     golemalola switched in, adding sandstream to impossible abilities
INFO     golemalola switched in, adding drought to impossible abilities
INFO     golemalola switched in, adding drizzle to impossible abilities
INFO     golemalola switched in, adding snowwarning to impossible abilities
INFO     golemalola switched in, adding boosterenergy to impossible items
INFO     golemalola switched in, adding airballoon to impossible items
INFO     arboliva already has the move hypervoice. Decrementing the PP by 1
INFO     arboliva used a normal move, removing normalgem from possible items
INFO     Setting arboliva's last used move: hypervoice
INFO     arboliva used a damaging move - not guessing lifeorb anymore
INFO     arboliva did 23.0% damage to golemalola with hypervoice
INFO     golemalola has less than maxhp during upkeep, no longer guessing leftovers or blacksludge
INFO     
INFO     Turn: 39
INFO     loaded 7 player and 0 effective opponent priors
INFO     Sampling battle 0
INFO     	     golemalola    galvanize   choiceband [doubleedge, earthquake, explosion, stoneedge] ttype=electric
INFO     	         lunala shadowshield    leftovers [calmmind, moongeistbeam, moonlight, psyshock] ttype=fairy
INFO     Sampling 4 unrevealed pokemon
INFO     	        carbink    clearbody  chestoberry [bodypress, irondefense, moonblast, rest] ttype=fighting
INFO     	    fluttermane protosynthesis      lifeorb [calmmind, moonblast, mysticalfire, shadowball] ttype=fire
INFO     	         kyogre      drizzle  choicescarf [icebeam, originpulse, thunder, waterspout] ttype=water
INFO     	     talonflame    flamebody heavydutyboots [bravebird, overheat, roost, willowisp] ttype=dragon
INFO     Sampling battle 1
INFO     	     golemalola    galvanize      lifeorb [doubleedge, earthquake, rockpolish, stoneedge] ttype=grass
INFO     	         lunala shadowshield    leftovers [calmmind, moongeistbeam, moonlight, psyshock] ttype=fairy
INFO     Sampling 4 unrevealed pokemon
INFO     	       garchomp    roughskin   loadeddice [earthquake, firefang, scaleshot, swordsdance] ttype=ground
INFO     	    corviknight     pressure    leftovers [bravebird, defog, roost, uturn] ttype=dragon
INFO     	         emboar     reckless  assaultvest [closecombat, flareblitz, knockoff, scald] ttype=water
INFO     	       clefable      unaware    leftovers [calmmind, fireblast, moonblast, moonlight] ttype=steel
INFO     Sampling battle 2
INFO     	     golemalola    galvanize   choiceband [doubleedge, earthquake, explosion, stoneedge] ttype=grass
INFO     	         lunala shadowshield    leftovers [calmmind, moongeistbeam, moonlight, psyshock] ttype=fairy
INFO     Sampling 4 unrevealed pokemon
INFO     	     shayminsky  serenegrace heavydutyboots [airslash, earthpower, seedflare, synthesis] ttype=water
INFO     	    ironboulder   quarkdrive      lifeorb [closecombat, mightycleave, swordsdance, zenheadbutt] ttype=fighting
INFO     	      excadrill  moldbreaker  assaultvest [earthquake, ironhead, rapidspin, rockslide] ttype=grass
INFO     	          ditto     imposter  choicescarf [transform] ttype=ghost
INFO     Sampling battle 3
INFO     	     golemalola    galvanize   choiceband [doubleedge, earthquake, explosion, stoneedge] ttype=electric
INFO     	         lunala shadowshield    leftovers [calmmind, moongeistbeam, moonlight, psyshock] ttype=fairy
INFO     Sampling 4 unrevealed pokemon
INFO     	        milotic  competitive    leftovers [haze, icebeam, recover, scald] ttype=dragon
INFO     	     bombirdier rockypayload   choiceband [bravebird, knockoff, stoneedge, suckerpunch] ttype=rock
INFO     	       dusknoir        frisk    leftovers [focuspunch, painsplit, poltergeist, substitute] ttype=fighting
INFO     	        palafin   zerotohero   choiceband [closecombat, flipturn, jetpunch, wavecrash] ttype=fighting
INFO     Sampling battle 4
INFO     	     golemalola    galvanize   choiceband [doubleedge, earthquake, explosion, stoneedge] ttype=grass
INFO     	         lunala shadowshield    leftovers [calmmind, moongeistbeam, moonlight, psyshock] ttype=fairy
INFO     Sampling 4 unrevealed pokemon
INFO     	       alcremie    aromaveil    leftovers [alluringvoice, calmmind, recover, terablast] ttype=ground
INFO     	       rotomfan     levitate heavydutyboots [airslash, nastyplot, thunderbolt, thunderwave] ttype=electric
INFO     	       clefable   magicguard      lifeorb [calmmind, fireblast, moonblast, moonlight] ttype=fire
INFO     	        delphox        blaze heavydutyboots [fireblast, focusblast, nastyplot, psyshock] ttype=fighting
INFO     Sampling battle 5
INFO     	     golemalola    galvanize      lifeorb [doubleedge, earthquake, rockpolish, stoneedge] ttype=grass
INFO     	         lunala shadowshield    leftovers [calmmind, moongeistbeam, moonlight, psyshock] ttype=fairy
INFO     Sampling 4 unrevealed pokemon
INFO     	       chimecho     levitate    leftovers [healbell, knockoff, psychicnoise, recover] ttype=dark
INFO     	     victreebel  chlorophyll      lifeorb [powerwhip, sludgewave, sunnyday, weatherball] ttype=fire
INFO     	      blastoise      torrent    whiteherb [earthquake, hydropump, icebeam, shellsmash] ttype=water
INFO     	       garchomp    roughskin   loadeddice [earthquake, ironhead, scaleshot, swordsdance] ttype=steel
INFO     Sampling battle 6
INFO     	     golemalola    galvanize   choiceband [doubleedge, earthquake, explosion, stoneedge] ttype=electric
INFO     	         lunala shadowshield    leftovers [calmmind, moongeistbeam, moonlight, psyshock] ttype=fairy
INFO     Sampling 4 unrevealed pokemon
INFO     	      indeedeef psychicsurge  choicespecs [dazzlinggleam, hypervoice, psyshock, shadowball] ttype=fairy
INFO     	 giratinaorigin     levitate griseouscore [defog, dracometeor, poltergeist, shadowsneak] ttype=ghost
INFO     	taurospaldeacombat   intimidate   choiceband [closecombat, earthquake, ironhead, throatchop] ttype=steel
INFO     	            muk  poisontouch  assaultvest [drainpunch, gunkshot, knockoff, shadowsneak] ttype=dark
INFO     Sampling battle 7
INFO     	     golemalola    galvanize      lifeorb [doubleedge, earthquake, rockpolish, stoneedge] ttype=flying
INFO     	         lunala shadowshield    leftovers [calmmind, moongeistbeam, moonlight, psyshock] ttype=fairy
INFO     Sampling 4 unrevealed pokemon
INFO     	        shiftry    windrider heavydutyboots [defog, knockoff, leafstorm, willowisp] ttype=poison
INFO     	    arceussteel    multitype    ironplate [earthquake, judgment, recover, willowisp] ttype=ghost
INFO     	       virizion    justified      lifeorb [closecombat, leafblade, stoneedge, swordsdance] ttype=rock
INFO     	  slowkinggalar  regenerator  assaultvest [fireblast, futuresight, psychicnoise, sludgebomb] ttype=dark
INFO     Sampling battle 8
INFO     	     golemalola    galvanize      lifeorb [doubleedge, earthquake, rockpolish, stoneedge] ttype=flying
INFO     	         lunala shadowshield    leftovers [calmmind, moongeistbeam, moonlight, psyshock] ttype=fairy
INFO     Sampling 4 unrevealed pokemon
INFO     	          rotom     levitate      lifeorb [shadowball, thunderbolt, voltswitch, willowisp] ttype=electric
INFO     	        zoroark     illusion  choicespecs [darkpulse, psychic, sludgebomb, trick] ttype=poison
INFO     	    walkingwake protosynthesis  choicespecs [dracometeor, flamethrower, flipturn, hydropump] ttype=fire
INFO     	       tinkaton  moldbreaker    leftovers [gigatonhammer, playrough, protect, swordsdance] ttype=steel
INFO     Sampling battle 9
INFO     	     golemalola    galvanize   choiceband [doubleedge, earthquake, explosion, stoneedge] ttype=ground
INFO     	         lunala shadowshield    leftovers [calmmind, moongeistbeam, moonlight, psyshock] ttype=fairy
INFO     Sampling 4 unrevealed pokemon
INFO     	   zoroarkhisui     illusion      lifeorb [focusblast, hypervoice, poltergeist, willowisp] ttype=fighting
INFO     	    arceusfairy    multitype   pixieplate [calmmind, earthpower, judgment, recover] ttype=steel
INFO     	     mabosstiff     stakeout  choicescarf [crunch, playrough, psychicfangs, wildcharge] ttype=fairy
INFO     	      regidrago   dragonsmaw      lifeorb [dragonclaw, dragondance, earthquake, terablast] ttype=steel
INFO     Sampling battle 10
INFO     	     golemalola    galvanize   choiceband [doubleedge, earthquake, explosion, stoneedge] ttype=grass
INFO     	         lunala shadowshield    leftovers [calmmind, moongeistbeam, moonlight, psyshock] ttype=fairy
INFO     Sampling 4 unrevealed pokemon
INFO     	       inteleon      torrent  choicespecs [hydropump, icebeam, scald, uturn] ttype=water
INFO     	         phione    hydration    leftovers [rest, scald, sleeptalk, takeheart] ttype=steel
INFO     	       medicham    purepower   choiceband [bulletpunch, closecombat, icepunch, zenheadbutt] ttype=fighting
INFO     	        volbeat    prankster heavydutyboots [encore, lunge, roost, thunderwave] ttype=water
INFO     Sampling battle 11
INFO     	     golemalola    galvanize      lifeorb [doubleedge, earthquake, rockpolish, stoneedge] ttype=grass
INFO     	         lunala shadowshield    leftovers [calmmind, moongeistbeam, moonlight, psyshock] ttype=fairy
INFO     Sampling 4 unrevealed pokemon
INFO     	      volcanion  waterabsorb heavydutyboots [earthpower, flamethrower, haze, steameruption] ttype=ground
INFO     	    slitherwing protosynthesis      lifeorb [closecombat, earthquake, firstimpression, flareblitz] ttype=bug
INFO     	       regirock    clearbody  chestoberry [bodypress, irondefense, rest, stoneedge] ttype=fighting
INFO     	     whimsicott    prankster    leftovers [encore, leechseed, moonblast, substitute] ttype=steel
INFO     Sampling battle 12
INFO     	     golemalola    galvanize   choiceband [doubleedge, earthquake, explosion, stoneedge] ttype=grass
INFO     	         lunala shadowshield    leftovers [calmmind, moongeistbeam, moonlight, psyshock] ttype=fairy
INFO     Sampling 4 unrevealed pokemon
INFO     	       torterra     overgrow   loadeddice [bulletseed, headlongrush, rockblast, shellsmash] ttype=ground
INFO     	         gogoat    sapsipper    leftovers [bulkup, hornleech, milkdrink, rockslide] ttype=water
INFO     	       tinkaton  moldbreaker    leftovers [gigatonhammer, knockoff, playrough, swordsdance] ttype=steel
INFO     	       basculin adaptability   choiceband [aquajet, doubleedge, flipturn, wavecrash] ttype=water
INFO     Sampling battle 13
INFO     	     golemalola    galvanize   choiceband [doubleedge, earthquake, explosion, stoneedge] ttype=ground
INFO     	         lunala shadowshield    leftovers [calmmind, moongeistbeam, moonlight, psyshock] ttype=fairy
INFO     Sampling 4 unrevealed pokemon
INFO     	        volbeat    prankster heavydutyboots [encore, lunge, roost, thunderwave] ttype=steel
INFO     	       regirock    clearbody  chestoberry [bodypress, curse, rest, stoneedge] ttype=fighting
INFO     	   crabominable     ironfist   choiceband [closecombat, earthquake, gunkshot, icehammer] ttype=ground
INFO     	        ogerpon      defiant      lifeorb [ivycudgel, knockoff, superpower, swordsdance] ttype=grass
INFO     Sampling battle 14
INFO     	     golemalola    galvanize      lifeorb [doubleedge, earthquake, rockpolish, stoneedge] ttype=flying
INFO     	         lunala shadowshield    leftovers [calmmind, moongeistbeam, moonlight, psyshock] ttype=fairy
INFO     Sampling 4 unrevealed pokemon
INFO     	      rillaboom  grassysurge   choiceband [grassyglide, knockoff, uturn, woodhammer] ttype=grass
INFO     	      decidueye     overgrow      lifeorb [leafblade, poltergeist, shadowsneak, swordsdance] ttype=ghost
INFO     	      terrakion    justified      lifeorb [closecombat, earthquake, stoneedge, swordsdance] ttype=fighting
INFO     	   moltresgalar      berserk  chestoberry [fierywrath, hurricane, nastyplot, rest] ttype=dark
INFO     Sampling battle 15
INFO     	     golemalola    galvanize   choiceband [doubleedge, earthquake, explosion, stoneedge] ttype=ground
INFO     	         lunala shadowshield    leftovers [calmmind, moongeistbeam, moonlight, psyshock] ttype=fairy
INFO     Sampling 4 unrevealed pokemon
INFO     	      arceusice    multitype  icicleplate [calmmind, judgment, recover, thunderbolt] ttype=electric
INFO     	      hitmonlee     unburden    whiteherb [closecombat, knockoff, poisonjab, swordsdance] ttype=dark
INFO     	         phione    hydration    leftovers [grassknot, icebeam, scald, takeheart] ttype=steel
INFO     	   weezinggalar     levitate    leftovers [defog, gunkshot, strangesteam, willowisp] ttype=steel
INFO     Sampling battle 16
INFO     	     golemalola    galvanize   choiceband [doubleedge, earthquake, explosion, stoneedge] ttype=electric
INFO     	         lunala shadowshield    leftovers [calmmind, moongeistbeam, moonlight, psyshock] ttype=fairy
INFO     Sampling 4 unrevealed pokemon
INFO     	      hydrapple  regenerator  choicespecs [dracometeor, earthpower, ficklebeam, leafstorm] ttype=dragon
INFO     	         eiscue      iceface  sitrusberry [bellydrum, icespinner, liquidation, zenheadbutt] ttype=water
INFO     	      gastrodon   stormdrain    leftovers [clearsmog, earthquake, icebeam, recover] ttype=steel
INFO     	      cinderace       libero   choiceband [gunkshot, highjumpkick, pyroball, uturn] ttype=fighting
INFO     Sampling battle 17
INFO     	     golemalola    galvanize      lifeorb [doubleedge, earthquake, rockpolish, stoneedge] ttype=flying
INFO     	         lunala shadowshield    leftovers [calmmind, moongeistbeam, moonlight, psyshock] ttype=fairy
INFO     Sampling 4 unrevealed pokemon
INFO     	        grumpig     thickfat  choicespecs [earthpower, focusblast, psyshock, shadowball] ttype=ghost
INFO     	      volcarona    flamebody heavydutyboots [fierydance, gigadrain, quiverdance, terablast] ttype=water
INFO     	       rayquaza      airlock   loadeddice [dragonascent, earthquake, scaleshot, swordsdance] ttype=flying
INFO     	       hawlucha     unburden    whiteherb [acrobatics, closecombat, swordsdance, throatchop] ttype=fighting
INFO     Sampling battle 18
INFO     	     golemalola    galvanize      lifeorb [doubleedge, earthquake, rockpolish, stoneedge] ttype=flying
INFO     	         lunala shadowshield    leftovers [calmmind, moongeistbeam, moonlight, psyshock] ttype=fairy
INFO     Sampling 4 unrevealed pokemon
INFO     	   persianalola      furcoat heavydutyboots [foulplay, partingshot, taunt, thunderwave] ttype=poison
INFO     	          azelf     levitate      lifeorb [explosion, fireblast, psychic, stealthrock] ttype=fire
INFO     	         raichu lightningrod      lifeorb [encore, nastyplot, terablast, thunderbolt] ttype=ice
INFO     	      toxicroak      dryskin      lifeorb [closecombat, gunkshot, suckerpunch, swordsdance] ttype=fighting
INFO     Sampling battle 19
INFO     	     golemalola    galvanize   choiceband [doubleedge, earthquake, explosion, stoneedge] ttype=grass
INFO     	         lunala shadowshield    leftovers [calmmind, moongeistbeam, moonlight, psyshock] ttype=fairy
INFO     Sampling 4 unrevealed pokemon
INFO     	         deoxys     pressure      lifeorb [extremespeed, knockoff, psychoboost, superpower] ttype=normal
INFO     	     masquerain   intimidate heavydutyboots [bugbuzz, hurricane, hydropump, quiverdance] ttype=water
INFO     	       cloyster    skilllink    whiteherb [drillrun, iciclespear, rockblast, shellsmash] ttype=ground
INFO     	       swampert      torrent    leftovers [earthquake, flipturn, icebeam, stealthrock] ttype=poison
INFO     Sampling battle 20
INFO     	     golemalola    galvanize      lifeorb [doubleedge, earthquake, rockpolish, stoneedge] ttype=grass
INFO     	         lunala shadowshield    leftovers [calmmind, moongeistbeam, moonlight, psyshock] ttype=fairy
INFO     Sampling 4 unrevealed pokemon
INFO     	        gliscor   poisonheal     toxicorb [earthquake, knockoff, protect, toxicspikes] ttype=water
INFO     	      palossand watercompaction    leftovers [earthpower, shadowball, shoreup, sludgebomb] ttype=water
INFO     	        luvdisc    swiftswim heavydutyboots [endeavor, substitute, surf, whirlpool] ttype=ground
INFO     	       greedent   cheekpouch  sitrusberry [doubleedge, earthquake, knockoff, swordsdance] ttype=ghost
INFO     Sampling battle 21
INFO     	     golemalola    galvanize   choiceband [doubleedge, earthquake, explosion, stoneedge] ttype=electric
INFO     	         lunala shadowshield    leftovers [calmmind, moongeistbeam, moonlight, psyshock] ttype=fairy
INFO     Sampling 4 unrevealed pokemon
INFO     	     kricketune   technician heavydutyboots [knockoff, pounce, stickyweb, taunt] ttype=ghost
INFO     	        pikachu lightningrod    lightball [fakeout, knockoff, surf, volttackle] ttype=water
INFO     	        shiftry    windrider      lifeorb [knockoff, leafblade, lowkick, tailwind] ttype=dark
INFO     	        slowbro  regenerator    leftovers [bodypress, irondefense, scald, slackoff] ttype=fighting
INFO     Sampling battle 22
INFO     	     golemalola    galvanize      lifeorb [doubleedge, earthquake, rockpolish, stoneedge] ttype=grass
INFO     	         lunala shadowshield    leftovers [calmmind, moongeistbeam, moonlight, psyshock] ttype=fairy
INFO     Sampling 4 unrevealed pokemon
INFO     	     chesnaught  bulletproof    leftovers [bodypress, irondefense, synthesis, trailblaze] ttype=steel
INFO     	       gyarados   intimidate heavydutyboots [dragondance, earthquake, terablast, waterfall] ttype=flying
INFO     	       slowking  regenerator heavydutyboots [chillyreception, futuresight, scald, slackoff] ttype=dragon
INFO     	        carbink       sturdy  chestoberry [bodypress, irondefense, moonblast, rest] ttype=fighting
INFO     Sampling battle 23
INFO     	     golemalola    galvanize      lifeorb [doubleedge, earthquake, rockpolish, stoneedge] ttype=flying
INFO     	         lunala shadowshield    leftovers [calmmind, moongeistbeam, moonlight, psyshock] ttype=fairy
INFO     Sampling 4 unrevealed pokemon
INFO     	        weezing     levitate    leftovers [fireblast, painsplit, sludgebomb, willowisp] ttype=steel
INFO     	        weavile   pickpocket   choiceband [iceshard, knockoff, lowkick, tripleaxel] ttype=ice
INFO     	       grafaiai  poisontouch  assaultvest [gunkshot, knockoff, superfang, uturn] ttype=dark
INFO     	        calyrex      unnerve    leftovers [calmmind, encore, gigadrain, psyshock] ttype=steel
INFO     Sampling battle 24
INFO     	     golemalola    galvanize      lifeorb [doubleedge, earthquake, rockpolish, stoneedge] ttype=grass
INFO     	         lunala shadowshield    leftovers [calmmind, moongeistbeam, moonlight, psyshock] ttype=fairy
INFO     Sampling 4 unrevealed pokemon
INFO     	          lugia   multiscale heavydutyboots [aeroblast, calmmind, psychicnoise, recover] ttype=steel
INFO     	urshifurapidstrike   unseenfist   choiceband [closecombat, icespinner, surgingstrikes, uturn] ttype=water
INFO     	        shiftry    windrider      lifeorb [knockoff, leafblade, lowkick, tailwind] ttype=fighting
INFO     	     mabosstiff     stakeout  choicescarf [crunch, playrough, psychicfangs, wildcharge] ttype=fairy
INFO     Sampling battle 25
INFO     	     golemalola    galvanize   choiceband [doubleedge, earthquake, explosion, stoneedge] ttype=ground
INFO     	         lunala shadowshield    leftovers [calmmind, moongeistbeam, moonlight, psyshock] ttype=fairy
INFO     Sampling 4 unrevealed pokemon
INFO     	    polteageist   cursedbody    whiteherb [shadowball, shellsmash, storedpower, strengthsap] ttype=psychic
INFO     	   arceusflying    multitype     skyplate [calmmind, earthpower, judgment, recover] ttype=steel
INFO     	           hooh  regenerator heavydutyboots [bravebird, earthquake, recover, sacredfire] ttype=ground
INFO     	         kommoo   soundproof   loadeddice [closecombat, ironhead, scaleshot, swordsdance] ttype=steel
INFO     Sampling battle 26
INFO     	     golemalola    galvanize   choiceband [doubleedge, earthquake, explosion, stoneedge] ttype=electric
INFO     	         lunala shadowshield    leftovers [calmmind, moongeistbeam, moonlight, psyshock] ttype=fairy
INFO     Sampling 4 unrevealed pokemon
INFO     	        chansey  naturalcure     eviolite [healbell, seismictoss, softboiled, thunderwave] ttype=poison
INFO     	       orthworm   eartheater    leftovers [bodypress, heavyslam, shedtail, stealthrock] ttype=electric
INFO     	      gastrodon   stormdrain    leftovers [clearsmog, earthquake, recover, surf] ttype=steel
INFO     	       skarmory       sturdy  rockyhelmet [bodypress, bravebird, roost, spikes] ttype=dragon
INFO     Sampling battle 27
INFO     	     golemalola    galvanize   choiceband [doubleedge, earthquake, explosion, stoneedge] ttype=ground
INFO     	         lunala shadowshield    leftovers [calmmind, moongeistbeam, moonlight, psyshock] ttype=fairy
INFO     Sampling 4 unrevealed pokemon
INFO     	       basculin adaptability   choiceband [aquajet, doubleedge, flipturn, wavecrash] ttype=water
INFO     	       sunflora  chlorophyll      lifeorb [earthpower, solarbeam, sunnyday, weatherball] ttype=fire
INFO     	      girafarig    sapsipper     eviolite [dazzlinggleam, nastyplot, psyshock, shadowball] ttype=fairy
INFO     	     oinkologne     thickfat    leftovers [bodyslam, curse, highhorsepower, lashout] ttype=ground
INFO     Sampling battle 28
INFO     	     golemalola    galvanize   choiceband [doubleedge, earthquake, explosion, stoneedge] ttype=grass
INFO     	         lunala shadowshield    leftovers [calmmind, moongeistbeam, moonlight, psyshock] ttype=fairy
INFO     Sampling 4 unrevealed pokemon
INFO     	        okidogi   toxicchain    leftovers [bulkup, drainpunch, gunkshot, knockoff] ttype=dark
INFO     	     perrserker   toughclaws      lifeorb [closecombat, ironhead, knockoff, stealthrock] ttype=fighting
INFO     	         espeon  magicbounce      lifeorb [alluringvoice, morningsun, psyshock, shadowball] ttype=fairy
INFO     	       ursaluna         guts     flameorb [crunch, facade, headlongrush, swordsdance] ttype=normal
INFO     Sampling battle 29
INFO     	     golemalola    galvanize      lifeorb [doubleedge, earthquake, rockpolish, stoneedge] ttype=flying
INFO     	         lunala shadowshield    leftovers [calmmind, moongeistbeam, moonlight, psyshock] ttype=fairy
INFO     Sampling 4 unrevealed pokemon
INFO     	     feraligatr   sheerforce      lifeorb [dragondance, icepunch, liquidation, trailblaze] ttype=grass
INFO     	         swanna    hydration heavydutyboots [bravebird, defog, hydropump, roost] ttype=ground
INFO     	      zamazenta dauntlessshield    leftovers [bodypress, crunch, irondefense, ironhead] ttype=steel
INFO     	      mandibuzz     overcoat heavydutyboots [bravebird, foulplay, roost, toxic] ttype=steel
INFO     Sampling battle 30
INFO     	     golemalola    galvanize      lifeorb [doubleedge, earthquake, rockpolish, stoneedge] ttype=grass
INFO     	         lunala shadowshield    leftovers [calmmind, moongeistbeam, moonlight, psyshock] ttype=fairy
INFO     Sampling 4 unrevealed pokemon
INFO     	      gholdengo   goodasgold    leftovers [makeitrain, nastyplot, recover, shadowball] ttype=water
INFO     	        urshifu   unseenfist  choicescarf [closecombat, poisonjab, uturn, wickedblow] ttype=poison
INFO     	      dragonite   multiscale heavydutyboots [dragondance, earthquake, ironhead, outrage] ttype=steel
INFO     	      cresselia     levitate    leftovers [calmmind, moonlight, psyshock, thunderbolt] ttype=electric
INFO     Sampling battle 31
INFO     	     golemalola    galvanize   choiceband [doubleedge, earthquake, explosion, stoneedge] ttype=ground
INFO     	         lunala shadowshield    leftovers [calmmind, moongeistbeam, moonlight, psyshock] ttype=fairy
INFO     Sampling 4 unrevealed pokemon
INFO     	        groudon      drought    leftovers [heatcrash, precipiceblades, roar, willowisp] ttype=fire
INFO     	      meowsticf  competitive      lifeorb [darkpulse, nastyplot, psychic, thunderbolt] ttype=electric
INFO     	       rayquaza      airlock   loadeddice [dragonascent, earthquake, scaleshot, swordsdance] ttype=steel
INFO     	       quagsire      unaware    leftovers [earthquake, recover, spikes, toxic] ttype=fairy
INFO     Searching for a move using MCTS...
INFO     Sampling 32 battles at 250ms each
INFO     Choice: switch palossand
INFO     palossand switched in, adding intimidate to impossible abilities
INFO     palossand switched in, adding pressure to impossible abilities
INFO     palossand switched in, adding neutralizinggas to impossible abilities
INFO     palossand switched in, adding sandstream to impossible abilities
INFO     palossand switched in, adding drought to impossible abilities
INFO     palossand switched in, adding drizzle to impossible abilities
INFO     palossand switched in, adding snowwarning to impossible abilities
INFO     palossand switched in, adding boosterenergy to impossible items
INFO     palossand switched in, adding airballoon to impossible items
INFO     golemalola used a rock move, removing rockgem from possible items
INFO     Setting golemalola's last used move: stoneedge
INFO     golemalola used a damaging move - not guessing lifeorb anymore
INFO     golemalola did 27.700000000000003% damage to palossand with stoneedge
INFO     Setting golemalola's item to: lifeorb
INFO     Setting palossand's item to: leftovers
INFO     golemalola has less than maxhp during upkeep, no longer guessing leftovers or blacksludge
INFO     
INFO     Turn: 40
INFO     loaded 7 player and 0 effective opponent priors
INFO     Sampling battle 0
INFO     	     golemalola    galvanize      lifeorb [doubleedge, earthquake, rockpolish, stoneedge] ttype=flying
INFO     	         lunala shadowshield    leftovers [calmmind, moongeistbeam, moonlight, psyshock] ttype=fairy
INFO     Sampling 4 unrevealed pokemon
INFO     	    ironjugulis   quarkdrive  choicespecs [darkpulse, fireblast, hurricane, uturn] ttype=dark
INFO     	       sceptile     overgrow      lifeorb [earthquake, leafblade, rockslide, swordsdance] ttype=rock
INFO     	necrozmaduskmane   prismarmor weaknesspolicy [dragondance, earthquake, morningsun, sunsteelstrike] ttype=water
INFO     	     ragingbolt protosynthesis    leftovers [calmmind, dracometeor, thunderbolt, thunderclap] ttype=electric
INFO     Sampling battle 1
INFO     	     golemalola    galvanize      lifeorb [doubleedge, earthquake, rockpolish, stoneedge] ttype=grass
INFO     	         lunala shadowshield    leftovers [calmmind, moongeistbeam, moonlight, psyshock] ttype=fairy
INFO     Sampling 4 unrevealed pokemon
INFO     	    raichualola  surgesurfer      lifeorb [grassknot, nastyplot, psyshock, thunderbolt] ttype=grass
INFO     	       torterra     overgrow   loadeddice [bulletseed, headlongrush, rockblast, shellsmash] ttype=water
INFO     	       blaziken   speedboost      lifeorb [closecombat, flareblitz, knockoff, swordsdance] ttype=fighting
INFO     	      heracross        moxie   choiceband [closecombat, earthquake, knockoff, megahorn] ttype=bug
INFO     Sampling battle 2
INFO     	     golemalola    galvanize      lifeorb [doubleedge, earthquake, rockpolish, stoneedge] ttype=grass
INFO     	         lunala shadowshield    leftovers [calmmind, moongeistbeam, moonlight, psyshock] ttype=fairy
INFO     Sampling 4 unrevealed pokemon
INFO     	         zacian intrepidsword      lifeorb [closecombat, crunch, playrough, swordsdance] ttype=fighting
INFO     	ogerponcornerstone       sturdy cornerstonemask [ivycudgel, powerwhip, superpower, swordsdance] ttype=rock
INFO     	         dodrio    earlybird heavydutyboots [bravebird, doubleedge, drillrun, swordsdance] ttype=normal
INFO     	        donphan       sturdy  assaultvest [earthquake, iceshard, icespinner, rapidspin] ttype=water
INFO     Sampling battle 3
INFO     	     golemalola    galvanize      lifeorb [doubleedge, earthquake, rockpolish, stoneedge] ttype=flying
INFO     	         lunala shadowshield    leftovers [calmmind, moongeistbeam, moonlight, psyshock] ttype=fairy
INFO     Sampling 4 unrevealed pokemon
INFO     	        haxorus  moldbreaker     lumberry [dragondance, earthquake, ironhead, outrage] ttype=steel
INFO     	        okidogi   toxicchain    leftovers [bulkup, drainpunch, gunkshot, knockoff] ttype=dark
INFO     	    fezandipiti   toxicchain    leftovers [gunkshot, playrough, swordsdance, terablast] ttype=ground
INFO     	         lapras  waterabsorb   loadeddice [dragondance, earthquake, iciclespear, waterfall] ttype=ground
INFO     Sampling battle 4
INFO     	     golemalola    galvanize      lifeorb [doubleedge, earthquake, rockpolish, stoneedge] ttype=grass
INFO     	         lunala shadowshield    leftovers [calmmind, moongeistbeam, moonlight, psyshock] ttype=fairy
INFO     Sampling 4 unrevealed pokemon
INFO     	         luxray         guts     flameorb [facade, supercellslam, throatchop, trailblaze] ttype=normal
INFO     	     oinkologne     thickfat    leftovers [curse, doubleedge, highhorsepower, lashout] ttype=ground
INFO     	     whimsicott    prankster    leftovers [encore, leechseed, moonblast, substitute] ttype=poison
INFO     	         palkia     pressure  lustrousorb [dracometeor, fireblast, hydropump, thunderwave] ttype=water
INFO     Sampling battle 5
INFO     	     golemalola    galvanize      lifeorb [doubleedge, earthquake, rockpolish, stoneedge] ttype=flying
INFO     	         lunala shadowshield    leftovers [calmmind, moongeistbeam, moonlight, psyshock] ttype=fairy
INFO     Sampling 4 unrevealed pokemon
INFO     	        kingdra       sniper     lumberry [dragondance, outrage, waterfall, wavecrash] ttype=water
INFO     	       torterra     overgrow   loadeddice [bulletseed, headlongrush, rockblast, shellsmash] ttype=rock
INFO     	       regirock    clearbody  chestoberry [bodypress, curse, rest, stoneedge] ttype=fighting
INFO     	   basculegionf adaptability  assaultvest [flipturn, hydropump, shadowball, wavecrash] ttype=water
INFO     Sampling battle 6
INFO     	     golemalola    galvanize      lifeorb [doubleedge, earthquake, rockpolish, stoneedge] ttype=grass
INFO     	         lunala shadowshield    leftovers [calmmind, moongeistbeam, moonlight, psyshock] ttype=fairy
INFO     Sampling 4 unrevealed pokemon
INFO     	   arceusground    multitype   earthplate [dragondance, earthquake, recover, stoneedge] ttype=ground
INFO     	       meganium     overgrow    leftovers [earthquake, knockoff, petalblizzard, swordsdance] ttype=ground
INFO     	      palossand watercompaction    leftovers [earthpower, shadowball, shoreup, stealthrock] ttype=water
INFO     	         rabsca  synchronize heavydutyboots [bugbuzz, psychic, recover, revivalblessing] ttype=steel
INFO     Sampling battle 7
INFO     	     golemalola    galvanize      lifeorb [doubleedge, earthquake, rockpolish, stoneedge] ttype=grass
INFO     	         lunala shadowshield    leftovers [calmmind, moongeistbeam, moonlight, psyshock] ttype=fairy
INFO     Sampling 4 unrevealed pokemon
INFO     	      tatsugiri   stormdrain heavydutyboots [dracometeor, hydropump, nastyplot, rapidspin] ttype=water
INFO     	        carbink       sturdy    leftovers [bodypress, irondefense, moonblast, rockpolish] ttype=fighting
INFO     	         latias     levitate      souldew [calmmind, dracometeor, psyshock, recover] ttype=steel
INFO     	        morpeko hungerswitch heavydutyboots [aurawheel, partingshot, protect, rapidspin] ttype=electric
INFO     Sampling battle 8
INFO     	     golemalola    galvanize      lifeorb [doubleedge, earthquake, rockpolish, stoneedge] ttype=grass
INFO     	         lunala shadowshield    leftovers [calmmind, moongeistbeam, moonlight, psyshock] ttype=fairy
INFO     Sampling 4 unrevealed pokemon
INFO     	      dunsparce  serenegrace     eviolite [bodyslam, coil, earthquake, roost] ttype=ground
INFO     	        manaphy    hydration    leftovers [energyball, hydropump, icebeam, tailglow] ttype=grass
INFO     	      rillaboom  grassysurge   choiceband [grassyglide, highhorsepower, uturn, woodhammer] ttype=grass
INFO     	      hydrapple  regenerator  assaultvest [dragontail, earthpower, ficklebeam, leafstorm] ttype=steel
INFO     Sampling battle 9
INFO     	     golemalola    galvanize      lifeorb [doubleedge, earthquake, rockpolish, stoneedge] ttype=grass
INFO     	         lunala shadowshield    leftovers [calmmind, moongeistbeam, moonlight, psyshock] ttype=fairy
INFO     Sampling 4 unrevealed pokemon
INFO     	      ironhands   quarkdrive  assaultvest [drainpunch, fakeout, voltswitch, wildcharge] ttype=electric
INFO     	        wyrdeer   intimidate    leftovers [bodyslam, earthquake, psychicnoise, thunderwave] ttype=ground
INFO     	     baxcalibur thermalexchange heavydutyboots [dragondance, earthquake, glaiverush, iciclecrash] ttype=dragon
INFO     	     toedscruel myceliummight  assaultvest [earthpower, gigadrain, knockoff, rapidspin] ttype=water
INFO     Sampling battle 10
INFO     	     golemalola    galvanize      lifeorb [doubleedge, earthquake, rockpolish, stoneedge] ttype=grass
INFO     	         lunala shadowshield    leftovers [calmmind, moongeistbeam, moonlight, psyshock] ttype=fairy
INFO     Sampling 4 unrevealed pokemon
INFO     	      hippowdon   sandstream    leftovers [curse, earthquake, slackoff, stoneedge] ttype=steel
INFO     	        avalugg       sturdy heavydutyboots [avalanche, bodypress, rapidspin, recover] ttype=fighting
INFO     	    gougingfire protosynthesis heavydutyboots [dragondance, earthquake, heatcrash, outrage] ttype=ground
INFO     	       vaporeon  waterabsorb    leftovers [calmmind, protect, scald, wish] ttype=ghost
INFO     Sampling battle 11
INFO     	     golemalola    galvanize      lifeorb [doubleedge, earthquake, rockpolish, stoneedge] ttype=grass
INFO     	         lunala shadowshield    leftovers [calmmind, moongeistbeam, moonlight, psyshock] ttype=fairy
INFO     Sampling 4 unrevealed pokemon
INFO     	          rotom     levitate  choicescarf [shadowball, thunderbolt, trick, voltswitch] ttype=electric
INFO     	      piloswine     thickfat     eviolite [earthquake, iciclecrash, roar, stealthrock] ttype=poison
INFO     	        dondozo      unaware    leftovers [curse, rest, sleeptalk, wavecrash] ttype=fairy
INFO     	  braviaryhisui   tintedlens heavydutyboots [calmmind, esperwing, hurricane, roost] ttype=fairy
INFO     Sampling battle 12
INFO     	     golemalola    galvanize      lifeorb [doubleedge, earthquake, rockpolish, stoneedge] ttype=grass
INFO     	         lunala shadowshield    leftovers [calmmind, moongeistbeam, moonlight, psyshock] ttype=fairy
INFO     Sampling 4 unrevealed pokemon
INFO     	   deoxysattack     pressure      lifeorb [extremespeed, knockoff, psychoboost, superpower] ttype=dark
INFO     	    slitherwing protosynthesis heavydutyboots [closecombat, morningsun, uturn, willowisp] ttype=steel
INFO     	        diancie    clearbody    leftovers [bodypress, diamondstorm, moonblast, stealthrock] ttype=fighting
INFO     	      registeel    clearbody  chestoberry [bodypress, irondefense, ironhead, rest] ttype=fighting
INFO     Sampling battle 13
INFO     	     golemalola    galvanize      lifeorb [doubleedge, earthquake, rockpolish, stoneedge] ttype=grass
INFO     	         lunala shadowshield    leftovers [calmmind, moongeistbeam, moonlight, psyshock] ttype=fairy
INFO     Sampling 4 unrevealed pokemon
INFO     	       gyarados        moxie heavydutyboots [dragondance, earthquake, terablast, waterfall] ttype=flying
INFO     	          lugia   multiscale heavydutyboots [aeroblast, calmmind, psychicnoise, recover] ttype=steel
INFO     	        dondozo      unaware    leftovers [curse, rest, sleeptalk, wavecrash] ttype=fairy
INFO     	       mienshao  regenerator      lifeorb [closecombat, knockoff, poisonjab, swordsdance] ttype=dark
INFO     Sampling battle 14
INFO     	     golemalola    galvanize      lifeorb [doubleedge, earthquake, rockpolish, stoneedge] ttype=grass
INFO     	         lunala shadowshield    leftovers [calmmind, moongeistbeam, moonlight, psyshock] ttype=fairy
INFO     Sampling 4 unrevealed pokemon
INFO     	taurospaldeablaze      cudchew  sitrusberry [bulkup, closecombat, ragingbull, substitute] ttype=water
INFO     	            muk  poisontouch  assaultvest [drainpunch, knockoff, poisonjab, shadowsneak] ttype=dark
INFO     	        falinks      defiant      lifeorb [closecombat, ironhead, knockoff, noretreat] ttype=steel
INFO     	       froslass   cursedbody     widelens [poltergeist, taunt, tripleaxel, willowisp] ttype=ice
INFO     Sampling battle 15
INFO     	     golemalola    galvanize      lifeorb [doubleedge, earthquake, rockpolish, stoneedge] ttype=flying
INFO     	         lunala shadowshield    leftovers [calmmind, moongeistbeam, moonlight, psyshock] ttype=fairy
INFO     Sampling 4 unrevealed pokemon
INFO     	        blissey  naturalcure    leftovers [healbell, seismictoss, softboiled, thunderwave] ttype=dark
INFO     	      hydrapple  regenerator  choicespecs [dracometeor, earthpower, ficklebeam, leafstorm] ttype=steel
INFO     	        milotic  competitive    leftovers [haze, icebeam, recover, scald] ttype=dragon
INFO     	    arceusgrass    multitype  meadowplate [calmmind, fireblast, judgment, recover] ttype=fire
INFO     Searching for a move using MCTS...
INFO     Sampling 16 battles at 500ms each
INFO     Choice: earthpower
INFO     Opponent has switched - clearing the last used move
INFO     roaringmoon switched in, adding intimidate to impossible abilities
INFO     roaringmoon switched in, adding pressure to impossible abilities
INFO     roaringmoon switched in, adding neutralizinggas to impossible abilities
INFO     roaringmoon switched in, adding sandstream to impossible abilities
INFO     roaringmoon switched in, adding drought to impossible abilities
INFO     roaringmoon switched in, adding drizzle to impossible abilities
INFO     roaringmoon switched in, adding snowwarning to impossible abilities
INFO     roaringmoon switched in, adding boosterenergy to impossible items
INFO     roaringmoon switched in, adding airballoon to impossible items
INFO     Removing roaringmoon's item: boosterenergy
INFO     Setting roaringmoon's removed item to boosterenergy
INFO     Setting roaringmoon's ability to protosynthesis
INFO     Starting the volatile status protosynthesisatk on roaringmoon
INFO     palossand already has the move earthpower. Decrementing the PP by 1
INFO     palossand used a ground move, removing groundgem from possible items
INFO     Setting palossand's last used move: earthpower
INFO     palossand used a damaging move - not guessing lifeorb anymore
INFO     palossand did 41.0% damage to roaringmoon with earthpower
INFO     Setting palossand's item to: leftovers
INFO     roaringmoon has less than maxhp during upkeep, no longer guessing leftovers or blacksludge
INFO     
INFO     Turn: 41
INFO     loaded 7 player and 0 effective opponent priors
INFO     Sampling battle 0
INFO     	    roaringmoon protosynthesis         None [dragondance, ironhead, knockoff, outrage] ttype=steel
INFO     	         lunala shadowshield    leftovers [calmmind, moongeistbeam, moonlight, psyshock] ttype=fairy
INFO     	     golemalola    galvanize      lifeorb [doubleedge, earthquake, rockpolish, stoneedge] ttype=flying
INFO     Sampling 3 unrevealed pokemon
INFO     	         pyroar      unnerve heavydutyboots [darkpulse, fireblast, hypervoice, willowisp] ttype=fire
INFO     	     bombirdier     bigpecks heavydutyboots [bravebird, knockoff, roost, stealthrock] ttype=steel
INFO     	thundurustherian   voltabsorb heavydutyboots [focusblast, nastyplot, terablast, thunderbolt] ttype=flying
INFO     Sampling battle 1
INFO     	    roaringmoon protosynthesis         None [dragondance, ironhead, knockoff, outrage] ttype=steel
INFO     	         lunala shadowshield    leftovers [calmmind, moongeistbeam, moonlight, psyshock] ttype=fairy
INFO     	     golemalola    galvanize      lifeorb [doubleedge, earthquake, rockpolish, stoneedge] ttype=grass
INFO     Sampling 3 unrevealed pokemon
INFO     	       gyarados   intimidate heavydutyboots [dragondance, earthquake, temperflare, waterfall] ttype=ground
INFO     	         tinglu vesselofruin    leftovers [earthquake, heavyslam, payback, stealthrock] ttype=steel
INFO     	enamorustherian     overcoat weaknesspolicy [agility, earthpower, moonblast, mysticalfire] ttype=ground
INFO     Sampling battle 2
INFO     	    roaringmoon protosynthesis         None [dragondance, ironhead, knockoff, outrage] ttype=steel
INFO     	         lunala shadowshield    leftovers [calmmind, moongeistbeam, moonlight, psyshock] ttype=fairy
INFO     	     golemalola    galvanize      lifeorb [doubleedge, earthquake, rockpolish, stoneedge] ttype=flying
INFO     Sampling 3 unrevealed pokemon
INFO     	      trevenant  naturalcure      lifeorb [drainpunch, poltergeist, rest, woodhammer] ttype=fighting
INFO     	      clawitzer megalauncher  choicespecs [aurasphere, darkpulse, uturn, waterpulse] ttype=fighting
INFO     	     hitmonchan     ironfist    leftovers [bulkup, drainpunch, knockoff, rapidspin] ttype=dark
INFO     Sampling battle 3
INFO     	    roaringmoon protosynthesis         None [acrobatics, dragondance, knockoff, outrage] ttype=flying
INFO     	         lunala shadowshield    leftovers [calmmind, moongeistbeam, moonlight, psyshock] ttype=fairy
INFO     	     golemalola    galvanize      lifeorb [doubleedge, earthquake, rockpolish, stoneedge] ttype=flying
INFO     Sampling 3 unrevealed pokemon
INFO     	         komala     comatose  assaultvest [bodyslam, earthquake, knockoff, rapidspin] ttype=ghost
INFO     	      quaquaval        moxie   choiceband [aquastep, closecombat, knockoff, uturn] ttype=fighting
INFO     	     chandelure    flashfire heavydutyboots [calmmind, fireblast, flamecharge, shadowball] ttype=fire
INFO     Sampling battle 4
INFO     	    roaringmoon protosynthesis         None [acrobatics, dragondance, knockoff, outrage] ttype=flying
INFO     	         lunala shadowshield    leftovers [calmmind, moongeistbeam, moonlight, psyshock] ttype=fairy
INFO     	     golemalola    galvanize      lifeorb [doubleedge, earthquake, rockpolish, stoneedge] ttype=flying
INFO     Sampling 3 unrevealed pokemon
INFO     	       lycanroc     sandrush   choiceband [closecombat, crunch, psychicfangs, stoneedge] ttype=fighting
INFO     	       lurantis     contrary  assaultvest [knockoff, leafstorm, leechlife, superpower] ttype=water
INFO     	       magearna    soulheart    leftovers [calmmind, flashcannon, fleurcannon, shiftgear] ttype=fairy
INFO     Sampling battle 5
INFO     	    roaringmoon protosynthesis         None [dragondance, ironhead, knockoff, outrage] ttype=steel
INFO     	         lunala shadowshield    leftovers [calmmind, moongeistbeam, moonlight, psyshock] ttype=fairy
INFO     	     golemalola    galvanize      lifeorb [doubleedge, earthquake, rockpolish, stoneedge] ttype=flying
INFO     Sampling 3 unrevealed pokemon
INFO     	            mew  synchronize    leftovers [psychic, stealthrock, toxicspikes, uturn] ttype=dark
INFO     	        lucario    justified   choiceband [closecombat, extremespeed, meteormash, stoneedge] ttype=normal
INFO     	     wigglytuff  competitive    leftovers [alluringvoice, fireblast, protect, wish] ttype=poison
INFO     Sampling battle 6
INFO     	    roaringmoon protosynthesis         None [dragondance, ironhead, knockoff, outrage] ttype=steel
INFO     	         lunala shadowshield    leftovers [calmmind, moongeistbeam, moonlight, psyshock] ttype=fairy
INFO     	     golemalola    galvanize      lifeorb [doubleedge, earthquake, rockpolish, stoneedge] ttype=grass
INFO     Sampling 3 unrevealed pokemon
INFO     	    ironjugulis   quarkdrive    powerherb [darkpulse, earthpower, hurricane, meteorbeam] ttype=dark
INFO     	       arboliva      harvest  sitrusberry [hypervoice, leechseed, protect, substitute] ttype=poison
INFO     	     tentacruel   liquidooze  assaultvest [knockoff, rapidspin, sludgebomb, surf] ttype=grass
INFO     Sampling battle 7
INFO     	    roaringmoon protosynthesis         None [dragondance, ironhead, knockoff, outrage] ttype=steel
INFO     	         lunala shadowshield    leftovers [calmmind, moongeistbeam, moonlight, psyshock] ttype=fairy
INFO     	     golemalola    galvanize      lifeorb [doubleedge, earthquake, rockpolish, stoneedge] ttype=grass
INFO     Sampling 3 unrevealed pokemon
INFO     	         comfey       triage    leftovers [calmmind, drainingkiss, taunt, terablast] ttype=ground
INFO     	       chienpao  swordofruin heavydutyboots [iciclecrash, sacredsword, swordsdance, throatchop] ttype=dark
INFO     	       blaziken   speedboost      lifeorb [closecombat, flareblitz, protect, swordsdance] ttype=fighting
INFO     Sampling battle 8
INFO     	    roaringmoon protosynthesis         None [acrobatics, dragondance, knockoff, outrage] ttype=flying
INFO     	         lunala shadowshield    leftovers [calmmind, moongeistbeam, moonlight, psyshock] ttype=fairy
INFO     	     golemalola    galvanize      lifeorb [doubleedge, earthquake, rockpolish, stoneedge] ttype=grass
INFO     Sampling 3 unrevealed pokemon
INFO     	   brambleghast    windrider    leftovers [poltergeist, powerwhip, spikes, strengthsap] ttype=steel
INFO     	 electrodehisui       static      lifeorb [gigadrain, thunderbolt, thunderwave, voltswitch] ttype=grass
INFO     	      munkidori   toxicchain  assaultvest [fakeout, psychicnoise, sludgewave, uturn] ttype=dark
INFO     Sampling battle 9
INFO     	    roaringmoon protosynthesis         None [acrobatics, dragondance, knockoff, outrage] ttype=flying
INFO     	         lunala shadowshield    leftovers [calmmind, moongeistbeam, moonlight, psyshock] ttype=fairy
INFO     	     golemalola    galvanize      lifeorb [doubleedge, earthquake, rockpolish, stoneedge] ttype=flying
INFO     Sampling 3 unrevealed pokemon
INFO     	       ribombee   shielddust heavydutyboots [bugbuzz, moonblast, stickyweb, stunspore] ttype=ghost
INFO     	 arceuselectric    multitype     zapplate [calmmind, icebeam, judgment, recover] ttype=ice
INFO     	      ironcrown   quarkdrive  choicespecs [focusblast, psyshock, tachyoncutter, voltswitch] ttype=fighting
INFO     Sampling battle 10
INFO     	    roaringmoon protosynthesis         None [dragondance, ironhead, knockoff, outrage] ttype=steel
INFO     	         lunala shadowshield    leftovers [calmmind, moongeistbeam, moonlight, psyshock] ttype=fairy
INFO     	     golemalola    galvanize      lifeorb [doubleedge, earthquake, rockpolish, stoneedge] ttype=flying
INFO     Sampling 3 unrevealed pokemon
INFO     	         deoxys     pressure      lifeorb [icebeam, knockoff, psychoboost, superpower] ttype=fighting
INFO     	    zapdosgalar      defiant      lifeorb [bravebird, bulkup, closecombat, knockoff] ttype=fighting
INFO     	       appletun     thickfat    leftovers [appleacid, dragonpulse, leechseed, recover] ttype=steel
INFO     Sampling battle 11
INFO     	    roaringmoon protosynthesis         None [acrobatics, dragondance, knockoff, outrage] ttype=flying
INFO     	         lunala shadowshield    leftovers [calmmind, moongeistbeam, moonlight, psyshock] ttype=fairy
INFO     	     golemalola    galvanize      lifeorb [doubleedge, earthquake, rockpolish, stoneedge] ttype=flying
INFO     Sampling 3 unrevealed pokemon
INFO     	       politoed      drizzle  chestoberry [encore, icebeam, rest, surf] ttype=water
INFO     	       clefable   magicguard      lifeorb [fireblast, moonblast, moonlight, thunderwave] ttype=poison
INFO     	      farigiraf    sapsipper    leftovers [bodyslam, protect, psychicnoise, wish] ttype=ground
INFO     Sampling battle 12
INFO     	    roaringmoon protosynthesis         None [dragondance, ironhead, knockoff, outrage] ttype=steel
INFO     	         lunala shadowshield    leftovers [calmmind, moongeistbeam, moonlight, psyshock] ttype=fairy
INFO     	     golemalola    galvanize      lifeorb [doubleedge, earthquake, rockpolish, stoneedge] ttype=flying
INFO     Sampling 3 unrevealed pokemon
INFO     	         zekrom     teravolt    leftovers [boltstrike, dragondance, outrage, substitute] ttype=grass
INFO     	      vespiquen     pressure heavydutyboots [hurricane, roost, toxicspikes, uturn] ttype=steel
INFO     	  slowkinggalar  regenerator heavydutyboots [chillyreception, psyshock, slackoff, sludgebomb] ttype=dark
INFO     Sampling battle 13
INFO     	    roaringmoon protosynthesis         None [acrobatics, dragondance, knockoff, outrage] ttype=flying
INFO     	         lunala shadowshield    leftovers [calmmind, moongeistbeam, moonlight, psyshock] ttype=fairy
INFO     	     golemalola    galvanize      lifeorb [doubleedge, earthquake, rockpolish, stoneedge] ttype=grass
INFO     Sampling 3 unrevealed pokemon
INFO     	      rillaboom  grassysurge      lifeorb [grassyglide, highhorsepower, swordsdance, woodhammer] ttype=grass
INFO     	       vaporeon  waterabsorb    leftovers [calmmind, protect, scald, wish] ttype=ghost
INFO     	      tatsugiri   stormdrain heavydutyboots [dracometeor, nastyplot, rapidspin, surf] ttype=steel
INFO     Sampling battle 14
INFO     	    roaringmoon protosynthesis         None [acrobatics, dragondance, knockoff, outrage] ttype=flying
INFO     	         lunala shadowshield    leftovers [calmmind, moongeistbeam, moonlight, psyshock] ttype=fairy
INFO     	     golemalola    galvanize      lifeorb [doubleedge, earthquake, rockpolish, stoneedge] ttype=flying
INFO     Sampling 3 unrevealed pokemon
INFO     	        spidops     stakeout heavydutyboots [circlethrow, knockoff, spikes, stickyweb] ttype=ghost
INFO     	       lurantis     contrary    leftovers [defog, leafstorm, superpower, synthesis] ttype=fighting
INFO     	       greedent   cheekpouch  sitrusberry [bodyslam, earthquake, knockoff, swordsdance] ttype=ground
INFO     Sampling battle 15
INFO     	    roaringmoon protosynthesis         None [dragondance, ironhead, knockoff, outrage] ttype=steel
INFO     	         lunala shadowshield    leftovers [calmmind, moongeistbeam, moonlight, psyshock] ttype=fairy
INFO     	     golemalola    galvanize      lifeorb [doubleedge, earthquake, rockpolish, stoneedge] ttype=flying
INFO     Sampling 3 unrevealed pokemon
INFO     	       sceptile     overgrow      lifeorb [earthquake, focusblast, leafstorm, shedtail] ttype=ground
INFO     	        drednaw    strongjaw    whiteherb [crunch, liquidation, shellsmash, stoneedge] ttype=dark
INFO     	    ironvaliant   quarkdrive      lifeorb [closecombat, encore, knockoff, moonblast] ttype=steel
INFO     Sampling battle 16
INFO     	    roaringmoon protosynthesis         None [acrobatics, dragondance, knockoff, outrage] ttype=flying
INFO     	         lunala shadowshield    leftovers [calmmind, moongeistbeam, moonlight, psyshock] ttype=fairy
INFO     	     golemalola    galvanize      lifeorb [doubleedge, earthquake, rockpolish, stoneedge] ttype=flying
INFO     Sampling 3 unrevealed pokemon
INFO     	landorustherian   intimidate    leftovers [earthquake, stoneedge, taunt, uturn] ttype=water
INFO     	       basculin adaptability   choiceband [aquajet, doubleedge, flipturn, wavecrash] ttype=water
INFO     	      volcarona    flamebody heavydutyboots [bugbuzz, fierydance, gigadrain, quiverdance] ttype=fire
INFO     Sampling battle 17
INFO     	    roaringmoon protosynthesis         None [acrobatics, dragondance, knockoff, outrage] ttype=flying
INFO     	         lunala shadowshield    leftovers [calmmind, moongeistbeam, moonlight, psyshock] ttype=fairy
INFO     	     golemalola    galvanize      lifeorb [doubleedge, earthquake, rockpolish, stoneedge] ttype=grass
INFO     Sampling 3 unrevealed pokemon
INFO     	         plusle lightningrod      lifeorb [alluringvoice, grassknot, nastyplot, thunderbolt] ttype=grass
INFO     	       overqwil   intimidate   loadeddice [crunch, gunkshot, scaleshot, swordsdance] ttype=dragon
INFO     	       granbull   intimidate    leftovers [earthquake, playrough, roar, thunderwave] ttype=ground
INFO     Sampling battle 18
INFO     	    roaringmoon protosynthesis         None [dragondance, ironhead, knockoff, outrage] ttype=steel
INFO     	         lunala shadowshield    leftovers [calmmind, moongeistbeam, moonlight, psyshock] ttype=fairy
INFO     	     golemalola    galvanize      lifeorb [doubleedge, earthquake, rockpolish, stoneedge] ttype=grass
INFO     Sampling 3 unrevealed pokemon
INFO     	      exeggutor      harvest  sitrusberry [calmmind, gigadrain, psychic, sleeppowder] ttype=steel
INFO     	         minior  shieldsdown    whiteherb [acrobatics, earthquake, powergem, shellsmash] ttype=ground
INFO     	     electivire   motordrive      lifeorb [bulkup, earthquake, icepunch, supercellslam] ttype=ground
INFO     Sampling battle 19
INFO     	    roaringmoon protosynthesis         None [dragondance, ironhead, knockoff, outrage] ttype=steel
INFO     	         lunala shadowshield    leftovers [calmmind, moongeistbeam, moonlight, psyshock] ttype=fairy
INFO     	     golemalola    galvanize      lifeorb [doubleedge, earthquake, rockpolish, stoneedge] ttype=flying
INFO     Sampling 3 unrevealed pokemon
INFO     	      garganacl purifyingsalt    leftovers [bodypress, irondefense, recover, saltcure] ttype=ghost
INFO     	taurospaldeacombat   intimidate   choiceband [closecombat, earthquake, ironhead, throatchop] ttype=fighting
INFO     	  slowkinggalar  regenerator    leftovers [psychicnoise, slackoff, sludgebomb, toxicspikes] ttype=dark
INFO     Sampling battle 20
INFO     	    roaringmoon protosynthesis         None [dragondance, ironhead, knockoff, outrage] ttype=steel
INFO     	         lunala shadowshield    leftovers [calmmind, moongeistbeam, moonlight, psyshock] ttype=fairy
INFO     	     golemalola    galvanize      lifeorb [doubleedge, earthquake, rockpolish, stoneedge] ttype=flying
INFO     Sampling 3 unrevealed pokemon
INFO     	      salamence        moxie heavydutyboots [dragondance, dualwingbeat, earthquake, outrage] ttype=dragon
INFO     	      arceusice    multitype  icicleplate [calmmind, judgment, recover, thunderbolt] ttype=electric
INFO     	       vikavolt     levitate heavydutyboots [bugbuzz, stickyweb, thunderbolt, voltswitch] ttype=electric
INFO     Sampling battle 21
INFO     	    roaringmoon protosynthesis         None [dragondance, ironhead, knockoff, outrage] ttype=steel
INFO     	         lunala shadowshield    leftovers [calmmind, moongeistbeam, moonlight, psyshock] ttype=fairy
INFO     	     golemalola    galvanize      lifeorb [doubleedge, earthquake, rockpolish, stoneedge] ttype=grass
INFO     Sampling 3 unrevealed pokemon
INFO     	       clodsire  waterabsorb    leftovers [earthquake, gunkshot, recover, toxic] ttype=steel
INFO     	      zebstrika    sapsipper      lifeorb [highhorsepower, overheat, supercellslam, voltswitch] ttype=ground
INFO     	        tropius      harvest  sitrusberry [dragondance, dualwingbeat, earthquake, synthesis] ttype=ground
INFO     Sampling battle 22
INFO     	    roaringmoon protosynthesis         None [dragondance, ironhead, knockoff, outrage] ttype=steel
INFO     	         lunala shadowshield    leftovers [calmmind, moongeistbeam, moonlight, psyshock] ttype=fairy
INFO     	     golemalola    galvanize      lifeorb [doubleedge, earthquake, rockpolish, stoneedge] ttype=flying
INFO     Sampling 3 unrevealed pokemon
INFO     	      registeel    clearbody  chestoberry [bodypress, irondefense, ironhead, rest] ttype=fighting
INFO     	      arceusbug    multitype  insectplate [calmmind, fireblast, judgment, recover] ttype=fire
INFO     	       skuntank    aftermath  assaultvest [fireblast, gunkshot, knockoff, suckerpunch] ttype=poison
INFO     Sampling battle 23
INFO     	    roaringmoon protosynthesis         None [acrobatics, dragondance, knockoff, outrage] ttype=flying
INFO     	         lunala shadowshield    leftovers [calmmind, moongeistbeam, moonlight, psyshock] ttype=fairy
INFO     	     golemalola    galvanize      lifeorb [doubleedge, earthquake, rockpolish, stoneedge] ttype=flying
INFO     Sampling 3 unrevealed pokemon
INFO     	       giratina     pressure    leftovers [defog, dragontail, rest, shadowball] ttype=fairy
INFO     	        shiftry    windrider      lifeorb [knockoff, leafblade, lowkick, tailwind] ttype=dark
INFO     	         rabsca  synchronize heavydutyboots [bugbuzz, psychic, revivalblessing, trickroom] ttype=steel
INFO     Sampling battle 24
INFO     	    roaringmoon protosynthesis         None [dragondance, ironhead, knockoff, outrage] ttype=steel
INFO     	         lunala shadowshield    leftovers [calmmind, moongeistbeam, moonlight, psyshock] ttype=fairy
INFO     	     golemalola    galvanize      lifeorb [doubleedge, earthquake, rockpolish, stoneedge] ttype=flying
INFO     Sampling 3 unrevealed pokemon
INFO     	squawkabillyblue         guts     flameorb [bravebird, facade, protect, quickattack] ttype=normal
INFO     	         gogoat    sapsipper    leftovers [bulkup, earthquake, hornleech, milkdrink] ttype=ground
INFO     	urshifurapidstrike   unseenfist      lifeorb [closecombat, icespinner, surgingstrikes, swordsdance] ttype=water
INFO     Sampling battle 25
INFO     	    roaringmoon protosynthesis         None [acrobatics, dragondance, knockoff, outrage] ttype=flying
INFO     	         lunala shadowshield    leftovers [calmmind, moongeistbeam, moonlight, psyshock] ttype=fairy
INFO     	     golemalola    galvanize      lifeorb [doubleedge, earthquake, rockpolish, stoneedge] ttype=grass
INFO     Sampling 3 unrevealed pokemon
INFO     	        sableye    prankster    leftovers [encore, knockoff, recover, thunderwave] ttype=poison
INFO     	      duraludon   lightmetal     eviolite [bodypress, dracometeor, flashcannon, thunderwave] ttype=fighting
INFO     	     sandaconda     shedskin    leftovers [coil, earthquake, glare, stoneedge] ttype=steel
INFO     Sampling battle 26
INFO     	    roaringmoon protosynthesis         None [dragondance, ironhead, knockoff, outrage] ttype=steel
INFO     	         lunala shadowshield    leftovers [calmmind, moongeistbeam, moonlight, psyshock] ttype=fairy
INFO     	     golemalola    galvanize      lifeorb [doubleedge, earthquake, rockpolish, stoneedge] ttype=grass
INFO     Sampling 3 unrevealed pokemon
INFO     	      cinderace       libero   choiceband [gunkshot, highjumpkick, pyroball, uturn] ttype=fire
INFO     	     oinkologne     thickfat    leftovers [curse, doubleedge, highhorsepower, lashout] ttype=ground
INFO     	      passimian      defiant    leftovers [bulkup, drainpunch, gunkshot, knockoff] ttype=dark
INFO     Sampling battle 27
INFO     	    roaringmoon protosynthesis         None [acrobatics, dragondance, knockoff, outrage] ttype=flying
INFO     	         lunala shadowshield    leftovers [calmmind, moongeistbeam, moonlight, psyshock] ttype=fairy
INFO     	     golemalola    galvanize      lifeorb [doubleedge, earthquake, rockpolish, stoneedge] ttype=flying
INFO     Sampling 3 unrevealed pokemon
INFO     	   moltresgalar      berserk  chestoberry [fierywrath, hurricane, nastyplot, rest] ttype=steel
INFO     	     irontreads   quarkdrive  assaultvest [earthquake, ironhead, knockoff, rapidspin] ttype=water
INFO     	      rillaboom  grassysurge      lifeorb [grassyglide, knockoff, swordsdance, woodhammer] ttype=grass
INFO     Sampling battle 28
INFO     	    roaringmoon protosynthesis         None [dragondance, ironhead, knockoff, outrage] ttype=steel
INFO     	         lunala shadowshield    leftovers [calmmind, moongeistbeam, moonlight, psyshock] ttype=fairy
INFO     	     golemalola    galvanize      lifeorb [doubleedge, earthquake, rockpolish, stoneedge] ttype=grass
INFO     Sampling 3 unrevealed pokemon
INFO     	    fluttermane protosynthesis  choicespecs [moonblast, mysticalfire, shadowball, thunderbolt] ttype=fairy
INFO     	       meowstic    prankster    lightclay [alluringvoice, lightscreen, psychicnoise, reflect] ttype=fairy
INFO     	        slaking       truant   choiceband [doubleedge, earthquake, gigaimpact, knockoff] ttype=ground
INFO     Sampling battle 29
INFO     	    roaringmoon protosynthesis         None [acrobatics, dragondance, knockoff, outrage] ttype=flying
INFO     	         lunala shadowshield    leftovers [calmmind, moongeistbeam, moonlight, psyshock] ttype=fairy
INFO     	     golemalola    galvanize      lifeorb [doubleedge, earthquake, rockpolish, stoneedge] ttype=flying
INFO     Sampling 3 unrevealed pokemon
INFO     	      hippowdon   sandstream  rockyhelmet [earthquake, slackoff, stoneedge, whirlwind] ttype=dragon
INFO     	     calyrexice asoneglastrier heavydutyboots [closecombat, glaciallance, highhorsepower, trickroom] ttype=fighting
INFO     	        beartic    swiftswim heavydutyboots [aquajet, earthquake, iciclecrash, swordsdance] ttype=ground
INFO     Sampling battle 30
INFO     	    roaringmoon protosynthesis         None [acrobatics, dragondance, knockoff, outrage] ttype=flying
INFO     	         lunala shadowshield    leftovers [calmmind, moongeistbeam, moonlight, psyshock] ttype=fairy
INFO     	     golemalola    galvanize      lifeorb [doubleedge, earthquake, rockpolish, stoneedge] ttype=grass
INFO     Sampling 3 unrevealed pokemon
INFO     	       cinccino   technician   loadeddice [bulletseed, tailslap, tidyup, tripleaxel] ttype=ice
INFO     	        tropius      harvest  sitrusberry [airslash, leechseed, protect, substitute] ttype=steel
INFO     	  arceuspsychic    multitype    mindplate [bodypress, cosmicpower, recover, storedpower] ttype=steel
INFO     Sampling battle 31
INFO     	    roaringmoon protosynthesis         None [dragondance, ironhead, knockoff, outrage] ttype=steel
INFO     	         lunala shadowshield    leftovers [calmmind, moongeistbeam, moonlight, psyshock] ttype=fairy
INFO     	     golemalola    galvanize      lifeorb [doubleedge, earthquake, rockpolish, stoneedge] ttype=grass
INFO     Sampling 3 unrevealed pokemon
INFO     	         latios     levitate  choicespecs [aurasphere, dracometeor, flipturn, lusterpurge] ttype=dragon
INFO     	          entei   innerfocus   choiceband [extremespeed, flareblitz, sacredfire, stoneedge] ttype=fire
INFO     	thundurustherian   voltabsorb heavydutyboots [focusblast, nastyplot, psychic, thunderbolt] ttype=psychic
INFO     Searching for a move using MCTS...
INFO     Sampling 32 battles at 250ms each
INFO     Choice: switch sylveon
INFO     sylveon switched in, adding intimidate to impossible abilities
INFO     sylveon switched in, adding pressure to impossible abilities
INFO     sylveon switched in, adding neutralizinggas to impossible abilities
INFO     sylveon switched in, adding sandstream to impossible abilities
INFO     sylveon switched in, adding drought to impossible abilities
INFO     sylveon switched in, adding drizzle to impossible abilities
INFO     sylveon switched in, adding snowwarning to impossible abilities
INFO     sylveon switched in, adding boosterenergy to impossible items
INFO     sylveon switched in, adding airballoon to impossible items
INFO     roaringmoon used a dark move, removing darkgem from possible items
INFO     Setting roaringmoon's last used move: knockoff
INFO     roaringmoon used a damaging move - not guessing lifeorb anymore
INFO     roaringmoon did 26.669999999999998% damage to sylveon with knockoff
INFO     Removing sylveon's item: leftovers
INFO     Setting sylveon's removed item to leftovers
INFO     Knockoff removed sylveon's item
INFO     roaringmoon has less than maxhp during upkeep, no longer guessing leftovers or blacksludge
INFO     
INFO     Turn: 42
INFO     loaded 7 player and 0 effective opponent priors
INFO     Sampling battle 0
INFO     	    roaringmoon protosynthesis         None [dragondance, ironhead, knockoff, outrage] ttype=steel
INFO     	         lunala shadowshield    leftovers [calmmind, moongeistbeam, moonlight, psyshock] ttype=fairy
INFO     	     golemalola    galvanize      lifeorb [doubleedge, earthquake, rockpolish, stoneedge] ttype=flying
INFO     Sampling 3 unrevealed pokemon
INFO     	       porygon2     download     eviolite [discharge, icebeam, recover, triattack] ttype=poison
INFO     	      primarina  liquidvoice    leftovers [calmmind, drainingkiss, moonblast, psychicnoise] ttype=steel
INFO     	      vileplume  effectspore    leftovers [gigadrain, leechseed, sludgebomb, strengthsap] ttype=steel
INFO     Sampling battle 1
INFO     	    roaringmoon protosynthesis         None [acrobatics, dragondance, knockoff, outrage] ttype=flying
INFO     	         lunala shadowshield    leftovers [calmmind, moongeistbeam, moonlight, psyshock] ttype=fairy
INFO     	     golemalola    galvanize      lifeorb [doubleedge, earthquake, rockpolish, stoneedge] ttype=flying
INFO     Sampling 3 unrevealed pokemon
INFO     	        carbink       sturdy    leftovers [bodypress, irondefense, moonblast, rockpolish] ttype=fighting
INFO     	    arceusfairy    multitype   pixieplate [calmmind, earthpower, judgment, recover] ttype=steel
INFO     	         veluza    sharpness   choiceband [aquacutter, aquajet, nightslash, psychocut] ttype=dark
INFO     Sampling battle 2
INFO     	    roaringmoon protosynthesis         None [dragondance, ironhead, knockoff, outrage] ttype=steel
INFO     	         lunala shadowshield    leftovers [calmmind, moongeistbeam, moonlight, psyshock] ttype=fairy
INFO     	     golemalola    galvanize      lifeorb [doubleedge, earthquake, rockpolish, stoneedge] ttype=grass
INFO     Sampling 3 unrevealed pokemon
INFO     	        slowbro  regenerator    leftovers [bodypress, irondefense, scald, slackoff] ttype=fighting
INFO     	    arceuswater    multitype  splashplate [calmmind, judgment, recover, willowisp] ttype=steel
INFO     	        dedenne   cheekpouch  sitrusberry [dazzlinggleam, nuzzle, thunderbolt, uturn] ttype=flying
INFO     Sampling battle 3
INFO     	    roaringmoon protosynthesis         None [dragondance, ironhead, knockoff, outrage] ttype=steel
INFO     	         lunala shadowshield    leftovers [calmmind, moongeistbeam, moonlight, psyshock] ttype=fairy
INFO     	     golemalola    galvanize      lifeorb [doubleedge, earthquake, rockpolish, stoneedge] ttype=flying
INFO     Sampling 3 unrevealed pokemon
INFO     	       samurott      torrent  assaultvest [grassknot, hydropump, knockoff, megahorn] ttype=dark
INFO     	squawkabillywhite       hustle   choiceband [bravebird, doubleedge, foulplay, quickattack] ttype=normal
INFO     	          hypno     insomnia    leftovers [focusblast, protect, psychicnoise, toxic] ttype=dark
INFO     Sampling battle 4
INFO     	    roaringmoon protosynthesis         None [dragondance, ironhead, knockoff, outrage] ttype=steel
INFO     	         lunala shadowshield    leftovers [calmmind, moongeistbeam, moonlight, psyshock] ttype=fairy
INFO     	     golemalola    galvanize      lifeorb [doubleedge, earthquake, rockpolish, stoneedge] ttype=flying
INFO     Sampling 3 unrevealed pokemon
INFO     	        gliscor   poisonheal     toxicorb [earthquake, knockoff, protect, toxic] ttype=water
INFO     	   weezinggalar     levitate    leftovers [defog, gunkshot, strangesteam, willowisp] ttype=steel
INFO     	         kyurem     pressure  choicespecs [dracometeor, earthpower, freezedry, icebeam] ttype=ground
INFO     Sampling battle 5
INFO     	    roaringmoon protosynthesis         None [acrobatics, dragondance, knockoff, outrage] ttype=flying
INFO     	         lunala shadowshield    leftovers [calmmind, moongeistbeam, moonlight, psyshock] ttype=fairy
INFO     	     golemalola    galvanize      lifeorb [doubleedge, earthquake, rockpolish, stoneedge] ttype=flying
INFO     Sampling 3 unrevealed pokemon
INFO     	       floatzel    waterveil    leftovers [bulkup, icespinner, taunt, wavecrash] ttype=steel
INFO     	     tentacruel   liquidooze    leftovers [rapidspin, sludgebomb, surf, toxic] ttype=flying
INFO     	       arboliva    seedsower    leftovers [earthpower, energyball, hypervoice, strengthsap] ttype=poison
INFO     Sampling battle 6
INFO     	    roaringmoon protosynthesis         None [acrobatics, dragondance, knockoff, outrage] ttype=flying
INFO     	         lunala shadowshield    leftovers [calmmind, moongeistbeam, moonlight, psyshock] ttype=fairy
INFO     	     golemalola    galvanize      lifeorb [doubleedge, earthquake, rockpolish, stoneedge] ttype=flying
INFO     Sampling 3 unrevealed pokemon
INFO     	       camerupt    solidrock    leftovers [earthquake, overheat, stealthrock, willowisp] ttype=grass
INFO     	         lapras  waterabsorb   loadeddice [dragondance, earthquake, iciclespear, waterfall] ttype=ground
INFO     	squawkabillywhite       hustle   choiceband [bravebird, doubleedge, foulplay, quickattack] ttype=normal
INFO     Sampling battle 7
INFO     	    roaringmoon protosynthesis         None [acrobatics, dragondance, knockoff, outrage] ttype=flying
INFO     	         lunala shadowshield    leftovers [calmmind, moongeistbeam, moonlight, psyshock] ttype=fairy
INFO     	     golemalola    galvanize      lifeorb [doubleedge, earthquake, rockpolish, stoneedge] ttype=flying
INFO     Sampling 3 unrevealed pokemon
INFO     	   arceusdragon    multitype   dracoplate [calmmind, fireblast, judgment, sludgebomb] ttype=fire
INFO     	       venomoth   tintedlens heavydutyboots [bugbuzz, quiverdance, sleeppowder, sludgewave] ttype=poison
INFO     	    ironvaliant   quarkdrive      lifeorb [closecombat, knockoff, spiritbreak, swordsdance] ttype=dark
INFO     Sampling battle 8
INFO     	    roaringmoon protosynthesis         None [dragondance, ironhead, knockoff, outrage] ttype=steel
INFO     	         lunala shadowshield    leftovers [calmmind, moongeistbeam, moonlight, psyshock] ttype=fairy
INFO     	     golemalola    galvanize      lifeorb [doubleedge, earthquake, rockpolish, stoneedge] ttype=grass
INFO     Sampling 3 unrevealed pokemon
INFO     	      dragapult    clearbody      lifeorb [dragondance, dragondarts, fireblast, terablast] ttype=ghost
INFO     	        drednaw   shellarmor    whiteherb [earthquake, liquidation, shellsmash, stoneedge] ttype=water
INFO     	        flareon         guts     toxicorb [facade, flareblitz, trailblaze, willowisp] ttype=normal
INFO     Sampling battle 9
INFO     	    roaringmoon protosynthesis         None [dragondance, ironhead, knockoff, outrage] ttype=steel
INFO     	         lunala shadowshield    leftovers [calmmind, moongeistbeam, moonlight, psyshock] ttype=fairy
INFO     	     golemalola    galvanize      lifeorb [doubleedge, earthquake, rockpolish, stoneedge] ttype=flying
INFO     Sampling 3 unrevealed pokemon
INFO     	       chimecho     levitate    leftovers [healbell, psychicnoise, recover, thunderwave] ttype=poison
INFO     	      tyranitar   sandstream    leftovers [dragontail, knockoff, stoneedge, thunderwave] ttype=ghost
INFO     	    arceuswater    multitype  splashplate [calmmind, judgment, recover, willowisp] ttype=steel
INFO     Sampling battle 10
INFO     	    roaringmoon protosynthesis         None [dragondance, ironhead, knockoff, outrage] ttype=steel
INFO     	         lunala shadowshield    leftovers [calmmind, moongeistbeam, moonlight, psyshock] ttype=fairy
INFO     	     golemalola    galvanize      lifeorb [doubleedge, earthquake, rockpolish, stoneedge] ttype=flying
INFO     Sampling 3 unrevealed pokemon
INFO     	       necrozma   prismarmor      lifeorb [dragondance, earthquake, knockoff, photongeyser] ttype=dark
INFO     	      duraludon   lightmetal     eviolite [bodypress, dracometeor, flashcannon, thunderwave] ttype=fighting
INFO     	        gliscor   poisonheal     toxicorb [earthquake, knockoff, protect, toxicspikes] ttype=water
INFO     Sampling battle 11
INFO     	    roaringmoon protosynthesis         None [dragondance, ironhead, knockoff, outrage] ttype=steel
INFO     	         lunala shadowshield    leftovers [calmmind, moongeistbeam, moonlight, psyshock] ttype=fairy
INFO     	     golemalola    galvanize      lifeorb [doubleedge, earthquake, rockpolish, stoneedge] ttype=grass
INFO     Sampling 3 unrevealed pokemon
INFO     	    basculegion adaptability  assaultvest [aquajet, flipturn, shadowball, wavecrash] ttype=water
INFO     	    arceussteel    multitype    ironplate [earthquake, judgment, recover, willowisp] ttype=ghost
INFO     	     gothitelle    shadowtag    leftovers [calmmind, darkpulse, psychicnoise, thunderbolt] ttype=fairy
INFO     Sampling battle 12
INFO     	    roaringmoon protosynthesis         None [acrobatics, dragondance, knockoff, outrage] ttype=flying
INFO     	         lunala shadowshield    leftovers [calmmind, moongeistbeam, moonlight, psyshock] ttype=fairy
INFO     	     golemalola    galvanize      lifeorb [doubleedge, earthquake, rockpolish, stoneedge] ttype=grass
INFO     Sampling 3 unrevealed pokemon
INFO     	       cobalion    justified    leftovers [closecombat, ironhead, swordsdance, taunt] ttype=fighting
INFO     	       dragalge adaptability  assaultvest [dracometeor, dragontail, focusblast, sludgewave] ttype=fighting
INFO     	        tropius      harvest  sitrusberry [dragondance, dualwingbeat, earthquake, synthesis] ttype=ground
INFO     Sampling battle 13
INFO     	    roaringmoon protosynthesis         None [acrobatics, dragondance, knockoff, outrage] ttype=flying
INFO     	         lunala shadowshield    leftovers [calmmind, moongeistbeam, moonlight, psyshock] ttype=fairy
INFO     	     golemalola    galvanize      lifeorb [doubleedge, earthquake, rockpolish, stoneedge] ttype=flying
INFO     Sampling 3 unrevealed pokemon
INFO     	        drednaw   shellarmor    whiteherb [earthquake, liquidation, shellsmash, stoneedge] ttype=ground
INFO     	          lugia   multiscale heavydutyboots [aeroblast, calmmind, psychicnoise, recover] ttype=steel
INFO     	        seviper  infiltrator      lifeorb [earthquake, flamethrower, gigadrain, gunkshot] ttype=fire
INFO     Sampling battle 14
INFO     	    roaringmoon protosynthesis         None [dragondance, ironhead, knockoff, outrage] ttype=steel
INFO     	         lunala shadowshield    leftovers [calmmind, moongeistbeam, moonlight, psyshock] ttype=fairy
INFO     	     golemalola    galvanize      lifeorb [doubleedge, earthquake, rockpolish, stoneedge] ttype=flying
INFO     Sampling 3 unrevealed pokemon
INFO     	      hippowdon   sandstream    leftovers [earthquake, slackoff, stoneedge, whirlwind] ttype=steel
INFO     	        grumpig     thickfat    leftovers [dazzlinggleam, earthpower, nastyplot, psyshock] ttype=ground
INFO     	       illumise    prankster heavydutyboots [bugbuzz, encore, roost, thunderwave] ttype=steel
INFO     Sampling battle 15
INFO     	    roaringmoon protosynthesis         None [acrobatics, dragondance, knockoff, outrage] ttype=flying
INFO     	         lunala shadowshield    leftovers [calmmind, moongeistbeam, moonlight, psyshock] ttype=fairy
INFO     	     golemalola    galvanize      lifeorb [doubleedge, earthquake, rockpolish, stoneedge] ttype=flying
INFO     Sampling 3 unrevealed pokemon
INFO     	       basculin adaptability   choiceband [aquajet, doubleedge, flipturn, wavecrash] ttype=water
INFO     	    oinkolognef     thickfat    leftovers [bodyslam, curse, rest, sleeptalk] ttype=fairy
INFO     	       braviary      defiant heavydutyboots [bravebird, bulkup, closecombat, roost] ttype=fighting
INFO     Searching for a move using MCTS...
INFO     Sampling 16 battles at 500ms each
INFO     Choice: hypervoice
INFO     roaringmoon used two different moves - it cannot have a choice item
INFO     roaringmoon used a steel move, removing steelgem from possible items
INFO     Setting roaringmoon's last used move: ironhead
INFO     roaringmoon used a damaging move - not guessing lifeorb anymore
INFO     roaringmoon did 54.669999999999995% damage to sylveon with ironhead
INFO     roaringmoon has less than maxhp during upkeep, no longer guessing leftovers or blacksludge
INFO     
INFO     Turn: 43
INFO     loaded 7 player and 0 effective opponent priors
INFO     Sampling battle 0
INFO     	    roaringmoon protosynthesis         None [dragondance, ironhead, knockoff, outrage] ttype=steel
INFO     	         lunala shadowshield    leftovers [calmmind, moongeistbeam, moonlight, psyshock] ttype=fairy
INFO     	     golemalola    galvanize      lifeorb [doubleedge, earthquake, rockpolish, stoneedge] ttype=flying
INFO     Sampling 3 unrevealed pokemon
INFO     	         luxray   intimidate  assaultvest [playrough, throatchop, voltswitch, wildcharge] ttype=fairy
INFO     	   squawkabilly         guts     flameorb [bravebird, facade, quickattack, uturn] ttype=normal
INFO     	      ninetales      drought heavydutyboots [fireblast, nastyplot, scorchingsands, solarbeam] ttype=fire
INFO     Sampling battle 1
INFO     	    roaringmoon protosynthesis         None [dragondance, ironhead, knockoff, outrage] ttype=steel
INFO     	         lunala shadowshield    leftovers [calmmind, moongeistbeam, moonlight, psyshock] ttype=fairy
INFO     	     golemalola    galvanize      lifeorb [doubleedge, earthquake, rockpolish, stoneedge] ttype=flying
INFO     Sampling 3 unrevealed pokemon
INFO     	       illumise    prankster heavydutyboots [bugbuzz, encore, roost, thunderwave] ttype=water
INFO     	      duraludon   lightmetal     eviolite [bodypress, dracometeor, dragontail, flashcannon] ttype=fighting
INFO     	      serperior     contrary      lifeorb [glare, leafstorm, synthesis, terablast] ttype=rock
INFO     Sampling battle 2
INFO     	    roaringmoon protosynthesis         None [dragondance, ironhead, knockoff, outrage] ttype=steel
INFO     	         lunala shadowshield    leftovers [calmmind, moongeistbeam, moonlight, psyshock] ttype=fairy
INFO     	     golemalola    galvanize      lifeorb [doubleedge, earthquake, rockpolish, stoneedge] ttype=grass
INFO     Sampling 3 unrevealed pokemon
INFO     	   arceusdragon    multitype   dracoplate [calmmind, fireblast, judgment, sludgebomb] ttype=fire
INFO     	necrozmaduskmane   prismarmor weaknesspolicy [dragondance, earthquake, photongeyser, sunsteelstrike] ttype=water
INFO     	       sawsbuck    sapsipper      lifeorb [doubleedge, highhorsepower, hornleech, swordsdance] ttype=ground
INFO     Sampling battle 3
INFO     	    roaringmoon protosynthesis         None [dragondance, ironhead, knockoff, outrage] ttype=steel
INFO     	         lunala shadowshield    leftovers [calmmind, moongeistbeam, moonlight, psyshock] ttype=fairy
INFO     	     golemalola    galvanize      lifeorb [doubleedge, earthquake, rockpolish, stoneedge] ttype=grass
INFO     Sampling 3 unrevealed pokemon
INFO     	     eelektross     levitate  assaultvest [closecombat, discharge, flamethrower, uturn] ttype=steel
INFO     	       ursaring         guts     eviolite [bodyslam, earthquake, rest, sleeptalk] ttype=ground
INFO     	       venomoth   tintedlens heavydutyboots [bugbuzz, quiverdance, sleeppowder, sludgewave] ttype=water
INFO     Sampling battle 4
INFO     	    roaringmoon protosynthesis         None [dragondance, ironhead, knockoff, outrage] ttype=steel
INFO     	         lunala shadowshield    leftovers [calmmind, moongeistbeam, moonlight, psyshock] ttype=fairy
INFO     	     golemalola    galvanize      lifeorb [doubleedge, earthquake, rockpolish, stoneedge] ttype=flying
INFO     Sampling 3 unrevealed pokemon
INFO     	   avalugghisui       sturdy heavydutyboots [avalanche, bodypress, recover, stoneedge] ttype=flying
INFO     	       quagsire      unaware    leftovers [earthquake, recover, spikes, toxic] ttype=fairy
INFO     	   hoopaunbound     magician  choicescarf [gunkshot, hyperspacefury, psychic, trick] ttype=poison
INFO     Sampling battle 5
INFO     	    roaringmoon protosynthesis         None [dragondance, ironhead, knockoff, outrage] ttype=steel
INFO     	         lunala shadowshield    leftovers [calmmind, moongeistbeam, moonlight, psyshock] ttype=fairy
INFO     	     golemalola    galvanize      lifeorb [doubleedge, earthquake, rockpolish, stoneedge] ttype=flying
INFO     Sampling 3 unrevealed pokemon
INFO     	       chienpao  swordofruin   choiceband [crunch, iceshard, iciclecrash, sacredsword] ttype=ice
INFO     	  oricoriosensu       dancer heavydutyboots [hurricane, quiverdance, revelationdance, roost] ttype=fighting
INFO     	     gothitelle    shadowtag    leftovers [calmmind, darkpulse, focusblast, psychicnoise] ttype=dark
INFO     Sampling battle 6
INFO     	    roaringmoon protosynthesis         None [dragondance, ironhead, knockoff, outrage] ttype=steel
INFO     	         lunala shadowshield    leftovers [calmmind, moongeistbeam, moonlight, psyshock] ttype=fairy
INFO     	     golemalola    galvanize      lifeorb [doubleedge, earthquake, rockpolish, stoneedge] ttype=grass
INFO     Sampling 3 unrevealed pokemon
INFO     	        dewgong     thickfat  assaultvest [flipturn, knockoff, surf, tripleaxel] ttype=ground
INFO     	       ludicolo    swiftswim  choicespecs [gigadrain, hydropump, icebeam, leafstorm] ttype=grass
INFO     	      vespiquen     pressure heavydutyboots [airslash, roost, spikes, toxic] ttype=steel
INFO     Sampling battle 7
INFO     	    roaringmoon protosynthesis         None [dragondance, ironhead, knockoff, outrage] ttype=steel
INFO     	         lunala shadowshield    leftovers [calmmind, moongeistbeam, moonlight, psyshock] ttype=fairy
INFO     	     golemalola    galvanize      lifeorb [doubleedge, earthquake, rockpolish, stoneedge] ttype=flying
INFO     Sampling 3 unrevealed pokemon
INFO     	      lilligant     owntempo      lifeorb [alluringvoice, petaldance, quiverdance, sleeppowder] ttype=fairy
INFO     	       greninja      protean      lifeorb [darkpulse, hydropump, icebeam, toxicspikes] ttype=dark
INFO     	  slowkinggalar  regenerator    leftovers [psyshock, slackoff, sludgebomb, thunderwave] ttype=fairy
INFO     Sampling battle 8
INFO     	    roaringmoon protosynthesis         None [dragondance, ironhead, knockoff, outrage] ttype=steel
INFO     	         lunala shadowshield    leftovers [calmmind, moongeistbeam, moonlight, psyshock] ttype=fairy
INFO     	     golemalola    galvanize      lifeorb [doubleedge, earthquake, rockpolish, stoneedge] ttype=flying
INFO     Sampling 3 unrevealed pokemon
INFO     	      mamoswine     thickfat   choiceband [earthquake, iceshard, iciclecrash, knockoff] ttype=ice
INFO     	        toxapex  regenerator    leftovers [haze, liquidation, recover, toxicspikes] ttype=grass
INFO     	       venomoth   tintedlens heavydutyboots [bugbuzz, quiverdance, sleeppowder, sludgewave] ttype=steel
INFO     Sampling battle 9
INFO     	    roaringmoon protosynthesis         None [dragondance, ironhead, knockoff, outrage] ttype=steel
INFO     	         lunala shadowshield    leftovers [calmmind, moongeistbeam, moonlight, psyshock] ttype=fairy
INFO     	     golemalola    galvanize      lifeorb [doubleedge, earthquake, rockpolish, stoneedge] ttype=flying
INFO     Sampling 3 unrevealed pokemon
INFO     	        beartic    swiftswim heavydutyboots [aquajet, closecombat, iciclecrash, swordsdance] ttype=fighting
INFO     	         veluza    sharpness  sitrusberry [aquacutter, filletaway, nightslash, psychocut] ttype=dark
INFO     	       ludicolo    swiftswim      lifeorb [gigadrain, hydropump, icebeam, raindance] ttype=steel
INFO     Sampling battle 10
INFO     	    roaringmoon protosynthesis         None [dragondance, ironhead, knockoff, outrage] ttype=steel
INFO     	         lunala shadowshield    leftovers [calmmind, moongeistbeam, moonlight, psyshock] ttype=fairy
INFO     	     golemalola    galvanize      lifeorb [doubleedge, earthquake, rockpolish, stoneedge] ttype=grass
INFO     Sampling 3 unrevealed pokemon
INFO     	     rotomfrost     levitate heavydutyboots [blizzard, nastyplot, thunderbolt, willowisp] ttype=electric
INFO     	         latias     levitate      souldew [calmmind, dracometeor, psyshock, recover] ttype=steel
INFO     	       inteleon      torrent  choicespecs [hydropump, icebeam, scald, uturn] ttype=water
INFO     Sampling battle 11
INFO     	    roaringmoon protosynthesis         None [dragondance, ironhead, knockoff, outrage] ttype=steel
INFO     	         lunala shadowshield    leftovers [calmmind, moongeistbeam, moonlight, psyshock] ttype=fairy
INFO     	     golemalola    galvanize      lifeorb [doubleedge, earthquake, rockpolish, stoneedge] ttype=flying
INFO     Sampling 3 unrevealed pokemon
INFO     	        ogerpon      defiant    leftovers [ivycudgel, spikes, superpower, synthesis] ttype=grass
INFO     	       vikavolt     levitate heavydutyboots [bugbuzz, discharge, energyball, stickyweb] ttype=electric
INFO     	         arceus    multitype      lifeorb [earthquake, extremespeed, recover, swordsdance] ttype=normal
INFO     Sampling battle 12
INFO     	    roaringmoon protosynthesis         None [dragondance, ironhead, knockoff, outrage] ttype=steel
INFO     	         lunala shadowshield    leftovers [calmmind, moongeistbeam, moonlight, psyshock] ttype=fairy
INFO     	     golemalola    galvanize      lifeorb [doubleedge, earthquake, rockpolish, stoneedge] ttype=flying
INFO     Sampling 3 unrevealed pokemon
INFO     	    arceusgrass    multitype  meadowplate [calmmind, earthpower, icebeam, judgment] ttype=ground
INFO     	       rotommow     levitate  choicescarf [leafstorm, thunderbolt, trick, voltswitch] ttype=electric
INFO     	       skarmory       sturdy    leftovers [bravebird, roost, spikes, stealthrock] ttype=dragon
INFO     Sampling battle 13
INFO     	    roaringmoon protosynthesis         None [dragondance, ironhead, knockoff, outrage] ttype=steel
INFO     	         lunala shadowshield    leftovers [calmmind, moongeistbeam, moonlight, psyshock] ttype=fairy
INFO     	     golemalola    galvanize      lifeorb [doubleedge, earthquake, rockpolish, stoneedge] ttype=grass
INFO     Sampling 3 unrevealed pokemon
INFO     	        snorlax     thickfat  chestoberry [bodyslam, curse, earthquake, rest] ttype=ground
INFO     	          lokix   tintedlens      lifeorb [knockoff, leechlife, suckerpunch, swordsdance] ttype=dark
INFO     	        volbeat    prankster heavydutyboots [encore, lunge, roost, thunderwave] ttype=steel
INFO     Sampling battle 14
INFO     	    roaringmoon protosynthesis         None [dragondance, ironhead, knockoff, outrage] ttype=steel
INFO     	         lunala shadowshield    leftovers [calmmind, moongeistbeam, moonlight, psyshock] ttype=fairy
INFO     	     golemalola    galvanize      lifeorb [doubleedge, earthquake, rockpolish, stoneedge] ttype=grass
INFO     Sampling 3 unrevealed pokemon
INFO     	        manaphy    hydration    leftovers [energyball, icebeam, surf, tailglow] ttype=grass
INFO     	       ursaring         guts     eviolite [bodyslam, rest, sleeptalk, throatchop] ttype=ghost
INFO     	    kilowattrel   voltabsorb heavydutyboots [hurricane, roost, thunderbolt, uturn] ttype=water
INFO     Sampling battle 15
INFO     	    roaringmoon protosynthesis         None [dragondance, ironhead, knockoff, outrage] ttype=steel
INFO     	         lunala shadowshield    leftovers [calmmind, moongeistbeam, moonlight, psyshock] ttype=fairy
INFO     	     golemalola    galvanize      lifeorb [doubleedge, earthquake, rockpolish, stoneedge] ttype=flying
INFO     Sampling 3 unrevealed pokemon
INFO     	       rotommow     levitate    leftovers [leafstorm, nastyplot, thunderbolt, willowisp] ttype=electric
INFO     	       indeedee psychicsurge  choicespecs [dazzlinggleam, expandingforce, hypervoice, shadowball] ttype=psychic
INFO     	       froslass   cursedbody     widelens [destinybond, poltergeist, tripleaxel, willowisp] ttype=ghost
INFO     Searching for a move using MCTS...
INFO     Sampling 16 battles at 500ms each
INFO     Choice: protect
INFO     sylveon already has the move protect. Decrementing the PP by 1
INFO     sylveon used a status-move. Adding `assaultvest` to impossible items
INFO     Setting sylveon's last used move: protect
INFO     sylveon used a protect move, set protect side condition to 2
INFO     roaringmoon already has the move ironhead. Decrementing the PP by 1
INFO     roaringmoon used a steel move, removing steelgem from possible items
INFO     Setting roaringmoon's last used move: ironhead
INFO     roaringmoon used a damaging move - not guessing lifeorb anymore
INFO     Setting protect to 1 for the bot
INFO     roaringmoon has less than maxhp during upkeep, no longer guessing leftovers or blacksludge
INFO     
INFO     Turn: 44
INFO     loaded 7 player and 0 effective opponent priors
INFO     Sampling battle 0
INFO     	    roaringmoon protosynthesis         None [dragondance, ironhead, knockoff, outrage] ttype=steel
INFO     	         lunala shadowshield    leftovers [calmmind, moongeistbeam, moonlight, psyshock] ttype=fairy
INFO     	     golemalola    galvanize      lifeorb [doubleedge, earthquake, rockpolish, stoneedge] ttype=grass
INFO     Sampling 3 unrevealed pokemon
INFO     	      mismagius     levitate      lifeorb [mysticalfire, nastyplot, shadowball, thunderbolt] ttype=electric
INFO     	       indeedee psychicsurge      lifeorb [calmmind, expandingforce, hypervoice, shadowball] ttype=psychic
INFO     	       arboliva      harvest  sitrusberry [hypervoice, leechseed, protect, substitute] ttype=poison
INFO     Sampling battle 1
INFO     	    roaringmoon protosynthesis         None [dragondance, ironhead, knockoff, outrage] ttype=steel
INFO     	         lunala shadowshield    leftovers [calmmind, moongeistbeam, moonlight, psyshock] ttype=fairy
INFO     	     golemalola    galvanize      lifeorb [doubleedge, earthquake, rockpolish, stoneedge] ttype=flying
INFO     Sampling 3 unrevealed pokemon
INFO     	       tinkaton  moldbreaker    leftovers [gigatonhammer, playrough, stealthrock, thunderwave] ttype=water
INFO     	        bisharp      defiant     eviolite [ironhead, suckerpunch, swordsdance, throatchop] ttype=ghost
INFO     	taurospaldeacombat   intimidate   choiceband [closecombat, earthquake, ironhead, throatchop] ttype=fighting
INFO     Sampling battle 2
INFO     	    roaringmoon protosynthesis         None [dragondance, ironhead, knockoff, outrage] ttype=steel
INFO     	         lunala shadowshield    leftovers [calmmind, moongeistbeam, moonlight, psyshock] ttype=fairy
INFO     	     golemalola    galvanize      lifeorb [doubleedge, earthquake, rockpolish, stoneedge] ttype=flying
INFO     Sampling 3 unrevealed pokemon
INFO     	        gliscor   poisonheal     toxicorb [earthquake, knockoff, protect, toxicspikes] ttype=water
INFO     	      lilligant     owntempo      lifeorb [alluringvoice, petaldance, quiverdance, sleeppowder] ttype=grass
INFO     	       necrozma   prismarmor    leftovers [calmmind, earthpower, moonlight, photongeyser] ttype=ground
INFO     Sampling battle 3
INFO     	    roaringmoon protosynthesis         None [dragondance, ironhead, knockoff, outrage] ttype=steel
INFO     	         lunala shadowshield    leftovers [calmmind, moongeistbeam, moonlight, psyshock] ttype=fairy
INFO     	     golemalola    galvanize      lifeorb [doubleedge, earthquake, rockpolish, stoneedge] ttype=flying
INFO     Sampling 3 unrevealed pokemon
INFO     	      tatsugiri   stormdrain heavydutyboots [dracometeor, nastyplot, rapidspin, surf] ttype=steel
INFO     	       sawsbuck    sapsipper      lifeorb [doubleedge, highhorsepower, hornleech, swordsdance] ttype=normal
INFO     	      ceruledge    weakarmor heavydutyboots [bitterblade, poltergeist, shadowsneak, swordsdance] ttype=fire
INFO     Sampling battle 4
INFO     	    roaringmoon protosynthesis         None [dragondance, ironhead, knockoff, outrage] ttype=steel
INFO     	         lunala shadowshield    leftovers [calmmind, moongeistbeam, moonlight, psyshock] ttype=fairy
INFO     	     golemalola    galvanize      lifeorb [doubleedge, earthquake, rockpolish, stoneedge] ttype=flying
INFO     Sampling 3 unrevealed pokemon
INFO     	      girafarig    sapsipper     eviolite [hypervoice, nastyplot, psyshock, thunderbolt] ttype=normal
INFO     	      zebstrika    sapsipper      lifeorb [highhorsepower, overheat, supercellslam, voltswitch] ttype=ground
INFO     	    arceuswater    multitype  splashplate [calmmind, icebeam, judgment, recover] ttype=steel
INFO     Sampling battle 5
INFO     	    roaringmoon protosynthesis         None [dragondance, ironhead, knockoff, outrage] ttype=steel
INFO     	         lunala shadowshield    leftovers [calmmind, moongeistbeam, moonlight, psyshock] ttype=fairy
INFO     	     golemalola    galvanize      lifeorb [doubleedge, earthquake, rockpolish, stoneedge] ttype=flying
INFO     Sampling 3 unrevealed pokemon
INFO     	      gastrodon   stormdrain    leftovers [earthquake, recover, sludgebomb, surf] ttype=poison
INFO     	       hawlucha     unburden    whiteherb [acrobatics, bravebird, closecombat, swordsdance] ttype=fighting
INFO     	       smeargle     owntempo    focussash [ceaselessedge, spore, stickyweb, whirlwind] ttype=ghost
INFO     Sampling battle 6
INFO     	    roaringmoon protosynthesis         None [dragondance, ironhead, knockoff, outrage] ttype=steel
INFO     	         lunala shadowshield    leftovers [calmmind, moongeistbeam, moonlight, psyshock] ttype=fairy
INFO     	     golemalola    galvanize      lifeorb [doubleedge, earthquake, rockpolish, stoneedge] ttype=grass
INFO     Sampling 3 unrevealed pokemon
INFO     	ogerponcornerstone       sturdy cornerstonemask [ivycudgel, powerwhip, superpower, swordsdance] ttype=rock
INFO     	       slowking  regenerator heavydutyboots [chillyreception, futuresight, scald, slackoff] ttype=fairy
INFO     	     conkeldurr         guts     flameorb [closecombat, facade, knockoff, machpunch] ttype=normal
INFO     Sampling battle 7
INFO     	    roaringmoon protosynthesis         None [dragondance, ironhead, knockoff, outrage] ttype=steel
INFO     	         lunala shadowshield    leftovers [calmmind, moongeistbeam, moonlight, psyshock] ttype=fairy
INFO     	     golemalola    galvanize      lifeorb [doubleedge, earthquake, rockpolish, stoneedge] ttype=flying
INFO     Sampling 3 unrevealed pokemon
INFO     	      charizard        blaze heavydutyboots [earthquake, flamethrower, focusblast, hurricane] ttype=dragon
INFO     	      hatterene  magicbounce  assaultvest [drainingkiss, mysticalfire, nuzzle, psychicnoise] ttype=steel
INFO     	     typhlosion        blaze  choicescarf [eruption, fireblast, focusblast, scorchingsands] ttype=fire
INFO     Sampling battle 8
INFO     	    roaringmoon protosynthesis         None [dragondance, ironhead, knockoff, outrage] ttype=steel
INFO     	         lunala shadowshield    leftovers [calmmind, moongeistbeam, moonlight, psyshock] ttype=fairy
INFO     	     golemalola    galvanize      lifeorb [doubleedge, earthquake, rockpolish, stoneedge] ttype=flying
INFO     Sampling 3 unrevealed pokemon
INFO     	      greattusk protosynthesis  assaultvest [closecombat, headlongrush, knockoff, rapidspin] ttype=steel
INFO     	         swanna    hydration heavydutyboots [bravebird, defog, hydropump, roost] ttype=ground
INFO     	       illumise    prankster heavydutyboots [bugbuzz, encore, roost, thunderwave] ttype=steel
INFO     Sampling battle 9
INFO     	    roaringmoon protosynthesis         None [dragondance, ironhead, knockoff, outrage] ttype=steel
INFO     	         lunala shadowshield    leftovers [calmmind, moongeistbeam, moonlight, psyshock] ttype=fairy
INFO     	     golemalola    galvanize      lifeorb [doubleedge, earthquake, rockpolish, stoneedge] ttype=grass
INFO     Sampling 3 unrevealed pokemon
INFO     	      registeel    clearbody    leftovers [bodypress, irondefense, ironhead, thunderwave] ttype=fighting
INFO     	     whimsicott    prankster    leftovers [encore, leechseed, moonblast, substitute] ttype=steel
INFO     	        torkoal      drought heavydutyboots [lavaplume, rapidspin, stealthrock, yawn] ttype=dragon
INFO     Sampling battle 10
INFO     	    roaringmoon protosynthesis         None [dragondance, ironhead, knockoff, outrage] ttype=steel
INFO     	         lunala shadowshield    leftovers [calmmind, moongeistbeam, moonlight, psyshock] ttype=fairy
INFO     	     golemalola    galvanize      lifeorb [doubleedge, earthquake, rockpolish, stoneedge] ttype=grass
INFO     Sampling 3 unrevealed pokemon
INFO     	      garganacl purifyingsalt    leftovers [bodypress, irondefense, recover, saltcure] ttype=dragon
INFO     	  articunogalar  competitive heavydutyboots [calmmind, freezingglare, hurricane, recover] ttype=steel
INFO     	     eelektross     levitate  assaultvest [discharge, dragontail, knockoff, uturn] ttype=poison
INFO     Sampling battle 11
INFO     	    roaringmoon protosynthesis         None [dragondance, ironhead, knockoff, outrage] ttype=steel
INFO     	         lunala shadowshield    leftovers [calmmind, moongeistbeam, moonlight, psyshock] ttype=fairy
INFO     	     golemalola    galvanize      lifeorb [doubleedge, earthquake, rockpolish, stoneedge] ttype=grass
INFO     Sampling 3 unrevealed pokemon
INFO     	       tsareena queenlymajesty heavydutyboots [powerwhip, rapidspin, synthesis, uturn] ttype=steel
INFO     	      vespiquen     pressure heavydutyboots [airslash, roost, spikes, uturn] ttype=steel
INFO     	       ursaring    quickfeet     toxicorb [closecombat, crunch, facade, swordsdance] ttype=normal
INFO     Sampling battle 12
INFO     	    roaringmoon protosynthesis         None [dragondance, ironhead, knockoff, outrage] ttype=steel
INFO     	         lunala shadowshield    leftovers [calmmind, moongeistbeam, moonlight, psyshock] ttype=fairy
INFO     	     golemalola    galvanize      lifeorb [doubleedge, earthquake, rockpolish, stoneedge] ttype=grass
INFO     Sampling 3 unrevealed pokemon
INFO     	      regigigas    slowstart    leftovers [bodyslam, knockoff, rest, sleeptalk] ttype=ghost
INFO     	   arceusdragon    multitype   dracoplate [flareblitz, heavyslam, outrage, swordsdance] ttype=fire
INFO     	         raichu lightningrod  assaultvest [focusblast, nuzzle, surf, thunderbolt] ttype=water
INFO     Sampling battle 13
INFO     	    roaringmoon protosynthesis         None [dragondance, ironhead, knockoff, outrage] ttype=steel
INFO     	         lunala shadowshield    leftovers [calmmind, moongeistbeam, moonlight, psyshock] ttype=fairy
INFO     	     golemalola    galvanize      lifeorb [doubleedge, earthquake, rockpolish, stoneedge] ttype=flying
INFO     Sampling 3 unrevealed pokemon
INFO     	         mewtwo     pressure      lifeorb [darkpulse, fireblast, nastyplot, psystrike] ttype=fire
INFO     	      abomasnow  snowwarning    lightclay [auroraveil, blizzard, iceshard, woodhammer] ttype=water
INFO     	        seviper  infiltrator    leftovers [earthquake, gunkshot, swordsdance, trailblaze] ttype=grass
INFO     Sampling battle 14
INFO     	    roaringmoon protosynthesis         None [dragondance, ironhead, knockoff, outrage] ttype=steel
INFO     	         lunala shadowshield    leftovers [calmmind, moongeistbeam, moonlight, psyshock] ttype=fairy
INFO     	     golemalola    galvanize      lifeorb [doubleedge, earthquake, rockpolish, stoneedge] ttype=flying
INFO     Sampling 3 unrevealed pokemon
INFO     	    goodrahisui    sapsipper  assaultvest [dracometeor, earthquake, fireblast, heavyslam] ttype=ground
INFO     	enamorustherian     overcoat weaknesspolicy [agility, earthpower, moonblast, superpower] ttype=ground
INFO     	        banette   cursedbody      lifeorb [gunkshot, poltergeist, shadowsneak, swordsdance] ttype=ghost
INFO     Sampling battle 15
INFO     	    roaringmoon protosynthesis         None [dragondance, ironhead, knockoff, outrage] ttype=steel
INFO     	         lunala shadowshield    leftovers [calmmind, moongeistbeam, moonlight, psyshock] ttype=fairy
INFO     	     golemalola    galvanize      lifeorb [doubleedge, earthquake, rockpolish, stoneedge] ttype=grass
INFO     Sampling 3 unrevealed pokemon
INFO     	      mismagius     levitate    leftovers [nastyplot, shadowball, substitute, terablast] ttype=fighting
INFO     	         emboar     reckless  assaultvest [closecombat, flareblitz, knockoff, wildcharge] ttype=fire
INFO     	         scizor   technician      lifeorb [bugbite, bulletpunch, closecombat, swordsdance] ttype=steel
INFO     Searching for a move using MCTS...
INFO     Sampling 16 battles at 500ms each
INFO     Choice: hypervoice
INFO     Updated roaringmoon's min speed to 151
INFO     roaringmoon already has the move ironhead. Decrementing the PP by 1
INFO     roaringmoon used a steel move, removing steelgem from possible items
INFO     Setting roaringmoon's last used move: ironhead
INFO     roaringmoon used a damaging move - not guessing lifeorb anymore
INFO     roaringmoon did 18.67% damage to sylveon with ironhead
INFO     Setting protect to 0 for the bot
INFO     roaringmoon has less than maxhp during upkeep, no longer guessing leftovers or blacksludge
INFO     loaded 3 player and 0 effective opponent priors
INFO     Sampling battle 0
INFO     	    roaringmoon protosynthesis         None [dragondance, ironhead, knockoff, outrage] ttype=steel
INFO     	         lunala shadowshield    leftovers [calmmind, moongeistbeam, moonlight, psyshock] ttype=fairy
INFO     	     golemalola    galvanize      lifeorb [doubleedge, earthquake, rockpolish, stoneedge] ttype=flying
INFO     Sampling 3 unrevealed pokemon
INFO     	        donphan       sturdy    leftovers [earthquake, knockoff, rapidspin, stealthrock] ttype=steel
INFO     	      passimian      defiant    leftovers [bulkup, drainpunch, gunkshot, knockoff] ttype=poison
INFO     	      gardevoir        trace  choicescarf [healingwish, moonblast, mysticalfire, psychic] ttype=fire
INFO     Sampling battle 1
INFO     	    roaringmoon protosynthesis         None [dragondance, ironhead, knockoff, outrage] ttype=steel
INFO     	         lunala shadowshield    leftovers [calmmind, moongeistbeam, moonlight, psyshock] ttype=fairy
INFO     	     golemalola    galvanize      lifeorb [doubleedge, earthquake, rockpolish, stoneedge] ttype=flying
INFO     Sampling 3 unrevealed pokemon
INFO     	   palkiaorigin     pressure lustrousglobe [dracometeor, fireblast, hydropump, thunderwave] ttype=fire
INFO     	        drednaw    strongjaw    whiteherb [crunch, liquidation, shellsmash, stoneedge] ttype=dark
INFO     	       meowstic    prankster    leftovers [alluringvoice, psychicnoise, thunderwave, yawn] ttype=fairy
INFO     Sampling battle 2
INFO     	    roaringmoon protosynthesis         None [dragondance, ironhead, knockoff, outrage] ttype=steel
INFO     	         lunala shadowshield    leftovers [calmmind, moongeistbeam, moonlight, psyshock] ttype=fairy
INFO     	     golemalola    galvanize      lifeorb [doubleedge, earthquake, rockpolish, stoneedge] ttype=grass
INFO     Sampling 3 unrevealed pokemon
INFO     	         zapdos       static heavydutyboots [hurricane, roost, thunderbolt, uturn] ttype=electric
INFO     	       inteleon      torrent  choicespecs [hydropump, icebeam, scald, uturn] ttype=water
INFO     	         lapras  waterabsorb heavydutyboots [freezedry, rest, sleeptalk, sparklingaria] ttype=dragon
INFO     Sampling battle 3
INFO     	    roaringmoon protosynthesis         None [dragondance, ironhead, knockoff, outrage] ttype=steel
INFO     	         lunala shadowshield    leftovers [calmmind, moongeistbeam, moonlight, psyshock] ttype=fairy
INFO     	     golemalola    galvanize      lifeorb [doubleedge, earthquake, rockpolish, stoneedge] ttype=grass
INFO     Sampling 3 unrevealed pokemon
INFO     	        dugtrio    arenatrap      lifeorb [earthquake, stoneedge, suckerpunch, swordsdance] ttype=flying
INFO     	     eelektross     levitate    leftovers [coil, drainpunch, knockoff, supercellslam] ttype=fighting
INFO     	      charizard        blaze heavydutyboots [dragondance, earthquake, flareblitz, outrage] ttype=ground
INFO     Sampling battle 4
INFO     	    roaringmoon protosynthesis         None [dragondance, ironhead, knockoff, outrage] ttype=steel
INFO     	         lunala shadowshield    leftovers [calmmind, moongeistbeam, moonlight, psyshock] ttype=fairy
INFO     	     golemalola    galvanize      lifeorb [doubleedge, earthquake, rockpolish, stoneedge] ttype=grass
INFO     Sampling 3 unrevealed pokemon
INFO     	      lilligant  chlorophyll      lifeorb [gigadrain, quiverdance, sleeppowder, terablast] ttype=fire
INFO     	        snorlax     thickfat    leftovers [bodyslam, curse, rest, sleeptalk] ttype=poison
INFO     	        weezing     levitate    leftovers [fireblast, gunkshot, painsplit, willowisp] ttype=steel
INFO     Sampling battle 5
INFO     	    roaringmoon protosynthesis         None [dragondance, ironhead, knockoff, outrage] ttype=steel
INFO     	         lunala shadowshield    leftovers [calmmind, moongeistbeam, moonlight, psyshock] ttype=fairy
INFO     	     golemalola    galvanize      lifeorb [doubleedge, earthquake, rockpolish, stoneedge] ttype=flying
INFO     Sampling 3 unrevealed pokemon
INFO     	      clawitzer megalauncher  assaultvest [aurasphere, dragonpulse, uturn, waterpulse] ttype=dragon
INFO     	  slowkinggalar  regenerator  assaultvest [fireblast, psychicnoise, sludgebomb, surf] ttype=water
INFO     	     wigglytuff  competitive    leftovers [dazzlinggleam, protect, thunderwave, wish] ttype=poison
INFO     Sampling battle 6
INFO     	    roaringmoon protosynthesis         None [dragondance, ironhead, knockoff, outrage] ttype=steel
INFO     	         lunala shadowshield    leftovers [calmmind, moongeistbeam, moonlight, psyshock] ttype=fairy
INFO     	     golemalola    galvanize      lifeorb [doubleedge, earthquake, rockpolish, stoneedge] ttype=grass
INFO     Sampling 3 unrevealed pokemon
INFO     	        leafeon  chlorophyll    leftovers [doubleedge, leafblade, substitute, swordsdance] ttype=normal
INFO     	         glalie   innerfocus heavydutyboots [earthquake, freezedry, spikes, taunt] ttype=ghost
INFO     	      hitmonlee     unburden    whiteherb [closecombat, knockoff, poisonjab, swordsdance] ttype=dark
INFO     Sampling battle 7
INFO     	    roaringmoon protosynthesis         None [dragondance, ironhead, knockoff, outrage] ttype=steel
INFO     	         lunala shadowshield    leftovers [calmmind, moongeistbeam, moonlight, psyshock] ttype=fairy
INFO     	     golemalola    galvanize      lifeorb [doubleedge, earthquake, rockpolish, stoneedge] ttype=flying
INFO     Sampling 3 unrevealed pokemon
INFO     	      passimian      defiant    leftovers [bulkup, drainpunch, gunkshot, knockoff] ttype=steel
INFO     	 giratinaorigin     levitate griseouscore [dracometeor, dragontail, poltergeist, willowisp] ttype=dragon
INFO     	     pincurchin electricsurge    leftovers [curse, liquidation, recover, zingzap] ttype=water
INFO     Sampling battle 8
INFO     	    roaringmoon protosynthesis         None [dragondance, ironhead, knockoff, outrage] ttype=steel
INFO     	         lunala shadowshield    leftovers [calmmind, moongeistbeam, moonlight, psyshock] ttype=fairy
INFO     	     golemalola    galvanize      lifeorb [doubleedge, earthquake, rockpolish, stoneedge] ttype=flying
INFO     Sampling 3 unrevealed pokemon
INFO     	    kyuremwhite   turboblaze  choicescarf [dracometeor, freezedry, fusionflare, icebeam] ttype=fire
INFO     	        noctowl   tintedlens heavydutyboots [hurricane, hypervoice, nastyplot, roost] ttype=normal
INFO     	         minior  shieldsdown    whiteherb [acrobatics, earthquake, powergem, shellsmash] ttype=water
INFO     Sampling battle 9
INFO     	    roaringmoon protosynthesis         None [dragondance, ironhead, knockoff, outrage] ttype=steel
INFO     	         lunala shadowshield    leftovers [calmmind, moongeistbeam, moonlight, psyshock] ttype=fairy
INFO     	     golemalola    galvanize      lifeorb [doubleedge, earthquake, rockpolish, stoneedge] ttype=flying
INFO     Sampling 3 unrevealed pokemon
INFO     	      gardevoir        trace      lifeorb [calmmind, focusblast, moonblast, psychic] ttype=fighting
INFO     	squawkabillywhite       hustle   choiceband [bravebird, doubleedge, foulplay, quickattack] ttype=flying
INFO     	      glastrier chillingneigh heavydutyboots [closecombat, heavyslam, iciclecrash, swordsdance] ttype=steel
INFO     Sampling battle 10
INFO     	    roaringmoon protosynthesis         None [dragondance, ironhead, knockoff, outrage] ttype=steel
INFO     	         lunala shadowshield    leftovers [calmmind, moongeistbeam, moonlight, psyshock] ttype=fairy
INFO     	     golemalola    galvanize      lifeorb [doubleedge, earthquake, rockpolish, stoneedge] ttype=grass
INFO     Sampling 3 unrevealed pokemon
INFO     	    oricoriopau       dancer heavydutyboots [hurricane, quiverdance, revelationdance, roost] ttype=ground
INFO     	      greattusk protosynthesis    leftovers [bulkup, closecombat, earthquake, stoneedge] ttype=steel
INFO     	   greninjabond   battlebond      lifeorb [darkpulse, gunkshot, hydropump, icebeam] ttype=poison
INFO     Sampling battle 11
INFO     	    roaringmoon protosynthesis         None [dragondance, ironhead, knockoff, outrage] ttype=steel
INFO     	         lunala shadowshield    leftovers [calmmind, moongeistbeam, moonlight, psyshock] ttype=fairy
INFO     	     golemalola    galvanize      lifeorb [doubleedge, earthquake, rockpolish, stoneedge] ttype=flying
INFO     Sampling 3 unrevealed pokemon
INFO     	       blaziken   speedboost      lifeorb [closecombat, flareblitz, knockoff, swordsdance] ttype=dark
INFO     	    raichualola  surgesurfer  choicespecs [focusblast, psyshock, surf, thunderbolt] ttype=fighting
INFO     	       ludicolo    swiftswim  choicespecs [gigadrain, hydropump, icebeam, leafstorm] ttype=water
INFO     Sampling battle 12
INFO     	    roaringmoon protosynthesis         None [dragondance, ironhead, knockoff, outrage] ttype=steel
INFO     	         lunala shadowshield    leftovers [calmmind, moongeistbeam, moonlight, psyshock] ttype=fairy
INFO     	     golemalola    galvanize      lifeorb [doubleedge, earthquake, rockpolish, stoneedge] ttype=flying
INFO     Sampling 3 unrevealed pokemon
INFO     	         flygon     levitate     lumberry [dragondance, earthquake, outrage, stoneedge] ttype=ground
INFO     	        bisharp      defiant     eviolite [ironhead, suckerpunch, swordsdance, throatchop] ttype=ghost
INFO     	        diancie    clearbody    leftovers [bodypress, diamondstorm, moonblast, rockpolish] ttype=fighting
INFO     Sampling battle 13
INFO     	    roaringmoon protosynthesis         None [dragondance, ironhead, knockoff, outrage] ttype=steel
INFO     	         lunala shadowshield    leftovers [calmmind, moongeistbeam, moonlight, psyshock] ttype=fairy
INFO     	     golemalola    galvanize      lifeorb [doubleedge, earthquake, rockpolish, stoneedge] ttype=flying
INFO     Sampling 3 unrevealed pokemon
INFO     	     misdreavus     levitate     eviolite [calmmind, drainingkiss, shadowball, willowisp] ttype=fairy
INFO     	ogerponhearthflame  moldbreaker hearthflamemask [ivycudgel, powerwhip, stompingtantrum, swordsdance] ttype=fire
INFO     	        lanturn   voltabsorb    leftovers [icebeam, scald, thunderbolt, thunderwave] ttype=flying
INFO     Sampling battle 14
INFO     	    roaringmoon protosynthesis         None [dragondance, ironhead, knockoff, outrage] ttype=steel
INFO     	         lunala shadowshield    leftovers [calmmind, moongeistbeam, moonlight, psyshock] ttype=fairy
INFO     	     golemalola    galvanize      lifeorb [doubleedge, earthquake, rockpolish, stoneedge] ttype=grass
INFO     Sampling 3 unrevealed pokemon
INFO     	       solgaleo fullmetalbody  rockyhelmet [closecombat, knockoff, morningsun, sunsteelstrike] ttype=water
INFO     	       pelipper      drizzle  choicespecs [hurricane, hydropump, uturn, weatherball] ttype=water
INFO     	     copperajah   heavymetal   choiceband [heatcrash, heavyslam, knockoff, superpower] ttype=fire
INFO     Sampling battle 15
INFO     	    roaringmoon protosynthesis         None [dragondance, ironhead, knockoff, outrage] ttype=steel
INFO     	         lunala shadowshield    leftovers [calmmind, moongeistbeam, moonlight, psyshock] ttype=fairy
INFO     	     golemalola    galvanize      lifeorb [doubleedge, earthquake, rockpolish, stoneedge] ttype=flying
INFO     Sampling 3 unrevealed pokemon
INFO     	         swanna    hydration heavydutyboots [bravebird, defog, hydropump, roost] ttype=ground
INFO     	      arceusbug    multitype  insectplate [calmmind, earthpower, judgment, recover] ttype=ground
INFO     	      garganacl purifyingsalt    leftovers [bodypress, irondefense, recover, saltcure] ttype=dragon
INFO     Searching for a move using MCTS...
INFO     Sampling 16 battles at 500ms each
INFO     Choice: switch arboliva
INFO     
INFO     Turn: 45
INFO     loaded 6 player and 0 effective opponent priors
INFO     Sampling battle 0
INFO     	    roaringmoon protosynthesis         None [dragondance, ironhead, knockoff, outrage] ttype=steel
INFO     	         lunala shadowshield    leftovers [calmmind, moongeistbeam, moonlight, psyshock] ttype=fairy
INFO     	     golemalola    galvanize      lifeorb [doubleedge, earthquake, rockpolish, stoneedge] ttype=grass
INFO     Sampling 3 unrevealed pokemon
INFO     	       espathra   speedboost  choicespecs [dazzlinggleam, luminacrash, shadowball, uturn] ttype=fairy
INFO     	      gastrodon   stormdrain    leftovers [clearsmog, earthquake, recover, surf] ttype=steel
INFO     	        gurdurr         guts     eviolite [defog, drainpunch, knockoff, machpunch] ttype=steel
INFO     Sampling battle 1
INFO     	    roaringmoon protosynthesis         None [dragondance, ironhead, knockoff, outrage] ttype=steel
INFO     	         lunala shadowshield    leftovers [calmmind, moongeistbeam, moonlight, psyshock] ttype=fairy
INFO     	     golemalola    galvanize      lifeorb [doubleedge, earthquake, rockpolish, stoneedge] ttype=grass
INFO     Sampling 3 unrevealed pokemon
INFO     	   basculegionf adaptability  assaultvest [flipturn, hydropump, shadowball, wavecrash] ttype=water
INFO     	  samurotthisui    sharpness   choiceband [ceaselessedge, flipturn, razorshell, suckerpunch] ttype=water
INFO     	      armarouge    weakarmor  choicespecs [armorcannon, energyball, focusblast, psyshock] ttype=grass
INFO     Sampling battle 2
INFO     	    roaringmoon protosynthesis         None [dragondance, ironhead, knockoff, outrage] ttype=steel
INFO     	         lunala shadowshield    leftovers [calmmind, moongeistbeam, moonlight, psyshock] ttype=fairy
INFO     	     golemalola    galvanize      lifeorb [doubleedge, earthquake, rockpolish, stoneedge] ttype=flying
INFO     Sampling 3 unrevealed pokemon
INFO     	    arceussteel    multitype    ironplate [earthquake, judgment, recover, willowisp] ttype=ghost
INFO     	       tsareena queenlymajesty heavydutyboots [highjumpkick, powerwhip, synthesis, uturn] ttype=steel
INFO     	      dragonite   multiscale heavydutyboots [dragondance, earthquake, ironhead, outrage] ttype=steel
INFO     Sampling battle 3
INFO     	    roaringmoon protosynthesis         None [dragondance, ironhead, knockoff, outrage] ttype=steel
INFO     	         lunala shadowshield    leftovers [calmmind, moongeistbeam, moonlight, psyshock] ttype=fairy
INFO     	     golemalola    galvanize      lifeorb [doubleedge, earthquake, rockpolish, stoneedge] ttype=grass
INFO     Sampling 3 unrevealed pokemon
INFO     	 arceuselectric    multitype     zapplate [calmmind, icebeam, judgment, recover] ttype=electric
INFO     	      clawitzer megalauncher  choicespecs [aurasphere, darkpulse, dragonpulse, waterpulse] ttype=dragon
INFO     	       whiscash    oblivious    leftovers [earthquake, hydropump, icebeam, spikes] ttype=steel
INFO     Sampling battle 4
INFO     	    roaringmoon protosynthesis         None [dragondance, ironhead, knockoff, outrage] ttype=steel
INFO     	         lunala shadowshield    leftovers [calmmind, moongeistbeam, moonlight, psyshock] ttype=fairy
INFO     	     golemalola    galvanize      lifeorb [doubleedge, earthquake, rockpolish, stoneedge] ttype=flying
INFO     Sampling 3 unrevealed pokemon
INFO     	          lokix   tintedlens      lifeorb [knockoff, leechlife, suckerpunch, swordsdance] ttype=dark
INFO     	         mewtwo      unnerve      lifeorb [aurasphere, darkpulse, nastyplot, psystrike] ttype=psychic
INFO     	      tatsugiri   stormdrain heavydutyboots [dracometeor, nastyplot, rapidspin, surf] ttype=steel
INFO     Sampling battle 5
INFO     	    roaringmoon protosynthesis         None [dragondance, ironhead, knockoff, outrage] ttype=steel
INFO     	         lunala shadowshield    leftovers [calmmind, moongeistbeam, moonlight, psyshock] ttype=fairy
INFO     	     golemalola    galvanize      lifeorb [doubleedge, earthquake, rockpolish, stoneedge] ttype=grass
INFO     Sampling 3 unrevealed pokemon
INFO     	       ampharos       static      lifeorb [agility, dazzlinggleam, focusblast, thunderbolt] ttype=fairy
INFO     	    polteageist   cursedbody    whiteherb [shadowball, shellsmash, storedpower, strengthsap] ttype=dark
INFO     	      arceusice    multitype  icicleplate [calmmind, judgment, recover, thunderbolt] ttype=electric
INFO     Sampling battle 6
INFO     	    roaringmoon protosynthesis         None [dragondance, ironhead, knockoff, outrage] ttype=steel
INFO     	         lunala shadowshield    leftovers [calmmind, moongeistbeam, moonlight, psyshock] ttype=fairy
INFO     	     golemalola    galvanize      lifeorb [doubleedge, earthquake, rockpolish, stoneedge] ttype=grass
INFO     Sampling 3 unrevealed pokemon
INFO     	       meloetta  serenegrace    leftovers [calmmind, focusblast, hypervoice, psyshock] ttype=fighting
INFO     	        dewgong     thickfat heavydutyboots [encore, flipturn, surf, tripleaxel] ttype=ground
INFO     	         pawmot   voltabsorb      lifeorb [closecombat, doubleshock, knockoff, revivalblessing] ttype=electric
INFO     Sampling battle 7
INFO     	    roaringmoon protosynthesis         None [dragondance, ironhead, knockoff, outrage] ttype=steel
INFO     	         lunala shadowshield    leftovers [calmmind, moongeistbeam, moonlight, psyshock] ttype=fairy
INFO     	     golemalola    galvanize      lifeorb [doubleedge, earthquake, rockpolish, stoneedge] ttype=flying
INFO     Sampling 3 unrevealed pokemon
INFO     	ursalunabloodmoon     mindseye    leftovers [bloodmoon, calmmind, earthpower, moonlight] ttype=ghost
INFO     	       rayquaza      airlock   choiceband [dragonascent, earthquake, extremespeed, uturn] ttype=normal
INFO     	       venomoth   tintedlens heavydutyboots [bugbuzz, quiverdance, sleeppowder, sludgewave] ttype=steel
INFO     Sampling battle 8
INFO     	    roaringmoon protosynthesis         None [dragondance, ironhead, knockoff, outrage] ttype=steel
INFO     	         lunala shadowshield    leftovers [calmmind, moongeistbeam, moonlight, psyshock] ttype=fairy
INFO     	     golemalola    galvanize      lifeorb [doubleedge, earthquake, rockpolish, stoneedge] ttype=grass
INFO     Sampling 3 unrevealed pokemon
INFO     	       ludicolo    swiftswim  choicespecs [gigadrain, hydropump, icebeam, leafstorm] ttype=grass
INFO     	      munkidori   toxicchain      lifeorb [focusblast, nastyplot, psyshock, sludgewave] ttype=fighting
INFO     	        noivern  infiltrator  choicespecs [boomburst, dracometeor, flamethrower, hurricane] ttype=normal
INFO     Sampling battle 9
INFO     	    roaringmoon protosynthesis         None [dragondance, ironhead, knockoff, outrage] ttype=steel
INFO     	         lunala shadowshield    leftovers [calmmind, moongeistbeam, moonlight, psyshock] ttype=fairy
INFO     	     golemalola    galvanize      lifeorb [doubleedge, earthquake, rockpolish, stoneedge] ttype=flying
INFO     Sampling 3 unrevealed pokemon
INFO     	       overqwil   intimidate   loadeddice [crunch, gunkshot, scaleshot, swordsdance] ttype=dragon
INFO     	         latias     levitate      souldew [calmmind, dracometeor, psyshock, recover] ttype=steel
INFO     	      regieleki   transistor       magnet [explosion, rapidspin, thunderbolt, voltswitch] ttype=electric
INFO     Sampling battle 10
INFO     	    roaringmoon protosynthesis         None [dragondance, ironhead, knockoff, outrage] ttype=steel
INFO     	         lunala shadowshield    leftovers [calmmind, moongeistbeam, moonlight, psyshock] ttype=fairy
INFO     	     golemalola    galvanize      lifeorb [doubleedge, earthquake, rockpolish, stoneedge] ttype=flying
INFO     Sampling 3 unrevealed pokemon
INFO     	   squawkabilly         guts     flameorb [bravebird, facade, protect, quickattack] ttype=normal
INFO     	     calyrexice asoneglastrier heavydutyboots [closecombat, glaciallance, highhorsepower, trickroom] ttype=ground
INFO     	       illumise    prankster heavydutyboots [bugbuzz, encore, roost, thunderwave] ttype=steel
INFO     Sampling battle 11
INFO     	    roaringmoon protosynthesis         None [dragondance, ironhead, knockoff, outrage] ttype=steel
INFO     	         lunala shadowshield    leftovers [calmmind, moongeistbeam, moonlight, psyshock] ttype=fairy
INFO     	     golemalola    galvanize      lifeorb [doubleedge, earthquake, rockpolish, stoneedge] ttype=flying
INFO     Sampling 3 unrevealed pokemon
INFO     	         tinglu vesselofruin    leftovers [earthquake, payback, ruination, stealthrock] ttype=ghost
INFO     	        ogerpon      defiant      lifeorb [ivycudgel, knockoff, superpower, swordsdance] ttype=grass
INFO     	       vikavolt     levitate heavydutyboots [bugbuzz, stickyweb, thunderbolt, voltswitch] ttype=electric
INFO     Sampling battle 12
INFO     	    roaringmoon protosynthesis         None [dragondance, ironhead, knockoff, outrage] ttype=steel
INFO     	         lunala shadowshield    leftovers [calmmind, moongeistbeam, moonlight, psyshock] ttype=fairy
INFO     	     golemalola    galvanize      lifeorb [doubleedge, earthquake, rockpolish, stoneedge] ttype=flying
INFO     Sampling 3 unrevealed pokemon
INFO     	         kyogre      drizzle  choicescarf [icebeam, originpulse, thunder, waterspout] ttype=water
INFO     	           uxie     levitate    leftovers [psychicnoise, stealthrock, uturn, yawn] ttype=electric
INFO     	      crawdaunt adaptability   choiceband [aquajet, closecombat, crabhammer, knockoff] ttype=fighting
INFO     Sampling battle 13
INFO     	    roaringmoon protosynthesis         None [dragondance, ironhead, knockoff, outrage] ttype=steel
INFO     	         lunala shadowshield    leftovers [calmmind, moongeistbeam, moonlight, psyshock] ttype=fairy
INFO     	     golemalola    galvanize      lifeorb [doubleedge, earthquake, rockpolish, stoneedge] ttype=flying
INFO     Sampling 3 unrevealed pokemon
INFO     	     scovillain  chlorophyll  choicespecs [energyball, flamethrower, leafstorm, overheat] ttype=grass
INFO     	      piloswine     thickfat     eviolite [earthquake, iceshard, iciclecrash, roar] ttype=poison
INFO     	     ragingbolt protosynthesis  assaultvest [dracometeor, thunderbolt, thunderclap, voltswitch] ttype=electric
INFO     Sampling battle 14
INFO     	    roaringmoon protosynthesis         None [dragondance, ironhead, knockoff, outrage] ttype=steel
INFO     	         lunala shadowshield    leftovers [calmmind, moongeistbeam, moonlight, psyshock] ttype=fairy
INFO     	     golemalola    galvanize      lifeorb [doubleedge, earthquake, rockpolish, stoneedge] ttype=grass
INFO     Sampling 3 unrevealed pokemon
INFO     	        spidops     stakeout heavydutyboots [circlethrow, knockoff, stickyweb, uturn] ttype=ghost
INFO     	     perrserker   toughclaws      lifeorb [closecombat, ironhead, knockoff, stealthrock] ttype=fighting
INFO     	         swalot   liquidooze    leftovers [earthquake, protect, sludgebomb, toxic] ttype=ground
INFO     Sampling battle 15
INFO     	    roaringmoon protosynthesis         None [dragondance, ironhead, knockoff, outrage] ttype=steel
INFO     	         lunala shadowshield    leftovers [calmmind, moongeistbeam, moonlight, psyshock] ttype=fairy
INFO     	     golemalola    galvanize      lifeorb [doubleedge, earthquake, rockpolish, stoneedge] ttype=flying
INFO     Sampling 3 unrevealed pokemon
INFO     	       skuntank    aftermath      lifeorb [gunkshot, knockoff, suckerpunch, taunt] ttype=dark
INFO     	       espathra   speedboost    leftovers [calmmind, dazzlinggleam, protect, storedpower] ttype=fairy
INFO     	      arceusice    multitype  icicleplate [calmmind, judgment, recover, thunderbolt] ttype=electric
INFO     Searching for a move using MCTS...
INFO     Sampling 16 battles at 500ms each
INFO     Choice: hypervoice
INFO     Updated roaringmoon's min speed to 151
INFO     roaringmoon already has the move knockoff. Decrementing the PP by 1
INFO     roaringmoon used two different moves - it cannot have a choice item
INFO     roaringmoon used a dark move, removing darkgem from possible items
INFO     Setting roaringmoon's last used move: knockoff
INFO     roaringmoon used a damaging move - not guessing lifeorb anymore
INFO     roaringmoon did 39.58% damage to arboliva with knockoff
INFO     Removing arboliva's item: sitrusberry
INFO     Knockoff removed arboliva's item
INFO     arboliva already has the move hypervoice. Decrementing the PP by 1
INFO     arboliva used a normal move, removing normalgem from possible items
INFO     Setting arboliva's last used move: hypervoice
INFO     arboliva used a damaging move - not guessing lifeorb anymore
INFO     arboliva did 51.0% damage to roaringmoon with hypervoice
INFO     roaringmoon has less than maxhp during upkeep, no longer guessing leftovers or blacksludge
INFO     
INFO     Turn: 46
INFO     loaded 6 player and 0 effective opponent priors
INFO     Sampling battle 0
INFO     	    roaringmoon protosynthesis         None [dragondance, ironhead, knockoff, outrage] ttype=steel
INFO     	         lunala shadowshield    leftovers [calmmind, moongeistbeam, moonlight, psyshock] ttype=fairy
INFO     	     golemalola    galvanize      lifeorb [doubleedge, earthquake, rockpolish, stoneedge] ttype=flying
INFO     Sampling 3 unrevealed pokemon
INFO     	      garganacl purifyingsalt    leftovers [bodypress, irondefense, recover, saltcure] ttype=dragon
INFO     	        sableye    prankster    leftovers [encore, knockoff, recover, willowisp] ttype=poison
INFO     	      regieleki   transistor       magnet [rapidspin, terablast, thunderbolt, voltswitch] ttype=ice
INFO     Sampling battle 1
INFO     	    roaringmoon protosynthesis         None [dragondance, ironhead, knockoff, outrage] ttype=steel
INFO     	         lunala shadowshield    leftovers [calmmind, moongeistbeam, moonlight, psyshock] ttype=fairy
INFO     	     golemalola    galvanize      lifeorb [doubleedge, earthquake, rockpolish, stoneedge] ttype=flying
INFO     Sampling 3 unrevealed pokemon
INFO     	      regigigas    slowstart    leftovers [bodyslam, knockoff, rest, sleeptalk] ttype=ghost
INFO     	 exeggutoralola      harvest  sitrusberry [dracometeor, flamethrower, sleeppowder, woodhammer] ttype=fire
INFO     	       solgaleo fullmetalbody    leftovers [knockoff, morningsun, sunsteelstrike, teleport] ttype=water
INFO     Sampling battle 2
INFO     	    roaringmoon protosynthesis         None [dragondance, ironhead, knockoff, outrage] ttype=steel
INFO     	         lunala shadowshield    leftovers [calmmind, moongeistbeam, moonlight, psyshock] ttype=fairy
INFO     	     golemalola    galvanize      lifeorb [doubleedge, earthquake, rockpolish, stoneedge] ttype=flying
INFO     Sampling 3 unrevealed pokemon
INFO     	        wochien tabletsofruin    leftovers [gigadrain, knockoff, ruination, stunspore] ttype=poison
INFO     	        dugtrio    arenatrap      lifeorb [earthquake, stoneedge, suckerpunch, swordsdance] ttype=ground
INFO     	     typhlosion    flashfire  choicescarf [eruption, fireblast, focusblast, scorchingsands] ttype=fire
INFO     Sampling battle 3
INFO     	    roaringmoon protosynthesis         None [dragondance, ironhead, knockoff, outrage] ttype=steel
INFO     	         lunala shadowshield    leftovers [calmmind, moongeistbeam, moonlight, psyshock] ttype=fairy
INFO     	     golemalola    galvanize      lifeorb [doubleedge, earthquake, rockpolish, stoneedge] ttype=grass
INFO     Sampling 3 unrevealed pokemon
INFO     	       granbull   intimidate    leftovers [earthquake, encore, playrough, thunderwave] ttype=ground
INFO     	      metagross    clearbody weaknesspolicy [agility, earthquake, heavyslam, psychicfangs] ttype=ground
INFO     	          entei   innerfocus   choiceband [extremespeed, flareblitz, sacredfire, stompingtantrum] ttype=fire
INFO     Sampling battle 4
INFO     	    roaringmoon protosynthesis         None [dragondance, ironhead, knockoff, outrage] ttype=steel
INFO     	         lunala shadowshield    leftovers [calmmind, moongeistbeam, moonlight, psyshock] ttype=fairy
INFO     	     golemalola    galvanize      lifeorb [doubleedge, earthquake, rockpolish, stoneedge] ttype=flying
INFO     Sampling 3 unrevealed pokemon
INFO     	       regirock    clearbody  chestoberry [bodypress, curse, rest, stoneedge] ttype=fighting
INFO     	       meowstic    prankster    lightclay [alluringvoice, lightscreen, psychicnoise, reflect] ttype=fairy
INFO     	        volbeat    prankster heavydutyboots [encore, lunge, roost, thunderwave] ttype=water
INFO     Sampling battle 5
INFO     	    roaringmoon protosynthesis         None [dragondance, ironhead, knockoff, outrage] ttype=steel
INFO     	         lunala shadowshield    leftovers [calmmind, moongeistbeam, moonlight, psyshock] ttype=fairy
INFO     	     golemalola    galvanize      lifeorb [doubleedge, earthquake, rockpolish, stoneedge] ttype=grass
INFO     Sampling 3 unrevealed pokemon
INFO     	        bruxish    strongjaw   choiceband [aquajet, crunch, psychicfangs, wavecrash] ttype=dark
INFO     	enamorustherian     overcoat  assaultvest [earthpower, moonblast, mysticalfire, superpower] ttype=fairy
INFO     	         klefki    prankster    leftovers [magnetrise, playrough, spikes, thunderwave] ttype=water
INFO     Sampling battle 6
INFO     	    roaringmoon protosynthesis         None [dragondance, ironhead, knockoff, outrage] ttype=steel
INFO     	         lunala shadowshield    leftovers [calmmind, moongeistbeam, moonlight, psyshock] ttype=fairy
INFO     	     golemalola    galvanize      lifeorb [doubleedge, earthquake, rockpolish, stoneedge] ttype=grass
INFO     Sampling 3 unrevealed pokemon
INFO     	       sneasler     unburden    whiteherb [acrobatics, closecombat, direclaw, swordsdance] ttype=flying
INFO     	  arceuspsychic    multitype    mindplate [bodypress, cosmicpower, recover, storedpower] ttype=steel
INFO     	      amoonguss  regenerator    leftovers [gigadrain, sludgebomb, spore, stompingtantrum] ttype=steel
INFO     Sampling battle 7
INFO     	    roaringmoon protosynthesis         None [dragondance, ironhead, knockoff, outrage] ttype=steel
INFO     	         lunala shadowshield    leftovers [calmmind, moongeistbeam, moonlight, psyshock] ttype=fairy
INFO     	     golemalola    galvanize      lifeorb [doubleedge, earthquake, rockpolish, stoneedge] ttype=flying
INFO     Sampling 3 unrevealed pokemon
INFO     	    ironjugulis   quarkdrive  choicespecs [darkpulse, earthpower, hurricane, hydropump] ttype=dark
INFO     	      girafarig    sapsipper     eviolite [nastyplot, psyshock, shadowball, thunderbolt] ttype=electric
INFO     	        noivern  infiltrator  choicespecs [boomburst, dracometeor, hurricane, uturn] ttype=normal
INFO     Sampling battle 8
INFO     	    roaringmoon protosynthesis         None [dragondance, ironhead, knockoff, outrage] ttype=steel
INFO     	         lunala shadowshield    leftovers [calmmind, moongeistbeam, moonlight, psyshock] ttype=fairy
INFO     	     golemalola    galvanize      lifeorb [doubleedge, earthquake, rockpolish, stoneedge] ttype=grass
INFO     Sampling 3 unrevealed pokemon
INFO     	    arceusfairy    multitype   pixieplate [calmmind, earthpower, judgment, recover] ttype=steel
INFO     	      farigiraf    sapsipper    leftovers [bodyslam, protect, psychicnoise, wish] ttype=fairy
INFO     	       reshiram   turboblaze heavydutyboots [dragondance, flareblitz, outrage, stoneedge] ttype=dragon
INFO     Sampling battle 9
INFO     	    roaringmoon protosynthesis         None [dragondance, ironhead, knockoff, outrage] ttype=steel
INFO     	         lunala shadowshield    leftovers [calmmind, moongeistbeam, moonlight, psyshock] ttype=fairy
INFO     	     golemalola    galvanize      lifeorb [doubleedge, earthquake, rockpolish, stoneedge] ttype=flying
INFO     Sampling 3 unrevealed pokemon
INFO     	      ironcrown   quarkdrive  choicespecs [focusblast, psyshock, tachyoncutter, voltswitch] ttype=fighting
INFO     	         regice    clearbody heavydutyboots [bodypress, icebeam, thunderbolt, thunderwave] ttype=electric
INFO     	        dugtrio    arenatrap   choiceband [earthquake, stoneedge, suckerpunch, throatchop] ttype=dark
INFO     Sampling battle 10
INFO     	    roaringmoon protosynthesis         None [dragondance, ironhead, knockoff, outrage] ttype=steel
INFO     	         lunala shadowshield    leftovers [calmmind, moongeistbeam, moonlight, psyshock] ttype=fairy
INFO     	     golemalola    galvanize      lifeorb [doubleedge, earthquake, rockpolish, stoneedge] ttype=grass
INFO     Sampling 3 unrevealed pokemon
INFO     	      rhyperior    solidrock weaknesspolicy [earthquake, megahorn, rockpolish, stoneedge] ttype=ground
INFO     	      azumarill    hugepower  sitrusberry [aquajet, bellydrum, liquidation, playrough] ttype=water
INFO     	     gothitelle    shadowtag  choicescarf [darkpulse, focusblast, psychic, trick] ttype=dark
INFO     Sampling battle 11
INFO     	    roaringmoon protosynthesis         None [dragondance, ironhead, knockoff, outrage] ttype=steel
INFO     	         lunala shadowshield    leftovers [calmmind, moongeistbeam, moonlight, psyshock] ttype=fairy
INFO     	     golemalola    galvanize      lifeorb [doubleedge, earthquake, rockpolish, stoneedge] ttype=flying
INFO     Sampling 3 unrevealed pokemon
INFO     	         goodra    sapsipper  assaultvest [dracometeor, earthquake, scald, sludgebomb] ttype=water
INFO     	     misdreavus     levitate     eviolite [calmmind, drainingkiss, shadowball, willowisp] ttype=fairy
INFO     	     pincurchin electricsurge    leftovers [curse, liquidation, recover, zingzap] ttype=water
INFO     Sampling battle 12
INFO     	    roaringmoon protosynthesis         None [dragondance, ironhead, knockoff, outrage] ttype=steel
INFO     	         lunala shadowshield    leftovers [calmmind, moongeistbeam, moonlight, psyshock] ttype=fairy
INFO     	     golemalola    galvanize      lifeorb [doubleedge, earthquake, rockpolish, stoneedge] ttype=flying
INFO     Sampling 3 unrevealed pokemon
INFO     	squawkabillyblue         guts     flameorb [bravebird, facade, quickattack, uturn] ttype=normal
INFO     	        milotic  competitive    leftovers [haze, icebeam, recover, scald] ttype=steel
INFO     	         lapras  waterabsorb   loadeddice [dragondance, earthquake, iciclespear, waterfall] ttype=ground
INFO     Sampling battle 13
INFO     	    roaringmoon protosynthesis         None [dragondance, ironhead, knockoff, outrage] ttype=steel
INFO     	         lunala shadowshield    leftovers [calmmind, moongeistbeam, moonlight, psyshock] ttype=fairy
INFO     	     golemalola    galvanize      lifeorb [doubleedge, earthquake, rockpolish, stoneedge] ttype=grass
INFO     Sampling 3 unrevealed pokemon
INFO     	           hooh  regenerator heavydutyboots [bravebird, earthquake, recover, sacredfire] ttype=ground
INFO     	   arceuspoison    multitype   toxicplate [earthquake, extremespeed, gunkshot, swordsdance] ttype=ground
INFO     	        dondozo      unaware    leftovers [curse, rest, sleeptalk, wavecrash] ttype=dragon
INFO     Sampling battle 14
INFO     	    roaringmoon protosynthesis         None [dragondance, ironhead, knockoff, outrage] ttype=steel
INFO     	         lunala shadowshield    leftovers [calmmind, moongeistbeam, moonlight, psyshock] ttype=fairy
INFO     	     golemalola    galvanize      lifeorb [doubleedge, earthquake, rockpolish, stoneedge] ttype=grass
INFO     Sampling 3 unrevealed pokemon
INFO     	     masquerain   intimidate heavydutyboots [bugbuzz, hurricane, hydropump, quiverdance] ttype=water
INFO     	       slowking  regenerator heavydutyboots [chillyreception, futuresight, scald, slackoff] ttype=fairy
INFO     	       virizion    justified      lifeorb [closecombat, leafblade, stoneedge, swordsdance] ttype=rock
INFO     Sampling battle 15
INFO     	    roaringmoon protosynthesis         None [dragondance, ironhead, knockoff, outrage] ttype=steel
INFO     	         lunala shadowshield    leftovers [calmmind, moongeistbeam, moonlight, psyshock] ttype=fairy
INFO     	     golemalola    galvanize      lifeorb [doubleedge, earthquake, rockpolish, stoneedge] ttype=flying
INFO     Sampling 3 unrevealed pokemon
INFO     	       greedent   cheekpouch  sitrusberry [bodyslam, earthquake, knockoff, swordsdance] ttype=ghost
INFO     	      hydrapple  regenerator  assaultvest [dragontail, earthpower, ficklebeam, gigadrain] ttype=steel
INFO     	    deoxysspeed     pressure      lifeorb [darkpulse, focusblast, nastyplot, psychoboost] ttype=fighting
INFO     Searching for a move using MCTS...
INFO     Sampling 16 battles at 500ms each
INFO     Choice: hypervoice
INFO     Updated roaringmoon's min speed to 151
INFO     roaringmoon used two different moves - it cannot have a choice item
INFO     roaringmoon used a dragon move, removing dragongem from possible items
INFO     Adding lockedmove to roaringmoon
INFO     Setting roaringmoon's last used move: outrage
INFO     roaringmoon used a damaging move - not guessing lifeorb anymore
INFO     roaringmoon did 46.88% damage to arboliva with outrage
INFO     arboliva already has the move hypervoice. Decrementing the PP by 1
INFO     arboliva used a normal move, removing normalgem from possible items
INFO     Setting arboliva's last used move: hypervoice
INFO     arboliva used a damaging move - not guessing lifeorb anymore
INFO     arboliva did 8.0% damage to roaringmoon with hypervoice
INFO     Removing protosynthesisatk from roaringmoon
INFO     Incremented lockedmove for opponent to 1
INFO     roaringmoon has less than maxhp during upkeep, no longer guessing leftovers or blacksludge
INFO     Opponent has switched - clearing the last used move
INFO     cramorant switched in, adding intimidate to impossible abilities
INFO     cramorant switched in, adding pressure to impossible abilities
INFO     cramorant switched in, adding neutralizinggas to impossible abilities
INFO     cramorant switched in, adding sandstream to impossible abilities
INFO     cramorant switched in, adding drought to impossible abilities
INFO     cramorant switched in, adding drizzle to impossible abilities
INFO     cramorant switched in, adding snowwarning to impossible abilities
INFO     cramorant switched in, adding boosterenergy to impossible items
INFO     cramorant switched in, adding airballoon to impossible items
INFO     
INFO     Turn: 47
INFO     loaded 6 player and 0 effective opponent priors
INFO     Sampling battle 0
INFO     	      cramorant  gulpmissile heavydutyboots [bravebird, defog, roost, surf] ttype=ground
INFO     	         lunala shadowshield    leftovers [calmmind, moongeistbeam, moonlight, psyshock] ttype=fairy
INFO     	     golemalola    galvanize      lifeorb [doubleedge, earthquake, rockpolish, stoneedge] ttype=flying
INFO     Sampling 2 unrevealed pokemon
INFO     	         kyurem     pressure  choicespecs [dracometeor, earthpower, freezedry, icebeam] ttype=ground
INFO     	       sceptile     overgrow    leftovers [focusblast, gigadrain, leechseed, substitute] ttype=steel
INFO     Sampling battle 1
INFO     	      cramorant  gulpmissile heavydutyboots [bravebird, defog, roost, surf] ttype=ground
INFO     	         lunala shadowshield    leftovers [calmmind, moongeistbeam, moonlight, psyshock] ttype=fairy
INFO     	     golemalola    galvanize      lifeorb [doubleedge, earthquake, rockpolish, stoneedge] ttype=grass
INFO     Sampling 2 unrevealed pokemon
INFO     	   hoopaunbound     magician  choicescarf [focusblast, hyperspacefury, psychic, trick] ttype=fighting
INFO     	        weezing     levitate    leftovers [fireblast, painsplit, sludgebomb, toxicspikes] ttype=steel
INFO     Sampling battle 2
INFO     	      cramorant  gulpmissile heavydutyboots [bravebird, defog, roost, surf] ttype=ground
INFO     	         lunala shadowshield    leftovers [calmmind, moongeistbeam, moonlight, psyshock] ttype=fairy
INFO     	     golemalola    galvanize      lifeorb [doubleedge, earthquake, rockpolish, stoneedge] ttype=grass
INFO     Sampling 2 unrevealed pokemon
INFO     	   slowbrogalar  regenerator    leftovers [psychic, shellsidearm, slackoff, thunderwave] ttype=poison
INFO     	      infernape        blaze  choicescarf [closecombat, flareblitz, knockoff, uturn] ttype=dark
INFO     Sampling battle 3
INFO     	      cramorant  gulpmissile heavydutyboots [bravebird, defog, roost, surf] ttype=ground
INFO     	         lunala shadowshield    leftovers [calmmind, moongeistbeam, moonlight, psyshock] ttype=fairy
INFO     	     golemalola    galvanize      lifeorb [doubleedge, earthquake, rockpolish, stoneedge] ttype=flying
INFO     Sampling 2 unrevealed pokemon
INFO     	       venusaur  chlorophyll    leftovers [knockoff, sleeppowder, sludgebomb, synthesis] ttype=steel
INFO     	       greedent   cheekpouch  sitrusberry [doubleedge, earthquake, knockoff, swordsdance] ttype=ghost
INFO     Sampling battle 4
INFO     	      cramorant  gulpmissile heavydutyboots [bravebird, defog, roost, surf] ttype=ground
INFO     	         lunala shadowshield    leftovers [calmmind, moongeistbeam, moonlight, psyshock] ttype=fairy
INFO     	     golemalola    galvanize      lifeorb [doubleedge, earthquake, rockpolish, stoneedge] ttype=flying
INFO     Sampling 2 unrevealed pokemon
INFO     	        flamigo      scrappy      lifeorb [bravebird, closecombat, roost, swordsdance] ttype=steel
INFO     	         rhydon lightningrod     eviolite [earthquake, megahorn, stealthrock, stoneedge] ttype=flying
INFO     Sampling battle 5
INFO     	      cramorant  gulpmissile heavydutyboots [bravebird, defog, roost, surf] ttype=ground
INFO     	         lunala shadowshield    leftovers [calmmind, moongeistbeam, moonlight, psyshock] ttype=fairy
INFO     	     golemalola    galvanize      lifeorb [doubleedge, earthquake, rockpolish, stoneedge] ttype=flying
INFO     Sampling 2 unrevealed pokemon
INFO     	   arceusground    multitype   earthplate [earthquake, extremespeed, stoneedge, swordsdance] ttype=normal
INFO     	          lugia   multiscale heavydutyboots [aeroblast, calmmind, earthpower, recover] ttype=steel
INFO     Sampling battle 6
INFO     	      cramorant  gulpmissile heavydutyboots [bravebird, defog, roost, surf] ttype=ground
INFO     	         lunala shadowshield    leftovers [calmmind, moongeistbeam, moonlight, psyshock] ttype=fairy
INFO     	     golemalola    galvanize      lifeorb [doubleedge, earthquake, rockpolish, stoneedge] ttype=flying
INFO     Sampling 2 unrevealed pokemon
INFO     	       overqwil   intimidate      lifeorb [crunch, gunkshot, liquidation, swordsdance] ttype=water
INFO     	      azumarill    hugepower  sitrusberry [aquajet, bellydrum, liquidation, playrough] ttype=water
INFO     Sampling battle 7
INFO     	      cramorant  gulpmissile heavydutyboots [bravebird, defog, roost, surf] ttype=ground
INFO     	         lunala shadowshield    leftovers [calmmind, moongeistbeam, moonlight, psyshock] ttype=fairy
INFO     	     golemalola    galvanize      lifeorb [doubleedge, earthquake, rockpolish, stoneedge] ttype=flying
INFO     Sampling 2 unrevealed pokemon
INFO     	     ragingbolt protosynthesis  assaultvest [discharge, dracometeor, thunderclap, voltswitch] ttype=electric
INFO     	         golurk      noguard   choiceband [dynamicpunch, earthquake, poltergeist, stoneedge] ttype=ground
INFO     Sampling battle 8
INFO     	      cramorant  gulpmissile heavydutyboots [bravebird, defog, roost, surf] ttype=ground
INFO     	         lunala shadowshield    leftovers [calmmind, moongeistbeam, moonlight, psyshock] ttype=fairy
INFO     	     golemalola    galvanize      lifeorb [doubleedge, earthquake, rockpolish, stoneedge] ttype=flying
INFO     Sampling 2 unrevealed pokemon
INFO     	      electrode   soundproof  assaultvest [explosion, foulplay, thunderbolt, voltswitch] ttype=electric
INFO     	        dondozo      unaware    leftovers [curse, rest, sleeptalk, wavecrash] ttype=fairy
INFO     Sampling battle 9
INFO     	      cramorant  gulpmissile heavydutyboots [bravebird, defog, roost, surf] ttype=ground
INFO     	         lunala shadowshield    leftovers [calmmind, moongeistbeam, moonlight, psyshock] ttype=fairy
INFO     	     golemalola    galvanize      lifeorb [doubleedge, earthquake, rockpolish, stoneedge] ttype=flying
INFO     Sampling 2 unrevealed pokemon
INFO     	      tatsugiri   stormdrain heavydutyboots [dracometeor, hydropump, nastyplot, rapidspin] ttype=water
INFO     	      excadrill  moldbreaker  assaultvest [earthquake, ironhead, rapidspin, rockslide] ttype=grass
INFO     Sampling battle 10
INFO     	      cramorant  gulpmissile heavydutyboots [bravebird, defog, roost, surf] ttype=ground
INFO     	         lunala shadowshield    leftovers [calmmind, moongeistbeam, moonlight, psyshock] ttype=fairy
INFO     	     golemalola    galvanize      lifeorb [doubleedge, earthquake, rockpolish, stoneedge] ttype=grass
INFO     Sampling 2 unrevealed pokemon
INFO     	      blastoise      torrent    whiteherb [earthquake, hydropump, icebeam, shellsmash] ttype=ground
INFO     	     grimmsnarl    prankster    lightclay [lightscreen, partingshot, reflect, spiritbreak] ttype=steel
INFO     Sampling battle 11
INFO     	      cramorant  gulpmissile heavydutyboots [bravebird, defog, roost, surf] ttype=ground
INFO     	         lunala shadowshield    leftovers [calmmind, moongeistbeam, moonlight, psyshock] ttype=fairy
INFO     	     golemalola    galvanize      lifeorb [doubleedge, earthquake, rockpolish, stoneedge] ttype=flying
INFO     Sampling 2 unrevealed pokemon
INFO     	         flygon     levitate     lumberry [dragondance, earthquake, outrage, stoneedge] ttype=steel
INFO     	 arceuselectric    multitype     zapplate [calmmind, icebeam, judgment, recover] ttype=electric
INFO     Sampling battle 12
INFO     	      cramorant  gulpmissile heavydutyboots [bravebird, defog, roost, surf] ttype=ground
INFO     	         lunala shadowshield    leftovers [calmmind, moongeistbeam, moonlight, psyshock] ttype=fairy
INFO     	     golemalola    galvanize      lifeorb [doubleedge, earthquake, rockpolish, stoneedge] ttype=grass
INFO     Sampling 2 unrevealed pokemon
INFO     	ogerponcornerstone       sturdy cornerstonemask [encore, ivycudgel, powerwhip, synthesis] ttype=rock
INFO     	 arceusfighting    multitype    fistplate [bodypress, cosmicpower, recover, storedpower] ttype=steel
INFO     Sampling battle 13
INFO     	      cramorant  gulpmissile heavydutyboots [bravebird, defog, roost, surf] ttype=ground
INFO     	         lunala shadowshield    leftovers [calmmind, moongeistbeam, moonlight, psyshock] ttype=fairy
INFO     	     golemalola    galvanize      lifeorb [doubleedge, earthquake, rockpolish, stoneedge] ttype=flying
INFO     Sampling 2 unrevealed pokemon
INFO     	       ludicolo    swiftswim  choicespecs [gigadrain, hydropump, icebeam, leafstorm] ttype=grass
INFO     	        scyther   technician heavydutyboots [closecombat, defog, dualwingbeat, uturn] ttype=fighting
INFO     Sampling battle 14
INFO     	      cramorant  gulpmissile heavydutyboots [bravebird, defog, roost, surf] ttype=ground
INFO     	         lunala shadowshield    leftovers [calmmind, moongeistbeam, moonlight, psyshock] ttype=fairy
INFO     	     golemalola    galvanize      lifeorb [doubleedge, earthquake, rockpolish, stoneedge] ttype=grass
INFO     Sampling 2 unrevealed pokemon
INFO     	        snorlax     thickfat    leftovers [bodyslam, curse, rest, sleeptalk] ttype=poison
INFO     	     toedscruel myceliummight  assaultvest [earthpower, gigadrain, knockoff, rapidspin] ttype=water
INFO     Sampling battle 15
INFO     	      cramorant  gulpmissile heavydutyboots [bravebird, defog, roost, surf] ttype=ground
INFO     	         lunala shadowshield    leftovers [calmmind, moongeistbeam, moonlight, psyshock] ttype=fairy
INFO     	     golemalola    galvanize      lifeorb [doubleedge, earthquake, rockpolish, stoneedge] ttype=grass
INFO     Sampling 2 unrevealed pokemon
INFO     	  oricoriosensu       dancer heavydutyboots [hurricane, quiverdance, revelationdance, roost] ttype=fighting
INFO     	        mesprit     levitate    leftovers [encore, psychicnoise, stealthrock, uturn] ttype=dark
INFO     Searching for a move using MCTS...
INFO     Sampling 16 battles at 500ms each
INFO     Choice: protect
INFO     arboliva already has the move protect. Decrementing the PP by 1
INFO     arboliva used a status-move. Adding `assaultvest` to impossible items
INFO     Setting arboliva's last used move: protect
INFO     arboliva used a protect move, set protect side condition to 2
INFO     cramorant used a flying move, removing flyinggem from possible items
INFO     Setting cramorant's last used move: bravebird
INFO     cramorant used a damaging move - not guessing lifeorb anymore
INFO     Setting protect to 1 for the bot
INFO     
INFO     Turn: 48
INFO     loaded 6 player and 0 effective opponent priors
INFO     Sampling battle 0
INFO     	      cramorant  gulpmissile heavydutyboots [bravebird, defog, roost, surf] ttype=ground
INFO     	         lunala shadowshield    leftovers [calmmind, moongeistbeam, moonlight, psyshock] ttype=fairy
INFO     	     golemalola    galvanize      lifeorb [doubleedge, earthquake, rockpolish, stoneedge] ttype=grass
INFO     Sampling 2 unrevealed pokemon
INFO     	           uxie     levitate    leftovers [encore, knockoff, psychicnoise, stealthrock] ttype=steel
INFO     	         zapdos       static heavydutyboots [discharge, hurricane, roost, uturn] ttype=electric
INFO     Sampling battle 1
INFO     	      cramorant  gulpmissile heavydutyboots [bravebird, defog, roost, surf] ttype=ground
INFO     	         lunala shadowshield    leftovers [calmmind, moongeistbeam, moonlight, psyshock] ttype=fairy
INFO     	     golemalola    galvanize      lifeorb [doubleedge, earthquake, rockpolish, stoneedge] ttype=flying
INFO     Sampling 2 unrevealed pokemon
INFO     	           hooh  regenerator heavydutyboots [bravebird, earthquake, recover, sacredfire] ttype=ground
INFO     	      tatsugiri   stormdrain heavydutyboots [dracometeor, hydropump, nastyplot, rapidspin] ttype=steel
INFO     Sampling battle 2
INFO     	      cramorant  gulpmissile heavydutyboots [bravebird, defog, roost, surf] ttype=ground
INFO     	         lunala shadowshield    leftovers [calmmind, moongeistbeam, moonlight, psyshock] ttype=fairy
INFO     	     golemalola    galvanize      lifeorb [doubleedge, earthquake, rockpolish, stoneedge] ttype=flying
INFO     Sampling 2 unrevealed pokemon
INFO     	     wigglytuff  competitive    leftovers [dazzlinggleam, fireblast, protect, wish] ttype=steel
INFO     	      serperior     contrary    leftovers [leafstorm, leechseed, substitute, terablast] ttype=fire
INFO     Sampling battle 3
INFO     	      cramorant  gulpmissile heavydutyboots [bravebird, defog, roost, surf] ttype=ground
INFO     	         lunala shadowshield    leftovers [calmmind, moongeistbeam, moonlight, psyshock] ttype=fairy
INFO     	     golemalola    galvanize      lifeorb [doubleedge, earthquake, rockpolish, stoneedge] ttype=grass
INFO     Sampling 2 unrevealed pokemon
INFO     	        noctowl   tintedlens heavydutyboots [hurricane, hypervoice, nastyplot, roost] ttype=steel
INFO     	       smeargle     owntempo    focussash [ceaselessedge, spore, stickyweb, whirlwind] ttype=ghost
INFO     Sampling battle 4
INFO     	      cramorant  gulpmissile heavydutyboots [bravebird, defog, roost, surf] ttype=ground
INFO     	         lunala shadowshield    leftovers [calmmind, moongeistbeam, moonlight, psyshock] ttype=fairy
INFO     	     golemalola    galvanize      lifeorb [doubleedge, earthquake, rockpolish, stoneedge] ttype=flying
INFO     Sampling 2 unrevealed pokemon
INFO     	lycanrocmidnight      noguard      lifeorb [closecombat, knockoff, stealthrock, stoneedge] ttype=fighting
INFO     	        golduck    cloudnine    leftovers [encore, hydropump, icebeam, nastyplot] ttype=water
INFO     Sampling battle 5
INFO     	      cramorant  gulpmissile heavydutyboots [bravebird, defog, roost, surf] ttype=ground
INFO     	         lunala shadowshield    leftovers [calmmind, moongeistbeam, moonlight, psyshock] ttype=fairy
INFO     	     golemalola    galvanize      lifeorb [doubleedge, earthquake, rockpolish, stoneedge] ttype=flying
INFO     Sampling 2 unrevealed pokemon
INFO     	lycanrocmidnight      noguard   choiceband [closecombat, playrough, stoneedge, suckerpunch] ttype=fighting
INFO     	         gogoat    sapsipper    leftovers [bulkup, earthquake, hornleech, milkdrink] ttype=ground
INFO     Sampling battle 6
INFO     	      cramorant  gulpmissile heavydutyboots [bravebird, defog, roost, surf] ttype=ground
INFO     	         lunala shadowshield    leftovers [calmmind, moongeistbeam, moonlight, psyshock] ttype=fairy
INFO     	     golemalola    galvanize      lifeorb [doubleedge, earthquake, rockpolish, stoneedge] ttype=flying
INFO     Sampling 2 unrevealed pokemon
INFO     	         klefki    prankster    leftovers [dazzlinggleam, foulplay, spikes, thunderwave] ttype=water
INFO     	    arceusghost    multitype  spookyplate [focusblast, judgment, recover, willowisp] ttype=dark
INFO     Sampling battle 7
INFO     	      cramorant  gulpmissile heavydutyboots [bravebird, defog, roost, surf] ttype=ground
INFO     	         lunala shadowshield    leftovers [calmmind, moongeistbeam, moonlight, psyshock] ttype=fairy
INFO     	     golemalola    galvanize      lifeorb [doubleedge, earthquake, rockpolish, stoneedge] ttype=flying
INFO     Sampling 2 unrevealed pokemon
INFO     	        weavile   pickpocket   choiceband [iceshard, knockoff, lowkick, tripleaxel] ttype=ice
INFO     	         comfey       triage    leftovers [calmmind, drainingkiss, gigadrain, terablast] ttype=ground
INFO     Sampling battle 8
INFO     	      cramorant  gulpmissile heavydutyboots [bravebird, defog, roost, surf] ttype=ground
INFO     	         lunala shadowshield    leftovers [calmmind, moongeistbeam, moonlight, psyshock] ttype=fairy
INFO     	     golemalola    galvanize      lifeorb [doubleedge, earthquake, rockpolish, stoneedge] ttype=flying
INFO     Sampling 2 unrevealed pokemon
INFO     	   weezinggalar     levitate    leftovers [defog, gunkshot, strangesteam, willowisp] ttype=steel
INFO     	   arceusdragon    multitype   dracoplate [flareblitz, heavyslam, outrage, swordsdance] ttype=fire
INFO     Sampling battle 9
INFO     	      cramorant  gulpmissile heavydutyboots [bravebird, defog, roost, surf] ttype=ground
INFO     	         lunala shadowshield    leftovers [calmmind, moongeistbeam, moonlight, psyshock] ttype=fairy
INFO     	     golemalola    galvanize      lifeorb [doubleedge, earthquake, rockpolish, stoneedge] ttype=flying
INFO     Sampling 2 unrevealed pokemon
INFO     	    fluttermane protosynthesis      lifeorb [calmmind, moonblast, shadowball, thunderbolt] ttype=electric
INFO     	      exeggutor      harvest  sitrusberry [leechseed, protect, psychicnoise, substitute] ttype=steel
INFO     Sampling battle 10
INFO     	      cramorant  gulpmissile heavydutyboots [bravebird, defog, roost, surf] ttype=ground
INFO     	         lunala shadowshield    leftovers [calmmind, moongeistbeam, moonlight, psyshock] ttype=fairy
INFO     	     golemalola    galvanize      lifeorb [doubleedge, earthquake, rockpolish, stoneedge] ttype=grass
INFO     Sampling 2 unrevealed pokemon
INFO     	       cobalion    justified    leftovers [bodypress, irondefense, ironhead, thunderwave] ttype=ghost
INFO     	        dugtrio    arenatrap   choiceband [earthquake, stoneedge, suckerpunch, throatchop] ttype=dark
INFO     Sampling battle 11
INFO     	      cramorant  gulpmissile heavydutyboots [bravebird, defog, roost, surf] ttype=ground
INFO     	         lunala shadowshield    leftovers [calmmind, moongeistbeam, moonlight, psyshock] ttype=fairy
INFO     	     golemalola    galvanize      lifeorb [doubleedge, earthquake, rockpolish, stoneedge] ttype=grass
INFO     Sampling 2 unrevealed pokemon
INFO     	     wigglytuff  competitive    leftovers [dazzlinggleam, fireblast, protect, wish] ttype=steel
INFO     	     mabosstiff     stakeout  choicescarf [crunch, playrough, psychicfangs, wildcharge] ttype=dark
INFO     Sampling battle 12
INFO     	      cramorant  gulpmissile heavydutyboots [bravebird, defog, roost, surf] ttype=ground
INFO     	         lunala shadowshield    leftovers [calmmind, moongeistbeam, moonlight, psyshock] ttype=fairy
INFO     	     golemalola    galvanize      lifeorb [doubleedge, earthquake, rockpolish, stoneedge] ttype=grass
INFO     Sampling 2 unrevealed pokemon
INFO     	 keldeoresolute    justified      lifeorb [airslash, calmmind, hydropump, secretsword] ttype=fighting
INFO     	        glaceon      icebody heavydutyboots [calmmind, freezedry, protect, wish] ttype=water
INFO     Sampling battle 13
INFO     	      cramorant  gulpmissile heavydutyboots [bravebird, defog, roost, surf] ttype=ground
INFO     	         lunala shadowshield    leftovers [calmmind, moongeistbeam, moonlight, psyshock] ttype=fairy
INFO     	     golemalola    galvanize      lifeorb [doubleedge, earthquake, rockpolish, stoneedge] ttype=grass
INFO     Sampling 2 unrevealed pokemon
INFO     	      blastoise      torrent    whiteherb [hydropump, icebeam, shellsmash, terablast] ttype=grass
INFO     	        beartic    slushrush   choiceband [aquajet, closecombat, earthquake, iciclecrash] ttype=fighting
INFO     Sampling battle 14
INFO     	      cramorant  gulpmissile heavydutyboots [bravebird, defog, roost, surf] ttype=ground
INFO     	         lunala shadowshield    leftovers [calmmind, moongeistbeam, moonlight, psyshock] ttype=fairy
INFO     	     golemalola    galvanize      lifeorb [doubleedge, earthquake, rockpolish, stoneedge] ttype=grass
INFO     Sampling 2 unrevealed pokemon
INFO     	        umbreon  synchronize    leftovers [foulplay, protect, toxic, wish] ttype=poison
INFO     	      araquanid  waterbubble heavydutyboots [hydropump, leechlife, liquidation, stickyweb] ttype=ground
INFO     Sampling battle 15
INFO     	      cramorant  gulpmissile heavydutyboots [bravebird, defog, roost, surf] ttype=ground
INFO     	         lunala shadowshield    leftovers [calmmind, moongeistbeam, moonlight, psyshock] ttype=fairy
INFO     	     golemalola    galvanize      lifeorb [doubleedge, earthquake, rockpolish, stoneedge] ttype=grass
INFO     Sampling 2 unrevealed pokemon
INFO     	      regieleki   transistor       magnet [explosion, rapidspin, thunderbolt, voltswitch] ttype=electric
INFO     	 sandslashalola    slushrush  assaultvest [ironhead, knockoff, rapidspin, tripleaxel] ttype=flying
INFO     Searching for a move using MCTS...
INFO     Sampling 16 battles at 500ms each
WARNING  final-choice override (%s): %s -> %s
INFO     Choice: leechseed
INFO     Updated cramorant's min speed to 123
INFO     cramorant already has the move bravebird. Decrementing the PP by 1
INFO     cramorant used a flying move, removing flyinggem from possible items
INFO     Setting cramorant's last used move: bravebird
INFO     cramorant used a damaging move - not guessing lifeorb anymore
INFO     cramorant did 13.54% damage to arboliva with bravebird
INFO     Setting protect to 0 for the bot
INFO     cramorant has less than maxhp during upkeep, no longer guessing leftovers or blacksludge
INFO     loaded 2 player and 0 effective opponent priors
INFO     Sampling battle 0
INFO     	      cramorant  gulpmissile heavydutyboots [bravebird, defog, roost, surf] ttype=ground
INFO     	         lunala shadowshield    leftovers [calmmind, moongeistbeam, moonlight, psyshock] ttype=fairy
INFO     	     golemalola    galvanize      lifeorb [doubleedge, earthquake, rockpolish, stoneedge] ttype=flying
INFO     Sampling 2 unrevealed pokemon
INFO     	      spiritomb  infiltrator    leftovers [foulplay, painsplit, poltergeist, toxic] ttype=poison
INFO     	       whiscash    oblivious      lifeorb [dragondance, earthquake, liquidation, stoneedge] ttype=ground
INFO     Sampling battle 1
INFO     	      cramorant  gulpmissile heavydutyboots [bravebird, defog, roost, surf] ttype=ground
INFO     	         lunala shadowshield    leftovers [calmmind, moongeistbeam, moonlight, psyshock] ttype=fairy
INFO     	     golemalola    galvanize      lifeorb [doubleedge, earthquake, rockpolish, stoneedge] ttype=grass
INFO     Sampling 2 unrevealed pokemon
INFO     	     victreebel  chlorophyll      lifeorb [poisonjab, powerwhip, suckerpunch, swordsdance] ttype=grass
INFO     	    fluttermane protosynthesis      lifeorb [calmmind, moonblast, psyshock, shadowball] ttype=fairy
INFO     Sampling battle 2
INFO     	      cramorant  gulpmissile heavydutyboots [bravebird, defog, roost, surf] ttype=ground
INFO     	         lunala shadowshield    leftovers [calmmind, moongeistbeam, moonlight, psyshock] ttype=fairy
INFO     	     golemalola    galvanize      lifeorb [doubleedge, earthquake, rockpolish, stoneedge] ttype=grass
INFO     Sampling 2 unrevealed pokemon
INFO     	    meowscarada      protean      lifeorb [flowertrick, knockoff, toxicspikes, tripleaxel] ttype=grass
INFO     	      cresselia     levitate    leftovers [calmmind, moonblast, moonlight, psyshock] ttype=fairy
INFO     Sampling battle 3
INFO     	      cramorant  gulpmissile heavydutyboots [bravebird, defog, roost, surf] ttype=ground
INFO     	         lunala shadowshield    leftovers [calmmind, moongeistbeam, moonlight, psyshock] ttype=fairy
INFO     	     golemalola    galvanize      lifeorb [doubleedge, earthquake, rockpolish, stoneedge] ttype=flying
INFO     Sampling 2 unrevealed pokemon
INFO     	    kyuremwhite   turboblaze  choicespecs [dracometeor, freezedry, fusionflare, icebeam] ttype=dragon
INFO     	       virizion    justified      lifeorb [closecombat, leafblade, stoneedge, swordsdance] ttype=rock
INFO     Sampling battle 4
INFO     	      cramorant  gulpmissile heavydutyboots [bravebird, defog, roost, surf] ttype=ground
INFO     	         lunala shadowshield    leftovers [calmmind, moongeistbeam, moonlight, psyshock] ttype=fairy
INFO     	     golemalola    galvanize      lifeorb [doubleedge, earthquake, rockpolish, stoneedge] ttype=flying
INFO     Sampling 2 unrevealed pokemon
INFO     	       reshiram   turboblaze heavydutyboots [dragondance, flareblitz, outrage, stoneedge] ttype=fire
INFO     	      hitmonlee     unburden    whiteherb [closecombat, knockoff, poisonjab, swordsdance] ttype=poison
INFO     Sampling battle 5
INFO     	      cramorant  gulpmissile heavydutyboots [bravebird, defog, roost, surf] ttype=ground
INFO     	         lunala shadowshield    leftovers [calmmind, moongeistbeam, moonlight, psyshock] ttype=fairy
INFO     	     golemalola    galvanize      lifeorb [doubleedge, earthquake, rockpolish, stoneedge] ttype=flying
INFO     Sampling 2 unrevealed pokemon
INFO     	     bombirdier rockypayload   choiceband [bravebird, knockoff, stoneedge, suckerpunch] ttype=rock
INFO     	       sneasler     unburden    whiteherb [acrobatics, closecombat, gunkshot, swordsdance] ttype=flying
INFO     Sampling battle 6
INFO     	      cramorant  gulpmissile heavydutyboots [bravebird, defog, roost, surf] ttype=ground
INFO     	         lunala shadowshield    leftovers [calmmind, moongeistbeam, moonlight, psyshock] ttype=fairy
INFO     	     golemalola    galvanize      lifeorb [doubleedge, earthquake, rockpolish, stoneedge] ttype=flying
INFO     Sampling 2 unrevealed pokemon
INFO     	        noctowl   tintedlens heavydutyboots [calmmind, hurricane, hypervoice, roost] ttype=ground
INFO     	       mudsdale      stamina    leftovers [earthquake, heavyslam, roar, stealthrock] ttype=steel
INFO     Sampling battle 7
INFO     	      cramorant  gulpmissile heavydutyboots [bravebird, defog, roost, surf] ttype=ground
INFO     	         lunala shadowshield    leftovers [calmmind, moongeistbeam, moonlight, psyshock] ttype=fairy
INFO     	     golemalola    galvanize      lifeorb [doubleedge, earthquake, rockpolish, stoneedge] ttype=grass
INFO     Sampling 2 unrevealed pokemon
INFO     	        altaria  naturalcure heavydutyboots [bravebird, dragondance, earthquake, roost] ttype=steel
INFO     	        toxapex  regenerator    leftovers [haze, liquidation, recover, toxicspikes] ttype=steel
INFO     Sampling battle 8
INFO     	      cramorant  gulpmissile heavydutyboots [bravebird, defog, roost, surf] ttype=ground
INFO     	         lunala shadowshield    leftovers [calmmind, moongeistbeam, moonlight, psyshock] ttype=fairy
INFO     	     golemalola    galvanize      lifeorb [doubleedge, earthquake, rockpolish, stoneedge] ttype=grass
INFO     Sampling 2 unrevealed pokemon
INFO     	        gallade    sharpness      lifeorb [agility, nightslash, psychocut, sacredsword] ttype=fighting
INFO     	        toxapex  regenerator    leftovers [haze, liquidation, recover, toxicspikes] ttype=steel
INFO     Sampling battle 9
INFO     	      cramorant  gulpmissile heavydutyboots [bravebird, defog, roost, surf] ttype=ground
INFO     	         lunala shadowshield    leftovers [calmmind, moongeistbeam, moonlight, psyshock] ttype=fairy
INFO     	     golemalola    galvanize      lifeorb [doubleedge, earthquake, rockpolish, stoneedge] ttype=grass
INFO     Sampling 2 unrevealed pokemon
INFO     	        moltres    flamebody heavydutyboots [bravebird, fireblast, roost, scorchingsands] ttype=dragon
INFO     	      indeedeef psychicsurge      lifeorb [calmmind, dazzlinggleam, hypervoice, psyshock] ttype=fairy
INFO     Sampling battle 10
INFO     	      cramorant  gulpmissile heavydutyboots [bravebird, defog, roost, surf] ttype=ground
INFO     	         lunala shadowshield    leftovers [calmmind, moongeistbeam, moonlight, psyshock] ttype=fairy
INFO     	     golemalola    galvanize      lifeorb [doubleedge, earthquake, rockpolish, stoneedge] ttype=grass
INFO     Sampling 2 unrevealed pokemon
INFO     	      hitmonlee     unburden    whiteherb [closecombat, knockoff, stoneedge, swordsdance] ttype=dark
INFO     	        noivern  infiltrator  choicespecs [boomburst, dracometeor, flamethrower, hurricane] ttype=normal
INFO     Sampling battle 11
INFO     	      cramorant  gulpmissile heavydutyboots [bravebird, defog, roost, surf] ttype=ground
INFO     	         lunala shadowshield    leftovers [calmmind, moongeistbeam, moonlight, psyshock] ttype=fairy
INFO     	     golemalola    galvanize      lifeorb [doubleedge, earthquake, rockpolish, stoneedge] ttype=grass
INFO     Sampling 2 unrevealed pokemon
INFO     	         espeon  magicbounce  choicespecs [alluringvoice, psyshock, shadowball, trick] ttype=psychic
INFO     	     chandelure    flashfire heavydutyboots [calmmind, energyball, fireblast, shadowball] ttype=grass
INFO     Sampling battle 12
INFO     	      cramorant  gulpmissile heavydutyboots [bravebird, defog, roost, surf] ttype=ground
INFO     	         lunala shadowshield    leftovers [calmmind, moongeistbeam, moonlight, psyshock] ttype=fairy
INFO     	     golemalola    galvanize      lifeorb [doubleedge, earthquake, rockpolish, stoneedge] ttype=flying
INFO     Sampling 2 unrevealed pokemon
INFO     	            muk  poisontouch  assaultvest [drainpunch, knockoff, poisonjab, shadowsneak] ttype=dark
INFO     	       orthworm   eartheater  chestoberry [bodypress, coil, irontail, rest] ttype=electric
INFO     Sampling battle 13
INFO     	      cramorant  gulpmissile heavydutyboots [bravebird, defog, roost, surf] ttype=ground
INFO     	         lunala shadowshield    leftovers [calmmind, moongeistbeam, moonlight, psyshock] ttype=fairy
INFO     	     golemalola    galvanize      lifeorb [doubleedge, earthquake, rockpolish, stoneedge] ttype=grass
INFO     Sampling 2 unrevealed pokemon
INFO     	     chesnaught  bulletproof  rockyhelmet [bodypress, knockoff, synthesis, woodhammer] ttype=steel
INFO     	        noivern  infiltrator  choicespecs [boomburst, dracometeor, flamethrower, hurricane] ttype=normal
INFO     Sampling battle 14
INFO     	      cramorant  gulpmissile heavydutyboots [bravebird, defog, roost, surf] ttype=ground
INFO     	         lunala shadowshield    leftovers [calmmind, moongeistbeam, moonlight, psyshock] ttype=fairy
INFO     	     golemalola    galvanize      lifeorb [doubleedge, earthquake, rockpolish, stoneedge] ttype=grass
INFO     Sampling 2 unrevealed pokemon
INFO     	         plusle lightningrod      lifeorb [alluringvoice, encore, nastyplot, thunderbolt] ttype=electric
INFO     	        dugtrio    arenatrap   choiceband [earthquake, stoneedge, suckerpunch, throatchop] ttype=dark
INFO     Sampling battle 15
INFO     	      cramorant  gulpmissile heavydutyboots [bravebird, defog, roost, surf] ttype=ground
INFO     	         lunala shadowshield    leftovers [calmmind, moongeistbeam, moonlight, psyshock] ttype=fairy
INFO     	     golemalola    galvanize      lifeorb [doubleedge, earthquake, rockpolish, stoneedge] ttype=grass
INFO     Sampling 2 unrevealed pokemon
INFO     	     feraligatr   sheerforce      lifeorb [crunch, dragondance, icepunch, liquidation] ttype=steel
INFO     	            muk  poisontouch    leftovers [gunkshot, icepunch, knockoff, toxicspikes] ttype=dark
INFO     Searching for a move using MCTS...
INFO     Sampling 16 battles at 500ms each
INFO     Choice: switch phione
INFO     phione switched in, adding intimidate to impossible abilities
INFO     phione switched in, adding pressure to impossible abilities
INFO     phione switched in, adding neutralizinggas to impossible abilities
INFO     phione switched in, adding sandstream to impossible abilities
INFO     phione switched in, adding drought to impossible abilities
INFO     phione switched in, adding drizzle to impossible abilities
INFO     phione switched in, adding snowwarning to impossible abilities
INFO     phione switched in, adding boosterenergy to impossible items
INFO     phione switched in, adding airballoon to impossible items
INFO     
INFO     Turn: 49
INFO     loaded 5 player and 0 effective opponent priors
INFO     Sampling battle 0
INFO     	      cramorant  gulpmissile heavydutyboots [bravebird, defog, roost, surf] ttype=ground
INFO     	         lunala shadowshield    leftovers [calmmind, moongeistbeam, moonlight, psyshock] ttype=fairy
INFO     	     golemalola    galvanize      lifeorb [doubleedge, earthquake, rockpolish, stoneedge] ttype=grass
INFO     Sampling 2 unrevealed pokemon
INFO     	       necrozma   prismarmor      lifeorb [dragondance, earthquake, knockoff, photongeyser] ttype=steel
INFO     	      lilligant  chlorophyll      lifeorb [gigadrain, quiverdance, sleeppowder, terablast] ttype=rock
INFO     Sampling battle 1
INFO     	      cramorant  gulpmissile heavydutyboots [bravebird, defog, roost, surf] ttype=ground
INFO     	         lunala shadowshield    leftovers [calmmind, moongeistbeam, moonlight, psyshock] ttype=fairy
INFO     	     golemalola    galvanize      lifeorb [doubleedge, earthquake, rockpolish, stoneedge] ttype=grass
INFO     Sampling 2 unrevealed pokemon
INFO     	        lanturn   voltabsorb    leftovers [icebeam, scald, thunderbolt, thunderwave] ttype=flying
INFO     	      honchkrow        moxie heavydutyboots [bravebird, heatwave, lashout, suckerpunch] ttype=flying
INFO     Sampling battle 2
INFO     	      cramorant  gulpmissile heavydutyboots [bravebird, defog, roost, surf] ttype=ground
INFO     	         lunala shadowshield    leftovers [calmmind, moongeistbeam, moonlight, psyshock] ttype=fairy
INFO     	     golemalola    galvanize      lifeorb [doubleedge, earthquake, rockpolish, stoneedge] ttype=flying
INFO     Sampling 2 unrevealed pokemon
INFO     	       clodsire      unaware    leftovers [earthquake, gunkshot, recover, stealthrock] ttype=steel
INFO     	        morpeko hungerswitch    leftovers [aurawheel, knockoff, protect, rapidspin] ttype=electric
INFO     Sampling battle 3
INFO     	      cramorant  gulpmissile heavydutyboots [bravebird, defog, roost, surf] ttype=ground
INFO     	         lunala shadowshield    leftovers [calmmind, moongeistbeam, moonlight, psyshock] ttype=fairy
INFO     	     golemalola    galvanize      lifeorb [doubleedge, earthquake, rockpolish, stoneedge] ttype=flying
INFO     Sampling 2 unrevealed pokemon
INFO     	      quaquaval        moxie   choiceband [aquastep, closecombat, knockoff, uturn] ttype=water
INFO     	       solgaleo fullmetalbody weaknesspolicy [closecombat, flamecharge, knockoff, sunsteelstrike] ttype=dark
INFO     Sampling battle 4
INFO     	      cramorant  gulpmissile heavydutyboots [bravebird, defog, roost, surf] ttype=ground
INFO     	         lunala shadowshield    leftovers [calmmind, moongeistbeam, moonlight, psyshock] ttype=fairy
INFO     	     golemalola    galvanize      lifeorb [doubleedge, earthquake, rockpolish, stoneedge] ttype=flying
INFO     Sampling 2 unrevealed pokemon
INFO     	    goodrahisui    sapsipper  assaultvest [dracometeor, heavyslam, hydropump, knockoff] ttype=dragon
INFO     	      palossand watercompaction    leftovers [earthpower, shadowball, shoreup, stealthrock] ttype=water
INFO     Sampling battle 5
INFO     	      cramorant  gulpmissile heavydutyboots [bravebird, defog, roost, surf] ttype=ground
INFO     	         lunala shadowshield    leftovers [calmmind, moongeistbeam, moonlight, psyshock] ttype=fairy
INFO     	     golemalola    galvanize      lifeorb [doubleedge, earthquake, rockpolish, stoneedge] ttype=grass
INFO     Sampling 2 unrevealed pokemon
INFO     	        falinks      defiant      lifeorb [closecombat, ironhead, knockoff, noretreat] ttype=steel
INFO     	       reshiram   turboblaze heavydutyboots [dragondance, flareblitz, outrage, stoneedge] ttype=fire
INFO     Sampling battle 6
INFO     	      cramorant  gulpmissile heavydutyboots [bravebird, defog, roost, surf] ttype=ground
INFO     	         lunala shadowshield    leftovers [calmmind, moongeistbeam, moonlight, psyshock] ttype=fairy
INFO     	     golemalola    galvanize      lifeorb [doubleedge, earthquake, rockpolish, stoneedge] ttype=flying
INFO     Sampling 2 unrevealed pokemon
INFO     	       sunflora  chlorophyll  choicespecs [dazzlinggleam, earthpower, leafstorm, sludgebomb] ttype=poison
INFO     	      mamoswine     thickfat   choiceband [earthquake, iceshard, iciclecrash, knockoff] ttype=ice
INFO     Sampling battle 7
INFO     	      cramorant  gulpmissile heavydutyboots [bravebird, defog, roost, surf] ttype=ground
INFO     	         lunala shadowshield    leftovers [calmmind, moongeistbeam, moonlight, psyshock] ttype=fairy
INFO     	     golemalola    galvanize      lifeorb [doubleedge, earthquake, rockpolish, stoneedge] ttype=grass
INFO     Sampling 2 unrevealed pokemon
INFO     	         emboar     reckless  assaultvest [closecombat, flareblitz, scald, suckerpunch] ttype=fire
INFO     	       granbull   intimidate    leftovers [earthquake, encore, playrough, thunderwave] ttype=ground
INFO     Sampling battle 8
INFO     	      cramorant  gulpmissile heavydutyboots [bravebird, defog, roost, surf] ttype=ground
INFO     	         lunala shadowshield    leftovers [calmmind, moongeistbeam, moonlight, psyshock] ttype=fairy
INFO     	     golemalola    galvanize      lifeorb [doubleedge, earthquake, rockpolish, stoneedge] ttype=flying
INFO     Sampling 2 unrevealed pokemon
INFO     	       oranguru   innerfocus  choicespecs [hypervoice, psyshock, thunderbolt, trick] ttype=normal
INFO     	      greattusk protosynthesis    leftovers [bulkup, closecombat, earthquake, rapidspin] ttype=steel
INFO     Sampling battle 9
INFO     	      cramorant  gulpmissile heavydutyboots [bravebird, defog, roost, surf] ttype=ground
INFO     	         lunala shadowshield    leftovers [calmmind, moongeistbeam, moonlight, psyshock] ttype=fairy
INFO     	     golemalola    galvanize      lifeorb [doubleedge, earthquake, rockpolish, stoneedge] ttype=grass
INFO     Sampling 2 unrevealed pokemon
INFO     	        scyther   technician heavydutyboots [closecombat, defog, dualwingbeat, uturn] ttype=fighting
INFO     	     hitmonchan     ironfist    leftovers [bulkup, drainpunch, knockoff, poisonjab] ttype=poison
INFO     Sampling battle 10
INFO     	      cramorant  gulpmissile heavydutyboots [bravebird, defog, roost, surf] ttype=ground
INFO     	         lunala shadowshield    leftovers [calmmind, moongeistbeam, moonlight, psyshock] ttype=fairy
INFO     	     golemalola    galvanize      lifeorb [doubleedge, earthquake, rockpolish, stoneedge] ttype=grass
INFO     Sampling 2 unrevealed pokemon
INFO     	     ragingbolt protosynthesis  assaultvest [discharge, dracometeor, thunderclap, voltswitch] ttype=electric
INFO     	       tinkaton  moldbreaker    leftovers [gigatonhammer, knockoff, playrough, swordsdance] ttype=steel
INFO     Sampling battle 11
INFO     	      cramorant  gulpmissile heavydutyboots [bravebird, defog, roost, surf] ttype=ground
INFO     	         lunala shadowshield    leftovers [calmmind, moongeistbeam, moonlight, psyshock] ttype=fairy
INFO     	     golemalola    galvanize      lifeorb [doubleedge, earthquake, rockpolish, stoneedge] ttype=flying
INFO     Sampling 2 unrevealed pokemon
INFO     	     sandaconda     shedskin   loadeddice [coil, earthquake, rockblast, scaleshot] ttype=dragon
INFO     	       orthworm   eartheater  chestoberry [bodypress, coil, irontail, rest] ttype=electric
INFO     Sampling battle 12
INFO     	      cramorant  gulpmissile heavydutyboots [bravebird, defog, roost, surf] ttype=ground
INFO     	         lunala shadowshield    leftovers [calmmind, moongeistbeam, moonlight, psyshock] ttype=fairy
INFO     	     golemalola    galvanize      lifeorb [doubleedge, earthquake, rockpolish, stoneedge] ttype=grass
INFO     Sampling 2 unrevealed pokemon
INFO     	         lapras  waterabsorb  choicespecs [freezedry, hydropump, icebeam, sparklingaria] ttype=water
INFO     	        banette   cursedbody      lifeorb [gunkshot, poltergeist, shadowsneak, thunderwave] ttype=poison
INFO     Sampling battle 13
INFO     	      cramorant  gulpmissile heavydutyboots [bravebird, defog, roost, surf] ttype=ground
INFO     	         lunala shadowshield    leftovers [calmmind, moongeistbeam, moonlight, psyshock] ttype=fairy
INFO     	     golemalola    galvanize      lifeorb [doubleedge, earthquake, rockpolish, stoneedge] ttype=flying
INFO     Sampling 2 unrevealed pokemon
INFO     	         zekrom     teravolt    leftovers [boltstrike, dragondance, outrage, substitute] ttype=fairy
INFO     	     toedscruel myceliummight  assaultvest [earthpower, gigadrain, knockoff, rapidspin] ttype=water
INFO     Sampling battle 14
INFO     	      cramorant  gulpmissile heavydutyboots [bravebird, defog, roost, surf] ttype=ground
INFO     	         lunala shadowshield    leftovers [calmmind, moongeistbeam, moonlight, psyshock] ttype=fairy
INFO     	     golemalola    galvanize      lifeorb [doubleedge, earthquake, rockpolish, stoneedge] ttype=flying
INFO     Sampling 2 unrevealed pokemon
INFO     	 keldeoresolute    justified  choicespecs [flipturn, hydropump, secretsword, vacuumwave] ttype=water
INFO     	       arcanine   intimidate heavydutyboots [closecombat, flareblitz, morningsun, willowisp] ttype=fighting
INFO     Sampling battle 15
INFO     	      cramorant  gulpmissile heavydutyboots [bravebird, defog, roost, surf] ttype=ground
INFO     	         lunala shadowshield    leftovers [calmmind, moongeistbeam, moonlight, psyshock] ttype=fairy
INFO     	     golemalola    galvanize      lifeorb [doubleedge, earthquake, rockpolish, stoneedge] ttype=grass
INFO     Sampling 2 unrevealed pokemon
INFO     	  qwilfishhisui   intimidate     eviolite [crunch, gunkshot, taunt, toxicspikes] ttype=flying
INFO     	      salamence        moxie heavydutyboots [dragondance, dualwingbeat, outrage, roost] ttype=steel
INFO     Searching for a move using MCTS...
INFO     Sampling 16 battles at 500ms each
INFO     Choice: scald
INFO     Updated cramorant's max speed to 197
INFO     phione already has the move scald. Decrementing the PP by 1
INFO     phione used a water move, removing watergem from possible items
INFO     Setting phione's last used move: scald
INFO     phione used a damaging move - not guessing lifeorb anymore
INFO     phione did 17.0% damage to cramorant with scald
INFO     cramorant got status: brn
INFO     No longer guessing lumberry because cramorant got status brn
INFO     cramorant used two different moves - it cannot have a choice item
INFO     cramorant used a water move, removing watergem from possible items
INFO     Setting cramorant's last used move: surf
INFO     cramorant used a damaging move - not guessing lifeorb anymore
INFO     cramorant did 14.680000000000001% damage to phione with surf
INFO     Form Change: cramorant -> Cramorant-Gulping
INFO     Setting phione's item to: leftovers
INFO     cramorantgulping has less than maxhp during upkeep, no longer guessing leftovers or blacksludge
INFO     
INFO     Turn: 50
INFO     loaded 5 player and 0 effective opponent priors
INFO     Sampling battle 0
INFO     	cramorantgulping  gulpmissile heavydutyboots [bravebird, defog, roost, surf] ttype=ground
INFO     	         lunala shadowshield    leftovers [calmmind, moongeistbeam, moonlight, psyshock] ttype=fairy
INFO     	     golemalola    galvanize      lifeorb [doubleedge, earthquake, rockpolish, stoneedge] ttype=flying
INFO     Sampling 2 unrevealed pokemon
INFO     	       cinccino   technician   loadeddice [bulletseed, tailslap, tidyup, tripleaxel] ttype=normal
INFO     	taurospaldeablaze   intimidate   choiceband [closecombat, flareblitz, stoneedge, wildcharge] ttype=fighting
INFO     Sampling battle 1
INFO     	cramorantgulping  gulpmissile heavydutyboots [bravebird, defog, roost, surf] ttype=ground
INFO     	         lunala shadowshield    leftovers [calmmind, moongeistbeam, moonlight, psyshock] ttype=fairy
INFO     	     golemalola    galvanize      lifeorb [doubleedge, earthquake, rockpolish, stoneedge] ttype=flying
INFO     Sampling 2 unrevealed pokemon
INFO     	       chienpao  swordofruin heavydutyboots [iciclecrash, suckerpunch, swordsdance, throatchop] ttype=dark
INFO     	        toxapex  regenerator    leftovers [haze, liquidation, recover, toxicspikes] ttype=grass
INFO     Sampling battle 2
INFO     	cramorantgulping  gulpmissile heavydutyboots [bravebird, defog, roost, surf] ttype=ground
INFO     	         lunala shadowshield    leftovers [calmmind, moongeistbeam, moonlight, psyshock] ttype=fairy
INFO     	     golemalola    galvanize      lifeorb [doubleedge, earthquake, rockpolish, stoneedge] ttype=flying
INFO     Sampling 2 unrevealed pokemon
INFO     	        glaceon      icebody heavydutyboots [freezedry, mudshot, protect, wish] ttype=ground
INFO     	         gogoat    sapsipper    leftovers [bulkup, earthquake, hornleech, milkdrink] ttype=ground
INFO     Sampling battle 3
INFO     	cramorantgulping  gulpmissile heavydutyboots [bravebird, defog, roost, surf] ttype=ground
INFO     	         lunala shadowshield    leftovers [calmmind, moongeistbeam, moonlight, psyshock] ttype=fairy
INFO     	     golemalola    galvanize      lifeorb [doubleedge, earthquake, rockpolish, stoneedge] ttype=flying
INFO     Sampling 2 unrevealed pokemon
INFO     	    ironjugulis   quarkdrive  choicespecs [darkpulse, hurricane, hydropump, uturn] ttype=dark
INFO     	     arceusrock    multitype   stoneplate [calmmind, earthpower, judgment, recover] ttype=ground
INFO     Sampling battle 4
INFO     	cramorantgulping  gulpmissile heavydutyboots [bravebird, defog, roost, surf] ttype=ground
INFO     	         lunala shadowshield    leftovers [calmmind, moongeistbeam, moonlight, psyshock] ttype=fairy
INFO     	     golemalola    galvanize      lifeorb [doubleedge, earthquake, rockpolish, stoneedge] ttype=flying
INFO     Sampling 2 unrevealed pokemon
INFO     	        seviper     shedskin    leftovers [earthquake, gunkshot, swordsdance, trailblaze] ttype=ground
INFO     	 keldeoresolute    justified    leftovers [calmmind, secretsword, substitute, surf] ttype=steel
INFO     Sampling battle 5
INFO     	cramorantgulping  gulpmissile heavydutyboots [bravebird, defog, roost, surf] ttype=ground
INFO     	         lunala shadowshield    leftovers [calmmind, moongeistbeam, moonlight, psyshock] ttype=fairy
INFO     	     golemalola    galvanize      lifeorb [doubleedge, earthquake, rockpolish, stoneedge] ttype=grass
INFO     Sampling 2 unrevealed pokemon
INFO     	      dunsparce  serenegrace     eviolite [bodyslam, coil, earthquake, roost] ttype=ground
INFO     	      decidueye     overgrow heavydutyboots [defog, leafstorm, roost, spiritshackle] ttype=ghost
INFO     Sampling battle 6
INFO     	cramorantgulping  gulpmissile heavydutyboots [bravebird, defog, roost, surf] ttype=ground
INFO     	         lunala shadowshield    leftovers [calmmind, moongeistbeam, moonlight, psyshock] ttype=fairy
INFO     	     golemalola    galvanize      lifeorb [doubleedge, earthquake, rockpolish, stoneedge] ttype=grass
INFO     Sampling 2 unrevealed pokemon
INFO     	       rayquaza      airlock   choiceband [dragonascent, earthquake, extremespeed, uturn] ttype=normal
INFO     	ogerponwellspring  waterabsorb wellspringmask [hornleech, ivycudgel, knockoff, swordsdance] ttype=water
INFO     Sampling battle 7
INFO     	cramorantgulping  gulpmissile heavydutyboots [bravebird, defog, roost, surf] ttype=ground
INFO     	         lunala shadowshield    leftovers [calmmind, moongeistbeam, moonlight, psyshock] ttype=fairy
INFO     	     golemalola    galvanize      lifeorb [doubleedge, earthquake, rockpolish, stoneedge] ttype=grass
INFO     Sampling 2 unrevealed pokemon
INFO     	    kyuremwhite   turboblaze  choicescarf [dracometeor, freezedry, fusionflare, icebeam] ttype=dragon
INFO     	ogerponwellspring  waterabsorb wellspringmask [ivycudgel, synthesis, uturn, woodhammer] ttype=water
INFO     Sampling battle 8
INFO     	cramorantgulping  gulpmissile heavydutyboots [bravebird, defog, roost, surf] ttype=ground
INFO     	         lunala shadowshield    leftovers [calmmind, moongeistbeam, moonlight, psyshock] ttype=fairy
INFO     	     golemalola    galvanize      lifeorb [doubleedge, earthquake, rockpolish, stoneedge] ttype=flying
INFO     Sampling 2 unrevealed pokemon
INFO     	          chiyu  beadsofruin heavydutyboots [darkpulse, fireblast, nastyplot, willowisp] ttype=dark
INFO     	        gurdurr         guts     eviolite [defog, drainpunch, knockoff, machpunch] ttype=steel
INFO     Sampling battle 9
INFO     	cramorantgulping  gulpmissile heavydutyboots [bravebird, defog, roost, surf] ttype=ground
INFO     	         lunala shadowshield    leftovers [calmmind, moongeistbeam, moonlight, psyshock] ttype=fairy
INFO     	     golemalola    galvanize      lifeorb [doubleedge, earthquake, rockpolish, stoneedge] ttype=grass
INFO     Sampling 2 unrevealed pokemon
INFO     	        haxorus  moldbreaker     lumberry [dragondance, earthquake, ironhead, outrage] ttype=steel
INFO     	       porygonz adaptability  choicescarf [icebeam, shadowball, triattack, trick] ttype=ghost
INFO     Sampling battle 10
INFO     	cramorantgulping  gulpmissile heavydutyboots [bravebird, defog, roost, surf] ttype=ground
INFO     	         lunala shadowshield    leftovers [calmmind, moongeistbeam, moonlight, psyshock] ttype=fairy
INFO     	     golemalola    galvanize      lifeorb [doubleedge, earthquake, rockpolish, stoneedge] ttype=flying
INFO     Sampling 2 unrevealed pokemon
INFO     	      clawitzer megalauncher  choicespecs [aurasphere, dragonpulse, uturn, waterpulse] ttype=dragon
INFO     	       arcanine   intimidate heavydutyboots [extremespeed, flareblitz, morningsun, willowisp] ttype=normal
INFO     Sampling battle 11
INFO     	cramorantgulping  gulpmissile heavydutyboots [bravebird, defog, roost, surf] ttype=ground
INFO     	         lunala shadowshield    leftovers [calmmind, moongeistbeam, moonlight, psyshock] ttype=fairy
INFO     	     golemalola    galvanize      lifeorb [doubleedge, earthquake, rockpolish, stoneedge] ttype=flying
INFO     Sampling 2 unrevealed pokemon
INFO     	     copperajah   heavymetal   choiceband [heatcrash, heavyslam, supercellslam, superpower] ttype=flying
INFO     	          hypno     insomnia    leftovers [encore, knockoff, psychicnoise, toxic] ttype=fairy
INFO     Sampling battle 12
INFO     	cramorantgulping  gulpmissile heavydutyboots [bravebird, defog, roost, surf] ttype=ground
INFO     	         lunala shadowshield    leftovers [calmmind, moongeistbeam, moonlight, psyshock] ttype=fairy
INFO     	     golemalola    galvanize      lifeorb [doubleedge, earthquake, rockpolish, stoneedge] ttype=flying
INFO     Sampling 2 unrevealed pokemon
INFO     	       delibird  vitalspirit heavydutyboots [bravebird, freezedry, rapidspin, spikes] ttype=ghost
INFO     	       zangoose   toxicboost     toxicorb [facade, knockoff, quickattack, swordsdance] ttype=normal
INFO     Sampling battle 13
INFO     	cramorantgulping  gulpmissile heavydutyboots [bravebird, defog, roost, surf] ttype=ground
INFO     	         lunala shadowshield    leftovers [calmmind, moongeistbeam, moonlight, psyshock] ttype=fairy
INFO     	     golemalola    galvanize      lifeorb [doubleedge, earthquake, rockpolish, stoneedge] ttype=flying
INFO     Sampling 2 unrevealed pokemon
INFO     	        bisharp      defiant     eviolite [ironhead, suckerpunch, swordsdance, throatchop] ttype=ghost
INFO     	     ragingbolt protosynthesis  assaultvest [discharge, dracometeor, thunderclap, voltswitch] ttype=electric
INFO     Sampling battle 14
INFO     	cramorantgulping  gulpmissile heavydutyboots [bravebird, defog, roost, surf] ttype=ground
INFO     	         lunala shadowshield    leftovers [calmmind, moongeistbeam, moonlight, psyshock] ttype=fairy
INFO     	     golemalola    galvanize      lifeorb [doubleedge, earthquake, rockpolish, stoneedge] ttype=grass
INFO     Sampling 2 unrevealed pokemon
INFO     	     ragingbolt protosynthesis  assaultvest [discharge, dracometeor, thunderclap, voltswitch] ttype=electric
INFO     	        slowbro  regenerator  rockyhelmet [calmmind, psychicnoise, scald, slackoff] ttype=poison
INFO     Sampling battle 15
INFO     	cramorantgulping  gulpmissile heavydutyboots [bravebird, defog, roost, surf] ttype=ground
INFO     	         lunala shadowshield    leftovers [calmmind, moongeistbeam, moonlight, psyshock] ttype=fairy
INFO     	     golemalola    galvanize      lifeorb [doubleedge, earthquake, rockpolish, stoneedge] ttype=flying
INFO     Sampling 2 unrevealed pokemon
INFO     	      rhyperior    solidrock   choiceband [earthquake, icepunch, megahorn, stoneedge] ttype=steel
INFO     	necrozmaduskmane   prismarmor weaknesspolicy [dragondance, earthquake, photongeyser, sunsteelstrike] ttype=ground
INFO     Searching for a move using MCTS...
INFO     Sampling 16 battles at 500ms each
INFO     Choice: takeheart
INFO     Updated cramorantgulping's max speed to 197
INFO     phione already has the move takeheart. Decrementing the PP by 1
INFO     phione used a status-move. Adding `assaultvest` to impossible items
INFO     Setting phione's last used move: takeheart
INFO     phione's special-attack was boosted by 1 to 1
INFO     phione's special-defense was boosted by 1 to 1
INFO     cramorantgulping already has the move surf. Decrementing the PP by 1
INFO     cramorantgulping used a water move, removing watergem from possible items
INFO     Setting cramorantgulping's last used move: surf
INFO     cramorantgulping used a damaging move - not guessing lifeorb anymore
INFO     cramorantgulping did 11.26% damage to phione with surf
INFO     Setting phione's item to: leftovers
INFO     cramorantgulping has less than maxhp during upkeep, no longer guessing leftovers or blacksludge
INFO     
INFO     Turn: 51
INFO     loaded 5 player and 0 effective opponent priors
INFO     Sampling battle 0
INFO     	cramorantgulping  gulpmissile heavydutyboots [bravebird, defog, roost, surf] ttype=ground
INFO     	         lunala shadowshield    leftovers [calmmind, moongeistbeam, moonlight, psyshock] ttype=fairy
INFO     	     golemalola    galvanize      lifeorb [doubleedge, earthquake, rockpolish, stoneedge] ttype=flying
INFO     Sampling 2 unrevealed pokemon
INFO     	       zangoose   toxicboost     toxicorb [facade, knockoff, quickattack, swordsdance] ttype=normal
INFO     	       sunflora  chlorophyll  choicespecs [dazzlinggleam, earthpower, leafstorm, sludgebomb] ttype=poison
INFO     Sampling battle 1
INFO     	cramorantgulping  gulpmissile heavydutyboots [bravebird, defog, roost, surf] ttype=ground
INFO     	         lunala shadowshield    leftovers [calmmind, moongeistbeam, moonlight, psyshock] ttype=fairy
INFO     	     golemalola    galvanize      lifeorb [doubleedge, earthquake, rockpolish, stoneedge] ttype=grass
INFO     Sampling 2 unrevealed pokemon
INFO     	         rabsca  synchronize heavydutyboots [bugbuzz, psychic, revivalblessing, trickroom] ttype=steel
INFO     	        drednaw    strongjaw    whiteherb [crunch, liquidation, shellsmash, stoneedge] ttype=dark
INFO     Sampling battle 2
INFO     	cramorantgulping  gulpmissile heavydutyboots [bravebird, defog, roost, surf] ttype=ground
INFO     	         lunala shadowshield    leftovers [calmmind, moongeistbeam, moonlight, psyshock] ttype=fairy
INFO     	     golemalola    galvanize      lifeorb [doubleedge, earthquake, rockpolish, stoneedge] ttype=flying
INFO     Sampling 2 unrevealed pokemon
INFO     	thundurustherian   voltabsorb heavydutyboots [focusblast, nastyplot, terablast, thunderbolt] ttype=flying
INFO     	     perrserker   toughclaws   choiceband [closecombat, ironhead, knockoff, uturn] ttype=fighting
INFO     Sampling battle 3
INFO     	cramorantgulping  gulpmissile heavydutyboots [bravebird, defog, roost, surf] ttype=ground
INFO     	         lunala shadowshield    leftovers [calmmind, moongeistbeam, moonlight, psyshock] ttype=fairy
INFO     	     golemalola    galvanize      lifeorb [doubleedge, earthquake, rockpolish, stoneedge] ttype=flying
INFO     Sampling 2 unrevealed pokemon
INFO     	      mismagius     levitate      lifeorb [dazzlinggleam, nastyplot, shadowball, thunderbolt] ttype=fairy
INFO     	        slaking       truant   choiceband [doubleedge, earthquake, gigaimpact, knockoff] ttype=normal
INFO     Sampling battle 4
INFO     	cramorantgulping  gulpmissile heavydutyboots [bravebird, defog, roost, surf] ttype=ground
INFO     	         lunala shadowshield    leftovers [calmmind, moongeistbeam, moonlight, psyshock] ttype=fairy
INFO     	     golemalola    galvanize      lifeorb [doubleedge, earthquake, rockpolish, stoneedge] ttype=flying
INFO     Sampling 2 unrevealed pokemon
INFO     	      rillaboom  grassysurge      lifeorb [grassyglide, highhorsepower, swordsdance, woodhammer] ttype=grass
INFO     	         pyroar      unnerve heavydutyboots [fireblast, hypervoice, taunt, workup] ttype=fire
INFO     Sampling battle 5
INFO     	cramorantgulping  gulpmissile heavydutyboots [bravebird, defog, roost, surf] ttype=ground
INFO     	         lunala shadowshield    leftovers [calmmind, moongeistbeam, moonlight, psyshock] ttype=fairy
INFO     	     golemalola    galvanize      lifeorb [doubleedge, earthquake, rockpolish, stoneedge] ttype=grass
INFO     Sampling 2 unrevealed pokemon
INFO     	      registeel    clearbody    leftovers [bodypress, ironhead, stealthrock, thunderwave] ttype=fighting
INFO     	     calyrexice asoneglastrier weaknesspolicy [agility, closecombat, glaciallance, highhorsepower] ttype=ground
INFO     Sampling battle 6
INFO     	cramorantgulping  gulpmissile heavydutyboots [bravebird, defog, roost, surf] ttype=ground
INFO     	         lunala shadowshield    leftovers [calmmind, moongeistbeam, moonlight, psyshock] ttype=fairy
INFO     	     golemalola    galvanize      lifeorb [doubleedge, earthquake, rockpolish, stoneedge] ttype=flying
INFO     Sampling 2 unrevealed pokemon
INFO     	        flareon         guts     toxicorb [facade, flareblitz, quickattack, trailblaze] ttype=normal
INFO     	    dudunsparce      rattled    leftovers [boomburst, calmmind, earthpower, roost] ttype=poison
INFO     Sampling battle 7
INFO     	cramorantgulping  gulpmissile heavydutyboots [bravebird, defog, roost, surf] ttype=ground
INFO     	         lunala shadowshield    leftovers [calmmind, moongeistbeam, moonlight, psyshock] ttype=fairy
INFO     	     golemalola    galvanize      lifeorb [doubleedge, earthquake, rockpolish, stoneedge] ttype=flying
INFO     Sampling 2 unrevealed pokemon
INFO     	      rhyperior    solidrock  assaultvest [dragontail, earthquake, megahorn, stoneedge] ttype=bug
INFO     	      passimian      defiant   choiceband [closecombat, gunkshot, knockoff, rockslide] ttype=fighting
INFO     Sampling battle 8
INFO     	cramorantgulping  gulpmissile heavydutyboots [bravebird, defog, roost, surf] ttype=ground
INFO     	         lunala shadowshield    leftovers [calmmind, moongeistbeam, moonlight, psyshock] ttype=fairy
INFO     	     golemalola    galvanize      lifeorb [doubleedge, earthquake, rockpolish, stoneedge] ttype=grass
INFO     Sampling 2 unrevealed pokemon
INFO     	      ironcrown   quarkdrive    leftovers [calmmind, focusblast, psyshock, tachyoncutter] ttype=steel
INFO     	lycanrocmidnight      noguard      lifeorb [closecombat, knockoff, stoneedge, swordsdance] ttype=fighting
INFO     Sampling battle 9
INFO     	cramorantgulping  gulpmissile heavydutyboots [bravebird, defog, roost, surf] ttype=ground
INFO     	         lunala shadowshield    leftovers [calmmind, moongeistbeam, moonlight, psyshock] ttype=fairy
INFO     	     golemalola    galvanize      lifeorb [doubleedge, earthquake, rockpolish, stoneedge] ttype=flying
INFO     Sampling 2 unrevealed pokemon
INFO     	        persian       limber   choiceband [doubleedge, knockoff, switcheroo, uturn] ttype=normal
INFO     	       froslass   cursedbody     widelens [poltergeist, spikes, taunt, tripleaxel] ttype=ice
INFO     Sampling battle 10
INFO     	cramorantgulping  gulpmissile heavydutyboots [bravebird, defog, roost, surf] ttype=ground
INFO     	         lunala shadowshield    leftovers [calmmind, moongeistbeam, moonlight, psyshock] ttype=fairy
INFO     	     golemalola    galvanize      lifeorb [doubleedge, earthquake, rockpolish, stoneedge] ttype=grass
INFO     Sampling 2 unrevealed pokemon
INFO     	       empoleon  competitive    leftovers [flipturn, roar, roost, surf] ttype=flying
INFO     	    oricoriopau       dancer heavydutyboots [hurricane, quiverdance, revelationdance, roost] ttype=ground
INFO     Sampling battle 11
INFO     	cramorantgulping  gulpmissile heavydutyboots [bravebird, defog, roost, surf] ttype=ground
INFO     	         lunala shadowshield    leftovers [calmmind, moongeistbeam, moonlight, psyshock] ttype=fairy
INFO     	     golemalola    galvanize      lifeorb [doubleedge, earthquake, rockpolish, stoneedge] ttype=flying
INFO     Sampling 2 unrevealed pokemon
INFO     	      volcarona    flamebody heavydutyboots [bugbuzz, fireblast, gigadrain, quiverdance] ttype=steel
INFO     	      cryogonal     levitate heavydutyboots [icebeam, rapidspin, recover, terablast] ttype=electric
INFO     Sampling battle 12
INFO     	cramorantgulping  gulpmissile heavydutyboots [bravebird, defog, roost, surf] ttype=ground
INFO     	         lunala shadowshield    leftovers [calmmind, moongeistbeam, moonlight, psyshock] ttype=fairy
INFO     	     golemalola    galvanize      lifeorb [doubleedge, earthquake, rockpolish, stoneedge] ttype=grass
INFO     Sampling 2 unrevealed pokemon
INFO     	      mamoswine     thickfat   choiceband [earthquake, iceshard, iciclecrash, knockoff] ttype=ground
INFO     	      rillaboom  grassysurge   choiceband [grassyglide, highhorsepower, uturn, woodhammer] ttype=grass
INFO     Sampling battle 13
INFO     	cramorantgulping  gulpmissile heavydutyboots [bravebird, defog, roost, surf] ttype=ground
INFO     	         lunala shadowshield    leftovers [calmmind, moongeistbeam, moonlight, psyshock] ttype=fairy
INFO     	     golemalola    galvanize      lifeorb [doubleedge, earthquake, rockpolish, stoneedge] ttype=flying
INFO     Sampling 2 unrevealed pokemon
INFO     	     typhlosion        blaze  choicescarf [eruption, fireblast, focusblast, scorchingsands] ttype=fire
INFO     	enamorustherian     overcoat weaknesspolicy [agility, earthpower, moonblast, mysticalfire] ttype=ground
INFO     Sampling battle 14
INFO     	cramorantgulping  gulpmissile heavydutyboots [bravebird, defog, roost, surf] ttype=ground
INFO     	         lunala shadowshield    leftovers [calmmind, moongeistbeam, moonlight, psyshock] ttype=fairy
INFO     	     golemalola    galvanize      lifeorb [doubleedge, earthquake, rockpolish, stoneedge] ttype=flying
INFO     Sampling 2 unrevealed pokemon
INFO     	    polteageist   cursedbody    whiteherb [shadowball, shellsmash, storedpower, strengthsap] ttype=psychic
INFO     	    gougingfire protosynthesis heavydutyboots [dragondance, heatcrash, morningsun, outrage] ttype=fairy
INFO     Sampling battle 15
INFO     	cramorantgulping  gulpmissile heavydutyboots [bravebird, defog, roost, surf] ttype=ground
INFO     	         lunala shadowshield    leftovers [calmmind, moongeistbeam, moonlight, psyshock] ttype=fairy
INFO     	     golemalola    galvanize      lifeorb [doubleedge, earthquake, rockpolish, stoneedge] ttype=grass
INFO     Sampling 2 unrevealed pokemon
INFO     	          minun   voltabsorb      lifeorb [alluringvoice, grassknot, nastyplot, thunderbolt] ttype=electric
INFO     	     feraligatr   sheerforce      lifeorb [crunch, dragondance, icepunch, liquidation] ttype=steel
INFO     Searching for a move using MCTS...
INFO     Sampling 16 battles at 500ms each
INFO     Choice: takeheart
INFO     Updated cramorantgulping's max speed to 197
INFO     phione already has the move takeheart. Decrementing the PP by 1
INFO     phione used a status-move. Adding `assaultvest` to impossible items
INFO     Setting phione's last used move: takeheart
INFO     phione's special-attack was boosted by 1 to 2
INFO     phione's special-defense was boosted by 1 to 2
INFO     cramorantgulping used two different moves - it cannot have a choice item
INFO     cramorantgulping using roost makes it unlikely to have a choice item. Setting can_have_choice_item to False
INFO     cramorantgulping used a status-move. Adding `assaultvest` to impossible items
INFO     Setting cramorantgulping's last used move: roost
INFO     cramorantgulping has acquired the 'roost' volatilestatus
INFO     Setting phione's item to: leftovers
INFO     Removing 'roost' from cramorantgulping's volatiles
INFO     cramorantgulping has less than maxhp during upkeep, no longer guessing leftovers or blacksludge
INFO     
INFO     Turn: 52
INFO     loaded 5 player and 0 effective opponent priors
INFO     Sampling battle 0
INFO     	cramorantgulping  gulpmissile heavydutyboots [bravebird, defog, roost, surf] ttype=ground
INFO     	         lunala shadowshield    leftovers [calmmind, moongeistbeam, moonlight, psyshock] ttype=fairy
INFO     	     golemalola    galvanize      lifeorb [doubleedge, earthquake, rockpolish, stoneedge] ttype=grass
INFO     Sampling 2 unrevealed pokemon
INFO     	    raichualola  surgesurfer  choicespecs [psychic, surf, thunderbolt, voltswitch] ttype=water
INFO     	     misdreavus     levitate     eviolite [calmmind, drainingkiss, shadowball, willowisp] ttype=fairy
INFO     Sampling battle 1
INFO     	cramorantgulping  gulpmissile heavydutyboots [bravebird, defog, roost, surf] ttype=ground
INFO     	         lunala shadowshield    leftovers [calmmind, moongeistbeam, moonlight, psyshock] ttype=fairy
INFO     	     golemalola    galvanize      lifeorb [doubleedge, earthquake, rockpolish, stoneedge] ttype=flying
INFO     Sampling 2 unrevealed pokemon
INFO     	            muk  poisontouch  assaultvest [gunkshot, icepunch, knockoff, shadowsneak] ttype=dark
INFO     	      farigiraf    sapsipper    leftovers [bodyslam, protect, psychicnoise, wish] ttype=ground
INFO     Sampling battle 2
INFO     	cramorantgulping  gulpmissile heavydutyboots [bravebird, defog, roost, surf] ttype=ground
INFO     	         lunala shadowshield    leftovers [calmmind, moongeistbeam, moonlight, psyshock] ttype=fairy
INFO     	     golemalola    galvanize      lifeorb [doubleedge, earthquake, rockpolish, stoneedge] ttype=grass
INFO     Sampling 2 unrevealed pokemon
INFO     	        blissey  naturalcure    leftovers [healbell, seismictoss, softboiled, thunderwave] ttype=ghost
INFO     	     skeledirge      unaware heavydutyboots [flamecharge, shadowball, slackoff, torchsong] ttype=water
INFO     Sampling battle 3
INFO     	cramorantgulping  gulpmissile heavydutyboots [bravebird, defog, roost, surf] ttype=ground
INFO     	         lunala shadowshield    leftovers [calmmind, moongeistbeam, moonlight, psyshock] ttype=fairy
INFO     	     golemalola    galvanize      lifeorb [doubleedge, earthquake, rockpolish, stoneedge] ttype=flying
INFO     Sampling 2 unrevealed pokemon
INFO     	       solgaleo fullmetalbody    leftovers [closecombat, knockoff, morningsun, sunsteelstrike] ttype=water
INFO     	       alcremie    aromaveil    leftovers [alluringvoice, calmmind, psyshock, recover] ttype=steel
INFO     Sampling battle 4
INFO     	cramorantgulping  gulpmissile heavydutyboots [bravebird, defog, roost, surf] ttype=ground
INFO     	         lunala shadowshield    leftovers [calmmind, moongeistbeam, moonlight, psyshock] ttype=fairy
INFO     	     golemalola    galvanize      lifeorb [doubleedge, earthquake, rockpolish, stoneedge] ttype=grass
INFO     Sampling 2 unrevealed pokemon
INFO     	        milotic  competitive    leftovers [dragontail, icebeam, recover, scald] ttype=dragon
INFO     	     baxcalibur thermalexchange   loadeddice [earthquake, iciclespear, scaleshot, swordsdance] ttype=dragon
INFO     Sampling battle 5
INFO     	cramorantgulping  gulpmissile heavydutyboots [bravebird, defog, roost, surf] ttype=ground
INFO     	         lunala shadowshield    leftovers [calmmind, moongeistbeam, moonlight, psyshock] ttype=fairy
INFO     	     golemalola    galvanize      lifeorb [doubleedge, earthquake, rockpolish, stoneedge] ttype=flying
INFO     Sampling 2 unrevealed pokemon
INFO     	        dewgong     thickfat  assaultvest [flipturn, knockoff, surf, tripleaxel] ttype=grass
INFO     	     houndstone       fluffy    leftovers [bodypress, poltergeist, rest, sleeptalk] ttype=fighting
INFO     Sampling battle 6
INFO     	cramorantgulping  gulpmissile heavydutyboots [bravebird, defog, roost, surf] ttype=ground
INFO     	         lunala shadowshield    leftovers [calmmind, moongeistbeam, moonlight, psyshock] ttype=fairy
INFO     	     golemalola    galvanize      lifeorb [doubleedge, earthquake, rockpolish, stoneedge] ttype=flying
INFO     Sampling 2 unrevealed pokemon
INFO     	      regigigas    slowstart    leftovers [bodyslam, knockoff, rest, sleeptalk] ttype=ghost
INFO     	     typhlosion    flashfire  choicescarf [eruption, fireblast, focusblast, scorchingsands] ttype=fire
INFO     Sampling battle 7
INFO     	cramorantgulping  gulpmissile heavydutyboots [bravebird, defog, roost, surf] ttype=ground
INFO     	         lunala shadowshield    leftovers [calmmind, moongeistbeam, moonlight, psyshock] ttype=fairy
INFO     	     golemalola    galvanize      lifeorb [doubleedge, earthquake, rockpolish, stoneedge] ttype=flying
INFO     Sampling 2 unrevealed pokemon
INFO     	    kyuremblack     teravolt   loadeddice [dragondance, iciclespear, scaleshot, terablast] ttype=ground
INFO     	        sylveon     pixilate    leftovers [calmmind, hypervoice, protect, wish] ttype=steel
INFO     Sampling battle 8
INFO     	cramorantgulping  gulpmissile heavydutyboots [bravebird, defog, roost, surf] ttype=ground
INFO     	         lunala shadowshield    leftovers [calmmind, moongeistbeam, moonlight, psyshock] ttype=fairy
INFO     	     golemalola    galvanize      lifeorb [doubleedge, earthquake, rockpolish, stoneedge] ttype=grass
INFO     Sampling 2 unrevealed pokemon
INFO     	      kingambit supremeoverlord    leftovers [ironhead, kowtowcleave, suckerpunch, swordsdance] ttype=dark
INFO     	   weezinggalar     levitate    leftovers [defog, gunkshot, strangesteam, willowisp] ttype=steel
INFO     Sampling battle 9
INFO     	cramorantgulping  gulpmissile heavydutyboots [bravebird, defog, roost, surf] ttype=ground
INFO     	         lunala shadowshield    leftovers [calmmind, moongeistbeam, moonlight, psyshock] ttype=fairy
INFO     	     golemalola    galvanize      lifeorb [doubleedge, earthquake, rockpolish, stoneedge] ttype=flying
INFO     Sampling 2 unrevealed pokemon
INFO     	          hypno     insomnia    leftovers [encore, knockoff, psychicnoise, thunderwave] ttype=steel
INFO     	     eelektross     levitate    leftovers [coil, drainpunch, firepunch, supercellslam] ttype=fighting
INFO     Sampling battle 10
INFO     	cramorantgulping  gulpmissile heavydutyboots [bravebird, defog, roost, surf] ttype=ground
INFO     	         lunala shadowshield    leftovers [calmmind, moongeistbeam, moonlight, psyshock] ttype=fairy
INFO     	     golemalola    galvanize      lifeorb [doubleedge, earthquake, rockpolish, stoneedge] ttype=flying
INFO     Sampling 2 unrevealed pokemon
INFO     	         gengar   cursedbody      lifeorb [focusblast, shadowball, sludgewave, willowisp] ttype=dark
INFO     	  zaciancrowned intrepidsword  rustedsword [behemothblade, closecombat, playrough, swordsdance] ttype=fighting
INFO     Sampling battle 11
INFO     	cramorantgulping  gulpmissile heavydutyboots [bravebird, defog, roost, surf] ttype=ground
INFO     	         lunala shadowshield    leftovers [calmmind, moongeistbeam, moonlight, psyshock] ttype=fairy
INFO     	     golemalola    galvanize      lifeorb [doubleedge, earthquake, rockpolish, stoneedge] ttype=grass
INFO     Sampling 2 unrevealed pokemon
INFO     	       rotomfan     levitate heavydutyboots [airslash, nastyplot, thunderbolt, thunderwave] ttype=electric
INFO     	        gallade    sharpness  choicescarf [leafblade, nightslash, psychocut, sacredsword] ttype=grass
INFO     Sampling battle 12
INFO     	cramorantgulping  gulpmissile heavydutyboots [bravebird, defog, roost, surf] ttype=ground
INFO     	         lunala shadowshield    leftovers [calmmind, moongeistbeam, moonlight, psyshock] ttype=fairy
INFO     	     golemalola    galvanize      lifeorb [doubleedge, earthquake, rockpolish, stoneedge] ttype=grass
INFO     Sampling 2 unrevealed pokemon
INFO     	        pikachu lightningrod    lightball [playrough, surf, voltswitch, volttackle] ttype=water
INFO     	       floatzel    waterveil    leftovers [bulkup, icespinner, taunt, wavecrash] ttype=steel
INFO     Sampling battle 13
INFO     	cramorantgulping  gulpmissile heavydutyboots [bravebird, defog, roost, surf] ttype=ground
INFO     	         lunala shadowshield    leftovers [calmmind, moongeistbeam, moonlight, psyshock] ttype=fairy
INFO     	     golemalola    galvanize      lifeorb [doubleedge, earthquake, rockpolish, stoneedge] ttype=grass
INFO     Sampling 2 unrevealed pokemon
INFO     	      blastoise      torrent    whiteherb [hydropump, icebeam, shellsmash, terablast] ttype=grass
INFO     	       houndoom    flashfire heavydutyboots [darkpulse, fireblast, nastyplot, sludgebomb] ttype=fire
INFO     Sampling battle 14
INFO     	cramorantgulping  gulpmissile heavydutyboots [bravebird, defog, roost, surf] ttype=ground
INFO     	         lunala shadowshield    leftovers [calmmind, moongeistbeam, moonlight, psyshock] ttype=fairy
INFO     	     golemalola    galvanize      lifeorb [doubleedge, earthquake, rockpolish, stoneedge] ttype=flying
INFO     Sampling 2 unrevealed pokemon
INFO     	       blaziken   speedboost      lifeorb [closecombat, flareblitz, knockoff, swordsdance] ttype=fighting
INFO     	      rotomwash     levitate    leftovers [hydropump, thunderbolt, voltswitch, willowisp] ttype=electric
INFO     Sampling battle 15
INFO     	cramorantgulping  gulpmissile heavydutyboots [bravebird, defog, roost, surf] ttype=ground
INFO     	         lunala shadowshield    leftovers [calmmind, moongeistbeam, moonlight, psyshock] ttype=fairy
INFO     	     golemalola    galvanize      lifeorb [doubleedge, earthquake, rockpolish, stoneedge] ttype=flying
INFO     Sampling 2 unrevealed pokemon
INFO     	 keldeoresolute    justified  choicespecs [airslash, hydropump, secretsword, vacuumwave] ttype=fighting
INFO     	         comfey       triage    leftovers [calmmind, drainingkiss, gigadrain, storedpower] ttype=steel
INFO     Searching for a move using MCTS...
INFO     Sampling 16 battles at 500ms each
WARNING  final-choice override (%s): %s -> %s
INFO     Choice: icebeam
INFO     Updated cramorantgulping's max speed to 197
INFO     phione already has the move icebeam. Decrementing the PP by 1
INFO     phione used a ice move, removing icegem from possible items
INFO     Setting phione's last used move: icebeam
INFO     phione used a damaging move - not guessing lifeorb anymore
INFO     phione did 69.0% damage to cramorantgulping with icebeam
INFO     Setting cramorantgulping's ability to: gulpmissile
INFO     phione's defense was unboosted by 1 to -1
INFO     Form Change: cramorantgulping -> Cramorant
INFO     cramorant already has the move surf. Decrementing the PP by 1
INFO     cramorant used a water move, removing watergem from possible items
INFO     Setting cramorant's last used move: surf
INFO     cramorant used a damaging move - not guessing lifeorb anymore
INFO     cramorant did 7.17% damage to phione with surf
INFO     Form Change: cramorant -> Cramorant-Gorging
INFO     Setting phione's item to: leftovers
INFO     cramorantgorging has less than maxhp during upkeep, no longer guessing leftovers or blacksludge
INFO     
INFO     Turn: 53
INFO     loaded 5 player and 0 effective opponent priors
INFO     Sampling battle 0
INFO     	cramorantgorging  gulpmissile heavydutyboots [bravebird, defog, roost, surf] ttype=ground
INFO     	         lunala shadowshield    leftovers [calmmind, moongeistbeam, moonlight, psyshock] ttype=fairy
INFO     	     golemalola    galvanize      lifeorb [doubleedge, earthquake, rockpolish, stoneedge] ttype=grass
INFO     Sampling 2 unrevealed pokemon
INFO     	squawkabillyblue         guts     flameorb [bravebird, facade, quickattack, uturn] ttype=normal
INFO     	         veluza    sharpness  choicescarf [aquacutter, flipturn, nightslash, psychocut] ttype=dark
INFO     Sampling battle 1
INFO     	cramorantgorging  gulpmissile heavydutyboots [bravebird, defog, roost, surf] ttype=ground
INFO     	         lunala shadowshield    leftovers [calmmind, moongeistbeam, moonlight, psyshock] ttype=fairy
INFO     	     golemalola    galvanize      lifeorb [doubleedge, earthquake, rockpolish, stoneedge] ttype=grass
INFO     Sampling 2 unrevealed pokemon
INFO     	    arceuswater    multitype  splashplate [calmmind, judgment, recover, willowisp] ttype=steel
INFO     	        dedenne   cheekpouch  sitrusberry [dazzlinggleam, nuzzle, thunderbolt, uturn] ttype=flying
INFO     Sampling battle 2
INFO     	cramorantgorging  gulpmissile heavydutyboots [bravebird, defog, roost, surf] ttype=ground
INFO     	         lunala shadowshield    leftovers [calmmind, moongeistbeam, moonlight, psyshock] ttype=fairy
INFO     	     golemalola    galvanize      lifeorb [doubleedge, earthquake, rockpolish, stoneedge] ttype=flying
INFO     Sampling 2 unrevealed pokemon
INFO     	       inteleon      torrent  choicespecs [hydropump, icebeam, scald, uturn] ttype=water
INFO     	       arcanine   intimidate heavydutyboots [closecombat, extremespeed, flareblitz, morningsun] ttype=fighting
INFO     Sampling battle 3
INFO     	cramorantgorging  gulpmissile heavydutyboots [bravebird, defog, roost, surf] ttype=ground
INFO     	         lunala shadowshield    leftovers [calmmind, moongeistbeam, moonlight, psyshock] ttype=fairy
INFO     	     golemalola    galvanize      lifeorb [doubleedge, earthquake, rockpolish, stoneedge] ttype=flying
INFO     Sampling 2 unrevealed pokemon
INFO     	      arceusice    multitype  icicleplate [calmmind, judgment, recover, thunderbolt] ttype=electric
INFO     	      mandibuzz     overcoat heavydutyboots [defog, foulplay, roost, toxic] ttype=steel
INFO     Sampling battle 4
INFO     	cramorantgorging  gulpmissile heavydutyboots [bravebird, defog, roost, surf] ttype=ground
INFO     	         lunala shadowshield    leftovers [calmmind, moongeistbeam, moonlight, psyshock] ttype=fairy
INFO     	     golemalola    galvanize      lifeorb [doubleedge, earthquake, rockpolish, stoneedge] ttype=grass
INFO     Sampling 2 unrevealed pokemon
INFO     	         gengar   cursedbody      lifeorb [focusblast, shadowball, sludgewave, willowisp] ttype=ghost
INFO     	       lurantis     contrary  assaultvest [knockoff, leafstorm, leechlife, superpower] ttype=fighting
INFO     Sampling battle 5
INFO     	cramorantgorging  gulpmissile heavydutyboots [bravebird, defog, roost, surf] ttype=ground
INFO     	         lunala shadowshield    leftovers [calmmind, moongeistbeam, moonlight, psyshock] ttype=fairy
INFO     	     golemalola    galvanize      lifeorb [doubleedge, earthquake, rockpolish, stoneedge] ttype=flying
INFO     Sampling 2 unrevealed pokemon
INFO     	       samurott      torrent  assaultvest [flipturn, grassknot, hydropump, megahorn] ttype=grass
INFO     	      rillaboom  grassysurge      lifeorb [grassyglide, knockoff, swordsdance, woodhammer] ttype=grass
INFO     Sampling battle 6
INFO     	cramorantgorging  gulpmissile heavydutyboots [bravebird, defog, roost, surf] ttype=ground
INFO     	         lunala shadowshield    leftovers [calmmind, moongeistbeam, moonlight, psyshock] ttype=fairy
INFO     	     golemalola    galvanize      lifeorb [doubleedge, earthquake, rockpolish, stoneedge] ttype=grass
INFO     Sampling 2 unrevealed pokemon
INFO     	        scyther   technician heavydutyboots [closecombat, defog, dualwingbeat, uturn] ttype=fighting
INFO     	    ironvaliant   quarkdrive      lifeorb [closecombat, encore, knockoff, moonblast] ttype=fighting
INFO     Sampling battle 7
INFO     	cramorantgorging  gulpmissile heavydutyboots [bravebird, defog, roost, surf] ttype=ground
INFO     	         lunala shadowshield    leftovers [calmmind, moongeistbeam, moonlight, psyshock] ttype=fairy
INFO     	     golemalola    galvanize      lifeorb [doubleedge, earthquake, rockpolish, stoneedge] ttype=flying
INFO     Sampling 2 unrevealed pokemon
INFO     	        umbreon  synchronize    leftovers [foulplay, protect, toxic, wish] ttype=poison
INFO     	      hitmontop   technician    leftovers [bulkup, closecombat, rapidspin, tripleaxel] ttype=ice
INFO     Sampling battle 8
INFO     	cramorantgorging  gulpmissile heavydutyboots [bravebird, defog, roost, surf] ttype=ground
INFO     	         lunala shadowshield    leftovers [calmmind, moongeistbeam, moonlight, psyshock] ttype=fairy
INFO     	     golemalola    galvanize      lifeorb [doubleedge, earthquake, rockpolish, stoneedge] ttype=grass
INFO     Sampling 2 unrevealed pokemon
INFO     	        zoroark     illusion  choicespecs [darkpulse, flamethrower, psychic, sludgebomb] ttype=poison
INFO     	      electrode    aftermath      lifeorb [taunt, terablast, thunderbolt, voltswitch] ttype=ice
INFO     Sampling battle 9
INFO     	cramorantgorging  gulpmissile heavydutyboots [bravebird, defog, roost, surf] ttype=ground
INFO     	         lunala shadowshield    leftovers [calmmind, moongeistbeam, moonlight, psyshock] ttype=fairy
INFO     	     golemalola    galvanize      lifeorb [doubleedge, earthquake, rockpolish, stoneedge] ttype=flying
INFO     Sampling 2 unrevealed pokemon
INFO     	     irontreads   quarkdrive  assaultvest [earthquake, ironhead, rapidspin, voltswitch] ttype=dragon
INFO     	        dondozo      unaware    leftovers [curse, rest, sleeptalk, wavecrash] ttype=fairy
INFO     Sampling battle 10
INFO     	cramorantgorging  gulpmissile heavydutyboots [bravebird, defog, roost, surf] ttype=ground
INFO     	         lunala shadowshield    leftovers [calmmind, moongeistbeam, moonlight, psyshock] ttype=fairy
INFO     	     golemalola    galvanize      lifeorb [doubleedge, earthquake, rockpolish, stoneedge] ttype=flying
INFO     Sampling 2 unrevealed pokemon
INFO     	       orthworm   eartheater    leftovers [bodypress, heavyslam, shedtail, spikes] ttype=fighting
INFO     	        noivern  infiltrator  choicespecs [boomburst, dracometeor, hurricane, uturn] ttype=normal
INFO     Sampling battle 11
INFO     	cramorantgorging  gulpmissile heavydutyboots [bravebird, defog, roost, surf] ttype=ground
INFO     	         lunala shadowshield    leftovers [calmmind, moongeistbeam, moonlight, psyshock] ttype=fairy
INFO     	     golemalola    galvanize      lifeorb [doubleedge, earthquake, rockpolish, stoneedge] ttype=flying
INFO     Sampling 2 unrevealed pokemon
INFO     	     perrserker   toughclaws      lifeorb [closecombat, ironhead, knockoff, stealthrock] ttype=fighting
INFO     	        palafin   zerotohero   choiceband [closecombat, flipturn, jetpunch, wavecrash] ttype=fighting
INFO     Sampling battle 12
INFO     	cramorantgorging  gulpmissile heavydutyboots [bravebird, defog, roost, surf] ttype=ground
INFO     	         lunala shadowshield    leftovers [calmmind, moongeistbeam, moonlight, psyshock] ttype=fairy
INFO     	     golemalola    galvanize      lifeorb [doubleedge, earthquake, rockpolish, stoneedge] ttype=flying
INFO     Sampling 2 unrevealed pokemon
INFO     	         gengar   cursedbody      lifeorb [encore, shadowball, sludgewave, toxicspikes] ttype=ghost
INFO     	   greninjabond   battlebond      lifeorb [darkpulse, gunkshot, hydropump, icebeam] ttype=poison
INFO     Sampling battle 13
INFO     	cramorantgorging  gulpmissile heavydutyboots [bravebird, defog, roost, surf] ttype=ground
INFO     	         lunala shadowshield    leftovers [calmmind, moongeistbeam, moonlight, psyshock] ttype=fairy
INFO     	     golemalola    galvanize      lifeorb [doubleedge, earthquake, rockpolish, stoneedge] ttype=grass
INFO     Sampling 2 unrevealed pokemon
INFO     	     skeledirge      unaware heavydutyboots [hex, slackoff, torchsong, willowisp] ttype=water
INFO     	       vivillon compoundeyes heavydutyboots [bugbuzz, hurricane, quiverdance, sleeppowder] ttype=flying
INFO     Sampling battle 14
INFO     	cramorantgorging  gulpmissile heavydutyboots [bravebird, defog, roost, surf] ttype=ground
INFO     	         lunala shadowshield    leftovers [calmmind, moongeistbeam, moonlight, psyshock] ttype=fairy
INFO     	     golemalola    galvanize      lifeorb [doubleedge, earthquake, rockpolish, stoneedge] ttype=flying
INFO     Sampling 2 unrevealed pokemon
INFO     	         zacian intrepidsword      lifeorb [closecombat, crunch, playrough, swordsdance] ttype=fighting
INFO     	    stonjourner    powerspot      lifeorb [earthquake, heatcrash, stealthrock, stoneedge] ttype=fire
INFO     Sampling battle 15
INFO     	cramorantgorging  gulpmissile heavydutyboots [bravebird, defog, roost, surf] ttype=ground
INFO     	         lunala shadowshield    leftovers [calmmind, moongeistbeam, moonlight, psyshock] ttype=fairy
INFO     	     golemalola    galvanize      lifeorb [doubleedge, earthquake, rockpolish, stoneedge] ttype=flying
INFO     Sampling 2 unrevealed pokemon
INFO     	    basculegion adaptability  assaultvest [aquajet, flipturn, shadowball, wavecrash] ttype=water
INFO     	         latias     levitate      souldew [calmmind, dracometeor, psyshock, recover] ttype=steel
INFO     Searching for a move using MCTS...
INFO     Sampling 16 battles at 500ms each
WARNING  ABANDON_BATTLE reason=%s (%s); forfeiting and continuing the ladder
INFO     Lost with team: None
INFO     W: 0	L: 1
