INFO     Logging in (local server bypass)...
INFO     Successfully logged in
INFO     Waiting for a gen9randombattle challenge
INFO     Initialized battle-gen9randombattle-5863 against: lg00x08743b8
INFO     Loaded from cache: /Users/alityb/projects/metagross/srcs/vendor/foul-play/data/pkmn_sets_cache/gen9randombattle.json
INFO     Opponent has switched - clearing the last used move
INFO     muk switched in, adding intimidate to impossible abilities
INFO     muk switched in, adding pressure to impossible abilities
INFO     muk switched in, adding neutralizinggas to impossible abilities
INFO     muk switched in, adding sandstream to impossible abilities
INFO     muk switched in, adding drought to impossible abilities
INFO     muk switched in, adding drizzle to impossible abilities
INFO     muk switched in, adding snowwarning to impossible abilities
INFO     muk switched in, adding boosterenergy to impossible items
INFO     muk switched in, adding airballoon to impossible items
INFO     
INFO     Turn: 1
INFO     Sampling battle 0
INFO     	            muk  poisontouch  assaultvest [gunkshot, icepunch, knockoff, shadowsneak] ttype=dark
INFO     Sampling 5 unrevealed pokemon
INFO     	        haxorus  moldbreaker   loadeddice [closecombat, ironhead, scaleshot, swordsdance] ttype=steel
INFO     	       greninja      protean      lifeorb [gunkshot, hydropump, icebeam, uturn] ttype=poison
INFO     	        donphan       sturdy  assaultvest [earthquake, icespinner, knockoff, rapidspin] ttype=dragon
INFO     	     arceusdark    multitype   dreadplate [calmmind, judgment, recover, sludgebomb] ttype=poison
INFO     	     gothitelle    shadowtag    leftovers [calmmind, darkpulse, psychicnoise, thunderbolt] ttype=ground
INFO     Sampling battle 1
INFO     	            muk  poisontouch  assaultvest [drainpunch, gunkshot, knockoff, shadowsneak] ttype=dark
INFO     Sampling 5 unrevealed pokemon
INFO     	       orthworm   eartheater    leftovers [bodypress, heavyslam, shedtail, stealthrock] ttype=poison
INFO     	          minun   voltabsorb      lifeorb [alluringvoice, grassknot, nastyplot, thunderbolt] ttype=fairy
INFO     	       drifblim     unburden  sitrusberry [airslash, calmmind, shadowball, strengthsap] ttype=steel
INFO     	         scizor   technician    leftovers [bulletpunch, defog, knockoff, uturn] ttype=steel
INFO     	        mesprit     levitate  choicescarf [dazzlinggleam, psychic, thunderbolt, trick] ttype=electric
INFO     Sampling battle 2
INFO     	            muk  poisontouch   choiceband [gunkshot, icepunch, knockoff, shadowsneak] ttype=dark
INFO     Sampling 5 unrevealed pokemon
INFO     	     sandaconda     shedskin   loadeddice [coil, earthquake, rockblast, scaleshot] ttype=dragon
INFO     	     masquerain   intimidate heavydutyboots [hurricane, hydropump, stickyweb, stunspore] ttype=ground
INFO     	      amoonguss  regenerator  rockyhelmet [gigadrain, sludgebomb, spore, stompingtantrum] ttype=steel
INFO     	taurospaldeacombat   intimidate      lifeorb [bulkup, closecombat, ironhead, stoneedge] ttype=steel
INFO     	       samurott      torrent  assaultvest [flipturn, hydropump, knockoff, sacredsword] ttype=water
INFO     Sampling battle 3
INFO     	            muk  poisontouch  assaultvest [drainpunch, knockoff, poisonjab, shadowsneak] ttype=dark
INFO     Sampling 5 unrevealed pokemon
INFO     	 decidueyehisui      scrappy    leftovers [knockoff, leafblade, roost, triplearrows] ttype=steel
INFO     	       overqwil   intimidate      lifeorb [crunch, gunkshot, liquidation, swordsdance] ttype=water
INFO     	      poliwrath  waterabsorb    leftovers [bulkup, drainpunch, icepunch, liquidation] ttype=fighting
INFO     	      gastrodon   stormdrain    leftovers [earthquake, icebeam, recover, stealthrock] ttype=steel
INFO     	        florges   flowerveil    leftovers [calmmind, moonblast, synthesis, terablast] ttype=ground
INFO     Sampling battle 4
INFO     	            muk  poisontouch  assaultvest [icepunch, knockoff, poisonjab, shadowsneak] ttype=dark
INFO     Sampling 5 unrevealed pokemon
INFO     	        carbink    clearbody    leftovers [bodypress, irondefense, moonblast, rockpolish] ttype=fighting
INFO     	         pawmot   voltabsorb   leppaberry [closecombat, doubleshock, nuzzle, revivalblessing] ttype=electric
INFO     	       maushold   technician     widelens [bite, encore, populationbomb, tidyup] ttype=normal
INFO     	       meloetta  serenegrace      lifeorb [closecombat, knockoff, relicsong, tripleaxel] ttype=fighting
INFO     	         swanna    hydration heavydutyboots [bravebird, defog, hydropump, roost] ttype=ground
INFO     Sampling battle 5
INFO     	            muk  poisontouch    leftovers [drainpunch, knockoff, poisonjab, toxicspikes] ttype=dark
INFO     Sampling 5 unrevealed pokemon
INFO     	      regieleki   transistor       magnet [explosion, rapidspin, thunderbolt, voltswitch] ttype=electric
INFO     	         zapdos       static heavydutyboots [hurricane, roost, thunderbolt, uturn] ttype=electric
INFO     	    ironjugulis   quarkdrive  choicespecs [darkpulse, fireblast, hurricane, uturn] ttype=flying
INFO     	    meowscarada      protean heavydutyboots [flowertrick, knockoff, toxicspikes, uturn] ttype=dark
INFO     	      arceusice    multitype  icicleplate [calmmind, judgment, recover, thunderbolt] ttype=electric
INFO     Sampling battle 6
INFO     	            muk  poisontouch    leftovers [gunkshot, haze, knockoff, shadowsneak] ttype=dark
INFO     Sampling 5 unrevealed pokemon
INFO     	      rillaboom  grassysurge      lifeorb [grassyglide, knockoff, swordsdance, woodhammer] ttype=grass
INFO     	        seviper  infiltrator      lifeorb [earthquake, gigadrain, gunkshot, knockoff] ttype=dark
INFO     	     copperajah   sheerforce      lifeorb [ironhead, playrough, stealthrock, superpower] ttype=fairy
INFO     	     calyrexice asoneglastrier heavydutyboots [closecombat, glaciallance, highhorsepower, trickroom] ttype=ground
INFO     	      blastoise      torrent    whiteherb [hydropump, icebeam, shellsmash, terablast] ttype=electric
INFO     Sampling battle 7
INFO     	            muk  poisontouch    leftovers [gunkshot, knockoff, shadowsneak, toxicspikes] ttype=dark
INFO     Sampling 5 unrevealed pokemon
INFO     	       rotommow     levitate    leftovers [leafstorm, nastyplot, thunderbolt, willowisp] ttype=electric
INFO     	        ariados        swarm heavydutyboots [megahorn, poisonjab, stickyweb, suckerpunch] ttype=ghost
INFO     	      blastoise      torrent    whiteherb [hydropump, icebeam, shellsmash, terablast] ttype=electric
INFO     	        florges   flowerveil    leftovers [calmmind, moonblast, protect, wish] ttype=steel
INFO     	   basculegionf adaptability  choicespecs [flipturn, hydropump, icebeam, shadowball] ttype=water
INFO     Sampling battle 8
INFO     	            muk  poisontouch  assaultvest [drainpunch, gunkshot, knockoff, shadowsneak] ttype=dark
INFO     Sampling 5 unrevealed pokemon
INFO     	           uxie     levitate    leftovers [encore, knockoff, psychicnoise, yawn] ttype=electric
INFO     	         raikou     pressure    leftovers [calmmind, scald, substitute, thunderbolt] ttype=water
INFO     	       porygonz adaptability      lifeorb [agility, nastyplot, shadowball, terablast] ttype=fighting
INFO     	      hitmontop   technician    leftovers [bulkup, closecombat, rapidspin, tripleaxel] ttype=ice
INFO     	    gougingfire protosynthesis heavydutyboots [dragondance, earthquake, heatcrash, outrage] ttype=ground
INFO     Sampling battle 9
INFO     	            muk  poisontouch  assaultvest [drainpunch, gunkshot, knockoff, shadowsneak] ttype=dark
INFO     Sampling 5 unrevealed pokemon
INFO     	     sandaconda     shedskin   loadeddice [coil, earthquake, rockblast, scaleshot] ttype=dragon
INFO     	        weavile   pickpocket heavydutyboots [knockoff, lowkick, swordsdance, tripleaxel] ttype=ice
INFO     	         luxray   intimidate  assaultvest [icefang, throatchop, voltswitch, wildcharge] ttype=electric
INFO     	      gardevoir        trace      lifeorb [calmmind, moonblast, mysticalfire, psychic] ttype=fire
INFO     	       magearna    soulheart weaknesspolicy [fleurcannon, ironhead, shiftgear, terablast] ttype=ground
INFO     Sampling battle 10
INFO     	            muk  poisontouch  assaultvest [drainpunch, gunkshot, knockoff, shadowsneak] ttype=dark
INFO     Sampling 5 unrevealed pokemon
INFO     	      hatterene  magicbounce  assaultvest [drainingkiss, mysticalfire, nuzzle, psychicnoise] ttype=steel
INFO     	        cetitan     thickfat  sitrusberry [bellydrum, earthquake, iceshard, icespinner] ttype=ice
INFO     	necrozmadawnwings   prismarmor      lifeorb [brickbreak, dragondance, moongeistbeam, photongeyser] ttype=fighting
INFO     	 arceusfighting    multitype    fistplate [bodypress, irondefense, recover, shadowball] ttype=steel
INFO     	     ironthorns   quarkdrive  choicescarf [earthquake, icepunch, stoneedge, wildcharge] ttype=water
INFO     Sampling battle 11
INFO     	            muk  poisontouch    leftovers [haze, icepunch, knockoff, poisonjab] ttype=dark
INFO     Sampling 5 unrevealed pokemon
INFO     	         lunala shadowshield    leftovers [calmmind, moonblast, moongeistbeam, moonlight] ttype=fairy
INFO     	        florges   flowerveil    leftovers [calmmind, moonblast, protect, wish] ttype=steel
INFO     	       camerupt    solidrock    leftovers [earthquake, overheat, roar, stealthrock] ttype=grass
INFO     	       cobalion    justified    leftovers [bodypress, irondefense, ironhead, thunderwave] ttype=ghost
INFO     	     toedscruel myceliummight    leftovers [earthpower, gigadrain, rapidspin, toxic] ttype=water
INFO     Sampling battle 12
INFO     	            muk  poisontouch  assaultvest [icepunch, knockoff, poisonjab, shadowsneak] ttype=dark
INFO     Sampling 5 unrevealed pokemon
INFO     	    raichualola  surgesurfer      lifeorb [alluringvoice, nastyplot, psyshock, thunderbolt] ttype=fairy
INFO     	     ironbundle   quarkdrive heavydutyboots [encore, flipturn, freezedry, hydropump] ttype=ice
INFO     	tornadustherian  regenerator  assaultvest [bleakwindstorm, heatwave, knockoff, uturn] ttype=dark
INFO     	       houndoom    flashfire heavydutyboots [darkpulse, fireblast, sludgebomb, suckerpunch] ttype=fire
INFO     	        ambipom   technician    silkscarf [doubleedge, fakeout, knockoff, lowkick] ttype=normal
INFO     Sampling battle 13
INFO     	            muk  poisontouch   choiceband [drainpunch, gunkshot, icepunch, knockoff] ttype=dark
INFO     Sampling 5 unrevealed pokemon
INFO     	        donphan       sturdy  assaultvest [earthquake, icespinner, knockoff, rapidspin] ttype=dragon
INFO     	   arceusground    multitype   earthplate [dragondance, earthquake, recover, stoneedge] ttype=steel
INFO     	         kyurem     pressure heavydutyboots [earthpower, freezedry, icebeam, outrage] ttype=ground
INFO     	      spectrier    grimneigh      lifeorb [darkpulse, drainingkiss, nastyplot, shadowball] ttype=fairy
INFO     	         lunala shadowshield    leftovers [calmmind, focusblast, moongeistbeam, moonlight] ttype=fighting
INFO     Sampling battle 14
INFO     	            muk  poisontouch  assaultvest [icepunch, knockoff, poisonjab, shadowsneak] ttype=dark
INFO     Sampling 5 unrevealed pokemon
INFO     	          golem       sturdy  custapberry [earthquake, explosion, stealthrock, stoneedge] ttype=steel
INFO     	        noctowl   tintedlens heavydutyboots [calmmind, hurricane, hypervoice, roost] ttype=normal
INFO     	        florges   flowerveil    leftovers [calmmind, moonblast, protect, wish] ttype=steel
INFO     	         regice    clearbody heavydutyboots [icebeam, rest, sleeptalk, thunderbolt] ttype=electric
INFO     	 oricoriopompom       dancer heavydutyboots [hurricane, quiverdance, revelationdance, roost] ttype=ground
INFO     Sampling battle 15
INFO     	            muk  poisontouch   choiceband [drainpunch, knockoff, poisonjab, shadowsneak] ttype=dark
INFO     Sampling 5 unrevealed pokemon
INFO     	         zapdos       static heavydutyboots [discharge, heatwave, hurricane, roost] ttype=steel
INFO     	          golem       sturdy weaknesspolicy [earthquake, explosion, rockpolish, stoneedge] ttype=grass
INFO     	         comfey       triage    leftovers [calmmind, drainingkiss, gigadrain, storedpower] ttype=poison
INFO     	       reshiram   turboblaze heavydutyboots [blueflare, dracometeor, dragontail, earthpower] ttype=ground
INFO     	      crawdaunt adaptability      lifeorb [aquajet, crabhammer, dragondance, knockoff] ttype=water
INFO     Sampling battle 16
INFO     	            muk  poisontouch  assaultvest [icepunch, knockoff, poisonjab, shadowsneak] ttype=dark
INFO     Sampling 5 unrevealed pokemon
INFO     	     ragingbolt protosynthesis  assaultvest [dracometeor, thunderbolt, thunderclap, voltswitch] ttype=electric
INFO     	   crabominable     ironfist  assaultvest [drainpunch, earthquake, icehammer, knockoff] ttype=fighting
INFO     	       solgaleo fullmetalbody weaknesspolicy [closecombat, flamecharge, psychic, sunsteelstrike] ttype=fighting
INFO     	      hitmontop   intimidate  assaultvest [closecombat, earthquake, rapidspin, stoneedge] ttype=steel
INFO     	         lapras  waterabsorb heavydutyboots [freezedry, rest, sleeptalk, sparklingaria] ttype=poison
INFO     Sampling battle 17
INFO     	            muk  poisontouch   choiceband [drainpunch, gunkshot, knockoff, shadowsneak] ttype=dark
INFO     Sampling 5 unrevealed pokemon
INFO     	        mimikyu     disguise      lifeorb [playrough, shadowclaw, shadowsneak, swordsdance] ttype=fairy
INFO     	     hitmonchan     ironfist    leftovers [bulkup, drainpunch, knockoff, poisonjab] ttype=dark
INFO     	    sandyshocks protosynthesis    leftovers [earthpower, spikes, thunderbolt, thunderwave] ttype=grass
INFO     	       tsareena queenlymajesty  choicescarf [highjumpkick, knockoff, powerwhip, uturn] ttype=fighting
INFO     	 sandslashalola    slushrush      lifeorb [earthquake, knockoff, swordsdance, tripleaxel] ttype=ground
INFO     Sampling battle 18
INFO     	            muk  poisontouch    leftovers [haze, knockoff, poisonjab, shadowsneak] ttype=dark
INFO     Sampling 5 unrevealed pokemon
INFO     	        drednaw    strongjaw    whiteherb [crunch, liquidation, shellsmash, stoneedge] ttype=dark
INFO     	      staraptor     reckless   choiceband [bravebird, doubleedge, quickattack, uturn] ttype=flying
INFO     	       frosmoth    icescales heavydutyboots [gigadrain, hurricane, icebeam, quiverdance] ttype=water
INFO     	    polteageist   cursedbody    whiteherb [shadowball, shellsmash, storedpower, terablast] ttype=fighting
INFO     	       regirock    clearbody  chestoberry [bodypress, curse, rest, stoneedge] ttype=fighting
INFO     Sampling battle 19
INFO     	            muk  poisontouch  assaultvest [gunkshot, icepunch, knockoff, shadowsneak] ttype=dark
INFO     Sampling 5 unrevealed pokemon
INFO     	        moltres    flamebody heavydutyboots [bravebird, fireblast, roost, uturn] ttype=steel
INFO     	      regieleki   transistor       magnet [explosion, rapidspin, thunderbolt, voltswitch] ttype=electric
INFO     	     hitmonchan     ironfist    leftovers [drainpunch, knockoff, rapidspin, taunt] ttype=steel
INFO     	      serperior     contrary      lifeorb [dragonpulse, glare, leafstorm, synthesis] ttype=dragon
INFO     	        spidops     stakeout heavydutyboots [circlethrow, knockoff, spikes, stickyweb] ttype=ghost
INFO     Sampling battle 20
INFO     	            muk  poisontouch  assaultvest [drainpunch, icepunch, knockoff, poisonjab] ttype=dark
INFO     Sampling 5 unrevealed pokemon
INFO     	       alcremie    aromaveil    leftovers [alluringvoice, calmmind, psyshock, recover] ttype=poison
INFO     	       dragalge adaptability    leftovers [dracometeor, focusblast, sludgewave, toxicspikes] ttype=fighting
INFO     	       sceptile     overgrow    leftovers [focusblast, gigadrain, leechseed, substitute] ttype=steel
INFO     	       articuno     pressure heavydutyboots [bravebird, freezedry, roost, uturn] ttype=ground
INFO     	      tatsugiri   stormdrain heavydutyboots [dracometeor, nastyplot, rapidspin, surf] ttype=water
INFO     Sampling battle 21
INFO     	            muk  poisontouch    leftovers [haze, icepunch, knockoff, poisonjab] ttype=dark
INFO     Sampling 5 unrevealed pokemon
INFO     	       granbull   intimidate    leftovers [earthquake, playrough, roar, thunderwave] ttype=ground
INFO     	        jolteon   voltabsorb      lifeorb [alluringvoice, calmmind, shadowball, thunderbolt] ttype=fairy
INFO     	       lurantis     contrary    leftovers [knockoff, leafstorm, superpower, synthesis] ttype=fighting
INFO     	      serperior     contrary    leftovers [dragonpulse, leafstorm, leechseed, substitute] ttype=dragon
INFO     	       regirock    clearbody  chestoberry [bodypress, irondefense, rest, stoneedge] ttype=fighting
INFO     Sampling battle 22
INFO     	            muk  poisontouch   choiceband [drainpunch, knockoff, poisonjab, shadowsneak] ttype=dark
INFO     Sampling 5 unrevealed pokemon
INFO     	       orthworm   eartheater    leftovers [bodypress, heavyslam, spikes, stealthrock] ttype=fighting
INFO     	     chesnaught  bulletproof    leftovers [bodypress, irondefense, synthesis, trailblaze] ttype=steel
INFO     	      cramorant  gulpmissile heavydutyboots [bravebird, defog, roost, surf] ttype=ground
INFO     	        scyther   technician heavydutyboots [closecombat, defog, dualwingbeat, uturn] ttype=fighting
INFO     	      ninetales      drought heavydutyboots [fireblast, nastyplot, scorchingsands, solarbeam] ttype=fire
INFO     Sampling battle 23
INFO     	            muk  poisontouch  assaultvest [gunkshot, icepunch, knockoff, shadowsneak] ttype=dark
INFO     Sampling 5 unrevealed pokemon
INFO     	    arceusgrass    multitype  meadowplate [calmmind, earthpower, icebeam, judgment] ttype=ground
INFO     	     golemalola    galvanize   choiceband [doubleedge, earthquake, explosion, stoneedge] ttype=grass
INFO     	        suicune     pressure    leftovers [calmmind, protect, scald, substitute] ttype=steel
INFO     	        urshifu   unseenfist      lifeorb [closecombat, poisonjab, swordsdance, wickedblow] ttype=poison
INFO     	taurospaldeacombat   intimidate   choiceband [closecombat, earthquake, ironhead, throatchop] ttype=fighting
INFO     Sampling battle 24
INFO     	            muk  poisontouch    leftovers [knockoff, poisonjab, shadowsneak, toxicspikes] ttype=dark
INFO     Sampling 5 unrevealed pokemon
INFO     	         espeon  magicbounce      lifeorb [alluringvoice, calmmind, morningsun, psyshock] ttype=fairy
INFO     	      heracross        moxie   choiceband [closecombat, knockoff, megahorn, stoneedge] ttype=bug
INFO     	     bombirdier     bigpecks heavydutyboots [bravebird, knockoff, roost, uturn] ttype=dark
INFO     	   squawkabilly         guts     flameorb [bravebird, facade, quickattack, uturn] ttype=normal
INFO     	    arceuswater    multitype  splashplate [icebeam, judgment, recover, willowisp] ttype=steel
INFO     Sampling battle 25
INFO     	            muk  poisontouch  assaultvest [icepunch, knockoff, poisonjab, shadowsneak] ttype=dark
INFO     Sampling 5 unrevealed pokemon
INFO     	          hypno     insomnia    leftovers [focusblast, protect, psychicnoise, toxic] ttype=fighting
INFO     	        jirachi  serenegrace    leftovers [drainpunch, ironhead, stealthrock, uturn] ttype=fighting
INFO     	         flygon     levitate  choicescarf [earthquake, outrage, stoneedge, uturn] ttype=rock
INFO     	      crawdaunt adaptability      lifeorb [aquajet, crabhammer, dragondance, knockoff] ttype=water
INFO     	      tatsugiri   stormdrain heavydutyboots [dracometeor, hydropump, nastyplot, rapidspin] ttype=steel
INFO     Sampling battle 26
INFO     	            muk  poisontouch    leftovers [knockoff, poisonjab, shadowsneak, toxicspikes] ttype=dark
INFO     Sampling 5 unrevealed pokemon
INFO     	     bombirdier     bigpecks heavydutyboots [bravebird, knockoff, roost, stealthrock] ttype=steel
INFO     	        tropius      harvest  sitrusberry [dragondance, dualwingbeat, earthquake, synthesis] ttype=ground
INFO     	      terapagos    terashift  chestoberry [calmmind, earthpower, rest, terastarstorm] ttype=stellar
INFO     	      rampardos   sheerforce      lifeorb [earthquake, firepunch, rockslide, zenheadbutt] ttype=rock
INFO     	         dialga     pressure  assaultvest [dracometeor, dragontail, fireblast, heavyslam] ttype=dragon
INFO     Sampling battle 27
INFO     	            muk  poisontouch  assaultvest [icepunch, knockoff, poisonjab, shadowsneak] ttype=dark
INFO     Sampling 5 unrevealed pokemon
INFO     	        toxapex  regenerator  rockyhelmet [haze, liquidation, recover, toxicspikes] ttype=fairy
INFO     	       maushold   technician     widelens [bite, encore, populationbomb, tidyup] ttype=ghost
INFO     	       vigoroth  vitalspirit     eviolite [bodyslam, bulkup, knockoff, slackoff] ttype=ghost
INFO     	  samurotthisui    sharpness   choiceband [ceaselessedge, razorshell, sacredsword, suckerpunch] ttype=water
INFO     	     houndstone       fluffy  assaultvest [bodypress, playrough, poltergeist, shadowsneak] ttype=fighting
INFO     Sampling battle 28
INFO     	            muk  poisontouch    leftovers [gunkshot, haze, knockoff, shadowsneak] ttype=dark
INFO     Sampling 5 unrevealed pokemon
INFO     	     arceusrock    multitype   stoneplate [earthquake, recover, stoneedge, swordsdance] ttype=ground
INFO     	       zangoose   toxicboost     toxicorb [closecombat, facade, knockoff, quickattack] ttype=normal
INFO     	        ambipom   technician   choiceband [doubleedge, knockoff, lowkick, tripleaxel] ttype=ice
INFO     	      volcanion  waterabsorb heavydutyboots [earthpower, flamethrower, haze, steameruption] ttype=ground
INFO     	        moltres    flamebody heavydutyboots [bravebird, fireblast, roost, scorchingsands] ttype=steel
INFO     Sampling battle 29
INFO     	            muk  poisontouch  assaultvest [icepunch, knockoff, poisonjab, shadowsneak] ttype=dark
INFO     Sampling 5 unrevealed pokemon
INFO     	    roaringmoon protosynthesis   choiceband [ironhead, knockoff, outrage, uturn] ttype=steel
INFO     	       hawlucha     unburden    whiteherb [bravebird, closecombat, encore, swordsdance] ttype=flying
INFO     	      terapagos    terashift  chestoberry [calmmind, darkpulse, rest, terastarstorm] ttype=stellar
INFO     	   greninjabond   battlebond      lifeorb [darkpulse, gunkshot, hydropump, icebeam] ttype=poison
INFO     	     feraligatr   sheerforce      lifeorb [crunch, dragondance, icepunch, liquidation] ttype=dark
INFO     Sampling battle 30
INFO     	            muk  poisontouch    leftovers [drainpunch, knockoff, poisonjab, toxicspikes] ttype=dark
INFO     Sampling 5 unrevealed pokemon
INFO     	     forretress       sturdy    leftovers [ironhead, spikes, stealthrock, thunderwave] ttype=water
INFO     	         raikou     pressure    leftovers [calmmind, scald, shadowball, thunderbolt] ttype=electric
INFO     	     chandelure    flashfire  choicescarf [energyball, fireblast, shadowball, trick] ttype=grass
INFO     	       gyarados   intimidate heavydutyboots [dragondance, earthquake, terablast, waterfall] ttype=flying
INFO     	squawkabillyblue         guts     flameorb [bravebird, facade, quickattack, uturn] ttype=normal
INFO     Sampling battle 31
INFO     	            muk  poisontouch  assaultvest [drainpunch, knockoff, poisonjab, shadowsneak] ttype=dark
INFO     Sampling 5 unrevealed pokemon
INFO     	      zamazenta dauntlessshield   choiceband [closecombat, crunch, ironhead, stoneedge] ttype=steel
INFO     	       enamorus    cutecharm    leftovers [calmmind, earthpower, moonblast, substitute] ttype=ground
INFO     	        sylveon     pixilate    leftovers [calmmind, hypervoice, protect, wish] ttype=steel
INFO     	     pincurchin electricsurge    leftovers [recover, scald, thunderbolt, toxicspikes] ttype=water
INFO     	         espeon  magicbounce      lifeorb [alluringvoice, morningsun, psychic, shadowball] ttype=psychic
INFO     Searching for a move using MCTS...
INFO     Sampling 32 battles at 250ms each
WARNING  poke-engine lacks request-level Tera permissions; final selector must filter roots
INFO     Iterations 2: 63000
INFO     Iterations 0: 55000
INFO     Iterations 4: 59000
INFO     Iterations 3: 55000
INFO     Iterations 6: 60000
INFO     Iterations 5: 59000
INFO     Iterations 1: 58000
INFO     Iterations 7: 58000
INFO     Iterations 12: 42000
INFO     Iterations 8: 44000
INFO     Iterations 9: 47000
INFO     Iterations 13: 53000
INFO     Iterations 10: 42000
INFO     Iterations 11: 48000
INFO     Iterations 15: 53000
INFO     Iterations 14: 46000
INFO     Iterations 16: 31000
INFO     Iterations 17: 37000
INFO     Iterations 18: 32000
INFO     Iterations 19: 31000
INFO     Iterations 20: 30000
INFO     Iterations 23: 27000
INFO     Iterations 21: 29000
INFO     Iterations 22: 38000
INFO     Iterations 25: 27000
INFO     Iterations 24: 35000
INFO     Iterations 26: 35000
INFO     Iterations 29: 29000
INFO     Iterations 28: 32000
INFO     Iterations 30: 33000
INFO     Iterations 31: 29000
INFO     Iterations 27: 29000
INFO     Policy 0: switch rampardos visited 52.1% avg_score=0.485 sample_chance_multiplier=0.031
INFO     Policy 1: switch rampardos visited 35.61% avg_score=0.452 sample_chance_multiplier=0.031
INFO     Policy 2: switch rampardos visited 33.89% avg_score=0.369 sample_chance_multiplier=0.031
INFO     Policy 3: switch rampardos visited 25.75% avg_score=0.43 sample_chance_multiplier=0.031
INFO     Policy 4: switch rampardos visited 69.95% avg_score=0.53 sample_chance_multiplier=0.031
INFO     Policy 5: switch rampardos visited 50.38% avg_score=0.468 sample_chance_multiplier=0.031
INFO     Policy 6: switch rampardos visited 65.46% avg_score=0.514 sample_chance_multiplier=0.031
INFO     Policy 7: switch rampardos visited 54.07% avg_score=0.486 sample_chance_multiplier=0.031
INFO     Policy 8: switch rampardos visited 39.9% avg_score=0.477 sample_chance_multiplier=0.031
INFO     Policy 9: switch rampardos visited 37.76% avg_score=0.455 sample_chance_multiplier=0.031
INFO     Policy 10: switch rampardos visited 33.06% avg_score=0.468 sample_chance_multiplier=0.031
INFO     Policy 11: switch rampardos visited 59.14% avg_score=0.491 sample_chance_multiplier=0.031
INFO     Policy 12: switch rampardos visited 71.71% avg_score=0.557 sample_chance_multiplier=0.031
INFO     Policy 13: switch rampardos visited 23.42% avg_score=0.373 sample_chance_multiplier=0.031
INFO     Policy 14: switch rampardos visited 64.47% avg_score=0.517 sample_chance_multiplier=0.031
INFO     Policy 15: switch rampardos visited 37.68% avg_score=0.398 sample_chance_multiplier=0.031
INFO     Policy 16: switch rampardos visited 50.86% avg_score=0.496 sample_chance_multiplier=0.031
INFO     Policy 17: switch rampardos visited 29.65% avg_score=0.402 sample_chance_multiplier=0.031
INFO     Policy 18: switch rampardos visited 49.27% avg_score=0.505 sample_chance_multiplier=0.031
INFO     Policy 19: switch rampardos visited 63.96% avg_score=0.541 sample_chance_multiplier=0.031
INFO     Policy 20: switch rampardos visited 42.59% avg_score=0.487 sample_chance_multiplier=0.031
INFO     Policy 21: switch rampardos visited 34.26% avg_score=0.469 sample_chance_multiplier=0.031
INFO     Policy 22: switch rampardos visited 24.44% avg_score=0.396 sample_chance_multiplier=0.031
INFO     Policy 23: switch rampardos visited 28.89% avg_score=0.464 sample_chance_multiplier=0.031
INFO     Policy 24: switch rampardos visited 52.29% avg_score=0.496 sample_chance_multiplier=0.031
INFO     Policy 25: switch rampardos visited 27.89% avg_score=0.471 sample_chance_multiplier=0.031
INFO     Policy 26: switch rampardos visited 59.51% avg_score=0.532 sample_chance_multiplier=0.031
INFO     Policy 27: switch rampardos visited 41.33% avg_score=0.496 sample_chance_multiplier=0.031
INFO     Policy 28: switch rampardos visited 55.76% avg_score=0.515 sample_chance_multiplier=0.031
INFO     Policy 29: switch rampardos visited 46.11% avg_score=0.507 sample_chance_multiplier=0.031
INFO     Policy 30: switch rampardos visited 40.62% avg_score=0.454 sample_chance_multiplier=0.031
INFO     Policy 31: switch rampardos visited 31.88% avg_score=0.472 sample_chance_multiplier=0.031
INFO     Considered Choices:
INFO     	44.802%: switch rampardos
INFO     Choice: switch rampardos
INFO     rampardos switched in, adding intimidate to impossible abilities
INFO     rampardos switched in, adding pressure to impossible abilities
INFO     rampardos switched in, adding neutralizinggas to impossible abilities
INFO     rampardos switched in, adding sandstream to impossible abilities
INFO     rampardos switched in, adding drought to impossible abilities
INFO     rampardos switched in, adding drizzle to impossible abilities
INFO     rampardos switched in, adding snowwarning to impossible abilities
INFO     rampardos switched in, adding boosterenergy to impossible items
INFO     rampardos switched in, adding airballoon to impossible items
INFO     muk used a dark move, removing darkgem from possible items
INFO     Setting muk's last used move: knockoff
INFO     muk used a damaging move - not guessing lifeorb anymore
INFO     muk did 27.41% damage to rampardos with knockoff
INFO     rampardos got status: psn
INFO     No longer guessing lumberry because rampardos got status psn
INFO     Setting rampardos's ability to: poisontouch
INFO     Removing rampardos's item: lifeorb
INFO     Setting rampardos's removed item to lifeorb
INFO     Knockoff removed rampardos's item
INFO     
INFO     Turn: 2
INFO     Sampling battle 0
INFO     	            muk  poisontouch    leftovers [haze, icepunch, knockoff, poisonjab] ttype=dark
INFO     Sampling 5 unrevealed pokemon
INFO     	        moltres    flamebody heavydutyboots [bravebird, fireblast, roost, willowisp] ttype=dragon
INFO     	     ironleaves   quarkdrive      lifeorb [closecombat, leafblade, psyblade, swordsdance] ttype=fighting
INFO     	       smeargle     owntempo    focussash [ceaselessedge, spore, stealthrock, stickyweb] ttype=ghost
INFO     	      cresselia     levitate    leftovers [calmmind, moonblast, moonlight, psyshock] ttype=steel
INFO     	        palafin   zerotohero   choiceband [closecombat, flipturn, jetpunch, wavecrash] ttype=water
INFO     Sampling battle 1
INFO     	            muk  poisontouch    leftovers [haze, knockoff, poisonjab, shadowsneak] ttype=dark
INFO     Sampling 5 unrevealed pokemon
INFO     	      vespiquen     pressure heavydutyboots [hurricane, roost, toxic, uturn] ttype=steel
INFO     	     annihilape      defiant    leftovers [bulkup, drainpunch, gunkshot, ragefist] ttype=water
INFO     	       chimecho     levitate    leftovers [cosmicpower, dazzlinggleam, recover, storedpower] ttype=steel
INFO     	    arceusgrass    multitype  meadowplate [calmmind, fireblast, judgment, recover] ttype=fire
INFO     	  zaciancrowned intrepidsword  rustedsword [behemothblade, closecombat, playrough, swordsdance] ttype=fighting
INFO     Sampling battle 2
INFO     	            muk  poisontouch    leftovers [haze, knockoff, poisonjab, shadowsneak] ttype=dark
INFO     Sampling 5 unrevealed pokemon
INFO     	      rampardos   sheerforce  choicescarf [earthquake, firepunch, headsmash, rockslide] ttype=fire
INFO     	       arboliva      harvest  sitrusberry [hypervoice, leechseed, protect, substitute] ttype=poison
INFO     	    goodrahisui    sapsipper  assaultvest [dracometeor, fireblast, heavyslam, hydropump] ttype=flying
INFO     	      hippowdon   sandstream    leftovers [earthquake, slackoff, stoneedge, whirlwind] ttype=dragon
INFO     	       tornadus    prankster heavydutyboots [bleakwindstorm, focusblast, grassknot, nastyplot] ttype=fighting
INFO     Sampling battle 3
INFO     	            muk  poisontouch  assaultvest [drainpunch, gunkshot, knockoff, shadowsneak] ttype=dark
INFO     Sampling 5 unrevealed pokemon
INFO     	    arceusgrass    multitype  meadowplate [calmmind, earthpower, icebeam, judgment] ttype=ground
INFO     	        cetitan   sheerforce      lifeorb [iceshard, iciclecrash, liquidation, superpower] ttype=water
INFO     	      dunsparce  serenegrace     eviolite [bodyslam, coil, earthquake, roost] ttype=ground
INFO     	     rotomfrost     levitate heavydutyboots [blizzard, nastyplot, thunderbolt, willowisp] ttype=electric
INFO     	     ragingbolt protosynthesis    leftovers [calmmind, dracometeor, thunderbolt, thunderclap] ttype=electric
INFO     Sampling battle 4
INFO     	            muk  poisontouch  assaultvest [gunkshot, icepunch, knockoff, shadowsneak] ttype=dark
INFO     Sampling 5 unrevealed pokemon
INFO     	      mandibuzz     overcoat heavydutyboots [bravebird, defog, knockoff, roost] ttype=steel
INFO     	       meganium     overgrow    leftovers [earthquake, knockoff, petalblizzard, swordsdance] ttype=ground
INFO     	       granbull   intimidate    leftovers [earthquake, encore, playrough, thunderwave] ttype=ground
INFO     	        noivern  infiltrator heavydutyboots [defog, dracometeor, flamethrower, hurricane] ttype=fire
INFO     	     hitmonchan     ironfist  assaultvest [drainpunch, knockoff, poisonjab, rapidspin] ttype=steel
INFO     Sampling battle 5
INFO     	            muk  poisontouch    leftovers [gunkshot, haze, knockoff, toxicspikes] ttype=dark
INFO     Sampling 5 unrevealed pokemon
INFO     	        milotic  competitive    leftovers [haze, icebeam, recover, scald] ttype=dragon
INFO     	      vespiquen     pressure heavydutyboots [hurricane, roost, toxicspikes, uturn] ttype=steel
INFO     	       skarmory       sturdy    leftovers [bodypress, bravebird, irondefense, roost] ttype=fighting
INFO     	       dachsbun wellbakedbody    leftovers [bodypress, playrough, protect, wish] ttype=steel
INFO     	          azelf     levitate      lifeorb [fireblast, knockoff, psychic, taunt] ttype=fire
INFO     Sampling battle 6
INFO     	            muk  poisontouch  assaultvest [drainpunch, gunkshot, knockoff, shadowsneak] ttype=dark
INFO     Sampling 5 unrevealed pokemon
INFO     	         arceus    multitype      lifeorb [earthquake, extremespeed, shadowclaw, swordsdance] ttype=ghost
INFO     	        wochien tabletsofruin    leftovers [knockoff, leechseed, protect, ruination] ttype=poison
INFO     	    stonjourner    powerspot      lifeorb [earthquake, heatcrash, rockpolish, stoneedge] ttype=ground
INFO     	        torkoal      drought heavydutyboots [lavaplume, rapidspin, stealthrock, yawn] ttype=grass
INFO     	necrozmadawnwings   prismarmor      lifeorb [brickbreak, dragondance, moongeistbeam, photongeyser] ttype=fighting
INFO     Sampling battle 7
INFO     	            muk  poisontouch    leftovers [knockoff, poisonjab, shadowsneak, toxicspikes] ttype=dark
INFO     Sampling 5 unrevealed pokemon
INFO     	       gyarados        moxie heavydutyboots [dragondance, earthquake, stoneedge, waterfall] ttype=ground
INFO     	        okidogi   toxicchain  assaultvest [drainpunch, gunkshot, knockoff, psychicfangs] ttype=dark
INFO     	      regigigas    slowstart    leftovers [bodyslam, knockoff, protect, substitute] ttype=ghost
INFO     	     kricketune   technician    focussash [knockoff, pounce, stickyweb, taunt] ttype=ghost
INFO     	      crawdaunt adaptability      lifeorb [aquajet, crabhammer, dragondance, knockoff] ttype=water
INFO     Sampling battle 8
INFO     	            muk  poisontouch  assaultvest [icepunch, knockoff, poisonjab, shadowsneak] ttype=dark
INFO     Sampling 5 unrevealed pokemon
INFO     	      gastrodon   stormdrain    leftovers [earthquake, recover, sludgebomb, surf] ttype=poison
INFO     	       vivillon compoundeyes heavydutyboots [hurricane, quiverdance, sleeppowder, terablast] ttype=ground
INFO     	  qwilfishhisui   intimidate     eviolite [crunch, gunkshot, spikes, toxicspikes] ttype=flying
INFO     	    brutebonnet protosynthesis    leftovers [closecombat, crunch, spore, suckerpunch] ttype=poison
INFO     	     galvantula compoundeyes    focussash [bugbuzz, energyball, stickyweb, thunder] ttype=electric
INFO     Sampling battle 9
INFO     	            muk  poisontouch    leftovers [haze, icepunch, knockoff, poisonjab] ttype=dark
INFO     Sampling 5 unrevealed pokemon
INFO     	     misdreavus     levitate     eviolite [calmmind, drainingkiss, shadowball, willowisp] ttype=fairy
INFO     	       illumise    prankster heavydutyboots [bugbuzz, encore, roost, thunderwave] ttype=steel
INFO     	     arceusfire    multitype   flameplate [earthquake, extremespeed, flareblitz, swordsdance] ttype=fire
INFO     	        malamar     contrary  chestoberry [knockoff, psychocut, rest, superpower] ttype=fighting
INFO     	       regirock    clearbody  chestoberry [bodypress, irondefense, rest, stoneedge] ttype=fighting
INFO     Sampling battle 10
INFO     	            muk  poisontouch  assaultvest [drainpunch, gunkshot, icepunch, knockoff] ttype=dark
INFO     Sampling 5 unrevealed pokemon
INFO     	     ironbundle   quarkdrive heavydutyboots [encore, freezedry, hydropump, icebeam] ttype=water
INFO     	         zapdos       static heavydutyboots [heatwave, hurricane, roost, thunderbolt] ttype=electric
INFO     	        haxorus  moldbreaker     lumberry [closecombat, dragondance, ironhead, outrage] ttype=steel
INFO     	       quagsire      unaware    leftovers [earthquake, icebeam, recover, toxic] ttype=fairy
INFO     	         latios     levitate      souldew [aurasphere, dracometeor, lusterpurge, recover] ttype=steel
INFO     Sampling battle 11
INFO     	            muk  poisontouch    leftovers [gunkshot, knockoff, shadowsneak, toxicspikes] ttype=dark
INFO     Sampling 5 unrevealed pokemon
INFO     	    kyuremblack     teravolt   loadeddice [dragondance, fusionbolt, iciclespear, scaleshot] ttype=electric
INFO     	        wugtrio        gooey   choiceband [aquajet, liquidation, stompingtantrum, throatchop] ttype=water
INFO     	     masquerain   intimidate heavydutyboots [bugbuzz, hurricane, stickyweb, stunspore] ttype=steel
INFO     	       bronzong     levitate  chestoberry [bodypress, irondefense, ironhead, rest] ttype=fighting
INFO     	        mesprit     levitate  choicespecs [icebeam, psychic, thunderbolt, uturn] ttype=electric
INFO     Sampling battle 12
INFO     	            muk  poisontouch    leftovers [haze, knockoff, poisonjab, shadowsneak] ttype=dark
INFO     Sampling 5 unrevealed pokemon
INFO     	    meowscarada      protean   choiceband [flowertrick, knockoff, tripleaxel, uturn] ttype=grass
INFO     	      tyranitar   sandstream weaknesspolicy [dragondance, icepunch, knockoff, stoneedge] ttype=ghost
INFO     	       rotomfan     levitate heavydutyboots [airslash, thunderbolt, thunderwave, voltswitch] ttype=steel
INFO     	       articuno     pressure heavydutyboots [bravebird, freezedry, haze, roost] ttype=ground
INFO     	       maushold   technician     widelens [bite, encore, populationbomb, tidyup] ttype=ghost
INFO     Sampling battle 13
INFO     	            muk  poisontouch  assaultvest [drainpunch, icepunch, knockoff, poisonjab] ttype=dark
INFO     Sampling 5 unrevealed pokemon
INFO     	enamorustherian     overcoat  assaultvest [earthpower, moonblast, mysticalfire, superpower] ttype=fairy
INFO     	      pachirisu   voltabsorb heavydutyboots [discharge, encore, superfang, uturn] ttype=flying
INFO     	       espathra   speedboost  choicespecs [dazzlinggleam, luminacrash, shadowball, uturn] ttype=psychic
INFO     	      vileplume  effectspore    leftovers [gigadrain, leechseed, sludgebomb, strengthsap] ttype=water
INFO     	      charizard        blaze heavydutyboots [earthquake, flamethrower, hurricane, willowisp] ttype=fire
INFO     Sampling battle 14
INFO     	            muk  poisontouch    leftovers [haze, knockoff, poisonjab, toxicspikes] ttype=dark
INFO     Sampling 5 unrevealed pokemon
INFO     	         kyurem     pressure  choicespecs [dracometeor, earthpower, freezedry, icebeam] ttype=ground
INFO     	       grafaiai  poisontouch      lifeorb [gunkshot, knockoff, lowkick, swordsdance] ttype=dark
INFO     	        moltres    flamebody heavydutyboots [bravebird, fireblast, roost, scorchingsands] ttype=ground
INFO     	      tyranitar   sandstream    leftovers [earthquake, knockoff, stealthrock, stoneedge] ttype=ghost
INFO     	     conkeldurr         guts     flameorb [closecombat, facade, knockoff, machpunch] ttype=normal
INFO     Sampling battle 15
INFO     	            muk  poisontouch  assaultvest [gunkshot, icepunch, knockoff, shadowsneak] ttype=dark
INFO     Sampling 5 unrevealed pokemon
INFO     	        noctowl   tintedlens heavydutyboots [calmmind, hurricane, hypervoice, roost] ttype=normal
INFO     	        grumpig     thickfat  choicescarf [earthpower, psyshock, shadowball, trick] ttype=psychic
INFO     	      regidrago   dragonsmaw     lumberry [dracometeor, dragondance, earthquake, outrage] ttype=dragon
INFO     	     annihilape      defiant    leftovers [bulkup, drainpunch, gunkshot, ragefist] ttype=ghost
INFO     	        yanmega   speedboost heavydutyboots [airslash, bugbuzz, protect, terablast] ttype=ground
INFO     Searching for a move using MCTS...
INFO     Sampling 16 battles at 500ms each
INFO     Iterations 5: 87000
INFO     Iterations 7: 88000
INFO     Iterations 0: 92000
INFO     Iterations 3: 87000
INFO     Iterations 2: 81000
INFO     Iterations 6: 90000
INFO     Iterations 1: 97000
INFO     Iterations 4: 93000
INFO     Iterations 14: 74000
INFO     Iterations 11: 73000
INFO     Iterations 12: 75000
INFO     Iterations 10: 72000
INFO     Iterations 8: 73000
INFO     Iterations 13: 73000
INFO     Iterations 9: 82000
INFO     Iterations 15: 74000
INFO     Policy 0: rockslide visited 38.31% avg_score=0.537 sample_chance_multiplier=0.062
INFO     Policy 1: rockslide visited 31.72% avg_score=0.565 sample_chance_multiplier=0.062
INFO     Policy 2: earthquake visited 24.02% avg_score=0.53 sample_chance_multiplier=0.062
INFO     Policy 3: earthquake visited 29.77% avg_score=0.548 sample_chance_multiplier=0.062
INFO     Policy 4: rockslide visited 47.77% avg_score=0.552 sample_chance_multiplier=0.062
INFO     Policy 5: rockslide visited 58.8% avg_score=0.557 sample_chance_multiplier=0.062
INFO     Policy 6: earthquake visited 36.29% avg_score=0.533 sample_chance_multiplier=0.062
INFO     Policy 7: rockslide visited 43.54% avg_score=0.612 sample_chance_multiplier=0.062
INFO     Policy 8: earthquake visited 41.19% avg_score=0.567 sample_chance_multiplier=0.062
INFO     Policy 9: rockslide visited 32.06% avg_score=0.539 sample_chance_multiplier=0.062
INFO     Policy 10: rockslide visited 37.83% avg_score=0.58 sample_chance_multiplier=0.062
INFO     Policy 11: rockslide visited 56.57% avg_score=0.522 sample_chance_multiplier=0.062
INFO     Policy 12: rockslide visited 64.56% avg_score=0.667 sample_chance_multiplier=0.062
INFO     Policy 13: rockslide visited 65.72% avg_score=0.574 sample_chance_multiplier=0.062
INFO     Policy 14: zenheadbutt visited 43.76% avg_score=0.562 sample_chance_multiplier=0.062
INFO     Policy 15: rockslide visited 46.66% avg_score=0.542 sample_chance_multiplier=0.062
INFO     Considered Choices:
INFO     	38.305%: rockslide
INFO     Choice: rockslide
INFO     Updated muk's max speed to 156
INFO     rampardos already has the move rockslide. Decrementing the PP by 1
INFO     rampardos used a rock move, removing rockgem from possible items
INFO     Setting rampardos's last used move: rockslide
INFO     rampardos did 68.0% damage to muk with rockslide
INFO     muk used two different moves - it cannot have a choice item
INFO     muk used a fighting move, removing fightinggem from possible items
INFO     Setting muk's last used move: drainpunch
INFO     muk used a damaging move - not guessing lifeorb anymore
INFO     muk did 46.73% damage to rampardos with drainpunch
INFO     Setting muk's item to: leftovers
INFO     muk has less than maxhp during upkeep, no longer guessing leftovers or blacksludge
INFO     
INFO     Turn: 3
INFO     Sampling battle 0
INFO     	            muk  poisontouch    leftovers [drainpunch, gunkshot, knockoff, toxicspikes] ttype=dark
INFO     Sampling 5 unrevealed pokemon
INFO     	       rotommow     levitate    leftovers [leafstorm, nastyplot, thunderbolt, willowisp] ttype=electric
INFO     	         rhydon lightningrod     eviolite [earthquake, megahorn, stealthrock, stoneedge] ttype=flying
INFO     	      mandibuzz     overcoat heavydutyboots [defog, foulplay, roost, uturn] ttype=steel
INFO     	      spectrier    grimneigh      lifeorb [drainingkiss, nastyplot, shadowball, willowisp] ttype=fairy
INFO     	        kingdra    swiftswim      lifeorb [dracometeor, hurricane, raindance, wavecrash] ttype=water
INFO     Sampling battle 1
INFO     	            muk  poisontouch    leftovers [drainpunch, haze, knockoff, poisonjab] ttype=dark
INFO     Sampling 5 unrevealed pokemon
INFO     	       drifblim    aftermath heavydutyboots [airslash, defog, shadowball, strengthsap] ttype=dark
INFO     	        mesprit     levitate    leftovers [drainpunch, icebeam, psychicnoise, thunderwave] ttype=fighting
INFO     	      lilligant     owntempo      lifeorb [alluringvoice, petaldance, quiverdance, sleeppowder] ttype=grass
INFO     	          klawf   angershell   expertbelt [crabhammer, highhorsepower, stoneedge, swordsdance] ttype=water
INFO     	       mudsdale      stamina    leftovers [earthquake, heavyslam, roar, stoneedge] ttype=steel
INFO     Sampling battle 2
INFO     	            muk  poisontouch    leftovers [drainpunch, gunkshot, haze, knockoff] ttype=dark
INFO     Sampling 5 unrevealed pokemon
INFO     	          klawf   angershell  sitrusberry [crabhammer, highhorsepower, stoneedge, swordsdance] ttype=water
INFO     	       blaziken   speedboost      lifeorb [closecombat, flareblitz, stoneedge, swordsdance] ttype=fighting
INFO     	       samurott      torrent      lifeorb [aquajet, knockoff, liquidation, swordsdance] ttype=dark
INFO     	       dachsbun wellbakedbody    leftovers [playrough, protect, wish, yawn] ttype=steel
INFO     	   greninjabond   battlebond      lifeorb [darkpulse, gunkshot, hydropump, icebeam] ttype=water
INFO     Sampling battle 3
INFO     	            muk  poisontouch    leftovers [drainpunch, gunkshot, haze, knockoff] ttype=dark
INFO     Sampling 5 unrevealed pokemon
INFO     	    walkingwake protosynthesis  choicespecs [dracometeor, flamethrower, flipturn, hydropump] ttype=fire
INFO     	       skarmory       sturdy    leftovers [bodypress, bravebird, irondefense, roost] ttype=fighting
INFO     	  qwilfishhisui   intimidate     eviolite [crunch, gunkshot, spikes, toxicspikes] ttype=poison
INFO     	    kilowattrel   voltabsorb heavydutyboots [hurricane, roost, thunderbolt, uturn] ttype=water
INFO     	      registeel    clearbody  chestoberry [bodypress, irondefense, ironhead, rest] ttype=fighting
INFO     Sampling battle 4
INFO     	            muk  poisontouch    leftovers [drainpunch, gunkshot, haze, knockoff] ttype=dark
INFO     Sampling 5 unrevealed pokemon
INFO     	      bellibolt electromorphosis    leftovers [muddywater, slackoff, thunderbolt, voltswitch] ttype=electric
INFO     	          azelf     levitate      lifeorb [encore, knockoff, psychic, uturn] ttype=dark
INFO     	      sinistcha    heatproof    leftovers [calmmind, matchagotcha, shadowball, strengthsap] ttype=steel
INFO     	      metagross    clearbody   choiceband [earthquake, heavyslam, knockoff, psychicfangs] ttype=water
INFO     	        ariados        swarm heavydutyboots [knockoff, megahorn, poisonjab, stickyweb] ttype=ghost
INFO     Sampling battle 5
INFO     	            muk  poisontouch    leftovers [drainpunch, gunkshot, haze, knockoff] ttype=dark
INFO     Sampling 5 unrevealed pokemon
INFO     	        spidops     stakeout heavydutyboots [circlethrow, knockoff, stickyweb, uturn] ttype=ghost
INFO     	squawkabillywhite       hustle   choiceband [bravebird, doubleedge, foulplay, quickattack] ttype=normal
INFO     	       porygonz     download  choicescarf [shadowball, thunderbolt, triattack, trick] ttype=electric
INFO     	 exeggutoralola        frisk  choicespecs [dracometeor, flamethrower, gigadrain, leafstorm] ttype=fire
INFO     	            mew  synchronize    leftovers [knockoff, psychicnoise, uturn, willowisp] ttype=dark
INFO     Sampling battle 6
INFO     	            muk  poisontouch    leftovers [drainpunch, gunkshot, knockoff, toxicspikes] ttype=dark
INFO     Sampling 5 unrevealed pokemon
INFO     	taurospaldeaaqua      cudchew  sitrusberry [bulkup, closecombat, liquidation, substitute] ttype=water
INFO     	      charizard        blaze heavydutyboots [earthquake, flareblitz, outrage, swordsdance] ttype=dragon
INFO     	         komala     comatose  assaultvest [bodyslam, earthquake, knockoff, rapidspin] ttype=ghost
INFO     	necrozmaduskmane   prismarmor weaknesspolicy [dragondance, earthquake, morningsun, sunsteelstrike] ttype=water
INFO     	      munkidori   toxicchain  choicespecs [focusblast, psyshock, sludgewave, uturn] ttype=fighting
INFO     Sampling battle 7
INFO     	            muk  poisontouch    leftovers [drainpunch, gunkshot, knockoff, toxicspikes] ttype=dark
INFO     Sampling 5 unrevealed pokemon
INFO     	    polteageist   cursedbody    whiteherb [shadowball, shellsmash, storedpower, strengthsap] ttype=dark
INFO     	       porygonz adaptability  choicescarf [icebeam, shadowball, thunderbolt, triattack] ttype=electric
INFO     	       ursaluna         guts     flameorb [crunch, facade, headlongrush, swordsdance] ttype=normal
INFO     	      azumarill    hugepower   choiceband [aquajet, liquidation, playrough, superpower] ttype=water
INFO     	       cobalion    justified    leftovers [bodypress, irondefense, ironhead, thunderwave] ttype=ghost
INFO     Sampling battle 8
INFO     	            muk  poisontouch    leftovers [drainpunch, gunkshot, knockoff, toxicspikes] ttype=dark
INFO     Sampling 5 unrevealed pokemon
INFO     	          hoopa     magician      lifeorb [focusblast, nastyplot, psyshock, shadowball] ttype=ghost
INFO     	    fezandipiti   toxicchain    leftovers [beatup, gunkshot, moonblast, roost] ttype=water
INFO     	      salamence   intimidate heavydutyboots [dragondance, dualwingbeat, earthquake, outrage] ttype=ground
INFO     	       braviary      defiant heavydutyboots [bravebird, bulkup, closecombat, roost] ttype=steel
INFO     	        malamar     contrary    leftovers [knockoff, rest, sleeptalk, superpower] ttype=poison
INFO     Sampling battle 9
INFO     	            muk  poisontouch    leftovers [drainpunch, knockoff, poisonjab, toxicspikes] ttype=dark
INFO     Sampling 5 unrevealed pokemon
INFO     	     scovillain  chlorophyll  choicescarf [energyball, flamethrower, leafstorm, overheat] ttype=fire
INFO     	      charizard        blaze heavydutyboots [earthquake, flareblitz, outrage, swordsdance] ttype=dragon
INFO     	        breloom   technician      lifeorb [bulletseed, machpunch, rocktomb, swordsdance] ttype=rock
INFO     	      rampardos   sheerforce  choicescarf [earthquake, firepunch, headsmash, rockslide] ttype=fire
INFO     	         minior  shieldsdown    whiteherb [acrobatics, earthquake, powergem, shellsmash] ttype=steel
INFO     Sampling battle 10
INFO     	            muk  poisontouch    leftovers [drainpunch, haze, knockoff, poisonjab] ttype=dark
INFO     Sampling 5 unrevealed pokemon
INFO     	     ironleaves   quarkdrive   choiceband [closecombat, leafblade, megahorn, psyblade] ttype=fighting
INFO     	         kyogre      drizzle    leftovers [calmmind, icebeam, originpulse, thunder] ttype=electric
INFO     	        pikachu lightningrod    lightball [fakeout, playrough, surf, volttackle] ttype=water
INFO     	        beartic    swiftswim heavydutyboots [aquajet, earthquake, iciclecrash, swordsdance] ttype=ground
INFO     	       tornadus      defiant  choicespecs [bleakwindstorm, grassknot, heatwave, uturn] ttype=fire
INFO     Sampling battle 11
INFO     	            muk  poisontouch    leftovers [drainpunch, gunkshot, knockoff, toxicspikes] ttype=dark
INFO     Sampling 5 unrevealed pokemon
INFO     	     arceusfire    multitype   flameplate [earthquake, extremespeed, flareblitz, swordsdance] ttype=ground
INFO     	         raichu lightningrod      lifeorb [encore, grassknot, surf, thunderbolt] ttype=grass
INFO     	        chansey  naturalcure     eviolite [seismictoss, softboiled, stealthrock, thunderwave] ttype=dark
INFO     	         goodra    sapsipper  assaultvest [dracometeor, earthquake, powerwhip, sludgebomb] ttype=ground
INFO     	         lapras  waterabsorb   loadeddice [dragondance, earthquake, iciclespear, waterfall] ttype=ground
INFO     Sampling battle 12
INFO     	            muk  poisontouch    leftovers [drainpunch, gunkshot, haze, knockoff] ttype=dark
INFO     Sampling 5 unrevealed pokemon
INFO     	    slitherwing protosynthesis heavydutyboots [closecombat, morningsun, uturn, willowisp] ttype=fire
INFO     	      staraptor     reckless   choiceband [bravebird, closecombat, doubleedge, quickattack] ttype=flying
INFO     	       ludicolo    swiftswim      lifeorb [gigadrain, hydropump, icebeam, raindance] ttype=grass
INFO     	        slowbro  regenerator  assaultvest [bodypress, fireblast, psychicnoise, scald] ttype=fairy
INFO     	    arceusghost    multitype  spookyplate [calmmind, focusblast, judgment, recover] ttype=fighting
INFO     Sampling battle 13
INFO     	            muk  poisontouch    leftovers [drainpunch, gunkshot, knockoff, toxicspikes] ttype=dark
INFO     Sampling 5 unrevealed pokemon
INFO     	        ogerpon      defiant heavydutyboots [encore, ivycudgel, knockoff, uturn] ttype=grass
INFO     	        malamar     contrary    leftovers [knockoff, rest, sleeptalk, superpower] ttype=steel
INFO     	    oricoriopau       dancer heavydutyboots [hurricane, quiverdance, revelationdance, roost] ttype=ground
INFO     	       mudsdale      stamina    leftovers [earthquake, heavyslam, roar, stoneedge] ttype=steel
INFO     	       overqwil   intimidate   loadeddice [crunch, gunkshot, scaleshot, swordsdance] ttype=dragon
INFO     Sampling battle 14
INFO     	            muk  poisontouch    leftovers [drainpunch, haze, knockoff, poisonjab] ttype=dark
INFO     Sampling 5 unrevealed pokemon
INFO     	       vikavolt     levitate heavydutyboots [bugbuzz, discharge, stickyweb, voltswitch] ttype=electric
INFO     	      salamence   intimidate heavydutyboots [dragondance, dualwingbeat, earthquake, outrage] ttype=dragon
INFO     	        snorlax     thickfat    leftovers [bodyslam, curse, rest, sleeptalk] ttype=fairy
INFO     	   moltresgalar      berserk weaknesspolicy [agility, fierywrath, hurricane, nastyplot] ttype=dark
INFO     	        dondozo      unaware    leftovers [curse, rest, sleeptalk, wavecrash] ttype=dragon
INFO     Sampling battle 15
INFO     	            muk  poisontouch    leftovers [drainpunch, gunkshot, haze, knockoff] ttype=dark
INFO     Sampling 5 unrevealed pokemon
INFO     	      revavroom       filter      lifeorb [gunkshot, highhorsepower, ironhead, shiftgear] ttype=ground
INFO     	ogerponhearthflame  moldbreaker hearthflamemask [ivycudgel, powerwhip, stompingtantrum, swordsdance] ttype=fire
INFO     	          azelf     levitate      lifeorb [fireblast, knockoff, psychic, taunt] ttype=fire
INFO     	 keldeoresolute    justified  choicespecs [flipturn, hydropump, secretsword, vacuumwave] ttype=fighting
INFO     	         lunala shadowshield    leftovers [calmmind, focusblast, moongeistbeam, moonlight] ttype=fighting
INFO     Searching for a move using MCTS...
INFO     Sampling 16 battles at 500ms each
INFO     Iterations 2: 80000
INFO     Iterations 1: 82000
INFO     Iterations 5: 78000
INFO     Iterations 6: 85000
INFO     Iterations 4: 84000
INFO     Iterations 7: 80000
INFO     Iterations 0: 89000
INFO     Iterations 3: 83000
INFO     Iterations 12: 72000
INFO     Iterations 9: 75000
INFO     Iterations 10: 73000
INFO     Iterations 8: 71000
INFO     Iterations 13: 68000
INFO     Iterations 11: 79000
INFO     Iterations 15: 70000
INFO     Iterations 14: 73000
INFO     Policy 0: earthquake visited 37.71% avg_score=0.544 sample_chance_multiplier=0.062
INFO     Policy 1: rockslide visited 24.74% avg_score=0.515 sample_chance_multiplier=0.062
INFO     Policy 2: rockslide visited 48.53% avg_score=0.579 sample_chance_multiplier=0.062
INFO     Policy 3: rockslide visited 34.21% avg_score=0.563 sample_chance_multiplier=0.062
INFO     Policy 4: rockslide visited 49.08% avg_score=0.568 sample_chance_multiplier=0.062
INFO     Policy 5: rockslide visited 82.89% avg_score=0.621 sample_chance_multiplier=0.062
INFO     Policy 6: rockslide visited 57.94% avg_score=0.606 sample_chance_multiplier=0.062
INFO     Policy 7: earthquake visited 50.77% avg_score=0.447 sample_chance_multiplier=0.062
INFO     Policy 8: rockslide visited 74.13% avg_score=0.625 sample_chance_multiplier=0.062
INFO     Policy 9: rockslide visited 53.4% avg_score=0.64 sample_chance_multiplier=0.062
INFO     Policy 10: rockslide visited 74.79% avg_score=0.655 sample_chance_multiplier=0.062
INFO     Policy 11: rockslide visited 65.58% avg_score=0.662 sample_chance_multiplier=0.062
INFO     Policy 12: rockslide visited 73.57% avg_score=0.599 sample_chance_multiplier=0.062
INFO     Policy 13: earthquake visited 27.5% avg_score=0.522 sample_chance_multiplier=0.062
INFO     Policy 14: rockslide visited 75.59% avg_score=0.592 sample_chance_multiplier=0.062
INFO     Policy 15: rockslide visited 61.46% avg_score=0.569 sample_chance_multiplier=0.062
INFO     Considered Choices:
INFO     	51.921%: rockslide
INFO     Choice: rockslide
INFO     Opponent has switched - clearing the last used move
INFO     spiritomb switched in, adding intimidate to impossible abilities
INFO     spiritomb switched in, adding pressure to impossible abilities
INFO     spiritomb switched in, adding neutralizinggas to impossible abilities
INFO     spiritomb switched in, adding sandstream to impossible abilities
INFO     spiritomb switched in, adding drought to impossible abilities
INFO     spiritomb switched in, adding drizzle to impossible abilities
INFO     spiritomb switched in, adding snowwarning to impossible abilities
INFO     spiritomb switched in, adding boosterenergy to impossible items
INFO     spiritomb switched in, adding airballoon to impossible items
INFO     rampardos already has the move rockslide. Decrementing the PP by 1
INFO     rampardos used a rock move, removing rockgem from possible items
INFO     Setting rampardos's last used move: rockslide
INFO     rampardos did 63.0% damage to spiritomb with rockslide
INFO     Setting spiritomb's item to: leftovers
INFO     spiritomb has less than maxhp during upkeep, no longer guessing leftovers or blacksludge
INFO     Sampling battle 0
INFO     	      spiritomb  infiltrator    leftovers [foulplay, poltergeist, suckerpunch, willowisp] ttype=ghost
INFO     	            muk  poisontouch    leftovers [drainpunch, gunkshot, haze, knockoff] ttype=dark
INFO     Sampling 4 unrevealed pokemon
INFO     	      probopass   magnetpull    leftovers [bodypress, flashcannon, irondefense, powergem] ttype=fighting
INFO     	        chansey  naturalcure     eviolite [seismictoss, softboiled, stealthrock, thunderwave] ttype=poison
INFO     	   lycanrocdusk   toughclaws   choiceband [accelerock, closecombat, psychicfangs, stoneedge] ttype=fighting
INFO     	      honchkrow        moxie heavydutyboots [bravebird, heatwave, suckerpunch, uturn] ttype=flying
INFO     Sampling battle 1
INFO     	      spiritomb  infiltrator    leftovers [foulplay, poltergeist, shadowsneak, toxic] ttype=poison
INFO     	            muk  poisontouch    leftovers [drainpunch, gunkshot, haze, knockoff] ttype=dark
INFO     Sampling 4 unrevealed pokemon
INFO     	         eiscue      iceface  sitrusberry [bellydrum, icespinner, ironhead, liquidation] ttype=water
INFO     	     grimmsnarl    prankster    leftovers [partingshot, spiritbreak, suckerpunch, taunt] ttype=steel
INFO     	    oinkolognef    aromaveil    leftovers [bodyslam, curse, rest, sleeptalk] ttype=poison
INFO     	      magnezone   magnetpull    leftovers [bodypress, flashcannon, irondefense, thunderbolt] ttype=fighting
INFO     Sampling battle 2
INFO     	      spiritomb  infiltrator    leftovers [foulplay, poltergeist, shadowsneak, willowisp] ttype=poison
INFO     	            muk  poisontouch    leftovers [drainpunch, gunkshot, haze, knockoff] ttype=dark
INFO     Sampling 4 unrevealed pokemon
INFO     	    deoxysspeed     pressure      lifeorb [darkpulse, focusblast, nastyplot, psychoboost] ttype=fighting
INFO     	  oricoriosensu       dancer heavydutyboots [hurricane, quiverdance, revelationdance, roost] ttype=fighting
INFO     	        donphan       sturdy  assaultvest [earthquake, iceshard, icespinner, rapidspin] ttype=steel
INFO     	      revavroom       filter      lifeorb [gunkshot, highhorsepower, ironhead, shiftgear] ttype=ground
INFO     Sampling battle 3
INFO     	      spiritomb  infiltrator    leftovers [foulplay, painsplit, poltergeist, willowisp] ttype=poison
INFO     	            muk  poisontouch    leftovers [drainpunch, gunkshot, haze, knockoff] ttype=dark
INFO     Sampling 4 unrevealed pokemon
INFO     	        morpeko hungerswitch    leftovers [aurawheel, knockoff, protect, rapidspin] ttype=electric
INFO     	       smeargle   technician     widelens [populationbomb, powertrip, shellsmash, spore] ttype=normal
INFO     	       meganium     overgrow    leftovers [earthquake, knockoff, petalblizzard, swordsdance] ttype=steel
INFO     	       mudsdale      stamina    leftovers [earthquake, heavyslam, roar, stoneedge] ttype=steel
INFO     Sampling battle 4
INFO     	      spiritomb  infiltrator    leftovers [foulplay, painsplit, poltergeist, shadowsneak] ttype=poison
INFO     	            muk  poisontouch    leftovers [drainpunch, gunkshot, haze, knockoff] ttype=dark
INFO     Sampling 4 unrevealed pokemon
INFO     	        wugtrio        gooey   choiceband [aquajet, liquidation, stompingtantrum, throatchop] ttype=ground
INFO     	        groudon      drought    leftovers [heatcrash, precipiceblades, spikes, stoneedge] ttype=fire
INFO     	      ironhands   quarkdrive  assaultvest [closecombat, icepunch, voltswitch, wildcharge] ttype=fighting
INFO     	        morpeko hungerswitch    leftovers [aurawheel, knockoff, protect, rapidspin] ttype=electric
INFO     Sampling battle 5
INFO     	      spiritomb  infiltrator    leftovers [foulplay, poltergeist, suckerpunch, toxic] ttype=poison
INFO     	            muk  poisontouch    leftovers [drainpunch, haze, knockoff, poisonjab] ttype=dark
INFO     Sampling 4 unrevealed pokemon
INFO     	    walkingwake protosynthesis  choicespecs [dracometeor, flamethrower, flipturn, hydropump] ttype=water
INFO     	       tsareena queenlymajesty  assaultvest [powerwhip, rapidspin, tripleaxel, uturn] ttype=steel
INFO     	         espeon  magicbounce      lifeorb [alluringvoice, calmmind, morningsun, psyshock] ttype=fairy
INFO     	       vaporeon  waterabsorb    leftovers [calmmind, protect, scald, wish] ttype=ghost
INFO     Sampling battle 6
INFO     	      spiritomb  infiltrator    leftovers [foulplay, painsplit, poltergeist, willowisp] ttype=ghost
INFO     	            muk  poisontouch    leftovers [drainpunch, haze, knockoff, poisonjab] ttype=dark
INFO     Sampling 4 unrevealed pokemon
INFO     	          golem       sturdy weaknesspolicy [earthquake, explosion, rockpolish, stoneedge] ttype=steel
INFO     	        urshifu   unseenfist   choiceband [closecombat, poisonjab, suckerpunch, wickedblow] ttype=poison
INFO     	       dachsbun wellbakedbody    leftovers [bodypress, playrough, protect, wish] ttype=steel
INFO     	          entei   innerfocus   choiceband [extremespeed, flareblitz, sacredfire, stompingtantrum] ttype=fire
INFO     Sampling battle 7
INFO     	      spiritomb  infiltrator    leftovers [foulplay, poltergeist, shadowsneak, toxic] ttype=steel
INFO     	            muk  poisontouch    leftovers [drainpunch, haze, knockoff, poisonjab] ttype=dark
INFO     Sampling 4 unrevealed pokemon
INFO     	      regigigas    slowstart    leftovers [bodyslam, knockoff, rest, sleeptalk] ttype=ghost
INFO     	        mesprit     levitate  choicespecs [icebeam, psychic, shadowball, thunderbolt] ttype=electric
INFO     	        heatran    flashfire   airballoon [earthpower, heavyslam, magmastorm, stealthrock] ttype=grass
INFO     	         goodra    sapsipper  assaultvest [dracometeor, dragontail, fireblast, sludgebomb] ttype=poison
INFO     Sampling battle 8
INFO     	      spiritomb  infiltrator    leftovers [foulplay, poltergeist, suckerpunch, toxic] ttype=poison
INFO     	            muk  poisontouch    leftovers [drainpunch, gunkshot, knockoff, toxicspikes] ttype=dark
INFO     Sampling 4 unrevealed pokemon
INFO     	        donphan       sturdy   choiceband [earthquake, iceshard, icespinner, knockoff] ttype=steel
INFO     	        zoroark     illusion  choicespecs [darkpulse, flamethrower, psychic, sludgebomb] ttype=poison
INFO     	        delphox        blaze heavydutyboots [fireblast, grassknot, nastyplot, psyshock] ttype=grass
INFO     	       venomoth   tintedlens heavydutyboots [bugbuzz, quiverdance, sleeppowder, sludgewave] ttype=bug
INFO     Sampling battle 9
INFO     	      spiritomb  infiltrator    leftovers [foulplay, poltergeist, suckerpunch, toxic] ttype=steel
INFO     	            muk  poisontouch    leftovers [drainpunch, haze, knockoff, poisonjab] ttype=dark
INFO     Sampling 4 unrevealed pokemon
INFO     	      zebstrika    sapsipper      lifeorb [highhorsepower, overheat, supercellslam, voltswitch] ttype=ground
INFO     	     ironbundle   quarkdrive heavydutyboots [encore, freezedry, hydropump, icebeam] ttype=water
INFO     	        donphan       sturdy  assaultvest [earthquake, iceshard, icespinner, rapidspin] ttype=dragon
INFO     	    goodrahisui    sapsipper  assaultvest [dracometeor, fireblast, heavyslam, thunderbolt] ttype=dragon
INFO     Sampling battle 10
INFO     	      spiritomb  infiltrator    leftovers [foulplay, poltergeist, shadowsneak, toxic] ttype=ghost
INFO     	            muk  poisontouch    leftovers [drainpunch, gunkshot, haze, knockoff] ttype=dark
INFO     Sampling 4 unrevealed pokemon
INFO     	        ambipom   technician   choiceband [doubleedge, knockoff, tripleaxel, uturn] ttype=ice
INFO     	     chesnaught  bulletproof    leftovers [bodypress, irondefense, synthesis, trailblaze] ttype=steel
INFO     	       vivillon compoundeyes heavydutyboots [hurricane, quiverdance, sleeppowder, terablast] ttype=ground
INFO     	        jirachi  serenegrace  choicescarf [healingwish, ironhead, psychic, uturn] ttype=water
INFO     Sampling battle 11
INFO     	      spiritomb  infiltrator    leftovers [foulplay, poltergeist, suckerpunch, willowisp] ttype=poison
INFO     	            muk  poisontouch    leftovers [drainpunch, knockoff, poisonjab, toxicspikes] ttype=dark
INFO     Sampling 4 unrevealed pokemon
INFO     	   slowbrogalar  regenerator      lifeorb [fireblast, psychic, shellsidearm, trickroom] ttype=poison
INFO     	      rillaboom  grassysurge      lifeorb [grassyglide, highhorsepower, swordsdance, woodhammer] ttype=grass
INFO     	        dondozo      unaware    leftovers [curse, rest, sleeptalk, wavecrash] ttype=fairy
INFO     	      kingambit supremeoverlord    leftovers [ironhead, kowtowcleave, suckerpunch, swordsdance] ttype=dark
INFO     Sampling battle 12
INFO     	      spiritomb  infiltrator    leftovers [foulplay, poltergeist, shadowsneak, toxic] ttype=ghost
INFO     	            muk  poisontouch    leftovers [drainpunch, gunkshot, haze, knockoff] ttype=dark
INFO     Sampling 4 unrevealed pokemon
INFO     	    ironjugulis   quarkdrive  choicespecs [darkpulse, earthpower, hurricane, hydropump] ttype=flying
INFO     	        kleavor    sharpness heavydutyboots [closecombat, defog, stoneaxe, xscissor] ttype=rock
INFO     	      salamence   intimidate heavydutyboots [dragondance, dualwingbeat, earthquake, outrage] ttype=steel
INFO     	    arceuswater    multitype  splashplate [calmmind, judgment, recover, willowisp] ttype=steel
INFO     Sampling battle 13
INFO     	      spiritomb  infiltrator    leftovers [foulplay, painsplit, poltergeist, suckerpunch] ttype=poison
INFO     	            muk  poisontouch    leftovers [drainpunch, haze, knockoff, poisonjab] ttype=dark
INFO     Sampling 4 unrevealed pokemon
INFO     	       magearna    soulheart    leftovers [aurasphere, flashcannon, fleurcannon, painsplit] ttype=fighting
INFO     	      lilligant     owntempo      lifeorb [alluringvoice, petaldance, quiverdance, sleeppowder] ttype=fairy
INFO     	       vigoroth  vitalspirit     eviolite [bodyslam, bulkup, earthquake, slackoff] ttype=ground
INFO     	      vespiquen     pressure heavydutyboots [hurricane, roost, spikes, uturn] ttype=steel
INFO     Sampling battle 14
INFO     	      spiritomb  infiltrator    leftovers [foulplay, painsplit, poltergeist, toxic] ttype=poison
INFO     	            muk  poisontouch    leftovers [drainpunch, gunkshot, haze, knockoff] ttype=dark
INFO     Sampling 4 unrevealed pokemon
INFO     	        slowbro  regenerator    leftovers [bodypress, irondefense, scald, slackoff] ttype=fighting
INFO     	       slowking  regenerator heavydutyboots [chillyreception, futuresight, scald, slackoff] ttype=fairy
INFO     	ogerponhearthflame  moldbreaker hearthflamemask [ivycudgel, knockoff, powerwhip, swordsdance] ttype=fire
INFO     	         golurk      noguard      lifeorb [dynamicpunch, earthquake, poltergeist, stealthrock] ttype=ground
INFO     Sampling battle 15
INFO     	      spiritomb  infiltrator    leftovers [foulplay, painsplit, poltergeist, shadowsneak] ttype=steel
INFO     	            muk  poisontouch    leftovers [drainpunch, knockoff, poisonjab, toxicspikes] ttype=dark
INFO     Sampling 4 unrevealed pokemon
INFO     	       vikavolt     levitate heavydutyboots [bugbuzz, discharge, energyball, stickyweb] ttype=electric
INFO     	       regirock    clearbody  chestoberry [bodypress, curse, rest, stoneedge] ttype=fighting
INFO     	 sandslashalola    slushrush      lifeorb [earthquake, knockoff, swordsdance, tripleaxel] ttype=ground
INFO     	         kyogre      drizzle  choicescarf [icebeam, originpulse, thunder, waterspout] ttype=water
INFO     Sampling battle 16
INFO     	      spiritomb  infiltrator    leftovers [foulplay, poltergeist, shadowsneak, willowisp] ttype=ghost
INFO     	            muk  poisontouch    leftovers [drainpunch, knockoff, poisonjab, toxicspikes] ttype=dark
INFO     Sampling 4 unrevealed pokemon
INFO     	      ceruledge    weakarmor heavydutyboots [bitterblade, closecombat, poltergeist, swordsdance] ttype=ghost
INFO     	     irontreads   quarkdrive  assaultvest [earthquake, ironhead, knockoff, rapidspin] ttype=ghost
INFO     	      regidrago   dragonsmaw      lifeorb [dragonclaw, dragondance, earthquake, terablast] ttype=steel
INFO     	landorustherian   intimidate    leftovers [earthquake, stealthrock, stoneedge, taunt] ttype=ground
INFO     Sampling battle 17
INFO     	      spiritomb  infiltrator    leftovers [foulplay, painsplit, poltergeist, toxic] ttype=ghost
INFO     	            muk  poisontouch    leftovers [drainpunch, gunkshot, haze, knockoff] ttype=dark
INFO     Sampling 4 unrevealed pokemon
INFO     	        slaking       truant   choiceband [doubleedge, earthquake, gigaimpact, knockoff] ttype=ghost
INFO     	       camerupt    solidrock    leftovers [earthquake, overheat, roar, willowisp] ttype=grass
INFO     	       ironmoth   quarkdrive heavydutyboots [energyball, fireblast, sludgewave, toxicspikes] ttype=grass
INFO     	tornadustherian  regenerator  choicespecs [bleakwindstorm, focusblast, heatwave, uturn] ttype=fighting
INFO     Sampling battle 18
INFO     	      spiritomb  infiltrator    leftovers [foulplay, poltergeist, suckerpunch, willowisp] ttype=ghost
INFO     	            muk  poisontouch    leftovers [drainpunch, gunkshot, haze, knockoff] ttype=dark
INFO     Sampling 4 unrevealed pokemon
INFO     	         rabsca  synchronize heavydutyboots [bugbuzz, psychic, recover, revivalblessing] ttype=steel
INFO     	    oinkolognef     thickfat    leftovers [bodyslam, curse, rest, sleeptalk] ttype=poison
INFO     	       pelipper      drizzle  choicespecs [hurricane, hydropump, uturn, weatherball] ttype=water
INFO     	     chesnaught  bulletproof    leftovers [bodypress, irondefense, synthesis, trailblaze] ttype=steel
INFO     Sampling battle 19
INFO     	      spiritomb  infiltrator    leftovers [foulplay, painsplit, poltergeist, suckerpunch] ttype=steel
INFO     	            muk  poisontouch    leftovers [drainpunch, gunkshot, haze, knockoff] ttype=dark
INFO     Sampling 4 unrevealed pokemon
INFO     	         zapdos       static heavydutyboots [discharge, heatwave, hurricane, roost] ttype=steel
INFO     	         lunala shadowshield    leftovers [calmmind, moongeistbeam, moonlight, psyshock] ttype=fairy
INFO     	     screamtail protosynthesis    leftovers [dazzlinggleam, encore, protect, wish] ttype=poison
INFO     	       koraidon orichalcumpulse   loadeddice [collisioncourse, flareblitz, scaleshot, swordsdance] ttype=fire
INFO     Sampling battle 20
INFO     	      spiritomb  infiltrator    leftovers [foulplay, poltergeist, shadowsneak, willowisp] ttype=poison
INFO     	            muk  poisontouch    leftovers [drainpunch, knockoff, poisonjab, toxicspikes] ttype=dark
INFO     Sampling 4 unrevealed pokemon
INFO     	      lilligant     owntempo      lifeorb [alluringvoice, petaldance, quiverdance, sleeppowder] ttype=fairy
INFO     	          hoopa     magician  choicescarf [focusblast, psyshock, shadowball, trick] ttype=fighting
INFO     	        urshifu   unseenfist   choiceband [closecombat, poisonjab, suckerpunch, wickedblow] ttype=poison
INFO     	      volcanion  waterabsorb  choicespecs [earthpower, flamethrower, sludgebomb, steameruption] ttype=water
INFO     Sampling battle 21
INFO     	      spiritomb  infiltrator    leftovers [foulplay, painsplit, poltergeist, willowisp] ttype=steel
INFO     	            muk  poisontouch    leftovers [drainpunch, knockoff, poisonjab, toxicspikes] ttype=dark
INFO     Sampling 4 unrevealed pokemon
INFO     	        sableye    prankster    leftovers [encore, knockoff, recover, thunderwave] ttype=poison
INFO     	         flygon     levitate     lumberry [dragondance, earthquake, outrage, stoneedge] ttype=ground
INFO     	      azumarill    hugepower  sitrusberry [aquajet, bellydrum, liquidation, playrough] ttype=water
INFO     	ogerponhearthflame  moldbreaker hearthflamemask [hornleech, ivycudgel, stompingtantrum, swordsdance] ttype=fire
INFO     Sampling battle 22
INFO     	      spiritomb  infiltrator    leftovers [foulplay, poltergeist, shadowsneak, willowisp] ttype=steel
INFO     	            muk  poisontouch    leftovers [drainpunch, haze, knockoff, poisonjab] ttype=dark
INFO     Sampling 4 unrevealed pokemon
INFO     	   basculegionf adaptability  choicespecs [flipturn, hydropump, icebeam, shadowball] ttype=water
INFO     	       venusaur     overgrow    leftovers [energyball, knockoff, sludgebomb, synthesis] ttype=water
INFO     	        zoroark     illusion      lifeorb [darkpulse, encore, nastyplot, sludgebomb] ttype=poison
INFO     	        golduck    cloudnine  choicespecs [flipturn, grassknot, hydropump, icebeam] ttype=water
INFO     Sampling battle 23
INFO     	      spiritomb  infiltrator    leftovers [foulplay, poltergeist, suckerpunch, toxic] ttype=poison
INFO     	            muk  poisontouch    leftovers [drainpunch, gunkshot, haze, knockoff] ttype=dark
INFO     Sampling 4 unrevealed pokemon
INFO     	     screamtail protosynthesis    leftovers [playrough, protect, thunderwave, wish] ttype=poison
INFO     	         luxray   intimidate  assaultvest [icefang, playrough, voltswitch, wildcharge] ttype=electric
INFO     	      registeel    clearbody  chestoberry [bodypress, irondefense, ironhead, rest] ttype=fighting
INFO     	      cresselia     levitate    leftovers [calmmind, moonblast, moonlight, psyshock] ttype=fairy
INFO     Sampling battle 24
INFO     	      spiritomb  infiltrator    leftovers [foulplay, poltergeist, suckerpunch, willowisp] ttype=poison
INFO     	            muk  poisontouch    leftovers [drainpunch, haze, knockoff, poisonjab] ttype=dark
INFO     Sampling 4 unrevealed pokemon
INFO     	     victreebel  chlorophyll      lifeorb [poisonjab, powerwhip, suckerpunch, swordsdance] ttype=dark
INFO     	        jirachi  serenegrace    leftovers [bodyslam, ironhead, protect, wish] ttype=water
INFO     	     sandaconda     shedskin    leftovers [earthquake, rest, stealthrock, stoneedge] ttype=dragon
INFO     	       lycanroc     sandrush   choiceband [accelerock, closecombat, crunch, stoneedge] ttype=fighting
INFO     Sampling battle 25
INFO     	      spiritomb  infiltrator    leftovers [foulplay, painsplit, poltergeist, willowisp] ttype=steel
INFO     	            muk  poisontouch    leftovers [drainpunch, haze, knockoff, poisonjab] ttype=dark
INFO     Sampling 4 unrevealed pokemon
INFO     	      excadrill  moldbreaker  assaultvest [earthquake, ironhead, rapidspin, rockslide] ttype=water
INFO     	      indeedeef psychicsurge  choicescarf [dazzlinggleam, healingwish, hypervoice, psyshock] ttype=fairy
INFO     	      cresselia     levitate    leftovers [calmmind, moonblast, moonlight, psyshock] ttype=fairy
INFO     	       arboliva    seedsower    leftovers [earthpower, energyball, hypervoice, strengthsap] ttype=grass
INFO     Sampling battle 26
INFO     	      spiritomb  infiltrator    leftovers [foulplay, poltergeist, suckerpunch, willowisp] ttype=steel
INFO     	            muk  poisontouch    leftovers [drainpunch, gunkshot, haze, knockoff] ttype=dark
INFO     Sampling 4 unrevealed pokemon
INFO     	        glaceon      icebody heavydutyboots [calmmind, freezedry, protect, wish] ttype=water
INFO     	    arceusghost    multitype  spookyplate [focusblast, judgment, recover, willowisp] ttype=dark
INFO     	       cacturne  waterabsorb      lifeorb [knockoff, seedbomb, suckerpunch, swordsdance] ttype=poison
INFO     	        blissey  naturalcure    leftovers [healbell, seismictoss, softboiled, thunderwave] ttype=dark
INFO     Sampling battle 27
INFO     	      spiritomb  infiltrator    leftovers [foulplay, painsplit, poltergeist, shadowsneak] ttype=ghost
INFO     	            muk  poisontouch    leftovers [drainpunch, knockoff, poisonjab, toxicspikes] ttype=dark
INFO     Sampling 4 unrevealed pokemon
INFO     	      greattusk protosynthesis    leftovers [bulkup, closecombat, earthquake, rapidspin] ttype=steel
INFO     	     houndstone       fluffy  assaultvest [bodypress, playrough, poltergeist, shadowsneak] ttype=fighting
INFO     	    brutebonnet protosynthesis    leftovers [crunch, seedbomb, spore, suckerpunch] ttype=dark
INFO     	       tsareena queenlymajesty  assaultvest [highjumpkick, powerwhip, rapidspin, tripleaxel] ttype=fighting
INFO     Sampling battle 28
INFO     	      spiritomb  infiltrator    leftovers [foulplay, poltergeist, shadowsneak, willowisp] ttype=steel
INFO     	            muk  poisontouch    leftovers [drainpunch, haze, knockoff, poisonjab] ttype=dark
INFO     Sampling 4 unrevealed pokemon
INFO     	        bruxish    strongjaw      lifeorb [icefang, psychicfangs, swordsdance, wavecrash] ttype=psychic
INFO     	    stonjourner    powerspot      lifeorb [earthquake, heatcrash, stealthrock, stoneedge] ttype=ground
INFO     	      farigiraf    sapsipper    leftovers [bodyslam, protect, psychicnoise, wish] ttype=ground
INFO     	       skarmory       sturdy  rockyhelmet [bravebird, roost, spikes, whirlwind] ttype=dragon
INFO     Sampling battle 29
INFO     	      spiritomb  infiltrator    leftovers [foulplay, painsplit, poltergeist, shadowsneak] ttype=ghost
INFO     	            muk  poisontouch    leftovers [drainpunch, gunkshot, haze, knockoff] ttype=dark
INFO     Sampling 4 unrevealed pokemon
INFO     	        dondozo      unaware    leftovers [curse, rest, sleeptalk, wavecrash] ttype=fairy
INFO     	         espeon  magicbounce  choicespecs [alluringvoice, psyshock, shadowball, trick] ttype=psychic
INFO     	        shiftry    windrider      lifeorb [knockoff, leafblade, suckerpunch, swordsdance] ttype=poison
INFO     	         pawmot   voltabsorb   leppaberry [closecombat, doubleshock, nuzzle, revivalblessing] ttype=electric
INFO     Sampling battle 30
INFO     	      spiritomb  infiltrator    leftovers [foulplay, poltergeist, suckerpunch, willowisp] ttype=steel
INFO     	            muk  poisontouch    leftovers [drainpunch, knockoff, poisonjab, toxicspikes] ttype=dark
INFO     Sampling 4 unrevealed pokemon
INFO     	       ampharos       static      lifeorb [agility, dazzlinggleam, focusblast, thunderbolt] ttype=fairy
INFO     	      indeedeef psychicsurge  choicescarf [dazzlinggleam, healingwish, hypervoice, psychic] ttype=psychic
INFO     	      zebstrika    sapsipper      lifeorb [highhorsepower, overheat, supercellslam, voltswitch] ttype=ground
INFO     	        mimikyu     disguise      lifeorb [playrough, shadowclaw, shadowsneak, swordsdance] ttype=fairy
INFO     Sampling battle 31
INFO     	      spiritomb  infiltrator    leftovers [foulplay, painsplit, poltergeist, willowisp] ttype=ghost
INFO     	            muk  poisontouch    leftovers [drainpunch, gunkshot, haze, knockoff] ttype=dark
INFO     Sampling 4 unrevealed pokemon
INFO     	       orthworm   eartheater  chestoberry [bodypress, coil, irontail, rest] ttype=fighting
INFO     	       venusaur  chlorophyll    leftovers [leechseed, sleeppowder, sludgebomb, substitute] ttype=steel
INFO     	        umbreon  synchronize    leftovers [foulplay, protect, toxic, wish] ttype=poison
INFO     	      heracross        moxie  choicescarf [closecombat, earthquake, megahorn, stoneedge] ttype=fighting
INFO     Searching for a move using MCTS...
INFO     Sampling 32 battles at 250ms each
INFO     Iterations 4: 65000
INFO     Iterations 6: 63000
INFO     Iterations 1: 67000
INFO     Iterations 5: 67000
INFO     Iterations 0: 70000
INFO     Iterations 7: 60000
INFO     Iterations 3: 65000
INFO     Iterations 2: 61000
INFO     Iterations 10: 66000
INFO     Iterations 9: 64000
INFO     Iterations 12: 63000
INFO     Iterations 11: 63000
INFO     Iterations 8: 64000
INFO     Iterations 14: 73000
INFO     Iterations 13: 70000
INFO     Iterations 15: 67000
INFO     Iterations 16: 66000
INFO     Iterations 18: 63000
INFO     Iterations 20: 61000
INFO     Iterations 17: 61000
INFO     Iterations 22: 63000
INFO     Iterations 19: 66000
INFO     Iterations 23: 61000
INFO     Iterations 21: 70000
INFO     Iterations 26: 67000
INFO     Iterations 24: 67000
INFO     Iterations 28: 63000
INFO     Iterations 25: 67000
INFO     Iterations 31: 67000
INFO     Iterations 27: 67000
INFO     Iterations 29: 71000
INFO     Iterations 30: 63000
INFO     Policy 0: switch scyther visited 66.83% avg_score=0.536 sample_chance_multiplier=0.031
INFO     Policy 1: switch noivern visited 80.28% avg_score=0.563 sample_chance_multiplier=0.031
INFO     Policy 2: switch noivern visited 87.72% avg_score=0.612 sample_chance_multiplier=0.031
INFO     Policy 3: switch noivern visited 59.55% avg_score=0.536 sample_chance_multiplier=0.031
INFO     Policy 4: switch noivern visited 84.24% avg_score=0.586 sample_chance_multiplier=0.031
INFO     Policy 5: switch scyther visited 73.42% avg_score=0.597 sample_chance_multiplier=0.031
INFO     Policy 6: switch noivern visited 90.34% avg_score=0.597 sample_chance_multiplier=0.031
INFO     Policy 7: switch noivern visited 75.18% avg_score=0.579 sample_chance_multiplier=0.031
INFO     Policy 8: switch noivern visited 66.35% avg_score=0.6 sample_chance_multiplier=0.031
INFO     Policy 9: switch noivern visited 85.69% avg_score=0.581 sample_chance_multiplier=0.031
INFO     Policy 10: switch noivern visited 73.33% avg_score=0.613 sample_chance_multiplier=0.031
INFO     Policy 11: switch noivern visited 72.13% avg_score=0.594 sample_chance_multiplier=0.031
INFO     Policy 12: switch noivern visited 93.57% avg_score=0.615 sample_chance_multiplier=0.031
INFO     Policy 13: switch scyther visited 85.61% avg_score=0.604 sample_chance_multiplier=0.031
INFO     Policy 14: switch scyther visited 93.1% avg_score=0.626 sample_chance_multiplier=0.031
INFO     Policy 15: switch noivern visited 64.34% avg_score=0.529 sample_chance_multiplier=0.031
INFO     Policy 16: switch noivern visited 92.37% avg_score=0.594 sample_chance_multiplier=0.031
INFO     Policy 17: switch noivern visited 77.09% avg_score=0.517 sample_chance_multiplier=0.031
INFO     Policy 18: switch noivern visited 82.19% avg_score=0.62 sample_chance_multiplier=0.031
INFO     Policy 19: switch noivern visited 69.53% avg_score=0.524 sample_chance_multiplier=0.031
INFO     Policy 20: switch noivern visited 79.04% avg_score=0.613 sample_chance_multiplier=0.031
INFO     Policy 21: switch noivern visited 64.83% avg_score=0.541 sample_chance_multiplier=0.031
INFO     Policy 22: switch noivern visited 92.49% avg_score=0.613 sample_chance_multiplier=0.031
INFO     Policy 23: switch noivern visited 78.4% avg_score=0.537 sample_chance_multiplier=0.031
INFO     Policy 24: switch noivern visited 65.04% avg_score=0.578 sample_chance_multiplier=0.031
INFO     Policy 25: switch noivern visited 58.64% avg_score=0.532 sample_chance_multiplier=0.031
INFO     Policy 26: switch noivern visited 73.04% avg_score=0.579 sample_chance_multiplier=0.031
INFO     Policy 27: switch noivern visited 62.96% avg_score=0.61 sample_chance_multiplier=0.031
INFO     Policy 28: switch noivern visited 92.33% avg_score=0.602 sample_chance_multiplier=0.031
INFO     Policy 29: switch scyther visited 89.64% avg_score=0.61 sample_chance_multiplier=0.031
INFO     Policy 30: switch noivern visited 83.88% avg_score=0.556 sample_chance_multiplier=0.031
INFO     Policy 31: switch scyther visited 59.38% avg_score=0.607 sample_chance_multiplier=0.031
INFO     Considered Choices:
INFO     	65.896%: switch noivern
INFO     Choice: switch noivern
INFO     noivern switched in, adding intimidate to impossible abilities
INFO     noivern switched in, adding pressure to impossible abilities
INFO     noivern switched in, adding neutralizinggas to impossible abilities
INFO     noivern switched in, adding sandstream to impossible abilities
INFO     noivern switched in, adding drought to impossible abilities
INFO     noivern switched in, adding drizzle to impossible abilities
INFO     noivern switched in, adding snowwarning to impossible abilities
INFO     noivern switched in, adding boosterenergy to impossible items
INFO     noivern switched in, adding airballoon to impossible items
INFO     
INFO     Turn: 4
INFO     Sampling battle 0
INFO     	      spiritomb  infiltrator    leftovers [foulplay, poltergeist, suckerpunch, willowisp] ttype=poison
INFO     	            muk  poisontouch    leftovers [drainpunch, gunkshot, knockoff, toxicspikes] ttype=dark
INFO     Sampling 4 unrevealed pokemon
INFO     	         phione    hydration    leftovers [rest, scald, sleeptalk, takeheart] ttype=dragon
INFO     	        drednaw    strongjaw    whiteherb [crunch, liquidation, shellsmash, stoneedge] ttype=dark
INFO     	        florges   flowerveil    leftovers [calmmind, moonblast, protect, wish] ttype=steel
INFO     	      palossand watercompaction    leftovers [earthpower, shadowball, shoreup, sludgebomb] ttype=poison
INFO     Sampling battle 1
INFO     	      spiritomb  infiltrator    leftovers [foulplay, painsplit, poltergeist, suckerpunch] ttype=steel
INFO     	            muk  poisontouch    leftovers [drainpunch, gunkshot, knockoff, toxicspikes] ttype=dark
INFO     Sampling 4 unrevealed pokemon
INFO     	       oricorio       dancer heavydutyboots [hurricane, quiverdance, revelationdance, roost] ttype=ground
INFO     	       mienshao  regenerator      lifeorb [closecombat, knockoff, swordsdance, tripleaxel] ttype=dark
INFO     	       swampert      torrent    leftovers [earthquake, flipturn, knockoff, yawn] ttype=poison
INFO     	   arceusground    multitype   earthplate [calmmind, fireblast, judgment, recover] ttype=dragon
INFO     Sampling battle 2
INFO     	      spiritomb  infiltrator    leftovers [foulplay, poltergeist, shadowsneak, toxic] ttype=ghost
INFO     	            muk  poisontouch    leftovers [drainpunch, haze, knockoff, poisonjab] ttype=dark
INFO     Sampling 4 unrevealed pokemon
INFO     	         scizor   technician   choiceband [bulletpunch, closecombat, knockoff, uturn] ttype=steel
INFO     	        kingdra    swiftswim      lifeorb [dracometeor, hurricane, raindance, wavecrash] ttype=water
INFO     	 giratinaorigin     levitate griseouscore [defog, dracometeor, poltergeist, shadowsneak] ttype=dragon
INFO     	        jolteon   voltabsorb    leftovers [calmmind, substitute, terablast, thunderbolt] ttype=ice
INFO     Sampling battle 3
INFO     	      spiritomb  infiltrator    leftovers [foulplay, painsplit, poltergeist, shadowsneak] ttype=ghost
INFO     	            muk  poisontouch    leftovers [drainpunch, gunkshot, knockoff, toxicspikes] ttype=dark
INFO     Sampling 4 unrevealed pokemon
INFO     	         glalie   innerfocus heavydutyboots [earthquake, freezedry, spikes, taunt] ttype=ghost
INFO     	       inteleon      torrent  choicespecs [hydropump, icebeam, scald, uturn] ttype=water
INFO     	    oricoriopau       dancer heavydutyboots [hurricane, quiverdance, revelationdance, roost] ttype=ground
INFO     	     victreebel  chlorophyll      lifeorb [knockoff, powerwhip, sludgewave, strengthsap] ttype=steel
INFO     Sampling battle 4
INFO     	      spiritomb  infiltrator    leftovers [foulplay, poltergeist, suckerpunch, toxic] ttype=poison
INFO     	            muk  poisontouch    leftovers [drainpunch, gunkshot, haze, knockoff] ttype=dark
INFO     Sampling 4 unrevealed pokemon
INFO     	     hitmonchan     ironfist    leftovers [drainpunch, knockoff, rapidspin, taunt] ttype=steel
INFO     	        donphan       sturdy    leftovers [earthquake, iceshard, icespinner, stealthrock] ttype=water
INFO     	        wyrdeer   intimidate    leftovers [bodyslam, earthquake, psychicnoise, thunderwave] ttype=ground
INFO     	      excadrill  moldbreaker  assaultvest [earthquake, ironhead, rapidspin, rockslide] ttype=water
INFO     Sampling battle 5
INFO     	      spiritomb  infiltrator    leftovers [foulplay, painsplit, poltergeist, willowisp] ttype=steel
INFO     	            muk  poisontouch    leftovers [drainpunch, haze, knockoff, poisonjab] ttype=dark
INFO     Sampling 4 unrevealed pokemon
INFO     	           hooh  regenerator heavydutyboots [bravebird, earthquake, recover, sacredfire] ttype=ground
INFO     	       rotomfan     levitate heavydutyboots [airslash, thunderbolt, voltswitch, willowisp] ttype=steel
INFO     	     conkeldurr         guts     flameorb [closecombat, facade, knockoff, machpunch] ttype=normal
INFO     	       regirock    clearbody  chestoberry [bodypress, curse, rest, stoneedge] ttype=fighting
INFO     Sampling battle 6
INFO     	      spiritomb  infiltrator    leftovers [foulplay, poltergeist, suckerpunch, toxic] ttype=ghost
INFO     	            muk  poisontouch    leftovers [drainpunch, haze, knockoff, poisonjab] ttype=dark
INFO     Sampling 4 unrevealed pokemon
INFO     	         lapras  waterabsorb heavydutyboots [freezedry, rest, sleeptalk, sparklingaria] ttype=ground
INFO     	     perrserker   toughclaws      lifeorb [closecombat, ironhead, knockoff, stealthrock] ttype=fighting
INFO     	   dialgaorigin     pressure adamantcrystal [dracometeor, fireblast, heavyslam, stealthrock] ttype=dragon
INFO     	     masquerain   intimidate heavydutyboots [bugbuzz, hurricane, hydropump, stickyweb] ttype=steel
INFO     Sampling battle 7
INFO     	      spiritomb  infiltrator    leftovers [foulplay, poltergeist, shadowsneak, willowisp] ttype=poison
INFO     	            muk  poisontouch    leftovers [drainpunch, knockoff, poisonjab, toxicspikes] ttype=dark
INFO     Sampling 4 unrevealed pokemon
INFO     	       blaziken   speedboost      lifeorb [closecombat, flareblitz, stoneedge, swordsdance] ttype=fighting
INFO     	     arceusdark    multitype   dreadplate [calmmind, dazzlinggleam, judgment, recover] ttype=fairy
INFO     	      ceruledge    weakarmor heavydutyboots [bitterblade, closecombat, poltergeist, swordsdance] ttype=fire
INFO     	       vikavolt     levitate heavydutyboots [bugbuzz, discharge, energyball, stickyweb] ttype=electric
INFO     Sampling battle 8
INFO     	      spiritomb  infiltrator    leftovers [foulplay, poltergeist, suckerpunch, willowisp] ttype=poison
INFO     	            muk  poisontouch    leftovers [drainpunch, haze, knockoff, poisonjab] ttype=dark
INFO     Sampling 4 unrevealed pokemon
INFO     	      magnezone   magnetpull  choicescarf [bodypress, flashcannon, thunderbolt, voltswitch] ttype=electric
INFO     	       pelipper      drizzle  choicespecs [hurricane, hydropump, uturn, weatherball] ttype=flying
INFO     	        wochien tabletsofruin    leftovers [gigadrain, knockoff, ruination, stunspore] ttype=poison
INFO     	    gougingfire protosynthesis heavydutyboots [dragondance, earthquake, heatcrash, outrage] ttype=ground
INFO     Sampling battle 9
INFO     	      spiritomb  infiltrator    leftovers [foulplay, painsplit, poltergeist, willowisp] ttype=poison
INFO     	            muk  poisontouch    leftovers [drainpunch, gunkshot, haze, knockoff] ttype=dark
INFO     Sampling 4 unrevealed pokemon
INFO     	           hooh  regenerator heavydutyboots [bravebird, earthquake, recover, sacredfire] ttype=ground
INFO     	         espeon  magicbounce      lifeorb [alluringvoice, morningsun, psychic, shadowball] ttype=psychic
INFO     	        wyrdeer   intimidate    leftovers [earthquake, megahorn, psychicnoise, thunderwave] ttype=ground
INFO     	       magearna    soulheart weaknesspolicy [fleurcannon, ironhead, shiftgear, terablast] ttype=ground
INFO     Sampling battle 10
INFO     	      spiritomb  infiltrator    leftovers [foulplay, painsplit, poltergeist, shadowsneak] ttype=steel
INFO     	            muk  poisontouch    leftovers [drainpunch, haze, knockoff, poisonjab] ttype=dark
INFO     Sampling 4 unrevealed pokemon
INFO     	necrozmadawnwings   prismarmor    leftovers [calmmind, moongeistbeam, moonlight, photongeyser] ttype=fairy
INFO     	       glimmora  toxicdebris heavydutyboots [earthpower, mortalspin, sludgewave, spikes] ttype=ground
INFO     	       rotommow     levitate    leftovers [leafstorm, thunderbolt, voltswitch, willowisp] ttype=grass
INFO     	        bruxish    strongjaw   choiceband [aquajet, crunch, psychicfangs, wavecrash] ttype=dark
INFO     Sampling battle 11
INFO     	      spiritomb  infiltrator    leftovers [foulplay, poltergeist, shadowsneak, toxic] ttype=poison
INFO     	            muk  poisontouch    leftovers [drainpunch, haze, knockoff, poisonjab] ttype=dark
INFO     Sampling 4 unrevealed pokemon
INFO     	         furret        frisk      lifeorb [brickbreak, doubleedge, knockoff, tidyup] ttype=normal
INFO     	         kommoo   soundproof   loadeddice [closecombat, ironhead, scaleshot, swordsdance] ttype=steel
INFO     	        palafin   zerotohero   choiceband [closecombat, flipturn, jetpunch, wavecrash] ttype=fighting
INFO     	       vivillon compoundeyes heavydutyboots [hurricane, quiverdance, sleeppowder, terablast] ttype=ground
INFO     Sampling battle 12
INFO     	      spiritomb  infiltrator    leftovers [foulplay, painsplit, poltergeist, shadowsneak] ttype=ghost
INFO     	            muk  poisontouch    leftovers [drainpunch, gunkshot, knockoff, toxicspikes] ttype=dark
INFO     Sampling 4 unrevealed pokemon
INFO     	        snorlax     thickfat    leftovers [bodyslam, curse, rest, sleeptalk] ttype=poison
INFO     	        avalugg       sturdy heavydutyboots [avalanche, bodypress, curse, recover] ttype=fighting
INFO     	    arceusfairy    multitype   pixieplate [calmmind, earthpower, judgment, recover] ttype=steel
INFO     	       slowking  regenerator    leftovers [psyshock, scald, slackoff, thunderwave] ttype=dragon
INFO     Sampling battle 13
INFO     	      spiritomb  infiltrator    leftovers [foulplay, painsplit, poltergeist, shadowsneak] ttype=poison
INFO     	            muk  poisontouch    leftovers [drainpunch, gunkshot, knockoff, toxicspikes] ttype=dark
INFO     Sampling 4 unrevealed pokemon
INFO     	       clodsire  waterabsorb    leftovers [earthquake, recover, spikes, toxic] ttype=steel
INFO     	     kricketune   technician heavydutyboots [knockoff, pounce, stickyweb, taunt] ttype=ghost
INFO     	       articuno     pressure heavydutyboots [bravebird, freezedry, haze, roost] ttype=steel
INFO     	       oranguru   innerfocus  choicespecs [focusblast, hypervoice, psyshock, trick] ttype=psychic
INFO     Sampling battle 14
INFO     	      spiritomb  infiltrator    leftovers [foulplay, painsplit, poltergeist, suckerpunch] ttype=poison
INFO     	            muk  poisontouch    leftovers [drainpunch, haze, knockoff, poisonjab] ttype=dark
INFO     Sampling 4 unrevealed pokemon
INFO     	        sableye    prankster    leftovers [encore, knockoff, recover, willowisp] ttype=poison
INFO     	     victreebel  chlorophyll      lifeorb [powerwhip, sludgewave, strengthsap, suckerpunch] ttype=steel
INFO     	        carbink       sturdy  chestoberry [bodypress, irondefense, moonblast, rest] ttype=fighting
INFO     	       garchomp    roughskin  rockyhelmet [dragontail, earthquake, outrage, spikes] ttype=steel
INFO     Sampling battle 15
INFO     	      spiritomb  infiltrator    leftovers [foulplay, poltergeist, suckerpunch, willowisp] ttype=steel
INFO     	            muk  poisontouch    leftovers [drainpunch, haze, knockoff, poisonjab] ttype=dark
INFO     Sampling 4 unrevealed pokemon
INFO     	      arceusice    multitype  icicleplate [calmmind, judgment, recover, thunderbolt] ttype=electric
INFO     	       meloetta  serenegrace      lifeorb [closecombat, knockoff, relicsong, tripleaxel] ttype=dark
INFO     	        pikachu lightningrod    lightball [playrough, surf, voltswitch, volttackle] ttype=water
INFO     	       empoleon  competitive    leftovers [roost, stealthrock, surf, yawn] ttype=flying
INFO     Sampling battle 16
INFO     	      spiritomb  infiltrator    leftovers [foulplay, painsplit, poltergeist, toxic] ttype=poison
INFO     	            muk  poisontouch    leftovers [drainpunch, gunkshot, haze, knockoff] ttype=dark
INFO     Sampling 4 unrevealed pokemon
INFO     	         goodra    sapsipper  assaultvest [dracometeor, fireblast, knockoff, sludgebomb] ttype=fire
INFO     	         regice    clearbody heavydutyboots [bodypress, icebeam, thunderbolt, thunderwave] ttype=electric
INFO     	         dialga     pressure  assaultvest [dracometeor, dragontail, fireblast, heavyslam] ttype=steel
INFO     	        golduck    cloudnine    leftovers [encore, grassknot, hydropump, nastyplot] ttype=water
INFO     Sampling battle 17
INFO     	      spiritomb  infiltrator    leftovers [foulplay, painsplit, poltergeist, willowisp] ttype=ghost
INFO     	            muk  poisontouch    leftovers [drainpunch, haze, knockoff, poisonjab] ttype=dark
INFO     Sampling 4 unrevealed pokemon
INFO     	       ampharos       static      lifeorb [agility, dazzlinggleam, focusblast, thunderbolt] ttype=fairy
INFO     	      zamazenta dauntlessshield    leftovers [bodypress, crunch, irondefense, ironhead] ttype=steel
INFO     	  slowkinggalar  regenerator  assaultvest [futuresight, psychicnoise, sludgebomb, surf] ttype=dark
INFO     	      dragapult  infiltrator heavydutyboots [dragondarts, hex, uturn, willowisp] ttype=dragon
INFO     Sampling battle 18
INFO     	      spiritomb  infiltrator    leftovers [foulplay, poltergeist, suckerpunch, willowisp] ttype=poison
INFO     	            muk  poisontouch    leftovers [drainpunch, gunkshot, knockoff, toxicspikes] ttype=dark
INFO     Sampling 4 unrevealed pokemon
INFO     	     arceusrock    multitype   stoneplate [calmmind, fireblast, judgment, recover] ttype=dragon
INFO     	       skarmory       sturdy    leftovers [bodypress, bravebird, irondefense, roost] ttype=fighting
INFO     	taurospaldeacombat   intimidate   choiceband [closecombat, earthquake, ironhead, stoneedge] ttype=steel
INFO     	       quagsire      unaware    leftovers [earthquake, icebeam, recover, toxic] ttype=fairy
INFO     Sampling battle 19
INFO     	      spiritomb  infiltrator    leftovers [foulplay, painsplit, poltergeist, suckerpunch] ttype=ghost
INFO     	            muk  poisontouch    leftovers [drainpunch, gunkshot, haze, knockoff] ttype=dark
INFO     Sampling 4 unrevealed pokemon
INFO     	          arbok   intimidate    leftovers [coil, earthquake, gunkshot, suckerpunch] ttype=ground
INFO     	      bellossom  chlorophyll    leftovers [gigadrain, quiverdance, strengthsap, terablast] ttype=rock
INFO     	       vikavolt     levitate heavydutyboots [bugbuzz, stickyweb, thunderbolt, voltswitch] ttype=electric
INFO     	         dialga     pressure  assaultvest [dracometeor, dragontail, fireblast, heavyslam] ttype=flying
INFO     Sampling battle 20
INFO     	      spiritomb  infiltrator    leftovers [foulplay, painsplit, poltergeist, suckerpunch] ttype=steel
INFO     	            muk  poisontouch    leftovers [drainpunch, gunkshot, haze, knockoff] ttype=dark
INFO     Sampling 4 unrevealed pokemon
INFO     	      electrode       static    leftovers [explosion, taunt, thunderbolt, thunderwave] ttype=electric
INFO     	     victreebel  chlorophyll      lifeorb [powerwhip, sleeppowder, sludgewave, suckerpunch] ttype=steel
INFO     	      spectrier    grimneigh      lifeorb [darkpulse, drainingkiss, nastyplot, shadowball] ttype=dark
INFO     	         emboar     reckless  choicescarf [closecombat, flareblitz, headsmash, knockoff] ttype=fire
INFO     Sampling battle 21
INFO     	      spiritomb  infiltrator    leftovers [foulplay, poltergeist, suckerpunch, toxic] ttype=poison
INFO     	            muk  poisontouch    leftovers [drainpunch, gunkshot, haze, knockoff] ttype=dark
INFO     Sampling 4 unrevealed pokemon
INFO     	         glalie   innerfocus heavydutyboots [earthquake, freezedry, spikes, taunt] ttype=ground
INFO     	   palkiaorigin     pressure lustrousglobe [dracometeor, fireblast, hydropump, thunderwave] ttype=fire
INFO     	       tornadus      defiant  choicespecs [bleakwindstorm, focusblast, grassknot, uturn] ttype=fighting
INFO     	       mienshao  regenerator  assaultvest [closecombat, fakeout, knockoff, uturn] ttype=dark
INFO     Sampling battle 22
INFO     	      spiritomb  infiltrator    leftovers [foulplay, painsplit, poltergeist, shadowsneak] ttype=steel
INFO     	            muk  poisontouch    leftovers [drainpunch, haze, knockoff, poisonjab] ttype=dark
INFO     Sampling 4 unrevealed pokemon
INFO     	        dewgong     thickfat  assaultvest [flipturn, knockoff, surf, tripleaxel] ttype=poison
INFO     	         rhydon lightningrod     eviolite [earthquake, megahorn, stoneedge, swordsdance] ttype=dragon
INFO     	        carbink       sturdy  chestoberry [bodypress, irondefense, moonblast, rest] ttype=fighting
INFO     	  articunogalar  competitive heavydutyboots [calmmind, freezingglare, hurricane, recover] ttype=steel
INFO     Sampling battle 23
INFO     	      spiritomb  infiltrator    leftovers [foulplay, painsplit, poltergeist, toxic] ttype=steel
INFO     	            muk  poisontouch    leftovers [drainpunch, gunkshot, haze, knockoff] ttype=dark
INFO     Sampling 4 unrevealed pokemon
INFO     	         flygon     levitate     lumberry [dragondance, earthquake, outrage, stoneedge] ttype=rock
INFO     	      reuniclus   magicguard      lifeorb [calmmind, focusblast, psyshock, recover] ttype=fighting
INFO     	       drifblim    aftermath heavydutyboots [airslash, defog, shadowball, strengthsap] ttype=steel
INFO     	    oricoriopau       dancer heavydutyboots [hurricane, quiverdance, revelationdance, roost] ttype=fighting
INFO     Sampling battle 24
INFO     	      spiritomb  infiltrator    leftovers [foulplay, painsplit, poltergeist, shadowsneak] ttype=ghost
INFO     	            muk  poisontouch    leftovers [drainpunch, gunkshot, knockoff, toxicspikes] ttype=dark
INFO     Sampling 4 unrevealed pokemon
INFO     	      volcanion  waterabsorb heavydutyboots [earthpower, flamethrower, haze, steameruption] ttype=ground
INFO     	     tentacruel   liquidooze  assaultvest [flipturn, rapidspin, sludgebomb, surf] ttype=flying
INFO     	       cacturne  waterabsorb      lifeorb [knockoff, leafstorm, spikes, suckerpunch] ttype=poison
INFO     	       garchomp    roughskin   loadeddice [earthquake, ironhead, scaleshot, swordsdance] ttype=steel
INFO     Sampling battle 25
INFO     	      spiritomb  infiltrator    leftovers [foulplay, poltergeist, shadowsneak, willowisp] ttype=poison
INFO     	            muk  poisontouch    leftovers [drainpunch, gunkshot, haze, knockoff] ttype=dark
INFO     Sampling 4 unrevealed pokemon
INFO     	     tentacruel   liquidooze    leftovers [haze, rapidspin, sludgebomb, surf] ttype=flying
INFO     	     golemalola    galvanize      lifeorb [doubleedge, earthquake, rockpolish, stoneedge] ttype=grass
INFO     	       lurantis     contrary    leftovers [knockoff, leafstorm, superpower, synthesis] ttype=fighting
INFO     	        palafin   zerotohero   choiceband [closecombat, flipturn, jetpunch, wavecrash] ttype=water
INFO     Sampling battle 26
INFO     	      spiritomb  infiltrator    leftovers [foulplay, painsplit, poltergeist, willowisp] ttype=ghost
INFO     	            muk  poisontouch    leftovers [drainpunch, gunkshot, knockoff, toxicspikes] ttype=dark
INFO     Sampling 4 unrevealed pokemon
INFO     	       clodsire  waterabsorb    leftovers [earthquake, recover, spikes, toxic] ttype=flying
INFO     	        jirachi  serenegrace    leftovers [bodyslam, ironhead, protect, wish] ttype=water
INFO     	        cetitan     thickfat  sitrusberry [bellydrum, earthquake, iceshard, icespinner] ttype=ice
INFO     	       cyclizar  regenerator heavydutyboots [dracometeor, rapidspin, shedtail, taunt] ttype=fairy
INFO     Sampling battle 27
INFO     	      spiritomb  infiltrator    leftovers [foulplay, poltergeist, shadowsneak, willowisp] ttype=poison
INFO     	            muk  poisontouch    leftovers [drainpunch, knockoff, poisonjab, toxicspikes] ttype=dark
INFO     Sampling 4 unrevealed pokemon
INFO     	      gastrodon   stormdrain    leftovers [earthquake, icebeam, recover, surf] ttype=poison
INFO     	     ironleaves   quarkdrive      lifeorb [closecombat, leafblade, psyblade, swordsdance] ttype=fighting
INFO     	        bisharp      defiant     eviolite [ironhead, stealthrock, suckerpunch, throatchop] ttype=flying
INFO     	       drifblim     unburden  sitrusberry [airslash, calmmind, shadowball, strengthsap] ttype=steel
INFO     Sampling battle 28
INFO     	      spiritomb  infiltrator    leftovers [foulplay, poltergeist, shadowsneak, toxic] ttype=steel
INFO     	            muk  poisontouch    leftovers [drainpunch, haze, knockoff, poisonjab] ttype=dark
INFO     Sampling 4 unrevealed pokemon
INFO     	       necrozma   prismarmor weaknesspolicy [dragondance, earthquake, knockoff, photongeyser] ttype=dark
INFO     	lycanrocmidnight      noguard      lifeorb [closecombat, knockoff, stealthrock, stoneedge] ttype=fighting
INFO     	       hariyama     thickfat  assaultvest [closecombat, heavyslam, knockoff, stoneedge] ttype=steel
INFO     	      kingambit supremeoverlord    leftovers [ironhead, kowtowcleave, suckerpunch, swordsdance] ttype=flying
INFO     Sampling battle 29
INFO     	      spiritomb  infiltrator    leftovers [foulplay, poltergeist, suckerpunch, toxic] ttype=ghost
INFO     	            muk  poisontouch    leftovers [drainpunch, knockoff, poisonjab, toxicspikes] ttype=dark
INFO     Sampling 4 unrevealed pokemon
INFO     	          klawf  regenerator      lifeorb [highhorsepower, knockoff, stealthrock, stoneedge] ttype=ground
INFO     	        ambipom   technician    silkscarf [doubleedge, fakeout, knockoff, uturn] ttype=normal
INFO     	       sceptile     overgrow      lifeorb [earthquake, leafblade, rockslide, swordsdance] ttype=rock
INFO     	       lumineon   stormdrain      lifeorb [alluringvoice, encore, hydropump, icebeam] ttype=water
INFO     Sampling battle 30
INFO     	      spiritomb  infiltrator    leftovers [foulplay, painsplit, poltergeist, willowisp] ttype=steel
INFO     	            muk  poisontouch    leftovers [drainpunch, knockoff, poisonjab, toxicspikes] ttype=dark
INFO     Sampling 4 unrevealed pokemon
INFO     	         eiscue      iceface  sitrusberry [bellydrum, icespinner, liquidation, terablast] ttype=electric
INFO     	       chienpao  swordofruin   choiceband [iceshard, iciclecrash, sacredsword, throatchop] ttype=fighting
INFO     	         raikou     pressure    leftovers [calmmind, scald, shadowball, thunderbolt] ttype=electric
INFO     	         plusle lightningrod      lifeorb [alluringvoice, encore, nastyplot, thunderbolt] ttype=electric
INFO     Sampling battle 31
INFO     	      spiritomb  infiltrator    leftovers [foulplay, painsplit, poltergeist, shadowsneak] ttype=poison
INFO     	            muk  poisontouch    leftovers [drainpunch, knockoff, poisonjab, toxicspikes] ttype=dark
INFO     Sampling 4 unrevealed pokemon
INFO     	     annihilape      defiant    leftovers [bulkup, drainpunch, ragefist, taunt] ttype=fairy
INFO     	      abomasnow  snowwarning    lightclay [auroraveil, blizzard, earthquake, iceshard] ttype=water
INFO     	        slowbro  regenerator  rockyhelmet [calmmind, psychicnoise, scald, slackoff] ttype=poison
INFO     	       cloyster    skilllink    whiteherb [hydropump, iciclespear, rockblast, shellsmash] ttype=rock
INFO     Searching for a move using MCTS...
INFO     Sampling 32 battles at 250ms each
INFO     Iterations 5: 49000
INFO     Iterations 6: 46000
INFO     Iterations 1: 48000
INFO     Iterations 0: 48000
INFO     Iterations 3: 46000
INFO     Iterations 4: 46000
INFO     Iterations 7: 46000
INFO     Iterations 2: 50000
INFO     Iterations 8: 35000
INFO     Iterations 11: 33000
INFO     Iterations 15: 34000
INFO     Iterations 14: 32000
INFO     Iterations 12: 31000
INFO     Iterations 10: 38000
INFO     Iterations 13: 36000
INFO     Iterations 9: 33000
INFO     Iterations 16: 30000
INFO     Iterations 18: 32000
INFO     Iterations 20: 31000
INFO     Iterations 17: 31000
INFO     Iterations 19: 30000
INFO     Iterations 22: 32000
INFO     Iterations 23: 32000
INFO     Iterations 21: 31000
INFO     Iterations 25: 36000
INFO     Iterations 24: 35000
INFO     Iterations 26: 37000
INFO     Iterations 27: 36000
INFO     Iterations 29: 35000
INFO     Iterations 28: 38000
INFO     Iterations 31: 36000
INFO     Iterations 30: 39000
INFO     Policy 0: hurricane visited 30.53% avg_score=0.508 sample_chance_multiplier=0.031
INFO     Policy 1: hurricane visited 42.72% avg_score=0.567 sample_chance_multiplier=0.031
INFO     Policy 2: dracometeor visited 46.18% avg_score=0.628 sample_chance_multiplier=0.031
INFO     Policy 3: hurricane visited 52.33% avg_score=0.632 sample_chance_multiplier=0.031
INFO     Policy 4: hurricane visited 59.54% avg_score=0.609 sample_chance_multiplier=0.031
INFO     Policy 5: hurricane visited 45.98% avg_score=0.54 sample_chance_multiplier=0.031
INFO     Policy 6: hurricane visited 41.28% avg_score=0.606 sample_chance_multiplier=0.031
INFO     Policy 7: hurricane visited 77.9% avg_score=0.643 sample_chance_multiplier=0.031
INFO     Policy 8: hurricane visited 41.47% avg_score=0.589 sample_chance_multiplier=0.031
INFO     Policy 9: hurricane visited 60.23% avg_score=0.592 sample_chance_multiplier=0.031
INFO     Policy 10: hurricane visited 35.95% avg_score=0.572 sample_chance_multiplier=0.031
INFO     Policy 11: hurricane visited 66.3% avg_score=0.665 sample_chance_multiplier=0.031
INFO     Policy 12: hurricane visited 60.75% avg_score=0.603 sample_chance_multiplier=0.031
INFO     Policy 13: hurricane visited 49.37% avg_score=0.604 sample_chance_multiplier=0.031
INFO     Policy 14: hurricane visited 60.02% avg_score=0.601 sample_chance_multiplier=0.031
INFO     Policy 15: hurricane visited 36.8% avg_score=0.6 sample_chance_multiplier=0.031
INFO     Policy 16: dracometeor visited 44.25% avg_score=0.583 sample_chance_multiplier=0.031
INFO     Policy 17: hurricane visited 44.28% avg_score=0.59 sample_chance_multiplier=0.031
INFO     Policy 18: hurricane visited 36.19% avg_score=0.588 sample_chance_multiplier=0.031
INFO     Policy 19: hurricane visited 52.1% avg_score=0.607 sample_chance_multiplier=0.031
INFO     Policy 20: hurricane visited 43.48% avg_score=0.588 sample_chance_multiplier=0.031
INFO     Policy 21: hurricane visited 59.29% avg_score=0.638 sample_chance_multiplier=0.031
INFO     Policy 22: hurricane visited 36.58% avg_score=0.551 sample_chance_multiplier=0.031
INFO     Policy 23: hurricane visited 37.21% avg_score=0.562 sample_chance_multiplier=0.031
INFO     Policy 24: hurricane visited 47.02% avg_score=0.628 sample_chance_multiplier=0.031
INFO     Policy 25: dracometeor visited 43.98% avg_score=0.611 sample_chance_multiplier=0.031
INFO     Policy 26: hurricane visited 39.78% avg_score=0.608 sample_chance_multiplier=0.031
INFO     Policy 27: hurricane visited 56.79% avg_score=0.625 sample_chance_multiplier=0.031
INFO     Policy 28: hurricane visited 48.54% avg_score=0.61 sample_chance_multiplier=0.031
INFO     Policy 29: hurricane visited 44.65% avg_score=0.631 sample_chance_multiplier=0.031
INFO     Policy 30: dracometeor visited 33.47% avg_score=0.552 sample_chance_multiplier=0.031
INFO     Policy 31: hurricane visited 73.86% avg_score=0.625 sample_chance_multiplier=0.031
INFO     Considered Choices:
INFO     	46.945%: hurricane
INFO     Choice: hurricane
INFO     noivern already has the move hurricane. Decrementing the PP by 1
INFO     noivern used a flying move, removing flyinggem from possible items
INFO     Setting noivern's last used move: hurricane
INFO     noivern used a damaging move - not guessing lifeorb anymore
INFO     noivern did 43.0% damage to spiritomb with hurricane
INFO     spiritomb has less than maxhp during upkeep, no longer guessing leftovers or blacksludge
INFO     Opponent has switched - clearing the last used move
INFO     
INFO     Turn: 5
INFO     Sampling battle 0
INFO     	            muk  poisontouch    leftovers [drainpunch, haze, knockoff, poisonjab] ttype=dark
INFO     Sampling 4 unrevealed pokemon
INFO     	          arbok   intimidate    leftovers [coil, earthquake, gunkshot, trailblaze] ttype=ground
INFO     	        gallade    sharpness      lifeorb [agility, nightslash, psychocut, sacredsword] ttype=dark
INFO     	 ninetalesalola  snowwarning    lightclay [auroraveil, blizzard, moonblast, nastyplot] ttype=water
INFO     	          golem       sturdy weaknesspolicy [earthquake, explosion, rockpolish, stoneedge] ttype=ground
INFO     Sampling battle 1
INFO     	            muk  poisontouch    leftovers [drainpunch, gunkshot, knockoff, toxicspikes] ttype=dark
INFO     Sampling 4 unrevealed pokemon
INFO     	ogerponwellspring  waterabsorb wellspringmask [encore, ivycudgel, synthesis, woodhammer] ttype=water
INFO     	         lunala shadowshield    leftovers [calmmind, focusblast, moongeistbeam, moonlight] ttype=fighting
INFO     	      metagross    clearbody weaknesspolicy [agility, earthquake, heavyslam, psychicfangs] ttype=ground
INFO     	        blissey  naturalcure    leftovers [seismictoss, softboiled, stealthrock, thunderwave] ttype=ghost
INFO     Sampling battle 2
INFO     	            muk  poisontouch    leftovers [drainpunch, haze, knockoff, poisonjab] ttype=dark
INFO     Sampling 4 unrevealed pokemon
INFO     	      sinistcha    heatproof    leftovers [calmmind, matchagotcha, shadowball, strengthsap] ttype=steel
INFO     	      cramorant  gulpmissile heavydutyboots [bravebird, defog, roost, surf] ttype=ground
INFO     	  arceuspsychic    multitype    mindplate [bodypress, cosmicpower, recover, storedpower] ttype=steel
INFO     	   weezinggalar     levitate    leftovers [defog, fireblast, gunkshot, strangesteam] ttype=steel
INFO     Sampling battle 3
INFO     	            muk  poisontouch    leftovers [drainpunch, haze, knockoff, poisonjab] ttype=dark
INFO     Sampling 4 unrevealed pokemon
INFO     	      volcanion  waterabsorb  choicescarf [earthpower, flamethrower, sludgebomb, steameruption] ttype=fire
INFO     	       inteleon      torrent  choicespecs [hydropump, icebeam, scald, uturn] ttype=water
INFO     	       tornadus    prankster heavydutyboots [bleakwindstorm, focusblast, heatwave, nastyplot] ttype=flying
INFO     	      rampardos   sheerforce      lifeorb [earthquake, firepunch, rockslide, zenheadbutt] ttype=psychic
INFO     Sampling battle 4
INFO     	            muk  poisontouch    leftovers [drainpunch, knockoff, poisonjab, toxicspikes] ttype=dark
INFO     Sampling 4 unrevealed pokemon
INFO     	    kyuremblack     teravolt   loadeddice [dragondance, fusionbolt, iciclespear, scaleshot] ttype=electric
INFO     	       quagsire      unaware    leftovers [earthquake, icebeam, recover, toxic] ttype=steel
INFO     	    stonjourner    powerspot      lifeorb [earthquake, heatcrash, stealthrock, stoneedge] ttype=ground
INFO     	     eelektross     levitate    leftovers [coil, drainpunch, firepunch, supercellslam] ttype=fighting
INFO     Sampling battle 5
INFO     	            muk  poisontouch    leftovers [drainpunch, knockoff, poisonjab, toxicspikes] ttype=dark
INFO     Sampling 4 unrevealed pokemon
INFO     	            mew  synchronize      lifeorb [fireblast, hydropump, nastyplot, psyshock] ttype=fire
INFO     	   arceusdragon    multitype   dracoplate [flareblitz, heavyslam, outrage, swordsdance] ttype=fire
INFO     	    walkingwake protosynthesis  choicespecs [dracometeor, flamethrower, flipturn, hydropump] ttype=water
INFO     	         gengar   cursedbody      lifeorb [focusblast, shadowball, sludgewave, toxicspikes] ttype=ghost
INFO     Sampling battle 6
INFO     	            muk  poisontouch    leftovers [drainpunch, haze, knockoff, poisonjab] ttype=dark
INFO     Sampling 4 unrevealed pokemon
INFO     	         comfey       triage    leftovers [calmmind, drainingkiss, gigadrain, terablast] ttype=ground
INFO     	       blaziken   speedboost      lifeorb [closecombat, flareblitz, knockoff, swordsdance] ttype=dark
INFO     	          arbok   intimidate    leftovers [coil, earthquake, gunkshot, suckerpunch] ttype=ground
INFO     	    meowscarada      protean heavydutyboots [flowertrick, knockoff, toxicspikes, uturn] ttype=grass
INFO     Sampling battle 7
INFO     	            muk  poisontouch    leftovers [drainpunch, gunkshot, knockoff, toxicspikes] ttype=dark
INFO     Sampling 4 unrevealed pokemon
INFO     	        grumpig     thickfat  choicescarf [earthpower, focusblast, psychic, trick] ttype=ground
INFO     	         komala     comatose  assaultvest [bodyslam, knockoff, rapidspin, uturn] ttype=ghost
INFO     	       lumineon   stormdrain      lifeorb [alluringvoice, encore, hydropump, icebeam] ttype=water
INFO     	      reuniclus   magicguard      lifeorb [calmmind, focusblast, psyshock, recover] ttype=steel
INFO     Sampling battle 8
INFO     	            muk  poisontouch    leftovers [drainpunch, gunkshot, haze, knockoff] ttype=dark
INFO     Sampling 4 unrevealed pokemon
INFO     	      gastrodon   stormdrain    leftovers [earthquake, recover, sludgebomb, stealthrock] ttype=poison
INFO     	        sableye    prankster    leftovers [encore, knockoff, recover, willowisp] ttype=steel
INFO     	      arceusbug    multitype  insectplate [calmmind, earthpower, judgment, recover] ttype=ground
INFO     	        grumpig     thickfat  choicescarf [earthpower, psychic, shadowball, trick] ttype=ground
INFO     Sampling battle 9
INFO     	            muk  poisontouch    leftovers [drainpunch, knockoff, poisonjab, toxicspikes] ttype=dark
INFO     Sampling 4 unrevealed pokemon
INFO     	         swanna    hydration heavydutyboots [bravebird, defog, hydropump, roost] ttype=ground
INFO     	       ludicolo    swiftswim  choicespecs [gigadrain, hydropump, icebeam, leafstorm] ttype=grass
INFO     	      magmortar    flamebody heavydutyboots [fireblast, focusblast, taunt, thunderbolt] ttype=electric
INFO     	        dipplin   stickyhold     eviolite [dragonpulse, dragontail, gigadrain, recover] ttype=steel
INFO     Sampling battle 10
INFO     	            muk  poisontouch    leftovers [drainpunch, haze, knockoff, poisonjab] ttype=dark
INFO     Sampling 4 unrevealed pokemon
INFO     	        moltres    flamebody heavydutyboots [bravebird, fireblast, roost, scorchingsands] ttype=ground
INFO     	    polteageist   cursedbody    whiteherb [shadowball, shellsmash, storedpower, terablast] ttype=fighting
INFO     	       pelipper      drizzle  choicespecs [hurricane, hydropump, uturn, weatherball] ttype=flying
INFO     	        suicune     pressure    leftovers [calmmind, protect, scald, substitute] ttype=steel
INFO     Sampling battle 11
INFO     	            muk  poisontouch    leftovers [drainpunch, gunkshot, haze, knockoff] ttype=dark
INFO     Sampling 4 unrevealed pokemon
INFO     	       jumpluff  infiltrator              [acrobatics, leechseed, strengthsap, substitute] ttype=steel
INFO     	      blastoise      torrent    whiteherb [earthquake, hydropump, icebeam, shellsmash] ttype=ground
INFO     	        spidops     stakeout heavydutyboots [circlethrow, knockoff, stickyweb, toxicspikes] ttype=ghost
INFO     	    ironboulder   quarkdrive boosterenergy [closecombat, mightycleave, swordsdance, zenheadbutt] ttype=fighting
INFO     Sampling battle 12
INFO     	            muk  poisontouch    leftovers [drainpunch, gunkshot, haze, knockoff] ttype=dark
INFO     Sampling 4 unrevealed pokemon
INFO     	        weezing     levitate    leftovers [fireblast, painsplit, sludgebomb, toxicspikes] ttype=steel
INFO     	   dugtrioalola tanglinghair      lifeorb [earthquake, ironhead, stealthrock, suckerpunch] ttype=ground
INFO     	      farigiraf    sapsipper    leftovers [bodyslam, protect, psychicnoise, wish] ttype=ground
INFO     	         comfey       triage    leftovers [calmmind, drainingkiss, gigadrain, storedpower] ttype=poison
INFO     Sampling battle 13
INFO     	            muk  poisontouch    leftovers [drainpunch, gunkshot, haze, knockoff] ttype=dark
INFO     Sampling 4 unrevealed pokemon
INFO     	         raichu lightningrod      lifeorb [alluringvoice, encore, grassknot, thunderbolt] ttype=grass
INFO     	tornadustherian  regenerator  assaultvest [bleakwindstorm, heatwave, knockoff, uturn] ttype=steel
INFO     	       blaziken   speedboost      lifeorb [closecombat, flareblitz, knockoff, swordsdance] ttype=dark
INFO     	   arceusground    multitype   earthplate [calmmind, fireblast, judgment, recover] ttype=dragon
INFO     Sampling battle 14
INFO     	            muk  poisontouch    leftovers [drainpunch, haze, knockoff, poisonjab] ttype=dark
INFO     Sampling 4 unrevealed pokemon
INFO     	     skeledirge      unaware heavydutyboots [flamecharge, shadowball, slackoff, torchsong] ttype=fairy
INFO     	      tyranitar   sandstream    leftovers [icebeam, knockoff, stealthrock, stoneedge] ttype=ghost
INFO     	       rotomfan     levitate heavydutyboots [airslash, thunderbolt, thunderwave, voltswitch] ttype=steel
INFO     	        kleavor    sharpness heavydutyboots [closecombat, stoneaxe, swordsdance, xscissor] ttype=fighting
INFO     Sampling battle 15
INFO     	            muk  poisontouch    leftovers [drainpunch, haze, knockoff, poisonjab] ttype=dark
INFO     Sampling 4 unrevealed pokemon
INFO     	     victreebel  chlorophyll      lifeorb [poisonjab, powerwhip, suckerpunch, swordsdance] ttype=dark
INFO     	         eiscue      iceface  sitrusberry [bellydrum, icespinner, liquidation, terablast] ttype=electric
INFO     	        flamigo      scrappy      lifeorb [bravebird, closecombat, swordsdance, throatchop] ttype=steel
INFO     	     calyrexice asoneglastrier weaknesspolicy [agility, closecombat, glaciallance, highhorsepower] ttype=ground
INFO     Searching for a move using MCTS...
INFO     Sampling 16 battles at 500ms each
INFO     Iterations 7: 74000
INFO     Iterations 3: 73000
INFO     Iterations 0: 76000
INFO     Iterations 1: 82000
INFO     Iterations 6: 77000
INFO     Iterations 5: 71000
INFO     Iterations 4: 80000
INFO     Iterations 2: 77000
INFO     Iterations 10: 65000
INFO     Iterations 9: 60000
INFO     Iterations 11: 62000
INFO     Iterations 14: 65000
INFO     Iterations 8: 66000
INFO     Iterations 13: 63000
INFO     Iterations 12: 64000
INFO     Iterations 15: 70000
INFO     Policy 0: hurricane visited 91.35% avg_score=0.464 sample_chance_multiplier=0.062
INFO     Policy 1: hurricane visited 89.2% avg_score=0.487 sample_chance_multiplier=0.062
INFO     Policy 2: hurricane visited 94.45% avg_score=0.526 sample_chance_multiplier=0.062
INFO     Policy 3: hurricane visited 91.53% avg_score=0.502 sample_chance_multiplier=0.062
INFO     Policy 4: hurricane visited 90.85% avg_score=0.483 sample_chance_multiplier=0.062
INFO     Policy 5: hurricane visited 91.49% avg_score=0.511 sample_chance_multiplier=0.062
INFO     Policy 6: hurricane visited 94.21% avg_score=0.511 sample_chance_multiplier=0.062
INFO     Policy 7: hurricane visited 89.26% avg_score=0.495 sample_chance_multiplier=0.062
INFO     Policy 8: hurricane visited 93.14% avg_score=0.525 sample_chance_multiplier=0.062
INFO     Policy 9: hurricane visited 92.36% avg_score=0.517 sample_chance_multiplier=0.062
INFO     Policy 10: hurricane visited 80.2% avg_score=0.501 sample_chance_multiplier=0.062
INFO     Policy 11: hurricane visited 90.0% avg_score=0.503 sample_chance_multiplier=0.062
INFO     Policy 12: hurricane visited 91.79% avg_score=0.511 sample_chance_multiplier=0.062
INFO     Policy 13: hurricane visited 89.36% avg_score=0.5 sample_chance_multiplier=0.062
INFO     Policy 14: hurricane visited 65.4% avg_score=0.459 sample_chance_multiplier=0.062
INFO     Policy 15: hurricane visited 93.13% avg_score=0.507 sample_chance_multiplier=0.062
INFO     Considered Choices:
INFO     	89.234%: hurricane
INFO     Choice: hurricane
INFO     Updated muk's max speed to 156
INFO     noivern already has the move hurricane. Decrementing the PP by 1
INFO     noivern used a flying move, removing flyinggem from possible items
INFO     Setting noivern's last used move: hurricane
INFO     noivern used a damaging move - not guessing lifeorb anymore
INFO     noivern did 45.0% damage to muk with hurricane
INFO     muk already has the move knockoff. Decrementing the PP by 1
INFO     muk used a dark move, removing darkgem from possible items
INFO     Setting muk's last used move: knockoff
INFO     muk used a damaging move - not guessing lifeorb anymore
INFO     muk did 29.56% damage to noivern with knockoff
INFO     noivern got status: psn
INFO     No longer guessing lumberry because noivern got status psn
INFO     Setting noivern's ability to: poisontouch
INFO     Removing noivern's item: choicespecs
INFO     Setting noivern's removed item to choicespecs
INFO     Knockoff removed noivern's item
INFO     Setting muk's item to: leftovers
INFO     muk has less than maxhp during upkeep, no longer guessing leftovers or blacksludge
INFO     
INFO     Turn: 6
INFO     Sampling battle 0
INFO     	            muk  poisontouch    leftovers [drainpunch, gunkshot, haze, knockoff] ttype=dark
INFO     Sampling 4 unrevealed pokemon
INFO     	       meganium     overgrow    leftovers [earthquake, knockoff, petalblizzard, swordsdance] ttype=steel
INFO     	       frosmoth    icescales heavydutyboots [gigadrain, hurricane, icebeam, quiverdance] ttype=water
INFO     	      blastoise      torrent    whiteherb [earthquake, hydropump, icebeam, shellsmash] ttype=steel
INFO     	       chienpao  swordofruin   choiceband [crunch, iceshard, iciclecrash, sacredsword] ttype=ice
INFO     Sampling battle 1
INFO     	            muk  poisontouch    leftovers [drainpunch, haze, knockoff, poisonjab] ttype=dark
INFO     Sampling 4 unrevealed pokemon
INFO     	       jumpluff  infiltrator              [acrobatics, encore, strengthsap, uturn] ttype=steel
INFO     	          azelf     levitate      lifeorb [explosion, knockoff, psychic, stealthrock] ttype=dark
INFO     	       necrozma   prismarmor    leftovers [calmmind, earthpower, moonlight, photongeyser] ttype=steel
INFO     	      cramorant  gulpmissile heavydutyboots [bravebird, defog, roost, surf] ttype=ground
INFO     Sampling battle 2
INFO     	            muk  poisontouch    leftovers [drainpunch, gunkshot, haze, knockoff] ttype=dark
INFO     Sampling 4 unrevealed pokemon
INFO     	      bastiodon   soundproof  chestoberry [bodypress, foulplay, irondefense, rest] ttype=fighting
INFO     	      girafarig    sapsipper     eviolite [dazzlinggleam, nastyplot, psychic, thunderbolt] ttype=electric
INFO     	      dragapult    clearbody      lifeorb [dragondance, dragondarts, fireblast, terablast] ttype=ghost
INFO     	        donphan       sturdy  assaultvest [earthquake, iceshard, knockoff, rapidspin] ttype=steel
INFO     Sampling battle 3
INFO     	            muk  poisontouch    leftovers [drainpunch, gunkshot, haze, knockoff] ttype=dark
INFO     Sampling 4 unrevealed pokemon
INFO     	     ironbundle   quarkdrive  choicespecs [flipturn, freezedry, hydropump, icebeam] ttype=ice
INFO     	       houndoom    flashfire heavydutyboots [darkpulse, fireblast, sludgebomb, suckerpunch] ttype=poison
INFO     	      magmortar    flamebody heavydutyboots [earthquake, fireblast, focusblast, thunderbolt] ttype=electric
INFO     	        slowbro  regenerator  assaultvest [bodypress, futuresight, icebeam, scald] ttype=fighting
INFO     Sampling battle 4
INFO     	            muk  poisontouch    leftovers [drainpunch, gunkshot, haze, knockoff] ttype=dark
INFO     Sampling 4 unrevealed pokemon
INFO     	      dragapult    clearbody      lifeorb [dragondance, dragondarts, fireblast, terablast] ttype=ghost
INFO     	  samurotthisui    sharpness      lifeorb [ceaselessedge, razorshell, suckerpunch, swordsdance] ttype=water
INFO     	       slowking  regenerator heavydutyboots [chillyreception, psychicnoise, scald, slackoff] ttype=dragon
INFO     	          golem       sturdy weaknesspolicy [earthquake, explosion, rockpolish, stoneedge] ttype=ground
INFO     Sampling battle 5
INFO     	            muk  poisontouch    leftovers [drainpunch, gunkshot, haze, knockoff] ttype=dark
INFO     Sampling 4 unrevealed pokemon
INFO     	squawkabillyyellow       hustle heavydutyboots [bravebird, foulplay, partingshot, quickattack] ttype=flying
INFO     	 giratinaorigin     levitate griseouscore [dracometeor, dragontail, poltergeist, shadowsneak] ttype=fairy
INFO     	    deoxysspeed     pressure      lifeorb [darkpulse, focusblast, nastyplot, psychoboost] ttype=dark
INFO     	        darkrai    baddreams      lifeorb [darkpulse, focusblast, nastyplot, sludgebomb] ttype=poison
INFO     Sampling battle 6
INFO     	            muk  poisontouch    leftovers [drainpunch, gunkshot, haze, knockoff] ttype=dark
INFO     Sampling 4 unrevealed pokemon
INFO     	     toedscruel myceliummight    leftovers [earthpower, gigadrain, rapidspin, toxic] ttype=water
INFO     	     golemalola    galvanize      lifeorb [doubleedge, earthquake, rockpolish, stoneedge] ttype=flying
INFO     	       basculin adaptability   choiceband [aquajet, doubleedge, flipturn, wavecrash] ttype=water
INFO     	      dragapult  infiltrator  choicespecs [dracometeor, fireblast, shadowball, uturn] ttype=dragon
INFO     Sampling battle 7
INFO     	            muk  poisontouch    leftovers [drainpunch, gunkshot, haze, knockoff] ttype=dark
INFO     Sampling 4 unrevealed pokemon
INFO     	    raichualola  surgesurfer  choicespecs [alluringvoice, focusblast, psyshock, thunderbolt] ttype=fighting
INFO     	       vivillon compoundeyes heavydutyboots [bugbuzz, hurricane, quiverdance, sleeppowder] ttype=flying
INFO     	     arceusdark    multitype   dreadplate [calmmind, dazzlinggleam, judgment, recover] ttype=fairy
INFO     	        chansey  naturalcure     eviolite [seismictoss, softboiled, stealthrock, thunderwave] ttype=poison
INFO     Sampling battle 8
INFO     	            muk  poisontouch    leftovers [drainpunch, gunkshot, haze, knockoff] ttype=dark
INFO     Sampling 4 unrevealed pokemon
INFO     	      kingambit supremeoverlord    leftovers [ironhead, kowtowcleave, suckerpunch, swordsdance] ttype=flying
INFO     	      zamazenta dauntlessshield   choiceband [closecombat, crunch, ironhead, stoneedge] ttype=steel
INFO     	 lilliganthisui       hustle      lifeorb [closecombat, icespinner, leafblade, victorydance] ttype=steel
INFO     	 oricoriopompom       dancer heavydutyboots [hurricane, quiverdance, revelationdance, roost] ttype=ground
INFO     Sampling battle 9
INFO     	            muk  poisontouch    leftovers [drainpunch, knockoff, poisonjab, toxicspikes] ttype=dark
INFO     Sampling 4 unrevealed pokemon
INFO     	squawkabillywhite       hustle   choiceband [bravebird, doubleedge, foulplay, quickattack] ttype=normal
INFO     	       frosmoth    icescales heavydutyboots [gigadrain, hurricane, icebeam, quiverdance] ttype=water
INFO     	      sinistcha    heatproof    leftovers [calmmind, matchagotcha, shadowball, strengthsap] ttype=steel
INFO     	       blaziken   speedboost      lifeorb [closecombat, flareblitz, stoneedge, swordsdance] ttype=fighting
INFO     Sampling battle 10
INFO     	            muk  poisontouch    leftovers [drainpunch, gunkshot, knockoff, toxicspikes] ttype=dark
INFO     Sampling 4 unrevealed pokemon
INFO     	      dunsparce  serenegrace     eviolite [bodyslam, coil, earthquake, roost] ttype=ghost
INFO     	        gallade    sharpness  choicescarf [leafblade, nightslash, psychocut, sacredsword] ttype=dark
INFO     	        noctowl   tintedlens heavydutyboots [hurricane, hypervoice, nastyplot, roost] ttype=normal
INFO     	      rotomwash     levitate    leftovers [discharge, hydropump, voltswitch, willowisp] ttype=electric
INFO     Sampling battle 11
INFO     	            muk  poisontouch    leftovers [drainpunch, haze, knockoff, poisonjab] ttype=dark
INFO     Sampling 4 unrevealed pokemon
INFO     	     ironthorns   quarkdrive boosterenergy [dragondance, icepunch, stoneedge, wildcharge] ttype=grass
INFO     	      registeel    clearbody  chestoberry [bodypress, irondefense, ironhead, rest] ttype=fighting
INFO     	       hawlucha     unburden    whiteherb [acrobatics, closecombat, encore, swordsdance] ttype=fighting
INFO     	        manaphy    hydration    leftovers [energyball, icebeam, surf, tailglow] ttype=water
INFO     Sampling battle 12
INFO     	            muk  poisontouch    leftovers [drainpunch, gunkshot, knockoff, toxicspikes] ttype=dark
INFO     Sampling 4 unrevealed pokemon
INFO     	      dragapult   cursedbody heavydutyboots [dragondarts, hex, uturn, willowisp] ttype=fairy
INFO     	      sudowoodo     rockhead   choiceband [earthquake, headsmash, suckerpunch, woodhammer] ttype=rock
INFO     	         kyurem     pressure   loadeddice [dragondance, iciclespear, scaleshot, terablast] ttype=ground
INFO     	      hatterene  magicbounce    leftovers [calmmind, drainingkiss, mysticalfire, psychic] ttype=fairy
INFO     Sampling battle 13
INFO     	            muk  poisontouch    leftovers [drainpunch, haze, knockoff, poisonjab] ttype=dark
INFO     Sampling 4 unrevealed pokemon
INFO     	       grafaiai  poisontouch      lifeorb [gunkshot, knockoff, lowkick, swordsdance] ttype=dark
INFO     	        drednaw    strongjaw    whiteherb [crunch, liquidation, shellsmash, stoneedge] ttype=dark
INFO     	 keldeoresolute    justified    leftovers [calmmind, hydropump, secretsword, substitute] ttype=steel
INFO     	    roaringmoon protosynthesis   choiceband [ironhead, knockoff, outrage, uturn] ttype=steel
INFO     Sampling battle 14
INFO     	            muk  poisontouch    leftovers [drainpunch, haze, knockoff, poisonjab] ttype=dark
INFO     Sampling 4 unrevealed pokemon
INFO     	       mienshao  regenerator      lifeorb [closecombat, knockoff, swordsdance, tripleaxel] ttype=dark
INFO     	      vileplume  effectspore    leftovers [gigadrain, sleeppowder, sludgebomb, strengthsap] ttype=water
INFO     	       articuno     pressure heavydutyboots [bravebird, freezedry, roost, uturn] ttype=ground
INFO     	        jirachi  serenegrace    leftovers [bodyslam, drainpunch, ironhead, stealthrock] ttype=water
INFO     Sampling battle 15
INFO     	            muk  poisontouch    leftovers [drainpunch, haze, knockoff, poisonjab] ttype=dark
INFO     Sampling 4 unrevealed pokemon
INFO     	      registeel    clearbody    leftovers [bodypress, irondefense, ironhead, thunderwave] ttype=fighting
INFO     	       pelipper      drizzle  choicespecs [hurricane, hydropump, uturn, weatherball] ttype=flying
INFO     	        falinks      defiant      lifeorb [closecombat, ironhead, knockoff, noretreat] ttype=dark
INFO     	       houndoom    flashfire heavydutyboots [darkpulse, fireblast, nastyplot, sludgebomb] ttype=dark
INFO     Searching for a move using MCTS...
INFO     Sampling 16 battles at 500ms each
INFO     Iterations 1: 87000
INFO     Iterations 4: 84000
INFO     Iterations 0: 87000
INFO     Iterations 2: 88000
INFO     Iterations 6: 85000
INFO     Iterations 3: 84000
INFO     Iterations 5: 77000
INFO     Iterations 7: 91000
INFO     Iterations 8: 67000
INFO     Iterations 9: 66000
INFO     Iterations 13: 67000
INFO     Iterations 11: 67000
INFO     Iterations 14: 68000
INFO     Iterations 12: 76000
INFO     Iterations 15: 72000
INFO     Iterations 10: 72000
INFO     Policy 0: hurricane visited 20.93% avg_score=0.443 sample_chance_multiplier=0.062
INFO     Policy 1: boomburst visited 31.58% avg_score=0.515 sample_chance_multiplier=0.062
INFO     Policy 2: boomburst visited 21.66% avg_score=0.48 sample_chance_multiplier=0.062
INFO     Policy 3: boomburst visited 41.94% avg_score=0.515 sample_chance_multiplier=0.062
INFO     Policy 4: boomburst visited 25.38% avg_score=0.504 sample_chance_multiplier=0.062
INFO     Policy 5: boomburst visited 41.75% avg_score=0.586 sample_chance_multiplier=0.062
INFO     Policy 6: dracometeor visited 49.2% avg_score=0.523 sample_chance_multiplier=0.062
INFO     Policy 7: boomburst visited 41.99% avg_score=0.516 sample_chance_multiplier=0.062
INFO     Policy 8: boomburst visited 34.04% avg_score=0.517 sample_chance_multiplier=0.062
INFO     Policy 9: hurricane visited 47.23% avg_score=0.535 sample_chance_multiplier=0.062
INFO     Policy 10: boomburst visited 27.43% avg_score=0.473 sample_chance_multiplier=0.062
INFO     Policy 11: boomburst visited 26.45% avg_score=0.485 sample_chance_multiplier=0.062
INFO     Policy 12: hurricane visited 24.73% avg_score=0.451 sample_chance_multiplier=0.062
INFO     Policy 13: dracometeor visited 26.39% avg_score=0.439 sample_chance_multiplier=0.062
INFO     Policy 14: boomburst visited 29.53% avg_score=0.52 sample_chance_multiplier=0.062
INFO     Policy 15: boomburst visited 25.91% avg_score=0.484 sample_chance_multiplier=0.062
INFO     Considered Choices:
INFO     	27.617%: boomburst
INFO     Choice: boomburst
INFO     Opponent has switched - clearing the last used move
INFO     meganium switched in, adding intimidate to impossible abilities
INFO     meganium switched in, adding pressure to impossible abilities
INFO     meganium switched in, adding neutralizinggas to impossible abilities
INFO     meganium switched in, adding sandstream to impossible abilities
INFO     meganium switched in, adding drought to impossible abilities
INFO     meganium switched in, adding drizzle to impossible abilities
INFO     meganium switched in, adding snowwarning to impossible abilities
INFO     meganium switched in, adding boosterenergy to impossible items
INFO     meganium switched in, adding airballoon to impossible items
INFO     noivern already has the move boomburst. Decrementing the PP by 1
INFO     noivern used a normal move, removing normalgem from possible items
INFO     Setting noivern's last used move: boomburst
INFO     noivern used a damaging move - not guessing lifeorb anymore
INFO     noivern did 28.999999999999996% damage to meganium with boomburst
INFO     Setting meganium's item to: leftovers
INFO     meganium has less than maxhp during upkeep, no longer guessing leftovers or blacksludge
INFO     
INFO     Turn: 7
INFO     Sampling battle 0
INFO     	       meganium     overgrow    leftovers [earthquake, knockoff, petalblizzard, swordsdance] ttype=ground
INFO     	            muk  poisontouch    leftovers [drainpunch, gunkshot, haze, knockoff] ttype=dark
INFO     Sampling 3 unrevealed pokemon
INFO     	    sandyshocks protosynthesis    leftovers [earthpower, stealthrock, thunderbolt, thunderwave] ttype=grass
INFO     	       ribombee   shielddust heavydutyboots [bugbuzz, moonblast, quiverdance, terablast] ttype=ground
INFO     	      piloswine     thickfat     eviolite [earthquake, iceshard, iciclecrash, roar] ttype=poison
INFO     Sampling battle 1
INFO     	       meganium     overgrow    leftovers [earthquake, knockoff, petalblizzard, swordsdance] ttype=steel
INFO     	            muk  poisontouch    leftovers [drainpunch, haze, knockoff, poisonjab] ttype=dark
INFO     Sampling 3 unrevealed pokemon
INFO     	     scovillain  chlorophyll heavydutyboots [energyball, fireblast, stompingtantrum, sunnyday] ttype=fire
INFO     	landorustherian   intimidate    leftovers [earthquake, stealthrock, stoneedge, taunt] ttype=water
INFO     	       smeargle     owntempo    focussash [ceaselessedge, spore, stickyweb, whirlwind] ttype=ghost
INFO     Sampling battle 2
INFO     	       meganium     overgrow    leftovers [dragontail, energyball, knockoff, synthesis] ttype=steel
INFO     	            muk  poisontouch    leftovers [drainpunch, gunkshot, haze, knockoff] ttype=dark
INFO     Sampling 3 unrevealed pokemon
INFO     	    fluttermane protosynthesis  choicespecs [moonblast, psyshock, shadowball, thunderbolt] ttype=fairy
INFO     	       miraidon hadronengine      lifeorb [calmmind, dracometeor, dragonpulse, electrodrift] ttype=electric
INFO     	         regice    clearbody heavydutyboots [bodypress, icebeam, thunderbolt, thunderwave] ttype=electric
INFO     Sampling battle 3
INFO     	       meganium     overgrow    leftovers [energyball, knockoff, leechseed, synthesis] ttype=steel
INFO     	            muk  poisontouch    leftovers [drainpunch, knockoff, poisonjab, toxicspikes] ttype=dark
INFO     Sampling 3 unrevealed pokemon
INFO     	        groudon      drought    leftovers [heatcrash, precipiceblades, swordsdance, thunderwave] ttype=fire
INFO     	   zoroarkhisui     illusion  choicespecs [bittermalice, flamethrower, hypervoice, uturn] ttype=normal
INFO     	    ironboulder   quarkdrive      lifeorb [closecombat, mightycleave, swordsdance, zenheadbutt] ttype=fighting
INFO     Sampling battle 4
INFO     	       meganium     overgrow    leftovers [dragontail, energyball, knockoff, synthesis] ttype=poison
INFO     	            muk  poisontouch    leftovers [drainpunch, gunkshot, haze, knockoff] ttype=dark
INFO     Sampling 3 unrevealed pokemon
INFO     	       pelipper      drizzle heavydutyboots [hurricane, knockoff, roost, surf] ttype=ground
INFO     	     incineroar   intimidate heavydutyboots [flareblitz, knockoff, swordsdance, trailblaze] ttype=grass
INFO     	       basculin adaptability   choiceband [aquajet, doubleedge, flipturn, wavecrash] ttype=water
INFO     Sampling battle 5
INFO     	       meganium     overgrow    leftovers [earthquake, knockoff, petalblizzard, swordsdance] ttype=water
INFO     	            muk  poisontouch    leftovers [drainpunch, knockoff, poisonjab, toxicspikes] ttype=dark
INFO     Sampling 3 unrevealed pokemon
INFO     	    corviknight     pressure    leftovers [bodypress, bravebird, defog, roost] ttype=dragon
INFO     	      reuniclus   magicguard      lifeorb [calmmind, focusblast, psyshock, recover] ttype=fighting
INFO     	      ceruledge    weakarmor heavydutyboots [bitterblade, closecombat, poltergeist, swordsdance] ttype=ghost
INFO     Sampling battle 6
INFO     	       meganium     overgrow    leftovers [earthquake, knockoff, petalblizzard, swordsdance] ttype=ground
INFO     	            muk  poisontouch    leftovers [drainpunch, gunkshot, haze, knockoff] ttype=dark
INFO     Sampling 3 unrevealed pokemon
INFO     	        torkoal      drought heavydutyboots [lavaplume, rapidspin, solarbeam, yawn] ttype=dragon
INFO     	        toxapex  regenerator    leftovers [haze, liquidation, recover, toxicspikes] ttype=grass
INFO     	      mightyena   intimidate   choiceband [playrough, poisonfang, suckerpunch, throatchop] ttype=fairy
INFO     Sampling battle 7
INFO     	       meganium     overgrow    leftovers [earthquake, knockoff, petalblizzard, swordsdance] ttype=water
INFO     	            muk  poisontouch    leftovers [drainpunch, haze, knockoff, poisonjab] ttype=dark
INFO     Sampling 3 unrevealed pokemon
INFO     	      magnezone     analytic    leftovers [bodypress, flashcannon, irondefense, thunderbolt] ttype=fighting
INFO     	        delphox        blaze  choicescarf [fireblast, focusblast, grassknot, psyshock] ttype=grass
INFO     	necrozmadawnwings   prismarmor      lifeorb [brickbreak, dragondance, moongeistbeam, photongeyser] ttype=fighting
INFO     Sampling battle 8
INFO     	       meganium     overgrow    leftovers [encore, energyball, knockoff, synthesis] ttype=water
INFO     	            muk  poisontouch    leftovers [drainpunch, gunkshot, haze, knockoff] ttype=dark
INFO     Sampling 3 unrevealed pokemon
INFO     	   deoxysattack     pressure      lifeorb [extremespeed, knockoff, psychoboost, superpower] ttype=dark
INFO     	       oricorio       dancer heavydutyboots [hurricane, quiverdance, revelationdance, roost] ttype=ground
INFO     	      infernape        blaze   choiceband [closecombat, flareblitz, stoneedge, uturn] ttype=fighting
INFO     Sampling battle 9
INFO     	       meganium     overgrow    leftovers [encore, energyball, knockoff, synthesis] ttype=water
INFO     	            muk  poisontouch    leftovers [drainpunch, gunkshot, haze, knockoff] ttype=dark
INFO     Sampling 3 unrevealed pokemon
INFO     	        moltres    flamebody heavydutyboots [bravebird, fireblast, roost, scorchingsands] ttype=steel
INFO     	        slaking       truant  choicescarf [doubleedge, earthquake, gigaimpact, knockoff] ttype=normal
INFO     	        drednaw   shellarmor    whiteherb [earthquake, liquidation, shellsmash, stoneedge] ttype=water
INFO     Sampling battle 10
INFO     	       meganium     overgrow    leftovers [energyball, knockoff, leechseed, synthesis] ttype=poison
INFO     	            muk  poisontouch    leftovers [drainpunch, gunkshot, haze, knockoff] ttype=dark
INFO     Sampling 3 unrevealed pokemon
INFO     	   lycanrocdusk   toughclaws      lifeorb [accelerock, closecombat, stoneedge, swordsdance] ttype=fighting
INFO     	      terapagos    terashift heavydutyboots [calmmind, earthpower, rapidspin, terastarstorm] ttype=stellar
INFO     	     houndstone       fluffy   choiceband [bodypress, poltergeist, shadowsneak, trick] ttype=fighting
INFO     Sampling battle 11
INFO     	       meganium     overgrow    leftovers [energyball, knockoff, leechseed, synthesis] ttype=water
INFO     	            muk  poisontouch    leftovers [drainpunch, haze, knockoff, poisonjab] ttype=dark
INFO     Sampling 3 unrevealed pokemon
INFO     	taurospaldeacombat   intimidate      lifeorb [bulkup, closecombat, ironhead, stoneedge] ttype=fighting
INFO     	         comfey       triage    leftovers [calmmind, drainingkiss, gigadrain, storedpower] ttype=poison
INFO     	     toedscruel myceliummight    leftovers [earthpower, knockoff, leafstorm, toxic] ttype=water
INFO     Sampling battle 12
INFO     	       meganium     overgrow    leftovers [earthquake, knockoff, petalblizzard, swordsdance] ttype=ground
INFO     	            muk  poisontouch    leftovers [drainpunch, haze, knockoff, poisonjab] ttype=dark
INFO     Sampling 3 unrevealed pokemon
INFO     	        cetitan   sheerforce      lifeorb [iceshard, iciclecrash, liquidation, superpower] ttype=water
INFO     	       hariyama         guts     flameorb [closecombat, facade, fakeout, knockoff] ttype=normal
INFO     	         gengar   cursedbody  choicespecs [focusblast, shadowball, sludgewave, trick] ttype=ghost
INFO     Sampling battle 13
INFO     	       meganium     overgrow    leftovers [earthquake, knockoff, petalblizzard, swordsdance] ttype=water
INFO     	            muk  poisontouch    leftovers [drainpunch, haze, knockoff, poisonjab] ttype=dark
INFO     Sampling 3 unrevealed pokemon
INFO     	      thundurus      defiant heavydutyboots [focusblast, nastyplot, terablast, thunderbolt] ttype=flying
INFO     	        diancie    clearbody  assaultvest [bodypress, diamondstorm, earthpower, moonblast] ttype=fighting
INFO     	        snorlax     thickfat  chestoberry [bodyslam, curse, earthquake, rest] ttype=ground
INFO     Sampling battle 14
INFO     	       meganium     overgrow    leftovers [energyball, knockoff, leechseed, synthesis] ttype=steel
INFO     	            muk  poisontouch    leftovers [drainpunch, haze, knockoff, poisonjab] ttype=dark
INFO     Sampling 3 unrevealed pokemon
INFO     	     gothitelle    shadowtag    leftovers [calmmind, darkpulse, psychicnoise, thunderbolt] ttype=ground
INFO     	      rotomwash     levitate    leftovers [discharge, hydropump, voltswitch, willowisp] ttype=electric
INFO     	         pawmot   voltabsorb      lifeorb [closecombat, doubleshock, knockoff, revivalblessing] ttype=electric
INFO     Sampling battle 15
INFO     	       meganium     overgrow    leftovers [earthquake, knockoff, petalblizzard, swordsdance] ttype=steel
INFO     	            muk  poisontouch    leftovers [drainpunch, gunkshot, knockoff, toxicspikes] ttype=dark
INFO     Sampling 3 unrevealed pokemon
INFO     	     irontreads   quarkdrive  assaultvest [earthquake, ironhead, rapidspin, voltswitch] ttype=dragon
INFO     	    brutebonnet protosynthesis    leftovers [closecombat, crunch, spore, suckerpunch] ttype=fighting
INFO     	      hitmonlee     unburden    whiteherb [closecombat, knockoff, poisonjab, swordsdance] ttype=poison
INFO     Sampling battle 16
INFO     	       meganium     overgrow    leftovers [earthquake, knockoff, petalblizzard, swordsdance] ttype=water
INFO     	            muk  poisontouch    leftovers [drainpunch, haze, knockoff, poisonjab] ttype=dark
INFO     Sampling 3 unrevealed pokemon
INFO     	     skeledirge      unaware heavydutyboots [hex, slackoff, torchsong, willowisp] ttype=water
INFO     	         swanna    hydration heavydutyboots [bravebird, defog, hydropump, roost] ttype=ground
INFO     	       tsareena queenlymajesty heavydutyboots [powerwhip, synthesis, tripleaxel, uturn] ttype=steel
INFO     Sampling battle 17
INFO     	       meganium     overgrow    leftovers [encore, energyball, knockoff, synthesis] ttype=steel
INFO     	            muk  poisontouch    leftovers [drainpunch, knockoff, poisonjab, toxicspikes] ttype=dark
INFO     Sampling 3 unrevealed pokemon
INFO     	        volbeat    prankster heavydutyboots [encore, lunge, roost, thunderwave] ttype=water
INFO     	        ogerpon      defiant      lifeorb [ivycudgel, knockoff, superpower, swordsdance] ttype=grass
INFO     	    roaringmoon protosynthesis boosterenergy [dragondance, ironhead, knockoff, outrage] ttype=steel
INFO     Sampling battle 18
INFO     	       meganium     overgrow    leftovers [encore, energyball, knockoff, synthesis] ttype=steel
INFO     	            muk  poisontouch    leftovers [drainpunch, gunkshot, knockoff, toxicspikes] ttype=dark
INFO     Sampling 3 unrevealed pokemon
INFO     	squawkabillywhite       hustle heavydutyboots [bravebird, doubleedge, partingshot, quickattack] ttype=normal
INFO     	         rabsca  synchronize heavydutyboots [bugbuzz, earthpower, psychic, revivalblessing] ttype=steel
INFO     	        manaphy    hydration    leftovers [energyball, icebeam, surf, tailglow] ttype=water
INFO     Sampling battle 19
INFO     	       meganium     overgrow    leftovers [dragontail, energyball, knockoff, synthesis] ttype=water
INFO     	            muk  poisontouch    leftovers [drainpunch, haze, knockoff, poisonjab] ttype=dark
INFO     Sampling 3 unrevealed pokemon
INFO     	        gurdurr         guts     eviolite [defog, drainpunch, knockoff, machpunch] ttype=steel
INFO     	       zangoose   toxicboost     toxicorb [closecombat, facade, knockoff, swordsdance] ttype=normal
INFO     	         pyroar      unnerve heavydutyboots [darkpulse, fireblast, hypervoice, workup] ttype=fire
INFO     Sampling battle 20
INFO     	       meganium     overgrow    leftovers [encore, energyball, knockoff, synthesis] ttype=poison
INFO     	            muk  poisontouch    leftovers [drainpunch, knockoff, poisonjab, toxicspikes] ttype=dark
INFO     Sampling 3 unrevealed pokemon
INFO     	     arceusrock    multitype   stoneplate [calmmind, fireblast, judgment, recover] ttype=dragon
INFO     	      poliwrath  waterabsorb    leftovers [bulkup, drainpunch, icepunch, liquidation] ttype=fighting
INFO     	       garchomp    roughskin  rockyhelmet [dragontail, earthquake, outrage, stealthrock] ttype=ground
INFO     Sampling battle 21
INFO     	       meganium     overgrow    leftovers [earthquake, knockoff, petalblizzard, swordsdance] ttype=steel
INFO     	            muk  poisontouch    leftovers [drainpunch, gunkshot, knockoff, toxicspikes] ttype=dark
INFO     Sampling 3 unrevealed pokemon
INFO     	   arceuspoison    multitype   toxicplate [earthquake, extremespeed, gunkshot, swordsdance] ttype=ground
INFO     	      garganacl purifyingsalt    leftovers [bodypress, irondefense, recover, saltcure] ttype=ghost
INFO     	        shiftry    windrider heavydutyboots [defog, knockoff, leafstorm, suckerpunch] ttype=poison
INFO     Sampling battle 22
INFO     	       meganium     overgrow    leftovers [earthquake, knockoff, petalblizzard, swordsdance] ttype=water
INFO     	            muk  poisontouch    leftovers [drainpunch, knockoff, poisonjab, toxicspikes] ttype=dark
INFO     Sampling 3 unrevealed pokemon
INFO     	      trevenant      harvest  sitrusberry [drainpunch, poltergeist, protect, toxic] ttype=steel
INFO     	      dragonite   multiscale heavydutyboots [dragondance, earthquake, outrage, roost] ttype=steel
INFO     	        umbreon  synchronize    leftovers [foulplay, protect, toxic, wish] ttype=poison
INFO     Sampling battle 23
INFO     	       meganium     overgrow    leftovers [earthquake, knockoff, petalblizzard, swordsdance] ttype=water
INFO     	            muk  poisontouch    leftovers [drainpunch, knockoff, poisonjab, toxicspikes] ttype=dark
INFO     Sampling 3 unrevealed pokemon
INFO     	        banette   cursedbody      lifeorb [gunkshot, poltergeist, shadowsneak, swordsdance] ttype=ghost
INFO     	      vileplume  effectspore    leftovers [gigadrain, sleeppowder, sludgebomb, strengthsap] ttype=water
INFO     	       chienpao  swordofruin heavydutyboots [iciclecrash, suckerpunch, swordsdance, throatchop] ttype=ice
INFO     Sampling battle 24
INFO     	       meganium     overgrow    leftovers [earthquake, knockoff, petalblizzard, swordsdance] ttype=steel
INFO     	            muk  poisontouch    leftovers [drainpunch, haze, knockoff, poisonjab] ttype=dark
INFO     Sampling 3 unrevealed pokemon
INFO     	       ampharos       static  choicespecs [dazzlinggleam, focusblast, thunderbolt, voltswitch] ttype=electric
INFO     	      charizard        blaze heavydutyboots [dragondance, earthquake, flareblitz, outrage] ttype=ground
INFO     	     tentacruel   liquidooze  assaultvest [flipturn, rapidspin, sludgebomb, surf] ttype=flying
INFO     Sampling battle 25
INFO     	       meganium     overgrow    leftovers [earthquake, knockoff, petalblizzard, swordsdance] ttype=water
INFO     	            muk  poisontouch    leftovers [drainpunch, gunkshot, haze, knockoff] ttype=dark
INFO     Sampling 3 unrevealed pokemon
INFO     	          lokix   tintedlens      lifeorb [firstimpression, knockoff, leechlife, suckerpunch] ttype=bug
INFO     	        falinks      defiant      lifeorb [closecombat, ironhead, knockoff, noretreat] ttype=steel
INFO     	       glimmora  toxicdebris    focussash [earthpower, powergem, sludgewave, spikes] ttype=ground
INFO     Sampling battle 26
INFO     	       meganium     overgrow    leftovers [earthquake, knockoff, petalblizzard, swordsdance] ttype=water
INFO     	            muk  poisontouch    leftovers [drainpunch, knockoff, poisonjab, toxicspikes] ttype=dark
INFO     Sampling 3 unrevealed pokemon
INFO     	         emboar     reckless  assaultvest [closecombat, flareblitz, knockoff, suckerpunch] ttype=dark
INFO     	enamorustherian     overcoat weaknesspolicy [agility, earthpower, moonblast, mysticalfire] ttype=ground
INFO     	       zangoose   toxicboost     toxicorb [closecombat, facade, knockoff, quickattack] ttype=normal
INFO     Sampling battle 27
INFO     	       meganium     overgrow    leftovers [encore, energyball, knockoff, synthesis] ttype=water
INFO     	            muk  poisontouch    leftovers [drainpunch, knockoff, poisonjab, toxicspikes] ttype=dark
INFO     Sampling 3 unrevealed pokemon
INFO     	       vigoroth  vitalspirit     eviolite [bodyslam, bulkup, earthquake, slackoff] ttype=ground
INFO     	       miraidon hadronengine  choicespecs [dracometeor, electrodrift, overheat, voltswitch] ttype=electric
INFO     	        snorlax     thickfat    leftovers [bodyslam, curse, rest, sleeptalk] ttype=fairy
INFO     Sampling battle 28
INFO     	       meganium     overgrow    leftovers [encore, energyball, knockoff, synthesis] ttype=water
INFO     	            muk  poisontouch    leftovers [drainpunch, haze, knockoff, poisonjab] ttype=dark
INFO     Sampling 3 unrevealed pokemon
INFO     	         zekrom     teravolt    leftovers [boltstrike, dragondance, outrage, substitute] ttype=fairy
INFO     	        slaking       truant   choiceband [doubleedge, earthquake, gigaimpact, knockoff] ttype=ghost
INFO     	     golemalola    galvanize      lifeorb [doubleedge, earthquake, rockpolish, stoneedge] ttype=grass
INFO     Sampling battle 29
INFO     	       meganium     overgrow    leftovers [energyball, knockoff, leechseed, synthesis] ttype=poison
INFO     	            muk  poisontouch    leftovers [drainpunch, gunkshot, knockoff, toxicspikes] ttype=dark
INFO     Sampling 3 unrevealed pokemon
INFO     	     ragingbolt protosynthesis boosterenergy [calmmind, dragonpulse, thunderbolt, thunderclap] ttype=electric
INFO     	   palkiaorigin     pressure lustrousglobe [dracometeor, fireblast, hydropump, thunderwave] ttype=fire
INFO     	         lapras  waterabsorb  choicespecs [freezedry, hydropump, icebeam, sparklingaria] ttype=ice
INFO     Sampling battle 30
INFO     	       meganium     overgrow    leftovers [dragontail, energyball, knockoff, synthesis] ttype=poison
INFO     	            muk  poisontouch    leftovers [drainpunch, knockoff, poisonjab, toxicspikes] ttype=dark
INFO     Sampling 3 unrevealed pokemon
INFO     	      ironcrown   quarkdrive    leftovers [calmmind, focusblast, psyshock, tachyoncutter] ttype=fighting
INFO     	     copperajah   sheerforce      lifeorb [earthquake, ironhead, playrough, rockslide] ttype=fairy
INFO     	     houndstone       fluffy   choiceband [bodypress, poltergeist, shadowsneak, trick] ttype=fighting
INFO     Sampling battle 31
INFO     	       meganium     overgrow    leftovers [dragontail, energyball, knockoff, synthesis] ttype=water
INFO     	            muk  poisontouch    leftovers [drainpunch, gunkshot, knockoff, toxicspikes] ttype=dark
INFO     Sampling 3 unrevealed pokemon
INFO     	          lugia   multiscale heavydutyboots [aeroblast, calmmind, earthpower, recover] ttype=ground
INFO     	      meowsticf  competitive      lifeorb [alluringvoice, nastyplot, psyshock, thunderbolt] ttype=fairy
INFO     	 arceusfighting    multitype    fistplate [bodypress, irondefense, recover, shadowball] ttype=steel
INFO     Searching for a move using MCTS...
INFO     Sampling 32 battles at 250ms each
INFO     Iterations 0: 43000
INFO     Iterations 7: 37000
INFO     Iterations 3: 37000
INFO     Iterations 2: 29000
INFO     Iterations 1: 43000
INFO     Iterations 6: 38000
INFO     Iterations 5: 41000
INFO     Iterations 4: 31000
INFO     Iterations 8: 35000
INFO     Iterations 9: 37000
INFO     Iterations 11: 36000
INFO     Iterations 10: 34000
INFO     Iterations 15: 38000
INFO     Iterations 14: 36000
INFO     Iterations 13: 37000
INFO     Iterations 12: 41000
INFO     Iterations 17: 36000
INFO     Iterations 18: 34000
INFO     Iterations 19: 27000
INFO     Iterations 16: 39000
INFO     Iterations 20: 33000
INFO     Iterations 21: 39000
INFO     Iterations 23: 39000
INFO     Iterations 22: 39000
INFO     Iterations 24: 35000
INFO     Iterations 26: 39000
INFO     Iterations 25: 37000
INFO     Iterations 28: 33000
INFO     Iterations 29: 32000
INFO     Iterations 27: 37000
INFO     Iterations 31: 28000
INFO     Iterations 30: 27000
INFO     Policy 0: hurricane visited 62.08% avg_score=0.543 sample_chance_multiplier=0.031
INFO     Policy 1: flamethrower visited 44.17% avg_score=0.541 sample_chance_multiplier=0.031
INFO     Policy 2: hurricane visited 33.7% avg_score=0.507 sample_chance_multiplier=0.031
INFO     Policy 3: hurricane visited 54.67% avg_score=0.505 sample_chance_multiplier=0.031
INFO     Policy 4: hurricane visited 49.64% avg_score=0.513 sample_chance_multiplier=0.031
INFO     Policy 5: hurricane visited 56.77% avg_score=0.517 sample_chance_multiplier=0.031
INFO     Policy 6: hurricane visited 59.08% avg_score=0.531 sample_chance_multiplier=0.031
INFO     Policy 7: hurricane visited 38.49% avg_score=0.502 sample_chance_multiplier=0.031
INFO     Policy 8: hurricane visited 50.05% avg_score=0.543 sample_chance_multiplier=0.031
INFO     Policy 9: hurricane visited 26.19% avg_score=0.454 sample_chance_multiplier=0.031
INFO     Policy 10: hurricane visited 56.21% avg_score=0.508 sample_chance_multiplier=0.031
INFO     Policy 11: hurricane visited 56.95% avg_score=0.505 sample_chance_multiplier=0.031
INFO     Policy 12: hurricane visited 73.63% avg_score=0.523 sample_chance_multiplier=0.031
INFO     Policy 13: hurricane visited 34.73% avg_score=0.474 sample_chance_multiplier=0.031
INFO     Policy 14: hurricane visited 43.17% avg_score=0.488 sample_chance_multiplier=0.031
INFO     Policy 15: flamethrower visited 39.03% avg_score=0.542 sample_chance_multiplier=0.031
INFO     Policy 16: hurricane visited 70.17% avg_score=0.549 sample_chance_multiplier=0.031
INFO     Policy 17: hurricane visited 35.46% avg_score=0.551 sample_chance_multiplier=0.031
INFO     Policy 18: hurricane visited 40.64% avg_score=0.522 sample_chance_multiplier=0.031
INFO     Policy 19: hurricane visited 45.68% avg_score=0.53 sample_chance_multiplier=0.031
INFO     Policy 20: hurricane visited 34.62% avg_score=0.504 sample_chance_multiplier=0.031
INFO     Policy 21: hurricane visited 32.73% avg_score=0.499 sample_chance_multiplier=0.031
INFO     Policy 22: hurricane visited 52.33% avg_score=0.516 sample_chance_multiplier=0.031
INFO     Policy 23: hurricane visited 69.08% avg_score=0.557 sample_chance_multiplier=0.031
INFO     Policy 24: hurricane visited 36.78% avg_score=0.494 sample_chance_multiplier=0.031
INFO     Policy 25: hurricane visited 67.51% avg_score=0.559 sample_chance_multiplier=0.031
INFO     Policy 26: hurricane visited 65.07% avg_score=0.54 sample_chance_multiplier=0.031
INFO     Policy 27: hurricane visited 38.02% avg_score=0.516 sample_chance_multiplier=0.031
INFO     Policy 28: hurricane visited 36.58% avg_score=0.493 sample_chance_multiplier=0.031
INFO     Policy 29: hurricane visited 50.9% avg_score=0.502 sample_chance_multiplier=0.031
INFO     Policy 30: hurricane visited 33.34% avg_score=0.507 sample_chance_multiplier=0.031
INFO     Policy 31: hurricane visited 35.01% avg_score=0.507 sample_chance_multiplier=0.031
INFO     Considered Choices:
INFO     	47.177%: hurricane
INFO     Choice: hurricane
INFO     meganium terastallized. Tera type: steel, Original types: ['grass']
INFO     noivern already has the move hurricane. Decrementing the PP by 1
INFO     noivern used a flying move, removing flyinggem from possible items
INFO     Setting noivern's last used move: hurricane
INFO     noivern used a damaging move - not guessing lifeorb anymore
INFO     noivern did 14.000000000000002% damage to meganium with hurricane
INFO     Starting the volatile status confusion on meganium
INFO     meganium got confused, no longer guessing lumberry
INFO     Setting meganium's item to: leftovers
INFO     meganium has less than maxhp during upkeep, no longer guessing leftovers or blacksludge
INFO     
INFO     Turn: 8
INFO     Sampling battle 0
INFO     	       meganium     overgrow    leftovers [dragontail, energyball, knockoff, synthesis] ttype=steel
INFO     	            muk  poisontouch    leftovers [drainpunch, haze, knockoff, poisonjab] ttype=dark
INFO     Sampling 3 unrevealed pokemon
INFO     	 electrodehisui       static      lifeorb [leafstorm, taunt, thunderbolt, voltswitch] ttype=grass
INFO     	        persian       limber   choiceband [doubleedge, knockoff, switcheroo, uturn] ttype=normal
INFO     	          entei   innerfocus   choiceband [extremespeed, flareblitz, sacredfire, stompingtantrum] ttype=normal
INFO     Sampling battle 1
INFO     	       meganium     overgrow    leftovers [earthquake, knockoff, petalblizzard, swordsdance] ttype=steel
INFO     	            muk  poisontouch    leftovers [drainpunch, gunkshot, haze, knockoff] ttype=dark
INFO     Sampling 3 unrevealed pokemon
INFO     	     tentacruel   liquidooze    leftovers [rapidspin, sludgebomb, surf, toxic] ttype=flying
INFO     	       smeargle   technician     widelens [populationbomb, powertrip, shellsmash, spore] ttype=normal
INFO     	        torkoal      drought heavydutyboots [earthquake, fireblast, solarbeam, yawn] ttype=grass
INFO     Sampling battle 2
INFO     	       meganium     overgrow    leftovers [dragontail, energyball, knockoff, synthesis] ttype=steel
INFO     	            muk  poisontouch    leftovers [drainpunch, knockoff, poisonjab, toxicspikes] ttype=dark
INFO     Sampling 3 unrevealed pokemon
INFO     	      passimian      defiant  choicescarf [closecombat, earthquake, gunkshot, knockoff] ttype=dark
INFO     	       ampharos       static      lifeorb [agility, dazzlinggleam, focusblast, thunderbolt] ttype=electric
INFO     	        noctowl   tintedlens heavydutyboots [calmmind, hurricane, hypervoice, roost] ttype=steel
INFO     Sampling battle 3
INFO     	       meganium     overgrow    leftovers [energyball, knockoff, leechseed, synthesis] ttype=steel
INFO     	            muk  poisontouch    leftovers [drainpunch, knockoff, poisonjab, toxicspikes] ttype=dark
INFO     Sampling 3 unrevealed pokemon
INFO     	       froslass   cursedbody     widelens [destinybond, poltergeist, spikes, tripleaxel] ttype=ghost
INFO     	      probopass   magnetpull    leftovers [bodypress, flashcannon, irondefense, powergem] ttype=fighting
INFO     	        spidops     stakeout heavydutyboots [circlethrow, knockoff, stickyweb, toxicspikes] ttype=ghost
INFO     Sampling battle 4
INFO     	       meganium     overgrow    leftovers [encore, energyball, knockoff, synthesis] ttype=steel
INFO     	            muk  poisontouch    leftovers [drainpunch, gunkshot, haze, knockoff] ttype=dark
INFO     Sampling 3 unrevealed pokemon
INFO     	    goodrahisui    sapsipper  assaultvest [dracometeor, heavyslam, hydropump, thunderbolt] ttype=flying
INFO     	       overqwil   intimidate   loadeddice [crunch, gunkshot, scaleshot, swordsdance] ttype=dragon
INFO     	      palossand watercompaction    leftovers [earthpower, shadowball, shoreup, sludgebomb] ttype=water
INFO     Sampling battle 5
INFO     	       meganium     overgrow    leftovers [earthquake, knockoff, petalblizzard, swordsdance] ttype=steel
INFO     	            muk  poisontouch    leftovers [drainpunch, knockoff, poisonjab, toxicspikes] ttype=dark
INFO     Sampling 3 unrevealed pokemon
INFO     	       overqwil   intimidate      lifeorb [crunch, gunkshot, liquidation, swordsdance] ttype=water
INFO     	     feraligatr   sheerforce      lifeorb [dragondance, icepunch, liquidation, trailblaze] ttype=grass
INFO     	necrozmadawnwings   prismarmor      lifeorb [brickbreak, dragondance, moongeistbeam, photongeyser] ttype=fighting
INFO     Sampling battle 6
INFO     	       meganium     overgrow    leftovers [earthquake, knockoff, petalblizzard, swordsdance] ttype=steel
INFO     	            muk  poisontouch    leftovers [drainpunch, gunkshot, knockoff, toxicspikes] ttype=dark
INFO     Sampling 3 unrevealed pokemon
INFO     	      cresselia     levitate    leftovers [calmmind, moonblast, moonlight, psyshock] ttype=fairy
INFO     	     archaludon      stamina  assaultvest [bodypress, dracometeor, flashcannon, thunderbolt] ttype=fighting
INFO     	         zekrom     teravolt    leftovers [boltstrike, dragondance, outrage, substitute] ttype=grass
INFO     Sampling battle 7
INFO     	       meganium     overgrow    leftovers [dragontail, energyball, knockoff, synthesis] ttype=steel
INFO     	            muk  poisontouch    leftovers [drainpunch, gunkshot, haze, knockoff] ttype=dark
INFO     Sampling 3 unrevealed pokemon
INFO     	      girafarig    sapsipper     eviolite [nastyplot, psychic, shadowball, thunderbolt] ttype=electric
INFO     	        mesprit     levitate      lifeorb [icebeam, nastyplot, psychic, thunderbolt] ttype=electric
INFO     	        slaking       truant   choiceband [doubleedge, earthquake, gigaimpact, knockoff] ttype=ground
INFO     Sampling battle 8
INFO     	       meganium     overgrow    leftovers [dragontail, energyball, knockoff, synthesis] ttype=steel
INFO     	            muk  poisontouch    leftovers [drainpunch, gunkshot, haze, knockoff] ttype=dark
INFO     Sampling 3 unrevealed pokemon
INFO     	     electivire   motordrive      lifeorb [bulkup, earthquake, icepunch, supercellslam] ttype=flying
INFO     	         espeon  magicbounce      lifeorb [alluringvoice, calmmind, psychic, shadowball] ttype=fairy
INFO     	        mimikyu     disguise      lifeorb [playrough, shadowclaw, shadowsneak, swordsdance] ttype=fairy
INFO     Sampling battle 9
INFO     	       meganium     overgrow    leftovers [encore, energyball, knockoff, synthesis] ttype=steel
INFO     	            muk  poisontouch    leftovers [drainpunch, haze, knockoff, poisonjab] ttype=dark
INFO     Sampling 3 unrevealed pokemon
INFO     	      dragonite   multiscale heavydutyboots [dragondance, earthquake, outrage, terablast] ttype=flying
INFO     	      rampardos   sheerforce      lifeorb [earthquake, firepunch, rockslide, zenheadbutt] ttype=rock
INFO     	        golduck    cloudnine  choicespecs [flipturn, grassknot, hydropump, icebeam] ttype=water
INFO     Sampling battle 10
INFO     	       meganium     overgrow    leftovers [earthquake, knockoff, petalblizzard, swordsdance] ttype=steel
INFO     	            muk  poisontouch    leftovers [drainpunch, haze, knockoff, poisonjab] ttype=dark
INFO     Sampling 3 unrevealed pokemon
INFO     	      dunsparce  serenegrace     eviolite [bodyslam, coil, earthquake, roost] ttype=ground
INFO     	        shaymin  naturalcure    leftovers [airslash, earthpower, seedflare, synthesis] ttype=steel
INFO     	    raichualola  surgesurfer  choicespecs [alluringvoice, psychic, surf, thunderbolt] ttype=water
INFO     Sampling battle 11
INFO     	       meganium     overgrow    leftovers [encore, energyball, knockoff, synthesis] ttype=steel
INFO     	            muk  poisontouch    leftovers [drainpunch, haze, knockoff, poisonjab] ttype=dark
INFO     Sampling 3 unrevealed pokemon
INFO     	  arcaninehisui     rockhead   choiceband [closecombat, flareblitz, headsmash, wildcharge] ttype=fire
INFO     	       skarmory       sturdy    leftovers [bravebird, roost, spikes, stealthrock] ttype=dragon
INFO     	        chansey  naturalcure     eviolite [healbell, seismictoss, softboiled, thunderwave] ttype=dark
INFO     Sampling battle 12
INFO     	       meganium     overgrow    leftovers [encore, energyball, knockoff, synthesis] ttype=steel
INFO     	            muk  poisontouch    leftovers [drainpunch, haze, knockoff, poisonjab] ttype=dark
INFO     Sampling 3 unrevealed pokemon
INFO     	       quagsire      unaware    leftovers [earthquake, icebeam, recover, toxic] ttype=poison
INFO     	    fluttermane protosynthesis      lifeorb [calmmind, moonblast, shadowball, thunderbolt] ttype=fairy
INFO     	          azelf     levitate  assaultvest [explosion, knockoff, psychic, uturn] ttype=dark
INFO     Sampling battle 13
INFO     	       meganium     overgrow    leftovers [earthquake, knockoff, petalblizzard, swordsdance] ttype=steel
INFO     	            muk  poisontouch    leftovers [drainpunch, gunkshot, haze, knockoff] ttype=dark
INFO     Sampling 3 unrevealed pokemon
INFO     	       chienpao  swordofruin heavydutyboots [iciclecrash, sacredsword, swordsdance, throatchop] ttype=fighting
INFO     	     whimsicott    prankster heavydutyboots [encore, gigadrain, moonblast, uturn] ttype=steel
INFO     	   weezinggalar     levitate    leftovers [fireblast, gunkshot, painsplit, strangesteam] ttype=steel
INFO     Sampling battle 14
INFO     	       meganium     overgrow    leftovers [dragontail, energyball, knockoff, synthesis] ttype=steel
INFO     	            muk  poisontouch    leftovers [drainpunch, knockoff, poisonjab, toxicspikes] ttype=dark
INFO     Sampling 3 unrevealed pokemon
INFO     	    slitherwing protosynthesis      lifeorb [closecombat, earthquake, firstimpression, flareblitz] ttype=bug
INFO     	     feraligatr   sheerforce      lifeorb [dragondance, icepunch, liquidation, trailblaze] ttype=grass
INFO     	     misdreavus     levitate     eviolite [calmmind, drainingkiss, shadowball, willowisp] ttype=fairy
INFO     Sampling battle 15
INFO     	       meganium     overgrow    leftovers [earthquake, knockoff, petalblizzard, swordsdance] ttype=steel
INFO     	            muk  poisontouch    leftovers [drainpunch, haze, knockoff, poisonjab] ttype=dark
INFO     Sampling 3 unrevealed pokemon
INFO     	       rotomfan     levitate heavydutyboots [airslash, nastyplot, thunderbolt, thunderwave] ttype=steel
INFO     	         plusle lightningrod      lifeorb [alluringvoice, grassknot, nastyplot, thunderbolt] ttype=electric
INFO     	     ironleaves   quarkdrive      lifeorb [closecombat, leafblade, psyblade, swordsdance] ttype=fighting
INFO     Sampling battle 16
INFO     	       meganium     overgrow    leftovers [earthquake, knockoff, petalblizzard, swordsdance] ttype=steel
INFO     	            muk  poisontouch    leftovers [drainpunch, knockoff, poisonjab, toxicspikes] ttype=dark
INFO     Sampling 3 unrevealed pokemon
INFO     	        mimikyu     disguise      lifeorb [drainpunch, playrough, shadowsneak, swordsdance] ttype=fighting
INFO     	        wugtrio        gooey   choiceband [aquajet, liquidation, stompingtantrum, throatchop] ttype=ground
INFO     	      eternatus     pressure  rockyhelmet [dynamaxcannon, flamethrower, recover, toxic] ttype=water
INFO     Sampling battle 17
INFO     	       meganium     overgrow    leftovers [encore, energyball, knockoff, synthesis] ttype=steel
INFO     	            muk  poisontouch    leftovers [drainpunch, gunkshot, haze, knockoff] ttype=dark
INFO     Sampling 3 unrevealed pokemon
INFO     	        pikachu lightningrod    lightball [playrough, surf, voltswitch, volttackle] ttype=water
INFO     	      ceruledge    weakarmor heavydutyboots [bitterblade, poltergeist, shadowsneak, swordsdance] ttype=ghost
INFO     	ogerponcornerstone       sturdy cornerstonemask [ivycudgel, powerwhip, superpower, swordsdance] ttype=rock
INFO     Sampling battle 18
INFO     	       meganium     overgrow    leftovers [encore, energyball, knockoff, synthesis] ttype=steel
INFO     	            muk  poisontouch    leftovers [drainpunch, gunkshot, haze, knockoff] ttype=dark
INFO     Sampling 3 unrevealed pokemon
INFO     	     mabosstiff     stakeout  choicescarf [crunch, playrough, psychicfangs, wildcharge] ttype=dark
INFO     	   zoroarkhisui     illusion      lifeorb [focusblast, hypervoice, poltergeist, willowisp] ttype=fighting
INFO     	  deoxysdefense     pressure    leftovers [cosmicpower, nightshade, recover, storedpower] ttype=steel
INFO     Sampling battle 19
INFO     	       meganium     overgrow    leftovers [earthquake, knockoff, petalblizzard, swordsdance] ttype=steel
INFO     	            muk  poisontouch    leftovers [drainpunch, gunkshot, haze, knockoff] ttype=dark
INFO     Sampling 3 unrevealed pokemon
INFO     	  calyrexshadow asonespectrier  choicespecs [astralbarrage, pollenpuff, psyshock, trick] ttype=dark
INFO     	     ironleaves   quarkdrive   choiceband [closecombat, leafblade, megahorn, psyblade] ttype=fighting
INFO     	         zacian intrepidsword   choiceband [closecombat, crunch, playrough, wildcharge] ttype=fighting
INFO     Sampling battle 20
INFO     	       meganium     overgrow    leftovers [earthquake, knockoff, petalblizzard, swordsdance] ttype=steel
INFO     	            muk  poisontouch    leftovers [drainpunch, knockoff, poisonjab, toxicspikes] ttype=dark
INFO     Sampling 3 unrevealed pokemon
INFO     	      bellossom  chlorophyll    leftovers [gigadrain, quiverdance, sludgebomb, strengthsap] ttype=poison
INFO     	     archaludon      stamina     lumberry [earthquake, ironhead, outrage, swordsdance] ttype=ground
INFO     	        snorlax     thickfat    leftovers [bodyslam, curse, rest, sleeptalk] ttype=poison
INFO     Sampling battle 21
INFO     	       meganium     overgrow    leftovers [dragontail, energyball, knockoff, synthesis] ttype=steel
INFO     	            muk  poisontouch    leftovers [drainpunch, haze, knockoff, poisonjab] ttype=dark
INFO     Sampling 3 unrevealed pokemon
INFO     	         furret        frisk      lifeorb [brickbreak, doubleedge, knockoff, tidyup] ttype=normal
INFO     	         kommoo   soundproof   loadeddice [closecombat, ironhead, scaleshot, swordsdance] ttype=steel
INFO     	        chansey  naturalcure     eviolite [seismictoss, softboiled, stealthrock, thunderwave] ttype=poison
INFO     Sampling battle 22
INFO     	       meganium     overgrow    leftovers [earthquake, knockoff, petalblizzard, swordsdance] ttype=steel
INFO     	            muk  poisontouch    leftovers [drainpunch, knockoff, poisonjab, toxicspikes] ttype=dark
INFO     Sampling 3 unrevealed pokemon
INFO     	       vigoroth  vitalspirit     eviolite [bodyslam, bulkup, knockoff, slackoff] ttype=ghost
INFO     	        kleavor    sharpness heavydutyboots [closecombat, stoneaxe, swordsdance, xscissor] ttype=rock
INFO     	       chienpao  swordofruin heavydutyboots [iceshard, iciclecrash, swordsdance, throatchop] ttype=ice
INFO     Sampling battle 23
INFO     	       meganium     overgrow    leftovers [energyball, knockoff, leechseed, synthesis] ttype=steel
INFO     	            muk  poisontouch    leftovers [drainpunch, knockoff, poisonjab, toxicspikes] ttype=dark
INFO     Sampling 3 unrevealed pokemon
INFO     	      zebstrika    sapsipper      lifeorb [highhorsepower, overheat, supercellslam, voltswitch] ttype=ground
INFO     	        golduck    cloudnine    leftovers [grassknot, hydropump, icebeam, nastyplot] ttype=water
INFO     	urshifurapidstrike   unseenfist      lifeorb [aquajet, closecombat, surgingstrikes, swordsdance] ttype=water
INFO     Sampling battle 24
INFO     	       meganium     overgrow    leftovers [encore, energyball, knockoff, synthesis] ttype=steel
INFO     	            muk  poisontouch    leftovers [drainpunch, haze, knockoff, poisonjab] ttype=dark
INFO     Sampling 3 unrevealed pokemon
INFO     	        beartic    slushrush heavydutyboots [earthquake, iciclecrash, snowscape, swordsdance] ttype=ground
INFO     	         phione    hydration    leftovers [rest, scald, sleeptalk, takeheart] ttype=dragon
INFO     	          azelf     levitate      lifeorb [fireblast, knockoff, psychic, taunt] ttype=dark
INFO     Sampling battle 25
INFO     	       meganium     overgrow    leftovers [earthquake, knockoff, petalblizzard, swordsdance] ttype=steel
INFO     	            muk  poisontouch    leftovers [drainpunch, knockoff, poisonjab, toxicspikes] ttype=dark
INFO     Sampling 3 unrevealed pokemon
INFO     	        flapple       hustle   choiceband [gravapple, outrage, suckerpunch, uturn] ttype=steel
INFO     	       frosmoth    icescales heavydutyboots [bugbuzz, gigadrain, icebeam, quiverdance] ttype=water
INFO     	    walkingwake protosynthesis      lifeorb [dracometeor, flamethrower, hydrosteam, sunnyday] ttype=fire
INFO     Sampling battle 26
INFO     	       meganium     overgrow    leftovers [encore, energyball, knockoff, synthesis] ttype=steel
INFO     	            muk  poisontouch    leftovers [drainpunch, gunkshot, haze, knockoff] ttype=dark
INFO     Sampling 3 unrevealed pokemon
INFO     	     skeledirge      unaware heavydutyboots [flamecharge, shadowball, slackoff, torchsong] ttype=fairy
INFO     	      excadrill  moldbreaker    leftovers [earthquake, ironhead, rapidspin, swordsdance] ttype=ground
INFO     	       articuno     pressure heavydutyboots [bravebird, freezedry, roost, uturn] ttype=steel
INFO     Sampling battle 27
INFO     	       meganium     overgrow    leftovers [earthquake, knockoff, petalblizzard, swordsdance] ttype=steel
INFO     	            muk  poisontouch    leftovers [drainpunch, gunkshot, haze, knockoff] ttype=dark
INFO     Sampling 3 unrevealed pokemon
INFO     	     krookodile   intimidate  choicescarf [earthquake, gunkshot, knockoff, stoneedge] ttype=poison
INFO     	       tsareena queenlymajesty  choicescarf [knockoff, powerwhip, tripleaxel, uturn] ttype=steel
INFO     	necrozmaduskmane   prismarmor weaknesspolicy [dragondance, earthquake, morningsun, sunsteelstrike] ttype=water
INFO     Sampling battle 28
INFO     	       meganium     overgrow    leftovers [encore, energyball, knockoff, synthesis] ttype=steel
INFO     	            muk  poisontouch    leftovers [drainpunch, gunkshot, haze, knockoff] ttype=dark
INFO     Sampling 3 unrevealed pokemon
INFO     	      coalossal    flamebody heavydutyboots [overheat, stealthrock, stoneedge, willowisp] ttype=ghost
INFO     	       tinkaton  moldbreaker    leftovers [gigatonhammer, playrough, protect, swordsdance] ttype=steel
INFO     	necrozmadawnwings   prismarmor      lifeorb [brickbreak, dragondance, moongeistbeam, photongeyser] ttype=fighting
INFO     Sampling battle 29
INFO     	       meganium     overgrow    leftovers [earthquake, knockoff, petalblizzard, swordsdance] ttype=steel
INFO     	            muk  poisontouch    leftovers [drainpunch, haze, knockoff, poisonjab] ttype=dark
INFO     Sampling 3 unrevealed pokemon
INFO     	       enamorus    cutecharm    leftovers [calmmind, earthpower, moonblast, substitute] ttype=ground
INFO     	      rotomwash     levitate    leftovers [hydropump, nastyplot, thunderbolt, willowisp] ttype=steel
INFO     	          hypno     insomnia    leftovers [encore, knockoff, psychicnoise, thunderwave] ttype=dark
INFO     Sampling battle 30
INFO     	       meganium     overgrow    leftovers [dragontail, energyball, knockoff, synthesis] ttype=steel
INFO     	            muk  poisontouch    leftovers [drainpunch, haze, knockoff, poisonjab] ttype=dark
INFO     Sampling 3 unrevealed pokemon
INFO     	          rotom     levitate      lifeorb [nastyplot, shadowball, thunderbolt, willowisp] ttype=ghost
INFO     	       lurantis     contrary    leftovers [defog, leafstorm, superpower, synthesis] ttype=fighting
INFO     	        spidops     stakeout heavydutyboots [circlethrow, stickyweb, toxicspikes, uturn] ttype=ghost
INFO     Sampling battle 31
INFO     	       meganium     overgrow    leftovers [energyball, knockoff, leechseed, synthesis] ttype=steel
INFO     	            muk  poisontouch    leftovers [drainpunch, haze, knockoff, poisonjab] ttype=dark
INFO     Sampling 3 unrevealed pokemon
INFO     	      gardevoir        trace  choicescarf [focusblast, healingwish, moonblast, psychic] ttype=fairy
INFO     	     oinkologne     thickfat    leftovers [curse, doubleedge, highhorsepower, lashout] ttype=ground
INFO     	       glimmora  toxicdebris    focussash [earthpower, sludgewave, spikes, stealthrock] ttype=ground
INFO     Searching for a move using MCTS...
INFO     Sampling 32 battles at 250ms each
INFO     Iterations 6: 41000
INFO     Iterations 0: 35000
INFO     Iterations 2: 38000
INFO     Iterations 5: 44000
INFO     Iterations 4: 44000
INFO     Iterations 7: 37000
INFO     Iterations 3: 40000
INFO     Iterations 1: 47000
INFO     Iterations 9: 39000
INFO     Iterations 10: 37000
INFO     Iterations 8: 34000
INFO     Iterations 13: 39000
INFO     Iterations 12: 38000
INFO     Iterations 11: 38000
INFO     Iterations 14: 34000
INFO     Iterations 15: 39000
INFO     Iterations 17: 34000
INFO     Iterations 19: 37000
INFO     Iterations 16: 35000
INFO     Iterations 18: 34000
INFO     Iterations 20: 38000
INFO     Iterations 21: 31000
INFO     Iterations 22: 39000
INFO     Iterations 23: 36000
INFO     Iterations 25: 36000
INFO     Iterations 24: 37000
INFO     Iterations 26: 39000
INFO     Iterations 29: 39000
INFO     Iterations 28: 37000
INFO     Iterations 27: 39000
INFO     Iterations 30: 33000
INFO     Iterations 31: 35000
INFO     Policy 0: flamethrower visited 23.66% avg_score=0.383 sample_chance_multiplier=0.031
INFO     Policy 1: switch wyrdeer visited 22.32% avg_score=0.399 sample_chance_multiplier=0.031
INFO     Policy 2: flamethrower visited 20.95% avg_score=0.362 sample_chance_multiplier=0.031
INFO     Policy 3: flamethrower visited 25.07% avg_score=0.372 sample_chance_multiplier=0.031
INFO     Policy 4: flamethrower visited 26.17% avg_score=0.361 sample_chance_multiplier=0.031
INFO     Policy 5: flamethrower visited 36.11% avg_score=0.392 sample_chance_multiplier=0.031
INFO     Policy 6: flamethrower visited 18.45% avg_score=0.36 sample_chance_multiplier=0.031
INFO     Policy 7: flamethrower visited 29.76% avg_score=0.369 sample_chance_multiplier=0.031
INFO     Policy 8: flamethrower visited 23.18% avg_score=0.379 sample_chance_multiplier=0.031
INFO     Policy 9: flamethrower visited 24.05% avg_score=0.372 sample_chance_multiplier=0.031
INFO     Policy 10: flamethrower visited 27.86% avg_score=0.403 sample_chance_multiplier=0.031
INFO     Policy 11: switch scyther visited 23.6% avg_score=0.381 sample_chance_multiplier=0.031
INFO     Policy 12: switch scyther visited 26.88% avg_score=0.391 sample_chance_multiplier=0.031
INFO     Policy 13: flamethrower visited 48.52% avg_score=0.448 sample_chance_multiplier=0.031
INFO     Policy 14: flamethrower visited 21.21% avg_score=0.368 sample_chance_multiplier=0.031
INFO     Policy 15: flamethrower visited 36.95% avg_score=0.413 sample_chance_multiplier=0.031
INFO     Policy 16: flamethrower visited 24.41% avg_score=0.393 sample_chance_multiplier=0.031
INFO     Policy 17: switch wyrdeer visited 25.86% avg_score=0.393 sample_chance_multiplier=0.031
INFO     Policy 18: switch scyther visited 26.03% avg_score=0.393 sample_chance_multiplier=0.031
INFO     Policy 19: flamethrower visited 40.17% avg_score=0.414 sample_chance_multiplier=0.031
INFO     Policy 20: switch scyther visited 26.93% avg_score=0.389 sample_chance_multiplier=0.031
INFO     Policy 21: switch scyther visited 31.83% avg_score=0.4 sample_chance_multiplier=0.031
INFO     Policy 22: flamethrower visited 35.22% avg_score=0.424 sample_chance_multiplier=0.031
INFO     Policy 23: flamethrower visited 25.0% avg_score=0.378 sample_chance_multiplier=0.031
INFO     Policy 24: switch scyther visited 25.98% avg_score=0.395 sample_chance_multiplier=0.031
INFO     Policy 25: flamethrower visited 41.77% avg_score=0.451 sample_chance_multiplier=0.031
INFO     Policy 26: flamethrower visited 22.95% avg_score=0.369 sample_chance_multiplier=0.031
INFO     Policy 27: switch scyther visited 29.47% avg_score=0.372 sample_chance_multiplier=0.031
INFO     Policy 28: switch wyrdeer visited 27.46% avg_score=0.375 sample_chance_multiplier=0.031
INFO     Policy 29: boomburst visited 18.89% avg_score=0.367 sample_chance_multiplier=0.031
INFO     Policy 30: flamethrower visited 36.51% avg_score=0.387 sample_chance_multiplier=0.031
INFO     Policy 31: flamethrower visited 22.97% avg_score=0.37 sample_chance_multiplier=0.031
INFO     Considered Choices:
INFO     	25.799%: flamethrower
INFO     Choice: flamethrower
INFO     noivern already has the move flamethrower. Decrementing the PP by 1
INFO     noivern used a fire move, removing firegem from possible items
INFO     Setting noivern's last used move: flamethrower
INFO     noivern used a damaging move - not guessing lifeorb anymore
INFO     noivern did 35.0% damage to meganium with flamethrower
INFO     meganium got status: brn
INFO     No longer guessing lumberry because meganium got status brn
INFO     Setting meganium's item to: leftovers
INFO     meganium has less than maxhp during upkeep, no longer guessing leftovers or blacksludge
INFO     
INFO     Turn: 9
INFO     Sampling battle 0
INFO     	       meganium     overgrow    leftovers [earthquake, knockoff, petalblizzard, swordsdance] ttype=steel
INFO     	            muk  poisontouch    leftovers [drainpunch, haze, knockoff, poisonjab] ttype=dark
INFO     Sampling 3 unrevealed pokemon
INFO     	 sandslashalola    slushrush  assaultvest [earthquake, ironhead, rapidspin, tripleaxel] ttype=water
INFO     	   brambleghast    windrider heavydutyboots [poltergeist, powerwhip, rapidspin, strengthsap] ttype=fairy
INFO     	      dunsparce  serenegrace     eviolite [bodyslam, coil, earthquake, roost] ttype=ground
INFO     Sampling battle 1
INFO     	       meganium     overgrow    leftovers [earthquake, knockoff, petalblizzard, swordsdance] ttype=steel
INFO     	            muk  poisontouch    leftovers [drainpunch, gunkshot, haze, knockoff] ttype=dark
INFO     Sampling 3 unrevealed pokemon
INFO     	      arceusice    multitype  icicleplate [calmmind, earthpower, judgment, recover] ttype=ground
INFO     	      duraludon   lightmetal     eviolite [bodypress, dracometeor, flashcannon, thunderwave] ttype=fighting
INFO     	     toedscruel myceliummight    leftovers [earthpower, leafstorm, spore, toxic] ttype=water
INFO     Sampling battle 2
INFO     	       meganium     overgrow    leftovers [earthquake, knockoff, petalblizzard, swordsdance] ttype=steel
INFO     	            muk  poisontouch    leftovers [drainpunch, gunkshot, haze, knockoff] ttype=dark
INFO     Sampling 3 unrevealed pokemon
INFO     	      cramorant  gulpmissile heavydutyboots [bravebird, defog, roost, surf] ttype=ground
INFO     	      cryogonal     levitate heavydutyboots [flashcannon, freezedry, rapidspin, recover] ttype=poison
INFO     	      ironhands   quarkdrive  assaultvest [closecombat, fakeout, thunderpunch, voltswitch] ttype=electric
INFO     Sampling battle 3
INFO     	       meganium     overgrow    leftovers [earthquake, knockoff, petalblizzard, swordsdance] ttype=steel
INFO     	            muk  poisontouch    leftovers [drainpunch, gunkshot, haze, knockoff] ttype=dark
INFO     Sampling 3 unrevealed pokemon
INFO     	        dewgong     thickfat heavydutyboots [encore, icebeam, knockoff, surf] ttype=poison
INFO     	          hypno     insomnia    leftovers [encore, knockoff, psychicnoise, toxic] ttype=dark
INFO     	      regidrago   dragonsmaw  choicescarf [dracometeor, dragonenergy, earthquake, outrage] ttype=dragon
INFO     Sampling battle 4
INFO     	       meganium     overgrow    leftovers [energyball, knockoff, leechseed, synthesis] ttype=steel
INFO     	            muk  poisontouch    leftovers [drainpunch, haze, knockoff, poisonjab] ttype=dark
INFO     Sampling 3 unrevealed pokemon
INFO     	      regieleki   transistor       magnet [rapidspin, terablast, thunderbolt, voltswitch] ttype=ice
INFO     	     wigglytuff  competitive    leftovers [alluringvoice, fireblast, protect, wish] ttype=steel
INFO     	        urshifu   unseenfist      lifeorb [closecombat, poisonjab, swordsdance, wickedblow] ttype=poison
INFO     Sampling battle 5
INFO     	       meganium     overgrow    leftovers [earthquake, knockoff, petalblizzard, swordsdance] ttype=steel
INFO     	            muk  poisontouch    leftovers [drainpunch, knockoff, poisonjab, toxicspikes] ttype=dark
INFO     Sampling 3 unrevealed pokemon
INFO     	       venomoth   tintedlens heavydutyboots [bugbuzz, quiverdance, sleeppowder, sludgewave] ttype=steel
INFO     	      volcanion  waterabsorb heavydutyboots [flamethrower, haze, sludgebomb, steameruption] ttype=water
INFO     	     irontreads   quarkdrive  assaultvest [earthquake, ironhead, knockoff, rapidspin] ttype=water
INFO     Sampling battle 6
INFO     	       meganium     overgrow    leftovers [earthquake, knockoff, petalblizzard, swordsdance] ttype=steel
INFO     	            muk  poisontouch    leftovers [drainpunch, knockoff, poisonjab, toxicspikes] ttype=dark
INFO     Sampling 3 unrevealed pokemon
INFO     	       froslass   cursedbody     widelens [poltergeist, taunt, tripleaxel, willowisp] ttype=ghost
INFO     	       chimecho     levitate    leftovers [calmmind, dazzlinggleam, psyshock, recover] ttype=steel
INFO     	       oricorio       dancer heavydutyboots [hurricane, quiverdance, revelationdance, roost] ttype=ground
INFO     Sampling battle 7
INFO     	       meganium     overgrow    leftovers [encore, energyball, knockoff, synthesis] ttype=steel
INFO     	            muk  poisontouch    leftovers [drainpunch, gunkshot, haze, knockoff] ttype=dark
INFO     Sampling 3 unrevealed pokemon
INFO     	       tsareena queenlymajesty  assaultvest [highjumpkick, knockoff, powerwhip, rapidspin] ttype=fighting
INFO     	         lapras  waterabsorb  choicespecs [freezedry, hydropump, icebeam, sparklingaria] ttype=ice
INFO     	       regirock    clearbody    leftovers [bodypress, irondefense, stoneedge, thunderwave] ttype=fighting
INFO     Sampling battle 8
INFO     	       meganium     overgrow    leftovers [earthquake, knockoff, petalblizzard, swordsdance] ttype=steel
INFO     	            muk  poisontouch    leftovers [drainpunch, gunkshot, knockoff, toxicspikes] ttype=dark
INFO     Sampling 3 unrevealed pokemon
INFO     	       cyclizar  regenerator heavydutyboots [dracometeor, rapidspin, shedtail, taunt] ttype=ghost
INFO     	       espathra   speedboost    leftovers [calmmind, dazzlinggleam, storedpower, substitute] ttype=fairy
INFO     	        kingdra    swiftswim      lifeorb [dracometeor, hurricane, raindance, wavecrash] ttype=water
INFO     Sampling battle 9
INFO     	       meganium     overgrow    leftovers [encore, energyball, knockoff, synthesis] ttype=steel
INFO     	            muk  poisontouch    leftovers [drainpunch, knockoff, poisonjab, toxicspikes] ttype=dark
INFO     Sampling 3 unrevealed pokemon
INFO     	        falinks      defiant      lifeorb [closecombat, ironhead, knockoff, noretreat] ttype=dark
INFO     	      regigigas    slowstart    leftovers [bodyslam, knockoff, protect, substitute] ttype=ghost
INFO     	     houndstone       fluffy  assaultvest [bodypress, playrough, poltergeist, shadowsneak] ttype=fairy
INFO     Sampling battle 10
INFO     	       meganium     overgrow    leftovers [dragontail, energyball, knockoff, synthesis] ttype=steel
INFO     	            muk  poisontouch    leftovers [drainpunch, knockoff, poisonjab, toxicspikes] ttype=dark
INFO     Sampling 3 unrevealed pokemon
INFO     	    slitherwing protosynthesis   choiceband [closecombat, earthquake, flareblitz, wildcharge] ttype=fire
INFO     	        umbreon  synchronize    leftovers [foulplay, protect, toxic, wish] ttype=poison
INFO     	      coalossal    flamebody heavydutyboots [overheat, rapidspin, spikes, stoneedge] ttype=grass
INFO     Sampling battle 11
INFO     	       meganium     overgrow    leftovers [encore, energyball, knockoff, synthesis] ttype=steel
INFO     	            muk  poisontouch    leftovers [drainpunch, gunkshot, knockoff, toxicspikes] ttype=dark
INFO     Sampling 3 unrevealed pokemon
INFO     	      registeel    clearbody  chestoberry [bodypress, irondefense, ironhead, rest] ttype=fighting
INFO     	        grumpig     thickfat  choicescarf [earthpower, focusblast, psyshock, trick] ttype=psychic
INFO     	      sandslash     sandrush    leftovers [earthquake, knockoff, rapidspin, swordsdance] ttype=dragon
INFO     Sampling battle 12
INFO     	       meganium     overgrow    leftovers [encore, energyball, knockoff, synthesis] ttype=steel
INFO     	            muk  poisontouch    leftovers [drainpunch, gunkshot, haze, knockoff] ttype=dark
INFO     Sampling 3 unrevealed pokemon
INFO     	      indeedeef psychicsurge      lifeorb [calmmind, dazzlinggleam, hypervoice, psychic] ttype=fairy
INFO     	     screamtail protosynthesis    leftovers [playrough, protect, thunderwave, wish] ttype=steel
INFO     	        wochien tabletsofruin    leftovers [knockoff, leechseed, protect, ruination] ttype=poison
INFO     Sampling battle 13
INFO     	       meganium     overgrow    leftovers [earthquake, knockoff, petalblizzard, swordsdance] ttype=steel
INFO     	            muk  poisontouch    leftovers [drainpunch, haze, knockoff, poisonjab] ttype=dark
INFO     Sampling 3 unrevealed pokemon
INFO     	        haxorus  moldbreaker     lumberry [closecombat, dragondance, ironhead, outrage] ttype=steel
INFO     	     rotomfrost     levitate heavydutyboots [blizzard, thunderbolt, voltswitch, willowisp] ttype=electric
INFO     	       ironmoth   quarkdrive heavydutyboots [energyball, fierydance, morningsun, sludgewave] ttype=grass
INFO     Sampling battle 14
INFO     	       meganium     overgrow    leftovers [earthquake, knockoff, petalblizzard, swordsdance] ttype=steel
INFO     	            muk  poisontouch    leftovers [drainpunch, haze, knockoff, poisonjab] ttype=dark
INFO     Sampling 3 unrevealed pokemon
INFO     	     sandaconda     shedskin   loadeddice [coil, earthquake, rockblast, scaleshot] ttype=dragon
INFO     	    oricoriopau       dancer heavydutyboots [hurricane, quiverdance, revelationdance, roost] ttype=fighting
INFO     	       porygon2     download     eviolite [discharge, icebeam, recover, triattack] ttype=electric
INFO     Sampling battle 15
INFO     	       meganium     overgrow    leftovers [energyball, knockoff, leechseed, synthesis] ttype=steel
INFO     	            muk  poisontouch    leftovers [drainpunch, knockoff, poisonjab, toxicspikes] ttype=dark
INFO     Sampling 3 unrevealed pokemon
INFO     	        breloom   technician      lifeorb [bulletseed, machpunch, rocktomb, swordsdance] ttype=rock
INFO     	    ironjugulis   quarkdrive    powerherb [darkpulse, earthpower, hurricane, meteorbeam] ttype=dark
INFO     	         swalot   liquidooze    leftovers [earthquake, protect, sludgebomb, toxic] ttype=ground
INFO     Sampling battle 16
INFO     	       meganium     overgrow    leftovers [earthquake, knockoff, petalblizzard, swordsdance] ttype=steel
INFO     	            muk  poisontouch    leftovers [drainpunch, gunkshot, haze, knockoff] ttype=dark
INFO     Sampling 3 unrevealed pokemon
INFO     	         zarude    leafguard      lifeorb [closecombat, knockoff, powerwhip, swordsdance] ttype=fighting
INFO     	      rotomheat     levitate heavydutyboots [nastyplot, overheat, thunderbolt, willowisp] ttype=steel
INFO     	        flareon         guts     toxicorb [facade, flareblitz, quickattack, trailblaze] ttype=normal
INFO     Sampling battle 17
INFO     	       meganium     overgrow    leftovers [earthquake, knockoff, petalblizzard, swordsdance] ttype=steel
INFO     	            muk  poisontouch    leftovers [drainpunch, haze, knockoff, poisonjab] ttype=dark
INFO     Sampling 3 unrevealed pokemon
INFO     	      spectrier    grimneigh      lifeorb [darkpulse, drainingkiss, nastyplot, shadowball] ttype=dark
INFO     	        zoroark     illusion      lifeorb [darkpulse, focusblast, nastyplot, sludgebomb] ttype=poison
INFO     	      vespiquen     pressure heavydutyboots [airslash, roost, spikes, uturn] ttype=steel
INFO     Sampling battle 18
INFO     	       meganium     overgrow    leftovers [energyball, knockoff, leechseed, synthesis] ttype=steel
INFO     	            muk  poisontouch    leftovers [drainpunch, gunkshot, haze, knockoff] ttype=dark
INFO     Sampling 3 unrevealed pokemon
INFO     	        lucario    justified   choiceband [closecombat, extremespeed, meteormash, stoneedge] ttype=normal
INFO     	      reuniclus   magicguard      lifeorb [calmmind, focusblast, psyshock, recover] ttype=steel
INFO     	ogerponwellspring  waterabsorb wellspringmask [ivycudgel, playrough, powerwhip, swordsdance] ttype=water
INFO     Sampling battle 19
INFO     	       meganium     overgrow    leftovers [earthquake, knockoff, petalblizzard, swordsdance] ttype=steel
INFO     	            muk  poisontouch    leftovers [drainpunch, gunkshot, haze, knockoff] ttype=dark
INFO     Sampling 3 unrevealed pokemon
INFO     	        donphan       sturdy    leftovers [earthquake, icespinner, rapidspin, stealthrock] ttype=water
INFO     	        dipplin   stickyhold     eviolite [dragonpulse, dragontail, gigadrain, recover] ttype=steel
INFO     	    fezandipiti   toxicchain    leftovers [beatup, gunkshot, moonblast, roost] ttype=dark
INFO     Sampling battle 20
INFO     	       meganium     overgrow    leftovers [energyball, knockoff, leechseed, synthesis] ttype=steel
INFO     	            muk  poisontouch    leftovers [drainpunch, knockoff, poisonjab, toxicspikes] ttype=dark
INFO     Sampling 3 unrevealed pokemon
INFO     	      cresselia     levitate    leftovers [calmmind, moonblast, moonlight, psyshock] ttype=steel
INFO     	    roaringmoon protosynthesis     lumberry [dragondance, ironhead, knockoff, outrage] ttype=poison
INFO     	        ambipom   technician    silkscarf [doubleedge, fakeout, knockoff, lowkick] ttype=normal
INFO     Sampling battle 21
INFO     	       meganium     overgrow    leftovers [encore, energyball, knockoff, synthesis] ttype=steel
INFO     	            muk  poisontouch    leftovers [drainpunch, knockoff, poisonjab, toxicspikes] ttype=dark
INFO     Sampling 3 unrevealed pokemon
INFO     	   lycanrocdusk   toughclaws      lifeorb [accelerock, closecombat, stoneedge, swordsdance] ttype=fighting
INFO     	    goodrahisui    sapsipper  assaultvest [dracometeor, heavyslam, hydropump, thunderbolt] ttype=dragon
INFO     	   basculegionf adaptability  assaultvest [flipturn, hydropump, shadowball, wavecrash] ttype=water
INFO     Sampling battle 22
INFO     	       meganium     overgrow    leftovers [encore, energyball, knockoff, synthesis] ttype=steel
INFO     	            muk  poisontouch    leftovers [drainpunch, gunkshot, haze, knockoff] ttype=dark
INFO     Sampling 3 unrevealed pokemon
INFO     	      zamazenta dauntlessshield   choiceband [closecombat, crunch, ironhead, stoneedge] ttype=dark
INFO     	  articunogalar  competitive heavydutyboots [calmmind, freezingglare, hurricane, recover] ttype=steel
INFO     	     shayminsky  serenegrace    leftovers [airslash, leechseed, seedflare, substitute] ttype=steel
INFO     Sampling battle 23
INFO     	       meganium     overgrow    leftovers [earthquake, knockoff, petalblizzard, swordsdance] ttype=steel
INFO     	            muk  poisontouch    leftovers [drainpunch, haze, knockoff, poisonjab] ttype=dark
INFO     Sampling 3 unrevealed pokemon
INFO     	         swanna    hydration heavydutyboots [bravebird, defog, hydropump, roost] ttype=ground
INFO     	       rayquaza      airlock heavydutyboots [dragonascent, dragondance, earthquake, outrage] ttype=flying
INFO     	          klawf   angershell    scopelens [crabhammer, knockoff, stoneedge, swordsdance] ttype=rock
INFO     Sampling battle 24
INFO     	       meganium     overgrow    leftovers [encore, energyball, knockoff, synthesis] ttype=steel
INFO     	            muk  poisontouch    leftovers [drainpunch, knockoff, poisonjab, toxicspikes] ttype=dark
INFO     Sampling 3 unrevealed pokemon
INFO     	       articuno     pressure heavydutyboots [bravebird, freezedry, roost, uturn] ttype=steel
INFO     	      bastiodon   soundproof  chestoberry [bodypress, foulplay, irondefense, rest] ttype=fighting
INFO     	        drednaw    strongjaw    whiteherb [crunch, liquidation, shellsmash, stoneedge] ttype=dark
INFO     Sampling battle 25
INFO     	       meganium     overgrow    leftovers [dragontail, energyball, knockoff, synthesis] ttype=steel
INFO     	            muk  poisontouch    leftovers [drainpunch, gunkshot, haze, knockoff] ttype=dark
INFO     Sampling 3 unrevealed pokemon
INFO     	         glalie   innerfocus heavydutyboots [earthquake, freezedry, spikes, taunt] ttype=ghost
INFO     	      metagross    clearbody    leftovers [earthquake, heavyslam, knockoff, stealthrock] ttype=water
INFO     	       grafaiai    prankster heavydutyboots [encore, gunkshot, knockoff, partingshot] ttype=dark
INFO     Sampling battle 26
INFO     	       meganium     overgrow    leftovers [earthquake, knockoff, petalblizzard, swordsdance] ttype=steel
INFO     	            muk  poisontouch    leftovers [drainpunch, gunkshot, haze, knockoff] ttype=dark
INFO     Sampling 3 unrevealed pokemon
INFO     	         raichu lightningrod  assaultvest [grassknot, knockoff, surf, thunderbolt] ttype=grass
INFO     	      dragonite   multiscale heavydutyboots [dragondance, earthquake, ironhead, outrage] ttype=steel
INFO     	      volcarona    flamebody heavydutyboots [bugbuzz, fierydance, quiverdance, terablast] ttype=water
INFO     Sampling battle 27
INFO     	       meganium     overgrow    leftovers [encore, energyball, knockoff, synthesis] ttype=steel
INFO     	            muk  poisontouch    leftovers [drainpunch, gunkshot, haze, knockoff] ttype=dark
INFO     Sampling 3 unrevealed pokemon
INFO     	    gougingfire protosynthesis heavydutyboots [dragondance, earthquake, heatcrash, outrage] ttype=ground
INFO     	         zacian intrepidsword   choiceband [closecombat, crunch, playrough, wildcharge] ttype=fighting
INFO     	        dipplin   stickyhold     eviolite [dragonpulse, gigadrain, recover, suckerpunch] ttype=steel
INFO     Sampling battle 28
INFO     	       meganium     overgrow    leftovers [earthquake, knockoff, petalblizzard, swordsdance] ttype=steel
INFO     	            muk  poisontouch    leftovers [drainpunch, haze, knockoff, poisonjab] ttype=dark
INFO     Sampling 3 unrevealed pokemon
INFO     	         zacian intrepidsword   choiceband [closecombat, crunch, playrough, wildcharge] ttype=fighting
INFO     	       lumineon   stormdrain      lifeorb [alluringvoice, encore, hydropump, icebeam] ttype=water
INFO     	       frosmoth    icescales heavydutyboots [gigadrain, hurricane, icebeam, quiverdance] ttype=water
INFO     Sampling battle 29
INFO     	       meganium     overgrow    leftovers [energyball, knockoff, leechseed, synthesis] ttype=steel
INFO     	            muk  poisontouch    leftovers [drainpunch, gunkshot, haze, knockoff] ttype=dark
INFO     Sampling 3 unrevealed pokemon
INFO     	        volbeat    prankster heavydutyboots [encore, roost, thunderwave, uturn] ttype=water
INFO     	taurospaldeaaqua      cudchew  sitrusberry [bulkup, closecombat, liquidation, substitute] ttype=steel
INFO     	        wugtrio        gooey   choiceband [aquajet, liquidation, stompingtantrum, throatchop] ttype=ground
INFO     Sampling battle 30
INFO     	       meganium     overgrow    leftovers [energyball, knockoff, leechseed, synthesis] ttype=steel
INFO     	            muk  poisontouch    leftovers [drainpunch, gunkshot, haze, knockoff] ttype=dark
INFO     Sampling 3 unrevealed pokemon
INFO     	        cetitan   sheerforce      lifeorb [iceshard, iciclecrash, liquidation, superpower] ttype=water
INFO     	taurospaldeacombat   intimidate      lifeorb [bulkup, closecombat, ironhead, stoneedge] ttype=steel
INFO     	       garchomp    roughskin   loadeddice [earthquake, ironhead, scaleshot, swordsdance] ttype=steel
INFO     Sampling battle 31
INFO     	       meganium     overgrow    leftovers [encore, energyball, knockoff, synthesis] ttype=steel
INFO     	            muk  poisontouch    leftovers [drainpunch, gunkshot, haze, knockoff] ttype=dark
INFO     Sampling 3 unrevealed pokemon
INFO     	        tropius      harvest  sitrusberry [airslash, leechseed, protect, substitute] ttype=steel
INFO     	    walkingwake protosynthesis      lifeorb [dracometeor, flamethrower, hydrosteam, sunnyday] ttype=fire
INFO     	     misdreavus     levitate     eviolite [calmmind, drainingkiss, shadowball, willowisp] ttype=fairy
INFO     Searching for a move using MCTS...
INFO     Sampling 32 battles at 250ms each
INFO     Iterations 6: 56000
INFO     Iterations 0: 52000
INFO     Iterations 7: 52000
INFO     Iterations 2: 52000
INFO     Iterations 1: 55000
INFO     Iterations 3: 55000
INFO     Iterations 4: 52000
INFO     Iterations 5: 53000
INFO     Iterations 8: 40000
INFO     Iterations 9: 43000
INFO     Iterations 12: 41000
INFO     Iterations 13: 43000
INFO     Iterations 11: 44000
INFO     Iterations 10: 40000
INFO     Iterations 14: 38000
INFO     Iterations 15: 46000
INFO     Iterations 16: 39000
INFO     Iterations 18: 38000
INFO     Iterations 19: 38000
INFO     Iterations 17: 39000
INFO     Iterations 21: 40000
INFO     Iterations 20: 40000
INFO     Iterations 22: 40000
INFO     Iterations 23: 43000
INFO     Iterations 24: 42000
INFO     Iterations 25: 42000
INFO     Iterations 29: 42000
INFO     Iterations 26: 45000
INFO     Iterations 27: 45000
INFO     Iterations 28: 42000
INFO     Iterations 30: 43000
INFO     Iterations 31: 44000
INFO     Policy 0: switch scyther visited 30.14% avg_score=0.411 sample_chance_multiplier=0.031
INFO     Policy 1: flamethrower visited 25.91% avg_score=0.424 sample_chance_multiplier=0.031
INFO     Policy 2: flamethrower visited 19.21% avg_score=0.402 sample_chance_multiplier=0.031
INFO     Policy 3: dracometeor visited 18.52% avg_score=0.401 sample_chance_multiplier=0.031
INFO     Policy 4: flamethrower visited 16.12% avg_score=0.368 sample_chance_multiplier=0.031
INFO     Policy 5: flamethrower visited 29.25% avg_score=0.423 sample_chance_multiplier=0.031
INFO     Policy 6: switch scyther visited 18.29% avg_score=0.391 sample_chance_multiplier=0.031
INFO     Policy 7: dracometeor visited 26.92% avg_score=0.371 sample_chance_multiplier=0.031
INFO     Policy 8: switch scyther visited 47.3% avg_score=0.436 sample_chance_multiplier=0.031
INFO     Policy 9: flamethrower visited 33.16% avg_score=0.414 sample_chance_multiplier=0.031
INFO     Policy 10: flamethrower visited 20.95% avg_score=0.39 sample_chance_multiplier=0.031
INFO     Policy 11: flamethrower visited 26.52% avg_score=0.407 sample_chance_multiplier=0.031
INFO     Policy 12: switch scyther visited 31.14% avg_score=0.413 sample_chance_multiplier=0.031
INFO     Policy 13: boomburst visited 23.81% avg_score=0.432 sample_chance_multiplier=0.031
INFO     Policy 14: boomburst visited 16.65% avg_score=0.359 sample_chance_multiplier=0.031
INFO     Policy 15: flamethrower visited 30.79% avg_score=0.431 sample_chance_multiplier=0.031
INFO     Policy 16: boomburst visited 26.22% avg_score=0.392 sample_chance_multiplier=0.031
INFO     Policy 17: hurricane visited 21.02% avg_score=0.416 sample_chance_multiplier=0.031
INFO     Policy 18: flamethrower visited 25.57% avg_score=0.416 sample_chance_multiplier=0.031
INFO     Policy 19: boomburst visited 17.44% avg_score=0.401 sample_chance_multiplier=0.031
INFO     Policy 20: switch scyther visited 26.36% avg_score=0.41 sample_chance_multiplier=0.031
INFO     Policy 21: dracometeor visited 24.64% avg_score=0.404 sample_chance_multiplier=0.031
INFO     Policy 22: flamethrower visited 20.1% avg_score=0.394 sample_chance_multiplier=0.031
INFO     Policy 23: boomburst visited 20.47% avg_score=0.419 sample_chance_multiplier=0.031
INFO     Policy 24: dracometeor visited 21.44% avg_score=0.37 sample_chance_multiplier=0.031
INFO     Policy 25: flamethrower visited 44.63% avg_score=0.425 sample_chance_multiplier=0.031
INFO     Policy 26: boomburst visited 18.84% avg_score=0.4 sample_chance_multiplier=0.031
INFO     Policy 27: flamethrower visited 30.64% avg_score=0.412 sample_chance_multiplier=0.031
INFO     Policy 28: flamethrower visited 22.81% avg_score=0.401 sample_chance_multiplier=0.031
INFO     Policy 29: flamethrower visited 37.15% avg_score=0.459 sample_chance_multiplier=0.031
INFO     Policy 30: flamethrower visited 42.47% avg_score=0.467 sample_chance_multiplier=0.031
INFO     Policy 31: dracometeor visited 20.9% avg_score=0.393 sample_chance_multiplier=0.031
INFO     Considered Choices:
INFO     	21.542%: flamethrower
INFO     Choice: flamethrower
INFO     noivern already has the move flamethrower. Decrementing the PP by 1
INFO     noivern used a fire move, removing firegem from possible items
INFO     Setting noivern's last used move: flamethrower
INFO     noivern used a damaging move - not guessing lifeorb anymore
INFO     noivern did 17.0% damage to meganium with flamethrower
INFO     meganium has less than maxhp during upkeep, no longer guessing leftovers or blacksludge
INFO     Opponent has switched - clearing the last used move
INFO     espeon switched in, adding intimidate to impossible abilities
INFO     espeon switched in, adding pressure to impossible abilities
INFO     espeon switched in, adding neutralizinggas to impossible abilities
INFO     espeon switched in, adding sandstream to impossible abilities
INFO     espeon switched in, adding drought to impossible abilities
INFO     espeon switched in, adding drizzle to impossible abilities
INFO     espeon switched in, adding snowwarning to impossible abilities
INFO     espeon switched in, adding boosterenergy to impossible items
INFO     espeon switched in, adding airballoon to impossible items
INFO     
INFO     Turn: 10
INFO     Sampling battle 0
INFO     	         espeon  magicbounce  choicespecs [alluringvoice, psyshock, shadowball, trick] ttype=psychic
INFO     	            muk  poisontouch    leftovers [drainpunch, haze, knockoff, poisonjab] ttype=dark
INFO     Sampling 2 unrevealed pokemon
INFO     	        umbreon  synchronize    leftovers [foulplay, protect, toxic, wish] ttype=poison
INFO     	        palafin   zerotohero    leftovers [bulkup, icepunch, jetpunch, wavecrash] ttype=steel
INFO     Sampling battle 1
INFO     	         espeon  magicbounce      lifeorb [alluringvoice, calmmind, psyshock, shadowball] ttype=psychic
INFO     	            muk  poisontouch    leftovers [drainpunch, knockoff, poisonjab, toxicspikes] ttype=dark
INFO     Sampling 2 unrevealed pokemon
INFO     	        florges   flowerveil    leftovers [calmmind, moonblast, protect, wish] ttype=steel
INFO     	      tyranitar   sandstream weaknesspolicy [dragondance, earthquake, knockoff, stoneedge] ttype=ghost
INFO     Sampling battle 2
INFO     	         espeon  magicbounce      lifeorb [alluringvoice, morningsun, psychic, shadowball] ttype=fairy
INFO     	            muk  poisontouch    leftovers [drainpunch, gunkshot, knockoff, toxicspikes] ttype=dark
INFO     Sampling 2 unrevealed pokemon
INFO     	       drifblim     unburden  sitrusberry [airslash, calmmind, shadowball, strengthsap] ttype=steel
INFO     	      garganacl purifyingsalt    leftovers [bodypress, recover, saltcure, stealthrock] ttype=dragon
INFO     Sampling battle 3
INFO     	         espeon  magicbounce  choicespecs [alluringvoice, psychic, shadowball, trick] ttype=psychic
INFO     	            muk  poisontouch    leftovers [drainpunch, gunkshot, knockoff, toxicspikes] ttype=dark
INFO     Sampling 2 unrevealed pokemon
INFO     	       necrozma   prismarmor    leftovers [calmmind, heatwave, moonlight, photongeyser] ttype=fairy
INFO     	     ragingbolt protosynthesis    leftovers [calmmind, dracometeor, thunderbolt, thunderclap] ttype=fairy
INFO     Sampling battle 4
INFO     	         espeon  magicbounce  choicespecs [alluringvoice, psychic, shadowball, trick] ttype=psychic
INFO     	            muk  poisontouch    leftovers [drainpunch, gunkshot, haze, knockoff] ttype=dark
INFO     Sampling 2 unrevealed pokemon
INFO     	     incineroar   intimidate heavydutyboots [flareblitz, knockoff, swordsdance, trailblaze] ttype=grass
INFO     	       arcanine   intimidate heavydutyboots [extremespeed, flareblitz, morningsun, roar] ttype=normal
INFO     Sampling battle 5
INFO     	         espeon  magicbounce  choicespecs [alluringvoice, psychic, shadowball, trick] ttype=psychic
INFO     	            muk  poisontouch    leftovers [drainpunch, knockoff, poisonjab, toxicspikes] ttype=dark
INFO     Sampling 2 unrevealed pokemon
INFO     	tornadustherian  regenerator  assaultvest [bleakwindstorm, heatwave, knockoff, uturn] ttype=steel
INFO     	      regieleki   transistor       magnet [explosion, rapidspin, thunderbolt, voltswitch] ttype=electric
INFO     Sampling battle 6
INFO     	         espeon  magicbounce  choicespecs [alluringvoice, psyshock, shadowball, trick] ttype=psychic
INFO     	            muk  poisontouch    leftovers [drainpunch, haze, knockoff, poisonjab] ttype=dark
INFO     Sampling 2 unrevealed pokemon
INFO     	        jirachi  serenegrace    leftovers [ironhead, protect, uturn, wish] ttype=water
INFO     	ogerponcornerstone       sturdy cornerstonemask [encore, ivycudgel, powerwhip, synthesis] ttype=rock
INFO     Sampling battle 7
INFO     	         espeon  magicbounce      lifeorb [alluringvoice, morningsun, psyshock, shadowball] ttype=fairy
INFO     	            muk  poisontouch    leftovers [drainpunch, gunkshot, knockoff, toxicspikes] ttype=dark
INFO     Sampling 2 unrevealed pokemon
INFO     	      infernape        blaze      lifeorb [closecombat, knockoff, overheat, stoneedge] ttype=fighting
INFO     	     archaludon      stamina  assaultvest [bodypress, dracometeor, flashcannon, thunderbolt] ttype=fighting
INFO     Sampling battle 8
INFO     	         espeon  magicbounce      lifeorb [alluringvoice, calmmind, morningsun, psyshock] ttype=fairy
INFO     	            muk  poisontouch    leftovers [drainpunch, gunkshot, haze, knockoff] ttype=dark
INFO     Sampling 2 unrevealed pokemon
INFO     	     arceusfire    multitype   flameplate [earthquake, extremespeed, flareblitz, swordsdance] ttype=fire
INFO     	        kleavor    sharpness heavydutyboots [closecombat, stoneaxe, swordsdance, xscissor] ttype=rock
INFO     Sampling battle 9
INFO     	         espeon  magicbounce  choicespecs [alluringvoice, psychic, shadowball, trick] ttype=fairy
INFO     	            muk  poisontouch    leftovers [drainpunch, haze, knockoff, poisonjab] ttype=dark
INFO     Sampling 2 unrevealed pokemon
INFO     	    arceuswater    multitype  splashplate [icebeam, judgment, recover, willowisp] ttype=steel
INFO     	       ursaluna         guts     flameorb [facade, headlongrush, swordsdance, trailblaze] ttype=normal
INFO     Sampling battle 10
INFO     	         espeon  magicbounce  choicespecs [alluringvoice, psyshock, shadowball, trick] ttype=fairy
INFO     	            muk  poisontouch    leftovers [drainpunch, gunkshot, haze, knockoff] ttype=dark
INFO     Sampling 2 unrevealed pokemon
INFO     	     ironthorns   quarkdrive boosterenergy [dragondance, earthquake, stoneedge, wildcharge] ttype=ground
INFO     	   dialgaorigin     pressure adamantcrystal [dracometeor, dragontail, fireblast, heavyslam] ttype=dragon
INFO     Sampling battle 11
INFO     	         espeon  magicbounce      lifeorb [alluringvoice, morningsun, psychic, shadowball] ttype=fairy
INFO     	            muk  poisontouch    leftovers [drainpunch, gunkshot, haze, knockoff] ttype=dark
INFO     Sampling 2 unrevealed pokemon
INFO     	    polteageist   cursedbody    whiteherb [shadowball, shellsmash, strengthsap, terablast] ttype=fighting
INFO     	      gardevoir        trace  choicescarf [focusblast, healingwish, moonblast, psyshock] ttype=fairy
INFO     Sampling battle 12
INFO     	         espeon  magicbounce      lifeorb [alluringvoice, morningsun, psyshock, shadowball] ttype=fairy
INFO     	            muk  poisontouch    leftovers [drainpunch, knockoff, poisonjab, toxicspikes] ttype=dark
INFO     Sampling 2 unrevealed pokemon
INFO     	    ironjugulis   quarkdrive    powerherb [darkpulse, earthpower, hurricane, meteorbeam] ttype=ground
INFO     	        slaking       truant   choiceband [doubleedge, earthquake, gigaimpact, knockoff] ttype=ground
INFO     Sampling battle 13
INFO     	         espeon  magicbounce      lifeorb [calmmind, morningsun, psyshock, shadowball] ttype=psychic
INFO     	            muk  poisontouch    leftovers [drainpunch, haze, knockoff, poisonjab] ttype=dark
INFO     Sampling 2 unrevealed pokemon
INFO     	ogerponwellspring  waterabsorb wellspringmask [hornleech, ivycudgel, knockoff, swordsdance] ttype=water
INFO     	   crabominable     ironfist  assaultvest [drainpunch, earthquake, icehammer, knockoff] ttype=fighting
INFO     Sampling battle 14
INFO     	         espeon  magicbounce  choicespecs [alluringvoice, psyshock, shadowball, trick] ttype=psychic
INFO     	            muk  poisontouch    leftovers [drainpunch, haze, knockoff, poisonjab] ttype=dark
INFO     Sampling 2 unrevealed pokemon
INFO     	   arceusdragon    multitype   dracoplate [calmmind, fireblast, judgment, sludgebomb] ttype=fire
INFO     	      decidueye     overgrow heavydutyboots [leafstorm, roost, spiritshackle, uturn] ttype=grass
INFO     Sampling battle 15
INFO     	         espeon  magicbounce      lifeorb [alluringvoice, calmmind, psychic, shadowball] ttype=psychic
INFO     	            muk  poisontouch    leftovers [drainpunch, gunkshot, knockoff, toxicspikes] ttype=dark
INFO     Sampling 2 unrevealed pokemon
INFO     	 lilliganthisui       hustle      lifeorb [closecombat, leafblade, sleeppowder, victorydance] ttype=fighting
INFO     	      hydreigon     levitate  choicespecs [darkpulse, dracometeor, fireblast, flashcannon] ttype=steel
INFO     Searching for a move using MCTS...
INFO     Sampling 16 battles at 500ms each
INFO     Iterations 2: 86000
INFO     Iterations 0: 95000
INFO     Iterations 4: 89000
INFO     Iterations 1: 89000
INFO     Iterations 6: 96000
INFO     Iterations 7: 92000
INFO     Iterations 5: 87000
INFO     Iterations 3: 88000
INFO     Iterations 8: 85000
INFO     Iterations 9: 78000
INFO     Iterations 12: 79000
INFO     Iterations 11: 74000
INFO     Iterations 10: 74000
INFO     Iterations 13: 84000
INFO     Iterations 14: 77000
INFO     Iterations 15: 71000
INFO     Policy 0: dracometeor visited 65.54% avg_score=0.471 sample_chance_multiplier=0.062
INFO     Policy 1: dracometeor visited 55.61% avg_score=0.426 sample_chance_multiplier=0.062
INFO     Policy 2: dracometeor visited 37.89% avg_score=0.441 sample_chance_multiplier=0.062
INFO     Policy 3: dracometeor visited 56.16% avg_score=0.452 sample_chance_multiplier=0.062
INFO     Policy 4: dracometeor visited 44.55% avg_score=0.414 sample_chance_multiplier=0.062
INFO     Policy 5: dracometeor visited 65.58% avg_score=0.478 sample_chance_multiplier=0.062
INFO     Policy 6: flamethrower visited 42.35% avg_score=0.475 sample_chance_multiplier=0.062
INFO     Policy 7: switch wyrdeer visited 69.62% avg_score=0.482 sample_chance_multiplier=0.062
INFO     Policy 8: dracometeor visited 39.42% avg_score=0.468 sample_chance_multiplier=0.062
INFO     Policy 9: dracometeor visited 57.48% avg_score=0.397 sample_chance_multiplier=0.062
INFO     Policy 10: dracometeor visited 79.48% avg_score=0.525 sample_chance_multiplier=0.062
INFO     Policy 11: hurricane visited 29.93% avg_score=0.444 sample_chance_multiplier=0.062
INFO     Policy 12: dracometeor visited 46.26% avg_score=0.399 sample_chance_multiplier=0.062
INFO     Policy 13: dracometeor visited 57.36% avg_score=0.492 sample_chance_multiplier=0.062
INFO     Policy 14: dracometeor visited 74.54% avg_score=0.514 sample_chance_multiplier=0.062
INFO     Policy 15: dracometeor visited 85.97% avg_score=0.546 sample_chance_multiplier=0.062
INFO     Considered Choices:
INFO     	51.2%: dracometeor
INFO     Choice: dracometeor
INFO     Updated espeon's max speed to 249
INFO     noivern already has the move dracometeor. Decrementing the PP by 1
INFO     noivern used a dragon move, removing dragongem from possible items
INFO     Setting noivern's last used move: dracometeor
INFO     noivern used a damaging move - not guessing lifeorb anymore
INFO     noivern did 52.0% damage to espeon with dracometeor
INFO     noivern's special-attack was unboosted by 2 to -2
INFO     espeon used a status-move. Adding `assaultvest` to impossible items
INFO     Setting espeon's last used move: morningsun
INFO     espeon has less than maxhp during upkeep, no longer guessing leftovers or blacksludge
INFO     Sampling battle 0
INFO     	         espeon  magicbounce      lifeorb [alluringvoice, morningsun, psychic, shadowball] ttype=psychic
INFO     	            muk  poisontouch    leftovers [drainpunch, gunkshot, haze, knockoff] ttype=dark
INFO     Sampling 2 unrevealed pokemon
INFO     	        slaking       truant   choiceband [doubleedge, earthquake, gigaimpact, knockoff] ttype=ghost
INFO     	squawkabillyyellow       hustle   choiceband [bravebird, doubleedge, foulplay, quickattack] ttype=flying
INFO     Sampling battle 1
INFO     	         espeon  magicbounce      lifeorb [alluringvoice, calmmind, morningsun, psychic] ttype=psychic
INFO     	            muk  poisontouch    leftovers [drainpunch, haze, knockoff, poisonjab] ttype=dark
INFO     Sampling 2 unrevealed pokemon
INFO     	       sunflora  chlorophyll      lifeorb [earthpower, solarbeam, sunnyday, weatherball] ttype=fire
INFO     	      azumarill    hugepower   choiceband [aquajet, liquidation, playrough, superpower] ttype=water
INFO     Sampling battle 2
INFO     	         espeon  magicbounce      lifeorb [alluringvoice, calmmind, morningsun, psychic] ttype=fairy
INFO     	            muk  poisontouch    leftovers [drainpunch, knockoff, poisonjab, toxicspikes] ttype=dark
INFO     Sampling 2 unrevealed pokemon
INFO     	          azelf     levitate      lifeorb [dazzlinggleam, fireblast, nastyplot, psychic] ttype=fairy
INFO     	          ditto     imposter  choicescarf [transform] ttype=ghost
INFO     Sampling battle 3
INFO     	         espeon  magicbounce      lifeorb [alluringvoice, morningsun, psychic, shadowball] ttype=fairy
INFO     	            muk  poisontouch    leftovers [drainpunch, gunkshot, knockoff, toxicspikes] ttype=dark
INFO     Sampling 2 unrevealed pokemon
INFO     	        persian   technician    silkscarf [doubleedge, fakeout, knockoff, uturn] ttype=normal
INFO     	       overqwil   intimidate   loadeddice [crunch, gunkshot, scaleshot, swordsdance] ttype=dragon
INFO     Sampling battle 4
INFO     	         espeon  magicbounce      lifeorb [alluringvoice, morningsun, psychic, shadowball] ttype=fairy
INFO     	            muk  poisontouch    leftovers [drainpunch, knockoff, poisonjab, toxicspikes] ttype=dark
INFO     Sampling 2 unrevealed pokemon
INFO     	        tropius      harvest  sitrusberry [airslash, leechseed, protect, substitute] ttype=steel
INFO     	         minior  shieldsdown    whiteherb [acrobatics, earthquake, powergem, shellsmash] ttype=ground
INFO     Sampling battle 5
INFO     	         espeon  magicbounce      lifeorb [alluringvoice, calmmind, morningsun, psyshock] ttype=psychic
INFO     	            muk  poisontouch    leftovers [drainpunch, gunkshot, haze, knockoff] ttype=dark
INFO     Sampling 2 unrevealed pokemon
INFO     	        suicune     pressure    leftovers [calmmind, protect, scald, substitute] ttype=steel
INFO     	    roaringmoon protosynthesis   choiceband [ironhead, knockoff, outrage, uturn] ttype=steel
INFO     Sampling battle 6
INFO     	         espeon  magicbounce      lifeorb [alluringvoice, morningsun, psychic, shadowball] ttype=psychic
INFO     	            muk  poisontouch    leftovers [drainpunch, gunkshot, haze, knockoff] ttype=dark
INFO     Sampling 2 unrevealed pokemon
INFO     	        haxorus  moldbreaker     lumberry [closecombat, dragondance, ironhead, outrage] ttype=steel
INFO     	   arceusflying    multitype     skyplate [calmmind, earthpower, judgment, recover] ttype=steel
INFO     Sampling battle 7
INFO     	         espeon  magicbounce      lifeorb [alluringvoice, calmmind, morningsun, psyshock] ttype=fairy
INFO     	            muk  poisontouch    leftovers [drainpunch, knockoff, poisonjab, toxicspikes] ttype=dark
INFO     Sampling 2 unrevealed pokemon
INFO     	  articunogalar  competitive heavydutyboots [calmmind, freezingglare, hurricane, recover] ttype=steel
INFO     	         glalie   innerfocus heavydutyboots [earthquake, freezedry, spikes, taunt] ttype=ground
INFO     Sampling battle 8
INFO     	         espeon  magicbounce      lifeorb [alluringvoice, calmmind, morningsun, psyshock] ttype=fairy
INFO     	            muk  poisontouch    leftovers [drainpunch, haze, knockoff, poisonjab] ttype=dark
INFO     Sampling 2 unrevealed pokemon
INFO     	          lugia   multiscale heavydutyboots [aeroblast, calmmind, earthpower, recover] ttype=ground
INFO     	 ninetalesalola  snowwarning    lightclay [auroraveil, blizzard, freezedry, moonblast] ttype=steel
INFO     Sampling battle 9
INFO     	         espeon  magicbounce      lifeorb [calmmind, morningsun, psyshock, shadowball] ttype=psychic
INFO     	            muk  poisontouch    leftovers [drainpunch, knockoff, poisonjab, toxicspikes] ttype=dark
INFO     Sampling 2 unrevealed pokemon
INFO     	       meowstic    prankster    lightclay [lightscreen, psychicnoise, reflect, yawn] ttype=fairy
INFO     	  arcaninehisui     rockhead   choiceband [closecombat, extremespeed, flareblitz, headsmash] ttype=rock
INFO     Sampling battle 10
INFO     	         espeon  magicbounce      lifeorb [alluringvoice, morningsun, psyshock, shadowball] ttype=psychic
INFO     	            muk  poisontouch    leftovers [drainpunch, knockoff, poisonjab, toxicspikes] ttype=dark
INFO     Sampling 2 unrevealed pokemon
INFO     	       lycanroc     sandrush      lifeorb [closecombat, stoneedge, swordsdance, taunt] ttype=fighting
INFO     	        suicune     pressure    leftovers [calmmind, protect, scald, substitute] ttype=steel
INFO     Sampling battle 11
INFO     	         espeon  magicbounce      lifeorb [alluringvoice, morningsun, psyshock, shadowball] ttype=fairy
INFO     	            muk  poisontouch    leftovers [drainpunch, gunkshot, haze, knockoff] ttype=dark
INFO     Sampling 2 unrevealed pokemon
INFO     	       drifblim     unburden  sitrusberry [airslash, calmmind, shadowball, strengthsap] ttype=steel
INFO     	       cloyster    skilllink    whiteherb [hydropump, iciclespear, rockblast, shellsmash] ttype=ice
INFO     Sampling battle 12
INFO     	         espeon  magicbounce      lifeorb [alluringvoice, calmmind, morningsun, psychic] ttype=fairy
INFO     	            muk  poisontouch    leftovers [drainpunch, knockoff, poisonjab, toxicspikes] ttype=dark
INFO     Sampling 2 unrevealed pokemon
INFO     	    arceussteel    multitype    ironplate [calmmind, earthpower, judgment, recover] ttype=ghost
INFO     	        altaria  naturalcure heavydutyboots [bravebird, defog, haze, roost] ttype=steel
INFO     Sampling battle 13
INFO     	         espeon  magicbounce      lifeorb [alluringvoice, calmmind, morningsun, psyshock] ttype=psychic
INFO     	            muk  poisontouch    leftovers [drainpunch, gunkshot, knockoff, toxicspikes] ttype=dark
INFO     Sampling 2 unrevealed pokemon
INFO     	       cinccino   technician   loadeddice [bulletseed, tailslap, tidyup, tripleaxel] ttype=normal
INFO     	     golemalola    galvanize   choiceband [doubleedge, earthquake, explosion, stoneedge] ttype=electric
INFO     Sampling battle 14
INFO     	         espeon  magicbounce      lifeorb [calmmind, morningsun, psyshock, shadowball] ttype=psychic
INFO     	            muk  poisontouch    leftovers [drainpunch, haze, knockoff, poisonjab] ttype=dark
INFO     Sampling 2 unrevealed pokemon
INFO     	     calyrexice asoneglastrier weaknesspolicy [agility, closecombat, glaciallance, highhorsepower] ttype=ground
INFO     	      terrakion    justified   choiceband [closecombat, earthquake, quickattack, stoneedge] ttype=fighting
INFO     Sampling battle 15
INFO     	         espeon  magicbounce      lifeorb [alluringvoice, morningsun, psyshock, shadowball] ttype=psychic
INFO     	            muk  poisontouch    leftovers [drainpunch, knockoff, poisonjab, toxicspikes] ttype=dark
INFO     Sampling 2 unrevealed pokemon
INFO     	        heatran    flashfire   airballoon [earthpower, heavyslam, magmastorm, stealthrock] ttype=flying
INFO     	    oricoriopau       dancer heavydutyboots [hurricane, quiverdance, revelationdance, roost] ttype=fighting
INFO     Searching for a move using MCTS...
INFO     Sampling 16 battles at 500ms each
INFO     Iterations 4: 139000
INFO     Iterations 3: 133000
INFO     Iterations 5: 131000
INFO     Iterations 1: 128000
INFO     Iterations 0: 131000
INFO     Iterations 2: 128000
INFO     Iterations 7: 139000
INFO     Iterations 6: 143000
INFO     Iterations 8: 123000
INFO     Iterations 9: 129000
INFO     Iterations 11: 131000
INFO     Iterations 10: 130000
INFO     Iterations 12: 141000
INFO     Iterations 14: 130000
INFO     Iterations 13: 137000
INFO     Iterations 15: 128000
INFO     Policy 0: switch scyther visited 62.53% avg_score=0.379 sample_chance_multiplier=0.062
INFO     Policy 1: switch scyther visited 76.75% avg_score=0.492 sample_chance_multiplier=0.062
INFO     Policy 2: switch wyrdeer visited 96.12% avg_score=0.621 sample_chance_multiplier=0.062
INFO     Policy 3: switch cryogonal visited 72.55% avg_score=0.463 sample_chance_multiplier=0.062
INFO     Policy 4: switch cryogonal visited 89.84% avg_score=0.515 sample_chance_multiplier=0.062
INFO     Policy 5: switch scyther visited 90.84% avg_score=0.504 sample_chance_multiplier=0.062
INFO     Policy 6: switch cryogonal visited 72.78% avg_score=0.507 sample_chance_multiplier=0.062
INFO     Policy 7: switch lumineon visited 57.71% avg_score=0.499 sample_chance_multiplier=0.062
INFO     Policy 8: switch scyther visited 72.89% avg_score=0.382 sample_chance_multiplier=0.062
INFO     Policy 9: switch wyrdeer visited 82.37% avg_score=0.516 sample_chance_multiplier=0.062
INFO     Policy 10: switch scyther visited 87.13% avg_score=0.503 sample_chance_multiplier=0.062
INFO     Policy 11: switch scyther visited 48.77% avg_score=0.452 sample_chance_multiplier=0.062
INFO     Policy 12: switch scyther visited 72.84% avg_score=0.513 sample_chance_multiplier=0.062
INFO     Policy 13: switch wyrdeer visited 90.4% avg_score=0.495 sample_chance_multiplier=0.062
INFO     Policy 14: switch scyther visited 50.72% avg_score=0.497 sample_chance_multiplier=0.062
INFO     Policy 15: switch lumineon visited 69.04% avg_score=0.486 sample_chance_multiplier=0.062
INFO     Considered Choices:
INFO     	41.172%: switch scyther
INFO     Choice: switch scyther
INFO     scyther switched in, adding intimidate to impossible abilities
INFO     scyther switched in, adding pressure to impossible abilities
INFO     scyther switched in, adding neutralizinggas to impossible abilities
INFO     scyther switched in, adding sandstream to impossible abilities
INFO     scyther switched in, adding drought to impossible abilities
INFO     scyther switched in, adding drizzle to impossible abilities
INFO     scyther switched in, adding snowwarning to impossible abilities
INFO     scyther switched in, adding boosterenergy to impossible items
INFO     scyther switched in, adding airballoon to impossible items
INFO     
INFO     Turn: 11
INFO     Sampling battle 0
INFO     	         espeon  magicbounce      lifeorb [alluringvoice, morningsun, psychic, shadowball] ttype=psychic
INFO     	            muk  poisontouch    leftovers [drainpunch, haze, knockoff, poisonjab] ttype=dark
INFO     Sampling 2 unrevealed pokemon
INFO     	       sunflora  chlorophyll      lifeorb [earthpower, solarbeam, sunnyday, weatherball] ttype=fire
INFO     	      azumarill    hugepower   choiceband [aquajet, liquidation, playrough, superpower] ttype=water
INFO     Sampling battle 1
INFO     	         espeon  magicbounce      lifeorb [alluringvoice, morningsun, psyshock, shadowball] ttype=fairy
INFO     	            muk  poisontouch    leftovers [drainpunch, knockoff, poisonjab, toxicspikes] ttype=dark
INFO     Sampling 2 unrevealed pokemon
INFO     	       garchomp    roughskin   loadeddice [earthquake, ironhead, scaleshot, swordsdance] ttype=ground
INFO     	       articuno     pressure heavydutyboots [bravebird, freezedry, roost, uturn] ttype=steel
INFO     Sampling battle 2
INFO     	         espeon  magicbounce      lifeorb [calmmind, morningsun, psychic, shadowball] ttype=psychic
INFO     	            muk  poisontouch    leftovers [drainpunch, haze, knockoff, poisonjab] ttype=dark
INFO     Sampling 2 unrevealed pokemon
INFO     	    arceuswater    multitype  splashplate [calmmind, judgment, recover, willowisp] ttype=steel
INFO     	        wyrdeer   intimidate    leftovers [earthquake, megahorn, psychicnoise, thunderwave] ttype=ground
INFO     Sampling battle 3
INFO     	         espeon  magicbounce      lifeorb [alluringvoice, calmmind, morningsun, psyshock] ttype=psychic
INFO     	            muk  poisontouch    leftovers [drainpunch, gunkshot, knockoff, toxicspikes] ttype=dark
INFO     Sampling 2 unrevealed pokemon
INFO     	  oricoriosensu       dancer heavydutyboots [hurricane, quiverdance, revelationdance, roost] ttype=fighting
INFO     	       meloetta  serenegrace      lifeorb [closecombat, knockoff, relicsong, tripleaxel] ttype=fighting
INFO     Sampling battle 4
INFO     	         espeon  magicbounce      lifeorb [alluringvoice, morningsun, psychic, shadowball] ttype=fairy
INFO     	            muk  poisontouch    leftovers [drainpunch, knockoff, poisonjab, toxicspikes] ttype=dark
INFO     Sampling 2 unrevealed pokemon
INFO     	     oinkologne     thickfat    leftovers [bodyslam, curse, highhorsepower, lashout] ttype=ground
INFO     	  samurotthisui    sharpness      lifeorb [ceaselessedge, razorshell, sacredsword, swordsdance] ttype=poison
INFO     Sampling battle 5
INFO     	         espeon  magicbounce      lifeorb [alluringvoice, morningsun, psyshock, shadowball] ttype=psychic
INFO     	            muk  poisontouch    leftovers [drainpunch, haze, knockoff, poisonjab] ttype=dark
INFO     Sampling 2 unrevealed pokemon
INFO     	      electrode       static heavydutyboots [explosion, thunderbolt, thunderwave, voltswitch] ttype=electric
INFO     	squawkabillyyellow       hustle   choiceband [bravebird, doubleedge, foulplay, quickattack] ttype=flying
INFO     Sampling battle 6
INFO     	         espeon  magicbounce      lifeorb [alluringvoice, calmmind, morningsun, psychic] ttype=psychic
INFO     	            muk  poisontouch    leftovers [drainpunch, haze, knockoff, poisonjab] ttype=dark
INFO     Sampling 2 unrevealed pokemon
INFO     	        pikachu lightningrod    lightball [fakeout, surf, voltswitch, volttackle] ttype=water
INFO     	 keldeoresolute    justified    leftovers [calmmind, hydropump, secretsword, substitute] ttype=steel
INFO     Sampling battle 7
INFO     	         espeon  magicbounce      lifeorb [alluringvoice, calmmind, morningsun, psychic] ttype=fairy
INFO     	            muk  poisontouch    leftovers [drainpunch, gunkshot, haze, knockoff] ttype=dark
INFO     Sampling 2 unrevealed pokemon
INFO     	        florges   flowerveil    leftovers [calmmind, moonblast, protect, wish] ttype=steel
INFO     	landorustherian   intimidate    leftovers [earthquake, stoneedge, taunt, uturn] ttype=ground
INFO     Sampling battle 8
INFO     	         espeon  magicbounce      lifeorb [calmmind, morningsun, psyshock, shadowball] ttype=psychic
INFO     	            muk  poisontouch    leftovers [drainpunch, gunkshot, haze, knockoff] ttype=dark
INFO     Sampling 2 unrevealed pokemon
INFO     	       articuno     pressure heavydutyboots [bravebird, freezedry, roost, uturn] ttype=steel
INFO     	        ariados     insomnia    focussash [knockoff, megahorn, poisonjab, stickyweb] ttype=ghost
INFO     Sampling battle 9
INFO     	         espeon  magicbounce      lifeorb [calmmind, morningsun, psychic, shadowball] ttype=psychic
INFO     	            muk  poisontouch    leftovers [drainpunch, gunkshot, knockoff, toxicspikes] ttype=dark
INFO     Sampling 2 unrevealed pokemon
INFO     	       camerupt    solidrock    leftovers [earthquake, overheat, stealthrock, willowisp] ttype=water
INFO     	       landorus   sheerforce      lifeorb [earthpower, focusblast, nastyplot, sludgewave] ttype=ground
INFO     Sampling battle 10
INFO     	         espeon  magicbounce      lifeorb [alluringvoice, morningsun, psyshock, shadowball] ttype=psychic
INFO     	            muk  poisontouch    leftovers [drainpunch, knockoff, poisonjab, toxicspikes] ttype=dark
INFO     Sampling 2 unrevealed pokemon
INFO     	     eelektross     levitate    leftovers [coil, drainpunch, knockoff, supercellslam] ttype=fighting
INFO     	 keldeoresolute    justified    leftovers [calmmind, secretsword, substitute, surf] ttype=steel
INFO     Sampling battle 11
INFO     	         espeon  magicbounce      lifeorb [alluringvoice, morningsun, psychic, shadowball] ttype=fairy
INFO     	            muk  poisontouch    leftovers [drainpunch, knockoff, poisonjab, toxicspikes] ttype=dark
INFO     Sampling 2 unrevealed pokemon
INFO     	           hooh  regenerator heavydutyboots [bravebird, earthquake, recover, sacredfire] ttype=ground
INFO     	         raikou     pressure    leftovers [calmmind, scald, substitute, thunderbolt] ttype=grass
INFO     Sampling battle 12
INFO     	         espeon  magicbounce      lifeorb [alluringvoice, calmmind, morningsun, psychic] ttype=psychic
INFO     	            muk  poisontouch    leftovers [drainpunch, knockoff, poisonjab, toxicspikes] ttype=dark
INFO     Sampling 2 unrevealed pokemon
INFO     	       overqwil   intimidate   loadeddice [crunch, gunkshot, scaleshot, swordsdance] ttype=dragon
INFO     	    oricoriopau       dancer heavydutyboots [hurricane, quiverdance, revelationdance, roost] ttype=fighting
INFO     Sampling battle 13
INFO     	         espeon  magicbounce      lifeorb [alluringvoice, calmmind, morningsun, psyshock] ttype=psychic
INFO     	            muk  poisontouch    leftovers [drainpunch, knockoff, poisonjab, toxicspikes] ttype=dark
INFO     Sampling 2 unrevealed pokemon
INFO     	       magcargo    weakarmor heavydutyboots [earthpower, fireblast, powergem, shellsmash] ttype=dragon
INFO     	        palafin   zerotohero   choiceband [closecombat, flipturn, jetpunch, wavecrash] ttype=water
INFO     Sampling battle 14
INFO     	         espeon  magicbounce      lifeorb [alluringvoice, calmmind, morningsun, psyshock] ttype=fairy
INFO     	            muk  poisontouch    leftovers [drainpunch, haze, knockoff, poisonjab] ttype=dark
INFO     Sampling 2 unrevealed pokemon
INFO     	         gogoat    sapsipper    leftovers [bulkup, earthquake, hornleech, milkdrink] ttype=ground
INFO     	        suicune     pressure    leftovers [calmmind, rest, scald, sleeptalk] ttype=steel
INFO     Sampling battle 15
INFO     	         espeon  magicbounce      lifeorb [alluringvoice, calmmind, morningsun, psychic] ttype=psychic
INFO     	            muk  poisontouch    leftovers [drainpunch, haze, knockoff, poisonjab] ttype=dark
INFO     Sampling 2 unrevealed pokemon
INFO     	        kingdra       sniper     lumberry [dragondance, outrage, waterfall, wavecrash] ttype=water
INFO     	       regirock    clearbody  chestoberry [bodypress, curse, rest, stoneedge] ttype=fighting
INFO     Searching for a move using MCTS...
INFO     Sampling 16 battles at 500ms each
INFO     Iterations 0: 79000
INFO     Iterations 5: 94000
INFO     Iterations 4: 83000
INFO     Iterations 1: 98000
INFO     Iterations 2: 93000
INFO     Iterations 6: 96000
INFO     Iterations 3: 87000
INFO     Iterations 7: 93000
INFO     Iterations 11: 77000
INFO     Iterations 9: 80000
INFO     Iterations 10: 83000
INFO     Iterations 8: 85000
INFO     Iterations 13: 75000
INFO     Iterations 12: 72000
INFO     Iterations 14: 81000
INFO     Iterations 15: 82000
INFO     Policy 0: bugbite visited 59.75% avg_score=0.505 sample_chance_multiplier=0.062
INFO     Policy 1: dualwingbeat visited 28.32% avg_score=0.451 sample_chance_multiplier=0.062
INFO     Policy 2: bugbite visited 68.65% avg_score=0.502 sample_chance_multiplier=0.062
INFO     Policy 3: bugbite visited 38.88% avg_score=0.431 sample_chance_multiplier=0.062
INFO     Policy 4: bugbite visited 83.94% avg_score=0.53 sample_chance_multiplier=0.062
INFO     Policy 5: bugbite visited 48.29% avg_score=0.498 sample_chance_multiplier=0.062
INFO     Policy 6: bugbite visited 49.17% avg_score=0.502 sample_chance_multiplier=0.062
INFO     Policy 7: bugbite visited 53.59% avg_score=0.454 sample_chance_multiplier=0.062
INFO     Policy 8: switch wyrdeer visited 29.82% avg_score=0.455 sample_chance_multiplier=0.062
INFO     Policy 9: bugbite visited 56.05% avg_score=0.533 sample_chance_multiplier=0.062
INFO     Policy 10: bugbite visited 44.59% avg_score=0.412 sample_chance_multiplier=0.062
INFO     Policy 11: bugbite visited 45.57% avg_score=0.461 sample_chance_multiplier=0.062
INFO     Policy 12: bugbite visited 59.54% avg_score=0.433 sample_chance_multiplier=0.062
INFO     Policy 13: switch wyrdeer visited 82.11% avg_score=0.528 sample_chance_multiplier=0.062
INFO     Policy 14: bugbite visited 78.35% avg_score=0.542 sample_chance_multiplier=0.062
INFO     Policy 15: switch wyrdeer visited 41.26% avg_score=0.402 sample_chance_multiplier=0.062
INFO     Considered Choices:
INFO     	47.972%: bugbite
INFO     Choice: bugbite
INFO     Updated espeon's min speed to 219
INFO     espeon used two different moves - it cannot have a choice item
INFO     espeon used a psychic move, removing psychicgem from possible items
INFO     Setting espeon's last used move: psyshock
INFO     espeon used a damaging move - not guessing lifeorb anymore
INFO     espeon did 57.03% damage to scyther with psyshock
INFO     Setting espeon's item to: lifeorb
INFO     scyther already has the move bugbite. Decrementing the PP by 1
INFO     scyther used a bug move, removing buggem from possible items
INFO     Setting scyther's last used move: bugbite
INFO     scyther used a damaging move - not guessing lifeorb anymore
INFO     scyther did 88.0% damage to espeon with bugbite
INFO     espeon has less than maxhp during upkeep, no longer guessing leftovers or blacksludge
INFO     Opponent has switched - clearing the last used move
INFO     enamorus switched in, adding intimidate to impossible abilities
INFO     enamorus switched in, adding pressure to impossible abilities
INFO     enamorus switched in, adding neutralizinggas to impossible abilities
INFO     enamorus switched in, adding sandstream to impossible abilities
INFO     enamorus switched in, adding drought to impossible abilities
INFO     enamorus switched in, adding drizzle to impossible abilities
INFO     enamorus switched in, adding snowwarning to impossible abilities
INFO     enamorus switched in, adding boosterenergy to impossible items
INFO     enamorus switched in, adding airballoon to impossible items
INFO     
INFO     Turn: 12
INFO     Sampling battle 0
INFO     	       enamorus    cutecharm heavydutyboots [calmmind, earthpower, moonblast, mysticalfire] ttype=ground
INFO     	            muk  poisontouch    leftovers [drainpunch, gunkshot, haze, knockoff] ttype=dark
INFO     Sampling 1 unrevealed pokemon
INFO     	       garchomp    roughskin   loadeddice [earthquake, firefang, scaleshot, swordsdance] ttype=fire
INFO     Sampling battle 1
INFO     	       enamorus    cutecharm heavydutyboots [calmmind, earthpower, moonblast, mysticalfire] ttype=ground
INFO     	            muk  poisontouch    leftovers [drainpunch, haze, knockoff, poisonjab] ttype=dark
INFO     Sampling 1 unrevealed pokemon
INFO     	       politoed      drizzle  choicespecs [focusblast, hydropump, icebeam, weatherball] ttype=water
INFO     Sampling battle 2
INFO     	       enamorus     contrary    leftovers [playrough, substitute, superpower, taunt] ttype=fighting
INFO     	            muk  poisontouch    leftovers [drainpunch, knockoff, poisonjab, toxicspikes] ttype=dark
INFO     Sampling 1 unrevealed pokemon
INFO     	     whimsicott    prankster    leftovers [encore, leechseed, moonblast, substitute] ttype=poison
INFO     Sampling battle 3
INFO     	       enamorus    cutecharm heavydutyboots [calmmind, earthpower, moonblast, mysticalfire] ttype=ground
INFO     	            muk  poisontouch    leftovers [drainpunch, haze, knockoff, poisonjab] ttype=dark
INFO     Sampling 1 unrevealed pokemon
INFO     	        slowbro  regenerator  rockyhelmet [calmmind, psyshock, scald, slackoff] ttype=poison
INFO     Sampling battle 4
INFO     	       enamorus    cutecharm heavydutyboots [calmmind, earthpower, moonblast, mysticalfire] ttype=ground
INFO     	            muk  poisontouch    leftovers [drainpunch, haze, knockoff, poisonjab] ttype=dark
INFO     Sampling 1 unrevealed pokemon
INFO     	      excadrill  moldbreaker    leftovers [earthquake, ironhead, rapidspin, swordsdance] ttype=ground
INFO     Sampling battle 5
INFO     	       enamorus    cutecharm    leftovers [calmmind, earthpower, moonblast, substitute] ttype=ground
INFO     	            muk  poisontouch    leftovers [drainpunch, gunkshot, haze, knockoff] ttype=dark
INFO     Sampling 1 unrevealed pokemon
INFO     	     galvantula compoundeyes heavydutyboots [bugbuzz, stickyweb, thunder, voltswitch] ttype=electric
INFO     Sampling battle 6
INFO     	       enamorus    cutecharm    leftovers [calmmind, earthpower, moonblast, substitute] ttype=ground
INFO     	            muk  poisontouch    leftovers [drainpunch, knockoff, poisonjab, toxicspikes] ttype=dark
INFO     Sampling 1 unrevealed pokemon
INFO     	        flareon         guts     toxicorb [facade, flareblitz, trailblaze, willowisp] ttype=normal
INFO     Sampling battle 7
INFO     	       enamorus     contrary    leftovers [playrough, substitute, superpower, zenheadbutt] ttype=fighting
INFO     	            muk  poisontouch    leftovers [drainpunch, gunkshot, haze, knockoff] ttype=dark
INFO     Sampling 1 unrevealed pokemon
INFO     	       drifblim     unburden  sitrusberry [airslash, calmmind, shadowball, strengthsap] ttype=steel
INFO     Sampling battle 8
INFO     	       enamorus     contrary heavydutyboots [playrough, superpower, taunt, zenheadbutt] ttype=fighting
INFO     	            muk  poisontouch    leftovers [drainpunch, gunkshot, haze, knockoff] ttype=dark
INFO     Sampling 1 unrevealed pokemon
INFO     	     ironthorns   quarkdrive   airballoon [earthquake, stealthrock, stoneedge, wildcharge] ttype=water
INFO     Sampling battle 9
INFO     	       enamorus     contrary heavydutyboots [playrough, superpower, taunt, zenheadbutt] ttype=fighting
INFO     	            muk  poisontouch    leftovers [drainpunch, gunkshot, knockoff, toxicspikes] ttype=dark
INFO     Sampling 1 unrevealed pokemon
INFO     	      sandslash     sandrush  assaultvest [earthquake, knockoff, rapidspin, stoneedge] ttype=steel
INFO     Sampling battle 10
INFO     	       enamorus    cutecharm    leftovers [calmmind, earthpower, moonblast, substitute] ttype=ground
INFO     	            muk  poisontouch    leftovers [drainpunch, gunkshot, haze, knockoff] ttype=dark
INFO     Sampling 1 unrevealed pokemon
INFO     	      hitmontop   technician    leftovers [bulkup, closecombat, rapidspin, tripleaxel] ttype=ice
INFO     Sampling battle 11
INFO     	       enamorus    cutecharm heavydutyboots [calmmind, earthpower, moonblast, mysticalfire] ttype=ground
INFO     	            muk  poisontouch    leftovers [drainpunch, knockoff, poisonjab, toxicspikes] ttype=dark
INFO     Sampling 1 unrevealed pokemon
INFO     	tornadustherian  regenerator  assaultvest [bleakwindstorm, heatwave, knockoff, uturn] ttype=dark
INFO     Sampling battle 12
INFO     	       enamorus     contrary    leftovers [playrough, substitute, superpower, taunt] ttype=fighting
INFO     	            muk  poisontouch    leftovers [drainpunch, knockoff, poisonjab, toxicspikes] ttype=dark
INFO     Sampling 1 unrevealed pokemon
INFO     	         flygon     levitate   choiceband [earthquake, outrage, stoneedge, uturn] ttype=ground
INFO     Sampling battle 13
INFO     	       enamorus    cutecharm heavydutyboots [calmmind, earthpower, moonblast, mysticalfire] ttype=ground
INFO     	            muk  poisontouch    leftovers [drainpunch, knockoff, poisonjab, toxicspikes] ttype=dark
INFO     Sampling 1 unrevealed pokemon
INFO     	          lugia   multiscale heavydutyboots [aeroblast, calmmind, psychicnoise, recover] ttype=steel
INFO     Sampling battle 14
INFO     	       enamorus    cutecharm heavydutyboots [calmmind, earthpower, moonblast, mysticalfire] ttype=ground
INFO     	            muk  poisontouch    leftovers [drainpunch, knockoff, poisonjab, toxicspikes] ttype=dark
INFO     Sampling 1 unrevealed pokemon
INFO     	       politoed      drizzle  choicespecs [focusblast, hydropump, icebeam, weatherball] ttype=water
INFO     Sampling battle 15
INFO     	       enamorus     contrary heavydutyboots [playrough, superpower, taunt, zenheadbutt] ttype=fighting
INFO     	            muk  poisontouch    leftovers [drainpunch, knockoff, poisonjab, toxicspikes] ttype=dark
INFO     Sampling 1 unrevealed pokemon
INFO     	    meowscarada      protean heavydutyboots [flowertrick, knockoff, toxicspikes, uturn] ttype=grass
INFO     Searching for a move using MCTS...
INFO     Sampling 16 battles at 500ms each
INFO     Iterations 6: 87000
INFO     Iterations 7: 88000
INFO     Iterations 3: 94000
INFO     Iterations 5: 85000
INFO     Iterations 0: 85000
INFO     Iterations 4: 87000
INFO     Iterations 1: 81000
INFO     Iterations 2: 85000
INFO     Iterations 8: 72000
INFO     Iterations 12: 74000
INFO     Iterations 14: 71000
INFO     Iterations 10: 74000
INFO     Iterations 9: 78000
INFO     Iterations 11: 72000
INFO     Iterations 15: 76000
INFO     Iterations 13: 82000
INFO     Policy 0: dualwingbeat visited 94.88% avg_score=0.54 sample_chance_multiplier=0.062
INFO     Policy 1: dualwingbeat visited 90.87% avg_score=0.478 sample_chance_multiplier=0.062
INFO     Policy 2: dualwingbeat visited 94.97% avg_score=0.588 sample_chance_multiplier=0.062
INFO     Policy 3: dualwingbeat visited 82.0% avg_score=0.43 sample_chance_multiplier=0.062
INFO     Policy 4: dualwingbeat visited 92.48% avg_score=0.476 sample_chance_multiplier=0.062
INFO     Policy 5: dualwingbeat visited 91.93% avg_score=0.539 sample_chance_multiplier=0.062
INFO     Policy 6: dualwingbeat visited 75.8% avg_score=0.403 sample_chance_multiplier=0.062
INFO     Policy 7: swordsdance visited 49.18% avg_score=0.499 sample_chance_multiplier=0.062
INFO     Policy 8: dualwingbeat visited 65.92% avg_score=0.484 sample_chance_multiplier=0.062
INFO     Policy 9: dualwingbeat visited 79.04% avg_score=0.502 sample_chance_multiplier=0.062
INFO     Policy 10: dualwingbeat visited 56.29% avg_score=0.374 sample_chance_multiplier=0.062
INFO     Policy 11: dualwingbeat visited 92.65% avg_score=0.504 sample_chance_multiplier=0.062
INFO     Policy 12: dualwingbeat visited 78.06% avg_score=0.528 sample_chance_multiplier=0.062
INFO     Policy 13: dualwingbeat visited 73.48% avg_score=0.429 sample_chance_multiplier=0.062
INFO     Policy 14: dualwingbeat visited 89.93% avg_score=0.467 sample_chance_multiplier=0.062
INFO     Policy 15: dualwingbeat visited 93.85% avg_score=0.567 sample_chance_multiplier=0.062
INFO     Considered Choices:
INFO     	80.988%: dualwingbeat
INFO     Choice: dualwingbeat
INFO     Updated enamorus's max speed to 219
INFO     scyther already has the move dualwingbeat. Decrementing the PP by 1
INFO     scyther used a flying move, removing flyinggem from possible items
INFO     Setting scyther's last used move: dualwingbeat
INFO     scyther used a damaging move - not guessing lifeorb anymore
INFO     scyther did 31.0% damage to enamorus with dualwingbeat
INFO     enamorus used a fairy move, removing fairygem from possible items
INFO     Setting enamorus's last used move: moonblast
INFO     enamorus used a damaging move - not guessing lifeorb anymore
INFO     enamorus did 42.970000000000006% damage to scyther with moonblast
INFO     enamorus has less than maxhp during upkeep, no longer guessing leftovers or blacksludge
INFO     Sampling battle 0
INFO     	       enamorus    cutecharm heavydutyboots [calmmind, earthpower, moonblast, mysticalfire] ttype=ground
INFO     	            muk  poisontouch    leftovers [drainpunch, gunkshot, haze, knockoff] ttype=dark
INFO     Sampling 1 unrevealed pokemon
INFO     	        umbreon  synchronize    leftovers [foulplay, protect, toxic, wish] ttype=poison
INFO     Sampling battle 1
INFO     	       enamorus    cutecharm heavydutyboots [calmmind, earthpower, moonblast, mysticalfire] ttype=ground
INFO     	            muk  poisontouch    leftovers [drainpunch, knockoff, poisonjab, toxicspikes] ttype=dark
INFO     Sampling 1 unrevealed pokemon
INFO     	        milotic  competitive    leftovers [haze, icebeam, recover, scald] ttype=dragon
INFO     Sampling battle 2
INFO     	       enamorus    cutecharm heavydutyboots [calmmind, earthpower, moonblast, mysticalfire] ttype=ground
INFO     	            muk  poisontouch    leftovers [drainpunch, knockoff, poisonjab, toxicspikes] ttype=dark
INFO     Sampling 1 unrevealed pokemon
INFO     	          lugia   multiscale heavydutyboots [aeroblast, calmmind, earthpower, recover] ttype=steel
INFO     Sampling battle 3
INFO     	       enamorus    cutecharm heavydutyboots [calmmind, earthpower, moonblast, mysticalfire] ttype=ground
INFO     	            muk  poisontouch    leftovers [drainpunch, gunkshot, knockoff, toxicspikes] ttype=dark
INFO     Sampling 1 unrevealed pokemon
INFO     	       dusknoir        frisk    leftovers [earthquake, poltergeist, shadowsneak, willowisp] ttype=dark
INFO     Sampling battle 4
INFO     	       enamorus    cutecharm heavydutyboots [calmmind, earthpower, moonblast, mysticalfire] ttype=ground
INFO     	            muk  poisontouch    leftovers [drainpunch, knockoff, poisonjab, toxicspikes] ttype=dark
INFO     Sampling 1 unrevealed pokemon
INFO     	       porygonz adaptability      lifeorb [nastyplot, shadowball, thunderbolt, triattack] ttype=electric
INFO     Sampling battle 5
INFO     	       enamorus    cutecharm heavydutyboots [calmmind, earthpower, moonblast, mysticalfire] ttype=ground
INFO     	            muk  poisontouch    leftovers [drainpunch, gunkshot, haze, knockoff] ttype=dark
INFO     Sampling 1 unrevealed pokemon
INFO     	 lilliganthisui       hustle     widelens [closecombat, leafblade, sleeppowder, victorydance] ttype=steel
INFO     Sampling battle 6
INFO     	       enamorus    cutecharm heavydutyboots [calmmind, earthpower, moonblast, mysticalfire] ttype=ground
INFO     	            muk  poisontouch    leftovers [drainpunch, gunkshot, haze, knockoff] ttype=dark
INFO     Sampling 1 unrevealed pokemon
INFO     	         pyroar      unnerve heavydutyboots [darkpulse, fireblast, hypervoice, workup] ttype=fire
INFO     Sampling battle 7
INFO     	       enamorus    cutecharm heavydutyboots [calmmind, earthpower, moonblast, mysticalfire] ttype=ground
INFO     	            muk  poisontouch    leftovers [drainpunch, gunkshot, haze, knockoff] ttype=dark
INFO     Sampling 1 unrevealed pokemon
INFO     	      probopass   magnetpull    leftovers [bodypress, irondefense, powergem, thunderwave] ttype=fighting
INFO     Sampling battle 8
INFO     	       enamorus    cutecharm heavydutyboots [calmmind, earthpower, moonblast, mysticalfire] ttype=ground
INFO     	            muk  poisontouch    leftovers [drainpunch, gunkshot, knockoff, toxicspikes] ttype=dark
INFO     Sampling 1 unrevealed pokemon
INFO     	squawkabillyblue         guts     flameorb [bravebird, facade, quickattack, uturn] ttype=normal
INFO     Sampling battle 9
INFO     	       enamorus    cutecharm heavydutyboots [calmmind, earthpower, moonblast, mysticalfire] ttype=ground
INFO     	            muk  poisontouch    leftovers [drainpunch, haze, knockoff, poisonjab] ttype=dark
INFO     Sampling 1 unrevealed pokemon
INFO     	       porygon2     download     eviolite [discharge, icebeam, recover, triattack] ttype=electric
INFO     Sampling battle 10
INFO     	       enamorus    cutecharm heavydutyboots [calmmind, earthpower, moonblast, mysticalfire] ttype=ground
INFO     	            muk  poisontouch    leftovers [drainpunch, gunkshot, haze, knockoff] ttype=dark
INFO     Sampling 1 unrevealed pokemon
INFO     	      dragapult  infiltrator heavydutyboots [dragondarts, hex, uturn, willowisp] ttype=dragon
INFO     Sampling battle 11
INFO     	       enamorus    cutecharm heavydutyboots [calmmind, earthpower, moonblast, mysticalfire] ttype=ground
INFO     	            muk  poisontouch    leftovers [drainpunch, gunkshot, haze, knockoff] ttype=dark
INFO     Sampling 1 unrevealed pokemon
INFO     	        calyrex      unnerve    leftovers [calmmind, encore, gigadrain, psychic] ttype=steel
INFO     Sampling battle 12
INFO     	       enamorus    cutecharm heavydutyboots [calmmind, earthpower, moonblast, mysticalfire] ttype=ground
INFO     	            muk  poisontouch    leftovers [drainpunch, gunkshot, haze, knockoff] ttype=dark
INFO     Sampling 1 unrevealed pokemon
INFO     	        chansey  naturalcure     eviolite [healbell, seismictoss, softboiled, thunderwave] ttype=ghost
INFO     Sampling battle 13
INFO     	       enamorus    cutecharm heavydutyboots [calmmind, earthpower, moonblast, mysticalfire] ttype=ground
INFO     	            muk  poisontouch    leftovers [drainpunch, gunkshot, knockoff, toxicspikes] ttype=dark
INFO     Sampling 1 unrevealed pokemon
INFO     	        wochien tabletsofruin    leftovers [knockoff, leechseed, protect, ruination] ttype=poison
INFO     Sampling battle 14
INFO     	       enamorus    cutecharm heavydutyboots [calmmind, earthpower, moonblast, mysticalfire] ttype=ground
INFO     	            muk  poisontouch    leftovers [drainpunch, gunkshot, haze, knockoff] ttype=dark
INFO     Sampling 1 unrevealed pokemon
INFO     	   weezinggalar     levitate    leftovers [defog, gunkshot, painsplit, strangesteam] ttype=steel
INFO     Sampling battle 15
INFO     	       enamorus    cutecharm heavydutyboots [calmmind, earthpower, moonblast, mysticalfire] ttype=ground
INFO     	            muk  poisontouch    leftovers [drainpunch, haze, knockoff, poisonjab] ttype=dark
INFO     Sampling 1 unrevealed pokemon
INFO     	squawkabillywhite       hustle heavydutyboots [bravebird, doubleedge, partingshot, quickattack] ttype=flying
INFO     Searching for a move using MCTS...
INFO     Sampling 16 battles at 500ms each
INFO     Iterations 5: 238000
INFO     Iterations 4: 115000
INFO     Iterations 7: 129000
INFO     Iterations 2: 134000
INFO     Iterations 3: 135000
INFO     Iterations 0: 139000
INFO     Iterations 1: 134000
INFO     Iterations 6: 123000
INFO     Iterations 8: 241000
INFO     Iterations 10: 128000
INFO     Iterations 9: 117000
INFO     Iterations 15: 181000
INFO     Iterations 11: 128000
INFO     Iterations 13: 133000
INFO     Iterations 12: 132000
INFO     Iterations 14: 116000
INFO     Policy 0: switch lumineon visited 48.2% avg_score=0.397 sample_chance_multiplier=0.062
INFO     Policy 1: switch cryogonal visited 42.38% avg_score=0.443 sample_chance_multiplier=0.062
INFO     Policy 2: switch cryogonal visited 91.28% avg_score=0.492 sample_chance_multiplier=0.062
INFO     Policy 3: switch cryogonal visited 52.26% avg_score=0.428 sample_chance_multiplier=0.062
INFO     Policy 4: switch cryogonal visited 96.54% avg_score=0.615 sample_chance_multiplier=0.062
INFO     Policy 5: switch cryogonal visited 99.43% avg_score=0.915 sample_chance_multiplier=0.062
INFO     Policy 6: switch lumineon visited 89.18% avg_score=0.534 sample_chance_multiplier=0.062
INFO     Policy 7: switch wyrdeer visited 95.99% avg_score=0.6 sample_chance_multiplier=0.062
INFO     Policy 8: switch cryogonal visited 99.68% avg_score=0.931 sample_chance_multiplier=0.062
INFO     Policy 9: switch cryogonal visited 85.32% avg_score=0.432 sample_chance_multiplier=0.062
INFO     Policy 10: switch cryogonal visited 98.3% avg_score=0.686 sample_chance_multiplier=0.062
INFO     Policy 11: switch cryogonal visited 97.71% avg_score=0.628 sample_chance_multiplier=0.062
INFO     Policy 12: switch wyrdeer visited 73.97% avg_score=0.496 sample_chance_multiplier=0.062
INFO     Policy 13: switch cryogonal visited 92.22% avg_score=0.493 sample_chance_multiplier=0.062
INFO     Policy 14: switch wyrdeer visited 67.34% avg_score=0.53 sample_chance_multiplier=0.062
INFO     Policy 15: switch cryogonal visited 99.57% avg_score=0.875 sample_chance_multiplier=0.062
INFO     Considered Choices:
INFO     	64.807%: switch cryogonal
INFO     Choice: switch cryogonal
INFO     cryogonal switched in, adding intimidate to impossible abilities
INFO     cryogonal switched in, adding pressure to impossible abilities
INFO     cryogonal switched in, adding neutralizinggas to impossible abilities
INFO     cryogonal switched in, adding sandstream to impossible abilities
INFO     cryogonal switched in, adding drought to impossible abilities
INFO     cryogonal switched in, adding drizzle to impossible abilities
INFO     cryogonal switched in, adding snowwarning to impossible abilities
INFO     cryogonal switched in, adding boosterenergy to impossible items
INFO     cryogonal switched in, adding airballoon to impossible items
INFO     
INFO     Turn: 13
INFO     Sampling battle 0
INFO     	       enamorus    cutecharm heavydutyboots [calmmind, earthpower, moonblast, mysticalfire] ttype=ground
INFO     	            muk  poisontouch    leftovers [drainpunch, knockoff, poisonjab, toxicspikes] ttype=dark
INFO     Sampling 1 unrevealed pokemon
INFO     	        delphox        blaze heavydutyboots [fireblast, grassknot, nastyplot, psyshock] ttype=grass
INFO     Sampling battle 1
INFO     	       enamorus    cutecharm heavydutyboots [calmmind, earthpower, moonblast, mysticalfire] ttype=ground
INFO     	            muk  poisontouch    leftovers [drainpunch, gunkshot, knockoff, toxicspikes] ttype=dark
INFO     Sampling 1 unrevealed pokemon
INFO     	      poliwrath  waterabsorb  assaultvest [circlethrow, closecombat, knockoff, liquidation] ttype=steel
INFO     Sampling battle 2
INFO     	       enamorus    cutecharm heavydutyboots [calmmind, earthpower, moonblast, mysticalfire] ttype=ground
INFO     	            muk  poisontouch    leftovers [drainpunch, haze, knockoff, poisonjab] ttype=dark
INFO     Sampling 1 unrevealed pokemon
INFO     	         glalie   innerfocus heavydutyboots [earthquake, freezedry, spikes, taunt] ttype=ghost
INFO     Sampling battle 3
INFO     	       enamorus    cutecharm heavydutyboots [calmmind, earthpower, moonblast, mysticalfire] ttype=ground
INFO     	            muk  poisontouch    leftovers [drainpunch, gunkshot, haze, knockoff] ttype=dark
INFO     Sampling 1 unrevealed pokemon
INFO     	     masquerain   intimidate heavydutyboots [bugbuzz, hurricane, hydropump, quiverdance] ttype=water
INFO     Sampling battle 4
INFO     	       enamorus    cutecharm heavydutyboots [calmmind, earthpower, moonblast, mysticalfire] ttype=ground
INFO     	            muk  poisontouch    leftovers [drainpunch, haze, knockoff, poisonjab] ttype=dark
INFO     Sampling 1 unrevealed pokemon
INFO     	         kyogre      drizzle    leftovers [calmmind, icebeam, originpulse, thunder] ttype=steel
INFO     Sampling battle 5
INFO     	       enamorus    cutecharm heavydutyboots [calmmind, earthpower, moonblast, mysticalfire] ttype=ground
INFO     	            muk  poisontouch    leftovers [drainpunch, gunkshot, haze, knockoff] ttype=dark
INFO     Sampling 1 unrevealed pokemon
INFO     	thundurustherian   voltabsorb heavydutyboots [nastyplot, psychic, sludgewave, thunderbolt] ttype=poison
INFO     Sampling battle 6
INFO     	       enamorus    cutecharm heavydutyboots [calmmind, earthpower, moonblast, mysticalfire] ttype=ground
INFO     	            muk  poisontouch    leftovers [drainpunch, haze, knockoff, poisonjab] ttype=dark
INFO     Sampling 1 unrevealed pokemon
INFO     	     conkeldurr         guts     flameorb [closecombat, facade, knockoff, machpunch] ttype=normal
INFO     Sampling battle 7
INFO     	       enamorus    cutecharm heavydutyboots [calmmind, earthpower, moonblast, mysticalfire] ttype=ground
INFO     	            muk  poisontouch    leftovers [drainpunch, knockoff, poisonjab, toxicspikes] ttype=dark
INFO     Sampling 1 unrevealed pokemon
INFO     	       reshiram   turboblaze heavydutyboots [blueflare, dracometeor, earthpower, willowisp] ttype=ground
INFO     Sampling battle 8
INFO     	       enamorus    cutecharm heavydutyboots [calmmind, earthpower, moonblast, mysticalfire] ttype=ground
INFO     	            muk  poisontouch    leftovers [drainpunch, gunkshot, haze, knockoff] ttype=dark
INFO     Sampling 1 unrevealed pokemon
INFO     	 sandslashalola    slushrush    leftovers [ironhead, rapidspin, spikes, tripleaxel] ttype=flying
INFO     Sampling battle 9
INFO     	       enamorus    cutecharm heavydutyboots [calmmind, earthpower, moonblast, mysticalfire] ttype=ground
INFO     	            muk  poisontouch    leftovers [drainpunch, knockoff, poisonjab, toxicspikes] ttype=dark
INFO     Sampling 1 unrevealed pokemon
INFO     	        malamar     contrary  chestoberry [knockoff, psychocut, rest, superpower] ttype=steel
INFO     Sampling battle 10
INFO     	       enamorus    cutecharm heavydutyboots [calmmind, earthpower, moonblast, mysticalfire] ttype=ground
INFO     	            muk  poisontouch    leftovers [drainpunch, haze, knockoff, poisonjab] ttype=dark
INFO     Sampling 1 unrevealed pokemon
INFO     	     conkeldurr         guts     flameorb [closecombat, facade, knockoff, machpunch] ttype=normal
INFO     Sampling battle 11
INFO     	       enamorus    cutecharm heavydutyboots [calmmind, earthpower, moonblast, mysticalfire] ttype=ground
INFO     	            muk  poisontouch    leftovers [drainpunch, haze, knockoff, poisonjab] ttype=dark
INFO     Sampling 1 unrevealed pokemon
INFO     	         glalie   innerfocus heavydutyboots [earthquake, freezedry, spikes, taunt] ttype=water
INFO     Sampling battle 12
INFO     	       enamorus    cutecharm heavydutyboots [calmmind, earthpower, moonblast, mysticalfire] ttype=ground
INFO     	            muk  poisontouch    leftovers [drainpunch, gunkshot, haze, knockoff] ttype=dark
INFO     Sampling 1 unrevealed pokemon
INFO     	        jolteon   voltabsorb    leftovers [calmmind, substitute, terablast, thunderbolt] ttype=ice
INFO     Sampling battle 13
INFO     	       enamorus    cutecharm heavydutyboots [calmmind, earthpower, moonblast, mysticalfire] ttype=ground
INFO     	            muk  poisontouch    leftovers [drainpunch, haze, knockoff, poisonjab] ttype=dark
INFO     Sampling 1 unrevealed pokemon
INFO     	       appletun     thickfat    leftovers [appleacid, dragonpulse, leechseed, recover] ttype=steel
INFO     Sampling battle 14
INFO     	       enamorus    cutecharm heavydutyboots [calmmind, earthpower, moonblast, mysticalfire] ttype=ground
INFO     	            muk  poisontouch    leftovers [drainpunch, gunkshot, haze, knockoff] ttype=dark
INFO     Sampling 1 unrevealed pokemon
INFO     	         lunala shadowshield    leftovers [calmmind, focusblast, moongeistbeam, moonlight] ttype=fighting
INFO     Sampling battle 15
INFO     	       enamorus    cutecharm heavydutyboots [calmmind, earthpower, moonblast, mysticalfire] ttype=ground
INFO     	            muk  poisontouch    leftovers [drainpunch, haze, knockoff, poisonjab] ttype=dark
INFO     Sampling 1 unrevealed pokemon
INFO     	       ribombee   shielddust    focussash [bugbuzz, moonblast, stickyweb, uturn] ttype=ghost
INFO     Searching for a move using MCTS...
INFO     Sampling 16 battles at 500ms each
INFO     Iterations 3: 88000
INFO     Iterations 1: 85000
INFO     Iterations 0: 87000
INFO     Iterations 2: 99000
INFO     Iterations 6: 102000
INFO     Iterations 5: 97000
INFO     Iterations 4: 91000
INFO     Iterations 7: 89000
INFO     Iterations 11: 85000
INFO     Iterations 9: 78000
INFO     Iterations 8: 77000
INFO     Iterations 13: 79000
INFO     Iterations 14: 78000
INFO     Iterations 12: 82000
INFO     Iterations 15: 77000
INFO     Iterations 10: 85000
INFO     Policy 0: switch wyrdeer visited 24.67% avg_score=0.41 sample_chance_multiplier=0.062
INFO     Policy 1: terablast-tera visited 59.86% avg_score=0.456 sample_chance_multiplier=0.062
INFO     Policy 2: icebeam visited 82.62% avg_score=0.594 sample_chance_multiplier=0.062
INFO     Policy 3: icebeam visited 92.05% avg_score=0.695 sample_chance_multiplier=0.062
INFO     Policy 4: terablast-tera visited 73.56% avg_score=0.584 sample_chance_multiplier=0.062
INFO     Policy 5: icebeam visited 94.64% avg_score=0.753 sample_chance_multiplier=0.062
INFO     Policy 6: icebeam visited 80.85% avg_score=0.419 sample_chance_multiplier=0.062
INFO     Policy 7: icebeam visited 70.34% avg_score=0.498 sample_chance_multiplier=0.062
INFO     Policy 8: terablast-tera visited 55.71% avg_score=0.436 sample_chance_multiplier=0.062
INFO     Policy 9: switch lumineon visited 31.09% avg_score=0.366 sample_chance_multiplier=0.062
INFO     Policy 10: icebeam visited 74.96% avg_score=0.404 sample_chance_multiplier=0.062
INFO     Policy 11: icebeam visited 80.57% avg_score=0.591 sample_chance_multiplier=0.062
INFO     Policy 12: icebeam visited 69.98% avg_score=0.501 sample_chance_multiplier=0.062
INFO     Policy 13: icebeam visited 84.74% avg_score=0.579 sample_chance_multiplier=0.062
INFO     Policy 14: icebeam visited 34.65% avg_score=0.365 sample_chance_multiplier=0.062
INFO     Policy 15: icebeam visited 91.48% avg_score=0.671 sample_chance_multiplier=0.062
INFO     Considered Choices:
INFO     	57.419%: icebeam
INFO     Choice: icebeam
INFO     cryogonal already has the move icebeam. Decrementing the PP by 1
INFO     cryogonal used a ice move, removing icegem from possible items
INFO     Setting cryogonal's last used move: icebeam
INFO     cryogonal used a damaging move - not guessing lifeorb anymore
INFO     cryogonal did 18.0% damage to enamorus with icebeam
INFO     enamorus has less than maxhp during upkeep, no longer guessing leftovers or blacksludge
INFO     Opponent has switched - clearing the last used move
INFO     
INFO     Turn: 14
INFO     Sampling battle 0
INFO     	            muk  poisontouch    leftovers [drainpunch, gunkshot, haze, knockoff] ttype=dark
INFO     Sampling 1 unrevealed pokemon
INFO     	         luxray         guts     flameorb [facade, supercellslam, throatchop, trailblaze] ttype=normal
INFO     Sampling battle 1
INFO     	            muk  poisontouch    leftovers [drainpunch, haze, knockoff, poisonjab] ttype=dark
INFO     Sampling 1 unrevealed pokemon
INFO     	       hawlucha     unburden    whiteherb [acrobatics, bravebird, closecombat, swordsdance] ttype=fighting
INFO     Sampling battle 2
INFO     	            muk  poisontouch    leftovers [drainpunch, haze, knockoff, poisonjab] ttype=dark
INFO     Sampling 1 unrevealed pokemon
INFO     	         plusle lightningrod      lifeorb [alluringvoice, grassknot, nastyplot, thunderbolt] ttype=electric
INFO     Sampling battle 3
INFO     	            muk  poisontouch    leftovers [drainpunch, haze, knockoff, poisonjab] ttype=dark
INFO     Sampling 1 unrevealed pokemon
INFO     	        noctowl   tintedlens heavydutyboots [calmmind, hurricane, hypervoice, roost] ttype=ground
INFO     Sampling battle 4
INFO     	            muk  poisontouch    leftovers [drainpunch, gunkshot, haze, knockoff] ttype=dark
INFO     Sampling 1 unrevealed pokemon
INFO     	       oricorio       dancer heavydutyboots [hurricane, quiverdance, revelationdance, roost] ttype=ground
INFO     Sampling battle 5
INFO     	            muk  poisontouch    leftovers [drainpunch, gunkshot, knockoff, toxicspikes] ttype=dark
INFO     Sampling 1 unrevealed pokemon
INFO     	     misdreavus     levitate     eviolite [calmmind, drainingkiss, shadowball, willowisp] ttype=fairy
INFO     Sampling battle 6
INFO     	            muk  poisontouch    leftovers [drainpunch, knockoff, poisonjab, toxicspikes] ttype=dark
INFO     Sampling 1 unrevealed pokemon
INFO     	 oricoriopompom       dancer heavydutyboots [hurricane, quiverdance, revelationdance, roost] ttype=ground
INFO     Sampling battle 7
INFO     	            muk  poisontouch    leftovers [drainpunch, knockoff, poisonjab, toxicspikes] ttype=dark
INFO     Sampling 1 unrevealed pokemon
INFO     	       ludicolo    swiftswim  choicespecs [gigadrain, hydropump, icebeam, leafstorm] ttype=grass
INFO     Sampling battle 8
INFO     	            muk  poisontouch    leftovers [drainpunch, knockoff, poisonjab, toxicspikes] ttype=dark
INFO     Sampling 1 unrevealed pokemon
INFO     	     conkeldurr         guts     flameorb [closecombat, facade, knockoff, machpunch] ttype=normal
INFO     Sampling battle 9
INFO     	            muk  poisontouch    leftovers [drainpunch, gunkshot, haze, knockoff] ttype=dark
INFO     Sampling 1 unrevealed pokemon
INFO     	        falinks      defiant      lifeorb [closecombat, ironhead, knockoff, noretreat] ttype=steel
INFO     Sampling battle 10
INFO     	            muk  poisontouch    leftovers [drainpunch, gunkshot, haze, knockoff] ttype=dark
INFO     Sampling 1 unrevealed pokemon
INFO     	     shayminsky  serenegrace  choicespecs [airslash, dazzlinggleam, earthpower, seedflare] ttype=grass
INFO     Sampling battle 11
INFO     	            muk  poisontouch    leftovers [drainpunch, haze, knockoff, poisonjab] ttype=dark
INFO     Sampling 1 unrevealed pokemon
INFO     	 decidueyehisui      scrappy    leftovers [defog, leafblade, roost, triplearrows] ttype=water
INFO     Sampling battle 12
INFO     	            muk  poisontouch    leftovers [drainpunch, knockoff, poisonjab, toxicspikes] ttype=dark
INFO     Sampling 1 unrevealed pokemon
INFO     	       sneasler     unburden    whiteherb [acrobatics, closecombat, direclaw, swordsdance] ttype=flying
INFO     Sampling battle 13
INFO     	            muk  poisontouch    leftovers [drainpunch, gunkshot, knockoff, toxicspikes] ttype=dark
INFO     Sampling 1 unrevealed pokemon
INFO     	      duraludon   lightmetal     eviolite [bodypress, dracometeor, dragontail, flashcannon] ttype=fighting
INFO     Sampling battle 14
INFO     	            muk  poisontouch    leftovers [drainpunch, knockoff, poisonjab, toxicspikes] ttype=dark
INFO     Sampling 1 unrevealed pokemon
INFO     	        chansey  naturalcure     eviolite [seismictoss, softboiled, stealthrock, thunderwave] ttype=fairy
INFO     Sampling battle 15
INFO     	            muk  poisontouch    leftovers [drainpunch, gunkshot, haze, knockoff] ttype=dark
INFO     Sampling 1 unrevealed pokemon
INFO     	         raichu lightningrod      lifeorb [encore, grassknot, knockoff, thunderbolt] ttype=grass
INFO     Searching for a move using MCTS...
INFO     Sampling 16 battles at 500ms each
INFO     Iterations 6: 227000
INFO     Iterations 4: 218000
INFO     Iterations 1: 485000
INFO     Iterations 2: 146000
INFO     Iterations 0: 140000
INFO     Iterations 3: 92000
INFO     Iterations 7: 94000
INFO     Iterations 5: 91000
INFO     Iterations 10: 471000
INFO     Iterations 8: 134000
INFO     Iterations 9: 150000
INFO     Iterations 12: 201000
INFO     Iterations 11: 109000
INFO     Iterations 13: 75000
INFO     Iterations 14: 83000
INFO     Iterations 15: 113000
INFO     Policy 0: icebeam visited 94.26% avg_score=0.851 sample_chance_multiplier=0.062
INFO     Policy 1: icebeam-tera visited 99.72% avg_score=0.994 sample_chance_multiplier=0.062
INFO     Policy 2: icebeam visited 97.48% avg_score=0.861 sample_chance_multiplier=0.062
INFO     Policy 3: icebeam visited 61.96% avg_score=0.446 sample_chance_multiplier=0.062
INFO     Policy 4: terablast-tera visited 97.52% avg_score=0.935 sample_chance_multiplier=0.062
INFO     Policy 5: icebeam visited 58.69% avg_score=0.364 sample_chance_multiplier=0.062
INFO     Policy 6: icebeam visited 99.0% avg_score=0.947 sample_chance_multiplier=0.062
INFO     Policy 7: icebeam visited 78.44% avg_score=0.514 sample_chance_multiplier=0.062
INFO     Policy 8: icebeam visited 95.76% avg_score=0.859 sample_chance_multiplier=0.062
INFO     Policy 9: terablast-tera visited 95.56% avg_score=0.772 sample_chance_multiplier=0.062
INFO     Policy 10: icebeam-tera visited 99.75% avg_score=0.997 sample_chance_multiplier=0.062
INFO     Policy 11: icebeam visited 96.68% avg_score=0.765 sample_chance_multiplier=0.062
INFO     Policy 12: icebeam visited 98.74% avg_score=0.949 sample_chance_multiplier=0.062
INFO     Policy 13: icebeam visited 93.96% avg_score=0.679 sample_chance_multiplier=0.062
INFO     Policy 14: icebeam visited 58.0% avg_score=0.46 sample_chance_multiplier=0.062
INFO     Policy 15: icebeam visited 98.35% avg_score=0.849 sample_chance_multiplier=0.062
INFO     Considered Choices:
INFO     	64.583%: icebeam
INFO     Choice: icebeam
INFO     cryogonal already has the move icebeam. Decrementing the PP by 1
INFO     cryogonal used a ice move, removing icegem from possible items
INFO     Setting cryogonal's last used move: icebeam
INFO     cryogonal used a damaging move - not guessing lifeorb anymore
INFO     cryogonal did 23.0% damage to muk with icebeam
INFO     muk has less than maxhp during upkeep, no longer guessing leftovers or blacksludge
INFO     Opponent has switched - clearing the last used move
INFO     yanmega switched in, adding intimidate to impossible abilities
INFO     yanmega switched in, adding pressure to impossible abilities
INFO     yanmega switched in, adding neutralizinggas to impossible abilities
INFO     yanmega switched in, adding sandstream to impossible abilities
INFO     yanmega switched in, adding drought to impossible abilities
INFO     yanmega switched in, adding drizzle to impossible abilities
INFO     yanmega switched in, adding snowwarning to impossible abilities
INFO     yanmega switched in, adding boosterenergy to impossible items
INFO     yanmega switched in, adding airballoon to impossible items
INFO     
INFO     Turn: 15
INFO     Sampling battle 0
INFO     	        yanmega   tintedlens  choicespecs [airslash, bugbuzz, gigadrain, uturn] ttype=bug
INFO     Sampling battle 1
INFO     	        yanmega   tintedlens  choicespecs [airslash, bugbuzz, gigadrain, uturn] ttype=bug
INFO     Sampling battle 2
INFO     	        yanmega   tintedlens  choicespecs [airslash, bugbuzz, gigadrain, uturn] ttype=bug
INFO     Sampling battle 3
INFO     	        yanmega   tintedlens  choicespecs [airslash, bugbuzz, gigadrain, uturn] ttype=bug
INFO     Sampling battle 4
INFO     	        yanmega   tintedlens  choicespecs [airslash, bugbuzz, gigadrain, uturn] ttype=bug
INFO     Sampling battle 5
INFO     	        yanmega   speedboost heavydutyboots [airslash, bugbuzz, protect, terablast] ttype=ground
INFO     Sampling battle 6
INFO     	        yanmega   tintedlens  choicespecs [airslash, bugbuzz, gigadrain, uturn] ttype=bug
INFO     Sampling battle 7
INFO     	        yanmega   speedboost heavydutyboots [airslash, bugbuzz, protect, terablast] ttype=ground
INFO     Sampling battle 8
INFO     	        yanmega   speedboost heavydutyboots [airslash, bugbuzz, protect, terablast] ttype=ground
INFO     Sampling battle 9
INFO     	        yanmega   tintedlens  choicespecs [airslash, bugbuzz, gigadrain, uturn] ttype=bug
INFO     Sampling battle 10
INFO     	        yanmega   tintedlens  choicespecs [airslash, bugbuzz, gigadrain, uturn] ttype=bug
INFO     Sampling battle 11
INFO     	        yanmega   speedboost heavydutyboots [airslash, bugbuzz, protect, terablast] ttype=ground
INFO     Sampling battle 12
INFO     	        yanmega   tintedlens  choicespecs [airslash, bugbuzz, gigadrain, uturn] ttype=bug
INFO     Sampling battle 13
INFO     	        yanmega   speedboost heavydutyboots [airslash, bugbuzz, protect, terablast] ttype=ground
INFO     Sampling battle 14
INFO     	        yanmega   speedboost heavydutyboots [airslash, bugbuzz, protect, terablast] ttype=ground
INFO     Sampling battle 15
INFO     	        yanmega   speedboost heavydutyboots [airslash, bugbuzz, protect, terablast] ttype=ground
INFO     Searching for a move using MCTS...
INFO     Sampling 16 battles at 500ms each
INFO     Iterations 0: 987000
INFO     Iterations 2: 980000
INFO     Iterations 3: 983000
INFO     Iterations 6: 911000
INFO     Iterations 5: 568000
INFO     Iterations 1: 978000
INFO     Iterations 4: 937000
INFO     Iterations 7: 617000
INFO     Iterations 8: 486000
INFO     Iterations 10: 807000
INFO     Iterations 9: 788000
INFO     Iterations 13: 494000
INFO     Iterations 15: 484000
INFO     Iterations 11: 490000
INFO     Iterations 12: 816000
INFO     Iterations 14: 508000
INFO     Policy 0: icebeam visited 47.56% avg_score=0.998 sample_chance_multiplier=0.062
INFO     Policy 1: icebeam visited 47.69% avg_score=0.998 sample_chance_multiplier=0.062
INFO     Policy 2: icebeam visited 47.57% avg_score=0.998 sample_chance_multiplier=0.062
INFO     Policy 3: icebeam visited 47.59% avg_score=0.998 sample_chance_multiplier=0.062
INFO     Policy 4: icebeam visited 45.67% avg_score=0.998 sample_chance_multiplier=0.062
INFO     Policy 5: icebeam-tera visited 99.59% avg_score=0.988 sample_chance_multiplier=0.062
INFO     Policy 6: icebeam visited 47.79% avg_score=0.998 sample_chance_multiplier=0.062
INFO     Policy 7: icebeam-tera visited 99.78% avg_score=0.989 sample_chance_multiplier=0.062
INFO     Policy 8: icebeam-tera visited 99.68% avg_score=0.987 sample_chance_multiplier=0.062
INFO     Policy 9: icebeam visited 47.4% avg_score=0.998 sample_chance_multiplier=0.062
INFO     Policy 10: icebeam visited 47.59% avg_score=0.998 sample_chance_multiplier=0.062
INFO     Policy 11: icebeam-tera visited 99.72% avg_score=0.987 sample_chance_multiplier=0.062
INFO     Policy 12: icebeam visited 47.55% avg_score=0.998 sample_chance_multiplier=0.062
INFO     Policy 13: icebeam-tera visited 99.74% avg_score=0.987 sample_chance_multiplier=0.062
INFO     Policy 14: icebeam-tera visited 99.73% avg_score=0.988 sample_chance_multiplier=0.062
INFO     Policy 15: icebeam-tera visited 99.52% avg_score=0.987 sample_chance_multiplier=0.062
INFO     Considered Choices:
INFO     	68.686%: icebeam-tera
INFO     Choice: icebeam-tera
INFO     Winner: lg00y087707c
INFO     Won with team: None
INFO     W: 1	L: 0
