INFO     Logging in (local server bypass)...
INFO     Successfully logged in
INFO     Waiting for a gen9randombattle challenge
INFO     Initialized battle-gen9randombattle-5911 against: lg00x135e9c1
INFO     Loaded from cache: /Users/alityb/projects/metagross/srcs/vendor/foul-play/data/pkmn_sets_cache/gen9randombattle.json
INFO     Opponent has switched - clearing the last used move
INFO     hydreigon switched in, adding intimidate to impossible abilities
INFO     hydreigon switched in, adding pressure to impossible abilities
INFO     hydreigon switched in, adding neutralizinggas to impossible abilities
INFO     hydreigon switched in, adding sandstream to impossible abilities
INFO     hydreigon switched in, adding drought to impossible abilities
INFO     hydreigon switched in, adding drizzle to impossible abilities
INFO     hydreigon switched in, adding snowwarning to impossible abilities
INFO     hydreigon switched in, adding boosterenergy to impossible items
INFO     hydreigon switched in, adding airballoon to impossible items
INFO     
INFO     Turn: 1
INFO     Sampling battle 0
INFO     	      hydreigon     levitate  choicescarf [darkpulse, dracometeor, fireblast, flashcannon] ttype=dark
INFO     Sampling 5 unrevealed pokemon
INFO     	       oricorio       dancer heavydutyboots [hurricane, quiverdance, revelationdance, roost] ttype=ground
INFO     	       tsareena queenlymajesty heavydutyboots [highjumpkick, powerwhip, synthesis, uturn] ttype=fighting
INFO     	    fezandipiti   toxicchain    leftovers [gunkshot, playrough, swordsdance, terablast] ttype=ground
INFO     	      heracross        moxie   choiceband [closecombat, earthquake, megahorn, stoneedge] ttype=fighting
INFO     	       meloetta  serenegrace      lifeorb [closecombat, knockoff, relicsong, tripleaxel] ttype=dark
INFO     Sampling battle 1
INFO     	      hydreigon     levitate  choicespecs [darkpulse, dracometeor, flashcannon, uturn] ttype=steel
INFO     Sampling 5 unrevealed pokemon
INFO     	     feraligatr   sheerforce      lifeorb [crunch, dragondance, icepunch, liquidation] ttype=steel
INFO     	    kyuremblack     teravolt   loadeddice [dragondance, iciclespear, scaleshot, terablast] ttype=ground
INFO     	   lycanrocdusk   toughclaws   choiceband [accelerock, closecombat, stoneedge, throatchop] ttype=fighting
INFO     	      sandslash     sandrush    leftovers [earthquake, rapidspin, spikes, stoneedge] ttype=steel
INFO     	        kleavor    sharpness heavydutyboots [closecombat, stoneaxe, swordsdance, xscissor] ttype=bug
INFO     Sampling battle 2
INFO     	      hydreigon     levitate      lifeorb [darkpulse, dracometeor, flashcannon, nastyplot] ttype=dark
INFO     Sampling 5 unrevealed pokemon
INFO     	   slowbrogalar  regenerator      lifeorb [fireblast, psychic, shellsidearm, trickroom] ttype=psychic
INFO     	         goodra    sapsipper  assaultvest [dracometeor, dragontail, fireblast, sludgebomb] ttype=fire
INFO     	      revavroom       filter      lifeorb [gunkshot, highhorsepower, ironhead, shiftgear] ttype=ground
INFO     	     masquerain   intimidate heavydutyboots [hurricane, hydropump, stickyweb, stunspore] ttype=steel
INFO     	          chiyu  beadsofruin heavydutyboots [darkpulse, fireblast, nastyplot, willowisp] ttype=fire
INFO     Sampling battle 3
INFO     	      hydreigon     levitate      lifeorb [darkpulse, dracometeor, flashcannon, nastyplot] ttype=steel
INFO     Sampling 5 unrevealed pokemon
INFO     	       orthworm   eartheater  chestoberry [bodypress, coil, irontail, rest] ttype=fighting
INFO     	        beartic    slushrush   choiceband [aquajet, closecombat, earthquake, iciclecrash] ttype=fighting
INFO     	        donphan       sturdy    leftovers [earthquake, iceshard, knockoff, stealthrock] ttype=dragon
INFO     	       mudsdale      stamina    leftovers [earthquake, heavyslam, stealthrock, stoneedge] ttype=steel
INFO     	      clawitzer megalauncher  assaultvest [aurasphere, dragonpulse, uturn, waterpulse] ttype=dragon
INFO     Sampling battle 4
INFO     	      hydreigon     levitate  choicespecs [darkpulse, dracometeor, fireblast, uturn] ttype=fire
INFO     Sampling 5 unrevealed pokemon
INFO     	       necrozma   prismarmor weaknesspolicy [dragondance, earthquake, knockoff, photongeyser] ttype=ground
INFO     	      spectrier    grimneigh    leftovers [drainingkiss, nastyplot, shadowball, substitute] ttype=fairy
INFO     	          entei   innerfocus   choiceband [extremespeed, flareblitz, sacredfire, stoneedge] ttype=fire
INFO     	        umbreon  synchronize    leftovers [foulplay, protect, toxic, wish] ttype=poison
INFO     	    oinkolognef    aromaveil    leftovers [bodyslam, curse, rest, sleeptalk] ttype=fairy
INFO     Sampling battle 5
INFO     	      hydreigon     levitate  choicespecs [darkpulse, dracometeor, fireblast, uturn] ttype=dark
INFO     Sampling 5 unrevealed pokemon
INFO     	       quagsire      unaware    leftovers [earthquake, icebeam, recover, toxic] ttype=poison
INFO     	         emboar     reckless  choicescarf [closecombat, flareblitz, headsmash, wildcharge] ttype=fire
INFO     	squawkabillyyellow       hustle   choiceband [bravebird, doubleedge, foulplay, quickattack] ttype=flying
INFO     	    kyuremblack     teravolt   loadeddice [dragondance, iciclespear, scaleshot, terablast] ttype=ground
INFO     	       orthworm   eartheater  chestoberry [bodypress, coil, irontail, rest] ttype=electric
INFO     Sampling battle 6
INFO     	      hydreigon     levitate      lifeorb [darkpulse, dracometeor, fireblast, nastyplot] ttype=dragon
INFO     Sampling 5 unrevealed pokemon
INFO     	          rotom     levitate      lifeorb [nastyplot, shadowball, thunderbolt, willowisp] ttype=ghost
INFO     	         eiscue      iceface  sitrusberry [bellydrum, icespinner, liquidation, zenheadbutt] ttype=water
INFO     	       froslass   cursedbody     widelens [destinybond, poltergeist, spikes, tripleaxel] ttype=ice
INFO     	       grafaiai  poisontouch  assaultvest [gunkshot, knockoff, superfang, uturn] ttype=dark
INFO     	        wyrdeer   intimidate    leftovers [bodyslam, earthquake, psychicnoise, thunderwave] ttype=ground
INFO     Sampling battle 7
INFO     	      hydreigon     levitate      lifeorb [darkpulse, dracometeor, flashcannon, nastyplot] ttype=steel
INFO     Sampling 5 unrevealed pokemon
INFO     	         kyurem     pressure   loadeddice [dragondance, iciclespear, scaleshot, terablast] ttype=ground
INFO     	      reuniclus   magicguard      lifeorb [calmmind, focusblast, psyshock, recover] ttype=fighting
INFO     	      bastiodon   soundproof  chestoberry [bodypress, foulplay, irondefense, rest] ttype=fighting
INFO     	    arceuswater    multitype  splashplate [calmmind, judgment, recover, willowisp] ttype=steel
INFO     	        malamar     contrary  chestoberry [knockoff, psychocut, rest, superpower] ttype=fighting
INFO     Sampling battle 8
INFO     	      hydreigon     levitate  choicespecs [darkpulse, dracometeor, fireblast, uturn] ttype=dark
INFO     Sampling 5 unrevealed pokemon
INFO     	         espeon  magicbounce      lifeorb [alluringvoice, calmmind, morningsun, psyshock] ttype=psychic
INFO     	landorustherian   intimidate    leftovers [earthquake, stealthrock, taunt, uturn] ttype=water
INFO     	     feraligatr   sheerforce      lifeorb [crunch, dragondance, icepunch, liquidation] ttype=dark
INFO     	       zangoose   toxicboost     toxicorb [closecombat, facade, knockoff, swordsdance] ttype=normal
INFO     	      revavroom       filter      lifeorb [gunkshot, highhorsepower, ironhead, shiftgear] ttype=ground
INFO     Sampling battle 9
INFO     	      hydreigon     levitate  choicescarf [darkpulse, dracometeor, fireblast, flashcannon] ttype=steel
INFO     Sampling 5 unrevealed pokemon
INFO     	       lurantis     contrary  assaultvest [knockoff, leafstorm, leechlife, superpower] ttype=water
INFO     	      arceusbug    multitype  insectplate [calmmind, earthpower, judgment, recover] ttype=ground
INFO     	      garganacl purifyingsalt    leftovers [protect, recover, saltcure, stealthrock] ttype=dragon
INFO     	     misdreavus     levitate     eviolite [calmmind, drainingkiss, shadowball, willowisp] ttype=fairy
INFO     	      ceruledge    weakarmor heavydutyboots [bitterblade, closecombat, poltergeist, swordsdance] ttype=fighting
INFO     Sampling battle 10
INFO     	      hydreigon     levitate      lifeorb [darkpulse, dracometeor, fireblast, nastyplot] ttype=dark
INFO     Sampling 5 unrevealed pokemon
INFO     	        sableye    prankster    leftovers [encore, knockoff, recover, thunderwave] ttype=steel
INFO     	     ironleaves   quarkdrive      lifeorb [closecombat, leafblade, psyblade, swordsdance] ttype=fighting
INFO     	      cresselia     levitate    leftovers [calmmind, moonlight, psyshock, thunderbolt] ttype=steel
INFO     	     misdreavus     levitate     eviolite [calmmind, drainingkiss, shadowball, willowisp] ttype=fairy
INFO     	    kyuremwhite   turboblaze  choicespecs [dracometeor, earthpower, freezedry, fusionflare] ttype=fire
INFO     Sampling battle 11
INFO     	      hydreigon     levitate  choicescarf [darkpulse, dracometeor, fireblast, flashcannon] ttype=dragon
INFO     Sampling 5 unrevealed pokemon
INFO     	    deoxysspeed     pressure      lifeorb [darkpulse, focusblast, nastyplot, psychoboost] ttype=fighting
INFO     	       landorus   sheerforce      lifeorb [earthpower, rockslide, sludgewave, stealthrock] ttype=ground
INFO     	     houndstone       fluffy    leftovers [bodypress, poltergeist, roar, shadowsneak] ttype=fighting
INFO     	       clefable   magicguard      lifeorb [fireblast, knockoff, moonblast, moonlight] ttype=poison
INFO     	       giratina     pressure    leftovers [dragontail, rest, shadowball, sleeptalk] ttype=fairy
INFO     Sampling battle 12
INFO     	      hydreigon     levitate      lifeorb [darkpulse, dracometeor, fireblast, nastyplot] ttype=fire
INFO     Sampling 5 unrevealed pokemon
INFO     	        luvdisc    swiftswim heavydutyboots [endeavor, flipturn, substitute, surf] ttype=ground
INFO     	       blaziken   speedboost      lifeorb [closecombat, flareblitz, knockoff, swordsdance] ttype=fighting
INFO     	       sceptile     overgrow      lifeorb [earthquake, focusblast, gigadrain, rockslide] ttype=ground
INFO     	       appletun     thickfat    leftovers [appleacid, dragonpulse, dragontail, recover] ttype=steel
INFO     	         klefki    prankster    leftovers [magnetrise, playrough, spikes, thunderwave] ttype=water
INFO     Sampling battle 13
INFO     	      hydreigon     levitate      lifeorb [darkpulse, dracometeor, flashcannon, nastyplot] ttype=dragon
INFO     Sampling 5 unrevealed pokemon
INFO     	        umbreon  synchronize    leftovers [foulplay, protect, toxic, wish] ttype=poison
INFO     	       whiscash    oblivious      lifeorb [dragondance, earthquake, liquidation, stoneedge] ttype=steel
INFO     	       granbull   intimidate    leftovers [earthquake, playrough, roar, thunderwave] ttype=ground
INFO     	       meowstic    prankster    lightclay [lightscreen, psychicnoise, reflect, thunderwave] ttype=fairy
INFO     	    stonjourner    powerspot      lifeorb [earthquake, heatcrash, rockpolish, stoneedge] ttype=fire
INFO     Sampling battle 14
INFO     	      hydreigon     levitate      lifeorb [darkpulse, dracometeor, flashcannon, nastyplot] ttype=steel
INFO     Sampling 5 unrevealed pokemon
INFO     	      primarina      torrent    leftovers [calmmind, drainingkiss, psychic, sparklingaria] ttype=fairy
INFO     	necrozmaduskmane   prismarmor weaknesspolicy [dragondance, earthquake, morningsun, sunsteelstrike] ttype=steel
INFO     	    fezandipiti   toxicchain    leftovers [beatup, gunkshot, moonblast, roost] ttype=steel
INFO     	       oranguru   innerfocus    leftovers [focusblast, nastyplot, psychic, thunderbolt] ttype=electric
INFO     	          chiyu  beadsofruin heavydutyboots [darkpulse, fireblast, nastyplot, psychic] ttype=dark
INFO     Sampling battle 15
INFO     	      hydreigon     levitate      lifeorb [darkpulse, dracometeor, fireblast, nastyplot] ttype=fire
INFO     Sampling 5 unrevealed pokemon
INFO     	        calyrex      unnerve    leftovers [calmmind, gigadrain, leechseed, psychic] ttype=steel
INFO     	tornadustherian  regenerator  assaultvest [bleakwindstorm, heatwave, knockoff, uturn] ttype=steel
INFO     	      passimian      defiant   choiceband [closecombat, gunkshot, knockoff, rockslide] ttype=fighting
INFO     	      pecharunt poisonpuppeteer    leftovers [malignantchain, nastyplot, recover, shadowball] ttype=dark
INFO     	       gumshoos     stakeout   choiceband [doubleedge, earthquake, knockoff, uturn] ttype=normal
INFO     Sampling battle 16
INFO     	      hydreigon     levitate      lifeorb [darkpulse, dracometeor, flashcannon, nastyplot] ttype=steel
INFO     Sampling 5 unrevealed pokemon
INFO     	  arceuspsychic    multitype    mindplate [bodypress, cosmicpower, recover, storedpower] ttype=steel
INFO     	   basculegionf adaptability  choicespecs [flipturn, hydropump, icebeam, shadowball] ttype=water
INFO     	      girafarig    sapsipper     eviolite [dazzlinggleam, nastyplot, psychic, thunderbolt] ttype=fairy
INFO     	       miraidon hadronengine      lifeorb [calmmind, dracometeor, dragonpulse, electrodrift] ttype=electric
INFO     	      ironhands   quarkdrive    leftovers [drainpunch, icepunch, swordsdance, wildcharge] ttype=steel
INFO     Sampling battle 17
INFO     	      hydreigon     levitate  choicescarf [darkpulse, dracometeor, fireblast, flashcannon] ttype=dark
INFO     Sampling 5 unrevealed pokemon
INFO     	thundurustherian   voltabsorb heavydutyboots [nastyplot, psychic, sludgewave, thunderbolt] ttype=psychic
INFO     	        leafeon  chlorophyll      lifeorb [doubleedge, leafblade, swordsdance, synthesis] ttype=normal
INFO     	      piloswine     thickfat     eviolite [earthquake, iciclecrash, roar, stealthrock] ttype=dragon
INFO     	        heatran    flashfire   airballoon [earthpower, heavyslam, magmastorm, stealthrock] ttype=flying
INFO     	 keldeoresolute    justified  choicespecs [flipturn, hydropump, secretsword, vacuumwave] ttype=fighting
INFO     Sampling battle 18
INFO     	      hydreigon     levitate  choicespecs [darkpulse, dracometeor, flashcannon, uturn] ttype=dragon
INFO     Sampling 5 unrevealed pokemon
INFO     	     kricketune   technician heavydutyboots [knockoff, pounce, stickyweb, taunt] ttype=ghost
INFO     	         latios     levitate  choicespecs [aurasphere, dracometeor, flipturn, lusterpurge] ttype=dragon
INFO     	  arceuspsychic    multitype    mindplate [bodypress, cosmicpower, recover, storedpower] ttype=steel
INFO     	            muk  poisontouch    leftovers [haze, knockoff, poisonjab, toxicspikes] ttype=dark
INFO     	     skeledirge      unaware heavydutyboots [flamecharge, shadowball, slackoff, torchsong] ttype=water
INFO     Sampling battle 19
INFO     	      hydreigon     levitate      lifeorb [darkpulse, dracometeor, fireblast, nastyplot] ttype=dragon
INFO     Sampling 5 unrevealed pokemon
INFO     	       granbull   intimidate    leftovers [earthquake, playrough, roar, thunderwave] ttype=ground
INFO     	        glaceon      icebody heavydutyboots [freezedry, mudshot, protect, wish] ttype=ground
INFO     	       alcremie    aromaveil    leftovers [alluringvoice, calmmind, recover, terablast] ttype=ground
INFO     	      serperior     contrary      lifeorb [dragonpulse, glare, leafstorm, synthesis] ttype=dragon
INFO     	       mukalola  poisontouch  assaultvest [drainpunch, gunkshot, icepunch, knockoff] ttype=fighting
INFO     Sampling battle 20
INFO     	      hydreigon     levitate      lifeorb [darkpulse, dracometeor, fireblast, nastyplot] ttype=dark
INFO     Sampling 5 unrevealed pokemon
INFO     	       delibird       hustle heavydutyboots [bravebird, drillrun, icespinner, spikes] ttype=flying
INFO     	      magnezone   magnetpull    leftovers [bodypress, discharge, flashcannon, irondefense] ttype=fighting
INFO     	         zacian intrepidsword   choiceband [closecombat, crunch, playrough, psychicfangs] ttype=fighting
INFO     	        shiftry    windrider      lifeorb [knockoff, leafblade, lowkick, tailwind] ttype=fighting
INFO     	       samurott      torrent  assaultvest [aquajet, grassknot, hydropump, icebeam] ttype=water
INFO     Sampling battle 21
INFO     	      hydreigon     levitate  choicespecs [darkpulse, dracometeor, flashcannon, uturn] ttype=dragon
INFO     Sampling 5 unrevealed pokemon
INFO     	      charizard        blaze heavydutyboots [earthquake, flamethrower, hurricane, willowisp] ttype=ground
INFO     	enamorustherian     overcoat weaknesspolicy [agility, earthpower, moonblast, mysticalfire] ttype=ground
INFO     	       gumshoos     stakeout   choiceband [doubleedge, earthquake, knockoff, uturn] ttype=normal
INFO     	    ironboulder   quarkdrive boosterenergy [closecombat, mightycleave, swordsdance, zenheadbutt] ttype=fighting
INFO     	    ironvaliant   quarkdrive      lifeorb [closecombat, knockoff, spiritbreak, swordsdance] ttype=dark
INFO     Sampling battle 22
INFO     	      hydreigon     levitate  choicespecs [darkpulse, dracometeor, fireblast, uturn] ttype=fire
INFO     Sampling 5 unrevealed pokemon
INFO     	        flareon         guts     toxicorb [facade, flareblitz, trailblaze, willowisp] ttype=normal
INFO     	      electrode       static heavydutyboots [foulplay, taunt, thunderbolt, voltswitch] ttype=dark
INFO     	        falinks      defiant      lifeorb [closecombat, ironhead, knockoff, noretreat] ttype=steel
INFO     	     masquerain   intimidate heavydutyboots [bugbuzz, hurricane, stickyweb, stunspore] ttype=steel
INFO     	ogerponwellspring  waterabsorb wellspringmask [ivycudgel, spikes, synthesis, woodhammer] ttype=water
INFO     Sampling battle 23
INFO     	      hydreigon     levitate  choicespecs [darkpulse, dracometeor, fireblast, flashcannon] ttype=steel
INFO     Sampling 5 unrevealed pokemon
INFO     	      spiritomb  infiltrator    leftovers [foulplay, poltergeist, shadowsneak, willowisp] ttype=poison
INFO     	      sudowoodo     rockhead    leftovers [earthquake, headsmash, stealthrock, woodhammer] ttype=rock
INFO     	       mienshao     reckless   choiceband [highjumpkick, knockoff, poisonjab, uturn] ttype=fighting
INFO     	    arceusghost    multitype  spookyplate [focusblast, judgment, recover, willowisp] ttype=dark
INFO     	         deoxys     pressure      lifeorb [icebeam, knockoff, psychoboost, superpower] ttype=fighting
INFO     Sampling battle 24
INFO     	      hydreigon     levitate  choicespecs [darkpulse, dracometeor, flashcannon, uturn] ttype=dragon
INFO     Sampling 5 unrevealed pokemon
INFO     	       clodsire      unaware    leftovers [earthquake, poisonjab, recover, spikes] ttype=flying
INFO     	         kyogre      drizzle  choicescarf [icebeam, originpulse, thunder, waterspout] ttype=water
INFO     	      tyranitar   sandstream weaknesspolicy [dragondance, icepunch, knockoff, stoneedge] ttype=ghost
INFO     	       oricorio       dancer heavydutyboots [hurricane, quiverdance, revelationdance, roost] ttype=ground
INFO     	    barraskewda    swiftswim   choiceband [closecombat, flipturn, poisonjab, waterfall] ttype=fighting
INFO     Sampling battle 25
INFO     	      hydreigon     levitate      lifeorb [darkpulse, dracometeor, fireblast, nastyplot] ttype=dragon
INFO     Sampling 5 unrevealed pokemon
INFO     	        wyrdeer   intimidate    leftovers [bodyslam, earthquake, psychicnoise, thunderwave] ttype=ground
INFO     	            muk  poisontouch   choiceband [drainpunch, knockoff, poisonjab, shadowsneak] ttype=dark
INFO     	       cyclizar  regenerator heavydutyboots [dracometeor, knockoff, rapidspin, shedtail] ttype=steel
INFO     	      mightyena   intimidate  assaultvest [playrough, poisonfang, suckerpunch, throatchop] ttype=fairy
INFO     	       illumise    prankster heavydutyboots [bugbuzz, encore, roost, thunderwave] ttype=water
INFO     Sampling battle 26
INFO     	      hydreigon     levitate  choicespecs [darkpulse, dracometeor, fireblast, uturn] ttype=fire
INFO     Sampling 5 unrevealed pokemon
INFO     	         regice    clearbody heavydutyboots [bodypress, icebeam, thunderbolt, thunderwave] ttype=electric
INFO     	taurospaldeacombat   intimidate      lifeorb [bulkup, closecombat, ironhead, throatchop] ttype=steel
INFO     	        noctowl   tintedlens heavydutyboots [defog, hurricane, hypervoice, roost] ttype=normal
INFO     	        avalugg       sturdy heavydutyboots [avalanche, bodypress, rapidspin, recover] ttype=fighting
INFO     	       giratina     pressure    leftovers [calmmind, dragonpulse, rest, sleeptalk] ttype=fairy
INFO     Sampling battle 27
INFO     	      hydreigon     levitate      lifeorb [darkpulse, dracometeor, fireblast, nastyplot] ttype=dark
INFO     Sampling 5 unrevealed pokemon
INFO     	      dunsparce  serenegrace     eviolite [bodyslam, coil, earthquake, roost] ttype=ghost
INFO     	      toxicroak      dryskin      lifeorb [closecombat, gunkshot, knockoff, swordsdance] ttype=dark
INFO     	          arbok   intimidate    leftovers [coil, earthquake, gunkshot, trailblaze] ttype=grass
INFO     	      honchkrow        moxie heavydutyboots [bravebird, heatwave, suckerpunch, uturn] ttype=flying
INFO     	  calyrexshadow asonespectrier  choicespecs [astralbarrage, pollenpuff, psyshock, trick] ttype=ghost
INFO     Sampling battle 28
INFO     	      hydreigon     levitate  choicespecs [darkpulse, dracometeor, flashcannon, uturn] ttype=dragon
INFO     Sampling 5 unrevealed pokemon
INFO     	       blaziken   speedboost      lifeorb [closecombat, flareblitz, stoneedge, swordsdance] ttype=fighting
INFO     	    ironvaliant   quarkdrive      lifeorb [calmmind, closecombat, moonblast, psychic] ttype=steel
INFO     	        donphan       sturdy  assaultvest [earthquake, iceshard, knockoff, rapidspin] ttype=steel
INFO     	       slowking  regenerator heavydutyboots [chillyreception, psychicnoise, scald, slackoff] ttype=dragon
INFO     	         goodra    sapsipper  assaultvest [dracometeor, earthquake, knockoff, scald] ttype=ground
INFO     Sampling battle 29
INFO     	      hydreigon     levitate  choicespecs [darkpulse, dracometeor, fireblast, uturn] ttype=fire
INFO     Sampling 5 unrevealed pokemon
INFO     	       orthworm   eartheater    leftovers [bodypress, heavyslam, shedtail, spikes] ttype=ghost
INFO     	   arceuspoison    multitype   toxicplate [earthquake, gunkshot, recover, swordsdance] ttype=ground
INFO     	        zoroark     illusion      lifeorb [darkpulse, encore, nastyplot, sludgebomb] ttype=poison
INFO     	     gothitelle    shadowtag    leftovers [calmmind, focusblast, psychicnoise, thunderbolt] ttype=electric
INFO     	       virizion    justified      lifeorb [closecombat, leafblade, stoneedge, swordsdance] ttype=rock
INFO     Sampling battle 30
INFO     	      hydreigon     levitate  choicespecs [darkpulse, dracometeor, fireblast, flashcannon] ttype=steel
INFO     Sampling 5 unrevealed pokemon
INFO     	        glaceon      icebody heavydutyboots [calmmind, freezedry, protect, wish] ttype=water
INFO     	         gogoat    sapsipper    leftovers [bulkup, earthquake, hornleech, milkdrink] ttype=ground
INFO     	       clefable   magicguard      lifeorb [knockoff, moonblast, moonlight, thunderwave] ttype=steel
INFO     	       camerupt    solidrock    leftovers [earthquake, overheat, stealthrock, willowisp] ttype=water
INFO     	      garganacl purifyingsalt    leftovers [bodypress, recover, saltcure, stealthrock] ttype=dragon
INFO     Sampling battle 31
INFO     	      hydreigon     levitate  choicespecs [darkpulse, dracometeor, flashcannon, uturn] ttype=steel
INFO     Sampling 5 unrevealed pokemon
INFO     	       lycanroc     sandrush   choiceband [accelerock, closecombat, psychicfangs, stoneedge] ttype=fighting
INFO     	     typhlosion    flashfire  choicescarf [eruption, fireblast, focusblast, scorchingsands] ttype=fire
INFO     	   persianalola      furcoat heavydutyboots [knockoff, partingshot, taunt, thunderwave] ttype=fairy
INFO     	        volbeat    prankster heavydutyboots [encore, roost, thunderwave, uturn] ttype=water
INFO     	      vespiquen     pressure heavydutyboots [hurricane, roost, spikes, toxicspikes] ttype=steel
INFO     Searching for a move using MCTS...
INFO     Sampling 32 battles at 250ms each
WARNING  poke-engine lacks request-level Tera permissions; final selector must filter roots
INFO     Iterations 0: 54000
INFO     Iterations 1: 60000
INFO     Iterations 3: 58000
INFO     Iterations 4: 60000
INFO     Iterations 5: 60000
INFO     Iterations 2: 56000
INFO     Iterations 6: 55000
INFO     Iterations 7: 60000
INFO     Iterations 12: 47000
INFO     Iterations 9: 57000
INFO     Iterations 8: 55000
INFO     Iterations 10: 48000
INFO     Iterations 14: 52000
INFO     Iterations 13: 53000
INFO     Iterations 15: 51000
INFO     Iterations 11: 49000
INFO     Iterations 18: 33000
INFO     Iterations 16: 34000
INFO     Iterations 17: 30000
INFO     Iterations 20: 31000
INFO     Iterations 19: 31000
INFO     Iterations 21: 32000
INFO     Iterations 23: 30000
INFO     Iterations 22: 33000
INFO     Iterations 24: 30000
INFO     Iterations 25: 25000
INFO     Iterations 26: 27000
INFO     Iterations 27: 30000
INFO     Iterations 28: 32000
INFO     Iterations 29: 29000
INFO     Iterations 30: 34000
INFO     Iterations 31: 29000
INFO     Policy 0: icespinner visited 63.96% avg_score=0.598 sample_chance_multiplier=0.031
INFO     Policy 1: switch porygon2 visited 61.21% avg_score=0.531 sample_chance_multiplier=0.031
INFO     Policy 2: icespinner visited 45.24% avg_score=0.436 sample_chance_multiplier=0.031
INFO     Policy 3: icespinner visited 45.61% avg_score=0.453 sample_chance_multiplier=0.031
INFO     Policy 4: switch porygon2 visited 65.3% avg_score=0.505 sample_chance_multiplier=0.031
INFO     Policy 5: switch porygon2 visited 41.57% avg_score=0.483 sample_chance_multiplier=0.031
INFO     Policy 6: icespinner visited 62.63% avg_score=0.436 sample_chance_multiplier=0.031
INFO     Policy 7: icespinner visited 44.64% avg_score=0.448 sample_chance_multiplier=0.031
INFO     Policy 8: switch porygon2 visited 50.51% avg_score=0.489 sample_chance_multiplier=0.031
INFO     Policy 9: icespinner visited 56.88% avg_score=0.557 sample_chance_multiplier=0.031
INFO     Policy 10: icespinner visited 47.94% avg_score=0.441 sample_chance_multiplier=0.031
INFO     Policy 11: icespinner visited 58.15% avg_score=0.587 sample_chance_multiplier=0.031
INFO     Policy 12: icespinner visited 41.19% avg_score=0.444 sample_chance_multiplier=0.031
INFO     Policy 13: icespinner visited 59.42% avg_score=0.441 sample_chance_multiplier=0.031
INFO     Policy 14: icespinner visited 43.62% avg_score=0.445 sample_chance_multiplier=0.031
INFO     Policy 15: icespinner visited 41.35% avg_score=0.436 sample_chance_multiplier=0.031
INFO     Policy 16: icespinner visited 45.76% avg_score=0.462 sample_chance_multiplier=0.031
INFO     Policy 17: icespinner visited 36.57% avg_score=0.56 sample_chance_multiplier=0.031
INFO     Policy 18: icespinner visited 47.04% avg_score=0.502 sample_chance_multiplier=0.031
INFO     Policy 19: icespinner visited 54.35% avg_score=0.455 sample_chance_multiplier=0.031
INFO     Policy 20: icespinner visited 43.63% avg_score=0.458 sample_chance_multiplier=0.031
INFO     Policy 21: icespinner visited 41.98% avg_score=0.509 sample_chance_multiplier=0.031
INFO     Policy 22: switch porygon2 visited 37.75% avg_score=0.487 sample_chance_multiplier=0.031
INFO     Policy 23: switch porygon2 visited 41.94% avg_score=0.514 sample_chance_multiplier=0.031
INFO     Policy 24: icespinner visited 39.65% avg_score=0.494 sample_chance_multiplier=0.031
INFO     Policy 25: icespinner visited 51.8% avg_score=0.466 sample_chance_multiplier=0.031
INFO     Policy 26: switch porygon2 visited 43.61% avg_score=0.498 sample_chance_multiplier=0.031
INFO     Policy 27: icespinner visited 41.92% avg_score=0.455 sample_chance_multiplier=0.031
INFO     Policy 28: icespinner visited 49.0% avg_score=0.512 sample_chance_multiplier=0.031
INFO     Policy 29: switch porygon2 visited 49.44% avg_score=0.515 sample_chance_multiplier=0.031
INFO     Policy 30: switch porygon2 visited 40.42% avg_score=0.494 sample_chance_multiplier=0.031
INFO     Policy 31: switch porygon2 visited 48.59% avg_score=0.526 sample_chance_multiplier=0.031
INFO     Considered Choices:
INFO     	41.392%: icespinner
INFO     Choice: icespinner
INFO     Updated hydreigon's min speed to 138
INFO     hydreigon used a fire move, removing firegem from possible items
INFO     Setting hydreigon's last used move: fireblast
INFO     hydreigon used a damaging move - not guessing lifeorb anymore
INFO     hydreigon did 80.28999999999999% damage to eiscue with fireblast
INFO     Removing eiscue's item: sitrusberry
INFO     Setting eiscue's removed item to sitrusberry
INFO     eiscue already has the move icespinner. Decrementing the PP by 1
INFO     eiscue used a ice move, removing icegem from possible items
INFO     Setting eiscue's last used move: icespinner
INFO     eiscue used a damaging move - not guessing lifeorb anymore
INFO     eiscue did 61.0% damage to hydreigon with icespinner
INFO     hydreigon has less than maxhp during upkeep, no longer guessing leftovers or blacksludge
INFO     
INFO     Turn: 2
INFO     Sampling battle 0
INFO     	      hydreigon     levitate  choicespecs [darkpulse, dracometeor, fireblast, uturn] ttype=fire
INFO     Sampling 5 unrevealed pokemon
INFO     	     baxcalibur thermalexchange   loadeddice [earthquake, iciclespear, scaleshot, swordsdance] ttype=dragon
INFO     	         raichu lightningrod      lifeorb [encore, nastyplot, terablast, thunderbolt] ttype=ice
INFO     	       basculin adaptability   choiceband [aquajet, doubleedge, flipturn, wavecrash] ttype=water
INFO     	 sandslashalola    slushrush  assaultvest [earthquake, ironhead, rapidspin, tripleaxel] ttype=water
INFO     	      cresselia     levitate    leftovers [calmmind, moonlight, psyshock, thunderbolt] ttype=electric
INFO     Sampling battle 1
INFO     	      hydreigon     levitate  choicespecs [darkpulse, dracometeor, fireblast, flashcannon] ttype=steel
INFO     Sampling 5 unrevealed pokemon
INFO     	       drifblim     unburden  sitrusberry [airslash, calmmind, shadowball, strengthsap] ttype=steel
INFO     	      metagross    clearbody    leftovers [earthquake, heavyslam, knockoff, stealthrock] ttype=water
INFO     	    dudunsparce      rattled    leftovers [boomburst, earthquake, roost, toxic] ttype=poison
INFO     	      dragapult  infiltrator heavydutyboots [dragondarts, hex, uturn, willowisp] ttype=dragon
INFO     	          ditto     imposter  choicescarf [transform] ttype=steel
INFO     Sampling battle 2
INFO     	      hydreigon     levitate  choicespecs [darkpulse, dracometeor, fireblast, uturn] ttype=dragon
INFO     Sampling 5 unrevealed pokemon
INFO     	       cloyster    skilllink    whiteherb [hydropump, iciclespear, rockblast, shellsmash] ttype=rock
INFO     	      cinderace       libero   choiceband [gunkshot, highjumpkick, pyroball, uturn] ttype=fighting
INFO     	      quaquaval        moxie    leftovers [aquastep, closecombat, rapidspin, roost] ttype=steel
INFO     	       rayquaza      airlock heavydutyboots [dragonascent, dragondance, earthquake, outrage] ttype=steel
INFO     	      meowsticf  competitive      lifeorb [alluringvoice, darkpulse, nastyplot, psyshock] ttype=fairy
INFO     Sampling battle 3
INFO     	      hydreigon     levitate  choicespecs [darkpulse, dracometeor, fireblast, uturn] ttype=dragon
INFO     Sampling 5 unrevealed pokemon
INFO     	      palossand watercompaction    leftovers [earthpower, shadowball, shoreup, stealthrock] ttype=water
INFO     	      crawdaunt adaptability      lifeorb [aquajet, crabhammer, dragondance, knockoff] ttype=water
INFO     	        avalugg       sturdy heavydutyboots [avalanche, bodypress, curse, recover] ttype=fighting
INFO     	        palafin   zerotohero    leftovers [bulkup, icepunch, jetpunch, wavecrash] ttype=steel
INFO     	   squawkabilly         guts     flameorb [bravebird, facade, quickattack, uturn] ttype=normal
INFO     Sampling battle 4
INFO     	      hydreigon     levitate  choicespecs [darkpulse, dracometeor, fireblast, uturn] ttype=fire
INFO     Sampling 5 unrevealed pokemon
INFO     	      cryogonal     levitate heavydutyboots [icebeam, rapidspin, recover, terablast] ttype=electric
INFO     	        flamigo      scrappy  choicescarf [bravebird, closecombat, throatchop, uturn] ttype=fighting
INFO     	         lunala shadowshield    leftovers [calmmind, moongeistbeam, moonlight, psyshock] ttype=dark
INFO     	      heracross        moxie   choiceband [closecombat, knockoff, megahorn, stoneedge] ttype=fighting
INFO     	         dodrio    earlybird   choiceband [bravebird, drillrun, knockoff, quickattack] ttype=ground
INFO     Sampling battle 5
INFO     	      hydreigon     levitate  choicespecs [darkpulse, dracometeor, fireblast, uturn] ttype=fire
INFO     Sampling 5 unrevealed pokemon
INFO     	   moltresgalar      berserk weaknesspolicy [agility, fierywrath, hurricane, nastyplot] ttype=dark
INFO     	     chandelure    flashfire heavydutyboots [calmmind, fireblast, flamecharge, shadowball] ttype=fire
INFO     	   weezinggalar     levitate    leftovers [defog, gunkshot, painsplit, strangesteam] ttype=steel
INFO     	        haxorus  moldbreaker     lumberry [dragondance, earthquake, ironhead, outrage] ttype=steel
INFO     	        bruxish    strongjaw  choicescarf [crunch, icefang, psychicfangs, wavecrash] ttype=dark
INFO     Sampling battle 6
INFO     	      hydreigon     levitate  choicespecs [darkpulse, dracometeor, fireblast, uturn] ttype=dark
INFO     Sampling 5 unrevealed pokemon
INFO     	   moltresgalar      berserk  chestoberry [fierywrath, hurricane, nastyplot, rest] ttype=steel
INFO     	        jirachi  serenegrace    leftovers [bodyslam, ironhead, protect, wish] ttype=water
INFO     	      hitmontop   technician    leftovers [bulkup, closecombat, rapidspin, tripleaxel] ttype=ice
INFO     	       gumshoos adaptability   choiceband [doubleedge, earthquake, knockoff, uturn] ttype=ground
INFO     	         luxray   intimidate  assaultvest [icefang, playrough, voltswitch, wildcharge] ttype=electric
INFO     Sampling battle 7
INFO     	      hydreigon     levitate  choicespecs [darkpulse, dracometeor, fireblast, uturn] ttype=dragon
INFO     Sampling 5 unrevealed pokemon
INFO     	          hoopa     magician  choicescarf [focusblast, psyshock, shadowball, trick] ttype=ghost
INFO     	       enamorus     contrary    leftovers [playrough, substitute, superpower, taunt] ttype=fighting
INFO     	      sinistcha    heatproof    leftovers [calmmind, matchagotcha, shadowball, strengthsap] ttype=steel
INFO     	    raichualola  surgesurfer      lifeorb [nastyplot, psyshock, surf, thunderbolt] ttype=water
INFO     	       magearna    soulheart    leftovers [flashcannon, fleurcannon, spikes, voltswitch] ttype=fairy
INFO     Sampling battle 8
INFO     	      hydreigon     levitate  choicespecs [darkpulse, dracometeor, fireblast, uturn] ttype=dragon
INFO     Sampling 5 unrevealed pokemon
INFO     	         eiscue      iceface  sitrusberry [bellydrum, icespinner, liquidation, terablast] ttype=electric
INFO     	      probopass   magnetpull    leftovers [bodypress, flashcannon, irondefense, powergem] ttype=fighting
INFO     	    basculegion adaptability  assaultvest [aquajet, flipturn, shadowball, wavecrash] ttype=water
INFO     	     skeledirge      unaware heavydutyboots [hex, slackoff, torchsong, willowisp] ttype=water
INFO     	  deoxysdefense     pressure    leftovers [knockoff, psychicnoise, recover, teleport] ttype=steel
INFO     Sampling battle 9
INFO     	      hydreigon     levitate  choicespecs [darkpulse, dracometeor, fireblast, uturn] ttype=dark
INFO     Sampling 5 unrevealed pokemon
INFO     	      poliwrath  waterabsorb    leftovers [bulkup, drainpunch, icepunch, liquidation] ttype=fighting
INFO     	         dialga     pressure    leftovers [dracometeor, fireblast, heavyslam, stealthrock] ttype=steel
INFO     	          hoopa     magician      lifeorb [focusblast, nastyplot, psyshock, shadowball] ttype=ghost
INFO     	       blaziken   speedboost      lifeorb [closecombat, flareblitz, knockoff, swordsdance] ttype=dark
INFO     	      meowsticf  competitive      lifeorb [darkpulse, nastyplot, psychic, thunderbolt] ttype=dark
INFO     Sampling battle 10
INFO     	      hydreigon     levitate  choicespecs [darkpulse, dracometeor, fireblast, uturn] ttype=fire
INFO     Sampling 5 unrevealed pokemon
INFO     	         goodra    sapsipper  assaultvest [dracometeor, dragontail, earthquake, sludgebomb] ttype=poison
INFO     	      hippowdon   sandstream    leftovers [curse, earthquake, slackoff, stoneedge] ttype=rock
INFO     	        flareon         guts     toxicorb [facade, flareblitz, trailblaze, willowisp] ttype=normal
INFO     	        jirachi  serenegrace    leftovers [bodyslam, ironhead, protect, wish] ttype=water
INFO     	         pyroar      unnerve heavydutyboots [fireblast, hypervoice, willowisp, workup] ttype=fire
INFO     Sampling battle 11
INFO     	      hydreigon     levitate  choicespecs [darkpulse, dracometeor, fireblast, flashcannon] ttype=fire
INFO     Sampling 5 unrevealed pokemon
INFO     	        bisharp      defiant     eviolite [ironhead, stealthrock, suckerpunch, throatchop] ttype=flying
INFO     	         luxray         guts     flameorb [facade, supercellslam, throatchop, trailblaze] ttype=normal
INFO     	typhlosionhisui        blaze  choicespecs [eruption, fireblast, focusblast, shadowball] ttype=fire
INFO     	  articunogalar  competitive heavydutyboots [calmmind, freezingglare, hurricane, recover] ttype=steel
INFO     	           hooh  regenerator heavydutyboots [bravebird, earthquake, recover, sacredfire] ttype=ground
INFO     Sampling battle 12
INFO     	      hydreigon     levitate  choicespecs [darkpulse, dracometeor, fireblast, uturn] ttype=dark
INFO     Sampling 5 unrevealed pokemon
INFO     	       regirock    clearbody    leftovers [bodypress, irondefense, stoneedge, thunderwave] ttype=fighting
INFO     	        wochien tabletsofruin    leftovers [gigadrain, knockoff, ruination, stunspore] ttype=poison
INFO     	      ironhands   quarkdrive    leftovers [drainpunch, icepunch, swordsdance, thunderpunch] ttype=steel
INFO     	tornadustherian  regenerator  assaultvest [bleakwindstorm, heatwave, knockoff, uturn] ttype=dark
INFO     	        slowbro  regenerator    leftovers [psychicnoise, scald, slackoff, thunderwave] ttype=fairy
INFO     Sampling battle 13
INFO     	      hydreigon     levitate  choicespecs [darkpulse, dracometeor, fireblast, uturn] ttype=dragon
INFO     Sampling 5 unrevealed pokemon
INFO     	        leafeon  chlorophyll      lifeorb [doubleedge, knockoff, leafblade, swordsdance] ttype=dark
INFO     	       venomoth   tintedlens heavydutyboots [bugbuzz, quiverdance, sleeppowder, sludgewave] ttype=water
INFO     	          golem       sturdy  custapberry [earthquake, explosion, stealthrock, stoneedge] ttype=ground
INFO     	       orthworm   eartheater    leftovers [bodypress, heavyslam, shedtail, stealthrock] ttype=poison
INFO     	    polteageist   cursedbody    whiteherb [shadowball, shellsmash, storedpower, strengthsap] ttype=dark
INFO     Sampling battle 14
INFO     	      hydreigon     levitate  choicespecs [darkpulse, dracometeor, fireblast, flashcannon] ttype=dark
INFO     Sampling 5 unrevealed pokemon
INFO     	       vikavolt     levitate heavydutyboots [bugbuzz, stickyweb, thunderbolt, voltswitch] ttype=electric
INFO     	tornadustherian  regenerator  choicespecs [bleakwindstorm, focusblast, grassknot, uturn] ttype=flying
INFO     	     grimmsnarl    prankster    lightclay [lightscreen, partingshot, reflect, spiritbreak] ttype=steel
INFO     	       floatzel    waterveil   choiceband [crunch, flipturn, icespinner, wavecrash] ttype=water
INFO     	     conkeldurr         guts     flameorb [closecombat, facade, knockoff, machpunch] ttype=normal
INFO     Sampling battle 15
INFO     	      hydreigon     levitate  choicespecs [darkpulse, dracometeor, fireblast, flashcannon] ttype=fire
INFO     Sampling 5 unrevealed pokemon
INFO     	     whimsicott    prankster    leftovers [encore, leechseed, moonblast, substitute] ttype=steel
INFO     	     baxcalibur thermalexchange heavydutyboots [dragondance, earthquake, glaiverush, iciclecrash] ttype=ground
INFO     	       sawsbuck  serenegrace      lifeorb [headbutt, highhorsepower, hornleech, swordsdance] ttype=normal
INFO     	     tentacruel   liquidooze    leftovers [rapidspin, sludgebomb, surf, toxic] ttype=grass
INFO     	    arceusfairy    multitype   pixieplate [calmmind, earthpower, judgment, recover] ttype=steel
INFO     Searching for a move using MCTS...
INFO     Sampling 16 battles at 500ms each
INFO     Iterations 0: 65000
INFO     Iterations 3: 63000
INFO     Iterations 1: 73000
INFO     Iterations 5: 68000
INFO     Iterations 7: 67000
INFO     Iterations 4: 73000
INFO     Iterations 2: 70000
INFO     Iterations 6: 63000
INFO     Iterations 8: 61000
INFO     Iterations 11: 61000
INFO     Iterations 9: 58000
INFO     Iterations 12: 55000
INFO     Iterations 13: 67000
INFO     Iterations 14: 62000
INFO     Iterations 10: 54000
INFO     Iterations 15: 54000
INFO     Policy 0: switch grumpig visited 37.32% avg_score=0.538 sample_chance_multiplier=0.062
INFO     Policy 1: switch porygon2 visited 38.3% avg_score=0.532 sample_chance_multiplier=0.062
INFO     Policy 2: switch porygon2 visited 46.39% avg_score=0.553 sample_chance_multiplier=0.062
INFO     Policy 3: switch porygon2 visited 72.38% avg_score=0.558 sample_chance_multiplier=0.062
INFO     Policy 4: switch grumpig visited 40.64% avg_score=0.517 sample_chance_multiplier=0.062
INFO     Policy 5: switch grumpig visited 33.35% avg_score=0.466 sample_chance_multiplier=0.062
INFO     Policy 6: switch porygon2 visited 50.93% avg_score=0.514 sample_chance_multiplier=0.062
INFO     Policy 7: switch porygon2 visited 41.53% avg_score=0.534 sample_chance_multiplier=0.062
INFO     Policy 8: switch grumpig visited 50.73% avg_score=0.539 sample_chance_multiplier=0.062
INFO     Policy 9: switch grumpig visited 42.93% avg_score=0.499 sample_chance_multiplier=0.062
INFO     Policy 10: switch grumpig visited 41.39% avg_score=0.515 sample_chance_multiplier=0.062
INFO     Policy 11: switch porygon2 visited 30.13% avg_score=0.43 sample_chance_multiplier=0.062
INFO     Policy 12: switch porygon2 visited 33.97% avg_score=0.518 sample_chance_multiplier=0.062
INFO     Policy 13: switch grumpig visited 43.4% avg_score=0.479 sample_chance_multiplier=0.062
INFO     Policy 14: switch porygon2 visited 37.49% avg_score=0.43 sample_chance_multiplier=0.062
INFO     Policy 15: switch grumpig visited 39.69% avg_score=0.552 sample_chance_multiplier=0.062
INFO     Considered Choices:
INFO     	32.841%: switch porygon2
INFO     	30.788%: switch grumpig
INFO     Choice: switch porygon2
INFO     porygon2 switched in, adding intimidate to impossible abilities
INFO     porygon2 switched in, adding pressure to impossible abilities
INFO     porygon2 switched in, adding neutralizinggas to impossible abilities
INFO     porygon2 switched in, adding sandstream to impossible abilities
INFO     porygon2 switched in, adding drought to impossible abilities
INFO     porygon2 switched in, adding drizzle to impossible abilities
INFO     porygon2 switched in, adding snowwarning to impossible abilities
INFO     porygon2 switched in, adding boosterenergy to impossible items
INFO     porygon2 switched in, adding airballoon to impossible items
INFO     Setting porygon2's ability to download
INFO     porygon2's special-attack was boosted by 1 to 1
INFO     hydreigon already has the move fireblast. Decrementing the PP by 1
INFO     hydreigon used a fire move, removing firegem from possible items
INFO     Setting hydreigon's last used move: fireblast
INFO     hydreigon used a damaging move - not guessing lifeorb anymore
INFO     hydreigon did 32.96% damage to porygon2 with fireblast
INFO     hydreigon has less than maxhp during upkeep, no longer guessing leftovers or blacksludge
INFO     
INFO     Turn: 3
INFO     Sampling battle 0
INFO     	      hydreigon     levitate  choicespecs [darkpulse, dracometeor, fireblast, uturn] ttype=fire
INFO     Sampling 5 unrevealed pokemon
INFO     	      azumarill    hugepower   choiceband [aquajet, knockoff, liquidation, playrough] ttype=water
INFO     	      sudowoodo     rockhead   choiceband [earthquake, headsmash, suckerpunch, woodhammer] ttype=rock
INFO     	      clawitzer megalauncher  choicespecs [aurasphere, darkpulse, uturn, waterpulse] ttype=dark
INFO     	   crabominable     ironfist  assaultvest [drainpunch, earthquake, icehammer, knockoff] ttype=ground
INFO     	   weezinggalar     levitate    leftovers [gunkshot, painsplit, strangesteam, willowisp] ttype=steel
INFO     Sampling battle 1
INFO     	      hydreigon     levitate  choicespecs [darkpulse, dracometeor, fireblast, uturn] ttype=fire
INFO     Sampling 5 unrevealed pokemon
INFO     	     talonflame    flamebody heavydutyboots [bravebird, flareblitz, swordsdance, terablast] ttype=ground
INFO     	       hariyama         guts     flameorb [closecombat, facade, headlongrush, knockoff] ttype=normal
INFO     	         tauros   sheerforce      lifeorb [bodyslam, closecombat, earthquake, throatchop] ttype=fighting
INFO     	       quagsire      unaware    leftovers [earthquake, recover, spikes, toxic] ttype=fairy
INFO     	        haxorus  moldbreaker     lumberry [closecombat, dragondance, ironhead, outrage] ttype=steel
INFO     Sampling battle 2
INFO     	      hydreigon     levitate  choicespecs [darkpulse, dracometeor, fireblast, uturn] ttype=dark
INFO     Sampling 5 unrevealed pokemon
INFO     	lycanrocmidnight      noguard      lifeorb [closecombat, knockoff, stealthrock, stoneedge] ttype=fighting
INFO     	      hatterene  magicbounce    leftovers [calmmind, drainingkiss, mysticalfire, psyshock] ttype=steel
INFO     	       virizion    justified      lifeorb [closecombat, leafblade, stoneedge, swordsdance] ttype=rock
INFO     	       greedent   cheekpouch  sitrusberry [bodyslam, earthquake, knockoff, swordsdance] ttype=ghost
INFO     	taurospaldeablaze   intimidate   choiceband [closecombat, flareblitz, stoneedge, wildcharge] ttype=fighting
INFO     Sampling battle 3
INFO     	      hydreigon     levitate  choicespecs [darkpulse, dracometeor, fireblast, flashcannon] ttype=dragon
INFO     Sampling 5 unrevealed pokemon
INFO     	        kleavor    sharpness heavydutyboots [closecombat, stoneaxe, swordsdance, xscissor] ttype=bug
INFO     	        shaymin  naturalcure    leftovers [airslash, earthpower, seedflare, synthesis] ttype=ground
INFO     	    walkingwake protosynthesis  choicespecs [dracometeor, flamethrower, flipturn, hydropump] ttype=water
INFO     	  samurotthisui    sharpness      lifeorb [ceaselessedge, razorshell, suckerpunch, swordsdance] ttype=dark
INFO     	      terapagos    terashift  chestoberry [calmmind, darkpulse, rest, terastarstorm] ttype=stellar
INFO     Sampling battle 4
INFO     	      hydreigon     levitate  choicespecs [darkpulse, dracometeor, fireblast, flashcannon] ttype=dragon
INFO     Sampling 5 unrevealed pokemon
INFO     	      alomomola  regenerator    leftovers [flipturn, protect, scald, wish] ttype=steel
INFO     	        shaymin  naturalcure    leftovers [airslash, leechseed, seedflare, substitute] ttype=steel
INFO     	       vivillon compoundeyes heavydutyboots [bugbuzz, hurricane, quiverdance, sleeppowder] ttype=flying
INFO     	       illumise    prankster heavydutyboots [bugbuzz, encore, roost, thunderwave] ttype=steel
INFO     	       greedent   cheekpouch  sitrusberry [doubleedge, earthquake, knockoff, swordsdance] ttype=ghost
INFO     Sampling battle 5
INFO     	      hydreigon     levitate  choicespecs [darkpulse, dracometeor, fireblast, uturn] ttype=fire
INFO     Sampling 5 unrevealed pokemon
INFO     	        flapple       hustle     widelens [dragondance, gravapple, outrage, terablast] ttype=fire
INFO     	        sylveon     pixilate    leftovers [calmmind, hypervoice, protect, wish] ttype=steel
INFO     	         regice    clearbody heavydutyboots [icebeam, rest, sleeptalk, thunderbolt] ttype=electric
INFO     	       enamorus     contrary heavydutyboots [playrough, superpower, taunt, zenheadbutt] ttype=fighting
INFO     	       ampharos       static  assaultvest [dazzlinggleam, dragontail, thunderbolt, voltswitch] ttype=fairy
INFO     Sampling battle 6
INFO     	      hydreigon     levitate  choicespecs [darkpulse, dracometeor, fireblast, flashcannon] ttype=fire
INFO     Sampling 5 unrevealed pokemon
INFO     	      terrakion    justified   choiceband [closecombat, earthquake, quickattack, stoneedge] ttype=ground
INFO     	         eiscue      iceface  sitrusberry [bellydrum, icespinner, liquidation, terablast] ttype=electric
INFO     	      dragapult   cursedbody heavydutyboots [dragondarts, hex, uturn, willowisp] ttype=dragon
INFO     	        okidogi   toxicchain  assaultvest [drainpunch, gunkshot, knockoff, psychicfangs] ttype=dark
INFO     	        spidops     stakeout heavydutyboots [circlethrow, spikes, stickyweb, uturn] ttype=ghost
INFO     Sampling battle 7
INFO     	      hydreigon     levitate  choicespecs [darkpulse, dracometeor, fireblast, flashcannon] ttype=dragon
INFO     Sampling 5 unrevealed pokemon
INFO     	       torterra     overgrow   loadeddice [bulletseed, headlongrush, rockblast, shellsmash] ttype=grass
INFO     	        groudon      drought    leftovers [heatcrash, precipiceblades, stoneedge, swordsdance] ttype=fire
INFO     	       orthworm   eartheater  chestoberry [bodypress, coil, irontail, rest] ttype=electric
INFO     	       illumise    prankster heavydutyboots [bugbuzz, encore, roost, thunderwave] ttype=steel
INFO     	      garganacl purifyingsalt    leftovers [bodypress, protect, recover, saltcure] ttype=ghost
INFO     Sampling battle 8
INFO     	      hydreigon     levitate  choicespecs [darkpulse, dracometeor, fireblast, uturn] ttype=dragon
INFO     Sampling 5 unrevealed pokemon
INFO     	      magnezone     analytic  assaultvest [bodypress, discharge, flashcannon, voltswitch] ttype=flying
INFO     	    arceuswater    multitype  splashplate [calmmind, icebeam, judgment, recover] ttype=steel
INFO     	   crabominable     ironfist  assaultvest [drainpunch, earthquake, icehammer, knockoff] ttype=fighting
INFO     	          entei   innerfocus   choiceband [extremespeed, flareblitz, sacredfire, stompingtantrum] ttype=fire
INFO     	       enamorus    cutecharm    leftovers [calmmind, earthpower, moonblast, substitute] ttype=ground
INFO     Sampling battle 9
INFO     	      hydreigon     levitate  choicespecs [darkpulse, dracometeor, fireblast, uturn] ttype=dark
INFO     Sampling 5 unrevealed pokemon
INFO     	   hoopaunbound     magician   choiceband [gunkshot, hyperspacefury, trick, zenheadbutt] ttype=poison
INFO     	ogerponwellspring  waterabsorb wellspringmask [ivycudgel, playrough, powerwhip, swordsdance] ttype=water
INFO     	        ambipom   technician   choiceband [doubleedge, knockoff, tripleaxel, uturn] ttype=ice
INFO     	         klefki    prankster    leftovers [dazzlinggleam, foulplay, spikes, thunderwave] ttype=flying
INFO     	        okidogi   toxicchain    leftovers [bulkup, drainpunch, gunkshot, knockoff] ttype=dark
INFO     Sampling battle 10
INFO     	      hydreigon     levitate  choicespecs [darkpulse, dracometeor, fireblast, flashcannon] ttype=dragon
INFO     Sampling 5 unrevealed pokemon
INFO     	   crabominable     ironfist   choiceband [drainpunch, earthquake, icehammer, knockoff] ttype=ground
INFO     	       sunflora  chlorophyll  choicespecs [dazzlinggleam, earthpower, leafstorm, sludgebomb] ttype=poison
INFO     	         arceus    multitype      lifeorb [earthquake, extremespeed, recover, swordsdance] ttype=normal
INFO     	   brambleghast    windrider    leftovers [poltergeist, powerwhip, spikes, strengthsap] ttype=water
INFO     	       quagsire      unaware    leftovers [earthquake, icebeam, recover, toxic] ttype=fairy
INFO     Sampling battle 11
INFO     	      hydreigon     levitate  choicespecs [darkpulse, dracometeor, fireblast, uturn] ttype=fire
INFO     Sampling 5 unrevealed pokemon
INFO     	      cramorant  gulpmissile heavydutyboots [bravebird, defog, roost, surf] ttype=ground
INFO     	     forretress       sturdy    leftovers [ironhead, rapidspin, stealthrock, voltswitch] ttype=water
INFO     	      zebstrika    sapsipper      lifeorb [highhorsepower, overheat, supercellslam, voltswitch] ttype=ground
INFO     	        seviper  infiltrator    leftovers [earthquake, gunkshot, swordsdance, trailblaze] ttype=grass
INFO     	          hypno     insomnia    leftovers [encore, knockoff, psychicnoise, thunderwave] ttype=steel
INFO     Sampling battle 12
INFO     	      hydreigon     levitate  choicespecs [darkpulse, dracometeor, fireblast, flashcannon] ttype=fire
INFO     Sampling 5 unrevealed pokemon
INFO     	          lokix   tintedlens silverpowder [firstimpression, knockoff, suckerpunch, uturn] ttype=bug
INFO     	       cyclizar  regenerator heavydutyboots [dracometeor, knockoff, rapidspin, shedtail] ttype=ghost
INFO     	        luvdisc    swiftswim heavydutyboots [endeavor, flipturn, substitute, surf] ttype=ghost
INFO     	        suicune     pressure    leftovers [calmmind, icebeam, scald, substitute] ttype=dragon
INFO     	         glalie   innerfocus heavydutyboots [earthquake, freezedry, spikes, taunt] ttype=ground
INFO     Sampling battle 13
INFO     	      hydreigon     levitate  choicespecs [darkpulse, dracometeor, fireblast, flashcannon] ttype=dark
INFO     Sampling 5 unrevealed pokemon
INFO     	       virizion    justified      lifeorb [closecombat, leafblade, stoneedge, swordsdance] ttype=rock
INFO     	     arceusdark    multitype   dreadplate [calmmind, judgment, recover, sludgebomb] ttype=poison
INFO     	      primarina  liquidvoice    leftovers [calmmind, drainingkiss, moonblast, psychicnoise] ttype=fairy
INFO     	      revavroom       filter      lifeorb [gunkshot, highhorsepower, ironhead, shiftgear] ttype=ground
INFO     	         raichu lightningrod  choicespecs [grassknot, surf, thunderbolt, voltswitch] ttype=water
INFO     Sampling battle 14
INFO     	      hydreigon     levitate  choicespecs [darkpulse, dracometeor, fireblast, flashcannon] ttype=steel
INFO     Sampling 5 unrevealed pokemon
INFO     	      charizard        blaze heavydutyboots [earthquake, flamethrower, hurricane, willowisp] ttype=fire
INFO     	       sneasler     unburden    whiteherb [acrobatics, closecombat, gunkshot, swordsdance] ttype=flying
INFO     	      cinderace       libero heavydutyboots [courtchange, gunkshot, highjumpkick, pyroball] ttype=fighting
INFO     	      heracross        moxie  choicescarf [closecombat, earthquake, megahorn, stoneedge] ttype=bug
INFO     	      rillaboom  grassysurge      lifeorb [grassyglide, knockoff, swordsdance, woodhammer] ttype=grass
INFO     Sampling battle 15
INFO     	      hydreigon     levitate  choicespecs [darkpulse, dracometeor, fireblast, uturn] ttype=fire
INFO     Sampling 5 unrevealed pokemon
INFO     	      quaquaval        moxie   choiceband [aquastep, closecombat, knockoff, tripleaxel] ttype=fighting
INFO     	       dragalge adaptability    leftovers [dracometeor, focusblast, sludgewave, toxicspikes] ttype=fighting
INFO     	landorustherian   intimidate    leftovers [earthquake, stoneedge, taunt, uturn] ttype=water
INFO     	      terapagos    terashift heavydutyboots [calmmind, darkpulse, rapidspin, terastarstorm] ttype=stellar
INFO     	      pecharunt poisonpuppeteer    leftovers [malignantchain, partingshot, recover, shadowball] ttype=dark
INFO     Searching for a move using MCTS...
INFO     Sampling 16 battles at 500ms each
INFO     Iterations 4: 62000
INFO     Iterations 1: 83000
INFO     Iterations 0: 76000
INFO     Iterations 3: 69000
INFO     Iterations 5: 75000
INFO     Iterations 6: 69000
INFO     Iterations 7: 75000
INFO     Iterations 2: 79000
INFO     Iterations 9: 55000
INFO     Iterations 8: 62000
INFO     Iterations 10: 62000
INFO     Iterations 12: 56000
INFO     Iterations 11: 54000
INFO     Iterations 14: 57000
INFO     Iterations 13: 58000
INFO     Iterations 15: 58000
INFO     Policy 0: triattack visited 35.05% avg_score=0.483 sample_chance_multiplier=0.062
INFO     Policy 1: triattack visited 68.36% avg_score=0.512 sample_chance_multiplier=0.062
INFO     Policy 2: triattack visited 30.65% avg_score=0.533 sample_chance_multiplier=0.062
INFO     Policy 3: recover visited 46.06% avg_score=0.604 sample_chance_multiplier=0.062
INFO     Policy 4: triattack visited 52.35% avg_score=0.615 sample_chance_multiplier=0.062
INFO     Policy 5: triattack visited 39.08% avg_score=0.523 sample_chance_multiplier=0.062
INFO     Policy 6: triattack visited 61.72% avg_score=0.499 sample_chance_multiplier=0.062
INFO     Policy 7: icebeam visited 33.15% avg_score=0.565 sample_chance_multiplier=0.062
INFO     Policy 8: triattack visited 32.67% avg_score=0.49 sample_chance_multiplier=0.062
INFO     Policy 9: triattack visited 31.16% avg_score=0.553 sample_chance_multiplier=0.062
INFO     Policy 10: triattack visited 47.42% avg_score=0.5 sample_chance_multiplier=0.062
INFO     Policy 11: triattack visited 48.86% avg_score=0.594 sample_chance_multiplier=0.062
INFO     Policy 12: triattack visited 51.14% avg_score=0.612 sample_chance_multiplier=0.062
INFO     Policy 13: triattack visited 42.11% avg_score=0.567 sample_chance_multiplier=0.062
INFO     Policy 14: recover visited 59.26% avg_score=0.642 sample_chance_multiplier=0.062
INFO     Policy 15: icebeam visited 36.82% avg_score=0.57 sample_chance_multiplier=0.062
INFO     Considered Choices:
INFO     	38.139%: triattack
INFO     Choice: triattack
INFO     Opponent has switched - clearing the last used move
INFO     farigiraf switched in, adding intimidate to impossible abilities
INFO     farigiraf switched in, adding pressure to impossible abilities
INFO     farigiraf switched in, adding neutralizinggas to impossible abilities
INFO     farigiraf switched in, adding sandstream to impossible abilities
INFO     farigiraf switched in, adding drought to impossible abilities
INFO     farigiraf switched in, adding drizzle to impossible abilities
INFO     farigiraf switched in, adding snowwarning to impossible abilities
INFO     farigiraf switched in, adding boosterenergy to impossible items
INFO     farigiraf switched in, adding airballoon to impossible items
INFO     porygon2 already has the move triattack. Decrementing the PP by 1
INFO     porygon2 used a normal move, removing normalgem from possible items
INFO     Setting porygon2's last used move: triattack
INFO     porygon2 used a damaging move - not guessing lifeorb anymore
INFO     porygon2 did 40.0% damage to farigiraf with triattack
INFO     Setting farigiraf's item to: leftovers
INFO     farigiraf has less than maxhp during upkeep, no longer guessing leftovers or blacksludge
INFO     
INFO     Turn: 4
INFO     Sampling battle 0
INFO     	      farigiraf    sapsipper    leftovers [bodyslam, protect, psychicnoise, wish] ttype=water
INFO     	      hydreigon     levitate  choicespecs [darkpulse, dracometeor, fireblast, uturn] ttype=dragon
INFO     Sampling 4 unrevealed pokemon
INFO     	      primarina  liquidvoice    leftovers [calmmind, drainingkiss, moonblast, psychicnoise] ttype=fairy
INFO     	      munkidori   toxicchain  assaultvest [fakeout, psychicnoise, sludgewave, uturn] ttype=dark
INFO     	       smeargle     owntempo    focussash [ceaselessedge, spore, stealthrock, stickyweb] ttype=ghost
INFO     	       rayquaza      airlock heavydutyboots [dragonascent, dragondance, earthquake, outrage] ttype=steel
INFO     Sampling battle 1
INFO     	      farigiraf    sapsipper    leftovers [bodyslam, protect, psychicnoise, wish] ttype=water
INFO     	      hydreigon     levitate  choicespecs [darkpulse, dracometeor, fireblast, uturn] ttype=fire
INFO     Sampling 4 unrevealed pokemon
INFO     	       drifblim    aftermath heavydutyboots [airslash, defog, shadowball, strengthsap] ttype=dark
INFO     	        drednaw   shellarmor    whiteherb [earthquake, liquidation, shellsmash, stoneedge] ttype=ground
INFO     	          hypno     insomnia    leftovers [encore, knockoff, psychicnoise, thunderwave] ttype=fairy
INFO     	       hariyama     thickfat  assaultvest [closecombat, heavyslam, knockoff, stoneedge] ttype=steel
INFO     Sampling battle 2
INFO     	      farigiraf    sapsipper    leftovers [bodyslam, protect, psychicnoise, wish] ttype=water
INFO     	      hydreigon     levitate  choicespecs [darkpulse, dracometeor, fireblast, uturn] ttype=dragon
INFO     Sampling 4 unrevealed pokemon
INFO     	 lilliganthisui       hustle      lifeorb [closecombat, leafblade, sleeppowder, victorydance] ttype=fighting
INFO     	       qwilfish   intimidate heavydutyboots [flipturn, gunkshot, painsplit, toxicspikes] ttype=grass
INFO     	           uxie     levitate    leftovers [encore, psychicnoise, thunderwave, uturn] ttype=dark
INFO     	 giratinaorigin     levitate griseouscore [defog, dracometeor, poltergeist, willowisp] ttype=fairy
INFO     Sampling battle 3
INFO     	      farigiraf    sapsipper    leftovers [bodyslam, protect, psychicnoise, wish] ttype=ground
INFO     	      hydreigon     levitate  choicespecs [darkpulse, dracometeor, fireblast, uturn] ttype=fire
INFO     Sampling 4 unrevealed pokemon
INFO     	        breloom   technician      lifeorb [bulletseed, machpunch, rocktomb, spore] ttype=rock
INFO     	      infernape        blaze  choicescarf [closecombat, flareblitz, gunkshot, stoneedge] ttype=fighting
INFO     	      bellibolt electromorphosis    leftovers [muddywater, slackoff, thunderbolt, voltswitch] ttype=electric
INFO     	      palossand watercompaction    leftovers [earthpower, shadowball, shoreup, stealthrock] ttype=water
INFO     Sampling battle 4
INFO     	      farigiraf    sapsipper    leftovers [bodyslam, protect, psychicnoise, wish] ttype=fairy
INFO     	      hydreigon     levitate  choicespecs [darkpulse, dracometeor, fireblast, uturn] ttype=dragon
INFO     Sampling 4 unrevealed pokemon
INFO     	  slowkinggalar  regenerator    leftovers [psychicnoise, slackoff, sludgebomb, toxicspikes] ttype=dark
INFO     	       mienshao  regenerator  assaultvest [closecombat, fakeout, knockoff, uturn] ttype=steel
INFO     	      heracross        moxie   choiceband [closecombat, earthquake, knockoff, megahorn] ttype=bug
INFO     	       maushold   technician     widelens [bite, encore, populationbomb, tidyup] ttype=normal
INFO     Sampling battle 5
INFO     	      farigiraf    sapsipper    leftovers [bodyslam, protect, psychicnoise, wish] ttype=fairy
INFO     	      hydreigon     levitate  choicespecs [darkpulse, dracometeor, fireblast, flashcannon] ttype=steel
INFO     Sampling 4 unrevealed pokemon
INFO     	      excadrill  moldbreaker  assaultvest [earthquake, ironhead, rapidspin, rockslide] ttype=water
INFO     	      gholdengo   goodasgold    leftovers [makeitrain, recover, shadowball, thunderwave] ttype=dark
INFO     	         minior  shieldsdown    whiteherb [acrobatics, earthquake, powergem, shellsmash] ttype=steel
INFO     	          entei   innerfocus   choiceband [extremespeed, flareblitz, sacredfire, stompingtantrum] ttype=fire
INFO     Sampling battle 6
INFO     	      farigiraf    sapsipper    leftovers [bodyslam, protect, psychicnoise, wish] ttype=ground
INFO     	      hydreigon     levitate  choicespecs [darkpulse, dracometeor, fireblast, flashcannon] ttype=steel
INFO     Sampling 4 unrevealed pokemon
INFO     	     grimmsnarl    prankster    leftovers [partingshot, spiritbreak, suckerpunch, taunt] ttype=poison
INFO     	         latias     levitate      souldew [calmmind, dracometeor, psyshock, recover] ttype=steel
INFO     	     kricketune   technician heavydutyboots [knockoff, pounce, stickyweb, taunt] ttype=ghost
INFO     	         raichu lightningrod      lifeorb [nastyplot, surf, terablast, thunderbolt] ttype=ice
INFO     Sampling battle 7
INFO     	      farigiraf    sapsipper    leftovers [bodyslam, protect, psychicnoise, wish] ttype=fairy
INFO     	      hydreigon     levitate  choicespecs [darkpulse, dracometeor, fireblast, uturn] ttype=dragon
INFO     Sampling 4 unrevealed pokemon
INFO     	       landorus   sheerforce      lifeorb [earthpower, focusblast, sludgewave, stealthrock] ttype=ground
INFO     	     pincurchin electricsurge    leftovers [discharge, recover, scald, toxicspikes] ttype=water
INFO     	       miraidon hadronengine  choicespecs [dracometeor, electrodrift, overheat, voltswitch] ttype=electric
INFO     	     incineroar   intimidate heavydutyboots [closecombat, flareblitz, knockoff, partingshot] ttype=fighting
INFO     Sampling battle 8
INFO     	      farigiraf    sapsipper    leftovers [bodyslam, protect, psychicnoise, wish] ttype=water
INFO     	      hydreigon     levitate  choicespecs [darkpulse, dracometeor, fireblast, flashcannon] ttype=steel
INFO     Sampling 4 unrevealed pokemon
INFO     	       reshiram   turboblaze heavydutyboots [blueflare, dracometeor, earthpower, willowisp] ttype=fire
INFO     	     talonflame    galewings heavydutyboots [bravebird, flareblitz, swordsdance, terablast] ttype=ground
INFO     	        zoroark     illusion      lifeorb [darkpulse, nastyplot, psychic, sludgebomb] ttype=poison
INFO     	      mamoswine     thickfat   choiceband [earthquake, iceshard, iciclecrash, knockoff] ttype=ground
INFO     Sampling battle 9
INFO     	      farigiraf    sapsipper    leftovers [bodyslam, protect, psychicnoise, wish] ttype=ground
INFO     	      hydreigon     levitate  choicespecs [darkpulse, dracometeor, fireblast, flashcannon] ttype=steel
INFO     Sampling 4 unrevealed pokemon
INFO     	taurospaldeablaze   intimidate   choiceband [closecombat, flareblitz, stoneedge, wildcharge] ttype=fighting
INFO     	         gogoat    sapsipper    leftovers [bulkup, hornleech, milkdrink, rockslide] ttype=water
INFO     	     rotomfrost     levitate heavydutyboots [blizzard, nastyplot, thunderbolt, willowisp] ttype=electric
INFO     	     arceusfire    multitype   flameplate [dragondance, earthquake, flareblitz, recover] ttype=fire
INFO     Sampling battle 10
INFO     	      farigiraf    sapsipper    leftovers [bodyslam, protect, psychicnoise, wish] ttype=ground
INFO     	      hydreigon     levitate  choicespecs [darkpulse, dracometeor, fireblast, flashcannon] ttype=fire
INFO     Sampling 4 unrevealed pokemon
INFO     	      mightyena   intimidate    leftovers [crunch, playrough, suckerpunch, taunt] ttype=fairy
INFO     	    oricoriopau       dancer heavydutyboots [hurricane, quiverdance, revelationdance, roost] ttype=ground
INFO     	    ironvaliant   quarkdrive      lifeorb [closecombat, encore, knockoff, moonblast] ttype=fairy
INFO     	          minun   voltabsorb      lifeorb [alluringvoice, encore, nastyplot, thunderbolt] ttype=electric
INFO     Sampling battle 11
INFO     	      farigiraf    sapsipper    leftovers [bodyslam, protect, psychicnoise, wish] ttype=ground
INFO     	      hydreigon     levitate  choicespecs [darkpulse, dracometeor, fireblast, flashcannon] ttype=fire
INFO     Sampling 4 unrevealed pokemon
INFO     	        gliscor   poisonheal     toxicorb [earthquake, protect, substitute, toxic] ttype=water
INFO     	        jirachi  serenegrace    leftovers [drainpunch, ironhead, stealthrock, uturn] ttype=fighting
INFO     	   arceuspoison    multitype   toxicplate [earthquake, extremespeed, gunkshot, swordsdance] ttype=ground
INFO     	      charizard        blaze heavydutyboots [earthquake, flareblitz, outrage, swordsdance] ttype=ground
INFO     Sampling battle 12
INFO     	      farigiraf    sapsipper    leftovers [bodyslam, protect, psychicnoise, wish] ttype=water
INFO     	      hydreigon     levitate  choicespecs [darkpulse, dracometeor, fireblast, uturn] ttype=dragon
INFO     Sampling 4 unrevealed pokemon
INFO     	enamorustherian     overcoat weaknesspolicy [agility, earthpower, moonblast, mysticalfire] ttype=ground
INFO     	       politoed      drizzle    leftovers [encore, hypnosis, icebeam, surf] ttype=water
INFO     	     sandaconda     shedskin    leftovers [coil, earthquake, glare, stoneedge] ttype=dragon
INFO     	       swampert         damp    leftovers [earthquake, icebeam, knockoff, roar] ttype=steel
INFO     Sampling battle 13
INFO     	      farigiraf    sapsipper    leftovers [bodyslam, protect, psychicnoise, wish] ttype=water
INFO     	      hydreigon     levitate  choicespecs [darkpulse, dracometeor, fireblast, uturn] ttype=dark
INFO     Sampling 4 unrevealed pokemon
INFO     	         swanna    hydration heavydutyboots [bravebird, defog, hydropump, roost] ttype=ground
INFO     	    slitherwing protosynthesis heavydutyboots [closecombat, morningsun, uturn, willowisp] ttype=fire
INFO     	      spectrier    grimneigh    leftovers [nastyplot, shadowball, substitute, terablast] ttype=fighting
INFO     	        flareon         guts     toxicorb [facade, flareblitz, quickattack, trailblaze] ttype=normal
INFO     Sampling battle 14
INFO     	      farigiraf    sapsipper    leftovers [bodyslam, protect, psychicnoise, wish] ttype=fairy
INFO     	      hydreigon     levitate  choicespecs [darkpulse, dracometeor, fireblast, flashcannon] ttype=dark
INFO     Sampling 4 unrevealed pokemon
INFO     	 ninetalesalola  snowwarning    lightclay [auroraveil, blizzard, freezedry, moonblast] ttype=steel
INFO     	        tropius      harvest  sitrusberry [dragondance, dualwingbeat, earthquake, synthesis] ttype=ground
INFO     	taurospaldeaaqua   intimidate   choiceband [aquajet, closecombat, stoneedge, wavecrash] ttype=water
INFO     	    basculegion adaptability  assaultvest [aquajet, flipturn, shadowball, wavecrash] ttype=water
INFO     Sampling battle 15
INFO     	      farigiraf    sapsipper    leftovers [bodyslam, protect, psychicnoise, wish] ttype=water
INFO     	      hydreigon     levitate  choicespecs [darkpulse, dracometeor, fireblast, uturn] ttype=fire
INFO     Sampling 4 unrevealed pokemon
INFO     	    walkingwake protosynthesis  choicespecs [dracometeor, flamethrower, flipturn, hydropump] ttype=fire
INFO     	      sinistcha    heatproof    leftovers [calmmind, matchagotcha, shadowball, strengthsap] ttype=steel
INFO     	     grimmsnarl    prankster    lightclay [lightscreen, partingshot, reflect, spiritbreak] ttype=poison
INFO     	      thundurus    prankster heavydutyboots [focusblast, grassknot, taunt, thunderbolt] ttype=grass
INFO     Sampling battle 16
INFO     	      farigiraf    sapsipper    leftovers [bodyslam, protect, psychicnoise, wish] ttype=fairy
INFO     	      hydreigon     levitate  choicespecs [darkpulse, dracometeor, fireblast, uturn] ttype=fire
INFO     Sampling 4 unrevealed pokemon
INFO     	        toxapex  regenerator    leftovers [haze, liquidation, recover, toxicspikes] ttype=flying
INFO     	      cresselia     levitate    leftovers [calmmind, moonblast, moonlight, psyshock] ttype=fairy
INFO     	      magnezone   magnetpull    leftovers [bodypress, flashcannon, irondefense, thunderbolt] ttype=fighting
INFO     	 oricoriopompom       dancer heavydutyboots [hurricane, quiverdance, revelationdance, roost] ttype=ground
INFO     Sampling battle 17
INFO     	      farigiraf    sapsipper    leftovers [bodyslam, protect, psychicnoise, wish] ttype=fairy
INFO     	      hydreigon     levitate  choicespecs [darkpulse, dracometeor, fireblast, uturn] ttype=dragon
INFO     Sampling 4 unrevealed pokemon
INFO     	        milotic  competitive    leftovers [haze, icebeam, recover, scald] ttype=dragon
INFO     	      primarina      torrent  choicespecs [flipturn, hydropump, moonblast, psychic] ttype=water
INFO     	        gurdurr         guts     eviolite [defog, drainpunch, knockoff, machpunch] ttype=steel
INFO     	     irontreads   quarkdrive    leftovers [earthquake, ironhead, knockoff, stealthrock] ttype=ghost
INFO     Sampling battle 18
INFO     	      farigiraf    sapsipper    leftovers [bodyslam, protect, psychicnoise, wish] ttype=ground
INFO     	      hydreigon     levitate  choicespecs [darkpulse, dracometeor, fireblast, uturn] ttype=fire
INFO     Sampling 4 unrevealed pokemon
INFO     	  oricoriosensu       dancer heavydutyboots [hurricane, quiverdance, revelationdance, roost] ttype=fighting
INFO     	        scyther   technician heavydutyboots [bugbite, closecombat, dualwingbeat, swordsdance] ttype=fighting
INFO     	       salazzle    corrosion    leftovers [flamethrower, protect, substitute, toxic] ttype=grass
INFO     	        lucario   innerfocus      lifeorb [aurasphere, flashcannon, nastyplot, vacuumwave] ttype=fighting
INFO     Sampling battle 19
INFO     	      farigiraf    sapsipper    leftovers [bodyslam, protect, psychicnoise, wish] ttype=water
INFO     	      hydreigon     levitate  choicespecs [darkpulse, dracometeor, fireblast, uturn] ttype=dragon
INFO     Sampling 4 unrevealed pokemon
INFO     	       arcanine   intimidate heavydutyboots [closecombat, flareblitz, morningsun, willowisp] ttype=fighting
INFO     	      piloswine     thickfat     eviolite [earthquake, iciclecrash, roar, stealthrock] ttype=poison
INFO     	      rillaboom  grassysurge   choiceband [grassyglide, highhorsepower, uturn, woodhammer] ttype=grass
INFO     	         zapdos       static heavydutyboots [hurricane, roost, thunderbolt, uturn] ttype=steel
INFO     Sampling battle 20
INFO     	      farigiraf    sapsipper    leftovers [bodyslam, protect, psychicnoise, wish] ttype=ground
INFO     	      hydreigon     levitate  choicespecs [darkpulse, dracometeor, fireblast, flashcannon] ttype=dark
INFO     Sampling 4 unrevealed pokemon
INFO     	      hatterene  magicbounce    leftovers [calmmind, drainingkiss, mysticalfire, psychic] ttype=steel
INFO     	        seviper  infiltrator    leftovers [earthquake, gunkshot, swordsdance, trailblaze] ttype=grass
INFO     	  zaciancrowned intrepidsword  rustedsword [behemothblade, closecombat, playrough, swordsdance] ttype=fighting
INFO     	      pachirisu   voltabsorb  assaultvest [nuzzle, superfang, thunderbolt, uturn] ttype=flying
INFO     Sampling battle 21
INFO     	      farigiraf    sapsipper    leftovers [bodyslam, protect, psychicnoise, wish] ttype=fairy
INFO     	      hydreigon     levitate  choicespecs [darkpulse, dracometeor, fireblast, flashcannon] ttype=steel
INFO     Sampling 4 unrevealed pokemon
INFO     	         swanna    hydration heavydutyboots [bravebird, defog, hydropump, roost] ttype=ground
INFO     	        mesprit     levitate  choicespecs [dazzlinggleam, icebeam, psychic, uturn] ttype=fairy
INFO     	       froslass   cursedbody     widelens [poltergeist, spikes, taunt, tripleaxel] ttype=ice
INFO     	       zangoose   toxicboost     toxicorb [closecombat, facade, knockoff, swordsdance] ttype=normal
INFO     Sampling battle 22
INFO     	      farigiraf    sapsipper    leftovers [bodyslam, protect, psychicnoise, wish] ttype=water
INFO     	      hydreigon     levitate  choicespecs [darkpulse, dracometeor, fireblast, uturn] ttype=fire
INFO     Sampling 4 unrevealed pokemon
INFO     	   palkiaorigin     pressure lustrousglobe [fireblast, hydropump, spacialrend, thunderwave] ttype=dragon
INFO     	       medicham    purepower   choiceband [closecombat, icepunch, poisonjab, zenheadbutt] ttype=fighting
INFO     	        carbink    clearbody  chestoberry [bodypress, irondefense, moonblast, rest] ttype=fighting
INFO     	    dudunsparce      rattled    leftovers [boomburst, earthquake, roost, toxic] ttype=poison
INFO     Sampling battle 23
INFO     	      farigiraf    sapsipper    leftovers [bodyslam, protect, psychicnoise, wish] ttype=water
INFO     	      hydreigon     levitate  choicespecs [darkpulse, dracometeor, fireblast, uturn] ttype=fire
INFO     Sampling 4 unrevealed pokemon
INFO     	       magearna    soulheart    leftovers [calmmind, flashcannon, fleurcannon, shiftgear] ttype=flying
INFO     	       tsareena queenlymajesty  assaultvest [powerwhip, rapidspin, tripleaxel, uturn] ttype=steel
INFO     	ogerponhearthflame  moldbreaker hearthflamemask [ivycudgel, powerwhip, stompingtantrum, swordsdance] ttype=fire
INFO     	          rotom     levitate  choicescarf [shadowball, thunderbolt, trick, voltswitch] ttype=ghost
INFO     Sampling battle 24
INFO     	      farigiraf    sapsipper    leftovers [bodyslam, protect, psychicnoise, wish] ttype=ground
INFO     	      hydreigon     levitate  choicespecs [darkpulse, dracometeor, fireblast, flashcannon] ttype=steel
INFO     Sampling 4 unrevealed pokemon
INFO     	     shayminsky  serenegrace heavydutyboots [airslash, earthpower, seedflare, synthesis] ttype=steel
INFO     	      garganacl purifyingsalt    leftovers [earthquake, protect, recover, saltcure] ttype=dragon
INFO     	      zebstrika    sapsipper      lifeorb [highhorsepower, overheat, supercellslam, voltswitch] ttype=ground
INFO     	       qwilfish   intimidate    leftovers [destinybond, gunkshot, toxicspikes, waterfall] ttype=grass
INFO     Sampling battle 25
INFO     	      farigiraf    sapsipper    leftovers [bodyslam, protect, psychicnoise, wish] ttype=fairy
INFO     	      hydreigon     levitate  choicespecs [darkpulse, dracometeor, fireblast, flashcannon] ttype=steel
INFO     Sampling 4 unrevealed pokemon
INFO     	      abomasnow  snowwarning    lightclay [auroraveil, blizzard, earthquake, iceshard] ttype=water
INFO     	        beartic    slushrush heavydutyboots [closecombat, earthquake, iciclecrash, snowscape] ttype=ground
INFO     	   basculegionf adaptability  assaultvest [flipturn, hydropump, shadowball, wavecrash] ttype=water
INFO     	       blaziken   speedboost      lifeorb [closecombat, flareblitz, knockoff, swordsdance] ttype=fighting
INFO     Sampling battle 26
INFO     	      farigiraf    sapsipper    leftovers [bodyslam, protect, psychicnoise, wish] ttype=fairy
INFO     	      hydreigon     levitate  choicespecs [darkpulse, dracometeor, fireblast, flashcannon] ttype=dark
INFO     Sampling 4 unrevealed pokemon
INFO     	      poliwrath  waterabsorb  assaultvest [circlethrow, closecombat, knockoff, liquidation] ttype=dark
INFO     	         luxray         guts     flameorb [facade, supercellslam, throatchop, trailblaze] ttype=normal
INFO     	       magearna    soulheart    leftovers [calmmind, flashcannon, fleurcannon, shiftgear] ttype=flying
INFO     	enamorustherian     overcoat  assaultvest [earthpower, moonblast, mysticalfire, superpower] ttype=ground
INFO     Sampling battle 27
INFO     	      farigiraf    sapsipper    leftovers [bodyslam, protect, psychicnoise, wish] ttype=ground
INFO     	      hydreigon     levitate  choicespecs [darkpulse, dracometeor, fireblast, uturn] ttype=dark
INFO     Sampling 4 unrevealed pokemon
INFO     	       ironmoth   quarkdrive heavydutyboots [energyball, fierydance, sludgewave, toxicspikes] ttype=grass
INFO     	        bruxish    strongjaw  choicescarf [crunch, icefang, psychicfangs, wavecrash] ttype=dark
INFO     	     kricketune   technician heavydutyboots [knockoff, pounce, stickyweb, taunt] ttype=ghost
INFO     	       braviary      defiant heavydutyboots [bravebird, bulkup, closecombat, roost] ttype=steel
INFO     Sampling battle 28
INFO     	      farigiraf    sapsipper    leftovers [bodyslam, protect, psychicnoise, wish] ttype=water
INFO     	      hydreigon     levitate  choicespecs [darkpulse, dracometeor, fireblast, uturn] ttype=dragon
INFO     Sampling 4 unrevealed pokemon
INFO     	      lilligant  chlorophyll      lifeorb [gigadrain, quiverdance, sleeppowder, terablast] ttype=rock
INFO     	    basculegion adaptability  assaultvest [aquajet, flipturn, shadowball, wavecrash] ttype=water
INFO     	       ironmoth   quarkdrive heavydutyboots [energyball, fireblast, morningsun, sludgewave] ttype=grass
INFO     	     ragingbolt protosynthesis boosterenergy [calmmind, dragonpulse, thunderbolt, thunderclap] ttype=electric
INFO     Sampling battle 29
INFO     	      farigiraf    sapsipper    leftovers [bodyslam, protect, psychicnoise, wish] ttype=water
INFO     	      hydreigon     levitate  choicespecs [darkpulse, dracometeor, fireblast, uturn] ttype=dark
INFO     Sampling 4 unrevealed pokemon
INFO     	         gengar   cursedbody      lifeorb [focusblast, shadowball, sludgewave, willowisp] ttype=ghost
INFO     	        gallade    sharpness      lifeorb [agility, nightslash, psychocut, sacredsword] ttype=dark
INFO     	       cacturne  waterabsorb      lifeorb [knockoff, leafstorm, suckerpunch, toxicspikes] ttype=poison
INFO     	       politoed      drizzle  choicespecs [focusblast, hydropump, icebeam, weatherball] ttype=water
INFO     Sampling battle 30
INFO     	      farigiraf    sapsipper    leftovers [bodyslam, protect, psychicnoise, wish] ttype=fairy
INFO     	      hydreigon     levitate  choicespecs [darkpulse, dracometeor, fireblast, uturn] ttype=dragon
INFO     Sampling 4 unrevealed pokemon
INFO     	   greninjabond   battlebond      lifeorb [darkpulse, gunkshot, hydropump, icebeam] ttype=poison
INFO     	        glaceon      icebody heavydutyboots [freezedry, mudshot, protect, wish] ttype=ground
INFO     	      decidueye     overgrow heavydutyboots [leafstorm, roost, spiritshackle, uturn] ttype=ghost
INFO     	          rotom     levitate      lifeorb [nastyplot, shadowball, thunderbolt, willowisp] ttype=ghost
INFO     Sampling battle 31
INFO     	      farigiraf    sapsipper    leftovers [bodyslam, protect, psychicnoise, wish] ttype=ground
INFO     	      hydreigon     levitate  choicespecs [darkpulse, dracometeor, fireblast, uturn] ttype=dragon
INFO     Sampling 4 unrevealed pokemon
INFO     	     toxtricity     punkrock  throatspray [boomburst, gunkshot, overdrive, shiftgear] ttype=normal
INFO     	       politoed      drizzle    leftovers [encore, hypnosis, icebeam, surf] ttype=water
INFO     	      hitmonlee     reckless   choiceband [highjumpkick, knockoff, machpunch, stoneedge] ttype=fighting
INFO     	      terrakion    justified      lifeorb [closecombat, earthquake, stoneedge, swordsdance] ttype=fighting
INFO     Searching for a move using MCTS...
INFO     Sampling 32 battles at 250ms each
INFO     Iterations 4: 35000
INFO     Iterations 0: 30000
INFO     Iterations 2: 37000
INFO     Iterations 5: 36000
INFO     Iterations 1: 34000
INFO     Iterations 3: 37000
INFO     Iterations 6: 44000
INFO     Iterations 7: 39000
INFO     Iterations 8: 29000
INFO     Iterations 11: 30000
INFO     Iterations 9: 28000
INFO     Iterations 13: 30000
INFO     Iterations 10: 27000
INFO     Iterations 12: 27000
INFO     Iterations 14: 28000
INFO     Iterations 15: 31000
INFO     Iterations 16: 29000
INFO     Iterations 20: 30000
INFO     Iterations 18: 31000
INFO     Iterations 17: 31000
INFO     Iterations 19: 29000
INFO     Iterations 21: 32000
INFO     Iterations 22: 30000
INFO     Iterations 23: 30000
INFO     Iterations 25: 30000
INFO     Iterations 24: 32000
INFO     Iterations 26: 30000
INFO     Iterations 29: 30000
INFO     Iterations 27: 32000
INFO     Iterations 28: 33000
INFO     Iterations 30: 29000
INFO     Iterations 31: 29000
INFO     Policy 0: triattack visited 44.53% avg_score=0.529 sample_chance_multiplier=0.031
INFO     Policy 1: triattack visited 41.61% avg_score=0.522 sample_chance_multiplier=0.031
INFO     Policy 2: triattack visited 48.46% avg_score=0.528 sample_chance_multiplier=0.031
INFO     Policy 3: triattack visited 46.32% avg_score=0.519 sample_chance_multiplier=0.031
INFO     Policy 4: triattack visited 48.15% avg_score=0.522 sample_chance_multiplier=0.031
INFO     Policy 5: triattack visited 44.24% avg_score=0.52 sample_chance_multiplier=0.031
INFO     Policy 6: triattack visited 54.27% avg_score=0.512 sample_chance_multiplier=0.031
INFO     Policy 7: triattack visited 50.77% avg_score=0.514 sample_chance_multiplier=0.031
INFO     Policy 8: triattack visited 49.59% avg_score=0.529 sample_chance_multiplier=0.031
INFO     Policy 9: triattack visited 48.47% avg_score=0.517 sample_chance_multiplier=0.031
INFO     Policy 10: triattack visited 47.63% avg_score=0.526 sample_chance_multiplier=0.031
INFO     Policy 11: triattack visited 46.33% avg_score=0.527 sample_chance_multiplier=0.031
INFO     Policy 12: triattack visited 48.16% avg_score=0.526 sample_chance_multiplier=0.031
INFO     Policy 13: triattack visited 37.62% avg_score=0.512 sample_chance_multiplier=0.031
INFO     Policy 14: triattack visited 39.46% avg_score=0.505 sample_chance_multiplier=0.031
INFO     Policy 15: triattack visited 41.65% avg_score=0.518 sample_chance_multiplier=0.031
INFO     Policy 16: triattack visited 46.36% avg_score=0.522 sample_chance_multiplier=0.031
INFO     Policy 17: triattack visited 45.77% avg_score=0.521 sample_chance_multiplier=0.031
INFO     Policy 18: triattack visited 43.85% avg_score=0.528 sample_chance_multiplier=0.031
INFO     Policy 19: triattack visited 46.06% avg_score=0.524 sample_chance_multiplier=0.031
INFO     Policy 20: triattack visited 47.98% avg_score=0.514 sample_chance_multiplier=0.031
INFO     Policy 21: triattack visited 45.48% avg_score=0.525 sample_chance_multiplier=0.031
INFO     Policy 22: triattack visited 46.28% avg_score=0.528 sample_chance_multiplier=0.031
INFO     Policy 23: triattack visited 41.1% avg_score=0.517 sample_chance_multiplier=0.031
INFO     Policy 24: triattack visited 46.76% avg_score=0.528 sample_chance_multiplier=0.031
INFO     Policy 25: triattack visited 41.02% avg_score=0.495 sample_chance_multiplier=0.031
INFO     Policy 26: triattack visited 46.66% avg_score=0.488 sample_chance_multiplier=0.031
INFO     Policy 27: triattack visited 51.07% avg_score=0.528 sample_chance_multiplier=0.031
INFO     Policy 28: triattack visited 44.24% avg_score=0.523 sample_chance_multiplier=0.031
INFO     Policy 29: triattack visited 38.32% avg_score=0.514 sample_chance_multiplier=0.031
INFO     Policy 30: triattack visited 38.73% avg_score=0.512 sample_chance_multiplier=0.031
INFO     Policy 31: triattack visited 45.79% avg_score=0.529 sample_chance_multiplier=0.031
INFO     Considered Choices:
INFO     	45.397%: triattack
INFO     Choice: triattack
INFO     Updated farigiraf's min speed to 144
INFO     farigiraf used a psychic move, removing psychicgem from possible items
INFO     Setting farigiraf's last used move: psychicnoise
INFO     farigiraf used a damaging move - not guessing lifeorb anymore
INFO     farigiraf did 26.669999999999998% damage to porygon2 with psychicnoise
INFO     Starting the volatile status healblock on porygon2
INFO     porygon2 already has the move triattack. Decrementing the PP by 1
INFO     porygon2 used a normal move, removing normalgem from possible items
INFO     Setting porygon2's last used move: triattack
INFO     porygon2 used a damaging move - not guessing lifeorb anymore
INFO     porygon2 did 36.0% damage to farigiraf with triattack
INFO     Setting farigiraf's item to: leftovers
INFO     farigiraf has less than maxhp during upkeep, no longer guessing leftovers or blacksludge
INFO     
INFO     Turn: 5
INFO     Sampling battle 0
INFO     	      farigiraf    sapsipper    leftovers [bodyslam, protect, psychicnoise, wish] ttype=fairy
INFO     	      hydreigon     levitate  choicespecs [darkpulse, dracometeor, fireblast, flashcannon] ttype=dark
INFO     Sampling 4 unrevealed pokemon
INFO     	   lycanrocdusk   toughclaws   choiceband [accelerock, closecombat, stoneedge, throatchop] ttype=fighting
INFO     	       articuno     pressure heavydutyboots [bravebird, freezedry, roost, uturn] ttype=ground
INFO     	        banette   cursedbody      lifeorb [gunkshot, poltergeist, shadowsneak, thunderwave] ttype=poison
INFO     	     golemalola    galvanize      lifeorb [doubleedge, earthquake, rockpolish, stoneedge] ttype=grass
INFO     Sampling battle 1
INFO     	      farigiraf    sapsipper    leftovers [bodyslam, protect, psychicnoise, wish] ttype=water
INFO     	      hydreigon     levitate  choicespecs [darkpulse, dracometeor, fireblast, uturn] ttype=dragon
INFO     Sampling 4 unrevealed pokemon
INFO     	         flygon     levitate  choicescarf [earthquake, outrage, stoneedge, uturn] ttype=ground
INFO     	      gardevoir        trace  choicescarf [focusblast, healingwish, moonblast, psychic] ttype=fairy
INFO     	     kricketune   technician heavydutyboots [knockoff, pounce, stickyweb, taunt] ttype=ghost
INFO     	urshifurapidstrike   unseenfist  choicescarf [closecombat, icespinner, surgingstrikes, uturn] ttype=water
INFO     Sampling battle 2
INFO     	      farigiraf    sapsipper    leftovers [bodyslam, protect, psychicnoise, wish] ttype=water
INFO     	      hydreigon     levitate  choicespecs [darkpulse, dracometeor, fireblast, uturn] ttype=dragon
INFO     Sampling 4 unrevealed pokemon
INFO     	       greedent   cheekpouch  sitrusberry [doubleedge, earthquake, knockoff, swordsdance] ttype=ground
INFO     	        noivern  infiltrator  choicespecs [boomburst, dracometeor, flamethrower, hurricane] ttype=normal
INFO     	         klefki    prankster    leftovers [dazzlinggleam, foulplay, spikes, thunderwave] ttype=water
INFO     	   brambleghast    windrider heavydutyboots [poltergeist, powerwhip, rapidspin, spikes] ttype=steel
INFO     Sampling battle 3
INFO     	      farigiraf    sapsipper    leftovers [bodyslam, protect, psychicnoise, wish] ttype=ground
INFO     	      hydreigon     levitate  choicespecs [darkpulse, dracometeor, fireblast, flashcannon] ttype=steel
INFO     Sampling 4 unrevealed pokemon
INFO     	       zangoose   toxicboost     toxicorb [facade, knockoff, quickattack, swordsdance] ttype=normal
INFO     	      coalossal    flamebody heavydutyboots [flamethrower, rapidspin, stealthrock, stoneedge] ttype=water
INFO     	  calyrexshadow asonespectrier      lifeorb [astralbarrage, nastyplot, pollenpuff, psyshock] ttype=dark
INFO     	 arceusfighting    multitype    fistplate [bodypress, cosmicpower, recover, storedpower] ttype=steel
INFO     Sampling battle 4
INFO     	      farigiraf    sapsipper    leftovers [bodyslam, protect, psychicnoise, wish] ttype=fairy
INFO     	      hydreigon     levitate  choicespecs [darkpulse, dracometeor, fireblast, uturn] ttype=fire
INFO     Sampling 4 unrevealed pokemon
INFO     	       blaziken   speedboost      lifeorb [closecombat, flareblitz, knockoff, swordsdance] ttype=dark
INFO     	    raichualola  surgesurfer      lifeorb [focusblast, nastyplot, psyshock, thunderbolt] ttype=fighting
INFO     	        diancie    clearbody    leftovers [bodypress, diamondstorm, moonblast, stealthrock] ttype=fighting
INFO     	      cryogonal     levitate heavydutyboots [flashcannon, freezedry, rapidspin, recover] ttype=steel
INFO     Sampling battle 5
INFO     	      farigiraf    sapsipper    leftovers [bodyslam, protect, psychicnoise, wish] ttype=ground
INFO     	      hydreigon     levitate  choicespecs [darkpulse, dracometeor, fireblast, uturn] ttype=fire
INFO     Sampling 4 unrevealed pokemon
INFO     	squawkabillyyellow       hustle heavydutyboots [bravebird, doubleedge, partingshot, quickattack] ttype=normal
INFO     	            muk  poisontouch    leftovers [knockoff, poisonjab, shadowsneak, toxicspikes] ttype=dark
INFO     	      poliwrath    swiftswim      lifeorb [closecombat, knockoff, liquidation, raindance] ttype=water
INFO     	        dipplin   stickyhold     eviolite [dragonpulse, dragontail, gigadrain, recover] ttype=steel
INFO     Sampling battle 6
INFO     	      farigiraf    sapsipper    leftovers [bodyslam, protect, psychicnoise, wish] ttype=water
INFO     	      hydreigon     levitate  choicespecs [darkpulse, dracometeor, fireblast, uturn] ttype=dragon
INFO     Sampling 4 unrevealed pokemon
INFO     	        ogerpon      defiant      lifeorb [ivycudgel, knockoff, superpower, swordsdance] ttype=grass
INFO     	    ironvaliant   quarkdrive      lifeorb [closecombat, encore, knockoff, moonblast] ttype=fighting
INFO     	      regidrago   dragonsmaw      lifeorb [dragonclaw, dragondance, earthquake, terablast] ttype=steel
INFO     	        manaphy    hydration    leftovers [energyball, icebeam, surf, tailglow] ttype=water
INFO     Sampling battle 7
INFO     	      farigiraf    sapsipper    leftovers [bodyslam, protect, psychicnoise, wish] ttype=ground
INFO     	      hydreigon     levitate  choicespecs [darkpulse, dracometeor, fireblast, uturn] ttype=fire
INFO     Sampling 4 unrevealed pokemon
INFO     	      charizard        blaze heavydutyboots [earthquake, flamethrower, focusblast, hurricane] ttype=ground
INFO     	      gholdengo   goodasgold    leftovers [makeitrain, recover, shadowball, thunderwave] ttype=water
INFO     	 keldeoresolute    justified  choicespecs [flipturn, hydropump, secretsword, vacuumwave] ttype=fighting
INFO     	       hawlucha     unburden    whiteherb [acrobatics, closecombat, stoneedge, swordsdance] ttype=fighting
INFO     Sampling battle 8
INFO     	      farigiraf    sapsipper    leftovers [bodyslam, protect, psychicnoise, wish] ttype=water
INFO     	      hydreigon     levitate  choicespecs [darkpulse, dracometeor, fireblast, uturn] ttype=fire
INFO     Sampling 4 unrevealed pokemon
INFO     	       leavanny        swarm heavydutyboots [knockoff, leafblade, lunge, stickyweb] ttype=rock
INFO     	        pikachu lightningrod    lightball [knockoff, surf, voltswitch, volttackle] ttype=water
INFO     	    barraskewda    swiftswim   choiceband [closecombat, flipturn, psychicfangs, waterfall] ttype=fighting
INFO     	        jirachi  serenegrace  choicescarf [healingwish, ironhead, psychic, uturn] ttype=water
INFO     Sampling battle 9
INFO     	      farigiraf    sapsipper    leftovers [bodyslam, protect, psychicnoise, wish] ttype=fairy
INFO     	      hydreigon     levitate  choicespecs [darkpulse, dracometeor, fireblast, uturn] ttype=dragon
INFO     Sampling 4 unrevealed pokemon
INFO     	   persianalola      furcoat      lifeorb [darkpulse, nastyplot, terablast, thunderbolt] ttype=poison
INFO     	       tornadus    prankster heavydutyboots [bleakwindstorm, grassknot, heatwave, nastyplot] ttype=fire
INFO     	          ditto     imposter  choicescarf [transform] ttype=steel
INFO     	          lugia   multiscale heavydutyboots [aeroblast, calmmind, earthpower, recover] ttype=ground
INFO     Sampling battle 10
INFO     	      farigiraf    sapsipper    leftovers [bodyslam, protect, psychicnoise, wish] ttype=fairy
INFO     	      hydreigon     levitate  choicespecs [darkpulse, dracometeor, fireblast, uturn] ttype=fire
INFO     Sampling 4 unrevealed pokemon
INFO     	        flareon         guts     toxicorb [facade, flareblitz, quickattack, trailblaze] ttype=normal
INFO     	      mamoswine     thickfat   choiceband [earthquake, iceshard, iciclecrash, knockoff] ttype=ice
INFO     	   squawkabilly         guts     flameorb [bravebird, facade, protect, quickattack] ttype=normal
INFO     	 sandslashalola    slushrush      lifeorb [earthquake, iceshard, swordsdance, tripleaxel] ttype=ground
INFO     Sampling battle 11
INFO     	      farigiraf    sapsipper    leftovers [bodyslam, protect, psychicnoise, wish] ttype=water
INFO     	      hydreigon     levitate  choicespecs [darkpulse, dracometeor, fireblast, uturn] ttype=fire
INFO     Sampling 4 unrevealed pokemon
INFO     	        mimikyu     disguise      lifeorb [playrough, shadowclaw, shadowsneak, swordsdance] ttype=ghost
INFO     	       meganium     overgrow    leftovers [encore, energyball, knockoff, synthesis] ttype=water
INFO     	      gholdengo   goodasgold    leftovers [makeitrain, nastyplot, recover, shadowball] ttype=steel
INFO     	        ambipom   technician   choiceband [doubleedge, knockoff, tripleaxel, uturn] ttype=ice
INFO     Sampling battle 12
INFO     	      farigiraf    sapsipper    leftovers [bodyslam, protect, psychicnoise, wish] ttype=water
INFO     	      hydreigon     levitate  choicespecs [darkpulse, dracometeor, fireblast, uturn] ttype=fire
INFO     Sampling 4 unrevealed pokemon
INFO     	         lapras  waterabsorb heavydutyboots [freezedry, rest, sleeptalk, sparklingaria] ttype=dragon
INFO     	     talonflame    flamebody heavydutyboots [bravebird, defog, overheat, roost] ttype=dragon
INFO     	        toxapex  regenerator  rockyhelmet [haze, liquidation, recover, toxicspikes] ttype=flying
INFO     	        slaking       truant   choiceband [doubleedge, earthquake, gigaimpact, knockoff] ttype=ground
INFO     Sampling battle 13
INFO     	      farigiraf    sapsipper    leftovers [bodyslam, protect, psychicnoise, wish] ttype=ground
INFO     	      hydreigon     levitate  choicespecs [darkpulse, dracometeor, fireblast, uturn] ttype=dark
INFO     Sampling 4 unrevealed pokemon
INFO     	 exeggutoralola        frisk  choicespecs [dracometeor, flamethrower, gigadrain, leafstorm] ttype=fire
INFO     	          arbok   intimidate    leftovers [coil, earthquake, gunkshot, trailblaze] ttype=grass
INFO     	        delphox        blaze  choicespecs [fireblast, focusblast, grassknot, psyshock] ttype=fire
INFO     	taurospaldeablaze   intimidate   choiceband [closecombat, flareblitz, stoneedge, wildcharge] ttype=fighting
INFO     Sampling battle 14
INFO     	      farigiraf    sapsipper    leftovers [bodyslam, protect, psychicnoise, wish] ttype=water
INFO     	      hydreigon     levitate  choicespecs [darkpulse, dracometeor, fireblast, uturn] ttype=fire
INFO     Sampling 4 unrevealed pokemon
INFO     	       cinccino   technician   loadeddice [bulletseed, tailslap, tidyup, tripleaxel] ttype=ice
INFO     	        suicune     pressure    leftovers [calmmind, rest, scald, sleeptalk] ttype=steel
INFO     	ogerponwellspring  waterabsorb wellspringmask [ivycudgel, synthesis, uturn, woodhammer] ttype=water
INFO     	     skeledirge      unaware heavydutyboots [hex, slackoff, torchsong, willowisp] ttype=water
INFO     Sampling battle 15
INFO     	      farigiraf    sapsipper    leftovers [bodyslam, protect, psychicnoise, wish] ttype=water
INFO     	      hydreigon     levitate  choicespecs [darkpulse, dracometeor, fireblast, uturn] ttype=fire
INFO     Sampling 4 unrevealed pokemon
INFO     	  slowkinggalar  regenerator  assaultvest [fireblast, psychicnoise, sludgebomb, surf] ttype=water
INFO     	     misdreavus     levitate     eviolite [calmmind, drainingkiss, shadowball, willowisp] ttype=fairy
INFO     	            muk  poisontouch    leftovers [drainpunch, gunkshot, haze, knockoff] ttype=dark
INFO     	       zangoose   toxicboost     toxicorb [closecombat, facade, knockoff, quickattack] ttype=normal
INFO     Searching for a move using MCTS...
INFO     Sampling 16 battles at 500ms each
INFO     Iterations 6: 71000
INFO     Iterations 7: 77000
INFO     Iterations 1: 74000
INFO     Iterations 0: 74000
INFO     Iterations 2: 73000
INFO     Iterations 5: 72000
INFO     Iterations 3: 75000
INFO     Iterations 4: 70000
INFO     Iterations 8: 50000
INFO     Iterations 10: 50000
INFO     Iterations 11: 45000
INFO     Iterations 12: 47000
INFO     Iterations 13: 44000
INFO     Iterations 15: 44000
INFO     Iterations 9: 48000
INFO     Iterations 14: 49000
INFO     Policy 0: triattack visited 42.88% avg_score=0.471 sample_chance_multiplier=0.062
INFO     Policy 1: triattack visited 34.44% avg_score=0.445 sample_chance_multiplier=0.062
INFO     Policy 2: triattack visited 39.96% avg_score=0.468 sample_chance_multiplier=0.062
INFO     Policy 3: triattack visited 47.79% avg_score=0.464 sample_chance_multiplier=0.062
INFO     Policy 4: triattack visited 50.32% avg_score=0.46 sample_chance_multiplier=0.062
INFO     Policy 5: triattack visited 44.58% avg_score=0.473 sample_chance_multiplier=0.062
INFO     Policy 6: triattack visited 47.51% avg_score=0.481 sample_chance_multiplier=0.062
INFO     Policy 7: triattack visited 49.53% avg_score=0.473 sample_chance_multiplier=0.062
INFO     Policy 8: triattack visited 40.28% avg_score=0.458 sample_chance_multiplier=0.062
INFO     Policy 9: triattack visited 50.4% avg_score=0.488 sample_chance_multiplier=0.062
INFO     Policy 10: triattack visited 51.03% avg_score=0.468 sample_chance_multiplier=0.062
INFO     Policy 11: triattack visited 40.48% avg_score=0.483 sample_chance_multiplier=0.062
INFO     Policy 12: triattack visited 50.13% avg_score=0.497 sample_chance_multiplier=0.062
INFO     Policy 13: triattack visited 51.75% avg_score=0.486 sample_chance_multiplier=0.062
INFO     Policy 14: triattack visited 45.71% avg_score=0.491 sample_chance_multiplier=0.062
INFO     Policy 15: triattack visited 46.31% avg_score=0.489 sample_chance_multiplier=0.062
INFO     Considered Choices:
INFO     	45.818%: triattack
INFO     Choice: triattack
INFO     Updated farigiraf's min speed to 144
INFO     farigiraf already has the move psychicnoise. Decrementing the PP by 1
INFO     farigiraf used a psychic move, removing psychicgem from possible items
INFO     Setting farigiraf's last used move: psychicnoise
INFO     farigiraf used a damaging move - not guessing lifeorb anymore
INFO     farigiraf did 25.929999999999996% damage to porygon2 with psychicnoise
INFO     porygon2 already has the move triattack. Decrementing the PP by 1
INFO     porygon2 used a normal move, removing normalgem from possible items
INFO     Setting porygon2's last used move: triattack
INFO     porygon2 used a damaging move - not guessing lifeorb anymore
INFO     porygon2 did 38.0% damage to farigiraf with triattack
INFO     Removing the volatile status healblock from porygon2
INFO     farigiraf has less than maxhp during upkeep, no longer guessing leftovers or blacksludge
INFO     Opponent has switched - clearing the last used move
INFO     
INFO     Turn: 6
INFO     Sampling battle 0
INFO     	      hydreigon     levitate  choicespecs [darkpulse, dracometeor, fireblast, flashcannon] ttype=fire
INFO     Sampling 4 unrevealed pokemon
INFO     	      amoonguss  regenerator    leftovers [clearsmog, gigadrain, sludgebomb, spore] ttype=steel
INFO     	      exeggutor      harvest  sitrusberry [leechseed, psychicnoise, sludgebomb, substitute] ttype=steel
INFO     	     oinkologne     thickfat    leftovers [curse, doubleedge, highhorsepower, lashout] ttype=ground
INFO     	       skuntank    aftermath    leftovers [gunkshot, knockoff, taunt, toxicspikes] ttype=dark
INFO     Sampling battle 1
INFO     	      hydreigon     levitate  choicespecs [darkpulse, dracometeor, fireblast, flashcannon] ttype=dragon
INFO     Sampling 4 unrevealed pokemon
INFO     	        darkrai    baddreams    leftovers [darkpulse, nastyplot, sludgebomb, substitute] ttype=poison
INFO     	      hitmonlee     unburden    whiteherb [closecombat, knockoff, stoneedge, swordsdance] ttype=dark
INFO     	     pincurchin electricsurge    leftovers [recover, scald, spikes, thunderbolt] ttype=water
INFO     	        dondozo      unaware    leftovers [curse, rest, sleeptalk, wavecrash] ttype=dragon
INFO     Sampling battle 2
INFO     	      hydreigon     levitate  choicespecs [darkpulse, dracometeor, fireblast, uturn] ttype=dragon
INFO     Sampling 4 unrevealed pokemon
INFO     	      exeggutor      harvest  sitrusberry [calmmind, gigadrain, psyshock, sleeppowder] ttype=steel
INFO     	        dugtrio    arenatrap   choiceband [earthquake, stoneedge, suckerpunch, throatchop] ttype=dark
INFO     	    fluttermane protosynthesis  choicespecs [moonblast, psyshock, shadowball, thunderbolt] ttype=fairy
INFO     	      blastoise      torrent    whiteherb [earthquake, hydropump, icebeam, shellsmash] ttype=water
INFO     Sampling battle 3
INFO     	      hydreigon     levitate  choicespecs [darkpulse, dracometeor, fireblast, flashcannon] ttype=dark
INFO     Sampling 4 unrevealed pokemon
INFO     	ogerponcornerstone       sturdy cornerstonemask [ivycudgel, powerwhip, superpower, synthesis] ttype=rock
INFO     	        kleavor    sharpness heavydutyboots [closecombat, defog, stoneaxe, xscissor] ttype=rock
INFO     	       solgaleo fullmetalbody weaknesspolicy [earthquake, flamecharge, knockoff, sunsteelstrike] ttype=ground
INFO     	taurospaldeacombat   intimidate   choiceband [closecombat, earthquake, ironhead, throatchop] ttype=dark
INFO     Sampling battle 4
INFO     	      hydreigon     levitate  choicespecs [darkpulse, dracometeor, fireblast, uturn] ttype=fire
INFO     Sampling 4 unrevealed pokemon
INFO     	    walkingwake protosynthesis      lifeorb [dracometeor, flamethrower, hydrosteam, sunnyday] ttype=fire
INFO     	    oinkolognef     thickfat    leftovers [bodyslam, curse, highhorsepower, lashout] ttype=ground
INFO     	    raichualola  surgesurfer      lifeorb [focusblast, nastyplot, psyshock, thunderbolt] ttype=fighting
INFO     	tornadustherian  regenerator heavydutyboots [bleakwindstorm, focusblast, heatwave, nastyplot] ttype=fighting
INFO     Sampling battle 5
INFO     	      hydreigon     levitate  choicespecs [darkpulse, dracometeor, fireblast, flashcannon] ttype=fire
INFO     Sampling 4 unrevealed pokemon
INFO     	   crabominable     ironfist   choiceband [drainpunch, earthquake, gunkshot, icehammer] ttype=fighting
INFO     	 lilliganthisui       hustle      lifeorb [closecombat, leafblade, sleeppowder, victorydance] ttype=fighting
INFO     	     victreebel  chlorophyll      lifeorb [poisonjab, powerwhip, suckerpunch, swordsdance] ttype=grass
INFO     	         deoxys     pressure      lifeorb [icebeam, knockoff, psychoboost, superpower] ttype=psychic
INFO     Sampling battle 6
INFO     	      hydreigon     levitate  choicespecs [darkpulse, dracometeor, fireblast, flashcannon] ttype=fire
INFO     Sampling 4 unrevealed pokemon
INFO     	      cryogonal     levitate heavydutyboots [freezedry, haze, rapidspin, recover] ttype=steel
INFO     	      meowsticf  competitive      lifeorb [alluringvoice, nastyplot, psyshock, thunderbolt] ttype=fairy
INFO     	        heatran    flashfire   airballoon [earthpower, heavyslam, magmastorm, stealthrock] ttype=flying
INFO     	      zebstrika    sapsipper      lifeorb [highhorsepower, overheat, supercellslam, voltswitch] ttype=ground
INFO     Sampling battle 7
INFO     	      hydreigon     levitate  choicespecs [darkpulse, dracometeor, fireblast, uturn] ttype=fire
INFO     Sampling 4 unrevealed pokemon
INFO     	   palkiaorigin     pressure lustrousglobe [fireblast, hydropump, spacialrend, thunderwave] ttype=dragon
INFO     	       landorus   sheerforce      lifeorb [earthpower, psychic, sludgewave, stealthrock] ttype=ground
INFO     	    sandyshocks protosynthesis    leftovers [earthpower, spikes, stealthrock, thunderbolt] ttype=ground
INFO     	       lumineon   stormdrain      lifeorb [alluringvoice, encore, hydropump, icebeam] ttype=fairy
INFO     Sampling battle 8
INFO     	      hydreigon     levitate  choicespecs [darkpulse, dracometeor, fireblast, uturn] ttype=fire
INFO     Sampling 4 unrevealed pokemon
INFO     	    arceusghost    multitype  spookyplate [calmmind, focusblast, judgment, recover] ttype=fighting
INFO     	       lycanroc     sandrush      lifeorb [closecombat, psychicfangs, stealthrock, stoneedge] ttype=fighting
INFO     	         swalot   liquidooze    leftovers [earthquake, protect, sludgebomb, toxic] ttype=ground
INFO     	        drednaw   shellarmor    whiteherb [earthquake, liquidation, shellsmash, stoneedge] ttype=ground
INFO     Sampling battle 9
INFO     	      hydreigon     levitate  choicespecs [darkpulse, dracometeor, fireblast, uturn] ttype=fire
INFO     Sampling 4 unrevealed pokemon
INFO     	      toxicroak      dryskin      lifeorb [closecombat, earthquake, gunkshot, swordsdance] ttype=ground
INFO     	   avalugghisui       sturdy heavydutyboots [avalanche, rapidspin, recover, stoneedge] ttype=poison
INFO     	     arceusdark    multitype   dreadplate [calmmind, dazzlinggleam, judgment, recover] ttype=fairy
INFO     	        florges   flowerveil    leftovers [calmmind, moonblast, protect, wish] ttype=steel
INFO     Sampling battle 10
INFO     	      hydreigon     levitate  choicespecs [darkpulse, dracometeor, fireblast, flashcannon] ttype=steel
INFO     Sampling 4 unrevealed pokemon
INFO     	    fluttermane protosynthesis      lifeorb [calmmind, moonblast, shadowball, thunderbolt] ttype=electric
INFO     	        slowbro  regenerator    leftovers [psychicnoise, scald, slackoff, thunderwave] ttype=fairy
INFO     	    arceussteel    multitype    ironplate [calmmind, earthpower, judgment, recover] ttype=ghost
INFO     	        avalugg       sturdy heavydutyboots [avalanche, bodypress, curse, recover] ttype=fighting
INFO     Sampling battle 11
INFO     	      hydreigon     levitate  choicespecs [darkpulse, dracometeor, fireblast, uturn] ttype=dark
INFO     Sampling 4 unrevealed pokemon
INFO     	       whiscash    oblivious      lifeorb [dragondance, earthquake, liquidation, stoneedge] ttype=steel
INFO     	         arceus    multitype      lifeorb [earthquake, extremespeed, recover, swordsdance] ttype=normal
INFO     	       miraidon hadronengine      lifeorb [calmmind, dracometeor, dragonpulse, electrodrift] ttype=electric
INFO     	     eelektross     levitate  assaultvest [discharge, dragontail, flamethrower, uturn] ttype=poison
INFO     Sampling battle 12
INFO     	      hydreigon     levitate  choicespecs [darkpulse, dracometeor, fireblast, uturn] ttype=fire
INFO     Sampling 4 unrevealed pokemon
INFO     	    walkingwake protosynthesis  choicespecs [dracometeor, flamethrower, flipturn, hydropump] ttype=fire
INFO     	     screamtail protosynthesis    leftovers [encore, playrough, protect, wish] ttype=poison
INFO     	       politoed      drizzle    leftovers [encore, hypnosis, icebeam, surf] ttype=water
INFO     	     wigglytuff  competitive    leftovers [alluringvoice, fireblast, protect, wish] ttype=poison
INFO     Sampling battle 13
INFO     	      hydreigon     levitate  choicespecs [darkpulse, dracometeor, fireblast, flashcannon] ttype=steel
INFO     Sampling 4 unrevealed pokemon
INFO     	     arceusdark    multitype   dreadplate [calmmind, judgment, recover, sludgebomb] ttype=poison
INFO     	       sneasler  poisontouch   choiceband [closecombat, direclaw, throatchop, uturn] ttype=dark
INFO     	   basculegionf adaptability  choicespecs [flipturn, hydropump, icebeam, shadowball] ttype=water
INFO     	       skarmory       sturdy  rockyhelmet [bravebird, roost, spikes, whirlwind] ttype=dragon
INFO     Sampling battle 14
INFO     	      hydreigon     levitate  choicespecs [darkpulse, dracometeor, fireblast, uturn] ttype=dragon
INFO     Sampling 4 unrevealed pokemon
INFO     	     kricketune   technician heavydutyboots [knockoff, pounce, stickyweb, taunt] ttype=ghost
INFO     	     forretress       sturdy    leftovers [ironhead, stealthrock, toxicspikes, voltswitch] ttype=water
INFO     	      blastoise      torrent    whiteherb [earthquake, hydropump, icebeam, shellsmash] ttype=ground
INFO     	    ironboulder   quarkdrive boosterenergy [closecombat, mightycleave, swordsdance, zenheadbutt] ttype=fighting
INFO     Sampling battle 15
INFO     	      hydreigon     levitate  choicespecs [darkpulse, dracometeor, fireblast, uturn] ttype=dark
INFO     Sampling 4 unrevealed pokemon
INFO     	         lunala shadowshield    leftovers [calmmind, moongeistbeam, moonlight, psyshock] ttype=fairy
INFO     	       lumineon   stormdrain      lifeorb [alluringvoice, encore, hydropump, icebeam] ttype=fairy
INFO     	         raikou     pressure    leftovers [calmmind, scald, substitute, thunderbolt] ttype=grass
INFO     	       garchomp    roughskin  rockyhelmet [dragontail, earthquake, outrage, spikes] ttype=steel
INFO     Searching for a move using MCTS...
INFO     Sampling 16 battles at 500ms each
INFO     Iterations 2: 74000
INFO     Iterations 6: 69000
INFO     Iterations 0: 73000
INFO     Iterations 3: 75000
INFO     Iterations 5: 70000
INFO     Iterations 4: 69000
INFO     Iterations 1: 74000
INFO     Iterations 7: 67000
INFO     Iterations 12: 56000
INFO     Iterations 9: 59000
INFO     Iterations 11: 62000
INFO     Iterations 8: 64000
INFO     Iterations 10: 60000
INFO     Iterations 13: 61000
INFO     Iterations 14: 66000
INFO     Iterations 15: 62000
INFO     Policy 0: recover visited 21.79% avg_score=0.266 sample_chance_multiplier=0.062
INFO     Policy 1: recover visited 47.64% avg_score=0.312 sample_chance_multiplier=0.062
INFO     Policy 2: recover visited 21.54% avg_score=0.262 sample_chance_multiplier=0.062
INFO     Policy 3: triattack visited 45.44% avg_score=0.317 sample_chance_multiplier=0.062
INFO     Policy 4: recover visited 53.87% avg_score=0.332 sample_chance_multiplier=0.062
INFO     Policy 5: icebeam visited 46.54% avg_score=0.336 sample_chance_multiplier=0.062
INFO     Policy 6: recover visited 40.19% avg_score=0.297 sample_chance_multiplier=0.062
INFO     Policy 7: recover visited 57.51% avg_score=0.339 sample_chance_multiplier=0.062
INFO     Policy 8: recover visited 41.78% avg_score=0.321 sample_chance_multiplier=0.062
INFO     Policy 9: icebeam visited 23.93% avg_score=0.276 sample_chance_multiplier=0.062
INFO     Policy 10: discharge visited 30.62% avg_score=0.288 sample_chance_multiplier=0.062
INFO     Policy 11: triattack visited 45.02% avg_score=0.313 sample_chance_multiplier=0.062
INFO     Policy 12: discharge visited 30.27% avg_score=0.281 sample_chance_multiplier=0.062
INFO     Policy 13: discharge visited 21.5% avg_score=0.272 sample_chance_multiplier=0.062
INFO     Policy 14: triattack visited 42.84% avg_score=0.317 sample_chance_multiplier=0.062
INFO     Policy 15: triattack visited 24.85% avg_score=0.258 sample_chance_multiplier=0.062
INFO     Considered Choices:
INFO     	25.22%: recover
INFO     Choice: recover
INFO     Updated hydreigon's min speed to 144
INFO     hydreigon used a dark move, removing darkgem from possible items
INFO     Setting hydreigon's last used move: darkpulse
INFO     hydreigon used a damaging move - not guessing lifeorb anymore
INFO     hydreigon did 14.44% damage to porygon2 with darkpulse
INFO     hydreigon has less than maxhp during upkeep, no longer guessing leftovers or blacksludge
INFO     Sampling battle 0
INFO     	      hydreigon     levitate  choicespecs [darkpulse, dracometeor, fireblast, uturn] ttype=dark
INFO     Sampling 4 unrevealed pokemon
INFO     	      ninetales      drought heavydutyboots [fireblast, nastyplot, scorchingsands, solarbeam] ttype=grass
INFO     	       blaziken   speedboost      lifeorb [closecombat, flareblitz, stoneedge, swordsdance] ttype=fighting
INFO     	       inteleon      torrent  choicespecs [hydropump, icebeam, scald, uturn] ttype=water
INFO     	       floatzel    waterveil    leftovers [bulkup, icespinner, taunt, wavecrash] ttype=water
INFO     Sampling battle 1
INFO     	      hydreigon     levitate  choicespecs [darkpulse, dracometeor, fireblast, uturn] ttype=fire
INFO     Sampling 4 unrevealed pokemon
INFO     	       zangoose   toxicboost     toxicorb [facade, knockoff, quickattack, swordsdance] ttype=normal
INFO     	        ariados     insomnia    focussash [megahorn, poisonjab, stickyweb, suckerpunch] ttype=ghost
INFO     	taurospaldeacombat   intimidate      lifeorb [bulkup, closecombat, earthquake, throatchop] ttype=dark
INFO     	     chesnaught  bulletproof    leftovers [bodypress, irondefense, synthesis, trailblaze] ttype=steel
INFO     Sampling battle 2
INFO     	      hydreigon     levitate  choicespecs [darkpulse, dracometeor, fireblast, uturn] ttype=fire
INFO     Sampling 4 unrevealed pokemon
INFO     	       hawlucha     unburden    whiteherb [acrobatics, closecombat, swordsdance, throatchop] ttype=flying
INFO     	    sandyshocks protosynthesis heavydutyboots [earthpower, stealthrock, thunderbolt, voltswitch] ttype=electric
INFO     	      garganacl purifyingsalt    leftovers [bodypress, irondefense, recover, saltcure] ttype=dragon
INFO     	  arcaninehisui     rockhead heavydutyboots [extremespeed, flareblitz, headsmash, morningsun] ttype=rock
INFO     Sampling battle 3
INFO     	      hydreigon     levitate  choicespecs [darkpulse, dracometeor, fireblast, uturn] ttype=fire
INFO     Sampling 4 unrevealed pokemon
INFO     	     toxtricity     punkrock  choicescarf [boomburst, overdrive, sludgewave, voltswitch] ttype=normal
INFO     	      serperior     contrary    leftovers [dragonpulse, leafstorm, leechseed, substitute] ttype=dragon
INFO     	      gardevoir        trace  choicescarf [healingwish, moonblast, mysticalfire, psychic] ttype=fairy
INFO     	        lanturn   voltabsorb heavydutyboots [scald, thunderbolt, thunderwave, voltswitch] ttype=flying
INFO     Sampling battle 4
INFO     	      hydreigon     levitate  choicespecs [darkpulse, dracometeor, fireblast, uturn] ttype=dark
INFO     Sampling 4 unrevealed pokemon
INFO     	    slitherwing protosynthesis heavydutyboots [closecombat, morningsun, uturn, willowisp] ttype=fire
INFO     	    fezandipiti   toxicchain    leftovers [gunkshot, playrough, swordsdance, terablast] ttype=ground
INFO     	       quagsire      unaware    leftovers [earthquake, recover, spikes, toxic] ttype=poison
INFO     	        noctowl   tintedlens heavydutyboots [defog, hurricane, hypervoice, roost] ttype=normal
INFO     Sampling battle 5
INFO     	      hydreigon     levitate  choicespecs [darkpulse, dracometeor, fireblast, uturn] ttype=fire
INFO     Sampling 4 unrevealed pokemon
INFO     	     gothitelle    shadowtag  choicescarf [darkpulse, focusblast, psychic, trick] ttype=ghost
INFO     	         rhydon lightningrod     eviolite [earthquake, megahorn, stoneedge, swordsdance] ttype=grass
INFO     	       hariyama         guts     flameorb [closecombat, facade, fakeout, knockoff] ttype=normal
INFO     	      ironhands   quarkdrive    leftovers [drainpunch, icepunch, swordsdance, wildcharge] ttype=flying
INFO     Sampling battle 6
INFO     	      hydreigon     levitate  choicespecs [darkpulse, dracometeor, fireblast, uturn] ttype=fire
INFO     Sampling 4 unrevealed pokemon
INFO     	       camerupt    solidrock    leftovers [earthquake, overheat, roar, willowisp] ttype=water
INFO     	         pawmot     ironfist      lifeorb [closecombat, doubleshock, icepunch, revivalblessing] ttype=electric
INFO     	        delphox        blaze  choicescarf [fireblast, focusblast, grassknot, psyshock] ttype=fighting
INFO     	        shaymin  naturalcure    leftovers [airslash, leechseed, seedflare, substitute] ttype=steel
INFO     Sampling battle 7
INFO     	      hydreigon     levitate  choicespecs [darkpulse, dracometeor, fireblast, uturn] ttype=fire
INFO     Sampling 4 unrevealed pokemon
INFO     	  qwilfishhisui   intimidate     eviolite [crunch, gunkshot, spikes, toxicspikes] ttype=flying
INFO     	        heatran    flashfire   airballoon [earthpower, heavyslam, magmastorm, stealthrock] ttype=flying
INFO     	       sawsbuck    sapsipper      lifeorb [doubleedge, highhorsepower, hornleech, swordsdance] ttype=ground
INFO     	      arceusbug    multitype  insectplate [calmmind, earthpower, judgment, recover] ttype=ground
INFO     Sampling battle 8
INFO     	      hydreigon     levitate  choicespecs [darkpulse, dracometeor, fireblast, flashcannon] ttype=fire
INFO     Sampling 4 unrevealed pokemon
INFO     	  braviaryhisui   tintedlens heavydutyboots [calmmind, esperwing, hurricane, roost] ttype=fairy
INFO     	  qwilfishhisui   intimidate     eviolite [crunch, gunkshot, spikes, taunt] ttype=poison
INFO     	     ragingbolt protosynthesis boosterenergy [calmmind, dragonpulse, thunderbolt, thunderclap] ttype=fairy
INFO     	      zebstrika    sapsipper      lifeorb [highhorsepower, overheat, supercellslam, voltswitch] ttype=ground
INFO     Sampling battle 9
INFO     	      hydreigon     levitate  choicespecs [darkpulse, dracometeor, fireblast, uturn] ttype=fire
INFO     Sampling 4 unrevealed pokemon
INFO     	         kyogre      drizzle    leftovers [calmmind, icebeam, originpulse, thunder] ttype=dragon
INFO     	          minun   voltabsorb      lifeorb [alluringvoice, encore, nastyplot, thunderbolt] ttype=electric
INFO     	         raichu lightningrod      lifeorb [focusblast, nastyplot, terablast, thunderbolt] ttype=ice
INFO     	        groudon      drought    leftovers [heatcrash, precipiceblades, stoneedge, thunderwave] ttype=fire
INFO     Sampling battle 10
INFO     	      hydreigon     levitate  choicespecs [darkpulse, dracometeor, fireblast, uturn] ttype=dragon
INFO     Sampling 4 unrevealed pokemon
INFO     	   dialgaorigin     pressure adamantcrystal [dracometeor, fireblast, flashcannon, stealthrock] ttype=steel
INFO     	      regieleki   transistor       magnet [explosion, rapidspin, thunderbolt, voltswitch] ttype=electric
INFO     	       hawlucha     unburden    whiteherb [acrobatics, closecombat, stoneedge, swordsdance] ttype=fighting
INFO     	    ironjugulis   quarkdrive  choicespecs [darkpulse, earthpower, hurricane, uturn] ttype=dark
INFO     Sampling battle 11
INFO     	      hydreigon     levitate  choicespecs [darkpulse, dracometeor, fireblast, flashcannon] ttype=fire
INFO     Sampling 4 unrevealed pokemon
INFO     	      hydrapple  regenerator  assaultvest [dragontail, earthpower, ficklebeam, leafstorm] ttype=steel
INFO     	   arceusground    multitype   earthplate [earthquake, extremespeed, stoneedge, swordsdance] ttype=normal
INFO     	      bastiodon   soundproof  chestoberry [bodypress, foulplay, irondefense, rest] ttype=fighting
INFO     	    corviknight     pressure    leftovers [bodypress, bravebird, defog, roost] ttype=dragon
INFO     Sampling battle 12
INFO     	      hydreigon     levitate  choicespecs [darkpulse, dracometeor, fireblast, flashcannon] ttype=dark
INFO     Sampling 4 unrevealed pokemon
INFO     	   deoxysattack     pressure      lifeorb [extremespeed, knockoff, psychoboost, superpower] ttype=normal
INFO     	        altaria  naturalcure heavydutyboots [bravebird, dragondance, earthquake, roost] ttype=ground
INFO     	      rampardos   sheerforce  choicescarf [earthquake, firepunch, headsmash, rockslide] ttype=rock
INFO     	      blastoise      torrent    whiteherb [hydropump, icebeam, shellsmash, terablast] ttype=electric
INFO     Sampling battle 13
INFO     	      hydreigon     levitate  choicespecs [darkpulse, dracometeor, fireblast, flashcannon] ttype=dark
INFO     Sampling 4 unrevealed pokemon
INFO     	         gogoat    sapsipper    leftovers [bulkup, hornleech, milkdrink, rockslide] ttype=water
INFO     	      gholdengo   goodasgold    leftovers [focusblast, makeitrain, nastyplot, shadowball] ttype=steel
INFO     	      arceusbug    multitype  insectplate [calmmind, fireblast, judgment, recover] ttype=fire
INFO     	          rotom     levitate      lifeorb [nastyplot, shadowball, thunderbolt, willowisp] ttype=ghost
INFO     Sampling battle 14
INFO     	      hydreigon     levitate  choicespecs [darkpulse, dracometeor, fireblast, uturn] ttype=dark
INFO     Sampling 4 unrevealed pokemon
INFO     	      garganacl purifyingsalt    leftovers [bodypress, irondefense, recover, saltcure] ttype=dragon
INFO     	  arceuspsychic    multitype    mindplate [bodypress, cosmicpower, recover, storedpower] ttype=steel
INFO     	        jolteon   voltabsorb  choicespecs [alluringvoice, shadowball, thunderbolt, voltswitch] ttype=electric
INFO     	        bisharp      defiant     eviolite [ironhead, stealthrock, suckerpunch, throatchop] ttype=flying
INFO     Sampling battle 15
INFO     	      hydreigon     levitate  choicespecs [darkpulse, dracometeor, fireblast, flashcannon] ttype=dark
INFO     Sampling 4 unrevealed pokemon
INFO     	     arceusfire    multitype   flameplate [dragondance, earthquake, flareblitz, recover] ttype=ground
INFO     	         espeon  magicbounce      lifeorb [alluringvoice, morningsun, psyshock, shadowball] ttype=psychic
INFO     	tornadustherian  regenerator  assaultvest [bleakwindstorm, heatwave, knockoff, uturn] ttype=dark
INFO     	   crabominable     ironfist   choiceband [closecombat, earthquake, icehammer, knockoff] ttype=ground
INFO     Searching for a move using MCTS...
INFO     Sampling 16 battles at 500ms each
INFO     Iterations 6: 97000
INFO     Iterations 1: 124000
INFO     Iterations 7: 113000
INFO     Iterations 5: 105000
INFO     Iterations 3: 112000
INFO     Iterations 2: 117000
INFO     Iterations 0: 107000
INFO     Iterations 4: 98000
INFO     Iterations 8: 108000
INFO     Iterations 10: 109000
INFO     Iterations 9: 99000
INFO     Iterations 12: 115000
INFO     Iterations 13: 111000
INFO     Iterations 11: 98000
INFO     Iterations 14: 115000
INFO     Iterations 15: 111000
INFO     Policy 0: switch grumpig visited 97.72% avg_score=0.64 sample_chance_multiplier=0.062
INFO     Policy 1: switch grumpig visited 95.7% avg_score=0.477 sample_chance_multiplier=0.062
INFO     Policy 2: switch grumpig visited 97.93% avg_score=0.67 sample_chance_multiplier=0.062
INFO     Policy 3: switch grumpig visited 95.27% avg_score=0.495 sample_chance_multiplier=0.062
INFO     Policy 4: switch grumpig visited 96.11% avg_score=0.511 sample_chance_multiplier=0.062
INFO     Policy 5: switch grumpig visited 96.78% avg_score=0.505 sample_chance_multiplier=0.062
INFO     Policy 6: switch grumpig visited 96.78% avg_score=0.541 sample_chance_multiplier=0.062
INFO     Policy 7: switch grumpig visited 96.68% avg_score=0.578 sample_chance_multiplier=0.062
INFO     Policy 8: switch grumpig visited 96.47% avg_score=0.517 sample_chance_multiplier=0.062
INFO     Policy 9: switch grumpig visited 97.02% avg_score=0.538 sample_chance_multiplier=0.062
INFO     Policy 10: switch grumpig visited 96.64% avg_score=0.542 sample_chance_multiplier=0.062
INFO     Policy 11: switch grumpig visited 96.39% avg_score=0.524 sample_chance_multiplier=0.062
INFO     Policy 12: switch grumpig visited 95.13% avg_score=0.508 sample_chance_multiplier=0.062
INFO     Policy 13: switch grumpig visited 97.09% avg_score=0.597 sample_chance_multiplier=0.062
INFO     Policy 14: switch grumpig visited 97.86% avg_score=0.635 sample_chance_multiplier=0.062
INFO     Policy 15: switch grumpig visited 94.84% avg_score=0.479 sample_chance_multiplier=0.062
INFO     Considered Choices:
INFO     	96.525%: switch grumpig
INFO     Choice: switch grumpig
INFO     grumpig switched in, adding intimidate to impossible abilities
INFO     grumpig switched in, adding pressure to impossible abilities
INFO     grumpig switched in, adding neutralizinggas to impossible abilities
INFO     grumpig switched in, adding sandstream to impossible abilities
INFO     grumpig switched in, adding drought to impossible abilities
INFO     grumpig switched in, adding drizzle to impossible abilities
INFO     grumpig switched in, adding snowwarning to impossible abilities
INFO     grumpig switched in, adding boosterenergy to impossible items
INFO     grumpig switched in, adding airballoon to impossible items
INFO     
INFO     Turn: 7
INFO     Sampling battle 0
INFO     	      hydreigon     levitate  choicespecs [darkpulse, dracometeor, fireblast, uturn] ttype=dark
INFO     Sampling 4 unrevealed pokemon
INFO     	      magmortar    flamebody heavydutyboots [fireblast, focusblast, thunderbolt, willowisp] ttype=electric
INFO     	        falinks      defiant      lifeorb [closecombat, ironhead, knockoff, noretreat] ttype=steel
INFO     	squawkabillyyellow       hustle   choiceband [bravebird, doubleedge, foulplay, quickattack] ttype=normal
INFO     	     mabosstiff     stakeout  choicescarf [crunch, playrough, psychicfangs, wildcharge] ttype=fairy
INFO     Sampling battle 1
INFO     	      hydreigon     levitate  choicespecs [darkpulse, dracometeor, fireblast, uturn] ttype=fire
INFO     Sampling 4 unrevealed pokemon
INFO     	        golduck    cloudnine    leftovers [grassknot, hydropump, icebeam, nastyplot] ttype=water
INFO     	        gliscor   poisonheal     toxicorb [earthquake, knockoff, protect, toxicspikes] ttype=water
INFO     	       necrozma   prismarmor    leftovers [calmmind, heatwave, moonlight, photongeyser] ttype=fairy
INFO     	       empoleon  competitive    leftovers [knockoff, roost, surf, yawn] ttype=grass
INFO     Sampling battle 2
INFO     	      hydreigon     levitate  choicespecs [darkpulse, dracometeor, fireblast, uturn] ttype=dark
INFO     Sampling 4 unrevealed pokemon
INFO     	      indeedeef psychicsurge  choicescarf [healingwish, hypervoice, psyshock, shadowball] ttype=psychic
INFO     	       dragalge adaptability    leftovers [dracometeor, focusblast, sludgewave, toxicspikes] ttype=fighting
INFO     	        milotic  competitive    leftovers [haze, icebeam, recover, scald] ttype=dragon
INFO     	          golem       sturdy  custapberry [earthquake, explosion, stealthrock, stoneedge] ttype=grass
INFO     Sampling battle 3
INFO     	      hydreigon     levitate  choicespecs [darkpulse, dracometeor, fireblast, uturn] ttype=dragon
INFO     Sampling 4 unrevealed pokemon
INFO     	        glaceon      icebody heavydutyboots [freezedry, mudshot, protect, wish] ttype=ground
INFO     	       mienshao  regenerator  assaultvest [closecombat, fakeout, knockoff, uturn] ttype=dark
INFO     	   greninjabond   battlebond      lifeorb [darkpulse, gunkshot, hydropump, icebeam] ttype=poison
INFO     	      ironcrown   quarkdrive  choicespecs [focusblast, psyshock, tachyoncutter, voltswitch] ttype=steel
INFO     Sampling battle 4
INFO     	      hydreigon     levitate  choicespecs [darkpulse, dracometeor, fireblast, uturn] ttype=fire
INFO     Sampling 4 unrevealed pokemon
INFO     	      indeedeef psychicsurge  choicescarf [dazzlinggleam, healingwish, hypervoice, psyshock] ttype=psychic
INFO     	    arceussteel    multitype    ironplate [earthquake, judgment, recover, willowisp] ttype=ghost
INFO     	         scizor   technician    leftovers [bulletpunch, closecombat, defog, knockoff] ttype=dragon
INFO     	      toxicroak      dryskin      lifeorb [closecombat, gunkshot, knockoff, swordsdance] ttype=dark
INFO     Sampling battle 5
INFO     	      hydreigon     levitate  choicespecs [darkpulse, dracometeor, fireblast, uturn] ttype=fire
INFO     Sampling 4 unrevealed pokemon
INFO     	    corviknight     pressure    leftovers [bravebird, defog, roost, uturn] ttype=dragon
INFO     	      poliwrath    swiftswim      lifeorb [closecombat, knockoff, liquidation, raindance] ttype=fighting
INFO     	      sudowoodo     rockhead    leftovers [headsmash, stealthrock, suckerpunch, woodhammer] ttype=grass
INFO     	        toxapex  regenerator    leftovers [haze, liquidation, recover, toxic] ttype=flying
INFO     Sampling battle 6
INFO     	      hydreigon     levitate  choicespecs [darkpulse, dracometeor, fireblast, flashcannon] ttype=steel
INFO     Sampling 4 unrevealed pokemon
INFO     	         swalot   liquidooze    leftovers [earthquake, gunkshot, knockoff, swordsdance] ttype=dark
INFO     	   hoopaunbound     magician  assaultvest [focusblast, gunkshot, hyperspacefury, psychic] ttype=poison
INFO     	   brambleghast    windrider    leftovers [leechseed, poltergeist, powerwhip, substitute] ttype=fairy
INFO     	        heatran    flashfire   airballoon [earthpower, heavyslam, magmastorm, stealthrock] ttype=flying
INFO     Sampling battle 7
INFO     	      hydreigon     levitate  choicespecs [darkpulse, dracometeor, fireblast, uturn] ttype=dragon
INFO     Sampling 4 unrevealed pokemon
INFO     	       rotomfan     levitate heavydutyboots [airslash, thunderbolt, thunderwave, voltswitch] ttype=electric
INFO     	         pyroar      unnerve heavydutyboots [darkpulse, fireblast, hypervoice, taunt] ttype=fire
INFO     	      metagross    clearbody   choiceband [bulletpunch, heavyslam, knockoff, psychicfangs] ttype=water
INFO     	      araquanid  waterbubble heavydutyboots [hydropump, leechlife, liquidation, stickyweb] ttype=ground
INFO     Sampling battle 8
INFO     	      hydreigon     levitate  choicespecs [darkpulse, dracometeor, fireblast, flashcannon] ttype=dragon
INFO     Sampling 4 unrevealed pokemon
INFO     	    arceusgrass    multitype  meadowplate [calmmind, fireblast, judgment, recover] ttype=fire
INFO     	      probopass   magnetpull    leftovers [bodypress, flashcannon, irondefense, powergem] ttype=fighting
INFO     	       enamorus     contrary heavydutyboots [playrough, superpower, taunt, zenheadbutt] ttype=fighting
INFO     	        milotic  competitive    leftovers [haze, icebeam, recover, scald] ttype=steel
INFO     Sampling battle 9
INFO     	      hydreigon     levitate  choicespecs [darkpulse, dracometeor, fireblast, uturn] ttype=fire
INFO     Sampling 4 unrevealed pokemon
INFO     	       lurantis     contrary    leftovers [knockoff, leafstorm, superpower, synthesis] ttype=fighting
INFO     	        glaceon      icebody heavydutyboots [freezedry, mudshot, protect, wish] ttype=ground
INFO     	        sylveon     pixilate    leftovers [calmmind, hypervoice, protect, wish] ttype=steel
INFO     	       dragalge adaptability  choicespecs [dracometeor, flipturn, focusblast, sludgewave] ttype=fighting
INFO     Sampling battle 10
INFO     	      hydreigon     levitate  choicespecs [darkpulse, dracometeor, fireblast, uturn] ttype=fire
INFO     Sampling 4 unrevealed pokemon
INFO     	       clefable   magicguard      lifeorb [calmmind, fireblast, moonblast, moonlight] ttype=steel
INFO     	    arceusgrass    multitype  meadowplate [calmmind, earthpower, icebeam, judgment] ttype=ground
INFO     	         scizor   technician    leftovers [bulletpunch, closecombat, defog, knockoff] ttype=dragon
INFO     	        avalugg       sturdy heavydutyboots [avalanche, bodypress, rapidspin, recover] ttype=fighting
INFO     Sampling battle 11
INFO     	      hydreigon     levitate  choicespecs [darkpulse, dracometeor, fireblast, uturn] ttype=dragon
INFO     Sampling 4 unrevealed pokemon
INFO     	        lucario   innerfocus      lifeorb [aurasphere, flashcannon, nastyplot, vacuumwave] ttype=fighting
INFO     	         regice    clearbody heavydutyboots [icebeam, rest, sleeptalk, thunderbolt] ttype=electric
INFO     	       bronzong     levitate    leftovers [earthquake, hypnosis, ironhead, psychic] ttype=water
INFO     	         emboar     reckless  choicescarf [closecombat, flareblitz, headsmash, wildcharge] ttype=fire
INFO     Sampling battle 12
INFO     	      hydreigon     levitate  choicespecs [darkpulse, dracometeor, fireblast, uturn] ttype=dragon
INFO     Sampling 4 unrevealed pokemon
INFO     	         arceus    multitype      lifeorb [earthquake, extremespeed, recover, swordsdance] ttype=normal
INFO     	      lilligant  chlorophyll      lifeorb [gigadrain, quiverdance, sleeppowder, terablast] ttype=rock
INFO     	typhlosionhisui        blaze  choicescarf [eruption, fireblast, focusblast, shadowball] ttype=fire
INFO     	        avalugg       sturdy heavydutyboots [avalanche, bodypress, rapidspin, recover] ttype=fighting
INFO     Sampling battle 13
INFO     	      hydreigon     levitate  choicespecs [darkpulse, dracometeor, fireblast, flashcannon] ttype=fire
INFO     Sampling 4 unrevealed pokemon
INFO     	  articunogalar  competitive heavydutyboots [calmmind, freezingglare, hurricane, recover] ttype=steel
INFO     	      terrakion    justified      lifeorb [closecombat, earthquake, stoneedge, swordsdance] ttype=fighting
INFO     	         dialga     pressure    leftovers [dracometeor, fireblast, heavyslam, thunderwave] ttype=steel
INFO     	     pincurchin electricsurge    leftovers [curse, liquidation, recover, zingzap] ttype=water
INFO     Sampling battle 14
INFO     	      hydreigon     levitate  choicespecs [darkpulse, dracometeor, fireblast, uturn] ttype=dragon
INFO     Sampling 4 unrevealed pokemon
INFO     	       greedent   cheekpouch  sitrusberry [bodyslam, earthquake, knockoff, swordsdance] ttype=ghost
INFO     	         scizor   technician      lifeorb [bugbite, bulletpunch, closecombat, swordsdance] ttype=steel
INFO     	       lycanroc     sandrush   choiceband [closecombat, crunch, psychicfangs, stoneedge] ttype=fighting
INFO     	   arceusground    multitype   earthplate [earthquake, extremespeed, stoneedge, swordsdance] ttype=normal
INFO     Sampling battle 15
INFO     	      hydreigon     levitate  choicespecs [darkpulse, dracometeor, fireblast, uturn] ttype=fire
INFO     Sampling 4 unrevealed pokemon
INFO     	 giratinaorigin     levitate griseouscore [defog, dracometeor, poltergeist, willowisp] ttype=steel
INFO     	      tyranitar   sandstream weaknesspolicy [dragondance, earthquake, knockoff, stoneedge] ttype=ghost
INFO     	       arcanine   intimidate heavydutyboots [closecombat, extremespeed, flareblitz, morningsun] ttype=fighting
INFO     	      arceusice    multitype  icicleplate [calmmind, earthpower, judgment, recover] ttype=ground
INFO     Searching for a move using MCTS...
INFO     Sampling 16 battles at 500ms each
INFO     Iterations 6: 75000
INFO     Iterations 3: 73000
INFO     Iterations 4: 92000
INFO     Iterations 2: 84000
INFO     Iterations 0: 83000
INFO     Iterations 7: 83000
INFO     Iterations 5: 92000
INFO     Iterations 1: 88000
INFO     Iterations 9: 63000
INFO     Iterations 10: 58000
INFO     Iterations 8: 58000
INFO     Iterations 15: 68000
INFO     Iterations 11: 63000
INFO     Iterations 12: 58000
INFO     Iterations 13: 60000
INFO     Iterations 14: 66000
INFO     Policy 0: focusblast visited 27.3% avg_score=0.495 sample_chance_multiplier=0.062
INFO     Policy 1: nastyplot-tera visited 88.13% avg_score=0.623 sample_chance_multiplier=0.062
INFO     Policy 2: focusblast visited 60.43% avg_score=0.506 sample_chance_multiplier=0.062
INFO     Policy 3: nastyplot-tera visited 44.11% avg_score=0.545 sample_chance_multiplier=0.062
INFO     Policy 4: focusblast visited 50.75% avg_score=0.512 sample_chance_multiplier=0.062
INFO     Policy 5: nastyplot-tera visited 90.66% avg_score=0.657 sample_chance_multiplier=0.062
INFO     Policy 6: nastyplot visited 18.69% avg_score=0.459 sample_chance_multiplier=0.062
INFO     Policy 7: nastyplot-tera visited 88.21% avg_score=0.602 sample_chance_multiplier=0.062
INFO     Policy 8: nastyplot-tera visited 66.85% avg_score=0.567 sample_chance_multiplier=0.062
INFO     Policy 9: nastyplot-tera visited 37.98% avg_score=0.503 sample_chance_multiplier=0.062
INFO     Policy 10: nastyplot-tera visited 77.93% avg_score=0.613 sample_chance_multiplier=0.062
INFO     Policy 11: nastyplot-tera visited 82.4% avg_score=0.653 sample_chance_multiplier=0.062
INFO     Policy 12: nastyplot-tera visited 66.49% avg_score=0.599 sample_chance_multiplier=0.062
INFO     Policy 13: focusblast visited 30.79% avg_score=0.507 sample_chance_multiplier=0.062
INFO     Policy 14: nastyplot-tera visited 46.46% avg_score=0.58 sample_chance_multiplier=0.062
INFO     Policy 15: nastyplot-tera visited 80.35% avg_score=0.615 sample_chance_multiplier=0.062
INFO     Considered Choices:
INFO     	53.81%: nastyplot-tera
INFO     Choice: nastyplot-tera
INFO     Updated hydreigon's min speed to 200
INFO     grumpig terastallized. Tera type: fighting, Original types: ['psychic']
INFO     hydreigon already has the move darkpulse. Decrementing the PP by 1
INFO     hydreigon used a dark move, removing darkgem from possible items
INFO     Setting hydreigon's last used move: darkpulse
INFO     hydreigon used a damaging move - not guessing lifeorb anymore
INFO     hydreigon did 17.51% damage to grumpig with darkpulse
INFO     grumpig already has the move nastyplot. Decrementing the PP by 1
INFO     grumpig using nastyplot makes it unlikely to have a choice item. Setting can_have_choice_item to False
INFO     grumpig used a status-move. Adding `assaultvest` to impossible items
INFO     Setting grumpig's last used move: nastyplot
INFO     grumpig's special-attack was boosted by 2 to 2
INFO     Setting grumpig's item to: leftovers
INFO     hydreigon has less than maxhp during upkeep, no longer guessing leftovers or blacksludge
INFO     
INFO     Turn: 8
INFO     Sampling battle 0
INFO     	      hydreigon     levitate  choicespecs [darkpulse, dracometeor, fireblast, uturn] ttype=fire
INFO     Sampling 4 unrevealed pokemon
INFO     	       hariyama     thickfat  assaultvest [closecombat, heavyslam, knockoff, stoneedge] ttype=steel
INFO     	      revavroom       filter      lifeorb [gunkshot, highhorsepower, ironhead, shiftgear] ttype=ground
INFO     	      thundurus    prankster heavydutyboots [grassknot, taunt, thunderbolt, uturn] ttype=steel
INFO     	       lumineon   stormdrain heavydutyboots [encore, hydropump, icebeam, uturn] ttype=dragon
INFO     Sampling battle 1
INFO     	      hydreigon     levitate  choicespecs [darkpulse, dracometeor, fireblast, flashcannon] ttype=fire
INFO     Sampling 4 unrevealed pokemon
INFO     	         pawmot   voltabsorb   leppaberry [closecombat, doubleshock, nuzzle, revivalblessing] ttype=electric
INFO     	   persianalola      furcoat      lifeorb [burningjealousy, darkpulse, nastyplot, thunderbolt] ttype=electric
INFO     	         phione    hydration    leftovers [grassknot, icebeam, scald, takeheart] ttype=steel
INFO     	        jolteon   voltabsorb      lifeorb [alluringvoice, calmmind, shadowball, thunderbolt] ttype=fairy
INFO     Sampling battle 2
INFO     	      hydreigon     levitate  choicespecs [darkpulse, dracometeor, fireblast, flashcannon] ttype=fire
INFO     Sampling 4 unrevealed pokemon
INFO     	        ariados     insomnia heavydutyboots [megahorn, poisonjab, stickyweb, suckerpunch] ttype=ghost
INFO     	     whimsicott    prankster    leftovers [encore, leechseed, moonblast, substitute] ttype=steel
INFO     	        okidogi   toxicchain    leftovers [bulkup, drainpunch, gunkshot, knockoff] ttype=dark
INFO     	     incineroar   intimidate heavydutyboots [closecombat, flareblitz, knockoff, partingshot] ttype=fighting
INFO     Sampling battle 3
INFO     	      hydreigon     levitate  choicespecs [darkpulse, dracometeor, fireblast, uturn] ttype=dark
INFO     Sampling 4 unrevealed pokemon
INFO     	      alomomola  regenerator  rockyhelmet [flipturn, protect, scald, wish] ttype=steel
INFO     	       miraidon hadronengine  choicespecs [dracometeor, electrodrift, overheat, voltswitch] ttype=electric
INFO     	        sylveon     pixilate    leftovers [calmmind, hypervoice, protect, wish] ttype=steel
INFO     	       chimecho     levitate    leftovers [calmmind, dazzlinggleam, psychicnoise, recover] ttype=poison
INFO     Sampling battle 4
INFO     	      hydreigon     levitate  choicespecs [darkpulse, dracometeor, fireblast, uturn] ttype=fire
INFO     Sampling 4 unrevealed pokemon
INFO     	        leafeon  chlorophyll      lifeorb [doubleedge, knockoff, leafblade, swordsdance] ttype=dark
INFO     	        yanmega   tintedlens  choicespecs [airslash, bugbuzz, gigadrain, uturn] ttype=bug
INFO     	      registeel    clearbody  chestoberry [bodypress, irondefense, ironhead, rest] ttype=fighting
INFO     	     pincurchin electricsurge    leftovers [curse, liquidation, recover, zingzap] ttype=water
INFO     Sampling battle 5
INFO     	      hydreigon     levitate  choicespecs [darkpulse, dracometeor, fireblast, uturn] ttype=fire
INFO     Sampling 4 unrevealed pokemon
INFO     	 giratinaorigin     levitate griseouscore [dracometeor, poltergeist, shadowsneak, willowisp] ttype=steel
INFO     	         regice    clearbody heavydutyboots [bodypress, icebeam, thunderbolt, thunderwave] ttype=electric
INFO     	        noctowl   tintedlens heavydutyboots [calmmind, hurricane, hypervoice, roost] ttype=normal
INFO     	      mamoswine     thickfat   choiceband [earthquake, iceshard, iciclecrash, knockoff] ttype=ground
INFO     Sampling battle 6
INFO     	      hydreigon     levitate  choicespecs [darkpulse, dracometeor, fireblast, flashcannon] ttype=fire
INFO     Sampling 4 unrevealed pokemon
INFO     	        beartic    slushrush heavydutyboots [closecombat, iciclecrash, snowscape, swordsdance] ttype=fighting
INFO     	       reshiram   turboblaze heavydutyboots [blueflare, dracometeor, dragontail, earthpower] ttype=ground
INFO     	       sceptile     overgrow      lifeorb [earthquake, leafstorm, rockslide, shedtail] ttype=grass
INFO     	       cloyster    skilllink    whiteherb [hydropump, iciclespear, rockblast, shellsmash] ttype=rock
INFO     Sampling battle 7
INFO     	      hydreigon     levitate  choicespecs [darkpulse, dracometeor, fireblast, uturn] ttype=fire
INFO     Sampling 4 unrevealed pokemon
INFO     	       venomoth   tintedlens heavydutyboots [bugbuzz, quiverdance, sleeppowder, sludgewave] ttype=bug
INFO     	       ironmoth   quarkdrive  choicespecs [energyball, fierydance, sludgewave, uturn] ttype=grass
INFO     	       mudsdale      stamina    leftovers [earthquake, heavyslam, roar, stoneedge] ttype=steel
INFO     	       ursaring         guts     eviolite [bodyslam, earthquake, rest, sleeptalk] ttype=ground
INFO     Sampling battle 8
INFO     	      hydreigon     levitate  choicespecs [darkpulse, dracometeor, fireblast, flashcannon] ttype=fire
INFO     Sampling 4 unrevealed pokemon
INFO     	        breloom   technician      lifeorb [bulletseed, machpunch, rocktomb, swordsdance] ttype=rock
INFO     	       tinkaton  moldbreaker    leftovers [encore, gigatonhammer, playrough, thunderwave] ttype=water
INFO     	         golurk      noguard   choiceband [dynamicpunch, earthquake, poltergeist, stoneedge] ttype=ground
INFO     	        morpeko hungerswitch    leftovers [aurawheel, knockoff, protect, rapidspin] ttype=electric
INFO     Sampling battle 9
INFO     	      hydreigon     levitate  choicespecs [darkpulse, dracometeor, fireblast, flashcannon] ttype=dragon
INFO     Sampling 4 unrevealed pokemon
INFO     	        torkoal      drought heavydutyboots [lavaplume, rapidspin, solarbeam, yawn] ttype=grass
INFO     	taurospaldeacombat   intimidate   choiceband [closecombat, earthquake, ironhead, stoneedge] ttype=fighting
INFO     	        heatran    flashfire   airballoon [earthpower, heavyslam, magmastorm, stealthrock] ttype=grass
INFO     	       necrozma   prismarmor    leftovers [calmmind, earthpower, moonlight, photongeyser] ttype=steel
INFO     Sampling battle 10
INFO     	      hydreigon     levitate  choicespecs [darkpulse, dracometeor, fireblast, uturn] ttype=fire
INFO     Sampling 4 unrevealed pokemon
INFO     	      amoonguss  regenerator  rockyhelmet [gigadrain, sludgebomb, spore, stompingtantrum] ttype=water
INFO     	     conkeldurr         guts     flameorb [closecombat, facade, knockoff, machpunch] ttype=normal
INFO     	         scizor   technician   choiceband [bulletpunch, closecombat, knockoff, uturn] ttype=steel
INFO     	typhlosionhisui        blaze heavydutyboots [calmmind, fireblast, shadowball, willowisp] ttype=fire
INFO     Sampling battle 11
INFO     	      hydreigon     levitate  choicespecs [darkpulse, dracometeor, fireblast, uturn] ttype=fire
INFO     Sampling 4 unrevealed pokemon
INFO     	          minun   voltabsorb      lifeorb [encore, grassknot, nastyplot, thunderbolt] ttype=electric
INFO     	       skuntank    aftermath    leftovers [gunkshot, knockoff, taunt, toxicspikes] ttype=poison
INFO     	         furret        frisk   choiceband [doubleedge, knockoff, trick, uturn] ttype=normal
INFO     	       vaporeon  waterabsorb    leftovers [flipturn, protect, scald, wish] ttype=ground
INFO     Sampling battle 12
INFO     	      hydreigon     levitate  choicespecs [darkpulse, dracometeor, fireblast, uturn] ttype=fire
INFO     Sampling 4 unrevealed pokemon
INFO     	zamazentacrowned dauntlessshield rustedshield [bodypress, heavyslam, irondefense, stoneedge] ttype=ghost
INFO     	        ambipom   technician   choiceband [doubleedge, knockoff, lowkick, tripleaxel] ttype=ice
INFO     	     typhlosion        blaze  choicespecs [eruption, fireblast, focusblast, scorchingsands] ttype=fire
INFO     	       meganium     overgrow    leftovers [earthquake, knockoff, petalblizzard, swordsdance] ttype=ground
INFO     Sampling battle 13
INFO     	      hydreigon     levitate  choicespecs [darkpulse, dracometeor, fireblast, flashcannon] ttype=steel
INFO     Sampling 4 unrevealed pokemon
INFO     	        noctowl   tintedlens heavydutyboots [defog, hurricane, hypervoice, roost] ttype=ground
INFO     	      regieleki   transistor       magnet [rapidspin, terablast, thunderbolt, voltswitch] ttype=ice
INFO     	        mesprit     levitate    leftovers [icebeam, knockoff, psychicnoise, stealthrock] ttype=dark
INFO     	     arceusfire    multitype   flameplate [calmmind, earthpower, judgment, recover] ttype=ground
INFO     Sampling battle 14
INFO     	      hydreigon     levitate  choicespecs [darkpulse, dracometeor, fireblast, uturn] ttype=fire
INFO     Sampling 4 unrevealed pokemon
INFO     	        sylveon     pixilate    leftovers [calmmind, hypervoice, protect, wish] ttype=steel
INFO     	  slowkinggalar  regenerator  assaultvest [futuresight, psychicnoise, sludgebomb, surf] ttype=dark
INFO     	      mismagius     levitate    leftovers [nastyplot, shadowball, substitute, terablast] ttype=fighting
INFO     	ursalunabloodmoon     mindseye    leftovers [bloodmoon, calmmind, moonlight, vacuumwave] ttype=ghost
INFO     Sampling battle 15
INFO     	      hydreigon     levitate  choicespecs [darkpulse, dracometeor, fireblast, uturn] ttype=dark
INFO     Sampling 4 unrevealed pokemon
INFO     	         gogoat    sapsipper    leftovers [bulkup, earthquake, hornleech, milkdrink] ttype=ground
INFO     	        palafin   zerotohero   choiceband [closecombat, flipturn, jetpunch, wavecrash] ttype=fighting
INFO     	       ribombee   shielddust heavydutyboots [bugbuzz, moonblast, quiverdance, terablast] ttype=ground
INFO     	        banette   cursedbody      lifeorb [gunkshot, poltergeist, shadowsneak, thunderwave] ttype=poison
INFO     Searching for a move using MCTS...
INFO     Sampling 16 battles at 500ms each
INFO     Iterations 5: 81000
INFO     Iterations 0: 74000
INFO     Iterations 2: 68000
INFO     Iterations 6: 77000
INFO     Iterations 3: 83000
INFO     Iterations 1: 84000
INFO     Iterations 4: 77000
INFO     Iterations 7: 74000
INFO     Iterations 8: 64000
INFO     Iterations 11: 63000
INFO     Iterations 9: 64000
INFO     Iterations 10: 66000
INFO     Iterations 12: 65000
INFO     Iterations 13: 68000
INFO     Iterations 14: 66000
INFO     Iterations 15: 67000
INFO     Policy 0: focusblast visited 88.09% avg_score=0.764 sample_chance_multiplier=0.062
INFO     Policy 1: focusblast visited 48.88% avg_score=0.729 sample_chance_multiplier=0.062
INFO     Policy 2: focusblast visited 83.59% avg_score=0.705 sample_chance_multiplier=0.062
INFO     Policy 3: nastyplot visited 66.85% avg_score=0.654 sample_chance_multiplier=0.062
INFO     Policy 4: focusblast visited 34.8% avg_score=0.688 sample_chance_multiplier=0.062
INFO     Policy 5: nastyplot visited 75.32% avg_score=0.716 sample_chance_multiplier=0.062
INFO     Policy 6: focusblast visited 67.1% avg_score=0.742 sample_chance_multiplier=0.062
INFO     Policy 7: focusblast visited 86.31% avg_score=0.734 sample_chance_multiplier=0.062
INFO     Policy 8: focusblast visited 35.75% avg_score=0.636 sample_chance_multiplier=0.062
INFO     Policy 9: focusblast visited 40.42% avg_score=0.673 sample_chance_multiplier=0.062
INFO     Policy 10: focusblast visited 79.63% avg_score=0.726 sample_chance_multiplier=0.062
INFO     Policy 11: focusblast visited 76.7% avg_score=0.687 sample_chance_multiplier=0.062
INFO     Policy 12: focusblast visited 78.68% avg_score=0.705 sample_chance_multiplier=0.062
INFO     Policy 13: nastyplot visited 63.84% avg_score=0.725 sample_chance_multiplier=0.062
INFO     Policy 14: nastyplot visited 75.11% avg_score=0.652 sample_chance_multiplier=0.062
INFO     Policy 15: focusblast visited 68.76% avg_score=0.726 sample_chance_multiplier=0.062
INFO     Considered Choices:
INFO     	52.718%: focusblast
INFO     Choice: focusblast
INFO     hydreigon already has the move darkpulse. Decrementing the PP by 1
INFO     hydreigon used a dark move, removing darkgem from possible items
INFO     Setting hydreigon's last used move: darkpulse
INFO     hydreigon used a damaging move - not guessing lifeorb anymore
INFO     hydreigon did 18.18% damage to grumpig with darkpulse
INFO     Setting grumpig's item to: leftovers
INFO     hydreigon has less than maxhp during upkeep, no longer guessing leftovers or blacksludge
INFO     
INFO     Turn: 9
INFO     Sampling battle 0
INFO     	      hydreigon     levitate  choicespecs [darkpulse, dracometeor, fireblast, uturn] ttype=fire
INFO     Sampling 4 unrevealed pokemon
INFO     	     hitmonchan     ironfist    leftovers [bulkup, drainpunch, knockoff, poisonjab] ttype=poison
INFO     	       inteleon      torrent  choicespecs [hydropump, icebeam, scald, uturn] ttype=water
INFO     	       ursaring         guts     eviolite [bodyslam, earthquake, rest, sleeptalk] ttype=ground
INFO     	      charizard        blaze heavydutyboots [earthquake, flamethrower, focusblast, hurricane] ttype=fire
INFO     Sampling battle 1
INFO     	      hydreigon     levitate  choicespecs [darkpulse, dracometeor, fireblast, uturn] ttype=fire
INFO     Sampling 4 unrevealed pokemon
INFO     	    stonjourner    powerspot      lifeorb [earthquake, heatcrash, stealthrock, stoneedge] ttype=ground
INFO     	          rotom     levitate  choicescarf [shadowball, thunderbolt, trick, voltswitch] ttype=ghost
INFO     	        leafeon  chlorophyll    leftovers [knockoff, leafblade, substitute, swordsdance] ttype=dark
INFO     	necrozmaduskmane   prismarmor weaknesspolicy [dragondance, earthquake, photongeyser, sunsteelstrike] ttype=water
INFO     Sampling battle 2
INFO     	      hydreigon     levitate  choicespecs [darkpulse, dracometeor, fireblast, flashcannon] ttype=fire
INFO     Sampling 4 unrevealed pokemon
INFO     	        flapple       hustle     widelens [dragondance, gravapple, outrage, terablast] ttype=fire
INFO     	      regigigas    slowstart    leftovers [bodyslam, knockoff, rest, sleeptalk] ttype=ghost
INFO     	       orthworm   eartheater    leftovers [bodypress, heavyslam, spikes, stealthrock] ttype=poison
INFO     	       magearna    soulheart    leftovers [aurasphere, flashcannon, fleurcannon, thunderwave] ttype=fighting
INFO     Sampling battle 3
INFO     	      hydreigon     levitate  choicespecs [darkpulse, dracometeor, fireblast, flashcannon] ttype=steel
INFO     Sampling 4 unrevealed pokemon
INFO     	      blastoise      torrent    whiteherb [earthquake, hydropump, icebeam, shellsmash] ttype=steel
INFO     	       landorus   sheerforce      lifeorb [earthpower, psychic, sludgewave, stealthrock] ttype=ground
INFO     	     chandelure    flashfire  choicescarf [energyball, fireblast, shadowball, trick] ttype=ghost
INFO     	      rhyperior    solidrock weaknesspolicy [earthquake, icepunch, rockpolish, stoneedge] ttype=ground
INFO     Sampling battle 4
INFO     	      hydreigon     levitate  choicespecs [darkpulse, dracometeor, fireblast, flashcannon] ttype=fire
INFO     Sampling 4 unrevealed pokemon
INFO     	           uxie     levitate    leftovers [encore, psychicnoise, stealthrock, thunderwave] ttype=dark
INFO     	      vespiquen     pressure heavydutyboots [hurricane, roost, toxicspikes, uturn] ttype=steel
INFO     	      rampardos   sheerforce  choicescarf [earthquake, firepunch, headsmash, rockslide] ttype=fire
INFO     	       hariyama     thickfat  assaultvest [closecombat, headlongrush, heavyslam, knockoff] ttype=steel
INFO     Sampling battle 5
INFO     	      hydreigon     levitate  choicespecs [darkpulse, dracometeor, fireblast, uturn] ttype=dark
INFO     Sampling 4 unrevealed pokemon
INFO     	          ditto     imposter  choicescarf [transform] ttype=steel
INFO     	         emboar     reckless    leftovers [bulkup, drainpunch, flareblitz, trailblaze] ttype=fighting
INFO     	      passimian      defiant    leftovers [bulkup, drainpunch, gunkshot, knockoff] ttype=poison
INFO     	      spiritomb  infiltrator    leftovers [foulplay, poltergeist, suckerpunch, willowisp] ttype=ghost
INFO     Sampling battle 6
INFO     	      hydreigon     levitate  choicespecs [darkpulse, dracometeor, fireblast, flashcannon] ttype=fire
INFO     Sampling 4 unrevealed pokemon
INFO     	     tentacruel   liquidooze  assaultvest [knockoff, rapidspin, sludgebomb, surf] ttype=grass
INFO     	       mudsdale      stamina    leftovers [earthquake, heavyslam, roar, stealthrock] ttype=steel
INFO     	          azelf     levitate      lifeorb [encore, fireblast, knockoff, psychic] ttype=fire
INFO     	  qwilfishhisui   intimidate     eviolite [crunch, gunkshot, taunt, toxicspikes] ttype=flying
INFO     Sampling battle 7
INFO     	      hydreigon     levitate  choicespecs [darkpulse, dracometeor, fireblast, uturn] ttype=dragon
INFO     Sampling 4 unrevealed pokemon
INFO     	    arceusgrass    multitype  meadowplate [calmmind, earthpower, icebeam, judgment] ttype=ground
INFO     	      zamazenta dauntlessshield    leftovers [bodypress, crunch, irondefense, ironhead] ttype=steel
INFO     	      piloswine     thickfat     eviolite [earthquake, iceshard, iciclecrash, stealthrock] ttype=poison
INFO     	     hitmonchan     ironfist    leftovers [drainpunch, knockoff, rapidspin, taunt] ttype=steel
INFO     Sampling battle 8
INFO     	      hydreigon     levitate  choicespecs [darkpulse, dracometeor, fireblast, uturn] ttype=dark
INFO     Sampling 4 unrevealed pokemon
INFO     	        umbreon  synchronize    leftovers [foulplay, protect, toxic, wish] ttype=poison
INFO     	         lunala shadowshield    leftovers [calmmind, moonblast, moongeistbeam, moonlight] ttype=fairy
INFO     	     arceusfire    multitype   flameplate [calmmind, earthpower, judgment, recover] ttype=ground
INFO     	       regirock    clearbody    leftovers [bodypress, irondefense, stoneedge, thunderwave] ttype=fighting
INFO     Sampling battle 9
INFO     	      hydreigon     levitate  choicespecs [darkpulse, dracometeor, fireblast, uturn] ttype=dark
INFO     Sampling 4 unrevealed pokemon
INFO     	         zapdos       static heavydutyboots [discharge, heatwave, hurricane, roost] ttype=steel
INFO     	       skarmory       sturdy    leftovers [bodypress, bravebird, irondefense, roost] ttype=fighting
INFO     	      sudowoodo     rockhead    leftovers [earthquake, headsmash, stealthrock, woodhammer] ttype=grass
INFO     	       orthworm   eartheater  chestoberry [bodypress, coil, irontail, rest] ttype=fighting
INFO     Sampling battle 10
INFO     	      hydreigon     levitate  choicespecs [darkpulse, dracometeor, fireblast, flashcannon] ttype=steel
INFO     Sampling 4 unrevealed pokemon
INFO     	        manaphy    hydration    leftovers [energyball, hydropump, icebeam, tailglow] ttype=water
INFO     	     typhlosion        blaze  choicespecs [eruption, fireblast, focusblast, scorchingsands] ttype=fire
INFO     	    ironboulder   quarkdrive      lifeorb [closecombat, mightycleave, swordsdance, zenheadbutt] ttype=fighting
INFO     	       ironmoth   quarkdrive heavydutyboots [fireblast, morningsun, sludgewave, toxicspikes] ttype=fire
INFO     Sampling battle 11
INFO     	      hydreigon     levitate  choicespecs [darkpulse, dracometeor, fireblast, flashcannon] ttype=steel
INFO     Sampling 4 unrevealed pokemon
INFO     	   hoopaunbound     magician   choiceband [gunkshot, hyperspacefury, trick, zenheadbutt] ttype=dark
INFO     	        chansey  naturalcure     eviolite [healbell, seismictoss, softboiled, thunderwave] ttype=poison
INFO     	       arcanine   intimidate heavydutyboots [closecombat, flareblitz, morningsun, roar] ttype=fighting
INFO     	     tentacruel   liquidooze    leftovers [flipturn, sludgebomb, surf, toxic] ttype=flying
INFO     Sampling battle 12
INFO     	      hydreigon     levitate  choicespecs [darkpulse, dracometeor, fireblast, uturn] ttype=dragon
INFO     Sampling 4 unrevealed pokemon
INFO     	      poliwrath  waterabsorb  assaultvest [circlethrow, closecombat, knockoff, liquidation] ttype=steel
INFO     	       medicham    purepower  choicescarf [closecombat, poisonjab, trick, zenheadbutt] ttype=fighting
INFO     	     forretress       sturdy    leftovers [ironhead, rapidspin, spikes, thunderwave] ttype=water
INFO     	       pelipper      drizzle heavydutyboots [hurricane, knockoff, roost, surf] ttype=water
INFO     Sampling battle 13
INFO     	      hydreigon     levitate  choicespecs [darkpulse, dracometeor, fireblast, uturn] ttype=dragon
INFO     Sampling 4 unrevealed pokemon
INFO     	      passimian      defiant    leftovers [bulkup, drainpunch, gunkshot, knockoff] ttype=poison
INFO     	         zarude    leafguard   choiceband [closecombat, knockoff, powerwhip, uturn] ttype=grass
INFO     	  articunogalar  competitive heavydutyboots [calmmind, freezingglare, hurricane, recover] ttype=steel
INFO     	    polteageist   cursedbody    whiteherb [shadowball, shellsmash, storedpower, terablast] ttype=fighting
INFO     Sampling battle 14
INFO     	      hydreigon     levitate  choicespecs [darkpulse, dracometeor, fireblast, uturn] ttype=fire
INFO     Sampling 4 unrevealed pokemon
INFO     	      araquanid  waterbubble heavydutyboots [hydropump, leechlife, liquidation, stickyweb] ttype=water
INFO     	      sinistcha    heatproof    leftovers [calmmind, matchagotcha, shadowball, strengthsap] ttype=steel
INFO     	        cetitan     thickfat  sitrusberry [bellydrum, earthquake, iceshard, icespinner] ttype=ice
INFO     	       cacturne  waterabsorb      lifeorb [knockoff, seedbomb, suckerpunch, swordsdance] ttype=poison
INFO     Sampling battle 15
INFO     	      hydreigon     levitate  choicespecs [darkpulse, dracometeor, fireblast, flashcannon] ttype=fire
INFO     Sampling 4 unrevealed pokemon
INFO     	       mienshao  regenerator      lifeorb [closecombat, knockoff, swordsdance, tripleaxel] ttype=fighting
INFO     	 keldeoresolute    justified    leftovers [calmmind, hydropump, secretsword, substitute] ttype=steel
INFO     	       venomoth   tintedlens heavydutyboots [bugbuzz, quiverdance, sleeppowder, sludgewave] ttype=steel
INFO     	      coalossal    flamebody heavydutyboots [overheat, rapidspin, stoneedge, willowisp] ttype=water
INFO     Searching for a move using MCTS...
INFO     Sampling 16 battles at 500ms each
INFO     Iterations 4: 70000
INFO     Iterations 1: 79000
INFO     Iterations 7: 73000
INFO     Iterations 3: 72000
INFO     Iterations 5: 80000
INFO     Iterations 0: 75000
INFO     Iterations 2: 76000
INFO     Iterations 6: 68000
INFO     Iterations 8: 65000
INFO     Iterations 10: 62000
INFO     Iterations 11: 62000
INFO     Iterations 9: 65000
INFO     Iterations 12: 61000
INFO     Iterations 13: 66000
INFO     Iterations 14: 70000
INFO     Iterations 15: 65000
INFO     Policy 0: nastyplot visited 49.85% avg_score=0.703 sample_chance_multiplier=0.062
INFO     Policy 1: focusblast visited 67.0% avg_score=0.728 sample_chance_multiplier=0.062
INFO     Policy 2: focusblast visited 92.66% avg_score=0.778 sample_chance_multiplier=0.062
INFO     Policy 3: nastyplot visited 75.48% avg_score=0.746 sample_chance_multiplier=0.062
INFO     Policy 4: shadowball visited 56.74% avg_score=0.656 sample_chance_multiplier=0.062
INFO     Policy 5: nastyplot visited 75.37% avg_score=0.704 sample_chance_multiplier=0.062
INFO     Policy 6: shadowball visited 56.07% avg_score=0.667 sample_chance_multiplier=0.062
INFO     Policy 7: focusblast visited 90.96% avg_score=0.766 sample_chance_multiplier=0.062
INFO     Policy 8: nastyplot visited 51.25% avg_score=0.704 sample_chance_multiplier=0.062
INFO     Policy 9: shadowball visited 40.33% avg_score=0.703 sample_chance_multiplier=0.062
INFO     Policy 10: shadowball visited 51.23% avg_score=0.664 sample_chance_multiplier=0.062
INFO     Policy 11: nastyplot visited 79.12% avg_score=0.683 sample_chance_multiplier=0.062
INFO     Policy 12: shadowball visited 58.47% avg_score=0.663 sample_chance_multiplier=0.062
INFO     Policy 13: shadowball visited 56.9% avg_score=0.538 sample_chance_multiplier=0.062
INFO     Policy 14: nastyplot visited 69.5% avg_score=0.701 sample_chance_multiplier=0.062
INFO     Policy 15: psychic visited 34.2% avg_score=0.678 sample_chance_multiplier=0.062
INFO     Considered Choices:
INFO     	34.166%: nastyplot
INFO     	30.246%: focusblast
INFO     	26.782%: shadowball
INFO     Choice: focusblast
INFO     grumpig already has the move focusblast. Decrementing the PP by 1
INFO     grumpig used a fighting move, removing fightinggem from possible items
INFO     Setting grumpig's last used move: focusblast
INFO     grumpig used a damaging move - not guessing lifeorb anymore
INFO     grumpig did 39.0% damage to hydreigon with focusblast
INFO     Setting grumpig's item to: leftovers
INFO     hydreigon has less than maxhp during upkeep, no longer guessing leftovers or blacksludge
INFO     Opponent has switched - clearing the last used move
INFO     volbeat switched in, adding intimidate to impossible abilities
INFO     volbeat switched in, adding pressure to impossible abilities
INFO     volbeat switched in, adding neutralizinggas to impossible abilities
INFO     volbeat switched in, adding sandstream to impossible abilities
INFO     volbeat switched in, adding drought to impossible abilities
INFO     volbeat switched in, adding drizzle to impossible abilities
INFO     volbeat switched in, adding snowwarning to impossible abilities
INFO     volbeat switched in, adding boosterenergy to impossible items
INFO     volbeat switched in, adding airballoon to impossible items
INFO     
INFO     Turn: 10
INFO     Sampling battle 0
INFO     	        volbeat    prankster heavydutyboots [encore, lunge, roost, thunderwave] ttype=water
INFO     Sampling 3 unrevealed pokemon
INFO     	       cacturne  waterabsorb      lifeorb [knockoff, seedbomb, suckerpunch, swordsdance] ttype=dark
INFO     	        persian       limber   choiceband [doubleedge, knockoff, switcheroo, uturn] ttype=normal
INFO     	       arcanine   intimidate heavydutyboots [closecombat, flareblitz, morningsun, willowisp] ttype=fighting
INFO     Sampling battle 1
INFO     	        volbeat    prankster heavydutyboots [encore, lunge, roost, thunderwave] ttype=water
INFO     Sampling 3 unrevealed pokemon
INFO     	        glaceon      icebody heavydutyboots [calmmind, freezedry, protect, wish] ttype=water
INFO     	       leavanny  chlorophyll   loadeddice [bulletseed, knockoff, stickyweb, tripleaxel] ttype=ghost
INFO     	 arceusfighting    multitype    fistplate [bodypress, cosmicpower, recover, storedpower] ttype=steel
INFO     Sampling battle 2
INFO     	        volbeat    prankster heavydutyboots [encore, roost, thunderwave, uturn] ttype=steel
INFO     Sampling 3 unrevealed pokemon
INFO     	       delibird       hustle heavydutyboots [bravebird, drillrun, iceshard, icespinner] ttype=flying
INFO     	taurospaldeacombat   intimidate   choiceband [closecombat, ironhead, stoneedge, throatchop] ttype=fighting
INFO     	       rotomfan     levitate heavydutyboots [airslash, nastyplot, thunderbolt, thunderwave] ttype=electric
INFO     Sampling battle 3
INFO     	        volbeat    prankster heavydutyboots [encore, roost, thunderwave, uturn] ttype=steel
INFO     Sampling 3 unrevealed pokemon
INFO     	       inteleon      torrent  choicespecs [hydropump, icebeam, scald, uturn] ttype=water
INFO     	      bellibolt electromorphosis    leftovers [muddywater, slackoff, thunderbolt, voltswitch] ttype=electric
INFO     	       chienpao  swordofruin   choiceband [iceshard, iciclecrash, sacredsword, throatchop] ttype=fighting
INFO     Sampling battle 4
INFO     	        volbeat    prankster heavydutyboots [encore, roost, thunderwave, uturn] ttype=steel
INFO     Sampling 3 unrevealed pokemon
INFO     	necrozmadawnwings   prismarmor      lifeorb [brickbreak, dragondance, moongeistbeam, photongeyser] ttype=fighting
INFO     	        dewgong     thickfat heavydutyboots [encore, knockoff, surf, tripleaxel] ttype=dragon
INFO     	       salazzle    corrosion    leftovers [flamethrower, protect, substitute, toxic] ttype=grass
INFO     Sampling battle 5
INFO     	        volbeat    prankster heavydutyboots [encore, roost, thunderwave, uturn] ttype=steel
INFO     Sampling 3 unrevealed pokemon
INFO     	       appletun     thickfat    leftovers [appleacid, dracometeor, dragontail, recover] ttype=steel
INFO     	      volcanion  waterabsorb heavydutyboots [flamethrower, haze, sludgebomb, steameruption] ttype=fire
INFO     	      magnezone     analytic  assaultvest [discharge, flashcannon, mirrorcoat, voltswitch] ttype=flying
INFO     Sampling battle 6
INFO     	        volbeat    prankster heavydutyboots [encore, roost, thunderwave, uturn] ttype=steel
INFO     Sampling 3 unrevealed pokemon
INFO     	       lumineon   stormdrain heavydutyboots [encore, hydropump, icebeam, uturn] ttype=steel
INFO     	        noivern  infiltrator heavydutyboots [defog, dracometeor, flamethrower, hurricane] ttype=fire
INFO     	       delibird     insomnia heavydutyboots [bravebird, freezedry, rapidspin, spikes] ttype=ghost
INFO     Sampling battle 7
INFO     	        volbeat    prankster heavydutyboots [encore, roost, thunderwave, uturn] ttype=water
INFO     Sampling 3 unrevealed pokemon
INFO     	      dunsparce  serenegrace     eviolite [bodyslam, coil, earthquake, roost] ttype=ground
INFO     	      arceusice    multitype  icicleplate [calmmind, judgment, recover, thunderbolt] ttype=electric
INFO     	        jolteon   voltabsorb      lifeorb [alluringvoice, calmmind, shadowball, thunderbolt] ttype=fairy
INFO     Sampling battle 8
INFO     	        volbeat    prankster heavydutyboots [encore, roost, thunderwave, uturn] ttype=water
INFO     Sampling 3 unrevealed pokemon
INFO     	   arceusdragon    multitype   dracoplate [dragondance, flareblitz, heavyslam, outrage] ttype=fire
INFO     	     galvantula compoundeyes heavydutyboots [bugbuzz, stickyweb, thunder, voltswitch] ttype=electric
INFO     	  deoxysdefense     pressure  rockyhelmet [psychicnoise, recover, stealthrock, teleport] ttype=fairy
INFO     Sampling battle 9
INFO     	        volbeat    prankster heavydutyboots [encore, roost, thunderwave, uturn] ttype=steel
INFO     Sampling 3 unrevealed pokemon
INFO     	         deoxys     pressure      lifeorb [icebeam, knockoff, psychoboost, superpower] ttype=fighting
INFO     	      terrakion    justified      lifeorb [closecombat, earthquake, stoneedge, swordsdance] ttype=fighting
INFO     	      gastrodon   stormdrain    leftovers [earthquake, recover, sludgebomb, surf] ttype=poison
INFO     Sampling battle 10
INFO     	        volbeat    prankster heavydutyboots [encore, roost, thunderwave, uturn] ttype=steel
INFO     Sampling 3 unrevealed pokemon
INFO     	   lycanrocdusk   toughclaws   choiceband [accelerock, closecombat, stoneedge, throatchop] ttype=fighting
INFO     	       leavanny  chlorophyll   loadeddice [bulletseed, knockoff, stickyweb, tripleaxel] ttype=rock
INFO     	       dusknoir        frisk   choiceband [earthquake, poltergeist, shadowsneak, trick] ttype=ghost
INFO     Sampling battle 11
INFO     	        volbeat    prankster heavydutyboots [encore, roost, thunderwave, uturn] ttype=steel
INFO     Sampling 3 unrevealed pokemon
INFO     	      araquanid  waterbubble heavydutyboots [hydropump, leechlife, liquidation, stickyweb] ttype=water
INFO     	          hypno     insomnia    leftovers [encore, knockoff, psychicnoise, toxic] ttype=fairy
INFO     	     shayminsky  serenegrace    leftovers [airslash, leechseed, seedflare, substitute] ttype=steel
INFO     Sampling battle 12
INFO     	        volbeat    prankster heavydutyboots [encore, roost, thunderwave, uturn] ttype=water
INFO     Sampling 3 unrevealed pokemon
INFO     	         klefki    prankster    leftovers [magnetrise, playrough, spikes, thunderwave] ttype=water
INFO     	       pelipper      drizzle heavydutyboots [hurricane, roost, surf, uturn] ttype=water
INFO     	   deoxysattack     pressure      lifeorb [icebeam, knockoff, psychoboost, superpower] ttype=psychic
INFO     Sampling battle 13
INFO     	        volbeat    prankster heavydutyboots [encore, lunge, roost, thunderwave] ttype=steel
INFO     Sampling 3 unrevealed pokemon
INFO     	    corviknight  mirrorarmor  rockyhelmet [bodypress, bravebird, roost, uturn] ttype=dragon
INFO     	   lycanrocdusk   toughclaws   choiceband [accelerock, closecombat, stoneedge, throatchop] ttype=fighting
INFO     	  braviaryhisui   sheerforce      lifeorb [agility, heatwave, hurricane, psychic] ttype=psychic
INFO     Sampling battle 14
INFO     	        volbeat    prankster heavydutyboots [encore, lunge, roost, thunderwave] ttype=water
INFO     Sampling 3 unrevealed pokemon
INFO     	      revavroom       filter      lifeorb [gunkshot, highhorsepower, ironhead, shiftgear] ttype=ground
INFO     	   brambleghast    windrider    leftovers [leechseed, poltergeist, powerwhip, substitute] ttype=fairy
INFO     	      araquanid  waterbubble heavydutyboots [hydropump, leechlife, liquidation, stickyweb] ttype=ground
INFO     Sampling battle 15
INFO     	        volbeat    prankster heavydutyboots [encore, lunge, roost, thunderwave] ttype=steel
INFO     Sampling 3 unrevealed pokemon
INFO     	    corviknight     pressure  rockyhelmet [bravebird, defog, roost, uturn] ttype=dragon
INFO     	        florges   flowerveil    leftovers [calmmind, moonblast, protect, wish] ttype=steel
INFO     	        calyrex      unnerve    leftovers [calmmind, gigadrain, leechseed, psyshock] ttype=steel
INFO     Sampling battle 16
INFO     	        volbeat    prankster heavydutyboots [encore, roost, thunderwave, uturn] ttype=steel
INFO     Sampling 3 unrevealed pokemon
INFO     	       froslass   cursedbody     widelens [destinybond, poltergeist, taunt, tripleaxel] ttype=ice
INFO     	      armarouge    weakarmor    powerherb [armorcannon, energyball, meteorbeam, psyshock] ttype=grass
INFO     	        wugtrio        gooey   choiceband [aquajet, liquidation, stompingtantrum, throatchop] ttype=dark
INFO     Sampling battle 17
INFO     	        volbeat    prankster heavydutyboots [encore, lunge, roost, thunderwave] ttype=steel
INFO     Sampling 3 unrevealed pokemon
INFO     	       vivillon compoundeyes heavydutyboots [hurricane, quiverdance, sleeppowder, terablast] ttype=ground
INFO     	      salamence        moxie heavydutyboots [dragondance, dualwingbeat, outrage, roost] ttype=steel
INFO     	       dusknoir        frisk      lifeorb [leechlife, painsplit, poltergeist, shadowsneak] ttype=ghost
INFO     Sampling battle 18
INFO     	        volbeat    prankster heavydutyboots [encore, lunge, roost, thunderwave] ttype=water
INFO     Sampling 3 unrevealed pokemon
INFO     	    dudunsparce      rattled    leftovers [boomburst, earthquake, roost, toxic] ttype=ground
INFO     	ogerponcornerstone       sturdy cornerstonemask [ivycudgel, powerwhip, spikes, synthesis] ttype=rock
INFO     	       politoed      drizzle    leftovers [haze, hydropump, hypnosis, icebeam] ttype=steel
INFO     Sampling battle 19
INFO     	        volbeat    prankster heavydutyboots [encore, roost, thunderwave, uturn] ttype=water
INFO     Sampling 3 unrevealed pokemon
INFO     	        gurdurr         guts     eviolite [bulkup, drainpunch, knockoff, machpunch] ttype=steel
INFO     	       rotommow     levitate    leftovers [leafstorm, nastyplot, thunderbolt, willowisp] ttype=electric
INFO     	      spectrier    grimneigh      lifeorb [darkpulse, drainingkiss, nastyplot, shadowball] ttype=dark
INFO     Sampling battle 20
INFO     	        volbeat    prankster heavydutyboots [encore, lunge, roost, thunderwave] ttype=steel
INFO     Sampling 3 unrevealed pokemon
INFO     	       rayquaza      airlock heavydutyboots [dragonascent, dragondance, earthquake, outrage] ttype=steel
INFO     	      rhyperior    solidrock weaknesspolicy [earthquake, megahorn, rockpolish, stoneedge] ttype=bug
INFO     	        wugtrio        gooey   choiceband [aquajet, liquidation, stompingtantrum, throatchop] ttype=water
INFO     Sampling battle 21
INFO     	        volbeat    prankster heavydutyboots [encore, roost, thunderwave, uturn] ttype=steel
INFO     Sampling 3 unrevealed pokemon
INFO     	     galvantula compoundeyes heavydutyboots [bugbuzz, stickyweb, thunder, voltswitch] ttype=electric
INFO     	       drifblim    aftermath heavydutyboots [airslash, defog, shadowball, strengthsap] ttype=dark
INFO     	        gliscor   poisonheal     toxicorb [earthquake, knockoff, protect, toxic] ttype=water
INFO     Sampling battle 22
INFO     	        volbeat    prankster heavydutyboots [encore, lunge, roost, thunderwave] ttype=steel
INFO     Sampling 3 unrevealed pokemon
INFO     	       delibird  vitalspirit heavydutyboots [bravebird, freezedry, rapidspin, spikes] ttype=ghost
INFO     	        donphan       sturdy    leftovers [earthquake, knockoff, rapidspin, stealthrock] ttype=steel
INFO     	       ribombee   shielddust heavydutyboots [bugbuzz, moonblast, quiverdance, terablast] ttype=ground
INFO     Sampling battle 23
INFO     	        volbeat    prankster heavydutyboots [encore, roost, thunderwave, uturn] ttype=steel
INFO     Sampling 3 unrevealed pokemon
INFO     	         komala     comatose  assaultvest [bodyslam, knockoff, rapidspin, uturn] ttype=ghost
INFO     	         latios     levitate  choicespecs [aurasphere, dracometeor, flipturn, lusterpurge] ttype=psychic
INFO     	     misdreavus     levitate     eviolite [calmmind, drainingkiss, shadowball, willowisp] ttype=fairy
INFO     Sampling battle 24
INFO     	        volbeat    prankster heavydutyboots [encore, lunge, roost, thunderwave] ttype=water
INFO     Sampling 3 unrevealed pokemon
INFO     	         arceus    multitype      lifeorb [earthquake, extremespeed, recover, swordsdance] ttype=normal
INFO     	enamorustherian     overcoat  choicespecs [earthpower, moonblast, mysticalfire, psychic] ttype=ground
INFO     	          azelf     levitate      lifeorb [dazzlinggleam, fireblast, nastyplot, psychic] ttype=psychic
INFO     Sampling battle 25
INFO     	        volbeat    prankster heavydutyboots [encore, roost, thunderwave, uturn] ttype=water
INFO     Sampling 3 unrevealed pokemon
INFO     	  zaciancrowned intrepidsword  rustedsword [behemothblade, closecombat, playrough, swordsdance] ttype=fighting
INFO     	      hatterene  magicbounce  assaultvest [drainingkiss, mysticalfire, nuzzle, psychicnoise] ttype=fairy
INFO     	        banette   cursedbody      lifeorb [gunkshot, poltergeist, shadowsneak, swordsdance] ttype=ghost
INFO     Sampling battle 26
INFO     	        volbeat    prankster heavydutyboots [encore, roost, thunderwave, uturn] ttype=steel
INFO     Sampling 3 unrevealed pokemon
INFO     	      pecharunt poisonpuppeteer    leftovers [malignantchain, nastyplot, recover, shadowball] ttype=dark
INFO     	   greninjabond   battlebond      lifeorb [darkpulse, gunkshot, hydropump, icebeam] ttype=water
INFO     	        okidogi   toxicchain  assaultvest [drainpunch, gunkshot, highhorsepower, knockoff] ttype=dark
INFO     Sampling battle 27
INFO     	        volbeat    prankster heavydutyboots [encore, roost, thunderwave, uturn] ttype=water
INFO     Sampling 3 unrevealed pokemon
INFO     	        flapple       hustle   choiceband [gravapple, outrage, suckerpunch, uturn] ttype=steel
INFO     	    kilowattrel   voltabsorb heavydutyboots [hurricane, roost, thunderbolt, uturn] ttype=steel
INFO     	      registeel    clearbody    leftovers [bodypress, irondefense, ironhead, thunderwave] ttype=fighting
INFO     Sampling battle 28
INFO     	        volbeat    prankster heavydutyboots [encore, lunge, roost, thunderwave] ttype=steel
INFO     Sampling 3 unrevealed pokemon
INFO     	  articunogalar  competitive heavydutyboots [calmmind, freezingglare, hurricane, recover] ttype=steel
INFO     	     annihilape      defiant  chestoberry [bulkup, drainpunch, ragefist, rest] ttype=ghost
INFO     	       porygon2     download     eviolite [discharge, icebeam, recover, triattack] ttype=poison
INFO     Sampling battle 29
INFO     	        volbeat    prankster heavydutyboots [encore, lunge, roost, thunderwave] ttype=water
INFO     Sampling 3 unrevealed pokemon
INFO     	   hoopaunbound     magician   choiceband [drainpunch, gunkshot, hyperspacefury, zenheadbutt] ttype=fighting
INFO     	        gurdurr         guts     eviolite [bulkup, drainpunch, knockoff, machpunch] ttype=steel
INFO     	         swalot   liquidooze    leftovers [earthquake, gunkshot, knockoff, swordsdance] ttype=ground
INFO     Sampling battle 30
INFO     	        volbeat    prankster heavydutyboots [encore, roost, thunderwave, uturn] ttype=steel
INFO     Sampling 3 unrevealed pokemon
INFO     	       vikavolt     levitate heavydutyboots [bugbuzz, discharge, stickyweb, voltswitch] ttype=electric
INFO     	      staraptor     reckless  choicescarf [bravebird, closecombat, doubleedge, uturn] ttype=fighting
INFO     	        florges   flowerveil    leftovers [calmmind, moonblast, protect, wish] ttype=steel
INFO     Sampling battle 31
INFO     	        volbeat    prankster heavydutyboots [encore, roost, thunderwave, uturn] ttype=water
INFO     Sampling 3 unrevealed pokemon
INFO     	     victreebel  chlorophyll      lifeorb [knockoff, powerwhip, sludgewave, strengthsap] ttype=steel
INFO     	        toxapex  regenerator  rockyhelmet [haze, liquidation, recover, toxic] ttype=fairy
INFO     	   brambleghast    windrider    leftovers [leechseed, poltergeist, powerwhip, substitute] ttype=water
INFO     Searching for a move using MCTS...
INFO     Sampling 32 battles at 250ms each
INFO     Iterations 5: 36000
INFO     Iterations 6: 44000
INFO     Iterations 3: 39000
INFO     Iterations 0: 43000
INFO     Iterations 2: 40000
INFO     Iterations 4: 47000
INFO     Iterations 1: 45000
INFO     Iterations 7: 46000
INFO     Iterations 8: 33000
INFO     Iterations 10: 36000
INFO     Iterations 9: 33000
INFO     Iterations 11: 31000
INFO     Iterations 15: 32000
INFO     Iterations 12: 33000
INFO     Iterations 14: 36000
INFO     Iterations 13: 36000
INFO     Iterations 16: 33000
INFO     Iterations 19: 32000
INFO     Iterations 18: 35000
INFO     Iterations 17: 32000
INFO     Iterations 22: 31000
INFO     Iterations 20: 35000
INFO     Iterations 23: 33000
INFO     Iterations 21: 32000
INFO     Iterations 24: 34000
INFO     Iterations 27: 33000
INFO     Iterations 28: 35000
INFO     Iterations 25: 36000
INFO     Iterations 26: 30000
INFO     Iterations 29: 33000
INFO     Iterations 30: 34000
INFO     Iterations 31: 35000
INFO     Policy 0: psychic visited 77.0% avg_score=0.7 sample_chance_multiplier=0.031
INFO     Policy 1: psychic visited 80.03% avg_score=0.689 sample_chance_multiplier=0.031
INFO     Policy 2: psychic visited 83.76% avg_score=0.71 sample_chance_multiplier=0.031
INFO     Policy 3: focusblast visited 43.15% avg_score=0.69 sample_chance_multiplier=0.031
INFO     Policy 4: shadowball visited 29.07% avg_score=0.594 sample_chance_multiplier=0.031
INFO     Policy 5: psychic visited 47.34% avg_score=0.695 sample_chance_multiplier=0.031
INFO     Policy 6: psychic visited 85.63% avg_score=0.735 sample_chance_multiplier=0.031
INFO     Policy 7: psychic visited 83.0% avg_score=0.737 sample_chance_multiplier=0.031
INFO     Policy 8: psychic visited 72.48% avg_score=0.697 sample_chance_multiplier=0.031
INFO     Policy 9: psychic visited 61.58% avg_score=0.715 sample_chance_multiplier=0.031
INFO     Policy 10: psychic visited 49.43% avg_score=0.639 sample_chance_multiplier=0.031
INFO     Policy 11: shadowball visited 42.5% avg_score=0.651 sample_chance_multiplier=0.031
INFO     Policy 12: psychic visited 75.33% avg_score=0.726 sample_chance_multiplier=0.031
INFO     Policy 13: psychic visited 34.87% avg_score=0.609 sample_chance_multiplier=0.031
INFO     Policy 14: psychic visited 46.56% avg_score=0.629 sample_chance_multiplier=0.031
INFO     Policy 15: psychic visited 41.74% avg_score=0.627 sample_chance_multiplier=0.031
INFO     Policy 16: psychic visited 61.98% avg_score=0.693 sample_chance_multiplier=0.031
INFO     Policy 17: psychic visited 62.88% avg_score=0.651 sample_chance_multiplier=0.031
INFO     Policy 18: psychic visited 83.17% avg_score=0.707 sample_chance_multiplier=0.031
INFO     Policy 19: psychic visited 75.62% avg_score=0.698 sample_chance_multiplier=0.031
INFO     Policy 20: psychic visited 74.12% avg_score=0.687 sample_chance_multiplier=0.031
INFO     Policy 21: psychic visited 75.23% avg_score=0.68 sample_chance_multiplier=0.031
INFO     Policy 22: psychic visited 72.52% avg_score=0.679 sample_chance_multiplier=0.031
INFO     Policy 23: shadowball visited 62.98% avg_score=0.497 sample_chance_multiplier=0.031
INFO     Policy 24: psychic visited 35.02% avg_score=0.61 sample_chance_multiplier=0.031
INFO     Policy 25: shadowball visited 55.99% avg_score=0.548 sample_chance_multiplier=0.031
INFO     Policy 26: psychic visited 50.73% avg_score=0.648 sample_chance_multiplier=0.031
INFO     Policy 27: psychic visited 59.7% avg_score=0.707 sample_chance_multiplier=0.031
INFO     Policy 28: shadowball visited 49.43% avg_score=0.624 sample_chance_multiplier=0.031
INFO     Policy 29: focusblast visited 47.72% avg_score=0.647 sample_chance_multiplier=0.031
INFO     Policy 30: psychic visited 75.53% avg_score=0.651 sample_chance_multiplier=0.031
INFO     Policy 31: psychic visited 49.28% avg_score=0.631 sample_chance_multiplier=0.031
INFO     Considered Choices:
INFO     	55.443%: psychic
INFO     Choice: psychic
INFO     volbeat used a status-move. Adding `assaultvest` to impossible items
INFO     Setting volbeat's last used move: encore
INFO     Starting the volatile status encore on grumpig
INFO     Incrementing encore duration for grumpig to 1
INFO     grumpig already has the move focusblast. Decrementing the PP by 1
INFO     grumpig used a fighting move, removing fightinggem from possible items
INFO     Setting grumpig's last used move: focusblast
INFO     grumpig used a damaging move - not guessing lifeorb anymore
INFO     Setting grumpig's item to: leftovers
INFO     
INFO     Turn: 11
INFO     Sampling battle 0
INFO     	        volbeat    prankster heavydutyboots [encore, roost, thunderwave, uturn] ttype=steel
INFO     Sampling 3 unrevealed pokemon
INFO     	      mismagius     levitate    leftovers [nastyplot, shadowball, substitute, thunderbolt] ttype=electric
INFO     	       drifblim     unburden  sitrusberry [airslash, calmmind, shadowball, strengthsap] ttype=steel
INFO     	        groudon      drought    leftovers [heatcrash, precipiceblades, stoneedge, thunderwave] ttype=fire
INFO     Sampling battle 1
INFO     	        volbeat    prankster heavydutyboots [encore, lunge, roost, thunderwave] ttype=water
INFO     Sampling 3 unrevealed pokemon
INFO     	taurospaldeablaze   intimidate   choiceband [closecombat, flareblitz, stoneedge, wildcharge] ttype=fighting
INFO     	      thundurus      defiant heavydutyboots [focusblast, nastyplot, terablast, thunderbolt] ttype=flying
INFO     	   hoopaunbound     magician  assaultvest [focusblast, gunkshot, hyperspacefury, psychic] ttype=poison
INFO     Sampling battle 2
INFO     	        volbeat    prankster heavydutyboots [encore, lunge, roost, thunderwave] ttype=water
INFO     Sampling 3 unrevealed pokemon
INFO     	        moltres    flamebody heavydutyboots [bravebird, fireblast, roost, scorchingsands] ttype=ground
INFO     	        ogerpon      defiant      lifeorb [ivycudgel, knockoff, superpower, swordsdance] ttype=grass
INFO     	         lunala shadowshield    leftovers [calmmind, moongeistbeam, moonlight, psyshock] ttype=fairy
INFO     Sampling battle 3
INFO     	        volbeat    prankster heavydutyboots [encore, roost, thunderwave, uturn] ttype=water
INFO     Sampling 3 unrevealed pokemon
INFO     	      lilligant  chlorophyll      lifeorb [gigadrain, quiverdance, sleeppowder, terablast] ttype=rock
INFO     	      bellibolt electromorphosis    leftovers [muddywater, slackoff, thunderbolt, toxic] ttype=water
INFO     	     kricketune   technician    focussash [knockoff, pounce, stickyweb, taunt] ttype=ghost
INFO     Sampling battle 4
INFO     	        volbeat    prankster heavydutyboots [encore, lunge, roost, thunderwave] ttype=water
INFO     Sampling 3 unrevealed pokemon
INFO     	     annihilape      defiant    leftovers [bulkup, drainpunch, gunkshot, ragefist] ttype=water
INFO     	    corviknight     pressure    leftovers [bravebird, defog, roost, uturn] ttype=dragon
INFO     	       gumshoos     stakeout   choiceband [doubleedge, earthquake, knockoff, uturn] ttype=normal
INFO     Sampling battle 5
INFO     	        volbeat    prankster heavydutyboots [encore, lunge, roost, thunderwave] ttype=water
INFO     Sampling 3 unrevealed pokemon
INFO     	       greninja      protean      lifeorb [darkpulse, grassknot, gunkshot, hydropump] ttype=dark
INFO     	      registeel    clearbody    leftovers [bodypress, ironhead, stealthrock, thunderwave] ttype=fighting
INFO     	      staraptor     reckless   choiceband [bravebird, closecombat, doubleedge, uturn] ttype=fighting
INFO     Sampling battle 6
INFO     	        volbeat    prankster heavydutyboots [encore, lunge, roost, thunderwave] ttype=water
INFO     Sampling 3 unrevealed pokemon
INFO     	    barraskewda    swiftswim   choiceband [closecombat, flipturn, psychicfangs, waterfall] ttype=fighting
INFO     	necrozmaduskmane   prismarmor weaknesspolicy [dragondance, earthquake, morningsun, sunsteelstrike] ttype=steel
INFO     	     krookodile   intimidate    leftovers [bulkup, earthquake, gunkshot, knockoff] ttype=poison
INFO     Sampling battle 7
INFO     	        volbeat    prankster heavydutyboots [encore, roost, thunderwave, uturn] ttype=water
INFO     Sampling 3 unrevealed pokemon
INFO     	        haxorus  moldbreaker   loadeddice [earthquake, ironhead, scaleshot, swordsdance] ttype=steel
INFO     	ursalunabloodmoon     mindseye    leftovers [bloodmoon, calmmind, earthpower, moonlight] ttype=poison
INFO     	       camerupt    solidrock    leftovers [earthquake, overheat, roar, willowisp] ttype=grass
INFO     Sampling battle 8
INFO     	        volbeat    prankster heavydutyboots [encore, roost, thunderwave, uturn] ttype=steel
INFO     Sampling 3 unrevealed pokemon
INFO     	   arceusflying    multitype     skyplate [calmmind, earthpower, judgment, recover] ttype=steel
INFO     	        lucario    justified      lifeorb [closecombat, extremespeed, meteormash, swordsdance] ttype=normal
INFO     	        zoroark     illusion  choicespecs [darkpulse, psychic, sludgebomb, uturn] ttype=poison
INFO     Sampling battle 9
INFO     	        volbeat    prankster heavydutyboots [encore, roost, thunderwave, uturn] ttype=water
INFO     Sampling 3 unrevealed pokemon
INFO     	        gallade    sharpness      lifeorb [agility, nightslash, psychocut, sacredsword] ttype=fighting
INFO     	      piloswine     thickfat     eviolite [earthquake, iciclecrash, roar, stealthrock] ttype=dragon
INFO     	        sableye    prankster    leftovers [encore, knockoff, recover, thunderwave] ttype=steel
INFO     Sampling battle 10
INFO     	        volbeat    prankster heavydutyboots [encore, lunge, roost, thunderwave] ttype=water
INFO     Sampling 3 unrevealed pokemon
INFO     	      eternatus     pressure    leftovers [dynamaxcannon, flamethrower, recover, toxicspikes] ttype=dragon
INFO     	ogerponwellspring  waterabsorb wellspringmask [ivycudgel, playrough, powerwhip, swordsdance] ttype=water
INFO     	   arceuspoison    multitype   toxicplate [dragondance, earthquake, gunkshot, liquidation] ttype=ground
INFO     Sampling battle 11
INFO     	        volbeat    prankster heavydutyboots [encore, roost, thunderwave, uturn] ttype=steel
INFO     Sampling 3 unrevealed pokemon
INFO     	         pawmot   voltabsorb   leppaberry [closecombat, doubleshock, nuzzle, revivalblessing] ttype=electric
INFO     	     toedscruel myceliummight    leftovers [earthpower, gigadrain, rapidspin, toxic] ttype=water
INFO     	      poliwrath    swiftswim      lifeorb [closecombat, knockoff, liquidation, raindance] ttype=fighting
INFO     Sampling battle 12
INFO     	        volbeat    prankster heavydutyboots [encore, roost, thunderwave, uturn] ttype=steel
INFO     Sampling 3 unrevealed pokemon
INFO     	       leavanny        swarm heavydutyboots [knockoff, leafblade, lunge, stickyweb] ttype=rock
INFO     	       lycanroc     sandrush      lifeorb [accelerock, closecombat, stealthrock, stoneedge] ttype=fighting
INFO     	      sandslash     sandrush    leftovers [earthquake, knockoff, stoneedge, swordsdance] ttype=steel
INFO     Sampling battle 13
INFO     	        volbeat    prankster heavydutyboots [encore, lunge, roost, thunderwave] ttype=water
INFO     Sampling 3 unrevealed pokemon
INFO     	       porygonz adaptability      lifeorb [agility, nastyplot, shadowball, terablast] ttype=fighting
INFO     	     arceusdark    multitype   dreadplate [calmmind, judgment, recover, sludgebomb] ttype=poison
INFO     	     chesnaught  bulletproof    leftovers [bodypress, irondefense, synthesis, trailblaze] ttype=steel
INFO     Sampling battle 14
INFO     	        volbeat    prankster heavydutyboots [encore, lunge, roost, thunderwave] ttype=steel
INFO     Sampling 3 unrevealed pokemon
INFO     	       samurott      torrent      lifeorb [knockoff, liquidation, sacredsword, swordsdance] ttype=dark
INFO     	     masquerain   intimidate heavydutyboots [bugbuzz, hurricane, hydropump, quiverdance] ttype=water
INFO     	      meowsticf  competitive      lifeorb [alluringvoice, nastyplot, psychic, thunderbolt] ttype=electric
INFO     Sampling battle 15
INFO     	        volbeat    prankster heavydutyboots [encore, roost, thunderwave, uturn] ttype=steel
INFO     Sampling 3 unrevealed pokemon
INFO     	      salamence        moxie heavydutyboots [dragondance, dualwingbeat, outrage, roost] ttype=steel
INFO     	         golurk      noguard      lifeorb [dynamicpunch, earthquake, poltergeist, stealthrock] ttype=ghost
INFO     	       greedent   cheekpouch  sitrusberry [doubleedge, earthquake, knockoff, swordsdance] ttype=ghost
INFO     Searching for a move using MCTS...
INFO     Sampling 16 battles at 500ms each
INFO     Iterations 5: 79000
INFO     Iterations 1: 69000
INFO     Iterations 2: 82000
INFO     Iterations 3: 76000
INFO     Iterations 6: 75000
INFO     Iterations 4: 82000
INFO     Iterations 0: 79000
INFO     Iterations 7: 81000
INFO     Iterations 10: 67000
INFO     Iterations 8: 65000
INFO     Iterations 13: 72000
INFO     Iterations 12: 68000
INFO     Iterations 15: 67000
INFO     Iterations 14: 61000
INFO     Iterations 11: 64000
INFO     Iterations 9: 65000
INFO     Policy 0: switch palossand visited 43.3% avg_score=0.362 sample_chance_multiplier=0.062
INFO     Policy 1: focusblast visited 93.47% avg_score=0.53 sample_chance_multiplier=0.062
INFO     Policy 2: focusblast visited 28.15% avg_score=0.32 sample_chance_multiplier=0.062
INFO     Policy 3: focusblast visited 90.14% avg_score=0.408 sample_chance_multiplier=0.062
INFO     Policy 4: focusblast visited 55.34% avg_score=0.446 sample_chance_multiplier=0.062
INFO     Policy 5: focusblast visited 95.95% avg_score=0.563 sample_chance_multiplier=0.062
INFO     Policy 6: focusblast visited 96.37% avg_score=0.567 sample_chance_multiplier=0.062
INFO     Policy 7: focusblast visited 97.25% avg_score=0.611 sample_chance_multiplier=0.062
INFO     Policy 8: focusblast visited 92.52% avg_score=0.47 sample_chance_multiplier=0.062
INFO     Policy 9: focusblast visited 68.81% avg_score=0.418 sample_chance_multiplier=0.062
INFO     Policy 10: focusblast visited 91.9% avg_score=0.519 sample_chance_multiplier=0.062
INFO     Policy 11: focusblast visited 93.78% avg_score=0.58 sample_chance_multiplier=0.062
INFO     Policy 12: focusblast visited 93.92% avg_score=0.537 sample_chance_multiplier=0.062
INFO     Policy 13: focusblast visited 42.46% avg_score=0.399 sample_chance_multiplier=0.062
INFO     Policy 14: focusblast visited 52.25% avg_score=0.441 sample_chance_multiplier=0.062
INFO     Policy 15: focusblast visited 34.93% avg_score=0.325 sample_chance_multiplier=0.062
INFO     Considered Choices:
INFO     	71.857%: focusblast
INFO     Choice: focusblast
INFO     Opponent has switched - clearing the last used move
INFO     slowbrogalar switched in, adding intimidate to impossible abilities
INFO     slowbrogalar switched in, adding pressure to impossible abilities
INFO     slowbrogalar switched in, adding neutralizinggas to impossible abilities
INFO     slowbrogalar switched in, adding sandstream to impossible abilities
INFO     slowbrogalar switched in, adding drought to impossible abilities
INFO     slowbrogalar switched in, adding drizzle to impossible abilities
INFO     slowbrogalar switched in, adding snowwarning to impossible abilities
INFO     slowbrogalar switched in, adding boosterenergy to impossible items
INFO     slowbrogalar switched in, adding airballoon to impossible items
INFO     Incrementing encore duration for grumpig to 2
INFO     grumpig already has the move focusblast. Decrementing the PP by 1
INFO     grumpig used a fighting move, removing fightinggem from possible items
INFO     Setting grumpig's last used move: focusblast
INFO     grumpig used a damaging move - not guessing lifeorb anymore
INFO     grumpig did 16.0% damage to slowbrogalar with focusblast
INFO     Setting grumpig's item to: leftovers
INFO     slowbrogalar has less than maxhp during upkeep, no longer guessing leftovers or blacksludge
INFO     
INFO     Turn: 12
INFO     Sampling battle 0
INFO     	   slowbrogalar  regenerator  assaultvest [fireblast, psychic, shellsidearm, surf] ttype=poison
INFO     	        volbeat    prankster heavydutyboots [encore, lunge, roost, thunderwave] ttype=steel
INFO     Sampling 2 unrevealed pokemon
INFO     	   moltresgalar      berserk weaknesspolicy [agility, fierywrath, hurricane, nastyplot] ttype=dark
INFO     	 exeggutoralola      harvest  sitrusberry [calmmind, dragonpulse, flamethrower, gigadrain] ttype=steel
INFO     Sampling battle 1
INFO     	   slowbrogalar  regenerator  assaultvest [earthquake, psychic, shellsidearm, surf] ttype=water
INFO     	        volbeat    prankster heavydutyboots [encore, lunge, roost, thunderwave] ttype=water
INFO     Sampling 2 unrevealed pokemon
INFO     	         minior  shieldsdown    whiteherb [acrobatics, earthquake, powergem, shellsmash] ttype=ground
INFO     	      azumarill    hugepower   choiceband [aquajet, knockoff, liquidation, playrough] ttype=water
INFO     Sampling battle 2
INFO     	   slowbrogalar  regenerator  assaultvest [earthquake, fireblast, psychic, shellsidearm] ttype=ground
INFO     	        volbeat    prankster heavydutyboots [encore, lunge, roost, thunderwave] ttype=water
INFO     Sampling 2 unrevealed pokemon
INFO     	        diancie    clearbody    leftovers [bodypress, diamondstorm, moonblast, rockpolish] ttype=fighting
INFO     	        wugtrio        gooey   choiceband [aquajet, liquidation, stompingtantrum, throatchop] ttype=water
INFO     Sampling battle 3
INFO     	   slowbrogalar  regenerator  assaultvest [fireblast, foulplay, psychic, shellsidearm] ttype=poison
INFO     	        volbeat    prankster heavydutyboots [encore, lunge, roost, thunderwave] ttype=water
INFO     Sampling 2 unrevealed pokemon
INFO     	    ironjugulis   quarkdrive  choicespecs [darkpulse, earthpower, hurricane, hydropump] ttype=flying
INFO     	       froslass   cursedbody     widelens [poltergeist, spikes, taunt, tripleaxel] ttype=ice
INFO     Sampling battle 4
INFO     	   slowbrogalar  regenerator  assaultvest [earthquake, fireblast, psychic, shellsidearm] ttype=ground
INFO     	        volbeat    prankster heavydutyboots [encore, lunge, roost, thunderwave] ttype=steel
INFO     Sampling 2 unrevealed pokemon
INFO     	      electrode    aftermath      lifeorb [taunt, terablast, thunderbolt, voltswitch] ttype=ice
INFO     	       rayquaza      airlock heavydutyboots [dragonascent, dragondance, earthquake, outrage] ttype=steel
INFO     Sampling battle 5
INFO     	   slowbrogalar  regenerator  assaultvest [foulplay, psychic, shellsidearm, surf] ttype=water
INFO     	        volbeat    prankster heavydutyboots [encore, lunge, roost, thunderwave] ttype=water
INFO     Sampling 2 unrevealed pokemon
INFO     	         furret        frisk   choiceband [doubleedge, knockoff, trick, uturn] ttype=ghost
INFO     	         raichu lightningrod  choicespecs [alluringvoice, surf, thunderbolt, voltswitch] ttype=water
INFO     Sampling battle 6
INFO     	   slowbrogalar  regenerator  assaultvest [earthquake, psychic, shellsidearm, surf] ttype=ground
INFO     	        volbeat    prankster heavydutyboots [encore, roost, thunderwave, uturn] ttype=steel
INFO     Sampling 2 unrevealed pokemon
INFO     	      honchkrow        moxie heavydutyboots [bravebird, heatwave, suckerpunch, uturn] ttype=dark
INFO     	        torkoal      drought heavydutyboots [lavaplume, rapidspin, solarbeam, yawn] ttype=grass
INFO     Sampling battle 7
INFO     	   slowbrogalar  regenerator  assaultvest [fireblast, psychic, shellsidearm, surf] ttype=water
INFO     	        volbeat    prankster heavydutyboots [encore, roost, thunderwave, uturn] ttype=steel
INFO     Sampling 2 unrevealed pokemon
INFO     	      coalossal    flamebody heavydutyboots [overheat, rapidspin, stoneedge, willowisp] ttype=grass
INFO     	       qwilfish   intimidate heavydutyboots [flipturn, gunkshot, painsplit, toxic] ttype=dark
INFO     Sampling battle 8
INFO     	   slowbrogalar  regenerator  assaultvest [earthquake, foulplay, psychic, shellsidearm] ttype=poison
INFO     	        volbeat    prankster heavydutyboots [encore, roost, thunderwave, uturn] ttype=steel
INFO     Sampling 2 unrevealed pokemon
INFO     	    arceussteel    multitype    ironplate [calmmind, earthpower, judgment, recover] ttype=ghost
INFO     	         pyroar      unnerve heavydutyboots [fireblast, hypervoice, willowisp, workup] ttype=fire
INFO     Sampling battle 9
INFO     	   slowbrogalar  regenerator  assaultvest [earthquake, psychic, shellsidearm, surf] ttype=water
INFO     	        volbeat    prankster heavydutyboots [encore, lunge, roost, thunderwave] ttype=steel
INFO     Sampling 2 unrevealed pokemon
INFO     	       lycanroc     sandrush   choiceband [closecombat, crunch, psychicfangs, stoneedge] ttype=fighting
INFO     	     conkeldurr         guts     flameorb [closecombat, facade, knockoff, machpunch] ttype=normal
INFO     Sampling battle 10
INFO     	   slowbrogalar  regenerator  assaultvest [earthquake, foulplay, psychic, shellsidearm] ttype=dark
INFO     	        volbeat    prankster heavydutyboots [encore, lunge, roost, thunderwave] ttype=steel
INFO     Sampling 2 unrevealed pokemon
INFO     	    corviknight     pressure  rockyhelmet [bravebird, defog, roost, uturn] ttype=dragon
INFO     	     irontreads   quarkdrive  assaultvest [earthquake, ironhead, knockoff, rapidspin] ttype=ghost
INFO     Sampling battle 11
INFO     	   slowbrogalar  regenerator  assaultvest [earthquake, foulplay, psychic, shellsidearm] ttype=dark
INFO     	        volbeat    prankster heavydutyboots [encore, lunge, roost, thunderwave] ttype=steel
INFO     Sampling 2 unrevealed pokemon
INFO     	      revavroom       filter      lifeorb [gunkshot, highhorsepower, ironhead, shiftgear] ttype=ground
INFO     	         furret        frisk      lifeorb [brickbreak, doubleedge, knockoff, tidyup] ttype=normal
INFO     Sampling battle 12
INFO     	   slowbrogalar  regenerator  assaultvest [foulplay, psychic, shellsidearm, surf] ttype=poison
INFO     	        volbeat    prankster heavydutyboots [encore, roost, thunderwave, uturn] ttype=steel
INFO     Sampling 2 unrevealed pokemon
INFO     	       skarmory       sturdy  rockyhelmet [bodypress, bravebird, roost, spikes] ttype=fighting
INFO     	       torterra     overgrow   loadeddice [bulletseed, headlongrush, rockblast, shellsmash] ttype=ground
INFO     Sampling battle 13
INFO     	   slowbrogalar  regenerator  assaultvest [earthquake, psychic, shellsidearm, surf] ttype=water
INFO     	        volbeat    prankster heavydutyboots [encore, roost, thunderwave, uturn] ttype=steel
INFO     Sampling 2 unrevealed pokemon
INFO     	       delibird       hustle heavydutyboots [bravebird, drillrun, iceshard, icespinner] ttype=flying
INFO     	      electrode    aftermath      lifeorb [explosion, foulplay, thunderbolt, thunderwave] ttype=dark
INFO     Sampling battle 14
INFO     	   slowbrogalar  regenerator  assaultvest [fireblast, psychic, shellsidearm, surf] ttype=water
INFO     	        volbeat    prankster heavydutyboots [encore, roost, thunderwave, uturn] ttype=steel
INFO     Sampling 2 unrevealed pokemon
INFO     	        scyther   technician heavydutyboots [bugbite, closecombat, dualwingbeat, swordsdance] ttype=fighting
INFO     	        umbreon  synchronize    leftovers [foulplay, protect, toxic, wish] ttype=poison
INFO     Sampling battle 15
INFO     	   slowbrogalar  regenerator  assaultvest [foulplay, psychic, shellsidearm, surf] ttype=dark
INFO     	        volbeat    prankster heavydutyboots [encore, lunge, roost, thunderwave] ttype=steel
INFO     Sampling 2 unrevealed pokemon
INFO     	    kyuremblack     teravolt   loadeddice [dragondance, iciclespear, scaleshot, terablast] ttype=ground
INFO     	          entei   innerfocus   choiceband [extremespeed, flareblitz, sacredfire, stoneedge] ttype=normal
INFO     Searching for a move using MCTS...
INFO     Sampling 16 battles at 500ms each
INFO     Iterations 5: 78000
INFO     Iterations 0: 71000
INFO     Iterations 6: 78000
INFO     Iterations 1: 74000
INFO     Iterations 2: 77000
INFO     Iterations 7: 65000
INFO     Iterations 3: 72000
INFO     Iterations 4: 77000
INFO     Iterations 10: 70000
INFO     Iterations 9: 64000
INFO     Iterations 8: 68000
INFO     Iterations 11: 66000
INFO     Iterations 13: 65000
INFO     Iterations 12: 67000
INFO     Iterations 14: 58000
INFO     Iterations 15: 65000
INFO     Policy 0: switch palossand visited 46.4% avg_score=0.301 sample_chance_multiplier=0.062
INFO     Policy 1: switch palossand visited 59.68% avg_score=0.321 sample_chance_multiplier=0.062
INFO     Policy 2: switch palossand visited 72.11% avg_score=0.381 sample_chance_multiplier=0.062
INFO     Policy 3: switch palossand visited 67.76% avg_score=0.335 sample_chance_multiplier=0.062
INFO     Policy 4: switch palossand visited 81.83% avg_score=0.404 sample_chance_multiplier=0.062
INFO     Policy 5: switch palossand visited 64.43% avg_score=0.318 sample_chance_multiplier=0.062
INFO     Policy 6: switch palossand visited 82.94% avg_score=0.379 sample_chance_multiplier=0.062
INFO     Policy 7: switch palossand visited 58.26% avg_score=0.314 sample_chance_multiplier=0.062
INFO     Policy 8: switch palossand visited 91.43% avg_score=0.448 sample_chance_multiplier=0.062
INFO     Policy 9: switch palossand visited 57.41% avg_score=0.307 sample_chance_multiplier=0.062
INFO     Policy 10: switch palossand visited 84.72% avg_score=0.413 sample_chance_multiplier=0.062
INFO     Policy 11: switch palossand visited 84.48% avg_score=0.415 sample_chance_multiplier=0.062
INFO     Policy 12: switch palossand visited 78.92% avg_score=0.389 sample_chance_multiplier=0.062
INFO     Policy 13: switch palossand visited 63.56% avg_score=0.325 sample_chance_multiplier=0.062
INFO     Policy 14: switch palossand visited 56.93% avg_score=0.318 sample_chance_multiplier=0.062
INFO     Policy 15: switch palossand visited 69.09% avg_score=0.369 sample_chance_multiplier=0.062
INFO     Considered Choices:
INFO     	69.997%: switch palossand
INFO     Choice: switch palossand
INFO     palossand switched in, adding intimidate to impossible abilities
INFO     palossand switched in, adding pressure to impossible abilities
INFO     palossand switched in, adding neutralizinggas to impossible abilities
INFO     palossand switched in, adding sandstream to impossible abilities
INFO     palossand switched in, adding drought to impossible abilities
INFO     palossand switched in, adding drizzle to impossible abilities
INFO     palossand switched in, adding snowwarning to impossible abilities
INFO     palossand switched in, adding boosterenergy to impossible items
INFO     palossand switched in, adding airballoon to impossible items
INFO     slowbrogalar used a psychic move, removing psychicgem from possible items
INFO     Setting slowbrogalar's last used move: psychic
INFO     slowbrogalar used a damaging move - not guessing lifeorb anymore
INFO     slowbrogalar did 34.46% damage to palossand with psychic
INFO     Setting palossand's item to: leftovers
INFO     slowbrogalar has less than maxhp during upkeep, no longer guessing leftovers or blacksludge
INFO     
INFO     Turn: 13
INFO     Sampling battle 0
INFO     	   slowbrogalar  regenerator  assaultvest [earthquake, fireblast, psychic, shellsidearm] ttype=poison
INFO     	        volbeat    prankster heavydutyboots [encore, roost, thunderwave, uturn] ttype=steel
INFO     Sampling 2 unrevealed pokemon
INFO     	         flygon     levitate     lumberry [dragondance, earthquake, outrage, stoneedge] ttype=steel
INFO     	      bellossom  chlorophyll    leftovers [gigadrain, quiverdance, strengthsap, terablast] ttype=rock
INFO     Sampling battle 1
INFO     	   slowbrogalar  regenerator  assaultvest [earthquake, psychic, shellsidearm, surf] ttype=poison
INFO     	        volbeat    prankster heavydutyboots [encore, roost, thunderwave, uturn] ttype=steel
INFO     Sampling 2 unrevealed pokemon
INFO     	landorustherian   intimidate    leftovers [earthquake, stealthrock, taunt, uturn] ttype=ground
INFO     	squawkabillyblue         guts     flameorb [bravebird, facade, protect, quickattack] ttype=normal
INFO     Sampling battle 2
INFO     	   slowbrogalar  regenerator  assaultvest [earthquake, fireblast, psychic, shellsidearm] ttype=ground
INFO     	        volbeat    prankster heavydutyboots [encore, lunge, roost, thunderwave] ttype=steel
INFO     Sampling 2 unrevealed pokemon
INFO     	      terrakion    justified      lifeorb [closecombat, earthquake, stoneedge, swordsdance] ttype=fighting
INFO     	   arceusground    multitype   earthplate [dragondance, earthquake, recover, stoneedge] ttype=steel
INFO     Sampling battle 3
INFO     	   slowbrogalar  regenerator  assaultvest [earthquake, foulplay, psychic, shellsidearm] ttype=ground
INFO     	        volbeat    prankster heavydutyboots [encore, roost, thunderwave, uturn] ttype=water
INFO     Sampling 2 unrevealed pokemon
INFO     	     conkeldurr         guts     flameorb [closecombat, facade, knockoff, machpunch] ttype=normal
INFO     	       miraidon hadronengine  choicespecs [dracometeor, electrodrift, overheat, voltswitch] ttype=electric
INFO     Sampling battle 4
INFO     	   slowbrogalar  regenerator  assaultvest [fireblast, foulplay, psychic, shellsidearm] ttype=poison
INFO     	        volbeat    prankster heavydutyboots [encore, roost, thunderwave, uturn] ttype=water
INFO     Sampling 2 unrevealed pokemon
INFO     	      rhyperior    solidrock  assaultvest [dragontail, earthquake, megahorn, stoneedge] ttype=dragon
INFO     	    fluttermane protosynthesis      lifeorb [calmmind, moonblast, mysticalfire, shadowball] ttype=fire
INFO     Sampling battle 5
INFO     	   slowbrogalar  regenerator  assaultvest [earthquake, psychic, shellsidearm, surf] ttype=poison
INFO     	        volbeat    prankster heavydutyboots [encore, roost, thunderwave, uturn] ttype=water
INFO     Sampling 2 unrevealed pokemon
INFO     	        falinks      defiant      lifeorb [closecombat, ironhead, knockoff, noretreat] ttype=dark
INFO     	      cryogonal     levitate heavydutyboots [icebeam, rapidspin, recover, terablast] ttype=electric
INFO     Sampling battle 6
INFO     	   slowbrogalar  regenerator  assaultvest [foulplay, psychic, shellsidearm, surf] ttype=water
INFO     	        volbeat    prankster heavydutyboots [encore, roost, thunderwave, uturn] ttype=water
INFO     Sampling 2 unrevealed pokemon
INFO     	       cyclizar  regenerator heavydutyboots [dracometeor, knockoff, rapidspin, shedtail] ttype=steel
INFO     	       basculin adaptability   choiceband [aquajet, doubleedge, flipturn, wavecrash] ttype=water
INFO     Sampling battle 7
INFO     	   slowbrogalar  regenerator  assaultvest [earthquake, fireblast, psychic, shellsidearm] ttype=poison
INFO     	        volbeat    prankster heavydutyboots [encore, lunge, roost, thunderwave] ttype=steel
INFO     Sampling 2 unrevealed pokemon
INFO     	 arceusfighting    multitype    fistplate [bodypress, irondefense, recover, shadowball] ttype=steel
INFO     	   lycanrocdusk   toughclaws      lifeorb [accelerock, closecombat, stoneedge, swordsdance] ttype=fighting
INFO     Sampling battle 8
INFO     	   slowbrogalar  regenerator  assaultvest [fireblast, foulplay, psychic, shellsidearm] ttype=dark
INFO     	        volbeat    prankster heavydutyboots [encore, lunge, roost, thunderwave] ttype=steel
INFO     Sampling 2 unrevealed pokemon
INFO     	   arceusflying    multitype     skyplate [calmmind, earthpower, judgment, recover] ttype=ground
INFO     	        lanturn   voltabsorb    leftovers [icebeam, scald, thunderbolt, thunderwave] ttype=flying
INFO     Sampling battle 9
INFO     	   slowbrogalar  regenerator  assaultvest [earthquake, psychic, shellsidearm, surf] ttype=ground
INFO     	        volbeat    prankster heavydutyboots [encore, lunge, roost, thunderwave] ttype=water
INFO     Sampling 2 unrevealed pokemon
INFO     	squawkabillyyellow       hustle heavydutyboots [bravebird, doubleedge, partingshot, quickattack] ttype=flying
INFO     	       mienshao     reckless   choiceband [highjumpkick, knockoff, poisonjab, uturn] ttype=fighting
INFO     Sampling battle 10
INFO     	   slowbrogalar  regenerator  assaultvest [foulplay, psychic, shellsidearm, surf] ttype=dark
INFO     	        volbeat    prankster heavydutyboots [encore, roost, thunderwave, uturn] ttype=steel
INFO     Sampling 2 unrevealed pokemon
INFO     	         dodrio    earlybird   choiceband [bravebird, doubleedge, drillrun, knockoff] ttype=ground
INFO     	       overqwil   intimidate      lifeorb [crunch, gunkshot, liquidation, swordsdance] ttype=water
INFO     Sampling battle 11
INFO     	   slowbrogalar  regenerator  assaultvest [earthquake, psychic, shellsidearm, surf] ttype=water
INFO     	        volbeat    prankster heavydutyboots [encore, roost, thunderwave, uturn] ttype=water
INFO     Sampling 2 unrevealed pokemon
INFO     	      serperior     contrary      lifeorb [dragonpulse, glare, leafstorm, synthesis] ttype=grass
INFO     	       cyclizar  regenerator heavydutyboots [dracometeor, knockoff, rapidspin, shedtail] ttype=fairy
INFO     Sampling battle 12
INFO     	   slowbrogalar  regenerator  assaultvest [fireblast, psychic, shellsidearm, surf] ttype=water
INFO     	        volbeat    prankster heavydutyboots [encore, lunge, roost, thunderwave] ttype=water
INFO     Sampling 2 unrevealed pokemon
INFO     	        chansey  naturalcure     eviolite [healbell, seismictoss, softboiled, thunderwave] ttype=ghost
INFO     	      araquanid  waterbubble heavydutyboots [hydropump, leechlife, liquidation, stickyweb] ttype=ground
INFO     Sampling battle 13
INFO     	   slowbrogalar  regenerator  assaultvest [foulplay, psychic, shellsidearm, surf] ttype=water
INFO     	        volbeat    prankster heavydutyboots [encore, lunge, roost, thunderwave] ttype=steel
INFO     Sampling 2 unrevealed pokemon
INFO     	     kricketune   technician    focussash [knockoff, pounce, stickyweb, taunt] ttype=ghost
INFO     	        sylveon     pixilate    leftovers [calmmind, hypervoice, protect, wish] ttype=steel
INFO     Sampling battle 14
INFO     	   slowbrogalar  regenerator  assaultvest [fireblast, foulplay, psychic, shellsidearm] ttype=poison
INFO     	        volbeat    prankster heavydutyboots [encore, roost, thunderwave, uturn] ttype=water
INFO     Sampling 2 unrevealed pokemon
INFO     	   dugtrioalola tanglinghair      lifeorb [earthquake, ironhead, stealthrock, suckerpunch] ttype=steel
INFO     	        golduck    cloudnine  choicespecs [flipturn, grassknot, hydropump, icebeam] ttype=water
INFO     Sampling battle 15
INFO     	   slowbrogalar  regenerator  assaultvest [foulplay, psychic, shellsidearm, surf] ttype=dark
INFO     	        volbeat    prankster heavydutyboots [encore, roost, thunderwave, uturn] ttype=water
INFO     Sampling 2 unrevealed pokemon
INFO     	 arceusfighting    multitype    fistplate [bodypress, irondefense, recover, shadowball] ttype=steel
INFO     	      vespiquen     pressure heavydutyboots [hurricane, roost, spikes, toxicspikes] ttype=steel
INFO     Searching for a move using MCTS...
INFO     Sampling 16 battles at 500ms each
INFO     Iterations 0: 81000
INFO     Iterations 5: 74000
INFO     Iterations 2: 80000
INFO     Iterations 3: 82000
INFO     Iterations 1: 86000
INFO     Iterations 6: 76000
INFO     Iterations 7: 82000
INFO     Iterations 4: 69000
INFO     Iterations 9: 66000
INFO     Iterations 8: 63000
INFO     Iterations 11: 67000
INFO     Iterations 10: 63000
INFO     Iterations 12: 61000
INFO     Iterations 13: 69000
INFO     Iterations 15: 65000
INFO     Iterations 14: 63000
INFO     Policy 0: switch grumpig visited 24.69% avg_score=0.474 sample_chance_multiplier=0.062
INFO     Policy 1: stealthrock visited 75.12% avg_score=0.588 sample_chance_multiplier=0.062
INFO     Policy 2: earthpower visited 66.19% avg_score=0.704 sample_chance_multiplier=0.062
INFO     Policy 3: earthpower visited 59.51% avg_score=0.653 sample_chance_multiplier=0.062
INFO     Policy 4: shadowball visited 74.92% avg_score=0.691 sample_chance_multiplier=0.062
INFO     Policy 5: shadowball visited 67.15% avg_score=0.635 sample_chance_multiplier=0.062
INFO     Policy 6: earthpower visited 29.59% avg_score=0.575 sample_chance_multiplier=0.062
INFO     Policy 7: earthpower visited 76.55% avg_score=0.739 sample_chance_multiplier=0.062
INFO     Policy 8: shadowball visited 44.11% avg_score=0.623 sample_chance_multiplier=0.062
INFO     Policy 9: earthpower visited 32.95% avg_score=0.605 sample_chance_multiplier=0.062
INFO     Policy 10: stealthrock visited 44.56% avg_score=0.605 sample_chance_multiplier=0.062
INFO     Policy 11: switch grumpig visited 32.31% avg_score=0.481 sample_chance_multiplier=0.062
INFO     Policy 12: switch grumpig visited 28.44% avg_score=0.482 sample_chance_multiplier=0.062
INFO     Policy 13: shadowball visited 25.21% avg_score=0.543 sample_chance_multiplier=0.062
INFO     Policy 14: earthpower visited 35.62% avg_score=0.582 sample_chance_multiplier=0.062
INFO     Policy 15: shadowball visited 47.29% avg_score=0.624 sample_chance_multiplier=0.062
INFO     Considered Choices:
INFO     	29.107%: shadowball
INFO     	28.814%: earthpower
INFO     Choice: earthpower
INFO     Updated slowbrogalar's max speed to 113
INFO     palossand already has the move earthpower. Decrementing the PP by 1
INFO     palossand used a ground move, removing groundgem from possible items
INFO     Setting palossand's last used move: earthpower
INFO     palossand used a damaging move - not guessing lifeorb anymore
INFO     palossand did 59.0% damage to slowbrogalar with earthpower
INFO     slowbrogalar already has the move psychic. Decrementing the PP by 1
INFO     slowbrogalar used a psychic move, removing psychicgem from possible items
INFO     Setting slowbrogalar's last used move: psychic
INFO     slowbrogalar used a damaging move - not guessing lifeorb anymore
INFO     slowbrogalar did 38.51% damage to palossand with psychic
INFO     Setting palossand's item to: leftovers
INFO     slowbrogalar has less than maxhp during upkeep, no longer guessing leftovers or blacksludge
INFO     
INFO     Turn: 14
INFO     Sampling battle 0
INFO     	   slowbrogalar  regenerator  assaultvest [earthquake, psychic, shellsidearm, surf] ttype=water
INFO     	        volbeat    prankster heavydutyboots [encore, lunge, roost, thunderwave] ttype=steel
INFO     Sampling 2 unrevealed pokemon
INFO     	       venusaur     overgrow    leftovers [energyball, sleeppowder, sludgebomb, synthesis] ttype=steel
INFO     	    gougingfire protosynthesis heavydutyboots [dragondance, heatcrash, morningsun, outrage] ttype=fairy
INFO     Sampling battle 1
INFO     	   slowbrogalar  regenerator  assaultvest [earthquake, psychic, shellsidearm, surf] ttype=ground
INFO     	        volbeat    prankster heavydutyboots [encore, roost, thunderwave, uturn] ttype=water
INFO     Sampling 2 unrevealed pokemon
INFO     	      tatsugiri   stormdrain heavydutyboots [dracometeor, nastyplot, rapidspin, surf] ttype=water
INFO     	    corviknight  mirrorarmor    leftovers [bravebird, defog, roost, uturn] ttype=dragon
INFO     Sampling battle 2
INFO     	   slowbrogalar  regenerator  assaultvest [earthquake, psychic, shellsidearm, surf] ttype=water
INFO     	        volbeat    prankster heavydutyboots [encore, roost, thunderwave, uturn] ttype=steel
INFO     Sampling 2 unrevealed pokemon
INFO     	     victreebel  chlorophyll      lifeorb [poisonjab, powerwhip, suckerpunch, swordsdance] ttype=grass
INFO     	       vikavolt     levitate heavydutyboots [bugbuzz, energyball, stickyweb, thunderbolt] ttype=electric
INFO     Sampling battle 3
INFO     	   slowbrogalar  regenerator  assaultvest [earthquake, psychic, shellsidearm, surf] ttype=water
INFO     	        volbeat    prankster heavydutyboots [encore, roost, thunderwave, uturn] ttype=steel
INFO     Sampling 2 unrevealed pokemon
INFO     	         zarude    leafguard    leftovers [knockoff, powerwhip, swordsdance, synthesis] ttype=grass
INFO     	 arceusfighting    multitype    fistplate [bodypress, cosmicpower, recover, storedpower] ttype=steel
INFO     Sampling battle 4
INFO     	   slowbrogalar  regenerator  assaultvest [fireblast, foulplay, psychic, shellsidearm] ttype=dark
INFO     	        volbeat    prankster heavydutyboots [encore, lunge, roost, thunderwave] ttype=water
INFO     Sampling 2 unrevealed pokemon
INFO     	          lokix   tintedlens      lifeorb [knockoff, leechlife, suckerpunch, swordsdance] ttype=dark
INFO     	 keldeoresolute    justified      lifeorb [calmmind, hydropump, secretsword, vacuumwave] ttype=fighting
INFO     Sampling battle 5
INFO     	   slowbrogalar  regenerator  assaultvest [earthquake, fireblast, psychic, shellsidearm] ttype=ground
INFO     	        volbeat    prankster heavydutyboots [encore, roost, thunderwave, uturn] ttype=water
INFO     Sampling 2 unrevealed pokemon
INFO     	ogerponwellspring  waterabsorb wellspringmask [ivycudgel, playrough, powerwhip, swordsdance] ttype=water
INFO     	       sneasler     unburden    whiteherb [acrobatics, closecombat, direclaw, swordsdance] ttype=flying
INFO     Sampling battle 6
INFO     	   slowbrogalar  regenerator  assaultvest [earthquake, psychic, shellsidearm, surf] ttype=poison
INFO     	        volbeat    prankster heavydutyboots [encore, roost, thunderwave, uturn] ttype=water
INFO     Sampling 2 unrevealed pokemon
INFO     	        spidops     stakeout heavydutyboots [knockoff, spikes, stickyweb, toxicspikes] ttype=ghost
INFO     	        beartic    slushrush heavydutyboots [closecombat, iciclecrash, snowscape, swordsdance] ttype=fighting
INFO     Sampling battle 7
INFO     	   slowbrogalar  regenerator  assaultvest [earthquake, psychic, shellsidearm, surf] ttype=ground
INFO     	        volbeat    prankster heavydutyboots [encore, lunge, roost, thunderwave] ttype=water
INFO     Sampling 2 unrevealed pokemon
INFO     	         plusle lightningrod      lifeorb [encore, grassknot, nastyplot, thunderbolt] ttype=grass
INFO     	       lycanroc     sandrush      lifeorb [accelerock, closecombat, stoneedge, swordsdance] ttype=fighting
INFO     Sampling battle 8
INFO     	   slowbrogalar  regenerator  assaultvest [earthquake, psychic, shellsidearm, surf] ttype=poison
INFO     	        volbeat    prankster heavydutyboots [encore, lunge, roost, thunderwave] ttype=water
INFO     Sampling 2 unrevealed pokemon
INFO     	        lucario    justified   choiceband [closecombat, extremespeed, meteormash, stoneedge] ttype=normal
INFO     	       articuno     pressure heavydutyboots [bravebird, freezedry, haze, roost] ttype=ground
INFO     Sampling battle 9
INFO     	   slowbrogalar  regenerator  assaultvest [foulplay, psychic, shellsidearm, surf] ttype=water
INFO     	        volbeat    prankster heavydutyboots [encore, roost, thunderwave, uturn] ttype=steel
INFO     Sampling 2 unrevealed pokemon
INFO     	 decidueyehisui      scrappy    leftovers [leafblade, roost, triplearrows, uturn] ttype=steel
INFO     	        lanturn   voltabsorb    leftovers [icebeam, scald, thunderbolt, thunderwave] ttype=flying
INFO     Sampling battle 10
INFO     	   slowbrogalar  regenerator  assaultvest [foulplay, psychic, shellsidearm, surf] ttype=water
INFO     	        volbeat    prankster heavydutyboots [encore, lunge, roost, thunderwave] ttype=steel
INFO     Sampling 2 unrevealed pokemon
INFO     	       garchomp    roughskin  rockyhelmet [earthquake, outrage, spikes, stealthrock] ttype=ground
INFO     	       overqwil   intimidate   loadeddice [crunch, gunkshot, scaleshot, swordsdance] ttype=dragon
INFO     Sampling battle 11
INFO     	   slowbrogalar  regenerator  assaultvest [earthquake, psychic, shellsidearm, surf] ttype=water
INFO     	        volbeat    prankster heavydutyboots [encore, roost, thunderwave, uturn] ttype=steel
INFO     Sampling 2 unrevealed pokemon
INFO     	landorustherian   intimidate    leftovers [earthquake, stealthrock, stoneedge, uturn] ttype=water
INFO     	   crabominable     ironfist  assaultvest [drainpunch, earthquake, icehammer, knockoff] ttype=water
INFO     Sampling battle 12
INFO     	   slowbrogalar  regenerator  assaultvest [foulplay, psychic, shellsidearm, surf] ttype=poison
INFO     	        volbeat    prankster heavydutyboots [encore, lunge, roost, thunderwave] ttype=steel
INFO     Sampling 2 unrevealed pokemon
INFO     	     grimmsnarl    prankster    leftovers [partingshot, spiritbreak, suckerpunch, taunt] ttype=poison
INFO     	       greedent   cheekpouch  sitrusberry [bodyslam, earthquake, knockoff, swordsdance] ttype=ghost
INFO     Sampling battle 13
INFO     	   slowbrogalar  regenerator  assaultvest [earthquake, psychic, shellsidearm, surf] ttype=poison
INFO     	        volbeat    prankster heavydutyboots [encore, lunge, roost, thunderwave] ttype=steel
INFO     Sampling 2 unrevealed pokemon
INFO     	    arceusgrass    multitype  meadowplate [calmmind, fireblast, judgment, recover] ttype=fire
INFO     	       reshiram   turboblaze heavydutyboots [dragondance, flareblitz, outrage, stoneedge] ttype=fire
INFO     Sampling battle 14
INFO     	   slowbrogalar  regenerator  assaultvest [foulplay, psychic, shellsidearm, surf] ttype=dark
INFO     	        volbeat    prankster heavydutyboots [encore, roost, thunderwave, uturn] ttype=steel
INFO     Sampling 2 unrevealed pokemon
INFO     	        drednaw   shellarmor    whiteherb [earthquake, liquidation, shellsmash, stoneedge] ttype=water
INFO     	   zoroarkhisui     illusion      lifeorb [focusblast, hypervoice, poltergeist, willowisp] ttype=normal
INFO     Sampling battle 15
INFO     	   slowbrogalar  regenerator  assaultvest [fireblast, psychic, shellsidearm, surf] ttype=water
INFO     	        volbeat    prankster heavydutyboots [encore, lunge, roost, thunderwave] ttype=water
INFO     Sampling 2 unrevealed pokemon
INFO     	    stonjourner    powerspot      lifeorb [earthquake, heatcrash, stealthrock, stoneedge] ttype=fire
INFO     	      garganacl purifyingsalt    leftovers [bodypress, irondefense, recover, saltcure] ttype=ghost
INFO     Searching for a move using MCTS...
INFO     Sampling 16 battles at 500ms each
INFO     Iterations 0: 72000
INFO     Iterations 1: 80000
INFO     Iterations 5: 77000
INFO     Iterations 6: 87000
INFO     Iterations 4: 82000
INFO     Iterations 7: 82000
INFO     Iterations 3: 81000
INFO     Iterations 2: 77000
INFO     Iterations 8: 64000
INFO     Iterations 10: 63000
INFO     Iterations 9: 65000
INFO     Iterations 11: 71000
INFO     Iterations 12: 70000
INFO     Iterations 14: 67000
INFO     Iterations 15: 68000
INFO     Iterations 13: 65000
INFO     Policy 0: shoreup visited 80.15% avg_score=0.617 sample_chance_multiplier=0.062
INFO     Policy 1: earthpower visited 53.63% avg_score=0.617 sample_chance_multiplier=0.062
INFO     Policy 2: switch grumpig visited 61.91% avg_score=0.547 sample_chance_multiplier=0.062
INFO     Policy 3: shoreup visited 80.6% avg_score=0.583 sample_chance_multiplier=0.062
INFO     Policy 4: switch grumpig visited 24.7% avg_score=0.521 sample_chance_multiplier=0.062
INFO     Policy 5: shadowball visited 77.13% avg_score=0.572 sample_chance_multiplier=0.062
INFO     Policy 6: switch grumpig visited 55.41% avg_score=0.554 sample_chance_multiplier=0.062
INFO     Policy 7: earthpower visited 69.72% avg_score=0.716 sample_chance_multiplier=0.062
INFO     Policy 8: shoreup visited 78.75% avg_score=0.635 sample_chance_multiplier=0.062
INFO     Policy 9: shoreup visited 62.05% avg_score=0.586 sample_chance_multiplier=0.062
INFO     Policy 10: earthpower visited 61.79% avg_score=0.698 sample_chance_multiplier=0.062
INFO     Policy 11: shoreup visited 52.72% avg_score=0.542 sample_chance_multiplier=0.062
INFO     Policy 12: earthpower visited 41.81% avg_score=0.577 sample_chance_multiplier=0.062
INFO     Policy 13: shoreup visited 41.13% avg_score=0.569 sample_chance_multiplier=0.062
INFO     Policy 14: shoreup visited 51.07% avg_score=0.69 sample_chance_multiplier=0.062
INFO     Policy 15: earthpower visited 53.84% avg_score=0.724 sample_chance_multiplier=0.062
INFO     Considered Choices:
INFO     	37.46%: shoreup
INFO     Choice: shoreup
INFO     Opponent has switched - clearing the last used move
INFO     cetitan switched in, adding intimidate to impossible abilities
INFO     cetitan switched in, adding pressure to impossible abilities
INFO     cetitan switched in, adding neutralizinggas to impossible abilities
INFO     cetitan switched in, adding sandstream to impossible abilities
INFO     cetitan switched in, adding drought to impossible abilities
INFO     cetitan switched in, adding drizzle to impossible abilities
INFO     cetitan switched in, adding snowwarning to impossible abilities
INFO     cetitan switched in, adding boosterenergy to impossible items
INFO     cetitan switched in, adding airballoon to impossible items
INFO     palossand already has the move shoreup. Decrementing the PP by 1
INFO     palossand used a status-move. Adding `assaultvest` to impossible items
INFO     Setting palossand's last used move: shoreup
INFO     Setting palossand's item to: leftovers
INFO     
INFO     Turn: 15
INFO     Sampling battle 0
INFO     	        cetitan     thickfat  sitrusberry [bellydrum, earthquake, iceshard, icespinner] ttype=ice
INFO     	        volbeat    prankster heavydutyboots [encore, roost, thunderwave, uturn] ttype=water
INFO     	   slowbrogalar  regenerator  assaultvest [foulplay, psychic, shellsidearm, surf] ttype=dark
INFO     Sampling 1 unrevealed pokemon
INFO     	landorustherian   intimidate    leftovers [earthquake, stealthrock, taunt, uturn] ttype=water
INFO     Sampling battle 1
INFO     	        cetitan   sheerforce      lifeorb [iceshard, iciclecrash, liquidation, superpower] ttype=water
INFO     	        volbeat    prankster heavydutyboots [encore, roost, thunderwave, uturn] ttype=steel
INFO     	   slowbrogalar  regenerator  assaultvest [earthquake, fireblast, psychic, shellsidearm] ttype=ground
INFO     Sampling 1 unrevealed pokemon
INFO     	         pawmot   voltabsorb      lifeorb [closecombat, doubleshock, knockoff, revivalblessing] ttype=electric
INFO     Sampling battle 2
INFO     	        cetitan   sheerforce      lifeorb [iceshard, iciclecrash, liquidation, superpower] ttype=water
INFO     	        volbeat    prankster heavydutyboots [encore, lunge, roost, thunderwave] ttype=steel
INFO     	   slowbrogalar  regenerator  assaultvest [foulplay, psychic, shellsidearm, surf] ttype=water
INFO     Sampling 1 unrevealed pokemon
INFO     	   crabominable     ironfist   choiceband [closecombat, earthquake, icehammer, knockoff] ttype=ground
INFO     Sampling battle 3
INFO     	        cetitan   sheerforce      lifeorb [earthquake, iceshard, iciclecrash, liquidation] ttype=water
INFO     	        volbeat    prankster heavydutyboots [encore, roost, thunderwave, uturn] ttype=water
INFO     	   slowbrogalar  regenerator  assaultvest [earthquake, fireblast, psychic, shellsidearm] ttype=ground
INFO     Sampling 1 unrevealed pokemon
INFO     	       clefable      unaware    leftovers [calmmind, fireblast, moonblast, moonlight] ttype=steel
INFO     Sampling battle 4
INFO     	        cetitan   sheerforce      lifeorb [earthquake, iceshard, iciclecrash, liquidation] ttype=water
INFO     	        volbeat    prankster heavydutyboots [encore, lunge, roost, thunderwave] ttype=steel
INFO     	   slowbrogalar  regenerator  assaultvest [foulplay, psychic, shellsidearm, surf] ttype=dark
INFO     Sampling 1 unrevealed pokemon
INFO     	        jolteon   voltabsorb      lifeorb [alluringvoice, calmmind, shadowball, thunderbolt] ttype=electric
INFO     Sampling battle 5
INFO     	        cetitan   sheerforce      lifeorb [earthquake, iceshard, iciclecrash, liquidation] ttype=water
INFO     	        volbeat    prankster heavydutyboots [encore, lunge, roost, thunderwave] ttype=water
INFO     	   slowbrogalar  regenerator  assaultvest [fireblast, psychic, shellsidearm, surf] ttype=poison
INFO     Sampling 1 unrevealed pokemon
INFO     	    meowscarada      protean      lifeorb [flowertrick, knockoff, toxicspikes, tripleaxel] ttype=dark
INFO     Sampling battle 6
INFO     	        cetitan     thickfat  sitrusberry [bellydrum, earthquake, iceshard, icespinner] ttype=ice
INFO     	        volbeat    prankster heavydutyboots [encore, roost, thunderwave, uturn] ttype=steel
INFO     	   slowbrogalar  regenerator  assaultvest [fireblast, psychic, shellsidearm, surf] ttype=water
INFO     Sampling 1 unrevealed pokemon
INFO     	   crabominable     ironfist  assaultvest [drainpunch, earthquake, icehammer, knockoff] ttype=ground
INFO     Sampling battle 7
INFO     	        cetitan   sheerforce      lifeorb [iceshard, iciclecrash, liquidation, superpower] ttype=water
INFO     	        volbeat    prankster heavydutyboots [encore, lunge, roost, thunderwave] ttype=water
INFO     	   slowbrogalar  regenerator  assaultvest [foulplay, psychic, shellsidearm, surf] ttype=poison
INFO     Sampling 1 unrevealed pokemon
INFO     	       quagsire      unaware    leftovers [earthquake, recover, spikes, toxic] ttype=steel
INFO     Sampling battle 8
INFO     	        cetitan   sheerforce      lifeorb [iceshard, iciclecrash, liquidation, superpower] ttype=water
INFO     	        volbeat    prankster heavydutyboots [encore, lunge, roost, thunderwave] ttype=water
INFO     	   slowbrogalar  regenerator  assaultvest [foulplay, psychic, shellsidearm, surf] ttype=dark
INFO     Sampling 1 unrevealed pokemon
INFO     	        shaymin  naturalcure    leftovers [airslash, earthpower, seedflare, synthesis] ttype=steel
INFO     Sampling battle 9
INFO     	        cetitan     thickfat  sitrusberry [bellydrum, earthquake, iceshard, icespinner] ttype=ice
INFO     	        volbeat    prankster heavydutyboots [encore, roost, thunderwave, uturn] ttype=steel
INFO     	   slowbrogalar  regenerator  assaultvest [earthquake, fireblast, psychic, shellsidearm] ttype=poison
INFO     Sampling 1 unrevealed pokemon
INFO     	         flygon     levitate  choicescarf [earthquake, outrage, stoneedge, uturn] ttype=ground
INFO     Sampling battle 10
INFO     	        cetitan   sheerforce      lifeorb [earthquake, iceshard, iciclecrash, liquidation] ttype=water
INFO     	        volbeat    prankster heavydutyboots [encore, lunge, roost, thunderwave] ttype=steel
INFO     	   slowbrogalar  regenerator  assaultvest [earthquake, fireblast, psychic, shellsidearm] ttype=poison
INFO     Sampling 1 unrevealed pokemon
INFO     	 oricoriopompom       dancer heavydutyboots [hurricane, quiverdance, revelationdance, roost] ttype=ground
INFO     Sampling battle 11
INFO     	        cetitan     thickfat  sitrusberry [bellydrum, earthquake, iceshard, icespinner] ttype=ice
INFO     	        volbeat    prankster heavydutyboots [encore, lunge, roost, thunderwave] ttype=steel
INFO     	   slowbrogalar  regenerator  assaultvest [earthquake, psychic, shellsidearm, surf] ttype=ground
INFO     Sampling 1 unrevealed pokemon
INFO     	      excadrill  moldbreaker  assaultvest [earthquake, ironhead, rapidspin, rockslide] ttype=water
INFO     Sampling battle 12
INFO     	        cetitan   sheerforce      lifeorb [iceshard, iciclecrash, liquidation, superpower] ttype=water
INFO     	        volbeat    prankster heavydutyboots [encore, roost, thunderwave, uturn] ttype=steel
INFO     	   slowbrogalar  regenerator  assaultvest [earthquake, foulplay, psychic, shellsidearm] ttype=dark
INFO     Sampling 1 unrevealed pokemon
INFO     	   arceuspoison    multitype   toxicplate [earthquake, flareblitz, gunkshot, swordsdance] ttype=ground
INFO     Sampling battle 13
INFO     	        cetitan   sheerforce      lifeorb [earthquake, iceshard, iciclecrash, liquidation] ttype=water
INFO     	        volbeat    prankster heavydutyboots [encore, roost, thunderwave, uturn] ttype=water
INFO     	   slowbrogalar  regenerator  assaultvest [fireblast, foulplay, psychic, shellsidearm] ttype=poison
INFO     Sampling 1 unrevealed pokemon
INFO     	    corviknight  mirrorarmor    leftovers [bravebird, defog, roost, uturn] ttype=dragon
INFO     Sampling battle 14
INFO     	        cetitan   sheerforce      lifeorb [iceshard, iciclecrash, liquidation, superpower] ttype=water
INFO     	        volbeat    prankster heavydutyboots [encore, lunge, roost, thunderwave] ttype=water
INFO     	   slowbrogalar  regenerator  assaultvest [fireblast, foulplay, psychic, shellsidearm] ttype=poison
INFO     Sampling 1 unrevealed pokemon
INFO     	       articuno     pressure heavydutyboots [bravebird, freezedry, haze, roost] ttype=ground
INFO     Sampling battle 15
INFO     	        cetitan     thickfat  sitrusberry [bellydrum, earthquake, iceshard, icespinner] ttype=ice
INFO     	        volbeat    prankster heavydutyboots [encore, lunge, roost, thunderwave] ttype=water
INFO     	   slowbrogalar  regenerator  assaultvest [foulplay, psychic, shellsidearm, surf] ttype=dark
INFO     Sampling 1 unrevealed pokemon
INFO     	         lapras  waterabsorb heavydutyboots [freezedry, rest, sleeptalk, sparklingaria] ttype=dragon
INFO     Searching for a move using MCTS...
INFO     Sampling 16 battles at 500ms each
INFO     Iterations 6: 83000
INFO     Iterations 0: 82000
INFO     Iterations 3: 76000
INFO     Iterations 2: 80000
INFO     Iterations 4: 80000
INFO     Iterations 7: 81000
INFO     Iterations 5: 79000
INFO     Iterations 1: 85000
INFO     Iterations 8: 61000
INFO     Iterations 9: 70000
INFO     Iterations 13: 68000
INFO     Iterations 11: 70000
INFO     Iterations 14: 67000
INFO     Iterations 12: 68000
INFO     Iterations 10: 64000
INFO     Iterations 15: 70000
INFO     Policy 0: switch grumpig visited 86.48% avg_score=0.66 sample_chance_multiplier=0.062
INFO     Policy 1: switch grumpig visited 49.49% avg_score=0.627 sample_chance_multiplier=0.062
INFO     Policy 2: switch grumpig visited 47.97% avg_score=0.61 sample_chance_multiplier=0.062
INFO     Policy 3: switch grumpig visited 51.51% avg_score=0.599 sample_chance_multiplier=0.062
INFO     Policy 4: switch grumpig visited 52.23% avg_score=0.613 sample_chance_multiplier=0.062
INFO     Policy 5: switch grumpig visited 53.35% avg_score=0.612 sample_chance_multiplier=0.062
INFO     Policy 6: switch grumpig visited 45.88% avg_score=0.586 sample_chance_multiplier=0.062
INFO     Policy 7: switch grumpig visited 48.51% avg_score=0.622 sample_chance_multiplier=0.062
INFO     Policy 8: switch grumpig visited 48.85% avg_score=0.618 sample_chance_multiplier=0.062
INFO     Policy 9: switch grumpig visited 73.98% avg_score=0.653 sample_chance_multiplier=0.062
INFO     Policy 10: switch grumpig visited 44.56% avg_score=0.589 sample_chance_multiplier=0.062
INFO     Policy 11: switch grumpig visited 91.06% avg_score=0.684 sample_chance_multiplier=0.062
INFO     Policy 12: switch grumpig visited 50.2% avg_score=0.623 sample_chance_multiplier=0.062
INFO     Policy 13: switch grumpig visited 54.81% avg_score=0.614 sample_chance_multiplier=0.062
INFO     Policy 14: switch grumpig visited 51.72% avg_score=0.615 sample_chance_multiplier=0.062
INFO     Policy 15: switch grumpig visited 91.38% avg_score=0.68 sample_chance_multiplier=0.062
INFO     Considered Choices:
INFO     	58.873%: switch grumpig
INFO     Choice: switch grumpig
INFO     cetitan using bellydrum makes it unlikely to have a choice item. Setting can_have_choice_item to False
INFO     cetitan used a status-move. Adding `assaultvest` to impossible items
INFO     Setting cetitan's last used move: bellydrum
INFO     Removing cetitan's item: sitrusberry
INFO     Setting cetitan's removed item to sitrusberry
INFO     Setting grumpig's item to: leftovers
INFO     cetitan has less than maxhp during upkeep, no longer guessing leftovers or blacksludge
INFO     
INFO     Turn: 16
INFO     Sampling battle 0
INFO     	        cetitan     thickfat         None [bellydrum, earthquake, iceshard, icespinner] ttype=ice
INFO     	        volbeat    prankster heavydutyboots [encore, roost, thunderwave, uturn] ttype=steel
INFO     	   slowbrogalar  regenerator  assaultvest [earthquake, psychic, shellsidearm, surf] ttype=ground
INFO     Sampling 1 unrevealed pokemon
INFO     	      gastrodon   stormdrain    leftovers [earthquake, icebeam, recover, spikes] ttype=steel
INFO     Sampling battle 1
INFO     	        cetitan     thickfat         None [bellydrum, earthquake, iceshard, icespinner] ttype=ice
INFO     	        volbeat    prankster heavydutyboots [encore, lunge, roost, thunderwave] ttype=steel
INFO     	   slowbrogalar  regenerator  assaultvest [earthquake, psychic, shellsidearm, surf] ttype=poison
INFO     Sampling 1 unrevealed pokemon
INFO     	          klawf  regenerator      lifeorb [highhorsepower, knockoff, stealthrock, stoneedge] ttype=rock
INFO     Sampling battle 2
INFO     	        cetitan     thickfat         None [bellydrum, earthquake, iceshard, icespinner] ttype=ice
INFO     	        volbeat    prankster heavydutyboots [encore, lunge, roost, thunderwave] ttype=steel
INFO     	   slowbrogalar  regenerator  assaultvest [earthquake, psychic, shellsidearm, surf] ttype=poison
INFO     Sampling 1 unrevealed pokemon
INFO     	squawkabillyblue         guts     flameorb [bravebird, facade, quickattack, uturn] ttype=normal
INFO     Sampling battle 3
INFO     	        cetitan     thickfat         None [bellydrum, earthquake, iceshard, icespinner] ttype=ice
INFO     	        volbeat    prankster heavydutyboots [encore, lunge, roost, thunderwave] ttype=water
INFO     	   slowbrogalar  regenerator  assaultvest [foulplay, psychic, shellsidearm, surf] ttype=water
INFO     Sampling 1 unrevealed pokemon
INFO     	 decidueyehisui      scrappy    leftovers [leafblade, roost, suckerpunch, triplearrows] ttype=water
INFO     Sampling battle 4
INFO     	        cetitan     thickfat         None [bellydrum, earthquake, iceshard, icespinner] ttype=ice
INFO     	        volbeat    prankster heavydutyboots [encore, roost, thunderwave, uturn] ttype=steel
INFO     	   slowbrogalar  regenerator  assaultvest [fireblast, foulplay, psychic, shellsidearm] ttype=poison
INFO     Sampling 1 unrevealed pokemon
INFO     	     chandelure    flashfire  choicescarf [energyball, fireblast, shadowball, trick] ttype=grass
INFO     Sampling battle 5
INFO     	        cetitan     thickfat         None [bellydrum, earthquake, iceshard, icespinner] ttype=ice
INFO     	        volbeat    prankster heavydutyboots [encore, lunge, roost, thunderwave] ttype=steel
INFO     	   slowbrogalar  regenerator  assaultvest [earthquake, foulplay, psychic, shellsidearm] ttype=poison
INFO     Sampling 1 unrevealed pokemon
INFO     	        groudon      drought    leftovers [heatcrash, precipiceblades, stoneedge, swordsdance] ttype=fire
INFO     Sampling battle 6
INFO     	        cetitan     thickfat         None [bellydrum, earthquake, iceshard, icespinner] ttype=ice
INFO     	        volbeat    prankster heavydutyboots [encore, roost, thunderwave, uturn] ttype=water
INFO     	   slowbrogalar  regenerator  assaultvest [earthquake, psychic, shellsidearm, surf] ttype=water
INFO     Sampling 1 unrevealed pokemon
INFO     	  samurotthisui    sharpness   choiceband [ceaselessedge, razorshell, sacredsword, suckerpunch] ttype=dark
INFO     Sampling battle 7
INFO     	        cetitan     thickfat         None [bellydrum, earthquake, iceshard, icespinner] ttype=ice
INFO     	        volbeat    prankster heavydutyboots [encore, roost, thunderwave, uturn] ttype=water
INFO     	   slowbrogalar  regenerator  assaultvest [earthquake, foulplay, psychic, shellsidearm] ttype=ground
INFO     Sampling 1 unrevealed pokemon
INFO     	  zaciancrowned intrepidsword  rustedsword [behemothblade, closecombat, playrough, swordsdance] ttype=fighting
INFO     Sampling battle 8
INFO     	        cetitan     thickfat         None [bellydrum, earthquake, iceshard, icespinner] ttype=ice
INFO     	        volbeat    prankster heavydutyboots [encore, lunge, roost, thunderwave] ttype=water
INFO     	   slowbrogalar  regenerator  assaultvest [fireblast, foulplay, psychic, shellsidearm] ttype=poison
INFO     Sampling 1 unrevealed pokemon
INFO     	         klefki    prankster    leftovers [dazzlinggleam, foulplay, spikes, thunderwave] ttype=flying
INFO     Sampling battle 9
INFO     	        cetitan     thickfat         None [bellydrum, earthquake, iceshard, icespinner] ttype=ice
INFO     	        volbeat    prankster heavydutyboots [encore, roost, thunderwave, uturn] ttype=water
INFO     	   slowbrogalar  regenerator  assaultvest [foulplay, psychic, shellsidearm, surf] ttype=poison
INFO     Sampling 1 unrevealed pokemon
INFO     	   crabominable     ironfist  assaultvest [drainpunch, earthquake, icehammer, knockoff] ttype=ground
INFO     Sampling battle 10
INFO     	        cetitan     thickfat         None [bellydrum, earthquake, iceshard, icespinner] ttype=ice
INFO     	        volbeat    prankster heavydutyboots [encore, roost, thunderwave, uturn] ttype=water
INFO     	   slowbrogalar  regenerator  assaultvest [earthquake, psychic, shellsidearm, surf] ttype=ground
INFO     Sampling 1 unrevealed pokemon
INFO     	        darkrai    baddreams      lifeorb [darkpulse, hypnosis, nastyplot, sludgebomb] ttype=poison
INFO     Sampling battle 11
INFO     	        cetitan     thickfat         None [bellydrum, earthquake, iceshard, icespinner] ttype=ice
INFO     	        volbeat    prankster heavydutyboots [encore, lunge, roost, thunderwave] ttype=water
INFO     	   slowbrogalar  regenerator  assaultvest [fireblast, psychic, shellsidearm, surf] ttype=water
INFO     Sampling 1 unrevealed pokemon
INFO     	       sceptile     overgrow      lifeorb [earthquake, leafblade, rockslide, swordsdance] ttype=rock
INFO     Sampling battle 12
INFO     	        cetitan     thickfat         None [bellydrum, earthquake, iceshard, icespinner] ttype=ice
INFO     	        volbeat    prankster heavydutyboots [encore, roost, thunderwave, uturn] ttype=steel
INFO     	   slowbrogalar  regenerator  assaultvest [earthquake, foulplay, psychic, shellsidearm] ttype=poison
INFO     Sampling 1 unrevealed pokemon
INFO     	       ironmoth   quarkdrive  choicespecs [energyball, fireblast, sludgewave, uturn] ttype=grass
INFO     Sampling battle 13
INFO     	        cetitan     thickfat         None [bellydrum, earthquake, iceshard, icespinner] ttype=ice
INFO     	        volbeat    prankster heavydutyboots [encore, lunge, roost, thunderwave] ttype=steel
INFO     	   slowbrogalar  regenerator  assaultvest [earthquake, psychic, shellsidearm, surf] ttype=water
INFO     Sampling 1 unrevealed pokemon
INFO     	      bellibolt electromorphosis    leftovers [muddywater, slackoff, thunderbolt, toxic] ttype=electric
INFO     Sampling battle 14
INFO     	        cetitan     thickfat         None [bellydrum, earthquake, iceshard, icespinner] ttype=ice
INFO     	        volbeat    prankster heavydutyboots [encore, lunge, roost, thunderwave] ttype=water
INFO     	   slowbrogalar  regenerator  assaultvest [fireblast, foulplay, psychic, shellsidearm] ttype=dark
INFO     Sampling 1 unrevealed pokemon
INFO     	       basculin adaptability   choiceband [aquajet, doubleedge, flipturn, wavecrash] ttype=water
INFO     Sampling battle 15
INFO     	        cetitan     thickfat         None [bellydrum, earthquake, iceshard, icespinner] ttype=ice
INFO     	        volbeat    prankster heavydutyboots [encore, roost, thunderwave, uturn] ttype=steel
INFO     	   slowbrogalar  regenerator  assaultvest [earthquake, fireblast, psychic, shellsidearm] ttype=ground
INFO     Sampling 1 unrevealed pokemon
INFO     	      tyranitar   sandstream    leftovers [earthquake, knockoff, stoneedge, thunderwave] ttype=ghost
INFO     Searching for a move using MCTS...
INFO     Sampling 16 battles at 500ms each
INFO     Iterations 0: 114000
INFO     Iterations 1: 113000
INFO     Iterations 6: 111000
INFO     Iterations 4: 105000
INFO     Iterations 3: 110000
INFO     Iterations 2: 119000
INFO     Iterations 5: 112000
INFO     Iterations 7: 115000
INFO     Iterations 8: 67000
INFO     Iterations 9: 65000
INFO     Iterations 10: 61000
INFO     Iterations 11: 61000
INFO     Iterations 14: 63000
INFO     Iterations 12: 60000
INFO     Iterations 13: 58000
INFO     Iterations 15: 61000
INFO     Policy 0: focusblast visited 98.42% avg_score=0.744 sample_chance_multiplier=0.062
INFO     Policy 1: focusblast visited 98.23% avg_score=0.744 sample_chance_multiplier=0.062
INFO     Policy 2: focusblast visited 97.91% avg_score=0.701 sample_chance_multiplier=0.062
INFO     Policy 3: focusblast visited 98.3% avg_score=0.741 sample_chance_multiplier=0.062
INFO     Policy 4: focusblast visited 98.25% avg_score=0.743 sample_chance_multiplier=0.062
INFO     Policy 5: focusblast visited 97.51% avg_score=0.715 sample_chance_multiplier=0.062
INFO     Policy 6: focusblast visited 98.31% avg_score=0.735 sample_chance_multiplier=0.062
INFO     Policy 7: focusblast visited 98.08% avg_score=0.704 sample_chance_multiplier=0.062
INFO     Policy 8: focusblast visited 97.53% avg_score=0.75 sample_chance_multiplier=0.062
INFO     Policy 9: focusblast visited 97.4% avg_score=0.734 sample_chance_multiplier=0.062
INFO     Policy 10: focusblast visited 97.35% avg_score=0.745 sample_chance_multiplier=0.062
INFO     Policy 11: focusblast visited 97.21% avg_score=0.747 sample_chance_multiplier=0.062
INFO     Policy 12: focusblast visited 97.27% avg_score=0.746 sample_chance_multiplier=0.062
INFO     Policy 13: focusblast visited 97.36% avg_score=0.752 sample_chance_multiplier=0.062
INFO     Policy 14: focusblast visited 97.11% avg_score=0.746 sample_chance_multiplier=0.062
INFO     Policy 15: focusblast visited 97.46% avg_score=0.752 sample_chance_multiplier=0.062
INFO     Considered Choices:
INFO     	97.731%: focusblast
INFO     Choice: focusblast
INFO     grumpig already has the move focusblast. Decrementing the PP by 1
INFO     grumpig used a fighting move, removing fightinggem from possible items
INFO     Setting grumpig's last used move: focusblast
INFO     grumpig used a damaging move - not guessing lifeorb anymore
INFO     grumpig did 75.0% damage to cetitan with focusblast
INFO     cetitan has less than maxhp during upkeep, no longer guessing leftovers or blacksludge
INFO     Opponent has switched - clearing the last used move
INFO     slowbrogalar switched out with 25.0% HP but now has 57.99999999999999% HP, setting its ability to regenerator
INFO     
INFO     Turn: 17
INFO     Sampling battle 0
INFO     	   slowbrogalar  regenerator  assaultvest [fireblast, psychic, shellsidearm, surf] ttype=water
INFO     	        volbeat    prankster heavydutyboots [encore, lunge, roost, thunderwave] ttype=steel
INFO     Sampling 1 unrevealed pokemon
INFO     	     bombirdier rockypayload  choicescarf [bravebird, knockoff, stoneedge, uturn] ttype=rock
INFO     Sampling battle 1
INFO     	   slowbrogalar  regenerator  assaultvest [earthquake, foulplay, psychic, shellsidearm] ttype=dark
INFO     	        volbeat    prankster heavydutyboots [encore, roost, thunderwave, uturn] ttype=water
INFO     Sampling 1 unrevealed pokemon
INFO     	     ironthorns   quarkdrive boosterenergy [dragondance, earthquake, stoneedge, wildcharge] ttype=rock
INFO     Sampling battle 2
INFO     	   slowbrogalar  regenerator  assaultvest [earthquake, foulplay, psychic, shellsidearm] ttype=poison
INFO     	        volbeat    prankster heavydutyboots [encore, roost, thunderwave, uturn] ttype=steel
INFO     Sampling 1 unrevealed pokemon
INFO     	       jumpluff  infiltrator              [acrobatics, leechseed, strengthsap, substitute] ttype=steel
INFO     Sampling battle 3
INFO     	   slowbrogalar  regenerator  assaultvest [fireblast, foulplay, psychic, shellsidearm] ttype=dark
INFO     	        volbeat    prankster heavydutyboots [encore, lunge, roost, thunderwave] ttype=steel
INFO     Sampling 1 unrevealed pokemon
INFO     	       torterra     overgrow   loadeddice [bulletseed, headlongrush, rockblast, shellsmash] ttype=water
INFO     Sampling battle 4
INFO     	   slowbrogalar  regenerator  assaultvest [fireblast, psychic, shellsidearm, surf] ttype=poison
INFO     	        volbeat    prankster heavydutyboots [encore, roost, thunderwave, uturn] ttype=steel
INFO     Sampling 1 unrevealed pokemon
INFO     	      infernape        blaze      lifeorb [closecombat, machpunch, overheat, stoneedge] ttype=fire
INFO     Sampling battle 5
INFO     	   slowbrogalar  regenerator  assaultvest [earthquake, foulplay, psychic, shellsidearm] ttype=ground
INFO     	        volbeat    prankster heavydutyboots [encore, roost, thunderwave, uturn] ttype=steel
INFO     Sampling 1 unrevealed pokemon
INFO     	        darkrai    baddreams      lifeorb [darkpulse, hypnosis, nastyplot, sludgebomb] ttype=poison
INFO     Sampling battle 6
INFO     	   slowbrogalar  regenerator  assaultvest [earthquake, fireblast, psychic, shellsidearm] ttype=poison
INFO     	        volbeat    prankster heavydutyboots [encore, lunge, roost, thunderwave] ttype=water
INFO     Sampling 1 unrevealed pokemon
INFO     	      pachirisu   voltabsorb heavydutyboots [discharge, encore, superfang, uturn] ttype=flying
INFO     Sampling battle 7
INFO     	   slowbrogalar  regenerator  assaultvest [fireblast, psychic, shellsidearm, surf] ttype=poison
INFO     	        volbeat    prankster heavydutyboots [encore, lunge, roost, thunderwave] ttype=water
INFO     Sampling 1 unrevealed pokemon
INFO     	       vigoroth  vitalspirit     eviolite [bodyslam, bulkup, knockoff, slackoff] ttype=ghost
INFO     Sampling battle 8
INFO     	   slowbrogalar  regenerator  assaultvest [foulplay, psychic, shellsidearm, surf] ttype=water
INFO     	        volbeat    prankster heavydutyboots [encore, roost, thunderwave, uturn] ttype=water
INFO     Sampling 1 unrevealed pokemon
INFO     	       skuntank    aftermath  assaultvest [fireblast, gunkshot, knockoff, suckerpunch] ttype=poison
INFO     Sampling battle 9
INFO     	   slowbrogalar  regenerator  assaultvest [earthquake, psychic, shellsidearm, surf] ttype=poison
INFO     	        volbeat    prankster heavydutyboots [encore, roost, thunderwave, uturn] ttype=water
INFO     Sampling 1 unrevealed pokemon
INFO     	      garganacl purifyingsalt    leftovers [earthquake, recover, saltcure, stealthrock] ttype=dragon
INFO     Sampling battle 10
INFO     	   slowbrogalar  regenerator  assaultvest [fireblast, psychic, shellsidearm, surf] ttype=water
INFO     	        volbeat    prankster heavydutyboots [encore, roost, thunderwave, uturn] ttype=water
INFO     Sampling 1 unrevealed pokemon
INFO     	      primarina      torrent    leftovers [calmmind, drainingkiss, psychic, sparklingaria] ttype=steel
INFO     Sampling battle 11
INFO     	   slowbrogalar  regenerator  assaultvest [earthquake, psychic, shellsidearm, surf] ttype=water
INFO     	        volbeat    prankster heavydutyboots [encore, lunge, roost, thunderwave] ttype=water
INFO     Sampling 1 unrevealed pokemon
INFO     	       cacturne  waterabsorb      lifeorb [knockoff, seedbomb, suckerpunch, swordsdance] ttype=poison
INFO     Sampling battle 12
INFO     	   slowbrogalar  regenerator  assaultvest [fireblast, foulplay, psychic, shellsidearm] ttype=dark
INFO     	        volbeat    prankster heavydutyboots [encore, roost, thunderwave, uturn] ttype=water
INFO     Sampling 1 unrevealed pokemon
INFO     	    arceusfairy    multitype   pixieplate [calmmind, earthpower, judgment, recover] ttype=ground
INFO     Sampling battle 13
INFO     	   slowbrogalar  regenerator  assaultvest [earthquake, fireblast, psychic, shellsidearm] ttype=ground
INFO     	        volbeat    prankster heavydutyboots [encore, roost, thunderwave, uturn] ttype=steel
INFO     Sampling 1 unrevealed pokemon
INFO     	     wigglytuff  competitive    leftovers [dazzlinggleam, protect, thunderwave, wish] ttype=steel
INFO     Sampling battle 14
INFO     	   slowbrogalar  regenerator  assaultvest [earthquake, psychic, shellsidearm, surf] ttype=water
INFO     	        volbeat    prankster heavydutyboots [encore, lunge, roost, thunderwave] ttype=steel
INFO     Sampling 1 unrevealed pokemon
INFO     	    walkingwake protosynthesis      lifeorb [dracometeor, flamethrower, hydrosteam, sunnyday] ttype=fire
INFO     Sampling battle 15
INFO     	   slowbrogalar  regenerator  assaultvest [earthquake, foulplay, psychic, shellsidearm] ttype=dark
INFO     	        volbeat    prankster heavydutyboots [encore, lunge, roost, thunderwave] ttype=water
INFO     Sampling 1 unrevealed pokemon
INFO     	   greninjabond   battlebond      lifeorb [darkpulse, gunkshot, hydropump, icebeam] ttype=poison
INFO     Searching for a move using MCTS...
INFO     Sampling 16 battles at 500ms each
INFO     Iterations 0: 72000
INFO     Iterations 2: 86000
INFO     Iterations 1: 80000
INFO     Iterations 6: 75000
INFO     Iterations 7: 72000
INFO     Iterations 4: 71000
INFO     Iterations 5: 77000
INFO     Iterations 3: 72000
INFO     Iterations 12: 61000
INFO     Iterations 10: 57000
INFO     Iterations 8: 58000
INFO     Iterations 13: 62000
INFO     Iterations 11: 66000
INFO     Iterations 14: 62000
INFO     Iterations 9: 65000
INFO     Iterations 15: 59000
INFO     Policy 0: shadowball visited 24.33% avg_score=0.497 sample_chance_multiplier=0.062
INFO     Policy 1: switch palossand visited 38.35% avg_score=0.576 sample_chance_multiplier=0.062
INFO     Policy 2: nastyplot visited 27.59% avg_score=0.53 sample_chance_multiplier=0.062
INFO     Policy 3: shadowball visited 32.5% avg_score=0.506 sample_chance_multiplier=0.062
INFO     Policy 4: shadowball visited 44.98% avg_score=0.645 sample_chance_multiplier=0.062
INFO     Policy 5: nastyplot visited 41.74% avg_score=0.589 sample_chance_multiplier=0.062
INFO     Policy 6: nastyplot visited 40.45% avg_score=0.62 sample_chance_multiplier=0.062
INFO     Policy 7: nastyplot visited 55.83% avg_score=0.615 sample_chance_multiplier=0.062
INFO     Policy 8: nastyplot visited 50.33% avg_score=0.578 sample_chance_multiplier=0.062
INFO     Policy 9: nastyplot visited 63.44% avg_score=0.636 sample_chance_multiplier=0.062
INFO     Policy 10: nastyplot visited 66.85% avg_score=0.556 sample_chance_multiplier=0.062
INFO     Policy 11: shadowball visited 43.07% avg_score=0.586 sample_chance_multiplier=0.062
INFO     Policy 12: shadowball visited 35.11% avg_score=0.545 sample_chance_multiplier=0.062
INFO     Policy 13: nastyplot visited 54.57% avg_score=0.578 sample_chance_multiplier=0.062
INFO     Policy 14: shadowball visited 41.19% avg_score=0.607 sample_chance_multiplier=0.062
INFO     Policy 15: shadowball visited 54.9% avg_score=0.561 sample_chance_multiplier=0.062
INFO     Considered Choices:
INFO     	40.61%: nastyplot
INFO     	30.88%: shadowball
INFO     Choice: nastyplot
INFO     Updated slowbrogalar's max speed to 113
INFO     grumpig already has the move nastyplot. Decrementing the PP by 1
INFO     grumpig using nastyplot makes it unlikely to have a choice item. Setting can_have_choice_item to False
INFO     grumpig used a status-move. Adding `assaultvest` to impossible items
INFO     Setting grumpig's last used move: nastyplot
INFO     grumpig's special-attack was boosted by 2 to 2
INFO     slowbrogalar already has the move psychic. Decrementing the PP by 1
INFO     slowbrogalar used a psychic move, removing psychicgem from possible items
INFO     Setting slowbrogalar's last used move: psychic
INFO     slowbrogalar used a damaging move - not guessing lifeorb anymore
INFO     slowbrogalar did 55.22% damage to grumpig with psychic
INFO     Setting grumpig's item to: leftovers
INFO     slowbrogalar has less than maxhp during upkeep, no longer guessing leftovers or blacksludge
INFO     
INFO     Turn: 18
INFO     Sampling battle 0
INFO     	   slowbrogalar  regenerator  assaultvest [earthquake, foulplay, psychic, shellsidearm] ttype=dark
INFO     	        volbeat    prankster heavydutyboots [encore, lunge, roost, thunderwave] ttype=steel
INFO     Sampling 1 unrevealed pokemon
INFO     	   avalugghisui       sturdy heavydutyboots [avalanche, rapidspin, recover, stoneedge] ttype=ghost
INFO     Sampling battle 1
INFO     	   slowbrogalar  regenerator  assaultvest [foulplay, psychic, shellsidearm, surf] ttype=water
INFO     	        volbeat    prankster heavydutyboots [encore, lunge, roost, thunderwave] ttype=water
INFO     Sampling 1 unrevealed pokemon
INFO     	        moltres    flamebody heavydutyboots [bravebird, fireblast, roost, scorchingsands] ttype=steel
INFO     Sampling battle 2
INFO     	   slowbrogalar  regenerator  assaultvest [earthquake, foulplay, psychic, shellsidearm] ttype=dark
INFO     	        volbeat    prankster heavydutyboots [encore, lunge, roost, thunderwave] ttype=water
INFO     Sampling 1 unrevealed pokemon
INFO     	      bellossom  chlorophyll    leftovers [gigadrain, quiverdance, strengthsap, terablast] ttype=rock
INFO     Sampling battle 3
INFO     	   slowbrogalar  regenerator  assaultvest [foulplay, psychic, shellsidearm, surf] ttype=dark
INFO     	        volbeat    prankster heavydutyboots [encore, roost, thunderwave, uturn] ttype=water
INFO     Sampling 1 unrevealed pokemon
INFO     	      hitmonlee     reckless   choiceband [highjumpkick, knockoff, machpunch, stoneedge] ttype=fighting
INFO     Sampling battle 4
INFO     	   slowbrogalar  regenerator  assaultvest [fireblast, psychic, shellsidearm, surf] ttype=water
INFO     	        volbeat    prankster heavydutyboots [encore, lunge, roost, thunderwave] ttype=water
INFO     Sampling 1 unrevealed pokemon
INFO     	      cryogonal     levitate heavydutyboots [icebeam, rapidspin, recover, terablast] ttype=electric
INFO     Sampling battle 5
INFO     	   slowbrogalar  regenerator  assaultvest [earthquake, fireblast, psychic, shellsidearm] ttype=ground
INFO     	        volbeat    prankster heavydutyboots [encore, roost, thunderwave, uturn] ttype=water
INFO     Sampling 1 unrevealed pokemon
INFO     	        kleavor    sharpness   choiceband [closecombat, stoneaxe, uturn, xscissor] ttype=bug
INFO     Sampling battle 6
INFO     	   slowbrogalar  regenerator  assaultvest [fireblast, foulplay, psychic, shellsidearm] ttype=dark
INFO     	        volbeat    prankster heavydutyboots [encore, roost, thunderwave, uturn] ttype=steel
INFO     Sampling 1 unrevealed pokemon
INFO     	         comfey       triage    leftovers [calmmind, drainingkiss, gigadrain, terablast] ttype=ground
INFO     Sampling battle 7
INFO     	   slowbrogalar  regenerator  assaultvest [foulplay, psychic, shellsidearm, surf] ttype=water
INFO     	        volbeat    prankster heavydutyboots [encore, roost, thunderwave, uturn] ttype=water
INFO     Sampling 1 unrevealed pokemon
INFO     	      terapagos    terashift  chestoberry [calmmind, earthpower, rest, terastarstorm] ttype=stellar
INFO     Sampling battle 8
INFO     	   slowbrogalar  regenerator  assaultvest [earthquake, psychic, shellsidearm, surf] ttype=poison
INFO     	        volbeat    prankster heavydutyboots [encore, lunge, roost, thunderwave] ttype=steel
INFO     Sampling 1 unrevealed pokemon
INFO     	         glalie   innerfocus heavydutyboots [earthquake, freezedry, spikes, taunt] ttype=water
INFO     Sampling battle 9
INFO     	   slowbrogalar  regenerator  assaultvest [foulplay, psychic, shellsidearm, surf] ttype=water
INFO     	        volbeat    prankster heavydutyboots [encore, lunge, roost, thunderwave] ttype=water
INFO     Sampling 1 unrevealed pokemon
INFO     	       sawsbuck    sapsipper      lifeorb [doubleedge, highhorsepower, hornleech, swordsdance] ttype=normal
INFO     Sampling battle 10
INFO     	   slowbrogalar  regenerator  assaultvest [earthquake, psychic, shellsidearm, surf] ttype=water
INFO     	        volbeat    prankster heavydutyboots [encore, roost, thunderwave, uturn] ttype=steel
INFO     Sampling 1 unrevealed pokemon
INFO     	       meganium     overgrow    leftovers [earthquake, knockoff, petalblizzard, swordsdance] ttype=ground
INFO     Sampling battle 11
INFO     	   slowbrogalar  regenerator  assaultvest [fireblast, foulplay, psychic, shellsidearm] ttype=poison
INFO     	        volbeat    prankster heavydutyboots [encore, roost, thunderwave, uturn] ttype=steel
INFO     Sampling 1 unrevealed pokemon
INFO     	    stonjourner    powerspot      lifeorb [earthquake, heatcrash, stealthrock, stoneedge] ttype=fire
INFO     Sampling battle 12
INFO     	   slowbrogalar  regenerator  assaultvest [foulplay, psychic, shellsidearm, surf] ttype=water
INFO     	        volbeat    prankster heavydutyboots [encore, lunge, roost, thunderwave] ttype=steel
INFO     Sampling 1 unrevealed pokemon
INFO     	       maushold   technician     widelens [bite, encore, populationbomb, tidyup] ttype=ghost
INFO     Sampling battle 13
INFO     	   slowbrogalar  regenerator  assaultvest [earthquake, foulplay, psychic, shellsidearm] ttype=ground
INFO     	        volbeat    prankster heavydutyboots [encore, lunge, roost, thunderwave] ttype=water
INFO     Sampling 1 unrevealed pokemon
INFO     	   dugtrioalola tanglinghair      lifeorb [earthquake, ironhead, suckerpunch, swordsdance] ttype=steel
INFO     Sampling battle 14
INFO     	   slowbrogalar  regenerator  assaultvest [earthquake, foulplay, psychic, shellsidearm] ttype=ground
INFO     	        volbeat    prankster heavydutyboots [encore, lunge, roost, thunderwave] ttype=water
INFO     Sampling 1 unrevealed pokemon
INFO     	     annihilape      defiant    leftovers [bulkup, drainpunch, gunkshot, ragefist] ttype=steel
INFO     Sampling battle 15
INFO     	   slowbrogalar  regenerator  assaultvest [earthquake, psychic, shellsidearm, surf] ttype=ground
INFO     	        volbeat    prankster heavydutyboots [encore, lunge, roost, thunderwave] ttype=water
INFO     Sampling 1 unrevealed pokemon
INFO     	         pyroar      unnerve heavydutyboots [fireblast, hypervoice, taunt, workup] ttype=fire
INFO     Searching for a move using MCTS...
INFO     Sampling 16 battles at 500ms each
INFO     Iterations 0: 71000
INFO     Iterations 7: 79000
INFO     Iterations 5: 77000
INFO     Iterations 4: 76000
INFO     Iterations 3: 77000
INFO     Iterations 1: 75000
INFO     Iterations 6: 80000
INFO     Iterations 2: 81000
INFO     Iterations 8: 64000
INFO     Iterations 9: 67000
INFO     Iterations 10: 66000
INFO     Iterations 13: 64000
INFO     Iterations 12: 64000
INFO     Iterations 14: 68000
INFO     Iterations 11: 66000
INFO     Iterations 15: 67000
INFO     Policy 0: focusblast visited 49.28% avg_score=0.499 sample_chance_multiplier=0.062
INFO     Policy 1: shadowball visited 54.09% avg_score=0.511 sample_chance_multiplier=0.062
INFO     Policy 2: focusblast visited 48.85% avg_score=0.465 sample_chance_multiplier=0.062
INFO     Policy 3: focusblast visited 48.13% avg_score=0.489 sample_chance_multiplier=0.062
INFO     Policy 4: shadowball visited 47.25% avg_score=0.511 sample_chance_multiplier=0.062
INFO     Policy 5: shadowball visited 55.89% avg_score=0.525 sample_chance_multiplier=0.062
INFO     Policy 6: focusblast visited 55.13% avg_score=0.462 sample_chance_multiplier=0.062
INFO     Policy 7: shadowball visited 53.32% avg_score=0.529 sample_chance_multiplier=0.062
INFO     Policy 8: shadowball visited 51.46% avg_score=0.606 sample_chance_multiplier=0.062
INFO     Policy 9: shadowball visited 45.18% avg_score=0.463 sample_chance_multiplier=0.062
INFO     Policy 10: shadowball visited 46.25% avg_score=0.493 sample_chance_multiplier=0.062
INFO     Policy 11: psychic visited 49.92% avg_score=0.636 sample_chance_multiplier=0.062
INFO     Policy 12: shadowball visited 49.32% avg_score=0.494 sample_chance_multiplier=0.062
INFO     Policy 13: shadowball visited 54.93% avg_score=0.518 sample_chance_multiplier=0.062
INFO     Policy 14: shadowball visited 53.43% avg_score=0.519 sample_chance_multiplier=0.062
INFO     Policy 15: shadowball visited 51.16% avg_score=0.516 sample_chance_multiplier=0.062
INFO     Considered Choices:
INFO     	49.115%: shadowball
INFO     Choice: shadowball
INFO     Updated slowbrogalar's max speed to 113
INFO     slowbrogalar terastallized. Tera type: ground, Original types: ['poison', 'psychic']
INFO     grumpig already has the move shadowball. Decrementing the PP by 1
INFO     grumpig used a ghost move, removing ghostgem from possible items
INFO     Setting grumpig's last used move: shadowball
INFO     grumpig used a damaging move - not guessing lifeorb anymore
INFO     grumpig did 32.0% damage to slowbrogalar with shadowball
INFO     slowbrogalar already has the move psychic. Decrementing the PP by 1
INFO     slowbrogalar used a psychic move, removing psychicgem from possible items
INFO     Setting slowbrogalar's last used move: psychic
INFO     slowbrogalar used a damaging move - not guessing lifeorb anymore
INFO     slowbrogalar did 50.839999999999996% damage to grumpig with psychic
INFO     slowbrogalar has less than maxhp during upkeep, no longer guessing leftovers or blacksludge
INFO     Sampling battle 0
INFO     	   slowbrogalar  regenerator  assaultvest [earthquake, fireblast, psychic, shellsidearm] ttype=ground
INFO     	        volbeat    prankster heavydutyboots [encore, roost, thunderwave, uturn] ttype=steel
INFO     Sampling 1 unrevealed pokemon
INFO     	       blaziken   speedboost      lifeorb [closecombat, flareblitz, knockoff, swordsdance] ttype=dark
INFO     Sampling battle 1
INFO     	   slowbrogalar  regenerator  assaultvest [earthquake, fireblast, psychic, shellsidearm] ttype=ground
INFO     	        volbeat    prankster heavydutyboots [encore, lunge, roost, thunderwave] ttype=water
INFO     Sampling 1 unrevealed pokemon
INFO     	         tauros   sheerforce      lifeorb [bodyslam, closecombat, throatchop, zenheadbutt] ttype=fighting
INFO     Sampling battle 2
INFO     	   slowbrogalar  regenerator  assaultvest [earthquake, fireblast, psychic, shellsidearm] ttype=ground
INFO     	        volbeat    prankster heavydutyboots [encore, lunge, roost, thunderwave] ttype=steel
INFO     Sampling 1 unrevealed pokemon
INFO     	     chesnaught  bulletproof  rockyhelmet [bodypress, spikes, synthesis, woodhammer] ttype=water
INFO     Sampling battle 3
INFO     	   slowbrogalar  regenerator  assaultvest [earthquake, fireblast, psychic, shellsidearm] ttype=ground
INFO     	        volbeat    prankster heavydutyboots [encore, lunge, roost, thunderwave] ttype=water
INFO     Sampling 1 unrevealed pokemon
INFO     	      sudowoodo     rockhead   choiceband [earthquake, headsmash, suckerpunch, woodhammer] ttype=grass
INFO     Sampling battle 4
INFO     	   slowbrogalar  regenerator  assaultvest [earthquake, psychic, shellsidearm, surf] ttype=ground
INFO     	        volbeat    prankster heavydutyboots [encore, roost, thunderwave, uturn] ttype=steel
INFO     Sampling 1 unrevealed pokemon
INFO     	       ursaluna         guts     flameorb [facade, headlongrush, throatchop, trailblaze] ttype=normal
INFO     Sampling battle 5
INFO     	   slowbrogalar  regenerator  assaultvest [earthquake, fireblast, psychic, shellsidearm] ttype=ground
INFO     	        volbeat    prankster heavydutyboots [encore, roost, thunderwave, uturn] ttype=water
INFO     Sampling 1 unrevealed pokemon
INFO     	         lapras  waterabsorb heavydutyboots [freezedry, rest, sleeptalk, sparklingaria] ttype=ghost
INFO     Sampling battle 6
INFO     	   slowbrogalar  regenerator  assaultvest [earthquake, fireblast, psychic, shellsidearm] ttype=ground
INFO     	        volbeat    prankster heavydutyboots [encore, lunge, roost, thunderwave] ttype=steel
INFO     Sampling 1 unrevealed pokemon
INFO     	        chansey  naturalcure     eviolite [healbell, seismictoss, softboiled, thunderwave] ttype=poison
INFO     Sampling battle 7
INFO     	   slowbrogalar  regenerator  assaultvest [earthquake, psychic, shellsidearm, surf] ttype=ground
INFO     	        volbeat    prankster heavydutyboots [encore, lunge, roost, thunderwave] ttype=water
INFO     Sampling 1 unrevealed pokemon
INFO     	    arceusghost    multitype  spookyplate [calmmind, focusblast, judgment, recover] ttype=fighting
INFO     Sampling battle 8
INFO     	   slowbrogalar  regenerator  assaultvest [earthquake, psychic, shellsidearm, surf] ttype=ground
INFO     	        volbeat    prankster heavydutyboots [encore, lunge, roost, thunderwave] ttype=steel
INFO     Sampling 1 unrevealed pokemon
INFO     	         goodra    sapsipper  assaultvest [dracometeor, fireblast, scald, sludgebomb] ttype=poison
INFO     Sampling battle 9
INFO     	   slowbrogalar  regenerator  assaultvest [earthquake, fireblast, psychic, shellsidearm] ttype=ground
INFO     	        volbeat    prankster heavydutyboots [encore, lunge, roost, thunderwave] ttype=steel
INFO     Sampling 1 unrevealed pokemon
INFO     	      cramorant  gulpmissile heavydutyboots [bravebird, defog, roost, surf] ttype=ground
INFO     Sampling battle 10
INFO     	   slowbrogalar  regenerator  assaultvest [earthquake, foulplay, psychic, shellsidearm] ttype=ground
INFO     	        volbeat    prankster heavydutyboots [encore, roost, thunderwave, uturn] ttype=water
INFO     Sampling 1 unrevealed pokemon
INFO     	      amoonguss  regenerator    leftovers [gigadrain, sludgebomb, spore, stompingtantrum] ttype=water
INFO     Sampling battle 11
INFO     	   slowbrogalar  regenerator  assaultvest [earthquake, psychic, shellsidearm, surf] ttype=ground
INFO     	        volbeat    prankster heavydutyboots [encore, roost, thunderwave, uturn] ttype=steel
INFO     Sampling 1 unrevealed pokemon
INFO     	   avalugghisui       sturdy heavydutyboots [avalanche, rapidspin, recover, stoneedge] ttype=ghost
INFO     Sampling battle 12
INFO     	   slowbrogalar  regenerator  assaultvest [earthquake, fireblast, psychic, shellsidearm] ttype=ground
INFO     	        volbeat    prankster heavydutyboots [encore, lunge, roost, thunderwave] ttype=steel
INFO     Sampling 1 unrevealed pokemon
INFO     	       skarmory       sturdy  rockyhelmet [bodypress, bravebird, roost, spikes] ttype=fighting
INFO     Sampling battle 13
INFO     	   slowbrogalar  regenerator  assaultvest [earthquake, fireblast, psychic, shellsidearm] ttype=ground
INFO     	        volbeat    prankster heavydutyboots [encore, roost, thunderwave, uturn] ttype=water
INFO     Sampling 1 unrevealed pokemon
INFO     	            muk  poisontouch    leftovers [gunkshot, knockoff, shadowsneak, toxicspikes] ttype=dark
INFO     Sampling battle 14
INFO     	   slowbrogalar  regenerator  assaultvest [earthquake, fireblast, psychic, shellsidearm] ttype=ground
INFO     	        volbeat    prankster heavydutyboots [encore, lunge, roost, thunderwave] ttype=steel
INFO     Sampling 1 unrevealed pokemon
INFO     	      tyranitar   sandstream weaknesspolicy [dragondance, earthquake, knockoff, stoneedge] ttype=ghost
INFO     Sampling battle 15
INFO     	   slowbrogalar  regenerator  assaultvest [earthquake, psychic, shellsidearm, surf] ttype=ground
INFO     	        volbeat    prankster heavydutyboots [encore, lunge, roost, thunderwave] ttype=water
INFO     Sampling 1 unrevealed pokemon
INFO     	     pincurchin electricsurge    leftovers [recover, scald, thunderbolt, toxicspikes] ttype=water
INFO     Searching for a move using MCTS...
INFO     Sampling 16 battles at 500ms each
INFO     Iterations 0: 120000
INFO     Iterations 1: 125000
INFO     Iterations 5: 118000
INFO     Iterations 2: 132000
INFO     Iterations 3: 120000
INFO     Iterations 4: 125000
INFO     Iterations 7: 129000
INFO     Iterations 6: 132000
INFO     Iterations 9: 124000
INFO     Iterations 11: 111000
INFO     Iterations 12: 122000
INFO     Iterations 10: 121000
INFO     Iterations 8: 113000
INFO     Iterations 13: 108000
INFO     Iterations 14: 120000
INFO     Iterations 15: 117000
INFO     Policy 0: switch palossand visited 90.32% avg_score=0.528 sample_chance_multiplier=0.062
INFO     Policy 1: switch palossand visited 83.92% avg_score=0.507 sample_chance_multiplier=0.062
INFO     Policy 2: switch palossand visited 33.46% avg_score=0.402 sample_chance_multiplier=0.062
INFO     Policy 3: switch palossand visited 91.94% avg_score=0.532 sample_chance_multiplier=0.062
INFO     Policy 4: switch eiscue visited 84.12% avg_score=0.43 sample_chance_multiplier=0.062
INFO     Policy 5: switch rotommow visited 65.85% avg_score=0.449 sample_chance_multiplier=0.062
INFO     Policy 6: switch palossand visited 67.85% avg_score=0.47 sample_chance_multiplier=0.062
INFO     Policy 7: switch palossand visited 87.96% avg_score=0.468 sample_chance_multiplier=0.062
INFO     Policy 8: switch palossand visited 57.27% avg_score=0.465 sample_chance_multiplier=0.062
INFO     Policy 9: switch rotommow visited 34.65% avg_score=0.448 sample_chance_multiplier=0.062
INFO     Policy 10: switch eiscue visited 90.19% avg_score=0.483 sample_chance_multiplier=0.062
INFO     Policy 11: switch palossand visited 93.65% avg_score=0.544 sample_chance_multiplier=0.062
INFO     Policy 12: switch palossand visited 95.74% avg_score=0.534 sample_chance_multiplier=0.062
INFO     Policy 13: switch palossand visited 94.62% avg_score=0.521 sample_chance_multiplier=0.062
INFO     Policy 14: switch eiscue visited 87.46% avg_score=0.423 sample_chance_multiplier=0.062
INFO     Policy 15: switch palossand visited 95.82% avg_score=0.534 sample_chance_multiplier=0.062
INFO     Considered Choices:
INFO     	60.205%: switch palossand
INFO     Choice: switch palossand
INFO     
INFO     Turn: 19
INFO     Sampling battle 0
INFO     	   slowbrogalar  regenerator  assaultvest [earthquake, fireblast, psychic, shellsidearm] ttype=ground
INFO     	        volbeat    prankster heavydutyboots [encore, roost, thunderwave, uturn] ttype=steel
INFO     Sampling 1 unrevealed pokemon
INFO     	    slitherwing protosynthesis      lifeorb [closecombat, firstimpression, flareblitz, uturn] ttype=fire
INFO     Sampling battle 1
INFO     	   slowbrogalar  regenerator  assaultvest [earthquake, fireblast, psychic, shellsidearm] ttype=ground
INFO     	        volbeat    prankster heavydutyboots [encore, lunge, roost, thunderwave] ttype=water
INFO     Sampling 1 unrevealed pokemon
INFO     	      bellossom  chlorophyll    leftovers [gigadrain, quiverdance, strengthsap, terablast] ttype=rock
INFO     Sampling battle 2
INFO     	   slowbrogalar  regenerator  assaultvest [earthquake, fireblast, psychic, shellsidearm] ttype=ground
INFO     	        volbeat    prankster heavydutyboots [encore, roost, thunderwave, uturn] ttype=steel
INFO     Sampling 1 unrevealed pokemon
INFO     	      thundurus      defiant heavydutyboots [focusblast, nastyplot, terablast, thunderbolt] ttype=flying
INFO     Sampling battle 3
INFO     	   slowbrogalar  regenerator  assaultvest [earthquake, fireblast, psychic, shellsidearm] ttype=ground
INFO     	        volbeat    prankster heavydutyboots [encore, lunge, roost, thunderwave] ttype=steel
INFO     Sampling 1 unrevealed pokemon
INFO     	taurospaldeaaqua      cudchew  sitrusberry [bulkup, closecombat, liquidation, substitute] ttype=steel
INFO     Sampling battle 4
INFO     	   slowbrogalar  regenerator  assaultvest [earthquake, fireblast, psychic, shellsidearm] ttype=ground
INFO     	        volbeat    prankster heavydutyboots [encore, roost, thunderwave, uturn] ttype=steel
INFO     Sampling 1 unrevealed pokemon
INFO     	        weezing     levitate    leftovers [fireblast, painsplit, sludgebomb, toxicspikes] ttype=steel
INFO     Sampling battle 5
INFO     	   slowbrogalar  regenerator  assaultvest [earthquake, psychic, shellsidearm, surf] ttype=ground
INFO     	        volbeat    prankster heavydutyboots [encore, lunge, roost, thunderwave] ttype=steel
INFO     Sampling 1 unrevealed pokemon
INFO     	      araquanid  waterbubble heavydutyboots [hydropump, leechlife, liquidation, stickyweb] ttype=water
INFO     Sampling battle 6
INFO     	   slowbrogalar  regenerator  assaultvest [earthquake, fireblast, psychic, shellsidearm] ttype=ground
INFO     	        volbeat    prankster heavydutyboots [encore, roost, thunderwave, uturn] ttype=water
INFO     Sampling 1 unrevealed pokemon
INFO     	       porygon2     download     eviolite [recover, shadowball, terablast, thunderwave] ttype=fairy
INFO     Sampling battle 7
INFO     	   slowbrogalar  regenerator  assaultvest [earthquake, foulplay, psychic, shellsidearm] ttype=ground
INFO     	        volbeat    prankster heavydutyboots [encore, lunge, roost, thunderwave] ttype=steel
INFO     Sampling 1 unrevealed pokemon
INFO     	   persianalola      furcoat heavydutyboots [foulplay, partingshot, taunt, thunderwave] ttype=fairy
INFO     Sampling battle 8
INFO     	   slowbrogalar  regenerator  assaultvest [earthquake, fireblast, psychic, shellsidearm] ttype=ground
INFO     	        volbeat    prankster heavydutyboots [encore, roost, thunderwave, uturn] ttype=water
INFO     Sampling 1 unrevealed pokemon
INFO     	         raichu lightningrod  assaultvest [knockoff, nuzzle, surf, thunderbolt] ttype=water
INFO     Sampling battle 9
INFO     	   slowbrogalar  regenerator  assaultvest [earthquake, foulplay, psychic, shellsidearm] ttype=ground
INFO     	        volbeat    prankster heavydutyboots [encore, lunge, roost, thunderwave] ttype=water
INFO     Sampling 1 unrevealed pokemon
INFO     	      mandibuzz     overcoat heavydutyboots [defog, foulplay, roost, uturn] ttype=steel
INFO     Sampling battle 10
INFO     	   slowbrogalar  regenerator  assaultvest [earthquake, psychic, shellsidearm, surf] ttype=ground
INFO     	        volbeat    prankster heavydutyboots [encore, roost, thunderwave, uturn] ttype=water
INFO     Sampling 1 unrevealed pokemon
INFO     	         kyurem     pressure   loadeddice [dragondance, iciclespear, scaleshot, terablast] ttype=ground
INFO     Sampling battle 11
INFO     	   slowbrogalar  regenerator  assaultvest [earthquake, psychic, shellsidearm, surf] ttype=ground
INFO     	        volbeat    prankster heavydutyboots [encore, lunge, roost, thunderwave] ttype=water
INFO     Sampling 1 unrevealed pokemon
INFO     	squawkabillyblue         guts     flameorb [bravebird, facade, protect, quickattack] ttype=normal
INFO     Sampling battle 12
INFO     	   slowbrogalar  regenerator  assaultvest [earthquake, psychic, shellsidearm, surf] ttype=ground
INFO     	        volbeat    prankster heavydutyboots [encore, roost, thunderwave, uturn] ttype=water
INFO     Sampling 1 unrevealed pokemon
INFO     	   squawkabilly         guts     flameorb [bravebird, facade, quickattack, uturn] ttype=normal
INFO     Sampling battle 13
INFO     	   slowbrogalar  regenerator  assaultvest [earthquake, foulplay, psychic, shellsidearm] ttype=ground
INFO     	        volbeat    prankster heavydutyboots [encore, roost, thunderwave, uturn] ttype=water
INFO     Sampling 1 unrevealed pokemon
INFO     	        zoroark     illusion  choicespecs [darkpulse, focusblast, psychic, sludgebomb] ttype=poison
INFO     Sampling battle 14
INFO     	   slowbrogalar  regenerator  assaultvest [earthquake, fireblast, psychic, shellsidearm] ttype=ground
INFO     	        volbeat    prankster heavydutyboots [encore, roost, thunderwave, uturn] ttype=steel
INFO     Sampling 1 unrevealed pokemon
INFO     	      regigigas    slowstart    leftovers [bodyslam, knockoff, protect, substitute] ttype=ghost
INFO     Sampling battle 15
INFO     	   slowbrogalar  regenerator  assaultvest [earthquake, psychic, shellsidearm, surf] ttype=ground
INFO     	        volbeat    prankster heavydutyboots [encore, roost, thunderwave, uturn] ttype=water
INFO     Sampling 1 unrevealed pokemon
INFO     	      zamazenta dauntlessshield    leftovers [bodypress, crunch, irondefense, ironhead] ttype=steel
INFO     Searching for a move using MCTS...
INFO     Sampling 16 battles at 500ms each
INFO     Iterations 5: 81000
INFO     Iterations 3: 83000
INFO     Iterations 4: 76000
INFO     Iterations 6: 84000
INFO     Iterations 2: 88000
INFO     Iterations 7: 86000
INFO     Iterations 0: 82000
INFO     Iterations 1: 87000
INFO     Iterations 9: 75000
INFO     Iterations 8: 71000
INFO     Iterations 10: 72000
INFO     Iterations 12: 73000
INFO     Iterations 13: 64000
INFO     Iterations 11: 75000
INFO     Iterations 15: 70000
INFO     Iterations 14: 70000
INFO     Policy 0: shadowball visited 67.24% avg_score=0.544 sample_chance_multiplier=0.062
INFO     Policy 1: switch rotommow visited 21.05% avg_score=0.27 sample_chance_multiplier=0.062
INFO     Policy 2: shadowball visited 81.95% avg_score=0.527 sample_chance_multiplier=0.062
INFO     Policy 3: shadowball visited 72.57% avg_score=0.542 sample_chance_multiplier=0.062
INFO     Policy 4: shadowball visited 83.98% avg_score=0.512 sample_chance_multiplier=0.062
INFO     Policy 5: shadowball visited 45.17% avg_score=0.315 sample_chance_multiplier=0.062
INFO     Policy 6: earthpower visited 43.75% avg_score=0.341 sample_chance_multiplier=0.062
INFO     Policy 7: earthpower visited 70.74% avg_score=0.496 sample_chance_multiplier=0.062
INFO     Policy 8: shadowball visited 53.21% avg_score=0.547 sample_chance_multiplier=0.062
INFO     Policy 9: shadowball visited 40.67% avg_score=0.459 sample_chance_multiplier=0.062
INFO     Policy 10: earthpower visited 58.67% avg_score=0.426 sample_chance_multiplier=0.062
INFO     Policy 11: stealthrock visited 57.5% avg_score=0.382 sample_chance_multiplier=0.062
INFO     Policy 12: stealthrock visited 40.54% avg_score=0.365 sample_chance_multiplier=0.062
INFO     Policy 13: earthpower visited 63.52% avg_score=0.412 sample_chance_multiplier=0.062
INFO     Policy 14: earthpower visited 58.53% avg_score=0.454 sample_chance_multiplier=0.062
INFO     Policy 15: shadowball visited 58.41% avg_score=0.532 sample_chance_multiplier=0.062
INFO     Considered Choices:
INFO     	38.429%: shadowball
INFO     	30.795%: earthpower
INFO     Choice: earthpower
INFO     Opponent has switched - clearing the last used move
INFO     slowbrogalar switched out with regenerator. Healing it to 181.82/307
INFO     palossand already has the move earthpower. Decrementing the PP by 1
INFO     palossand used a ground move, removing groundgem from possible items
INFO     Setting palossand's last used move: earthpower
INFO     palossand used a damaging move - not guessing lifeorb anymore
INFO     palossand did 19.0% damage to volbeat with earthpower
INFO     Setting palossand's item to: leftovers
INFO     volbeat has less than maxhp during upkeep, no longer guessing leftovers or blacksludge
INFO     
INFO     Turn: 20
INFO     Sampling battle 0
INFO     	        volbeat    prankster heavydutyboots [encore, lunge, roost, thunderwave] ttype=water
INFO     	   slowbrogalar  regenerator  assaultvest [earthquake, psychic, shellsidearm, surf] ttype=ground
INFO     Sampling 1 unrevealed pokemon
INFO     	       gyarados        moxie heavydutyboots [dragondance, earthquake, temperflare, waterfall] ttype=ground
INFO     Sampling battle 1
INFO     	        volbeat    prankster heavydutyboots [encore, lunge, roost, thunderwave] ttype=steel
INFO     	   slowbrogalar  regenerator  assaultvest [earthquake, psychic, shellsidearm, surf] ttype=ground
INFO     Sampling 1 unrevealed pokemon
INFO     	       granbull   intimidate    leftovers [earthquake, playrough, roar, thunderwave] ttype=ground
INFO     Sampling battle 2
INFO     	        volbeat    prankster heavydutyboots [encore, roost, thunderwave, uturn] ttype=steel
INFO     	   slowbrogalar  regenerator  assaultvest [earthquake, fireblast, psychic, shellsidearm] ttype=ground
INFO     Sampling 1 unrevealed pokemon
INFO     	     skeledirge      unaware heavydutyboots [flamecharge, shadowball, slackoff, torchsong] ttype=water
INFO     Sampling battle 3
INFO     	        volbeat    prankster heavydutyboots [encore, roost, thunderwave, uturn] ttype=water
INFO     	   slowbrogalar  regenerator  assaultvest [earthquake, psychic, shellsidearm, surf] ttype=ground
INFO     Sampling 1 unrevealed pokemon
INFO     	   arceusground    multitype   earthplate [calmmind, icebeam, judgment, recover] ttype=dragon
INFO     Sampling battle 4
INFO     	        volbeat    prankster heavydutyboots [encore, lunge, roost, thunderwave] ttype=water
INFO     	   slowbrogalar  regenerator  assaultvest [earthquake, psychic, shellsidearm, surf] ttype=ground
INFO     Sampling 1 unrevealed pokemon
INFO     	     irontreads   quarkdrive  assaultvest [earthquake, ironhead, knockoff, rapidspin] ttype=ghost
INFO     Sampling battle 5
INFO     	        volbeat    prankster heavydutyboots [encore, lunge, roost, thunderwave] ttype=steel
INFO     	   slowbrogalar  regenerator  assaultvest [earthquake, fireblast, psychic, shellsidearm] ttype=ground
INFO     Sampling 1 unrevealed pokemon
INFO     	       lurantis     contrary    leftovers [knockoff, leafstorm, superpower, synthesis] ttype=fighting
INFO     Sampling battle 6
INFO     	        volbeat    prankster heavydutyboots [encore, roost, thunderwave, uturn] ttype=water
INFO     	   slowbrogalar  regenerator  assaultvest [earthquake, fireblast, psychic, shellsidearm] ttype=ground
INFO     Sampling 1 unrevealed pokemon
INFO     	    basculegion adaptability  assaultvest [aquajet, flipturn, shadowball, wavecrash] ttype=water
INFO     Sampling battle 7
INFO     	        volbeat    prankster heavydutyboots [encore, roost, thunderwave, uturn] ttype=steel
INFO     	   slowbrogalar  regenerator  assaultvest [earthquake, fireblast, psychic, shellsidearm] ttype=ground
INFO     Sampling 1 unrevealed pokemon
INFO     	        groudon      drought    leftovers [heatcrash, precipiceblades, stoneedge, swordsdance] ttype=fire
INFO     Sampling battle 8
INFO     	        volbeat    prankster heavydutyboots [encore, lunge, roost, thunderwave] ttype=water
INFO     	   slowbrogalar  regenerator  assaultvest [earthquake, psychic, shellsidearm, surf] ttype=ground
INFO     Sampling 1 unrevealed pokemon
INFO     	       tsareena queenlymajesty      lifeorb [highjumpkick, powerwhip, synthesis, tripleaxel] ttype=steel
INFO     Sampling battle 9
INFO     	        volbeat    prankster heavydutyboots [encore, lunge, roost, thunderwave] ttype=steel
INFO     	   slowbrogalar  regenerator  assaultvest [earthquake, fireblast, psychic, shellsidearm] ttype=ground
INFO     Sampling 1 unrevealed pokemon
INFO     	      garganacl purifyingsalt    leftovers [bodypress, recover, saltcure, stealthrock] ttype=dragon
INFO     Sampling battle 10
INFO     	        volbeat    prankster heavydutyboots [encore, lunge, roost, thunderwave] ttype=steel
INFO     	   slowbrogalar  regenerator  assaultvest [earthquake, foulplay, psychic, shellsidearm] ttype=ground
INFO     Sampling 1 unrevealed pokemon
INFO     	        kleavor    sharpness heavydutyboots [closecombat, defog, stoneaxe, xscissor] ttype=rock
INFO     Sampling battle 11
INFO     	        volbeat    prankster heavydutyboots [encore, lunge, roost, thunderwave] ttype=steel
INFO     	   slowbrogalar  regenerator  assaultvest [earthquake, fireblast, psychic, shellsidearm] ttype=ground
INFO     Sampling 1 unrevealed pokemon
INFO     	     skeledirge      unaware heavydutyboots [hex, slackoff, torchsong, willowisp] ttype=fairy
INFO     Sampling battle 12
INFO     	        volbeat    prankster heavydutyboots [encore, roost, thunderwave, uturn] ttype=steel
INFO     	   slowbrogalar  regenerator  assaultvest [earthquake, psychic, shellsidearm, surf] ttype=ground
INFO     Sampling 1 unrevealed pokemon
INFO     	       skuntank    aftermath      lifeorb [gunkshot, knockoff, suckerpunch, taunt] ttype=poison
INFO     Sampling battle 13
INFO     	        volbeat    prankster heavydutyboots [encore, roost, thunderwave, uturn] ttype=water
INFO     	   slowbrogalar  regenerator  assaultvest [earthquake, psychic, shellsidearm, surf] ttype=ground
INFO     Sampling 1 unrevealed pokemon
INFO     	ursalunabloodmoon     mindseye    leftovers [bloodmoon, calmmind, moonlight, vacuumwave] ttype=poison
INFO     Sampling battle 14
INFO     	        volbeat    prankster heavydutyboots [encore, lunge, roost, thunderwave] ttype=water
INFO     	   slowbrogalar  regenerator  assaultvest [earthquake, psychic, shellsidearm, surf] ttype=ground
INFO     Sampling 1 unrevealed pokemon
INFO     	      bellossom  chlorophyll    leftovers [gigadrain, quiverdance, strengthsap, terablast] ttype=fire
INFO     Sampling battle 15
INFO     	        volbeat    prankster heavydutyboots [encore, roost, thunderwave, uturn] ttype=steel
INFO     	   slowbrogalar  regenerator  assaultvest [earthquake, fireblast, psychic, shellsidearm] ttype=ground
INFO     Sampling 1 unrevealed pokemon
INFO     	      cramorant  gulpmissile heavydutyboots [bravebird, defog, roost, surf] ttype=ground
INFO     Searching for a move using MCTS...
INFO     Sampling 16 battles at 500ms each
INFO     Iterations 1: 84000
INFO     Iterations 0: 90000
INFO     Iterations 7: 82000
INFO     Iterations 3: 89000
INFO     Iterations 5: 84000
INFO     Iterations 6: 87000
INFO     Iterations 2: 84000
INFO     Iterations 4: 90000
INFO     Iterations 9: 69000
INFO     Iterations 11: 70000
INFO     Iterations 10: 72000
INFO     Iterations 8: 69000
INFO     Iterations 13: 74000
INFO     Iterations 12: 72000
INFO     Iterations 15: 75000
INFO     Iterations 14: 77000
INFO     Policy 0: shadowball visited 62.48% avg_score=0.513 sample_chance_multiplier=0.062
INFO     Policy 1: shadowball visited 60.21% avg_score=0.524 sample_chance_multiplier=0.062
INFO     Policy 2: shadowball visited 67.89% avg_score=0.565 sample_chance_multiplier=0.062
INFO     Policy 3: shadowball visited 54.05% avg_score=0.528 sample_chance_multiplier=0.062
INFO     Policy 4: shadowball visited 62.54% avg_score=0.536 sample_chance_multiplier=0.062
INFO     Policy 5: switch eiscue visited 28.98% avg_score=0.273 sample_chance_multiplier=0.062
INFO     Policy 6: shadowball visited 66.2% avg_score=0.551 sample_chance_multiplier=0.062
INFO     Policy 7: shadowball visited 61.15% avg_score=0.555 sample_chance_multiplier=0.062
INFO     Policy 8: shadowball visited 47.18% avg_score=0.508 sample_chance_multiplier=0.062
INFO     Policy 9: shadowball visited 55.09% avg_score=0.531 sample_chance_multiplier=0.062
INFO     Policy 10: shadowball visited 64.26% avg_score=0.535 sample_chance_multiplier=0.062
INFO     Policy 11: shadowball visited 65.37% avg_score=0.535 sample_chance_multiplier=0.062
INFO     Policy 12: shadowball visited 51.88% avg_score=0.571 sample_chance_multiplier=0.062
INFO     Policy 13: earthpower visited 70.43% avg_score=0.489 sample_chance_multiplier=0.062
INFO     Policy 14: switch rotommow visited 25.46% avg_score=0.333 sample_chance_multiplier=0.062
INFO     Policy 15: shadowball visited 66.8% avg_score=0.533 sample_chance_multiplier=0.062
INFO     Considered Choices:
INFO     	52.051%: shadowball
INFO     Choice: shadowball
INFO     volbeat already has the move encore. Decrementing the PP by 1
INFO     volbeat used a status-move. Adding `assaultvest` to impossible items
INFO     Setting volbeat's last used move: encore
INFO     Starting the volatile status encore on palossand
INFO     Incrementing encore duration for palossand to 1
INFO     palossand already has the move earthpower. Decrementing the PP by 1
INFO     palossand used a ground move, removing groundgem from possible items
INFO     Setting palossand's last used move: earthpower
INFO     palossand used a damaging move - not guessing lifeorb anymore
INFO     palossand did 20.0% damage to volbeat with earthpower
INFO     volbeat's special-defense was unboosted by 1 to -1
INFO     volbeat has less than maxhp during upkeep, no longer guessing leftovers or blacksludge
INFO     
INFO     Turn: 21
INFO     Sampling battle 0
INFO     	        volbeat    prankster heavydutyboots [encore, roost, thunderwave, uturn] ttype=steel
INFO     	   slowbrogalar  regenerator  assaultvest [earthquake, foulplay, psychic, shellsidearm] ttype=ground
INFO     Sampling 1 unrevealed pokemon
INFO     	    slitherwing protosynthesis heavydutyboots [closecombat, morningsun, uturn, willowisp] ttype=steel
INFO     Sampling battle 1
INFO     	        volbeat    prankster heavydutyboots [encore, lunge, roost, thunderwave] ttype=water
INFO     	   slowbrogalar  regenerator  assaultvest [earthquake, psychic, shellsidearm, surf] ttype=ground
INFO     Sampling 1 unrevealed pokemon
INFO     	         scizor   technician    leftovers [bulletpunch, closecombat, defog, uturn] ttype=dragon
INFO     Sampling battle 2
INFO     	        volbeat    prankster heavydutyboots [encore, lunge, roost, thunderwave] ttype=water
INFO     	   slowbrogalar  regenerator  assaultvest [earthquake, fireblast, psychic, shellsidearm] ttype=ground
INFO     Sampling 1 unrevealed pokemon
INFO     	       skarmory       sturdy  rockyhelmet [bodypress, bravebird, roost, spikes] ttype=fighting
INFO     Sampling battle 3
INFO     	        volbeat    prankster heavydutyboots [encore, lunge, roost, thunderwave] ttype=water
INFO     	   slowbrogalar  regenerator  assaultvest [earthquake, fireblast, psychic, shellsidearm] ttype=ground
INFO     Sampling 1 unrevealed pokemon
INFO     	      primarina  liquidvoice    leftovers [calmmind, drainingkiss, moonblast, psychicnoise] ttype=poison
INFO     Sampling battle 4
INFO     	        volbeat    prankster heavydutyboots [encore, lunge, roost, thunderwave] ttype=water
INFO     	   slowbrogalar  regenerator  assaultvest [earthquake, fireblast, psychic, shellsidearm] ttype=ground
INFO     Sampling 1 unrevealed pokemon
INFO     	      arceusice    multitype  icicleplate [calmmind, judgment, recover, thunderbolt] ttype=electric
INFO     Sampling battle 5
INFO     	        volbeat    prankster heavydutyboots [encore, lunge, roost, thunderwave] ttype=water
INFO     	   slowbrogalar  regenerator  assaultvest [earthquake, psychic, shellsidearm, surf] ttype=ground
INFO     Sampling 1 unrevealed pokemon
INFO     	   crabominable     ironfist  assaultvest [drainpunch, earthquake, icehammer, knockoff] ttype=ground
INFO     Sampling battle 6
INFO     	        volbeat    prankster heavydutyboots [encore, lunge, roost, thunderwave] ttype=water
INFO     	   slowbrogalar  regenerator  assaultvest [earthquake, psychic, shellsidearm, surf] ttype=ground
INFO     Sampling 1 unrevealed pokemon
INFO     	        altaria  naturalcure heavydutyboots [bravebird, defog, earthquake, roost] ttype=steel
INFO     Sampling battle 7
INFO     	        volbeat    prankster heavydutyboots [encore, roost, thunderwave, uturn] ttype=steel
INFO     	   slowbrogalar  regenerator  assaultvest [earthquake, fireblast, psychic, shellsidearm] ttype=ground
INFO     Sampling 1 unrevealed pokemon
INFO     	      hitmontop   intimidate  assaultvest [closecombat, earthquake, rapidspin, suckerpunch] ttype=steel
INFO     Sampling battle 8
INFO     	        volbeat    prankster heavydutyboots [encore, roost, thunderwave, uturn] ttype=water
INFO     	   slowbrogalar  regenerator  assaultvest [earthquake, psychic, shellsidearm, surf] ttype=ground
INFO     Sampling 1 unrevealed pokemon
INFO     	       meganium     overgrow    leftovers [energyball, knockoff, leechseed, synthesis] ttype=water
INFO     Sampling battle 9
INFO     	        volbeat    prankster heavydutyboots [encore, lunge, roost, thunderwave] ttype=steel
INFO     	   slowbrogalar  regenerator  assaultvest [earthquake, foulplay, psychic, shellsidearm] ttype=ground
INFO     Sampling 1 unrevealed pokemon
INFO     	      decidueye     overgrow      lifeorb [leafblade, poltergeist, shadowsneak, swordsdance] ttype=ghost
INFO     Sampling battle 10
INFO     	        volbeat    prankster heavydutyboots [encore, roost, thunderwave, uturn] ttype=water
INFO     	   slowbrogalar  regenerator  assaultvest [earthquake, foulplay, psychic, shellsidearm] ttype=ground
INFO     Sampling 1 unrevealed pokemon
INFO     	  zaciancrowned intrepidsword  rustedsword [behemothblade, closecombat, playrough, swordsdance] ttype=fighting
INFO     Sampling battle 11
INFO     	        volbeat    prankster heavydutyboots [encore, lunge, roost, thunderwave] ttype=steel
INFO     	   slowbrogalar  regenerator  assaultvest [earthquake, fireblast, psychic, shellsidearm] ttype=ground
INFO     Sampling 1 unrevealed pokemon
INFO     	        golduck    cloudnine      lifeorb [grassknot, hydropump, icebeam, nastyplot] ttype=grass
INFO     Sampling battle 12
INFO     	        volbeat    prankster heavydutyboots [encore, lunge, roost, thunderwave] ttype=steel
INFO     	   slowbrogalar  regenerator  assaultvest [earthquake, fireblast, psychic, shellsidearm] ttype=ground
INFO     Sampling 1 unrevealed pokemon
INFO     	   basculegionf adaptability  assaultvest [flipturn, hydropump, shadowball, wavecrash] ttype=water
INFO     Sampling battle 13
INFO     	        volbeat    prankster heavydutyboots [encore, lunge, roost, thunderwave] ttype=steel
INFO     	   slowbrogalar  regenerator  assaultvest [earthquake, fireblast, psychic, shellsidearm] ttype=ground
INFO     Sampling 1 unrevealed pokemon
INFO     	        luvdisc    swiftswim heavydutyboots [endeavor, flipturn, substitute, surf] ttype=ghost
INFO     Sampling battle 14
INFO     	        volbeat    prankster heavydutyboots [encore, lunge, roost, thunderwave] ttype=steel
INFO     	   slowbrogalar  regenerator  assaultvest [earthquake, foulplay, psychic, shellsidearm] ttype=ground
INFO     Sampling 1 unrevealed pokemon
INFO     	       reshiram   turboblaze heavydutyboots [dragondance, flareblitz, outrage, stoneedge] ttype=dragon
INFO     Sampling battle 15
INFO     	        volbeat    prankster heavydutyboots [encore, roost, thunderwave, uturn] ttype=water
INFO     	   slowbrogalar  regenerator  assaultvest [earthquake, foulplay, psychic, shellsidearm] ttype=ground
INFO     Sampling 1 unrevealed pokemon
INFO     	        bisharp      defiant     eviolite [ironhead, suckerpunch, swordsdance, throatchop] ttype=ghost
INFO     Searching for a move using MCTS...
INFO     Sampling 16 battles at 500ms each
INFO     Iterations 0: 79000
INFO     Iterations 1: 83000
INFO     Iterations 7: 76000
INFO     Iterations 2: 85000
INFO     Iterations 6: 83000
INFO     Iterations 4: 91000
INFO     Iterations 3: 82000
INFO     Iterations 5: 88000
INFO     Iterations 9: 73000
INFO     Iterations 13: 68000
INFO     Iterations 8: 64000
INFO     Iterations 15: 68000
INFO     Iterations 10: 68000
INFO     Iterations 11: 67000
INFO     Iterations 12: 67000
INFO     Iterations 14: 68000
INFO     Policy 0: earthpower visited 88.37% avg_score=0.44 sample_chance_multiplier=0.062
INFO     Policy 1: earthpower visited 88.52% avg_score=0.444 sample_chance_multiplier=0.062
INFO     Policy 2: earthpower visited 69.17% avg_score=0.41 sample_chance_multiplier=0.062
INFO     Policy 3: earthpower visited 65.27% avg_score=0.371 sample_chance_multiplier=0.062
INFO     Policy 4: earthpower visited 50.09% avg_score=0.302 sample_chance_multiplier=0.062
INFO     Policy 5: earthpower visited 57.36% avg_score=0.35 sample_chance_multiplier=0.062
INFO     Policy 6: earthpower visited 83.67% avg_score=0.436 sample_chance_multiplier=0.062
INFO     Policy 7: earthpower visited 91.74% avg_score=0.428 sample_chance_multiplier=0.062
INFO     Policy 8: earthpower visited 65.21% avg_score=0.302 sample_chance_multiplier=0.062
INFO     Policy 9: earthpower visited 74.49% avg_score=0.416 sample_chance_multiplier=0.062
INFO     Policy 10: earthpower visited 94.8% avg_score=0.47 sample_chance_multiplier=0.062
INFO     Policy 11: earthpower visited 89.49% avg_score=0.431 sample_chance_multiplier=0.062
INFO     Policy 12: earthpower visited 79.52% avg_score=0.4 sample_chance_multiplier=0.062
INFO     Policy 13: earthpower visited 89.99% avg_score=0.45 sample_chance_multiplier=0.062
INFO     Policy 14: earthpower visited 89.97% avg_score=0.444 sample_chance_multiplier=0.062
INFO     Policy 15: earthpower visited 94.5% avg_score=0.469 sample_chance_multiplier=0.062
INFO     Considered Choices:
INFO     	79.512%: earthpower
INFO     Choice: earthpower
INFO     volbeat used two different moves - it cannot have a choice item
INFO     volbeat using roost makes it unlikely to have a choice item. Setting can_have_choice_item to False
INFO     volbeat used a status-move. Adding `assaultvest` to impossible items
INFO     Setting volbeat's last used move: roost
INFO     volbeat has acquired the 'roost' volatilestatus
INFO     Incrementing encore duration for palossand to 2
INFO     palossand already has the move earthpower. Decrementing the PP by 1
INFO     palossand used a ground move, removing groundgem from possible items
INFO     Setting palossand's last used move: earthpower
INFO     palossand used a damaging move - not guessing lifeorb anymore
INFO     palossand did 27.0% damage to volbeat with earthpower
INFO     Removing 'roost' from volbeat's volatiles
INFO     volbeat has less than maxhp during upkeep, no longer guessing leftovers or blacksludge
INFO     
INFO     Turn: 22
INFO     Sampling battle 0
INFO     	        volbeat    prankster heavydutyboots [encore, roost, thunderwave, uturn] ttype=steel
INFO     	   slowbrogalar  regenerator  assaultvest [earthquake, foulplay, psychic, shellsidearm] ttype=ground
INFO     Sampling 1 unrevealed pokemon
INFO     	      dragapult  infiltrator heavydutyboots [dragondarts, hex, uturn, willowisp] ttype=fairy
INFO     Sampling battle 1
INFO     	        volbeat    prankster heavydutyboots [encore, lunge, roost, thunderwave] ttype=water
INFO     	   slowbrogalar  regenerator  assaultvest [earthquake, foulplay, psychic, shellsidearm] ttype=ground
INFO     Sampling 1 unrevealed pokemon
INFO     	     skeledirge      unaware heavydutyboots [flamecharge, shadowball, slackoff, torchsong] ttype=fairy
INFO     Sampling battle 2
INFO     	        volbeat    prankster heavydutyboots [encore, roost, thunderwave, uturn] ttype=steel
INFO     	   slowbrogalar  regenerator  assaultvest [earthquake, foulplay, psychic, shellsidearm] ttype=ground
INFO     Sampling 1 unrevealed pokemon
INFO     	       delibird       hustle heavydutyboots [bravebird, drillrun, icespinner, spikes] ttype=flying
INFO     Sampling battle 3
INFO     	        volbeat    prankster heavydutyboots [encore, roost, thunderwave, uturn] ttype=water
INFO     	   slowbrogalar  regenerator  assaultvest [earthquake, fireblast, psychic, shellsidearm] ttype=ground
INFO     Sampling 1 unrevealed pokemon
INFO     	       magearna    soulheart    leftovers [calmmind, flashcannon, fleurcannon, shiftgear] ttype=fairy
INFO     Sampling battle 4
INFO     	        volbeat    prankster heavydutyboots [encore, roost, thunderwave, uturn] ttype=water
INFO     	   slowbrogalar  regenerator  assaultvest [earthquake, foulplay, psychic, shellsidearm] ttype=ground
INFO     Sampling 1 unrevealed pokemon
INFO     	      spiritomb  infiltrator    leftovers [foulplay, poltergeist, suckerpunch, toxic] ttype=poison
INFO     Sampling battle 5
INFO     	        volbeat    prankster heavydutyboots [encore, roost, thunderwave, uturn] ttype=steel
INFO     	   slowbrogalar  regenerator  assaultvest [earthquake, fireblast, psychic, shellsidearm] ttype=ground
INFO     Sampling 1 unrevealed pokemon
INFO     	     annihilape      defiant    leftovers [bulkup, drainpunch, gunkshot, ragefist] ttype=steel
INFO     Sampling battle 6
INFO     	        volbeat    prankster heavydutyboots [encore, lunge, roost, thunderwave] ttype=steel
INFO     	   slowbrogalar  regenerator  assaultvest [earthquake, psychic, shellsidearm, surf] ttype=ground
INFO     Sampling 1 unrevealed pokemon
INFO     	       chienpao  swordofruin   choiceband [iceshard, iciclecrash, sacredsword, throatchop] ttype=dark
INFO     Sampling battle 7
INFO     	        volbeat    prankster heavydutyboots [encore, lunge, roost, thunderwave] ttype=steel
INFO     	   slowbrogalar  regenerator  assaultvest [earthquake, foulplay, psychic, shellsidearm] ttype=ground
INFO     Sampling 1 unrevealed pokemon
INFO     	     typhlosion    flashfire  choicespecs [eruption, fireblast, focusblast, scorchingsands] ttype=fire
INFO     Sampling battle 8
INFO     	        volbeat    prankster heavydutyboots [encore, roost, thunderwave, uturn] ttype=water
INFO     	   slowbrogalar  regenerator  assaultvest [earthquake, psychic, shellsidearm, surf] ttype=ground
INFO     Sampling 1 unrevealed pokemon
INFO     	        avalugg       sturdy heavydutyboots [avalanche, bodypress, rapidspin, recover] ttype=fighting
INFO     Sampling battle 9
INFO     	        volbeat    prankster heavydutyboots [encore, roost, thunderwave, uturn] ttype=water
INFO     	   slowbrogalar  regenerator  assaultvest [earthquake, psychic, shellsidearm, surf] ttype=ground
INFO     Sampling 1 unrevealed pokemon
INFO     	       skarmory       sturdy  rockyhelmet [bravebird, roost, spikes, whirlwind] ttype=dragon
INFO     Sampling battle 10
INFO     	        volbeat    prankster heavydutyboots [encore, lunge, roost, thunderwave] ttype=steel
INFO     	   slowbrogalar  regenerator  assaultvest [earthquake, psychic, shellsidearm, surf] ttype=ground
INFO     Sampling 1 unrevealed pokemon
INFO     	      cryogonal     levitate heavydutyboots [flashcannon, freezedry, rapidspin, recover] ttype=steel
INFO     Sampling battle 11
INFO     	        volbeat    prankster heavydutyboots [encore, lunge, roost, thunderwave] ttype=steel
INFO     	   slowbrogalar  regenerator  assaultvest [earthquake, foulplay, psychic, shellsidearm] ttype=ground
INFO     Sampling 1 unrevealed pokemon
INFO     	        sableye    prankster    leftovers [encore, knockoff, recover, willowisp] ttype=poison
INFO     Sampling battle 12
INFO     	        volbeat    prankster heavydutyboots [encore, lunge, roost, thunderwave] ttype=water
INFO     	   slowbrogalar  regenerator  assaultvest [earthquake, fireblast, psychic, shellsidearm] ttype=ground
INFO     Sampling 1 unrevealed pokemon
INFO     	      ninetales      drought heavydutyboots [fireblast, nastyplot, scorchingsands, solarbeam] ttype=fire
INFO     Sampling battle 13
INFO     	        volbeat    prankster heavydutyboots [encore, roost, thunderwave, uturn] ttype=water
INFO     	   slowbrogalar  regenerator  assaultvest [earthquake, psychic, shellsidearm, surf] ttype=ground
INFO     Sampling 1 unrevealed pokemon
INFO     	      ninetales      drought heavydutyboots [fireblast, nastyplot, scorchingsands, solarbeam] ttype=grass
INFO     Sampling battle 14
INFO     	        volbeat    prankster heavydutyboots [encore, lunge, roost, thunderwave] ttype=water
INFO     	   slowbrogalar  regenerator  assaultvest [earthquake, fireblast, psychic, shellsidearm] ttype=ground
INFO     Sampling 1 unrevealed pokemon
INFO     	     talonflame    flamebody heavydutyboots [bravebird, flareblitz, swordsdance, terablast] ttype=ground
INFO     Sampling battle 15
INFO     	        volbeat    prankster heavydutyboots [encore, lunge, roost, thunderwave] ttype=water
INFO     	   slowbrogalar  regenerator  assaultvest [earthquake, psychic, shellsidearm, surf] ttype=ground
INFO     Sampling 1 unrevealed pokemon
INFO     	         dialga     pressure    leftovers [dracometeor, fireblast, heavyslam, thunderwave] ttype=dragon
INFO     Searching for a move using MCTS...
INFO     Sampling 16 battles at 500ms each
INFO     Iterations 0: 85000
INFO     Iterations 1: 82000
INFO     Iterations 7: 82000
INFO     Iterations 5: 77000
INFO     Iterations 4: 81000
INFO     Iterations 2: 85000
INFO     Iterations 6: 83000
INFO     Iterations 3: 81000
INFO     Iterations 8: 58000
INFO     Iterations 12: 64000
INFO     Iterations 11: 65000
INFO     Iterations 9: 62000
INFO     Iterations 13: 63000
INFO     Iterations 10: 63000
INFO     Iterations 14: 63000
INFO     Iterations 15: 65000
INFO     Policy 0: earthpower visited 90.1% avg_score=0.486 sample_chance_multiplier=0.062
INFO     Policy 1: earthpower visited 89.69% avg_score=0.439 sample_chance_multiplier=0.062
INFO     Policy 2: earthpower visited 82.13% avg_score=0.433 sample_chance_multiplier=0.062
INFO     Policy 3: earthpower visited 94.27% avg_score=0.465 sample_chance_multiplier=0.062
INFO     Policy 4: earthpower visited 87.46% avg_score=0.473 sample_chance_multiplier=0.062
INFO     Policy 5: earthpower visited 93.65% avg_score=0.459 sample_chance_multiplier=0.062
INFO     Policy 6: earthpower visited 81.21% avg_score=0.447 sample_chance_multiplier=0.062
INFO     Policy 7: earthpower visited 85.32% avg_score=0.412 sample_chance_multiplier=0.062
INFO     Policy 8: earthpower visited 93.07% avg_score=0.482 sample_chance_multiplier=0.062
INFO     Policy 9: earthpower visited 81.01% avg_score=0.408 sample_chance_multiplier=0.062
INFO     Policy 10: switch eiscue visited 37.33% avg_score=0.331 sample_chance_multiplier=0.062
INFO     Policy 11: earthpower visited 82.63% avg_score=0.46 sample_chance_multiplier=0.062
INFO     Policy 12: earthpower visited 90.71% avg_score=0.442 sample_chance_multiplier=0.062
INFO     Policy 13: earthpower visited 93.32% avg_score=0.475 sample_chance_multiplier=0.062
INFO     Policy 14: earthpower visited 59.88% avg_score=0.424 sample_chance_multiplier=0.062
INFO     Policy 15: earthpower visited 86.78% avg_score=0.45 sample_chance_multiplier=0.062
INFO     Considered Choices:
INFO     	82.263%: earthpower
INFO     Choice: earthpower
INFO     volbeat already has the move roost. Decrementing the PP by 1
INFO     volbeat using roost makes it unlikely to have a choice item. Setting can_have_choice_item to False
INFO     volbeat used a status-move. Adding `assaultvest` to impossible items
INFO     Setting volbeat's last used move: roost
INFO     volbeat has acquired the 'roost' volatilestatus
INFO     Incrementing encore duration for palossand to 3
INFO     palossand already has the move earthpower. Decrementing the PP by 1
INFO     palossand used a ground move, removing groundgem from possible items
INFO     Setting palossand's last used move: earthpower
INFO     palossand used a damaging move - not guessing lifeorb anymore
INFO     palossand did 31.0% damage to volbeat with earthpower
INFO     Removing the volatile status encore from palossand
INFO     Setting palossand's encore duration to 0
INFO     Removing 'roost' from volbeat's volatiles
INFO     volbeat has less than maxhp during upkeep, no longer guessing leftovers or blacksludge
INFO     
INFO     Turn: 23
INFO     Sampling battle 0
INFO     	        volbeat    prankster heavydutyboots [encore, lunge, roost, thunderwave] ttype=steel
INFO     	   slowbrogalar  regenerator  assaultvest [earthquake, foulplay, psychic, shellsidearm] ttype=ground
INFO     Sampling 1 unrevealed pokemon
INFO     	       greninja      protean  choicespecs [darkpulse, hydropump, icebeam, uturn] ttype=water
INFO     Sampling battle 1
INFO     	        volbeat    prankster heavydutyboots [encore, roost, thunderwave, uturn] ttype=steel
INFO     	   slowbrogalar  regenerator  assaultvest [earthquake, psychic, shellsidearm, surf] ttype=ground
INFO     Sampling 1 unrevealed pokemon
INFO     	         dodrio    earlybird   choiceband [bravebird, doubleedge, knockoff, quickattack] ttype=flying
INFO     Sampling battle 2
INFO     	        volbeat    prankster heavydutyboots [encore, lunge, roost, thunderwave] ttype=water
INFO     	   slowbrogalar  regenerator  assaultvest [earthquake, foulplay, psychic, shellsidearm] ttype=ground
INFO     Sampling 1 unrevealed pokemon
INFO     	      regidrago   dragonsmaw     lumberry [dracometeor, dragondance, earthquake, outrage] ttype=dragon
INFO     Sampling battle 3
INFO     	        volbeat    prankster heavydutyboots [encore, lunge, roost, thunderwave] ttype=steel
INFO     	   slowbrogalar  regenerator  assaultvest [earthquake, foulplay, psychic, shellsidearm] ttype=ground
INFO     Sampling 1 unrevealed pokemon
INFO     	      eternatus     pressure    powerherb [dynamaxcannon, fireblast, meteorbeam, sludgebomb] ttype=dragon
INFO     Sampling battle 4
INFO     	        volbeat    prankster heavydutyboots [encore, lunge, roost, thunderwave] ttype=steel
INFO     	   slowbrogalar  regenerator  assaultvest [earthquake, fireblast, psychic, shellsidearm] ttype=ground
INFO     Sampling 1 unrevealed pokemon
INFO     	      pachirisu   voltabsorb heavydutyboots [discharge, encore, superfang, uturn] ttype=flying
INFO     Sampling battle 5
INFO     	        volbeat    prankster heavydutyboots [encore, lunge, roost, thunderwave] ttype=water
INFO     	   slowbrogalar  regenerator  assaultvest [earthquake, psychic, shellsidearm, surf] ttype=ground
INFO     Sampling 1 unrevealed pokemon
INFO     	        banette     insomnia      lifeorb [gunkshot, poltergeist, shadowsneak, thunderwave] ttype=ghost
INFO     Sampling battle 6
INFO     	        volbeat    prankster heavydutyboots [encore, lunge, roost, thunderwave] ttype=water
INFO     	   slowbrogalar  regenerator  assaultvest [earthquake, fireblast, psychic, shellsidearm] ttype=ground
INFO     Sampling 1 unrevealed pokemon
INFO     	    basculegion adaptability  assaultvest [aquajet, flipturn, shadowball, wavecrash] ttype=water
INFO     Sampling battle 7
INFO     	        volbeat    prankster heavydutyboots [encore, roost, thunderwave, uturn] ttype=steel
INFO     	   slowbrogalar  regenerator  assaultvest [earthquake, fireblast, psychic, shellsidearm] ttype=ground
INFO     Sampling 1 unrevealed pokemon
INFO     	      sandslash     sandrush    leftovers [earthquake, knockoff, rapidspin, swordsdance] ttype=steel
INFO     Sampling battle 8
INFO     	        volbeat    prankster heavydutyboots [encore, lunge, roost, thunderwave] ttype=steel
INFO     	   slowbrogalar  regenerator  assaultvest [earthquake, foulplay, psychic, shellsidearm] ttype=ground
INFO     Sampling 1 unrevealed pokemon
INFO     	         komala     comatose  assaultvest [bodyslam, earthquake, knockoff, rapidspin] ttype=ghost
INFO     Sampling battle 9
INFO     	        volbeat    prankster heavydutyboots [encore, roost, thunderwave, uturn] ttype=water
INFO     	   slowbrogalar  regenerator  assaultvest [earthquake, psychic, shellsidearm, surf] ttype=ground
INFO     Sampling 1 unrevealed pokemon
INFO     	       lumineon   stormdrain heavydutyboots [encore, hydropump, icebeam, uturn] ttype=ground
INFO     Sampling battle 10
INFO     	        volbeat    prankster heavydutyboots [encore, lunge, roost, thunderwave] ttype=steel
INFO     	   slowbrogalar  regenerator  assaultvest [earthquake, foulplay, psychic, shellsidearm] ttype=ground
INFO     Sampling 1 unrevealed pokemon
INFO     	       ironmoth   quarkdrive heavydutyboots [energyball, fierydance, morningsun, sludgewave] ttype=grass
INFO     Sampling battle 11
INFO     	        volbeat    prankster heavydutyboots [encore, lunge, roost, thunderwave] ttype=water
INFO     	   slowbrogalar  regenerator  assaultvest [earthquake, psychic, shellsidearm, surf] ttype=ground
INFO     Sampling 1 unrevealed pokemon
INFO     	      sandslash     sandrush    leftovers [earthquake, knockoff, spikes, stoneedge] ttype=dragon
INFO     Sampling battle 12
INFO     	        volbeat    prankster heavydutyboots [encore, roost, thunderwave, uturn] ttype=steel
INFO     	   slowbrogalar  regenerator  assaultvest [earthquake, fireblast, psychic, shellsidearm] ttype=ground
INFO     Sampling 1 unrevealed pokemon
INFO     	       grafaiai  poisontouch  assaultvest [gunkshot, knockoff, superfang, uturn] ttype=dark
INFO     Sampling battle 13
INFO     	        volbeat    prankster heavydutyboots [encore, roost, thunderwave, uturn] ttype=water
INFO     	   slowbrogalar  regenerator  assaultvest [earthquake, foulplay, psychic, shellsidearm] ttype=ground
INFO     Sampling 1 unrevealed pokemon
INFO     	     eelektross     levitate  assaultvest [closecombat, discharge, dragontail, uturn] ttype=steel
INFO     Sampling battle 14
INFO     	        volbeat    prankster heavydutyboots [encore, roost, thunderwave, uturn] ttype=steel
INFO     	   slowbrogalar  regenerator  assaultvest [earthquake, psychic, shellsidearm, surf] ttype=ground
INFO     Sampling 1 unrevealed pokemon
INFO     	   crabominable     ironfist  assaultvest [drainpunch, earthquake, icehammer, knockoff] ttype=ground
INFO     Sampling battle 15
INFO     	        volbeat    prankster heavydutyboots [encore, roost, thunderwave, uturn] ttype=water
INFO     	   slowbrogalar  regenerator  assaultvest [earthquake, fireblast, psychic, shellsidearm] ttype=ground
INFO     Sampling 1 unrevealed pokemon
INFO     	      trevenant  naturalcure      lifeorb [drainpunch, hornleech, poltergeist, rest] ttype=fighting
INFO     Searching for a move using MCTS...
INFO     Sampling 16 battles at 500ms each
INFO     Iterations 2: 85000
INFO     Iterations 4: 88000
INFO     Iterations 6: 84000
INFO     Iterations 5: 80000
INFO     Iterations 1: 88000
INFO     Iterations 3: 83000
INFO     Iterations 7: 86000
INFO     Iterations 0: 81000
INFO     Iterations 8: 69000
INFO     Iterations 10: 65000
INFO     Iterations 11: 66000
INFO     Iterations 12: 62000
INFO     Iterations 9: 65000
INFO     Iterations 14: 62000
INFO     Iterations 13: 65000
INFO     Iterations 15: 66000
INFO     Policy 0: switch rotommow visited 46.98% avg_score=0.417 sample_chance_multiplier=0.062
INFO     Policy 1: stealthrock visited 65.19% avg_score=0.463 sample_chance_multiplier=0.062
INFO     Policy 2: shadowball visited 57.64% avg_score=0.53 sample_chance_multiplier=0.062
INFO     Policy 3: shadowball visited 56.4% avg_score=0.537 sample_chance_multiplier=0.062
INFO     Policy 4: shadowball visited 56.44% avg_score=0.522 sample_chance_multiplier=0.062
INFO     Policy 5: shadowball visited 64.09% avg_score=0.538 sample_chance_multiplier=0.062
INFO     Policy 6: shadowball visited 70.53% avg_score=0.525 sample_chance_multiplier=0.062
INFO     Policy 7: shadowball visited 63.32% avg_score=0.528 sample_chance_multiplier=0.062
INFO     Policy 8: earthpower visited 59.68% avg_score=0.485 sample_chance_multiplier=0.062
INFO     Policy 9: shadowball visited 53.28% avg_score=0.52 sample_chance_multiplier=0.062
INFO     Policy 10: shadowball visited 55.77% avg_score=0.535 sample_chance_multiplier=0.062
INFO     Policy 11: shadowball visited 61.75% avg_score=0.536 sample_chance_multiplier=0.062
INFO     Policy 12: earthpower visited 59.98% avg_score=0.515 sample_chance_multiplier=0.062
INFO     Policy 13: shadowball visited 66.54% avg_score=0.51 sample_chance_multiplier=0.062
INFO     Policy 14: shadowball visited 31.89% avg_score=0.357 sample_chance_multiplier=0.062
INFO     Policy 15: shadowball visited 73.41% avg_score=0.504 sample_chance_multiplier=0.062
INFO     Considered Choices:
INFO     	48.948%: shadowball
INFO     Choice: shadowball
INFO     Opponent has switched - clearing the last used move
INFO     palossand already has the move shadowball. Decrementing the PP by 1
INFO     palossand used a ghost move, removing ghostgem from possible items
INFO     Setting palossand's last used move: shadowball
INFO     palossand used a damaging move - not guessing lifeorb anymore
INFO     palossand did 24.0% damage to slowbrogalar with shadowball
INFO     slowbrogalar has less than maxhp during upkeep, no longer guessing leftovers or blacksludge
INFO     
INFO     Turn: 24
INFO     Sampling battle 0
INFO     	   slowbrogalar  regenerator  assaultvest [earthquake, fireblast, psychic, shellsidearm] ttype=ground
INFO     	        volbeat    prankster heavydutyboots [encore, lunge, roost, thunderwave] ttype=water
INFO     Sampling 1 unrevealed pokemon
INFO     	        spidops     stakeout heavydutyboots [circlethrow, spikes, stickyweb, uturn] ttype=ghost
INFO     Sampling battle 1
INFO     	   slowbrogalar  regenerator  assaultvest [earthquake, psychic, shellsidearm, surf] ttype=ground
INFO     	        volbeat    prankster heavydutyboots [encore, roost, thunderwave, uturn] ttype=water
INFO     Sampling 1 unrevealed pokemon
INFO     	       hawlucha     unburden    whiteherb [acrobatics, bravebird, closecombat, swordsdance] ttype=fighting
INFO     Sampling battle 2
INFO     	   slowbrogalar  regenerator  assaultvest [earthquake, fireblast, psychic, shellsidearm] ttype=ground
INFO     	        volbeat    prankster heavydutyboots [encore, roost, thunderwave, uturn] ttype=water
INFO     Sampling 1 unrevealed pokemon
INFO     	     krookodile   intimidate    leftovers [bulkup, earthquake, gunkshot, knockoff] ttype=poison
INFO     Sampling battle 3
INFO     	   slowbrogalar  regenerator  assaultvest [earthquake, fireblast, psychic, shellsidearm] ttype=ground
INFO     	        volbeat    prankster heavydutyboots [encore, roost, thunderwave, uturn] ttype=steel
INFO     Sampling 1 unrevealed pokemon
INFO     	 arceusfighting    multitype    fistplate [bodypress, cosmicpower, recover, storedpower] ttype=steel
INFO     Sampling battle 4
INFO     	   slowbrogalar  regenerator  assaultvest [earthquake, fireblast, psychic, shellsidearm] ttype=ground
INFO     	        volbeat    prankster heavydutyboots [encore, roost, thunderwave, uturn] ttype=steel
INFO     Sampling 1 unrevealed pokemon
INFO     	       dragalge adaptability    leftovers [dracometeor, focusblast, sludgewave, toxicspikes] ttype=fighting
INFO     Sampling battle 5
INFO     	   slowbrogalar  regenerator  assaultvest [earthquake, psychic, shellsidearm, surf] ttype=ground
INFO     	        volbeat    prankster heavydutyboots [encore, roost, thunderwave, uturn] ttype=steel
INFO     Sampling 1 unrevealed pokemon
INFO     	        heatran    flashfire   airballoon [earthpower, heavyslam, magmastorm, stealthrock] ttype=flying
INFO     Sampling battle 6
INFO     	   slowbrogalar  regenerator  assaultvest [earthquake, psychic, shellsidearm, surf] ttype=ground
INFO     	        volbeat    prankster heavydutyboots [encore, roost, thunderwave, uturn] ttype=steel
INFO     Sampling 1 unrevealed pokemon
INFO     	       greedent   cheekpouch  sitrusberry [doubleedge, earthquake, knockoff, swordsdance] ttype=ghost
INFO     Sampling battle 7
INFO     	   slowbrogalar  regenerator  assaultvest [earthquake, fireblast, psychic, shellsidearm] ttype=ground
INFO     	        volbeat    prankster heavydutyboots [encore, roost, thunderwave, uturn] ttype=water
INFO     Sampling 1 unrevealed pokemon
INFO     	  arcaninehisui     rockhead heavydutyboots [extremespeed, flareblitz, headsmash, morningsun] ttype=normal
INFO     Sampling battle 8
INFO     	   slowbrogalar  regenerator  assaultvest [earthquake, foulplay, psychic, shellsidearm] ttype=ground
INFO     	        volbeat    prankster heavydutyboots [encore, roost, thunderwave, uturn] ttype=steel
INFO     Sampling 1 unrevealed pokemon
INFO     	      regidrago   dragonsmaw      lifeorb [dragonclaw, dragondance, earthquake, terablast] ttype=steel
INFO     Sampling battle 9
INFO     	   slowbrogalar  regenerator  assaultvest [earthquake, fireblast, psychic, shellsidearm] ttype=ground
INFO     	        volbeat    prankster heavydutyboots [encore, roost, thunderwave, uturn] ttype=water
INFO     Sampling 1 unrevealed pokemon
INFO     	      gastrodon   stormdrain    leftovers [earthquake, icebeam, recover, surf] ttype=steel
INFO     Sampling battle 10
INFO     	   slowbrogalar  regenerator  assaultvest [earthquake, foulplay, psychic, shellsidearm] ttype=ground
INFO     	        volbeat    prankster heavydutyboots [encore, roost, thunderwave, uturn] ttype=water
INFO     Sampling 1 unrevealed pokemon
INFO     	       salazzle    corrosion    leftovers [flamethrower, protect, substitute, toxic] ttype=grass
INFO     Sampling battle 11
INFO     	   slowbrogalar  regenerator  assaultvest [earthquake, foulplay, psychic, shellsidearm] ttype=ground
INFO     	        volbeat    prankster heavydutyboots [encore, lunge, roost, thunderwave] ttype=water
INFO     Sampling 1 unrevealed pokemon
INFO     	        mimikyu     disguise      lifeorb [playrough, shadowclaw, shadowsneak, swordsdance] ttype=fairy
INFO     Sampling battle 12
INFO     	   slowbrogalar  regenerator  assaultvest [earthquake, foulplay, psychic, shellsidearm] ttype=ground
INFO     	        volbeat    prankster heavydutyboots [encore, roost, thunderwave, uturn] ttype=water
INFO     Sampling 1 unrevealed pokemon
INFO     	      serperior     contrary    leftovers [dragonpulse, leafstorm, leechseed, substitute] ttype=dragon
INFO     Sampling battle 13
INFO     	   slowbrogalar  regenerator  assaultvest [earthquake, fireblast, psychic, shellsidearm] ttype=ground
INFO     	        volbeat    prankster heavydutyboots [encore, roost, thunderwave, uturn] ttype=steel
INFO     Sampling 1 unrevealed pokemon
INFO     	    meowscarada      protean      lifeorb [flowertrick, knockoff, toxicspikes, tripleaxel] ttype=dark
INFO     Sampling battle 14
INFO     	   slowbrogalar  regenerator  assaultvest [earthquake, psychic, shellsidearm, surf] ttype=ground
INFO     	        volbeat    prankster heavydutyboots [encore, lunge, roost, thunderwave] ttype=water
INFO     Sampling 1 unrevealed pokemon
INFO     	      arceusice    multitype  icicleplate [calmmind, judgment, recover, thunderbolt] ttype=electric
INFO     Sampling battle 15
INFO     	   slowbrogalar  regenerator  assaultvest [earthquake, psychic, shellsidearm, surf] ttype=ground
INFO     	        volbeat    prankster heavydutyboots [encore, lunge, roost, thunderwave] ttype=water
INFO     Sampling 1 unrevealed pokemon
INFO     	 sandslashalola    slushrush      lifeorb [earthquake, iceshard, swordsdance, tripleaxel] ttype=ground
INFO     Searching for a move using MCTS...
INFO     Sampling 16 battles at 500ms each
INFO     Iterations 7: 70000
INFO     Iterations 0: 72000
INFO     Iterations 3: 75000
INFO     Iterations 2: 74000
INFO     Iterations 5: 75000
INFO     Iterations 6: 82000
INFO     Iterations 1: 82000
INFO     Iterations 4: 91000
INFO     Iterations 8: 73000
INFO     Iterations 9: 71000
INFO     Iterations 10: 73000
INFO     Iterations 13: 71000
INFO     Iterations 11: 71000
INFO     Iterations 12: 69000
INFO     Iterations 14: 77000
INFO     Iterations 15: 74000
INFO     Policy 0: shadowball visited 75.35% avg_score=0.387 sample_chance_multiplier=0.062
INFO     Policy 1: shadowball visited 64.26% avg_score=0.483 sample_chance_multiplier=0.062
INFO     Policy 2: earthpower visited 52.5% avg_score=0.435 sample_chance_multiplier=0.062
INFO     Policy 3: shadowball visited 58.26% avg_score=0.473 sample_chance_multiplier=0.062
INFO     Policy 4: shadowball visited 58.88% avg_score=0.473 sample_chance_multiplier=0.062
INFO     Policy 5: shadowball visited 68.15% avg_score=0.478 sample_chance_multiplier=0.062
INFO     Policy 6: earthpower visited 78.94% avg_score=0.431 sample_chance_multiplier=0.062
INFO     Policy 7: shadowball visited 61.82% avg_score=0.478 sample_chance_multiplier=0.062
INFO     Policy 8: shadowball visited 58.92% avg_score=0.482 sample_chance_multiplier=0.062
INFO     Policy 9: shadowball visited 27.67% avg_score=0.414 sample_chance_multiplier=0.062
INFO     Policy 10: shadowball visited 59.09% avg_score=0.487 sample_chance_multiplier=0.062
INFO     Policy 11: shadowball visited 61.18% avg_score=0.464 sample_chance_multiplier=0.062
INFO     Policy 12: shadowball visited 27.9% avg_score=0.251 sample_chance_multiplier=0.062
INFO     Policy 13: shadowball visited 43.43% avg_score=0.463 sample_chance_multiplier=0.062
INFO     Policy 14: shadowball visited 26.48% avg_score=0.298 sample_chance_multiplier=0.062
INFO     Policy 15: shadowball visited 47.51% avg_score=0.464 sample_chance_multiplier=0.062
INFO     Considered Choices:
INFO     	48.318%: shadowball
INFO     Choice: shadowball
INFO     Opponent has switched - clearing the last used move
INFO     slowbrogalar switched out with regenerator. Healing it to 209.45/307
INFO     palossand already has the move shadowball. Decrementing the PP by 1
INFO     palossand used a ghost move, removing ghostgem from possible items
INFO     Setting palossand's last used move: shadowball
INFO     palossand used a damaging move - not guessing lifeorb anymore
INFO     palossand did 32.0% damage to volbeat with shadowball
INFO     volbeat has less than maxhp during upkeep, no longer guessing leftovers or blacksludge
INFO     
INFO     Turn: 25
INFO     Sampling battle 0
INFO     	        volbeat    prankster heavydutyboots [encore, lunge, roost, thunderwave] ttype=steel
INFO     	   slowbrogalar  regenerator  assaultvest [earthquake, foulplay, psychic, shellsidearm] ttype=ground
INFO     Sampling 1 unrevealed pokemon
INFO     	       hawlucha     unburden    whiteherb [acrobatics, closecombat, encore, swordsdance] ttype=fighting
INFO     Sampling battle 1
INFO     	        volbeat    prankster heavydutyboots [encore, roost, thunderwave, uturn] ttype=water
INFO     	   slowbrogalar  regenerator  assaultvest [earthquake, psychic, shellsidearm, surf] ttype=ground
INFO     Sampling 1 unrevealed pokemon
INFO     	       braviary      defiant heavydutyboots [bravebird, bulkup, closecombat, roost] ttype=steel
INFO     Sampling battle 2
INFO     	        volbeat    prankster heavydutyboots [encore, lunge, roost, thunderwave] ttype=steel
INFO     	   slowbrogalar  regenerator  assaultvest [earthquake, psychic, shellsidearm, surf] ttype=ground
INFO     Sampling 1 unrevealed pokemon
INFO     	         gengar   cursedbody      lifeorb [encore, shadowball, sludgewave, willowisp] ttype=dark
INFO     Sampling battle 3
INFO     	        volbeat    prankster heavydutyboots [encore, roost, thunderwave, uturn] ttype=steel
INFO     	   slowbrogalar  regenerator  assaultvest [earthquake, psychic, shellsidearm, surf] ttype=ground
INFO     Sampling 1 unrevealed pokemon
INFO     	zamazentacrowned dauntlessshield rustedshield [bodypress, heavyslam, irondefense, stoneedge] ttype=fighting
INFO     Sampling battle 4
INFO     	        volbeat    prankster heavydutyboots [encore, lunge, roost, thunderwave] ttype=water
INFO     	   slowbrogalar  regenerator  assaultvest [earthquake, foulplay, psychic, shellsidearm] ttype=ground
INFO     Sampling 1 unrevealed pokemon
INFO     	    barraskewda    swiftswim   choiceband [closecombat, flipturn, psychicfangs, waterfall] ttype=fighting
INFO     Sampling battle 5
INFO     	        volbeat    prankster heavydutyboots [encore, lunge, roost, thunderwave] ttype=steel
INFO     	   slowbrogalar  regenerator  assaultvest [earthquake, fireblast, psychic, shellsidearm] ttype=ground
INFO     Sampling 1 unrevealed pokemon
INFO     	ogerponcornerstone       sturdy cornerstonemask [ivycudgel, powerwhip, superpower, swordsdance] ttype=rock
INFO     Sampling battle 6
INFO     	        volbeat    prankster heavydutyboots [encore, roost, thunderwave, uturn] ttype=steel
INFO     	   slowbrogalar  regenerator  assaultvest [earthquake, foulplay, psychic, shellsidearm] ttype=ground
INFO     Sampling 1 unrevealed pokemon
INFO     	ogerponcornerstone       sturdy cornerstonemask [ivycudgel, powerwhip, spikes, synthesis] ttype=rock
INFO     Sampling battle 7
INFO     	        volbeat    prankster heavydutyboots [encore, roost, thunderwave, uturn] ttype=steel
INFO     	   slowbrogalar  regenerator  assaultvest [earthquake, fireblast, psychic, shellsidearm] ttype=ground
INFO     Sampling 1 unrevealed pokemon
INFO     	      blastoise      torrent    whiteherb [hydropump, icebeam, shellsmash, terablast] ttype=electric
INFO     Sampling battle 8
INFO     	        volbeat    prankster heavydutyboots [encore, lunge, roost, thunderwave] ttype=water
INFO     	   slowbrogalar  regenerator  assaultvest [earthquake, fireblast, psychic, shellsidearm] ttype=ground
INFO     Sampling 1 unrevealed pokemon
INFO     	       skarmory       sturdy    leftovers [bodypress, bravebird, roost, spikes] ttype=fighting
INFO     Sampling battle 9
INFO     	        volbeat    prankster heavydutyboots [encore, lunge, roost, thunderwave] ttype=steel
INFO     	   slowbrogalar  regenerator  assaultvest [earthquake, fireblast, psychic, shellsidearm] ttype=ground
INFO     Sampling 1 unrevealed pokemon
INFO     	     galvantula compoundeyes    focussash [bugbuzz, energyball, stickyweb, thunder] ttype=electric
INFO     Sampling battle 10
INFO     	        volbeat    prankster heavydutyboots [encore, lunge, roost, thunderwave] ttype=water
INFO     	   slowbrogalar  regenerator  assaultvest [earthquake, psychic, shellsidearm, surf] ttype=ground
INFO     Sampling 1 unrevealed pokemon
INFO     	 oricoriopompom       dancer heavydutyboots [hurricane, quiverdance, revelationdance, roost] ttype=ground
INFO     Sampling battle 11
INFO     	        volbeat    prankster heavydutyboots [encore, lunge, roost, thunderwave] ttype=steel
INFO     	   slowbrogalar  regenerator  assaultvest [earthquake, fireblast, psychic, shellsidearm] ttype=ground
INFO     Sampling 1 unrevealed pokemon
INFO     	          rotom     levitate  choicescarf [shadowball, thunderbolt, trick, voltswitch] ttype=ghost
INFO     Sampling battle 12
INFO     	        volbeat    prankster heavydutyboots [encore, lunge, roost, thunderwave] ttype=water
INFO     	   slowbrogalar  regenerator  assaultvest [earthquake, psychic, shellsidearm, surf] ttype=ground
INFO     Sampling 1 unrevealed pokemon
INFO     	     arceusfire    multitype   flameplate [extremespeed, flareblitz, recover, swordsdance] ttype=fire
INFO     Sampling battle 13
INFO     	        volbeat    prankster heavydutyboots [encore, lunge, roost, thunderwave] ttype=steel
INFO     	   slowbrogalar  regenerator  assaultvest [earthquake, fireblast, psychic, shellsidearm] ttype=ground
INFO     Sampling 1 unrevealed pokemon
INFO     	       mienshao  regenerator  assaultvest [closecombat, fakeout, knockoff, uturn] ttype=steel
INFO     Sampling battle 14
INFO     	        volbeat    prankster heavydutyboots [encore, lunge, roost, thunderwave] ttype=water
INFO     	   slowbrogalar  regenerator  assaultvest [earthquake, fireblast, psychic, shellsidearm] ttype=ground
INFO     Sampling 1 unrevealed pokemon
INFO     	        leafeon  chlorophyll      lifeorb [doubleedge, knockoff, leafblade, swordsdance] ttype=dark
INFO     Sampling battle 15
INFO     	        volbeat    prankster heavydutyboots [encore, lunge, roost, thunderwave] ttype=steel
INFO     	   slowbrogalar  regenerator  assaultvest [earthquake, fireblast, psychic, shellsidearm] ttype=ground
INFO     Sampling 1 unrevealed pokemon
INFO     	         emboar     reckless    leftovers [bulkup, drainpunch, flareblitz, trailblaze] ttype=grass
INFO     Searching for a move using MCTS...
INFO     Sampling 16 battles at 500ms each
INFO     Iterations 0: 85000
INFO     Iterations 4: 83000
INFO     Iterations 1: 89000
INFO     Iterations 7: 79000
INFO     Iterations 6: 92000
INFO     Iterations 5: 87000
INFO     Iterations 2: 85000
INFO     Iterations 3: 88000
INFO     Iterations 8: 68000
INFO     Iterations 9: 67000
INFO     Iterations 13: 71000
INFO     Iterations 11: 67000
INFO     Iterations 12: 69000
INFO     Iterations 10: 71000
INFO     Iterations 15: 67000
INFO     Iterations 14: 68000
INFO     Policy 0: shadowball visited 72.66% avg_score=0.453 sample_chance_multiplier=0.062
INFO     Policy 1: shadowball visited 47.51% avg_score=0.406 sample_chance_multiplier=0.062
INFO     Policy 2: shadowball visited 78.39% avg_score=0.467 sample_chance_multiplier=0.062
INFO     Policy 3: shadowball visited 66.82% avg_score=0.45 sample_chance_multiplier=0.062
INFO     Policy 4: shadowball visited 72.72% avg_score=0.457 sample_chance_multiplier=0.062
INFO     Policy 5: shadowball visited 71.54% avg_score=0.446 sample_chance_multiplier=0.062
INFO     Policy 6: shadowball visited 55.75% avg_score=0.451 sample_chance_multiplier=0.062
INFO     Policy 7: shadowball visited 52.02% avg_score=0.421 sample_chance_multiplier=0.062
INFO     Policy 8: shadowball visited 67.03% avg_score=0.444 sample_chance_multiplier=0.062
INFO     Policy 9: shadowball visited 69.04% avg_score=0.451 sample_chance_multiplier=0.062
INFO     Policy 10: shadowball visited 68.08% avg_score=0.428 sample_chance_multiplier=0.062
INFO     Policy 11: shadowball visited 71.7% avg_score=0.452 sample_chance_multiplier=0.062
INFO     Policy 12: shadowball visited 69.49% avg_score=0.453 sample_chance_multiplier=0.062
INFO     Policy 13: shadowball visited 66.66% avg_score=0.443 sample_chance_multiplier=0.062
INFO     Policy 14: shadowball visited 68.16% avg_score=0.443 sample_chance_multiplier=0.062
INFO     Policy 15: shadowball visited 67.4% avg_score=0.446 sample_chance_multiplier=0.062
INFO     Considered Choices:
INFO     	66.562%: shadowball
INFO     Choice: shadowball
INFO     volbeat already has the move roost. Decrementing the PP by 1
INFO     volbeat using roost makes it unlikely to have a choice item. Setting can_have_choice_item to False
INFO     volbeat used a status-move. Adding `assaultvest` to impossible items
INFO     Setting volbeat's last used move: roost
INFO     volbeat has acquired the 'roost' volatilestatus
INFO     palossand already has the move shadowball. Decrementing the PP by 1
INFO     palossand used a ghost move, removing ghostgem from possible items
INFO     Setting palossand's last used move: shadowball
INFO     palossand used a damaging move - not guessing lifeorb anymore
INFO     palossand did 36.0% damage to volbeat with shadowball
INFO     Removing 'roost' from volbeat's volatiles
INFO     volbeat has less than maxhp during upkeep, no longer guessing leftovers or blacksludge
INFO     
INFO     Turn: 26
INFO     Sampling battle 0
INFO     	        volbeat    prankster heavydutyboots [encore, lunge, roost, thunderwave] ttype=water
INFO     	   slowbrogalar  regenerator  assaultvest [earthquake, foulplay, psychic, shellsidearm] ttype=ground
INFO     Sampling 1 unrevealed pokemon
INFO     	       hawlucha     unburden    whiteherb [bravebird, closecombat, stoneedge, swordsdance] ttype=flying
INFO     Sampling battle 1
INFO     	        volbeat    prankster heavydutyboots [encore, lunge, roost, thunderwave] ttype=water
INFO     	   slowbrogalar  regenerator  assaultvest [earthquake, psychic, shellsidearm, surf] ttype=ground
INFO     Sampling 1 unrevealed pokemon
INFO     	        umbreon  synchronize    leftovers [foulplay, protect, toxic, wish] ttype=poison
INFO     Sampling battle 2
INFO     	        volbeat    prankster heavydutyboots [encore, roost, thunderwave, uturn] ttype=steel
INFO     	   slowbrogalar  regenerator  assaultvest [earthquake, psychic, shellsidearm, surf] ttype=ground
INFO     Sampling 1 unrevealed pokemon
INFO     	    polteageist   cursedbody    whiteherb [shadowball, shellsmash, storedpower, strengthsap] ttype=dark
INFO     Sampling battle 3
INFO     	        volbeat    prankster heavydutyboots [encore, lunge, roost, thunderwave] ttype=water
INFO     	   slowbrogalar  regenerator  assaultvest [earthquake, fireblast, psychic, shellsidearm] ttype=ground
INFO     Sampling 1 unrevealed pokemon
INFO     	       jumpluff  infiltrator              [acrobatics, encore, strengthsap, uturn] ttype=steel
INFO     Sampling battle 4
INFO     	        volbeat    prankster heavydutyboots [encore, lunge, roost, thunderwave] ttype=steel
INFO     	   slowbrogalar  regenerator  assaultvest [earthquake, foulplay, psychic, shellsidearm] ttype=ground
INFO     Sampling 1 unrevealed pokemon
INFO     	     arceusrock    multitype   stoneplate [calmmind, earthpower, judgment, recover] ttype=dragon
INFO     Sampling battle 5
INFO     	        volbeat    prankster heavydutyboots [encore, roost, thunderwave, uturn] ttype=steel
INFO     	   slowbrogalar  regenerator  assaultvest [earthquake, foulplay, psychic, shellsidearm] ttype=ground
INFO     Sampling 1 unrevealed pokemon
INFO     	   palkiaorigin     pressure lustrousglobe [fireblast, hydropump, spacialrend, thunderwave] ttype=water
INFO     Sampling battle 6
INFO     	        volbeat    prankster heavydutyboots [encore, lunge, roost, thunderwave] ttype=water
INFO     	   slowbrogalar  regenerator  assaultvest [earthquake, psychic, shellsidearm, surf] ttype=ground
INFO     Sampling 1 unrevealed pokemon
INFO     	      dunsparce  serenegrace     eviolite [bodyslam, coil, earthquake, roost] ttype=ground
INFO     Sampling battle 7
INFO     	        volbeat    prankster heavydutyboots [encore, roost, thunderwave, uturn] ttype=steel
INFO     	   slowbrogalar  regenerator  assaultvest [earthquake, foulplay, psychic, shellsidearm] ttype=ground
INFO     Sampling 1 unrevealed pokemon
INFO     	         regice    clearbody heavydutyboots [icebeam, rest, sleeptalk, thunderbolt] ttype=electric
INFO     Sampling battle 8
INFO     	        volbeat    prankster heavydutyboots [encore, roost, thunderwave, uturn] ttype=steel
INFO     	   slowbrogalar  regenerator  assaultvest [earthquake, fireblast, psychic, shellsidearm] ttype=ground
INFO     Sampling 1 unrevealed pokemon
INFO     	       overqwil   intimidate   loadeddice [crunch, gunkshot, scaleshot, swordsdance] ttype=dragon
INFO     Sampling battle 9
INFO     	        volbeat    prankster heavydutyboots [encore, roost, thunderwave, uturn] ttype=steel
INFO     	   slowbrogalar  regenerator  assaultvest [earthquake, psychic, shellsidearm, surf] ttype=ground
INFO     Sampling 1 unrevealed pokemon
INFO     	      registeel    clearbody    leftovers [bodypress, irondefense, ironhead, thunderwave] ttype=fighting
INFO     Sampling battle 10
INFO     	        volbeat    prankster heavydutyboots [encore, lunge, roost, thunderwave] ttype=steel
INFO     	   slowbrogalar  regenerator  assaultvest [earthquake, foulplay, psychic, shellsidearm] ttype=ground
INFO     Sampling 1 unrevealed pokemon
INFO     	        ariados        swarm heavydutyboots [megahorn, poisonjab, stickyweb, toxicspikes] ttype=ghost
INFO     Sampling battle 11
INFO     	        volbeat    prankster heavydutyboots [encore, roost, thunderwave, uturn] ttype=steel
INFO     	   slowbrogalar  regenerator  assaultvest [earthquake, psychic, shellsidearm, surf] ttype=ground
INFO     Sampling 1 unrevealed pokemon
INFO     	      ninetales      drought heavydutyboots [fireblast, nastyplot, scorchingsands, solarbeam] ttype=fire
INFO     Sampling battle 12
INFO     	        volbeat    prankster heavydutyboots [encore, lunge, roost, thunderwave] ttype=steel
INFO     	   slowbrogalar  regenerator  assaultvest [earthquake, fireblast, psychic, shellsidearm] ttype=ground
INFO     Sampling 1 unrevealed pokemon
INFO     	       zangoose   toxicboost     toxicorb [facade, knockoff, quickattack, swordsdance] ttype=normal
INFO     Sampling battle 13
INFO     	        volbeat    prankster heavydutyboots [encore, roost, thunderwave, uturn] ttype=water
INFO     	   slowbrogalar  regenerator  assaultvest [earthquake, fireblast, psychic, shellsidearm] ttype=ground
INFO     Sampling 1 unrevealed pokemon
INFO     	      piloswine     thickfat     eviolite [earthquake, iciclecrash, roar, stealthrock] ttype=dragon
INFO     Sampling battle 14
INFO     	        volbeat    prankster heavydutyboots [encore, roost, thunderwave, uturn] ttype=water
INFO     	   slowbrogalar  regenerator  assaultvest [earthquake, psychic, shellsidearm, surf] ttype=ground
INFO     Sampling 1 unrevealed pokemon
INFO     	      ceruledge    weakarmor heavydutyboots [bitterblade, closecombat, poltergeist, swordsdance] ttype=ghost
INFO     Sampling battle 15
INFO     	        volbeat    prankster heavydutyboots [encore, roost, thunderwave, uturn] ttype=water
INFO     	   slowbrogalar  regenerator  assaultvest [earthquake, fireblast, psychic, shellsidearm] ttype=ground
INFO     Sampling 1 unrevealed pokemon
INFO     	       skuntank    aftermath      lifeorb [gunkshot, knockoff, suckerpunch, taunt] ttype=dark
INFO     Searching for a move using MCTS...
INFO     Sampling 16 battles at 500ms each
INFO     Iterations 7: 85000
INFO     Iterations 4: 88000
INFO     Iterations 1: 88000
INFO     Iterations 2: 87000
INFO     Iterations 6: 90000
INFO     Iterations 5: 84000
INFO     Iterations 3: 86000
INFO     Iterations 0: 89000
INFO     Iterations 8: 61000
INFO     Iterations 9: 67000
INFO     Iterations 10: 64000
INFO     Iterations 11: 61000
INFO     Iterations 14: 66000
INFO     Iterations 13: 60000
INFO     Iterations 12: 66000
INFO     Iterations 15: 67000
INFO     Policy 0: shadowball visited 84.29% avg_score=0.49 sample_chance_multiplier=0.062
INFO     Policy 1: shadowball visited 74.71% avg_score=0.461 sample_chance_multiplier=0.062
INFO     Policy 2: shadowball visited 82.01% avg_score=0.495 sample_chance_multiplier=0.062
INFO     Policy 3: shadowball visited 80.25% avg_score=0.478 sample_chance_multiplier=0.062
INFO     Policy 4: shadowball visited 82.44% avg_score=0.482 sample_chance_multiplier=0.062
INFO     Policy 5: shadowball visited 50.79% avg_score=0.439 sample_chance_multiplier=0.062
INFO     Policy 6: shadowball visited 69.29% avg_score=0.457 sample_chance_multiplier=0.062
INFO     Policy 7: shadowball visited 56.82% avg_score=0.44 sample_chance_multiplier=0.062
INFO     Policy 8: shadowball visited 66.91% avg_score=0.478 sample_chance_multiplier=0.062
INFO     Policy 9: shadowball visited 71.61% avg_score=0.485 sample_chance_multiplier=0.062
INFO     Policy 10: shadowball visited 79.01% avg_score=0.474 sample_chance_multiplier=0.062
INFO     Policy 11: shadowball visited 72.81% avg_score=0.488 sample_chance_multiplier=0.062
INFO     Policy 12: shadowball visited 64.04% avg_score=0.456 sample_chance_multiplier=0.062
INFO     Policy 13: shadowball visited 69.56% avg_score=0.479 sample_chance_multiplier=0.062
INFO     Policy 14: shadowball visited 78.64% avg_score=0.502 sample_chance_multiplier=0.062
INFO     Policy 15: shadowball visited 70.64% avg_score=0.493 sample_chance_multiplier=0.062
INFO     Considered Choices:
INFO     	72.115%: shadowball
INFO     Choice: shadowball
INFO     volbeat already has the move roost. Decrementing the PP by 1
INFO     volbeat using roost makes it unlikely to have a choice item. Setting can_have_choice_item to False
INFO     volbeat used a status-move. Adding `assaultvest` to impossible items
INFO     Setting volbeat's last used move: roost
INFO     volbeat has acquired the 'roost' volatilestatus
INFO     palossand already has the move shadowball. Decrementing the PP by 1
INFO     palossand used a ghost move, removing ghostgem from possible items
INFO     Setting palossand's last used move: shadowball
INFO     palossand used a damaging move - not guessing lifeorb anymore
INFO     palossand did 38.0% damage to volbeat with shadowball
INFO     volbeat's special-defense was unboosted by 1 to -1
INFO     Removing 'roost' from volbeat's volatiles
INFO     volbeat has less than maxhp during upkeep, no longer guessing leftovers or blacksludge
INFO     
INFO     Turn: 27
INFO     Sampling battle 0
INFO     	        volbeat    prankster heavydutyboots [encore, roost, thunderwave, uturn] ttype=steel
INFO     	   slowbrogalar  regenerator  assaultvest [earthquake, fireblast, psychic, shellsidearm] ttype=ground
INFO     Sampling 1 unrevealed pokemon
INFO     	     archaludon      stamina  assaultvest [bodypress, dracometeor, flashcannon, thunderbolt] ttype=fighting
INFO     Sampling battle 1
INFO     	        volbeat    prankster heavydutyboots [encore, lunge, roost, thunderwave] ttype=steel
INFO     	   slowbrogalar  regenerator  assaultvest [earthquake, foulplay, psychic, shellsidearm] ttype=ground
INFO     Sampling 1 unrevealed pokemon
INFO     	          chiyu  beadsofruin heavydutyboots [darkpulse, fireblast, nastyplot, willowisp] ttype=dark
INFO     Sampling battle 2
INFO     	        volbeat    prankster heavydutyboots [encore, lunge, roost, thunderwave] ttype=steel
INFO     	   slowbrogalar  regenerator  assaultvest [earthquake, fireblast, psychic, shellsidearm] ttype=ground
INFO     Sampling 1 unrevealed pokemon
INFO     	       appletun     thickfat    leftovers [appleacid, dragonpulse, leechseed, recover] ttype=steel
INFO     Sampling battle 3
INFO     	        volbeat    prankster heavydutyboots [encore, lunge, roost, thunderwave] ttype=water
INFO     	   slowbrogalar  regenerator  assaultvest [earthquake, fireblast, psychic, shellsidearm] ttype=ground
INFO     Sampling 1 unrevealed pokemon
INFO     	       whiscash    oblivious      lifeorb [dragondance, earthquake, liquidation, stoneedge] ttype=steel
INFO     Sampling battle 4
INFO     	        volbeat    prankster heavydutyboots [encore, roost, thunderwave, uturn] ttype=steel
INFO     	   slowbrogalar  regenerator  assaultvest [earthquake, fireblast, psychic, shellsidearm] ttype=ground
INFO     Sampling 1 unrevealed pokemon
INFO     	    barraskewda    swiftswim   choiceband [closecombat, flipturn, throatchop, waterfall] ttype=fighting
INFO     Sampling battle 5
INFO     	        volbeat    prankster heavydutyboots [encore, roost, thunderwave, uturn] ttype=water
INFO     	   slowbrogalar  regenerator  assaultvest [earthquake, fireblast, psychic, shellsidearm] ttype=ground
INFO     Sampling 1 unrevealed pokemon
INFO     	        groudon      drought    leftovers [heatcrash, precipiceblades, stoneedge, swordsdance] ttype=fire
INFO     Sampling battle 6
INFO     	        volbeat    prankster heavydutyboots [encore, roost, thunderwave, uturn] ttype=steel
INFO     	   slowbrogalar  regenerator  assaultvest [earthquake, foulplay, psychic, shellsidearm] ttype=ground
INFO     Sampling 1 unrevealed pokemon
INFO     	       oricorio       dancer heavydutyboots [hurricane, quiverdance, revelationdance, roost] ttype=ground
INFO     Sampling battle 7
INFO     	        volbeat    prankster heavydutyboots [encore, lunge, roost, thunderwave] ttype=water
INFO     	   slowbrogalar  regenerator  assaultvest [earthquake, psychic, shellsidearm, surf] ttype=ground
INFO     Sampling 1 unrevealed pokemon
INFO     	         zapdos       static heavydutyboots [hurricane, roost, thunderbolt, uturn] ttype=steel
INFO     Sampling battle 8
INFO     	        volbeat    prankster heavydutyboots [encore, lunge, roost, thunderwave] ttype=water
INFO     	   slowbrogalar  regenerator  assaultvest [earthquake, foulplay, psychic, shellsidearm] ttype=ground
INFO     Sampling 1 unrevealed pokemon
INFO     	     archaludon      stamina     lumberry [earthquake, ironhead, outrage, swordsdance] ttype=ground
INFO     Sampling battle 9
INFO     	        volbeat    prankster heavydutyboots [encore, lunge, roost, thunderwave] ttype=steel
INFO     	   slowbrogalar  regenerator  assaultvest [earthquake, fireblast, psychic, shellsidearm] ttype=ground
INFO     Sampling 1 unrevealed pokemon
INFO     	        dugtrio    arenatrap      lifeorb [earthquake, stoneedge, suckerpunch, swordsdance] ttype=fairy
INFO     Sampling battle 10
INFO     	        volbeat    prankster heavydutyboots [encore, roost, thunderwave, uturn] ttype=steel
INFO     	   slowbrogalar  regenerator  assaultvest [earthquake, fireblast, psychic, shellsidearm] ttype=ground
INFO     Sampling 1 unrevealed pokemon
INFO     	      regidrago   dragonsmaw     lumberry [dracometeor, dragondance, earthquake, outrage] ttype=dragon
INFO     Sampling battle 11
INFO     	        volbeat    prankster heavydutyboots [encore, roost, thunderwave, uturn] ttype=steel
INFO     	   slowbrogalar  regenerator  assaultvest [earthquake, fireblast, psychic, shellsidearm] ttype=ground
INFO     Sampling 1 unrevealed pokemon
INFO     	       skarmory       sturdy    leftovers [bodypress, bravebird, irondefense, roost] ttype=fighting
INFO     Sampling battle 12
INFO     	        volbeat    prankster heavydutyboots [encore, roost, thunderwave, uturn] ttype=steel
INFO     	   slowbrogalar  regenerator  assaultvest [earthquake, fireblast, psychic, shellsidearm] ttype=ground
INFO     Sampling 1 unrevealed pokemon
INFO     	     incineroar   intimidate heavydutyboots [flareblitz, knockoff, swordsdance, trailblaze] ttype=grass
INFO     Sampling battle 13
INFO     	        volbeat    prankster heavydutyboots [encore, roost, thunderwave, uturn] ttype=steel
INFO     	   slowbrogalar  regenerator  assaultvest [earthquake, psychic, shellsidearm, surf] ttype=ground
INFO     Sampling 1 unrevealed pokemon
INFO     	     pincurchin electricsurge    leftovers [recover, scald, spikes, thunderbolt] ttype=water
INFO     Sampling battle 14
INFO     	        volbeat    prankster heavydutyboots [encore, lunge, roost, thunderwave] ttype=water
INFO     	   slowbrogalar  regenerator  assaultvest [earthquake, foulplay, psychic, shellsidearm] ttype=ground
INFO     Sampling 1 unrevealed pokemon
INFO     	thundurustherian   voltabsorb heavydutyboots [grassknot, nastyplot, psychic, thunderbolt] ttype=psychic
INFO     Sampling battle 15
INFO     	        volbeat    prankster heavydutyboots [encore, roost, thunderwave, uturn] ttype=steel
INFO     	   slowbrogalar  regenerator  assaultvest [earthquake, fireblast, psychic, shellsidearm] ttype=ground
INFO     Sampling 1 unrevealed pokemon
INFO     	       salazzle    corrosion    leftovers [flamethrower, protect, substitute, toxic] ttype=flying
INFO     Searching for a move using MCTS...
INFO     Sampling 16 battles at 500ms each
INFO     Iterations 1: 87000
INFO     Iterations 3: 82000
INFO     Iterations 6: 85000
INFO     Iterations 7: 87000
INFO     Iterations 2: 86000
INFO     Iterations 0: 86000
INFO     Iterations 5: 85000
INFO     Iterations 4: 87000
INFO     Iterations 8: 70000
INFO     Iterations 9: 68000
INFO     Iterations 11: 68000
INFO     Iterations 10: 67000
INFO     Iterations 14: 75000
INFO     Iterations 12: 68000
INFO     Iterations 13: 71000
INFO     Iterations 15: 71000
INFO     Policy 0: shadowball visited 74.28% avg_score=0.529 sample_chance_multiplier=0.062
INFO     Policy 1: shadowball visited 57.74% avg_score=0.505 sample_chance_multiplier=0.062
INFO     Policy 2: switch eiscue visited 25.32% avg_score=0.311 sample_chance_multiplier=0.062
INFO     Policy 3: shadowball visited 69.68% avg_score=0.514 sample_chance_multiplier=0.062
INFO     Policy 4: shadowball visited 73.47% avg_score=0.534 sample_chance_multiplier=0.062
INFO     Policy 5: shadowball visited 75.51% avg_score=0.523 sample_chance_multiplier=0.062
INFO     Policy 6: shadowball visited 73.88% avg_score=0.403 sample_chance_multiplier=0.062
INFO     Policy 7: shadowball visited 67.73% avg_score=0.511 sample_chance_multiplier=0.062
INFO     Policy 8: shadowball visited 62.98% avg_score=0.536 sample_chance_multiplier=0.062
INFO     Policy 9: shadowball visited 66.62% avg_score=0.538 sample_chance_multiplier=0.062
INFO     Policy 10: shadowball visited 69.16% avg_score=0.524 sample_chance_multiplier=0.062
INFO     Policy 11: shadowball visited 81.35% avg_score=0.52 sample_chance_multiplier=0.062
INFO     Policy 12: earthpower visited 49.14% avg_score=0.471 sample_chance_multiplier=0.062
INFO     Policy 13: shadowball visited 70.92% avg_score=0.535 sample_chance_multiplier=0.062
INFO     Policy 14: shadowball visited 80.36% avg_score=0.43 sample_chance_multiplier=0.062
INFO     Policy 15: shadowball visited 71.01% avg_score=0.54 sample_chance_multiplier=0.062
INFO     Considered Choices:
INFO     	66.264%: shadowball
INFO     Choice: shadowball
INFO     Opponent has switched - clearing the last used move
INFO     palossand already has the move shadowball. Decrementing the PP by 1
INFO     palossand used a ghost move, removing ghostgem from possible items
INFO     Setting palossand's last used move: shadowball
INFO     palossand used a damaging move - not guessing lifeorb anymore
INFO     palossand did 25.0% damage to slowbrogalar with shadowball
INFO     slowbrogalar has less than maxhp during upkeep, no longer guessing leftovers or blacksludge
INFO     
INFO     Turn: 28
INFO     Sampling battle 0
INFO     	   slowbrogalar  regenerator  assaultvest [earthquake, foulplay, psychic, shellsidearm] ttype=ground
INFO     	        volbeat    prankster heavydutyboots [encore, lunge, roost, thunderwave] ttype=steel
INFO     Sampling 1 unrevealed pokemon
INFO     	         furret        frisk      lifeorb [brickbreak, doubleedge, knockoff, tidyup] ttype=ghost
INFO     Sampling battle 1
INFO     	   slowbrogalar  regenerator  assaultvest [earthquake, foulplay, psychic, shellsidearm] ttype=ground
INFO     	        volbeat    prankster heavydutyboots [encore, roost, thunderwave, uturn] ttype=water
INFO     Sampling 1 unrevealed pokemon
INFO     	        flamigo      scrappy   choiceband [bravebird, closecombat, throatchop, uturn] ttype=fighting
INFO     Sampling battle 2
INFO     	   slowbrogalar  regenerator  assaultvest [earthquake, fireblast, psychic, shellsidearm] ttype=ground
INFO     	        volbeat    prankster heavydutyboots [encore, roost, thunderwave, uturn] ttype=water
INFO     Sampling 1 unrevealed pokemon
INFO     	     arceusdark    multitype   dreadplate [calmmind, judgment, recover, sludgebomb] ttype=poison
INFO     Sampling battle 3
INFO     	   slowbrogalar  regenerator  assaultvest [earthquake, fireblast, psychic, shellsidearm] ttype=ground
INFO     	        volbeat    prankster heavydutyboots [encore, roost, thunderwave, uturn] ttype=water
INFO     Sampling 1 unrevealed pokemon
INFO     	         phione    hydration    leftovers [rest, scald, sleeptalk, takeheart] ttype=dragon
INFO     Sampling battle 4
INFO     	   slowbrogalar  regenerator  assaultvest [earthquake, fireblast, psychic, shellsidearm] ttype=ground
INFO     	        volbeat    prankster heavydutyboots [encore, roost, thunderwave, uturn] ttype=water
INFO     Sampling 1 unrevealed pokemon
INFO     	     incineroar   intimidate heavydutyboots [closecombat, flareblitz, knockoff, partingshot] ttype=fighting
INFO     Sampling battle 5
INFO     	   slowbrogalar  regenerator  assaultvest [earthquake, psychic, shellsidearm, surf] ttype=ground
INFO     	        volbeat    prankster heavydutyboots [encore, roost, thunderwave, uturn] ttype=steel
INFO     Sampling 1 unrevealed pokemon
INFO     	         gengar   cursedbody      lifeorb [focusblast, shadowball, sludgewave, willowisp] ttype=ghost
INFO     Sampling battle 6
INFO     	   slowbrogalar  regenerator  assaultvest [earthquake, fireblast, psychic, shellsidearm] ttype=ground
INFO     	        volbeat    prankster heavydutyboots [encore, lunge, roost, thunderwave] ttype=water
INFO     Sampling 1 unrevealed pokemon
INFO     	        pikachu lightningrod    lightball [playrough, surf, voltswitch, volttackle] ttype=water
INFO     Sampling battle 7
INFO     	   slowbrogalar  regenerator  assaultvest [earthquake, fireblast, psychic, shellsidearm] ttype=ground
INFO     	        volbeat    prankster heavydutyboots [encore, lunge, roost, thunderwave] ttype=steel
INFO     Sampling 1 unrevealed pokemon
INFO     	 keldeoresolute    justified    leftovers [calmmind, secretsword, substitute, surf] ttype=steel
INFO     Sampling battle 8
INFO     	   slowbrogalar  regenerator  assaultvest [earthquake, psychic, shellsidearm, surf] ttype=ground
INFO     	        volbeat    prankster heavydutyboots [encore, lunge, roost, thunderwave] ttype=water
INFO     Sampling 1 unrevealed pokemon
INFO     	         furret        frisk   choiceband [doubleedge, knockoff, trick, uturn] ttype=ghost
INFO     Sampling battle 9
INFO     	   slowbrogalar  regenerator  assaultvest [earthquake, foulplay, psychic, shellsidearm] ttype=ground
INFO     	        volbeat    prankster heavydutyboots [encore, roost, thunderwave, uturn] ttype=water
INFO     Sampling 1 unrevealed pokemon
INFO     	      duraludon   lightmetal     eviolite [bodypress, dracometeor, dragontail, flashcannon] ttype=fighting
INFO     Sampling battle 10
INFO     	   slowbrogalar  regenerator  assaultvest [earthquake, psychic, shellsidearm, surf] ttype=ground
INFO     	        volbeat    prankster heavydutyboots [encore, roost, thunderwave, uturn] ttype=steel
INFO     Sampling 1 unrevealed pokemon
INFO     	       pelipper      drizzle  choicespecs [hurricane, hydropump, uturn, weatherball] ttype=water
INFO     Sampling battle 11
INFO     	   slowbrogalar  regenerator  assaultvest [earthquake, foulplay, psychic, shellsidearm] ttype=ground
INFO     	        volbeat    prankster heavydutyboots [encore, lunge, roost, thunderwave] ttype=water
INFO     Sampling 1 unrevealed pokemon
INFO     	        dugtrio    arenatrap    focussash [earthquake, stoneedge, suckerpunch, swordsdance] ttype=fairy
INFO     Sampling battle 12
INFO     	   slowbrogalar  regenerator  assaultvest [earthquake, fireblast, psychic, shellsidearm] ttype=ground
INFO     	        volbeat    prankster heavydutyboots [encore, roost, thunderwave, uturn] ttype=water
INFO     Sampling 1 unrevealed pokemon
INFO     	         golurk      noguard      lifeorb [dynamicpunch, earthquake, poltergeist, stealthrock] ttype=fighting
INFO     Sampling battle 13
INFO     	   slowbrogalar  regenerator  assaultvest [earthquake, fireblast, psychic, shellsidearm] ttype=ground
INFO     	        volbeat    prankster heavydutyboots [encore, roost, thunderwave, uturn] ttype=steel
INFO     Sampling 1 unrevealed pokemon
INFO     	      azumarill    hugepower  sitrusberry [aquajet, bellydrum, liquidation, playrough] ttype=water
INFO     Sampling battle 14
INFO     	   slowbrogalar  regenerator  assaultvest [earthquake, psychic, shellsidearm, surf] ttype=ground
INFO     	        volbeat    prankster heavydutyboots [encore, lunge, roost, thunderwave] ttype=steel
INFO     Sampling 1 unrevealed pokemon
INFO     	      volcanion  waterabsorb heavydutyboots [earthpower, flamethrower, haze, steameruption] ttype=ground
INFO     Sampling battle 15
INFO     	   slowbrogalar  regenerator  assaultvest [earthquake, foulplay, psychic, shellsidearm] ttype=ground
INFO     	        volbeat    prankster heavydutyboots [encore, roost, thunderwave, uturn] ttype=steel
INFO     Sampling 1 unrevealed pokemon
INFO     	       landorus   sheerforce      lifeorb [earthpower, psychic, sludgewave, stealthrock] ttype=ground
INFO     Searching for a move using MCTS...
INFO     Sampling 16 battles at 500ms each
INFO     Iterations 5: 82000
INFO     Iterations 0: 89000
INFO     Iterations 4: 85000
INFO     Iterations 3: 84000
INFO     Iterations 1: 88000
INFO     Iterations 6: 83000
INFO     Iterations 7: 90000
INFO     Iterations 2: 95000
INFO     Iterations 9: 69000
INFO     Iterations 8: 70000
INFO     Iterations 10: 68000
INFO     Iterations 13: 70000
INFO     Iterations 11: 71000
INFO     Iterations 12: 70000
INFO     Iterations 14: 72000
INFO     Iterations 15: 74000
INFO     Policy 0: earthpower visited 41.74% avg_score=0.439 sample_chance_multiplier=0.062
INFO     Policy 1: shadowball visited 63.64% avg_score=0.471 sample_chance_multiplier=0.062
INFO     Policy 2: earthpower visited 24.67% avg_score=0.265 sample_chance_multiplier=0.062
INFO     Policy 3: shadowball visited 57.63% avg_score=0.468 sample_chance_multiplier=0.062
INFO     Policy 4: shadowball visited 43.18% avg_score=0.425 sample_chance_multiplier=0.062
INFO     Policy 5: shadowball visited 62.32% avg_score=0.481 sample_chance_multiplier=0.062
INFO     Policy 6: shadowball visited 65.71% avg_score=0.461 sample_chance_multiplier=0.062
INFO     Policy 7: shadowball visited 51.5% avg_score=0.447 sample_chance_multiplier=0.062
INFO     Policy 8: earthpower visited 41.38% avg_score=0.447 sample_chance_multiplier=0.062
INFO     Policy 9: shadowball visited 60.42% avg_score=0.477 sample_chance_multiplier=0.062
INFO     Policy 10: shadowball visited 42.94% avg_score=0.378 sample_chance_multiplier=0.062
INFO     Policy 11: shadowball visited 64.19% avg_score=0.466 sample_chance_multiplier=0.062
INFO     Policy 12: shadowball visited 65.69% avg_score=0.477 sample_chance_multiplier=0.062
INFO     Policy 13: shadowball visited 58.63% avg_score=0.474 sample_chance_multiplier=0.062
INFO     Policy 14: shadowball visited 63.66% avg_score=0.455 sample_chance_multiplier=0.062
INFO     Policy 15: shadowball visited 67.47% avg_score=0.474 sample_chance_multiplier=0.062
INFO     Considered Choices:
INFO     	53.851%: shadowball
INFO     Choice: shadowball
INFO     Opponent has switched - clearing the last used move
INFO     slowbrogalar switched out with regenerator. Healing it to 237.08/307
INFO     palossand already has the move shadowball. Decrementing the PP by 1
INFO     palossand used a ghost move, removing ghostgem from possible items
INFO     Setting palossand's last used move: shadowball
INFO     palossand used a damaging move - not guessing lifeorb anymore
INFO     palossand did 37.0% damage to volbeat with shadowball
INFO     volbeat has less than maxhp during upkeep, no longer guessing leftovers or blacksludge
INFO     
INFO     Turn: 29
INFO     Sampling battle 0
INFO     	        volbeat    prankster heavydutyboots [encore, lunge, roost, thunderwave] ttype=water
INFO     	   slowbrogalar  regenerator  assaultvest [earthquake, fireblast, psychic, shellsidearm] ttype=ground
INFO     Sampling 1 unrevealed pokemon
INFO     	    corviknight     pressure  rockyhelmet [bravebird, defog, roost, uturn] ttype=dragon
INFO     Sampling battle 1
INFO     	        volbeat    prankster heavydutyboots [encore, roost, thunderwave, uturn] ttype=steel
INFO     	   slowbrogalar  regenerator  assaultvest [earthquake, fireblast, psychic, shellsidearm] ttype=ground
INFO     Sampling 1 unrevealed pokemon
INFO     	    basculegion adaptability  assaultvest [aquajet, flipturn, shadowball, wavecrash] ttype=water
INFO     Sampling battle 2
INFO     	        volbeat    prankster heavydutyboots [encore, lunge, roost, thunderwave] ttype=water
INFO     	   slowbrogalar  regenerator  assaultvest [earthquake, psychic, shellsidearm, surf] ttype=ground
INFO     Sampling 1 unrevealed pokemon
INFO     	   persianalola      furcoat    leftovers [darkpulse, hypnosis, nastyplot, thunderbolt] ttype=electric
INFO     Sampling battle 3
INFO     	        volbeat    prankster heavydutyboots [encore, lunge, roost, thunderwave] ttype=water
INFO     	   slowbrogalar  regenerator  assaultvest [earthquake, fireblast, psychic, shellsidearm] ttype=ground
INFO     Sampling 1 unrevealed pokemon
INFO     	       dachsbun wellbakedbody    leftovers [bodypress, playrough, protect, wish] ttype=steel
INFO     Sampling battle 4
INFO     	        volbeat    prankster heavydutyboots [encore, lunge, roost, thunderwave] ttype=steel
INFO     	   slowbrogalar  regenerator  assaultvest [earthquake, fireblast, psychic, shellsidearm] ttype=ground
INFO     Sampling 1 unrevealed pokemon
INFO     	        morpeko hungerswitch    leftovers [aurawheel, knockoff, protect, rapidspin] ttype=electric
INFO     Sampling battle 5
INFO     	        volbeat    prankster heavydutyboots [encore, roost, thunderwave, uturn] ttype=steel
INFO     	   slowbrogalar  regenerator  assaultvest [earthquake, fireblast, psychic, shellsidearm] ttype=ground
INFO     Sampling 1 unrevealed pokemon
INFO     	      hippowdon   sandstream    leftovers [earthquake, slackoff, stealthrock, whirlwind] ttype=steel
INFO     Sampling battle 6
INFO     	        volbeat    prankster heavydutyboots [encore, roost, thunderwave, uturn] ttype=water
INFO     	   slowbrogalar  regenerator  assaultvest [earthquake, fireblast, psychic, shellsidearm] ttype=ground
INFO     Sampling 1 unrevealed pokemon
INFO     	      pachirisu   voltabsorb heavydutyboots [discharge, encore, superfang, uturn] ttype=flying
INFO     Sampling battle 7
INFO     	        volbeat    prankster heavydutyboots [encore, roost, thunderwave, uturn] ttype=steel
INFO     	   slowbrogalar  regenerator  assaultvest [earthquake, fireblast, psychic, shellsidearm] ttype=ground
INFO     Sampling 1 unrevealed pokemon
INFO     	        weezing     levitate    leftovers [fireblast, painsplit, sludgebomb, toxicspikes] ttype=steel
INFO     Sampling battle 8
INFO     	        volbeat    prankster heavydutyboots [encore, lunge, roost, thunderwave] ttype=water
INFO     	   slowbrogalar  regenerator  assaultvest [earthquake, fireblast, psychic, shellsidearm] ttype=ground
INFO     Sampling 1 unrevealed pokemon
INFO     	       cloyster    skilllink    whiteherb [drillrun, iciclespear, rockblast, shellsmash] ttype=ground
INFO     Sampling battle 9
INFO     	        volbeat    prankster heavydutyboots [encore, lunge, roost, thunderwave] ttype=water
INFO     	   slowbrogalar  regenerator  assaultvest [earthquake, fireblast, psychic, shellsidearm] ttype=ground
INFO     Sampling 1 unrevealed pokemon
INFO     	       quagsire      unaware    leftovers [earthquake, recover, spikes, toxic] ttype=steel
INFO     Sampling battle 10
INFO     	        volbeat    prankster heavydutyboots [encore, lunge, roost, thunderwave] ttype=steel
INFO     	   slowbrogalar  regenerator  assaultvest [earthquake, psychic, shellsidearm, surf] ttype=ground
INFO     Sampling 1 unrevealed pokemon
INFO     	      gastrodon   stormdrain    leftovers [earthquake, recover, sludgebomb, stealthrock] ttype=poison
INFO     Sampling battle 11
INFO     	        volbeat    prankster heavydutyboots [encore, roost, thunderwave, uturn] ttype=water
INFO     	   slowbrogalar  regenerator  assaultvest [earthquake, foulplay, psychic, shellsidearm] ttype=ground
INFO     Sampling 1 unrevealed pokemon
INFO     	       maushold   technician     widelens [bite, encore, populationbomb, tidyup] ttype=ghost
INFO     Sampling battle 12
INFO     	        volbeat    prankster heavydutyboots [encore, lunge, roost, thunderwave] ttype=water
INFO     	   slowbrogalar  regenerator  assaultvest [earthquake, fireblast, psychic, shellsidearm] ttype=ground
INFO     Sampling 1 unrevealed pokemon
INFO     	    kyuremwhite   turboblaze  choicescarf [dracometeor, earthpower, freezedry, fusionflare] ttype=dragon
INFO     Sampling battle 13
INFO     	        volbeat    prankster heavydutyboots [encore, lunge, roost, thunderwave] ttype=water
INFO     	   slowbrogalar  regenerator  assaultvest [earthquake, psychic, shellsidearm, surf] ttype=ground
INFO     Sampling 1 unrevealed pokemon
INFO     	      dragapult   cursedbody heavydutyboots [dragondarts, hex, uturn, willowisp] ttype=fairy
INFO     Sampling battle 14
INFO     	        volbeat    prankster heavydutyboots [encore, lunge, roost, thunderwave] ttype=water
INFO     	   slowbrogalar  regenerator  assaultvest [earthquake, fireblast, psychic, shellsidearm] ttype=ground
INFO     Sampling 1 unrevealed pokemon
INFO     	       giratina     pressure    leftovers [calmmind, dragonpulse, rest, sleeptalk] ttype=fairy
INFO     Sampling battle 15
INFO     	        volbeat    prankster heavydutyboots [encore, roost, thunderwave, uturn] ttype=steel
INFO     	   slowbrogalar  regenerator  assaultvest [earthquake, fireblast, psychic, shellsidearm] ttype=ground
INFO     Sampling 1 unrevealed pokemon
INFO     	     scovillain  chlorophyll    leftovers [flamethrower, leechseed, protect, substitute] ttype=steel
INFO     Searching for a move using MCTS...
INFO     Sampling 16 battles at 500ms each
INFO     Iterations 1: 83000
INFO     Iterations 5: 79000
INFO     Iterations 3: 81000
INFO     Iterations 6: 87000
INFO     Iterations 2: 85000
INFO     Iterations 7: 79000
INFO     Iterations 4: 82000
INFO     Iterations 0: 88000
INFO     Iterations 8: 70000
INFO     Iterations 14: 70000
INFO     Iterations 9: 68000
INFO     Iterations 10: 72000
INFO     Iterations 13: 71000
INFO     Iterations 11: 70000
INFO     Iterations 12: 65000
INFO     Iterations 15: 66000
INFO     Policy 0: shadowball visited 66.66% avg_score=0.418 sample_chance_multiplier=0.062
INFO     Policy 1: shadowball visited 57.01% avg_score=0.428 sample_chance_multiplier=0.062
INFO     Policy 2: shadowball visited 58.08% avg_score=0.408 sample_chance_multiplier=0.062
INFO     Policy 3: shadowball visited 66.58% avg_score=0.421 sample_chance_multiplier=0.062
INFO     Policy 4: shadowball visited 64.68% avg_score=0.421 sample_chance_multiplier=0.062
INFO     Policy 5: shadowball visited 56.63% avg_score=0.42 sample_chance_multiplier=0.062
INFO     Policy 6: shadowball visited 61.71% avg_score=0.423 sample_chance_multiplier=0.062
INFO     Policy 7: shadowball visited 55.93% avg_score=0.417 sample_chance_multiplier=0.062
INFO     Policy 8: shadowball visited 55.4% avg_score=0.433 sample_chance_multiplier=0.062
INFO     Policy 9: shadowball visited 61.69% avg_score=0.419 sample_chance_multiplier=0.062
INFO     Policy 10: shadowball visited 59.35% avg_score=0.418 sample_chance_multiplier=0.062
INFO     Policy 11: shadowball visited 44.53% avg_score=0.425 sample_chance_multiplier=0.062
INFO     Policy 12: shadowball visited 60.28% avg_score=0.425 sample_chance_multiplier=0.062
INFO     Policy 13: shadowball visited 71.56% avg_score=0.431 sample_chance_multiplier=0.062
INFO     Policy 14: shadowball visited 62.44% avg_score=0.418 sample_chance_multiplier=0.062
INFO     Policy 15: shadowball visited 54.03% avg_score=0.428 sample_chance_multiplier=0.062
INFO     Considered Choices:
INFO     	59.786%: shadowball
INFO     Choice: shadowball
INFO     volbeat already has the move roost. Decrementing the PP by 1
INFO     volbeat using roost makes it unlikely to have a choice item. Setting can_have_choice_item to False
INFO     volbeat used a status-move. Adding `assaultvest` to impossible items
INFO     Setting volbeat's last used move: roost
INFO     volbeat has acquired the 'roost' volatilestatus
INFO     palossand already has the move shadowball. Decrementing the PP by 1
INFO     palossand used a ghost move, removing ghostgem from possible items
INFO     Setting palossand's last used move: shadowball
INFO     palossand used a damaging move - not guessing lifeorb anymore
INFO     palossand did 33.0% damage to volbeat with shadowball
INFO     volbeat's special-defense was unboosted by 1 to -1
INFO     Removing 'roost' from volbeat's volatiles
INFO     volbeat has less than maxhp during upkeep, no longer guessing leftovers or blacksludge
INFO     
INFO     Turn: 30
INFO     Sampling battle 0
INFO     	        volbeat    prankster heavydutyboots [encore, lunge, roost, thunderwave] ttype=water
INFO     	   slowbrogalar  regenerator  assaultvest [earthquake, foulplay, psychic, shellsidearm] ttype=ground
INFO     Sampling 1 unrevealed pokemon
INFO     	       dachsbun wellbakedbody    leftovers [playrough, protect, wish, yawn] ttype=steel
INFO     Sampling battle 1
INFO     	        volbeat    prankster heavydutyboots [encore, lunge, roost, thunderwave] ttype=water
INFO     	   slowbrogalar  regenerator  assaultvest [earthquake, foulplay, psychic, shellsidearm] ttype=ground
INFO     Sampling 1 unrevealed pokemon
INFO     	      excadrill  moldbreaker  assaultvest [earthquake, ironhead, rapidspin, rockslide] ttype=grass
INFO     Sampling battle 2
INFO     	        volbeat    prankster heavydutyboots [encore, lunge, roost, thunderwave] ttype=water
INFO     	   slowbrogalar  regenerator  assaultvest [earthquake, foulplay, psychic, shellsidearm] ttype=ground
INFO     Sampling 1 unrevealed pokemon
INFO     	     victreebel  chlorophyll      lifeorb [powerwhip, sludgewave, sunnyday, weatherball] ttype=fire
INFO     Sampling battle 3
INFO     	        volbeat    prankster heavydutyboots [encore, lunge, roost, thunderwave] ttype=steel
INFO     	   slowbrogalar  regenerator  assaultvest [earthquake, fireblast, psychic, shellsidearm] ttype=ground
INFO     Sampling 1 unrevealed pokemon
INFO     	       salazzle    corrosion heavydutyboots [fireblast, nastyplot, sludgewave, terablast] ttype=grass
INFO     Sampling battle 4
INFO     	        volbeat    prankster heavydutyboots [encore, roost, thunderwave, uturn] ttype=water
INFO     	   slowbrogalar  regenerator  assaultvest [earthquake, psychic, shellsidearm, surf] ttype=ground
INFO     Sampling 1 unrevealed pokemon
INFO     	       whiscash    oblivious      lifeorb [dragondance, earthquake, liquidation, stoneedge] ttype=steel
INFO     Sampling battle 5
INFO     	        volbeat    prankster heavydutyboots [encore, roost, thunderwave, uturn] ttype=water
INFO     	   slowbrogalar  regenerator  assaultvest [earthquake, foulplay, psychic, shellsidearm] ttype=ground
INFO     Sampling 1 unrevealed pokemon
INFO     	       miraidon hadronengine      lifeorb [calmmind, dracometeor, dragonpulse, electrodrift] ttype=electric
INFO     Sampling battle 6
INFO     	        volbeat    prankster heavydutyboots [encore, roost, thunderwave, uturn] ttype=water
INFO     	   slowbrogalar  regenerator  assaultvest [earthquake, fireblast, psychic, shellsidearm] ttype=ground
INFO     Sampling 1 unrevealed pokemon
INFO     	        scyther   technician heavydutyboots [closecombat, defog, dualwingbeat, uturn] ttype=fighting
INFO     Sampling battle 7
INFO     	        volbeat    prankster heavydutyboots [encore, lunge, roost, thunderwave] ttype=steel
INFO     	   slowbrogalar  regenerator  assaultvest [earthquake, psychic, shellsidearm, surf] ttype=ground
INFO     Sampling 1 unrevealed pokemon
INFO     	        heatran    flashfire   airballoon [earthpower, heavyslam, magmastorm, stealthrock] ttype=grass
INFO     Sampling battle 8
INFO     	        volbeat    prankster heavydutyboots [encore, lunge, roost, thunderwave] ttype=steel
INFO     	   slowbrogalar  regenerator  assaultvest [earthquake, psychic, shellsidearm, surf] ttype=ground
INFO     Sampling 1 unrevealed pokemon
INFO     	       floatzel    waterveil    leftovers [bulkup, icespinner, taunt, wavecrash] ttype=steel
INFO     Sampling battle 9
INFO     	        volbeat    prankster heavydutyboots [encore, lunge, roost, thunderwave] ttype=steel
INFO     	   slowbrogalar  regenerator  assaultvest [earthquake, psychic, shellsidearm, surf] ttype=ground
INFO     Sampling 1 unrevealed pokemon
INFO     	         eiscue      iceface  sitrusberry [bellydrum, icespinner, liquidation, terablast] ttype=electric
INFO     Sampling battle 10
INFO     	        volbeat    prankster heavydutyboots [encore, lunge, roost, thunderwave] ttype=water
INFO     	   slowbrogalar  regenerator  assaultvest [earthquake, fireblast, psychic, shellsidearm] ttype=ground
INFO     Sampling 1 unrevealed pokemon
INFO     	      spectrier    grimneigh    leftovers [nastyplot, shadowball, substitute, terablast] ttype=fighting
INFO     Sampling battle 11
INFO     	        volbeat    prankster heavydutyboots [encore, roost, thunderwave, uturn] ttype=water
INFO     	   slowbrogalar  regenerator  assaultvest [earthquake, psychic, shellsidearm, surf] ttype=ground
INFO     Sampling 1 unrevealed pokemon
INFO     	       mukalola  poisontouch  assaultvest [drainpunch, gunkshot, icepunch, knockoff] ttype=fighting
INFO     Sampling battle 12
INFO     	        volbeat    prankster heavydutyboots [encore, roost, thunderwave, uturn] ttype=steel
INFO     	   slowbrogalar  regenerator  assaultvest [earthquake, fireblast, psychic, shellsidearm] ttype=ground
INFO     Sampling 1 unrevealed pokemon
INFO     	       smeargle   technician     widelens [populationbomb, powertrip, shellsmash, spore] ttype=normal
INFO     Sampling battle 13
INFO     	        volbeat    prankster heavydutyboots [encore, lunge, roost, thunderwave] ttype=steel
INFO     	   slowbrogalar  regenerator  assaultvest [earthquake, psychic, shellsidearm, surf] ttype=ground
INFO     Sampling 1 unrevealed pokemon
INFO     	        golduck    cloudnine    leftovers [grassknot, hydropump, icebeam, nastyplot] ttype=water
INFO     Sampling battle 14
INFO     	        volbeat    prankster heavydutyboots [encore, lunge, roost, thunderwave] ttype=steel
INFO     	   slowbrogalar  regenerator  assaultvest [earthquake, psychic, shellsidearm, surf] ttype=ground
INFO     Sampling 1 unrevealed pokemon
INFO     	         tauros   sheerforce      lifeorb [bodyslam, closecombat, throatchop, zenheadbutt] ttype=psychic
INFO     Sampling battle 15
INFO     	        volbeat    prankster heavydutyboots [encore, lunge, roost, thunderwave] ttype=water
INFO     	   slowbrogalar  regenerator  assaultvest [earthquake, psychic, shellsidearm, surf] ttype=ground
INFO     Sampling 1 unrevealed pokemon
INFO     	    dudunsparce      rattled    leftovers [boomburst, calmmind, roost, shadowball] ttype=poison
INFO     Searching for a move using MCTS...
INFO     Sampling 16 battles at 500ms each
INFO     Iterations 1: 118000
INFO     Iterations 4: 114000
INFO     Iterations 2: 116000
INFO     Iterations 5: 117000
INFO     Iterations 3: 113000
INFO     Iterations 6: 115000
INFO     Iterations 0: 115000
INFO     Iterations 7: 115000
INFO     Iterations 14: 63000
INFO     Iterations 8: 68000
INFO     Iterations 9: 64000
INFO     Iterations 11: 59000
INFO     Iterations 10: 64000
INFO     Iterations 13: 66000
INFO     Iterations 15: 69000
INFO     Iterations 12: 67000
INFO     Policy 0: shadowball visited 78.3% avg_score=0.505 sample_chance_multiplier=0.062
INFO     Policy 1: shadowball visited 73.02% avg_score=0.508 sample_chance_multiplier=0.062
INFO     Policy 2: shadowball visited 60.08% avg_score=0.468 sample_chance_multiplier=0.062
INFO     Policy 3: shadowball visited 73.62% avg_score=0.505 sample_chance_multiplier=0.062
INFO     Policy 4: shadowball visited 86.2% avg_score=0.495 sample_chance_multiplier=0.062
INFO     Policy 5: shadowball visited 75.45% avg_score=0.515 sample_chance_multiplier=0.062
INFO     Policy 6: shadowball visited 87.3% avg_score=0.487 sample_chance_multiplier=0.062
INFO     Policy 7: shadowball visited 84.26% avg_score=0.505 sample_chance_multiplier=0.062
INFO     Policy 8: shadowball visited 75.51% avg_score=0.513 sample_chance_multiplier=0.062
INFO     Policy 9: shadowball visited 80.4% avg_score=0.503 sample_chance_multiplier=0.062
INFO     Policy 10: shadowball visited 81.46% avg_score=0.507 sample_chance_multiplier=0.062
INFO     Policy 11: shadowball visited 51.84% avg_score=0.468 sample_chance_multiplier=0.062
INFO     Policy 12: earthpower visited 36.37% avg_score=0.44 sample_chance_multiplier=0.062
INFO     Policy 13: shadowball visited 52.85% avg_score=0.44 sample_chance_multiplier=0.062
INFO     Policy 14: shadowball visited 76.15% avg_score=0.503 sample_chance_multiplier=0.062
INFO     Policy 15: earthpower visited 31.06% avg_score=0.379 sample_chance_multiplier=0.062
INFO     Considered Choices:
INFO     	67.812%: shadowball
INFO     Choice: shadowball
INFO     volbeat already has the move roost. Decrementing the PP by 1
INFO     volbeat using roost makes it unlikely to have a choice item. Setting can_have_choice_item to False
INFO     volbeat used a status-move. Adding `assaultvest` to impossible items
INFO     Setting volbeat's last used move: roost
INFO     volbeat has acquired the 'roost' volatilestatus
INFO     palossand already has the move shadowball. Decrementing the PP by 1
INFO     palossand used a ghost move, removing ghostgem from possible items
INFO     Setting palossand's last used move: shadowball
INFO     palossand used a damaging move - not guessing lifeorb anymore
INFO     palossand did 50.0% damage to volbeat with shadowball
INFO     Removing 'roost' from volbeat's volatiles
INFO     volbeat has less than maxhp during upkeep, no longer guessing leftovers or blacksludge
INFO     
INFO     Turn: 31
INFO     Sampling battle 0
INFO     	        volbeat    prankster heavydutyboots [encore, lunge, roost, thunderwave] ttype=water
INFO     	   slowbrogalar  regenerator  assaultvest [earthquake, foulplay, psychic, shellsidearm] ttype=ground
INFO     Sampling 1 unrevealed pokemon
INFO     	      clawitzer megalauncher  choicespecs [aurasphere, darkpulse, dragonpulse, waterpulse] ttype=dark
INFO     Sampling battle 1
INFO     	        volbeat    prankster heavydutyboots [encore, roost, thunderwave, uturn] ttype=steel
INFO     	   slowbrogalar  regenerator  assaultvest [earthquake, fireblast, psychic, shellsidearm] ttype=ground
INFO     Sampling 1 unrevealed pokemon
INFO     	 exeggutoralola      harvest  sitrusberry [dracometeor, flamethrower, knockoff, woodhammer] ttype=fire
INFO     Sampling battle 2
INFO     	        volbeat    prankster heavydutyboots [encore, lunge, roost, thunderwave] ttype=water
INFO     	   slowbrogalar  regenerator  assaultvest [earthquake, foulplay, psychic, shellsidearm] ttype=ground
INFO     Sampling 1 unrevealed pokemon
INFO     	         raikou     pressure    leftovers [calmmind, scald, substitute, thunderbolt] ttype=grass
INFO     Sampling battle 3
INFO     	        volbeat    prankster heavydutyboots [encore, lunge, roost, thunderwave] ttype=water
INFO     	   slowbrogalar  regenerator  assaultvest [earthquake, psychic, shellsidearm, surf] ttype=ground
INFO     Sampling 1 unrevealed pokemon
INFO     	       politoed      drizzle    leftovers [encore, hypnosis, icebeam, surf] ttype=steel
INFO     Sampling battle 4
INFO     	        volbeat    prankster heavydutyboots [encore, roost, thunderwave, uturn] ttype=steel
INFO     	   slowbrogalar  regenerator  assaultvest [earthquake, foulplay, psychic, shellsidearm] ttype=ground
INFO     Sampling 1 unrevealed pokemon
INFO     	         raichu lightningrod      lifeorb [focusblast, nastyplot, terablast, thunderbolt] ttype=ice
INFO     Sampling battle 5
INFO     	        volbeat    prankster heavydutyboots [encore, lunge, roost, thunderwave] ttype=steel
INFO     	   slowbrogalar  regenerator  assaultvest [earthquake, psychic, shellsidearm, surf] ttype=ground
INFO     Sampling 1 unrevealed pokemon
INFO     	      coalossal    flamebody heavydutyboots [flamethrower, rapidspin, stoneedge, willowisp] ttype=water
INFO     Sampling battle 6
INFO     	        volbeat    prankster heavydutyboots [encore, roost, thunderwave, uturn] ttype=steel
INFO     	   slowbrogalar  regenerator  assaultvest [earthquake, psychic, shellsidearm, surf] ttype=ground
INFO     Sampling 1 unrevealed pokemon
INFO     	        leafeon  chlorophyll    leftovers [doubleedge, leafblade, substitute, swordsdance] ttype=normal
INFO     Sampling battle 7
INFO     	        volbeat    prankster heavydutyboots [encore, lunge, roost, thunderwave] ttype=water
INFO     	   slowbrogalar  regenerator  assaultvest [earthquake, psychic, shellsidearm, surf] ttype=ground
INFO     Sampling 1 unrevealed pokemon
INFO     	       cobalion    justified    leftovers [closecombat, ironhead, swordsdance, taunt] ttype=fighting
INFO     Sampling battle 8
INFO     	        volbeat    prankster heavydutyboots [encore, roost, thunderwave, uturn] ttype=water
INFO     	   slowbrogalar  regenerator  assaultvest [earthquake, psychic, shellsidearm, surf] ttype=ground
INFO     Sampling 1 unrevealed pokemon
INFO     	       sneasler     unburden    whiteherb [acrobatics, closecombat, direclaw, swordsdance] ttype=flying
INFO     Sampling battle 9
INFO     	        volbeat    prankster heavydutyboots [encore, lunge, roost, thunderwave] ttype=steel
INFO     	   slowbrogalar  regenerator  assaultvest [earthquake, fireblast, psychic, shellsidearm] ttype=ground
INFO     Sampling 1 unrevealed pokemon
INFO     	       tornadus      defiant  choicespecs [bleakwindstorm, focusblast, heatwave, uturn] ttype=fighting
INFO     Sampling battle 10
INFO     	        volbeat    prankster heavydutyboots [encore, lunge, roost, thunderwave] ttype=steel
INFO     	   slowbrogalar  regenerator  assaultvest [earthquake, foulplay, psychic, shellsidearm] ttype=ground
INFO     Sampling 1 unrevealed pokemon
INFO     	        gurdurr         guts     eviolite [bulkup, drainpunch, knockoff, machpunch] ttype=steel
INFO     Sampling battle 11
INFO     	        volbeat    prankster heavydutyboots [encore, roost, thunderwave, uturn] ttype=water
INFO     	   slowbrogalar  regenerator  assaultvest [earthquake, fireblast, psychic, shellsidearm] ttype=ground
INFO     Sampling 1 unrevealed pokemon
INFO     	   arceusdragon    multitype   dracoplate [dragondance, flareblitz, heavyslam, outrage] ttype=steel
INFO     Sampling battle 12
INFO     	        volbeat    prankster heavydutyboots [encore, lunge, roost, thunderwave] ttype=steel
INFO     	   slowbrogalar  regenerator  assaultvest [earthquake, psychic, shellsidearm, surf] ttype=ground
INFO     Sampling 1 unrevealed pokemon
INFO     	        kingdra    swiftswim      lifeorb [dracometeor, hurricane, raindance, wavecrash] ttype=water
INFO     Sampling battle 13
INFO     	        volbeat    prankster heavydutyboots [encore, lunge, roost, thunderwave] ttype=steel
INFO     	   slowbrogalar  regenerator  assaultvest [earthquake, fireblast, psychic, shellsidearm] ttype=ground
INFO     Sampling 1 unrevealed pokemon
INFO     	        gliscor   poisonheal     toxicorb [earthquake, protect, substitute, toxic] ttype=water
INFO     Sampling battle 14
INFO     	        volbeat    prankster heavydutyboots [encore, lunge, roost, thunderwave] ttype=water
INFO     	   slowbrogalar  regenerator  assaultvest [earthquake, psychic, shellsidearm, surf] ttype=ground
INFO     Sampling 1 unrevealed pokemon
INFO     	taurospaldeablaze   intimidate   choiceband [closecombat, flareblitz, stoneedge, wildcharge] ttype=fighting
INFO     Sampling battle 15
INFO     	        volbeat    prankster heavydutyboots [encore, roost, thunderwave, uturn] ttype=water
INFO     	   slowbrogalar  regenerator  assaultvest [earthquake, foulplay, psychic, shellsidearm] ttype=ground
INFO     Sampling 1 unrevealed pokemon
INFO     	     perrserker   toughclaws   choiceband [closecombat, ironhead, knockoff, uturn] ttype=fighting
INFO     Searching for a move using MCTS...
INFO     Sampling 16 battles at 500ms each
INFO     Iterations 6: 91000
INFO     Iterations 2: 88000
INFO     Iterations 4: 90000
INFO     Iterations 0: 90000
INFO     Iterations 5: 84000
INFO     Iterations 3: 82000
INFO     Iterations 1: 84000
INFO     Iterations 7: 92000
INFO     Iterations 8: 66000
INFO     Iterations 9: 61000
INFO     Iterations 12: 68000
INFO     Iterations 10: 75000
INFO     Iterations 11: 65000
INFO     Iterations 14: 68000
INFO     Iterations 13: 70000
INFO     Iterations 15: 68000
INFO     Policy 0: shadowball visited 48.92% avg_score=0.401 sample_chance_multiplier=0.062
INFO     Policy 1: shadowball visited 59.74% avg_score=0.449 sample_chance_multiplier=0.062
INFO     Policy 2: shadowball visited 75.7% avg_score=0.51 sample_chance_multiplier=0.062
INFO     Policy 3: shadowball visited 50.17% avg_score=0.423 sample_chance_multiplier=0.062
INFO     Policy 4: shadowball visited 83.2% avg_score=0.521 sample_chance_multiplier=0.062
INFO     Policy 5: shadowball visited 73.11% avg_score=0.511 sample_chance_multiplier=0.062
INFO     Policy 6: shadowball visited 77.65% avg_score=0.484 sample_chance_multiplier=0.062
INFO     Policy 7: shadowball visited 73.6% avg_score=0.516 sample_chance_multiplier=0.062
INFO     Policy 8: shadowball visited 78.02% avg_score=0.528 sample_chance_multiplier=0.062
INFO     Policy 9: shadowball visited 75.86% avg_score=0.485 sample_chance_multiplier=0.062
INFO     Policy 10: shadowball visited 80.49% avg_score=0.506 sample_chance_multiplier=0.062
INFO     Policy 11: shadowball visited 74.63% avg_score=0.488 sample_chance_multiplier=0.062
INFO     Policy 12: shadowball visited 77.83% avg_score=0.522 sample_chance_multiplier=0.062
INFO     Policy 13: shadowball visited 76.03% avg_score=0.473 sample_chance_multiplier=0.062
INFO     Policy 14: shadowball visited 77.89% avg_score=0.513 sample_chance_multiplier=0.062
INFO     Policy 15: shadowball visited 50.12% avg_score=0.471 sample_chance_multiplier=0.062
INFO     Considered Choices:
INFO     	70.81%: shadowball
INFO     Choice: shadowball
INFO     volbeat already has the move roost. Decrementing the PP by 1
INFO     volbeat using roost makes it unlikely to have a choice item. Setting can_have_choice_item to False
INFO     volbeat used a status-move. Adding `assaultvest` to impossible items
INFO     Setting volbeat's last used move: roost
INFO     volbeat has acquired the 'roost' volatilestatus
INFO     palossand already has the move shadowball. Decrementing the PP by 1
INFO     palossand used a ghost move, removing ghostgem from possible items
INFO     Setting palossand's last used move: shadowball
INFO     palossand used a damaging move - not guessing lifeorb anymore
INFO     palossand did 54.0% damage to volbeat with shadowball
INFO     Removing 'roost' from volbeat's volatiles
INFO     volbeat has less than maxhp during upkeep, no longer guessing leftovers or blacksludge
INFO     
INFO     Turn: 32
INFO     Sampling battle 0
INFO     	        volbeat    prankster heavydutyboots [encore, roost, thunderwave, uturn] ttype=steel
INFO     	   slowbrogalar  regenerator  assaultvest [earthquake, psychic, shellsidearm, surf] ttype=ground
INFO     Sampling 1 unrevealed pokemon
INFO     	     conkeldurr         guts     flameorb [closecombat, facade, knockoff, machpunch] ttype=normal
INFO     Sampling battle 1
INFO     	        volbeat    prankster heavydutyboots [encore, lunge, roost, thunderwave] ttype=steel
INFO     	   slowbrogalar  regenerator  assaultvest [earthquake, fireblast, psychic, shellsidearm] ttype=ground
INFO     Sampling 1 unrevealed pokemon
INFO     	   avalugghisui       sturdy heavydutyboots [avalanche, bodypress, recover, stoneedge] ttype=ghost
INFO     Sampling battle 2
INFO     	        volbeat    prankster heavydutyboots [encore, lunge, roost, thunderwave] ttype=water
INFO     	   slowbrogalar  regenerator  assaultvest [earthquake, fireblast, psychic, shellsidearm] ttype=ground
INFO     Sampling 1 unrevealed pokemon
INFO     	        moltres    flamebody heavydutyboots [bravebird, fireblast, roost, scorchingsands] ttype=steel
INFO     Sampling battle 3
INFO     	        volbeat    prankster heavydutyboots [encore, lunge, roost, thunderwave] ttype=steel
INFO     	   slowbrogalar  regenerator  assaultvest [earthquake, foulplay, psychic, shellsidearm] ttype=ground
INFO     Sampling 1 unrevealed pokemon
INFO     	     talonflame    flamebody heavydutyboots [bravebird, overheat, roost, willowisp] ttype=dragon
INFO     Sampling battle 4
INFO     	        volbeat    prankster heavydutyboots [encore, lunge, roost, thunderwave] ttype=steel
INFO     	   slowbrogalar  regenerator  assaultvest [earthquake, foulplay, psychic, shellsidearm] ttype=ground
INFO     Sampling 1 unrevealed pokemon
INFO     	      tatsugiri   stormdrain heavydutyboots [dracometeor, nastyplot, rapidspin, surf] ttype=steel
INFO     Sampling battle 5
INFO     	        volbeat    prankster heavydutyboots [encore, lunge, roost, thunderwave] ttype=water
INFO     	   slowbrogalar  regenerator  assaultvest [earthquake, fireblast, psychic, shellsidearm] ttype=ground
INFO     Sampling 1 unrevealed pokemon
INFO     	     copperajah   sheerforce      lifeorb [ironhead, playrough, stealthrock, superpower] ttype=fairy
INFO     Sampling battle 6
INFO     	        volbeat    prankster heavydutyboots [encore, lunge, roost, thunderwave] ttype=steel
INFO     	   slowbrogalar  regenerator  assaultvest [earthquake, psychic, shellsidearm, surf] ttype=ground
INFO     Sampling 1 unrevealed pokemon
INFO     	   dugtrioalola tanglinghair      lifeorb [earthquake, ironhead, stealthrock, stoneedge] ttype=ground
INFO     Sampling battle 7
INFO     	        volbeat    prankster heavydutyboots [encore, lunge, roost, thunderwave] ttype=steel
INFO     	   slowbrogalar  regenerator  assaultvest [earthquake, psychic, shellsidearm, surf] ttype=ground
INFO     Sampling 1 unrevealed pokemon
INFO     	      mandibuzz     overcoat heavydutyboots [bravebird, foulplay, roost, toxic] ttype=steel
INFO     Sampling battle 8
INFO     	        volbeat    prankster heavydutyboots [encore, lunge, roost, thunderwave] ttype=water
INFO     	   slowbrogalar  regenerator  assaultvest [earthquake, fireblast, psychic, shellsidearm] ttype=ground
INFO     Sampling 1 unrevealed pokemon
INFO     	    zapdosgalar      defiant   choiceband [bravebird, closecombat, knockoff, uturn] ttype=steel
INFO     Sampling battle 9
INFO     	        volbeat    prankster heavydutyboots [encore, lunge, roost, thunderwave] ttype=water
INFO     	   slowbrogalar  regenerator  assaultvest [earthquake, psychic, shellsidearm, surf] ttype=ground
INFO     Sampling 1 unrevealed pokemon
INFO     	squawkabillyyellow       hustle heavydutyboots [bravebird, doubleedge, partingshot, quickattack] ttype=normal
INFO     Sampling battle 10
INFO     	        volbeat    prankster heavydutyboots [encore, roost, thunderwave, uturn] ttype=water
INFO     	   slowbrogalar  regenerator  assaultvest [earthquake, psychic, shellsidearm, surf] ttype=ground
INFO     Sampling 1 unrevealed pokemon
INFO     	         dodrio    earlybird heavydutyboots [bravebird, doubleedge, drillrun, swordsdance] ttype=ground
INFO     Sampling battle 11
INFO     	        volbeat    prankster heavydutyboots [encore, roost, thunderwave, uturn] ttype=steel
INFO     	   slowbrogalar  regenerator  assaultvest [earthquake, foulplay, psychic, shellsidearm] ttype=ground
INFO     Sampling 1 unrevealed pokemon
INFO     	          chiyu  beadsofruin heavydutyboots [darkpulse, fireblast, nastyplot, willowisp] ttype=fire
INFO     Sampling battle 12
INFO     	        volbeat    prankster heavydutyboots [encore, roost, thunderwave, uturn] ttype=water
INFO     	   slowbrogalar  regenerator  assaultvest [earthquake, fireblast, psychic, shellsidearm] ttype=ground
INFO     Sampling 1 unrevealed pokemon
INFO     	      charizard        blaze heavydutyboots [dragondance, earthquake, flareblitz, outrage] ttype=dragon
INFO     Sampling battle 13
INFO     	        volbeat    prankster heavydutyboots [encore, roost, thunderwave, uturn] ttype=steel
INFO     	   slowbrogalar  regenerator  assaultvest [earthquake, foulplay, psychic, shellsidearm] ttype=ground
INFO     Sampling 1 unrevealed pokemon
INFO     	 electrodehisui    aftermath      lifeorb [leafstorm, taunt, thunderbolt, thunderwave] ttype=electric
INFO     Sampling battle 14
INFO     	        volbeat    prankster heavydutyboots [encore, roost, thunderwave, uturn] ttype=steel
INFO     	   slowbrogalar  regenerator  assaultvest [earthquake, fireblast, psychic, shellsidearm] ttype=ground
INFO     Sampling 1 unrevealed pokemon
INFO     	     irontreads   quarkdrive  assaultvest [earthquake, ironhead, knockoff, rapidspin] ttype=dragon
INFO     Sampling battle 15
INFO     	        volbeat    prankster heavydutyboots [encore, lunge, roost, thunderwave] ttype=steel
INFO     	   slowbrogalar  regenerator  assaultvest [earthquake, fireblast, psychic, shellsidearm] ttype=ground
INFO     Sampling 1 unrevealed pokemon
INFO     	     grimmsnarl    prankster    lightclay [lightscreen, reflect, spiritbreak, thunderwave] ttype=poison
INFO     Searching for a move using MCTS...
INFO     Sampling 16 battles at 500ms each
INFO     Iterations 1: 69000
INFO     Iterations 7: 85000
INFO     Iterations 4: 81000
INFO     Iterations 0: 84000
INFO     Iterations 6: 83000
INFO     Iterations 3: 85000
INFO     Iterations 5: 81000
INFO     Iterations 2: 80000
INFO     Iterations 9: 69000
INFO     Iterations 8: 68000
INFO     Iterations 10: 75000
INFO     Iterations 12: 67000
INFO     Iterations 11: 67000
INFO     Iterations 14: 68000
INFO     Iterations 13: 72000
INFO     Iterations 15: 71000
INFO     Policy 0: shadowball visited 79.47% avg_score=0.476 sample_chance_multiplier=0.062
INFO     Policy 1: shadowball visited 81.72% avg_score=0.526 sample_chance_multiplier=0.062
INFO     Policy 2: shadowball visited 82.33% avg_score=0.491 sample_chance_multiplier=0.062
INFO     Policy 3: shadowball visited 84.29% avg_score=0.519 sample_chance_multiplier=0.062
INFO     Policy 4: shadowball visited 49.88% avg_score=0.424 sample_chance_multiplier=0.062
INFO     Policy 5: shadowball visited 82.18% avg_score=0.526 sample_chance_multiplier=0.062
INFO     Policy 6: shadowball visited 81.07% avg_score=0.544 sample_chance_multiplier=0.062
INFO     Policy 7: shadowball visited 57.36% avg_score=0.456 sample_chance_multiplier=0.062
INFO     Policy 8: shadowball visited 75.66% avg_score=0.496 sample_chance_multiplier=0.062
INFO     Policy 9: shadowball visited 40.38% avg_score=0.428 sample_chance_multiplier=0.062
INFO     Policy 10: shadowball visited 56.97% avg_score=0.437 sample_chance_multiplier=0.062
INFO     Policy 11: switch eiscue visited 30.35% avg_score=0.412 sample_chance_multiplier=0.062
INFO     Policy 12: shadowball visited 81.45% avg_score=0.469 sample_chance_multiplier=0.062
INFO     Policy 13: shadowball visited 78.62% avg_score=0.517 sample_chance_multiplier=0.062
INFO     Policy 14: shadowball visited 80.61% avg_score=0.528 sample_chance_multiplier=0.062
INFO     Policy 15: shadowball visited 49.65% avg_score=0.427 sample_chance_multiplier=0.062
INFO     Considered Choices:
INFO     	67.414%: shadowball
INFO     Choice: shadowball
INFO     Opponent has switched - clearing the last used move
INFO     palossand already has the move shadowball. Decrementing the PP by 1
INFO     palossand used a ghost move, removing ghostgem from possible items
INFO     Setting palossand's last used move: shadowball
INFO     palossand used a damaging move - not guessing lifeorb anymore
INFO     palossand did 26.0% damage to slowbrogalar with shadowball
INFO     slowbrogalar's special-defense was unboosted by 1 to -1
INFO     slowbrogalar has less than maxhp during upkeep, no longer guessing leftovers or blacksludge
INFO     
INFO     Turn: 33
INFO     Sampling battle 0
INFO     	   slowbrogalar  regenerator  assaultvest [earthquake, fireblast, psychic, shellsidearm] ttype=ground
INFO     	        volbeat    prankster heavydutyboots [encore, lunge, roost, thunderwave] ttype=steel
INFO     Sampling 1 unrevealed pokemon
INFO     	       cloyster    skilllink    whiteherb [drillrun, iciclespear, rockblast, shellsmash] ttype=ground
INFO     Sampling battle 1
INFO     	   slowbrogalar  regenerator  assaultvest [earthquake, psychic, shellsidearm, surf] ttype=ground
INFO     	        volbeat    prankster heavydutyboots [encore, roost, thunderwave, uturn] ttype=steel
INFO     Sampling 1 unrevealed pokemon
INFO     	      cramorant  gulpmissile heavydutyboots [bravebird, defog, roost, surf] ttype=ground
INFO     Sampling battle 2
INFO     	   slowbrogalar  regenerator  assaultvest [earthquake, psychic, shellsidearm, surf] ttype=ground
INFO     	        volbeat    prankster heavydutyboots [encore, roost, thunderwave, uturn] ttype=water
INFO     Sampling 1 unrevealed pokemon
INFO     	       braviary      defiant heavydutyboots [bravebird, bulkup, closecombat, roost] ttype=steel
INFO     Sampling battle 3
INFO     	   slowbrogalar  regenerator  assaultvest [earthquake, fireblast, psychic, shellsidearm] ttype=ground
INFO     	        volbeat    prankster heavydutyboots [encore, lunge, roost, thunderwave] ttype=steel
INFO     Sampling 1 unrevealed pokemon
INFO     	        breloom   technician      lifeorb [bulletseed, machpunch, rocktomb, swordsdance] ttype=rock
INFO     Sampling battle 4
INFO     	   slowbrogalar  regenerator  assaultvest [earthquake, fireblast, psychic, shellsidearm] ttype=ground
INFO     	        volbeat    prankster heavydutyboots [encore, lunge, roost, thunderwave] ttype=steel
INFO     Sampling 1 unrevealed pokemon
INFO     	       enamorus    cutecharm    leftovers [calmmind, earthpower, moonblast, substitute] ttype=ground
INFO     Sampling battle 5
INFO     	   slowbrogalar  regenerator  assaultvest [earthquake, psychic, shellsidearm, surf] ttype=ground
INFO     	        volbeat    prankster heavydutyboots [encore, lunge, roost, thunderwave] ttype=water
INFO     Sampling 1 unrevealed pokemon
INFO     	        donphan       sturdy  assaultvest [earthquake, iceshard, icespinner, rapidspin] ttype=dragon
INFO     Sampling battle 6
INFO     	   slowbrogalar  regenerator  assaultvest [earthquake, fireblast, psychic, shellsidearm] ttype=ground
INFO     	        volbeat    prankster heavydutyboots [encore, lunge, roost, thunderwave] ttype=steel
INFO     Sampling 1 unrevealed pokemon
INFO     	        snorlax     thickfat    leftovers [bodyslam, curse, rest, sleeptalk] ttype=poison
INFO     Sampling battle 7
INFO     	   slowbrogalar  regenerator  assaultvest [earthquake, foulplay, psychic, shellsidearm] ttype=ground
INFO     	        volbeat    prankster heavydutyboots [encore, lunge, roost, thunderwave] ttype=steel
INFO     Sampling 1 unrevealed pokemon
INFO     	      dragapult   cursedbody heavydutyboots [dragondarts, hex, uturn, willowisp] ttype=dragon
INFO     Sampling battle 8
INFO     	   slowbrogalar  regenerator  assaultvest [earthquake, foulplay, psychic, shellsidearm] ttype=ground
INFO     	        volbeat    prankster heavydutyboots [encore, lunge, roost, thunderwave] ttype=steel
INFO     Sampling 1 unrevealed pokemon
INFO     	   greninjabond   battlebond      lifeorb [darkpulse, gunkshot, hydropump, icebeam] ttype=water
INFO     Sampling battle 9
INFO     	   slowbrogalar  regenerator  assaultvest [earthquake, fireblast, psychic, shellsidearm] ttype=ground
INFO     	        volbeat    prankster heavydutyboots [encore, roost, thunderwave, uturn] ttype=steel
INFO     Sampling 1 unrevealed pokemon
INFO     	      sandslash     sandrush    leftovers [earthquake, knockoff, rapidspin, spikes] ttype=water
INFO     Sampling battle 10
INFO     	   slowbrogalar  regenerator  assaultvest [earthquake, fireblast, psychic, shellsidearm] ttype=ground
INFO     	        volbeat    prankster heavydutyboots [encore, roost, thunderwave, uturn] ttype=water
INFO     Sampling 1 unrevealed pokemon
INFO     	       porygonz adaptability      lifeorb [nastyplot, shadowball, thunderbolt, triattack] ttype=ghost
INFO     Sampling battle 11
INFO     	   slowbrogalar  regenerator  assaultvest [earthquake, foulplay, psychic, shellsidearm] ttype=ground
INFO     	        volbeat    prankster heavydutyboots [encore, lunge, roost, thunderwave] ttype=steel
INFO     Sampling 1 unrevealed pokemon
INFO     	      palossand watercompaction    leftovers [earthpower, shadowball, shoreup, stealthrock] ttype=poison
INFO     Sampling battle 12
INFO     	   slowbrogalar  regenerator  assaultvest [earthquake, fireblast, psychic, shellsidearm] ttype=ground
INFO     	        volbeat    prankster heavydutyboots [encore, roost, thunderwave, uturn] ttype=steel
INFO     Sampling 1 unrevealed pokemon
INFO     	        leafeon  chlorophyll      lifeorb [doubleedge, knockoff, leafblade, swordsdance] ttype=normal
INFO     Sampling battle 13
INFO     	   slowbrogalar  regenerator  assaultvest [earthquake, foulplay, psychic, shellsidearm] ttype=ground
INFO     	        volbeat    prankster heavydutyboots [encore, roost, thunderwave, uturn] ttype=water
INFO     Sampling 1 unrevealed pokemon
INFO     	      coalossal    flamebody heavydutyboots [overheat, rapidspin, stealthrock, stoneedge] ttype=grass
INFO     Sampling battle 14
INFO     	   slowbrogalar  regenerator  assaultvest [earthquake, foulplay, psychic, shellsidearm] ttype=ground
INFO     	        volbeat    prankster heavydutyboots [encore, lunge, roost, thunderwave] ttype=water
INFO     Sampling 1 unrevealed pokemon
INFO     	      sandslash     sandrush    leftovers [earthquake, rapidspin, stoneedge, swordsdance] ttype=water
INFO     Sampling battle 15
INFO     	   slowbrogalar  regenerator  assaultvest [earthquake, fireblast, psychic, shellsidearm] ttype=ground
INFO     	        volbeat    prankster heavydutyboots [encore, roost, thunderwave, uturn] ttype=water
INFO     Sampling 1 unrevealed pokemon
INFO     	      quaquaval        moxie    leftovers [aquastep, closecombat, roost, swordsdance] ttype=steel
INFO     Searching for a move using MCTS...
INFO     Sampling 16 battles at 500ms each
INFO     Iterations 1: 90000
INFO     Iterations 4: 84000
INFO     Iterations 0: 82000
INFO     Iterations 7: 85000
INFO     Iterations 5: 85000
INFO     Iterations 3: 87000
INFO     Iterations 6: 85000
INFO     Iterations 2: 97000
INFO     Iterations 8: 65000
INFO     Iterations 9: 66000
INFO     Iterations 11: 62000
INFO     Iterations 12: 67000
INFO     Iterations 13: 68000
INFO     Iterations 10: 68000
INFO     Iterations 15: 65000
INFO     Iterations 14: 70000
INFO     Policy 0: shadowball visited 64.93% avg_score=0.435 sample_chance_multiplier=0.062
INFO     Policy 1: shadowball visited 61.7% avg_score=0.407 sample_chance_multiplier=0.062
INFO     Policy 2: switch eiscue visited 30.39% avg_score=0.348 sample_chance_multiplier=0.062
INFO     Policy 3: shadowball visited 65.9% avg_score=0.416 sample_chance_multiplier=0.062
INFO     Policy 4: shadowball visited 83.2% avg_score=0.425 sample_chance_multiplier=0.062
INFO     Policy 5: shadowball visited 83.57% avg_score=0.476 sample_chance_multiplier=0.062
INFO     Policy 6: earthpower visited 39.77% avg_score=0.413 sample_chance_multiplier=0.062
INFO     Policy 7: shadowball visited 88.0% avg_score=0.491 sample_chance_multiplier=0.062
INFO     Policy 8: earthpower visited 54.76% avg_score=0.41 sample_chance_multiplier=0.062
INFO     Policy 9: shadowball visited 75.27% avg_score=0.467 sample_chance_multiplier=0.062
INFO     Policy 10: earthpower visited 62.3% avg_score=0.402 sample_chance_multiplier=0.062
INFO     Policy 11: shadowball visited 82.22% avg_score=0.475 sample_chance_multiplier=0.062
INFO     Policy 12: shadowball visited 81.97% avg_score=0.447 sample_chance_multiplier=0.062
INFO     Policy 13: shadowball visited 79.49% avg_score=0.485 sample_chance_multiplier=0.062
INFO     Policy 14: shadowball visited 81.99% avg_score=0.478 sample_chance_multiplier=0.062
INFO     Policy 15: shadowball visited 73.84% avg_score=0.463 sample_chance_multiplier=0.062
INFO     Considered Choices:
INFO     	63.412%: shadowball
INFO     Choice: shadowball
INFO     Opponent has switched - clearing the last used move
INFO     slowbrogalar switched out with regenerator. Healing it to 258.57/307
INFO     palossand already has the move shadowball. Decrementing the PP by 1
INFO     palossand used a ghost move, removing ghostgem from possible items
INFO     Setting palossand's last used move: shadowball
INFO     palossand used a damaging move - not guessing lifeorb anymore
INFO     palossand did 39.0% damage to volbeat with shadowball
INFO     volbeat has less than maxhp during upkeep, no longer guessing leftovers or blacksludge
INFO     Opponent has switched - clearing the last used move
INFO     
INFO     Turn: 34
INFO     Sampling battle 0
INFO     	   slowbrogalar  regenerator  assaultvest [earthquake, fireblast, psychic, shellsidearm] ttype=ground
INFO     Sampling 1 unrevealed pokemon
INFO     	      excadrill  moldbreaker  assaultvest [earthquake, ironhead, rapidspin, rockslide] ttype=grass
INFO     Sampling battle 1
INFO     	   slowbrogalar  regenerator  assaultvest [earthquake, psychic, shellsidearm, surf] ttype=ground
INFO     Sampling 1 unrevealed pokemon
INFO     	        wochien tabletsofruin    leftovers [gigadrain, knockoff, leechseed, protect] ttype=poison
INFO     Sampling battle 2
INFO     	   slowbrogalar  regenerator  assaultvest [earthquake, foulplay, psychic, shellsidearm] ttype=ground
INFO     Sampling 1 unrevealed pokemon
INFO     	        leafeon  chlorophyll      lifeorb [doubleedge, knockoff, leafblade, swordsdance] ttype=dark
INFO     Sampling battle 3
INFO     	   slowbrogalar  regenerator  assaultvest [earthquake, psychic, shellsidearm, surf] ttype=ground
INFO     Sampling 1 unrevealed pokemon
INFO     	       inteleon      torrent  choicespecs [hydropump, icebeam, scald, uturn] ttype=water
INFO     Sampling battle 4
INFO     	   slowbrogalar  regenerator  assaultvest [earthquake, fireblast, psychic, shellsidearm] ttype=ground
INFO     Sampling 1 unrevealed pokemon
INFO     	       hawlucha     unburden    whiteherb [bravebird, closecombat, swordsdance, throatchop] ttype=fighting
INFO     Sampling battle 5
INFO     	   slowbrogalar  regenerator  assaultvest [earthquake, psychic, shellsidearm, surf] ttype=ground
INFO     Sampling 1 unrevealed pokemon
INFO     	        flapple       hustle   choiceband [gravapple, outrage, suckerpunch, uturn] ttype=dragon
INFO     Sampling battle 6
INFO     	   slowbrogalar  regenerator  assaultvest [earthquake, psychic, shellsidearm, surf] ttype=ground
INFO     Sampling 1 unrevealed pokemon
INFO     	        snorlax     thickfat    leftovers [bodyslam, curse, rest, sleeptalk] ttype=poison
INFO     Sampling battle 7
INFO     	   slowbrogalar  regenerator  assaultvest [earthquake, psychic, shellsidearm, surf] ttype=ground
INFO     Sampling 1 unrevealed pokemon
INFO     	      tyranitar   sandstream weaknesspolicy [dragondance, earthquake, knockoff, stoneedge] ttype=rock
INFO     Sampling battle 8
INFO     	   slowbrogalar  regenerator  assaultvest [earthquake, fireblast, psychic, shellsidearm] ttype=ground
INFO     Sampling 1 unrevealed pokemon
INFO     	      hitmonlee     unburden    whiteherb [closecombat, knockoff, poisonjab, swordsdance] ttype=poison
INFO     Sampling battle 9
INFO     	   slowbrogalar  regenerator  assaultvest [earthquake, fireblast, psychic, shellsidearm] ttype=ground
INFO     Sampling 1 unrevealed pokemon
INFO     	      ninetales      drought heavydutyboots [fireblast, nastyplot, scorchingsands, solarbeam] ttype=fire
INFO     Sampling battle 10
INFO     	   slowbrogalar  regenerator  assaultvest [earthquake, fireblast, psychic, shellsidearm] ttype=ground
INFO     Sampling 1 unrevealed pokemon
INFO     	      dragapult   cursedbody heavydutyboots [dragondarts, hex, uturn, willowisp] ttype=fairy
INFO     Sampling battle 11
INFO     	   slowbrogalar  regenerator  assaultvest [earthquake, foulplay, psychic, shellsidearm] ttype=ground
INFO     Sampling 1 unrevealed pokemon
INFO     	      terrakion    justified      lifeorb [closecombat, earthquake, stoneedge, swordsdance] ttype=ground
INFO     Sampling battle 12
INFO     	   slowbrogalar  regenerator  assaultvest [earthquake, psychic, shellsidearm, surf] ttype=ground
INFO     Sampling 1 unrevealed pokemon
INFO     	        lanturn   voltabsorb heavydutyboots [scald, thunderbolt, thunderwave, voltswitch] ttype=flying
INFO     Sampling battle 13
INFO     	   slowbrogalar  regenerator  assaultvest [earthquake, foulplay, psychic, shellsidearm] ttype=ground
INFO     Sampling 1 unrevealed pokemon
INFO     	      eternatus     pressure  rockyhelmet [dynamaxcannon, flamethrower, recover, toxic] ttype=water
INFO     Sampling battle 14
INFO     	   slowbrogalar  regenerator  assaultvest [earthquake, fireblast, psychic, shellsidearm] ttype=ground
INFO     Sampling 1 unrevealed pokemon
INFO     	        flapple       hustle   choiceband [gravapple, outrage, suckerpunch, uturn] ttype=dragon
INFO     Sampling battle 15
INFO     	   slowbrogalar  regenerator  assaultvest [earthquake, fireblast, psychic, shellsidearm] ttype=ground
INFO     Sampling 1 unrevealed pokemon
INFO     	          arbok   intimidate      lifeorb [earthquake, gunkshot, suckerpunch, toxicspikes] ttype=ground
INFO     Searching for a move using MCTS...
INFO     Sampling 16 battles at 500ms each
INFO     Iterations 6: 84000
INFO     Iterations 2: 87000
INFO     Iterations 7: 79000
INFO     Iterations 5: 81000
INFO     Iterations 3: 83000
INFO     Iterations 4: 82000
INFO     Iterations 1: 87000
INFO     Iterations 0: 81000
INFO     Iterations 9: 60000
INFO     Iterations 12: 67000
INFO     Iterations 14: 61000
INFO     Iterations 10: 64000
INFO     Iterations 8: 64000
INFO     Iterations 11: 71000
INFO     Iterations 13: 71000
INFO     Iterations 15: 63000
INFO     Policy 0: earthpower visited 52.66% avg_score=0.477 sample_chance_multiplier=0.062
INFO     Policy 1: stealthrock visited 33.34% avg_score=0.332 sample_chance_multiplier=0.062
INFO     Policy 2: shadowball visited 36.46% avg_score=0.412 sample_chance_multiplier=0.062
INFO     Policy 3: earthpower visited 36.99% avg_score=0.398 sample_chance_multiplier=0.062
INFO     Policy 4: shadowball visited 50.9% avg_score=0.469 sample_chance_multiplier=0.062
INFO     Policy 5: shadowball visited 38.98% avg_score=0.411 sample_chance_multiplier=0.062
INFO     Policy 6: earthpower visited 52.84% avg_score=0.448 sample_chance_multiplier=0.062
INFO     Policy 7: earthpower visited 66.14% avg_score=0.336 sample_chance_multiplier=0.062
INFO     Policy 8: earthpower visited 49.5% avg_score=0.463 sample_chance_multiplier=0.062
INFO     Policy 9: earthpower visited 50.64% avg_score=0.456 sample_chance_multiplier=0.062
INFO     Policy 10: shadowball visited 49.64% avg_score=0.478 sample_chance_multiplier=0.062
INFO     Policy 11: earthpower visited 54.65% avg_score=0.496 sample_chance_multiplier=0.062
INFO     Policy 12: shadowball visited 46.66% avg_score=0.449 sample_chance_multiplier=0.062
INFO     Policy 13: earthpower visited 53.53% avg_score=0.488 sample_chance_multiplier=0.062
INFO     Policy 14: shadowball visited 40.86% avg_score=0.422 sample_chance_multiplier=0.062
INFO     Policy 15: earthpower visited 43.17% avg_score=0.471 sample_chance_multiplier=0.062
INFO     Considered Choices:
INFO     	42.923%: earthpower
INFO     	36.324%: shadowball
INFO     Choice: earthpower
INFO     Updated slowbrogalar's max speed to 113
INFO     palossand already has the move earthpower. Decrementing the PP by 1
INFO     palossand used a ground move, removing groundgem from possible items
INFO     Setting palossand's last used move: earthpower
INFO     palossand used a damaging move - not guessing lifeorb anymore
INFO     palossand did 27.0% damage to slowbrogalar with earthpower
INFO     slowbrogalar already has the move psychic. Decrementing the PP by 1
INFO     slowbrogalar used a psychic move, removing psychicgem from possible items
INFO     Setting slowbrogalar's last used move: psychic
INFO     slowbrogalar used a damaging move - not guessing lifeorb anymore
INFO     slowbrogalar did 37.84% damage to palossand with psychic
INFO     Setting palossand's item to: leftovers
INFO     slowbrogalar has less than maxhp during upkeep, no longer guessing leftovers or blacksludge
INFO     
INFO     Turn: 35
INFO     Sampling battle 0
INFO     	   slowbrogalar  regenerator  assaultvest [earthquake, fireblast, psychic, shellsidearm] ttype=ground
INFO     Sampling 1 unrevealed pokemon
INFO     	        flapple       hustle     lumberry [dragondance, gravapple, outrage, terablast] ttype=fire
INFO     Sampling battle 1
INFO     	   slowbrogalar  regenerator  assaultvest [earthquake, foulplay, psychic, shellsidearm] ttype=ground
INFO     Sampling 1 unrevealed pokemon
INFO     	       jumpluff  infiltrator              [acrobatics, sleeppowder, strengthsap, uturn] ttype=steel
INFO     Sampling battle 2
INFO     	   slowbrogalar  regenerator  assaultvest [earthquake, fireblast, psychic, shellsidearm] ttype=ground
INFO     Sampling 1 unrevealed pokemon
INFO     	      piloswine     thickfat     eviolite [earthquake, iceshard, iciclecrash, stealthrock] ttype=dragon
INFO     Sampling battle 3
INFO     	   slowbrogalar  regenerator  assaultvest [earthquake, fireblast, psychic, shellsidearm] ttype=ground
INFO     Sampling 1 unrevealed pokemon
INFO     	      crawdaunt adaptability      lifeorb [aquajet, crabhammer, dragondance, knockoff] ttype=water
INFO     Sampling battle 4
INFO     	   slowbrogalar  regenerator  assaultvest [earthquake, psychic, shellsidearm, surf] ttype=ground
INFO     Sampling 1 unrevealed pokemon
INFO     	      salamence   intimidate heavydutyboots [dragondance, dualwingbeat, outrage, roost] ttype=dragon
INFO     Sampling battle 5
INFO     	   slowbrogalar  regenerator  assaultvest [earthquake, foulplay, psychic, shellsidearm] ttype=ground
INFO     Sampling 1 unrevealed pokemon
INFO     	        leafeon  chlorophyll    leftovers [knockoff, leafblade, substitute, swordsdance] ttype=dark
INFO     Sampling battle 6
INFO     	   slowbrogalar  regenerator  assaultvest [earthquake, fireblast, psychic, shellsidearm] ttype=ground
INFO     Sampling 1 unrevealed pokemon
INFO     	      excadrill  moldbreaker  assaultvest [earthquake, ironhead, rapidspin, rockslide] ttype=water
INFO     Sampling battle 7
INFO     	   slowbrogalar  regenerator  assaultvest [earthquake, foulplay, psychic, shellsidearm] ttype=ground
INFO     Sampling 1 unrevealed pokemon
INFO     	      magnezone   magnetpull  choicescarf [bodypress, flashcannon, thunderbolt, voltswitch] ttype=flying
INFO     Sampling battle 8
INFO     	   slowbrogalar  regenerator  assaultvest [earthquake, foulplay, psychic, shellsidearm] ttype=ground
INFO     Sampling 1 unrevealed pokemon
INFO     	         gengar   cursedbody      lifeorb [encore, focusblast, shadowball, sludgewave] ttype=dark
INFO     Sampling battle 9
INFO     	   slowbrogalar  regenerator  assaultvest [earthquake, foulplay, psychic, shellsidearm] ttype=ground
INFO     Sampling 1 unrevealed pokemon
INFO     	       clefable      unaware    leftovers [fireblast, moonblast, moonlight, thunderwave] ttype=poison
INFO     Sampling battle 10
INFO     	   slowbrogalar  regenerator  assaultvest [earthquake, fireblast, psychic, shellsidearm] ttype=ground
INFO     Sampling 1 unrevealed pokemon
INFO     	    gougingfire protosynthesis heavydutyboots [dragondance, heatcrash, morningsun, outrage] ttype=fairy
INFO     Sampling battle 11
INFO     	   slowbrogalar  regenerator  assaultvest [earthquake, foulplay, psychic, shellsidearm] ttype=ground
INFO     Sampling 1 unrevealed pokemon
INFO     	    basculegion adaptability  assaultvest [aquajet, flipturn, shadowball, wavecrash] ttype=water
INFO     Sampling battle 12
INFO     	   slowbrogalar  regenerator  assaultvest [earthquake, fireblast, psychic, shellsidearm] ttype=ground
INFO     Sampling 1 unrevealed pokemon
INFO     	       skarmory       sturdy    leftovers [bodypress, bravebird, irondefense, roost] ttype=fighting
INFO     Sampling battle 13
INFO     	   slowbrogalar  regenerator  assaultvest [earthquake, foulplay, psychic, shellsidearm] ttype=ground
INFO     Sampling 1 unrevealed pokemon
INFO     	      mismagius     levitate      lifeorb [dazzlinggleam, mysticalfire, nastyplot, shadowball] ttype=fairy
INFO     Sampling battle 14
INFO     	   slowbrogalar  regenerator  assaultvest [earthquake, fireblast, psychic, shellsidearm] ttype=ground
INFO     Sampling 1 unrevealed pokemon
INFO     	        manaphy    hydration    leftovers [energyball, icebeam, surf, tailglow] ttype=water
INFO     Sampling battle 15
INFO     	   slowbrogalar  regenerator  assaultvest [earthquake, foulplay, psychic, shellsidearm] ttype=ground
INFO     Sampling 1 unrevealed pokemon
INFO     	      spectrier    grimneigh    leftovers [nastyplot, shadowball, substitute, terablast] ttype=fighting
INFO     Searching for a move using MCTS...
INFO     Sampling 16 battles at 500ms each
INFO     Iterations 4: 88000
INFO     Iterations 3: 82000
INFO     Iterations 6: 83000
INFO     Iterations 5: 90000
INFO     Iterations 2: 89000
INFO     Iterations 7: 91000
INFO     Iterations 0: 83000
INFO     Iterations 1: 91000
INFO     Iterations 9: 63000
INFO     Iterations 8: 71000
INFO     Iterations 11: 69000
INFO     Iterations 10: 67000
INFO     Iterations 13: 71000
INFO     Iterations 15: 73000
INFO     Iterations 14: 65000
INFO     Iterations 12: 71000
INFO     Policy 0: shadowball visited 49.43% avg_score=0.464 sample_chance_multiplier=0.062
INFO     Policy 1: shadowball visited 46.48% avg_score=0.472 sample_chance_multiplier=0.062
INFO     Policy 2: shadowball visited 31.59% avg_score=0.407 sample_chance_multiplier=0.062
INFO     Policy 3: switch rotommow visited 77.19% avg_score=0.548 sample_chance_multiplier=0.062
INFO     Policy 4: shadowball visited 56.2% avg_score=0.428 sample_chance_multiplier=0.062
INFO     Policy 5: shadowball visited 74.79% avg_score=0.402 sample_chance_multiplier=0.062
INFO     Policy 6: earthpower visited 77.01% avg_score=0.53 sample_chance_multiplier=0.062
INFO     Policy 7: shadowball visited 84.48% avg_score=0.585 sample_chance_multiplier=0.062
INFO     Policy 8: shadowball visited 48.15% avg_score=0.532 sample_chance_multiplier=0.062
INFO     Policy 9: earthpower visited 48.19% avg_score=0.5 sample_chance_multiplier=0.062
INFO     Policy 10: earthpower visited 75.14% avg_score=0.524 sample_chance_multiplier=0.062
INFO     Policy 11: shadowball visited 54.48% avg_score=0.444 sample_chance_multiplier=0.062
INFO     Policy 12: shadowball visited 76.11% avg_score=0.52 sample_chance_multiplier=0.062
INFO     Policy 13: shadowball visited 67.9% avg_score=0.449 sample_chance_multiplier=0.062
INFO     Policy 14: shoreup visited 30.68% avg_score=0.409 sample_chance_multiplier=0.062
INFO     Policy 15: shadowball visited 41.8% avg_score=0.485 sample_chance_multiplier=0.062
INFO     Considered Choices:
INFO     	44.979%: shadowball
INFO     Choice: shadowball
INFO     Updated slowbrogalar's max speed to 113
INFO     palossand already has the move shadowball. Decrementing the PP by 1
INFO     palossand used a ghost move, removing ghostgem from possible items
INFO     Setting palossand's last used move: shadowball
INFO     palossand used a damaging move - not guessing lifeorb anymore
INFO     palossand did 23.0% damage to slowbrogalar with shadowball
INFO     slowbrogalar's special-defense was unboosted by 1 to -1
INFO     slowbrogalar already has the move psychic. Decrementing the PP by 1
INFO     slowbrogalar used a psychic move, removing psychicgem from possible items
INFO     Setting slowbrogalar's last used move: psychic
INFO     slowbrogalar used a damaging move - not guessing lifeorb anymore
INFO     slowbrogalar did 36.82% damage to palossand with psychic
INFO     Setting palossand's item to: leftovers
INFO     slowbrogalar has less than maxhp during upkeep, no longer guessing leftovers or blacksludge
INFO     
INFO     Turn: 36
INFO     Sampling battle 0
INFO     	   slowbrogalar  regenerator  assaultvest [earthquake, foulplay, psychic, shellsidearm] ttype=ground
INFO     Sampling 1 unrevealed pokemon
INFO     	     arceusfire    multitype   flameplate [calmmind, earthpower, judgment, recover] ttype=ground
INFO     Sampling battle 1
INFO     	   slowbrogalar  regenerator  assaultvest [earthquake, fireblast, psychic, shellsidearm] ttype=ground
INFO     Sampling 1 unrevealed pokemon
INFO     	     krookodile   intimidate  choicescarf [earthquake, gunkshot, knockoff, stoneedge] ttype=ground
INFO     Sampling battle 2
INFO     	   slowbrogalar  regenerator  assaultvest [earthquake, foulplay, psychic, shellsidearm] ttype=ground
INFO     Sampling 1 unrevealed pokemon
INFO     	      clawitzer megalauncher  assaultvest [darkpulse, dragonpulse, uturn, waterpulse] ttype=dragon
INFO     Sampling battle 3
INFO     	   slowbrogalar  regenerator  assaultvest [earthquake, foulplay, psychic, shellsidearm] ttype=ground
INFO     Sampling 1 unrevealed pokemon
INFO     	      alomomola  regenerator  rockyhelmet [flipturn, protect, scald, wish] ttype=steel
INFO     Sampling battle 4
INFO     	   slowbrogalar  regenerator  assaultvest [earthquake, fireblast, psychic, shellsidearm] ttype=ground
INFO     Sampling 1 unrevealed pokemon
INFO     	      rhyperior    solidrock  assaultvest [dragontail, earthquake, megahorn, stoneedge] ttype=bug
INFO     Sampling battle 5
INFO     	   slowbrogalar  regenerator  assaultvest [earthquake, psychic, shellsidearm, surf] ttype=ground
INFO     Sampling 1 unrevealed pokemon
INFO     	      bastiodon   soundproof  chestoberry [bodypress, foulplay, irondefense, rest] ttype=fighting
INFO     Sampling battle 6
INFO     	   slowbrogalar  regenerator  assaultvest [earthquake, foulplay, psychic, shellsidearm] ttype=ground
INFO     Sampling 1 unrevealed pokemon
INFO     	 decidueyehisui      scrappy    leftovers [leafblade, roost, triplearrows, uturn] ttype=water
INFO     Sampling battle 7
INFO     	   slowbrogalar  regenerator  assaultvest [earthquake, psychic, shellsidearm, surf] ttype=ground
INFO     Sampling 1 unrevealed pokemon
INFO     	     chesnaught  bulletproof    leftovers [bodypress, irondefense, synthesis, trailblaze] ttype=steel
INFO     Sampling battle 8
INFO     	   slowbrogalar  regenerator  assaultvest [earthquake, fireblast, psychic, shellsidearm] ttype=ground
INFO     Sampling 1 unrevealed pokemon
INFO     	    dudunsparce      rattled    leftovers [boomburst, calmmind, earthpower, roost] ttype=poison
INFO     Sampling battle 9
INFO     	   slowbrogalar  regenerator  assaultvest [earthquake, psychic, shellsidearm, surf] ttype=ground
INFO     Sampling 1 unrevealed pokemon
INFO     	         glalie   innerfocus heavydutyboots [earthquake, freezedry, spikes, taunt] ttype=ghost
INFO     Sampling battle 10
INFO     	   slowbrogalar  regenerator  assaultvest [earthquake, fireblast, psychic, shellsidearm] ttype=ground
INFO     Sampling 1 unrevealed pokemon
INFO     	   avalugghisui       sturdy heavydutyboots [avalanche, rapidspin, recover, stoneedge] ttype=flying
INFO     Sampling battle 11
INFO     	   slowbrogalar  regenerator  assaultvest [earthquake, foulplay, psychic, shellsidearm] ttype=ground
INFO     Sampling 1 unrevealed pokemon
INFO     	    arceuswater    multitype  splashplate [icebeam, judgment, recover, willowisp] ttype=steel
INFO     Sampling battle 12
INFO     	   slowbrogalar  regenerator  assaultvest [earthquake, psychic, shellsidearm, surf] ttype=ground
INFO     Sampling 1 unrevealed pokemon
INFO     	      poliwrath    swiftswim      lifeorb [closecombat, knockoff, liquidation, raindance] ttype=water
INFO     Sampling battle 13
INFO     	   slowbrogalar  regenerator  assaultvest [earthquake, psychic, shellsidearm, surf] ttype=ground
INFO     Sampling 1 unrevealed pokemon
INFO     	        donphan       sturdy    leftovers [earthquake, iceshard, icespinner, stealthrock] ttype=water
INFO     Sampling battle 14
INFO     	   slowbrogalar  regenerator  assaultvest [earthquake, fireblast, psychic, shellsidearm] ttype=ground
INFO     Sampling 1 unrevealed pokemon
INFO     	      mismagius     levitate      lifeorb [dazzlinggleam, nastyplot, shadowball, thunderbolt] ttype=electric
INFO     Sampling battle 15
INFO     	   slowbrogalar  regenerator  assaultvest [earthquake, fireblast, psychic, shellsidearm] ttype=ground
INFO     Sampling 1 unrevealed pokemon
INFO     	      quaquaval        moxie      lifeorb [aquastep, closecombat, knockoff, swordsdance] ttype=steel
INFO     Searching for a move using MCTS...
INFO     Sampling 16 battles at 500ms each
INFO     Iterations 5: 275000
INFO     Iterations 7: 84000
INFO     Iterations 3: 82000
INFO     Iterations 1: 75000
INFO     Iterations 6: 79000
INFO     Iterations 0: 84000
INFO     Iterations 2: 83000
INFO     Iterations 4: 67000
INFO     Iterations 8: 69000
INFO     Iterations 9: 67000
INFO     Iterations 10: 56000
INFO     Iterations 12: 64000
INFO     Iterations 11: 71000
INFO     Iterations 13: 73000
INFO     Iterations 14: 65000
INFO     Iterations 15: 62000
INFO     Policy 0: shoreup visited 48.08% avg_score=0.539 sample_chance_multiplier=0.062
INFO     Policy 1: earthpower visited 72.57% avg_score=0.485 sample_chance_multiplier=0.062
INFO     Policy 2: earthpower visited 74.83% avg_score=0.423 sample_chance_multiplier=0.062
INFO     Policy 3: shoreup visited 76.12% avg_score=0.57 sample_chance_multiplier=0.062
INFO     Policy 4: earthpower visited 88.15% avg_score=0.615 sample_chance_multiplier=0.062
INFO     Policy 5: earthpower visited 99.36% avg_score=0.974 sample_chance_multiplier=0.062
INFO     Policy 6: switch eiscue visited 58.22% avg_score=0.399 sample_chance_multiplier=0.062
INFO     Policy 7: shoreup visited 50.87% avg_score=0.331 sample_chance_multiplier=0.062
INFO     Policy 8: earthpower visited 33.62% avg_score=0.349 sample_chance_multiplier=0.062
INFO     Policy 9: shoreup visited 76.43% avg_score=0.414 sample_chance_multiplier=0.062
INFO     Policy 10: earthpower visited 92.3% avg_score=0.72 sample_chance_multiplier=0.062
INFO     Policy 11: shoreup visited 73.79% avg_score=0.505 sample_chance_multiplier=0.062
INFO     Policy 12: shoreup visited 83.53% avg_score=0.53 sample_chance_multiplier=0.062
INFO     Policy 13: shoreup visited 79.48% avg_score=0.558 sample_chance_multiplier=0.062
INFO     Policy 14: shadowball visited 79.96% avg_score=0.518 sample_chance_multiplier=0.062
INFO     Policy 15: shoreup visited 84.04% avg_score=0.531 sample_chance_multiplier=0.062
INFO     Considered Choices:
INFO     	41.514%: shoreup
INFO     	35.918%: earthpower
INFO     Choice: earthpower
INFO     Opponent has switched - clearing the last used move
INFO     slowbrogalar switched out with regenerator. Healing it to 206.38/307
INFO     regidrago switched in, adding intimidate to impossible abilities
INFO     regidrago switched in, adding pressure to impossible abilities
INFO     regidrago switched in, adding neutralizinggas to impossible abilities
INFO     regidrago switched in, adding sandstream to impossible abilities
INFO     regidrago switched in, adding drought to impossible abilities
INFO     regidrago switched in, adding drizzle to impossible abilities
INFO     regidrago switched in, adding snowwarning to impossible abilities
INFO     regidrago switched in, adding boosterenergy to impossible items
INFO     regidrago switched in, adding airballoon to impossible items
INFO     palossand already has the move earthpower. Decrementing the PP by 1
INFO     palossand used a ground move, removing groundgem from possible items
INFO     Setting palossand's last used move: earthpower
INFO     palossand used a damaging move - not guessing lifeorb anymore
INFO     palossand did 39.0% damage to regidrago with earthpower
INFO     Setting palossand's item to: leftovers
INFO     regidrago has less than maxhp during upkeep, no longer guessing leftovers or blacksludge
INFO     
INFO     Turn: 37
INFO     Sampling battle 0
INFO     	      regidrago   dragonsmaw      lifeorb [dragonclaw, dragondance, earthquake, terablast] ttype=steel
INFO     	   slowbrogalar  regenerator  assaultvest [earthquake, fireblast, psychic, shellsidearm] ttype=ground
INFO     Sampling battle 1
INFO     	      regidrago   dragonsmaw  choicescarf [dracometeor, dragonenergy, earthquake, outrage] ttype=dragon
INFO     	   slowbrogalar  regenerator  assaultvest [earthquake, psychic, shellsidearm, surf] ttype=ground
INFO     Sampling battle 2
INFO     	      regidrago   dragonsmaw  choicescarf [dracometeor, dragonenergy, earthquake, outrage] ttype=dragon
INFO     	   slowbrogalar  regenerator  assaultvest [earthquake, fireblast, psychic, shellsidearm] ttype=ground
INFO     Sampling battle 3
INFO     	      regidrago   dragonsmaw  choicescarf [dracometeor, dragonenergy, earthquake, outrage] ttype=dragon
INFO     	   slowbrogalar  regenerator  assaultvest [earthquake, foulplay, psychic, shellsidearm] ttype=ground
INFO     Sampling battle 4
INFO     	      regidrago   dragonsmaw     lumberry [dracometeor, dragondance, earthquake, outrage] ttype=dragon
INFO     	   slowbrogalar  regenerator  assaultvest [earthquake, psychic, shellsidearm, surf] ttype=ground
INFO     Sampling battle 5
INFO     	      regidrago   dragonsmaw  choicescarf [dracometeor, dragonenergy, earthquake, outrage] ttype=dragon
INFO     	   slowbrogalar  regenerator  assaultvest [earthquake, fireblast, psychic, shellsidearm] ttype=ground
INFO     Sampling battle 6
INFO     	      regidrago   dragonsmaw     lumberry [dracometeor, dragondance, earthquake, outrage] ttype=dragon
INFO     	   slowbrogalar  regenerator  assaultvest [earthquake, fireblast, psychic, shellsidearm] ttype=ground
INFO     Sampling battle 7
INFO     	      regidrago   dragonsmaw     lumberry [dracometeor, dragondance, earthquake, outrage] ttype=dragon
INFO     	   slowbrogalar  regenerator  assaultvest [earthquake, foulplay, psychic, shellsidearm] ttype=ground
INFO     Sampling battle 8
INFO     	      regidrago   dragonsmaw     lumberry [dracometeor, dragondance, earthquake, outrage] ttype=dragon
INFO     	   slowbrogalar  regenerator  assaultvest [earthquake, foulplay, psychic, shellsidearm] ttype=ground
INFO     Sampling battle 9
INFO     	      regidrago   dragonsmaw  choicescarf [dracometeor, dragonenergy, earthquake, outrage] ttype=dragon
INFO     	   slowbrogalar  regenerator  assaultvest [earthquake, foulplay, psychic, shellsidearm] ttype=ground
INFO     Sampling battle 10
INFO     	      regidrago   dragonsmaw  choicescarf [dracometeor, dragonenergy, earthquake, outrage] ttype=dragon
INFO     	   slowbrogalar  regenerator  assaultvest [earthquake, foulplay, psychic, shellsidearm] ttype=ground
INFO     Sampling battle 11
INFO     	      regidrago   dragonsmaw  choicescarf [dracometeor, dragonenergy, earthquake, outrage] ttype=dragon
INFO     	   slowbrogalar  regenerator  assaultvest [earthquake, fireblast, psychic, shellsidearm] ttype=ground
INFO     Sampling battle 12
INFO     	      regidrago   dragonsmaw      lifeorb [dragonclaw, dragondance, earthquake, terablast] ttype=steel
INFO     	   slowbrogalar  regenerator  assaultvest [earthquake, psychic, shellsidearm, surf] ttype=ground
INFO     Sampling battle 13
INFO     	      regidrago   dragonsmaw  choicescarf [dracometeor, dragonenergy, earthquake, outrage] ttype=dragon
INFO     	   slowbrogalar  regenerator  assaultvest [earthquake, fireblast, psychic, shellsidearm] ttype=ground
INFO     Sampling battle 14
INFO     	      regidrago   dragonsmaw     lumberry [dracometeor, dragondance, earthquake, outrage] ttype=dragon
INFO     	   slowbrogalar  regenerator  assaultvest [earthquake, foulplay, psychic, shellsidearm] ttype=ground
INFO     Sampling battle 15
INFO     	      regidrago   dragonsmaw      lifeorb [dragonclaw, dragondance, earthquake, terablast] ttype=steel
INFO     	   slowbrogalar  regenerator  assaultvest [earthquake, fireblast, psychic, shellsidearm] ttype=ground
INFO     Searching for a move using MCTS...
INFO     Sampling 16 battles at 500ms each
INFO     Iterations 2: 84000
INFO     Iterations 3: 87000
INFO     Iterations 7: 88000
INFO     Iterations 6: 83000
INFO     Iterations 1: 86000
INFO     Iterations 4: 90000
INFO     Iterations 5: 85000
INFO     Iterations 0: 89000
INFO     Iterations 8: 64000
INFO     Iterations 9: 64000
INFO     Iterations 12: 73000
INFO     Iterations 10: 68000
INFO     Iterations 14: 67000
INFO     Iterations 13: 63000
INFO     Iterations 11: 62000
INFO     Iterations 15: 68000
INFO     Policy 0: shoreup visited 93.43% avg_score=0.641 sample_chance_multiplier=0.062
INFO     Policy 1: shoreup visited 68.81% avg_score=0.395 sample_chance_multiplier=0.062
INFO     Policy 2: shoreup visited 71.1% avg_score=0.408 sample_chance_multiplier=0.062
INFO     Policy 3: shoreup visited 70.46% avg_score=0.418 sample_chance_multiplier=0.062
INFO     Policy 4: shoreup visited 40.24% avg_score=0.341 sample_chance_multiplier=0.062
INFO     Policy 5: shoreup visited 68.63% avg_score=0.399 sample_chance_multiplier=0.062
INFO     Policy 6: shoreup visited 44.48% avg_score=0.338 sample_chance_multiplier=0.062
INFO     Policy 7: shoreup visited 38.24% avg_score=0.349 sample_chance_multiplier=0.062
INFO     Policy 8: shoreup visited 55.24% avg_score=0.35 sample_chance_multiplier=0.062
INFO     Policy 9: shoreup visited 63.05% avg_score=0.376 sample_chance_multiplier=0.062
INFO     Policy 10: shoreup visited 62.09% avg_score=0.378 sample_chance_multiplier=0.062
INFO     Policy 11: shoreup visited 53.77% avg_score=0.34 sample_chance_multiplier=0.062
INFO     Policy 12: shoreup visited 92.12% avg_score=0.64 sample_chance_multiplier=0.062
INFO     Policy 13: shoreup visited 56.34% avg_score=0.35 sample_chance_multiplier=0.062
INFO     Policy 14: shoreup visited 50.54% avg_score=0.35 sample_chance_multiplier=0.062
INFO     Policy 15: shoreup visited 90.47% avg_score=0.63 sample_chance_multiplier=0.062
INFO     Considered Choices:
INFO     	63.689%: shoreup
INFO     Choice: shoreup
INFO     Updated regidrago's min speed to 113
INFO     regidrago using dragondance makes it unlikely to have a choice item. Setting can_have_choice_item to False
INFO     regidrago used a status-move. Adding `assaultvest` to impossible items
INFO     Setting regidrago's last used move: dragondance
INFO     regidrago's attack was boosted by 1 to 1
INFO     regidrago's speed was boosted by 1 to 1
INFO     palossand already has the move shoreup. Decrementing the PP by 1
INFO     palossand used a status-move. Adding `assaultvest` to impossible items
INFO     Setting palossand's last used move: shoreup
INFO     Setting palossand's item to: leftovers
INFO     regidrago has less than maxhp during upkeep, no longer guessing leftovers or blacksludge
INFO     
INFO     Turn: 38
INFO     Sampling battle 0
INFO     	      regidrago   dragonsmaw     lumberry [dracometeor, dragondance, earthquake, outrage] ttype=dragon
INFO     	   slowbrogalar  regenerator  assaultvest [earthquake, psychic, shellsidearm, surf] ttype=ground
INFO     Sampling battle 1
INFO     	      regidrago   dragonsmaw      lifeorb [dragonclaw, dragondance, earthquake, terablast] ttype=steel
INFO     	   slowbrogalar  regenerator  assaultvest [earthquake, fireblast, psychic, shellsidearm] ttype=ground
INFO     Sampling battle 2
INFO     	      regidrago   dragonsmaw     lumberry [dracometeor, dragondance, earthquake, outrage] ttype=dragon
INFO     	   slowbrogalar  regenerator  assaultvest [earthquake, fireblast, psychic, shellsidearm] ttype=ground
INFO     Sampling battle 3
INFO     	      regidrago   dragonsmaw      lifeorb [dragonclaw, dragondance, earthquake, terablast] ttype=steel
INFO     	   slowbrogalar  regenerator  assaultvest [earthquake, psychic, shellsidearm, surf] ttype=ground
INFO     Sampling battle 4
INFO     	      regidrago   dragonsmaw      lifeorb [dragonclaw, dragondance, earthquake, terablast] ttype=steel
INFO     	   slowbrogalar  regenerator  assaultvest [earthquake, foulplay, psychic, shellsidearm] ttype=ground
INFO     Sampling battle 5
INFO     	      regidrago   dragonsmaw     lumberry [dracometeor, dragondance, earthquake, outrage] ttype=dragon
INFO     	   slowbrogalar  regenerator  assaultvest [earthquake, psychic, shellsidearm, surf] ttype=ground
INFO     Sampling battle 6
INFO     	      regidrago   dragonsmaw      lifeorb [dragonclaw, dragondance, earthquake, terablast] ttype=steel
INFO     	   slowbrogalar  regenerator  assaultvest [earthquake, psychic, shellsidearm, surf] ttype=ground
INFO     Sampling battle 7
INFO     	      regidrago   dragonsmaw      lifeorb [dragonclaw, dragondance, earthquake, terablast] ttype=steel
INFO     	   slowbrogalar  regenerator  assaultvest [earthquake, foulplay, psychic, shellsidearm] ttype=ground
INFO     Sampling battle 8
INFO     	      regidrago   dragonsmaw     lumberry [dracometeor, dragondance, earthquake, outrage] ttype=dragon
INFO     	   slowbrogalar  regenerator  assaultvest [earthquake, foulplay, psychic, shellsidearm] ttype=ground
INFO     Sampling battle 9
INFO     	      regidrago   dragonsmaw     lumberry [dracometeor, dragondance, earthquake, outrage] ttype=dragon
INFO     	   slowbrogalar  regenerator  assaultvest [earthquake, fireblast, psychic, shellsidearm] ttype=ground
INFO     Sampling battle 10
INFO     	      regidrago   dragonsmaw     lumberry [dracometeor, dragondance, earthquake, outrage] ttype=dragon
INFO     	   slowbrogalar  regenerator  assaultvest [earthquake, foulplay, psychic, shellsidearm] ttype=ground
INFO     Sampling battle 11
INFO     	      regidrago   dragonsmaw     lumberry [dracometeor, dragondance, earthquake, outrage] ttype=dragon
INFO     	   slowbrogalar  regenerator  assaultvest [earthquake, psychic, shellsidearm, surf] ttype=ground
INFO     Sampling battle 12
INFO     	      regidrago   dragonsmaw      lifeorb [dragonclaw, dragondance, earthquake, terablast] ttype=steel
INFO     	   slowbrogalar  regenerator  assaultvest [earthquake, foulplay, psychic, shellsidearm] ttype=ground
INFO     Sampling battle 13
INFO     	      regidrago   dragonsmaw     lumberry [dracometeor, dragondance, earthquake, outrage] ttype=dragon
INFO     	   slowbrogalar  regenerator  assaultvest [earthquake, psychic, shellsidearm, surf] ttype=ground
INFO     Sampling battle 14
INFO     	      regidrago   dragonsmaw     lumberry [dracometeor, dragondance, earthquake, outrage] ttype=dragon
INFO     	   slowbrogalar  regenerator  assaultvest [earthquake, psychic, shellsidearm, surf] ttype=ground
INFO     Sampling battle 15
INFO     	      regidrago   dragonsmaw      lifeorb [dragonclaw, dragondance, earthquake, terablast] ttype=steel
INFO     	   slowbrogalar  regenerator  assaultvest [earthquake, psychic, shellsidearm, surf] ttype=ground
INFO     Searching for a move using MCTS...
INFO     Sampling 16 battles at 500ms each
INFO     Iterations 5: 88000
INFO     Iterations 6: 85000
INFO     Iterations 2: 81000
INFO     Iterations 4: 88000
INFO     Iterations 3: 89000
INFO     Iterations 1: 85000
INFO     Iterations 0: 88000
INFO     Iterations 7: 89000
INFO     Iterations 11: 66000
INFO     Iterations 8: 67000
INFO     Iterations 14: 66000
INFO     Iterations 15: 69000
INFO     Iterations 12: 71000
INFO     Iterations 13: 66000
INFO     Iterations 9: 65000
INFO     Iterations 10: 68000
INFO     Policy 0: earthpower visited 92.78% avg_score=0.619 sample_chance_multiplier=0.062
INFO     Policy 1: switch eiscue visited 88.72% avg_score=0.706 sample_chance_multiplier=0.062
INFO     Policy 2: earthpower visited 93.38% avg_score=0.603 sample_chance_multiplier=0.062
INFO     Policy 3: switch eiscue visited 92.29% avg_score=0.722 sample_chance_multiplier=0.062
INFO     Policy 4: switch eiscue visited 93.23% avg_score=0.726 sample_chance_multiplier=0.062
INFO     Policy 5: earthpower visited 92.42% avg_score=0.613 sample_chance_multiplier=0.062
INFO     Policy 6: switch eiscue visited 92.26% avg_score=0.721 sample_chance_multiplier=0.062
INFO     Policy 7: switch eiscue visited 92.98% avg_score=0.727 sample_chance_multiplier=0.062
INFO     Policy 8: earthpower visited 92.58% avg_score=0.61 sample_chance_multiplier=0.062
INFO     Policy 9: earthpower visited 93.0% avg_score=0.576 sample_chance_multiplier=0.062
INFO     Policy 10: earthpower visited 92.16% avg_score=0.608 sample_chance_multiplier=0.062
INFO     Policy 11: earthpower visited 91.1% avg_score=0.582 sample_chance_multiplier=0.062
INFO     Policy 12: switch eiscue visited 91.06% avg_score=0.719 sample_chance_multiplier=0.062
INFO     Policy 13: earthpower visited 89.82% avg_score=0.58 sample_chance_multiplier=0.062
INFO     Policy 14: earthpower visited 88.48% avg_score=0.582 sample_chance_multiplier=0.062
INFO     Policy 15: switch eiscue visited 90.8% avg_score=0.713 sample_chance_multiplier=0.062
INFO     Considered Choices:
INFO     	53.095%: earthpower
INFO     	42.117%: switch eiscue
INFO     Choice: switch eiscue
INFO     Opponent has switched - clearing the last used move
INFO     eiscue switched in, adding intimidate to impossible abilities
INFO     eiscue switched in, adding pressure to impossible abilities
INFO     eiscue switched in, adding neutralizinggas to impossible abilities
INFO     eiscue switched in, adding sandstream to impossible abilities
INFO     eiscue switched in, adding drought to impossible abilities
INFO     eiscue switched in, adding drizzle to impossible abilities
INFO     eiscue switched in, adding snowwarning to impossible abilities
INFO     eiscue switched in, adding boosterenergy to impossible items
INFO     eiscue switched in, adding airballoon to impossible items
INFO     slowbrogalar has less than maxhp during upkeep, no longer guessing leftovers or blacksludge
INFO     
INFO     Turn: 39
INFO     Sampling battle 0
INFO     	   slowbrogalar  regenerator  assaultvest [earthquake, fireblast, psychic, shellsidearm] ttype=ground
INFO     	      regidrago   dragonsmaw     lumberry [dracometeor, dragondance, earthquake, outrage] ttype=dragon
INFO     Sampling battle 1
INFO     	   slowbrogalar  regenerator  assaultvest [earthquake, psychic, shellsidearm, surf] ttype=ground
INFO     	      regidrago   dragonsmaw     lumberry [dracometeor, dragondance, earthquake, outrage] ttype=dragon
INFO     Sampling battle 2
INFO     	   slowbrogalar  regenerator  assaultvest [earthquake, fireblast, psychic, shellsidearm] ttype=ground
INFO     	      regidrago   dragonsmaw      lifeorb [dragonclaw, dragondance, earthquake, terablast] ttype=steel
INFO     Sampling battle 3
INFO     	   slowbrogalar  regenerator  assaultvest [earthquake, foulplay, psychic, shellsidearm] ttype=ground
INFO     	      regidrago   dragonsmaw     lumberry [dracometeor, dragondance, earthquake, outrage] ttype=dragon
INFO     Sampling battle 4
INFO     	   slowbrogalar  regenerator  assaultvest [earthquake, fireblast, psychic, shellsidearm] ttype=ground
INFO     	      regidrago   dragonsmaw     lumberry [dracometeor, dragondance, earthquake, outrage] ttype=dragon
INFO     Sampling battle 5
INFO     	   slowbrogalar  regenerator  assaultvest [earthquake, foulplay, psychic, shellsidearm] ttype=ground
INFO     	      regidrago   dragonsmaw      lifeorb [dragonclaw, dragondance, earthquake, terablast] ttype=steel
INFO     Sampling battle 6
INFO     	   slowbrogalar  regenerator  assaultvest [earthquake, psychic, shellsidearm, surf] ttype=ground
INFO     	      regidrago   dragonsmaw     lumberry [dracometeor, dragondance, earthquake, outrage] ttype=dragon
INFO     Sampling battle 7
INFO     	   slowbrogalar  regenerator  assaultvest [earthquake, foulplay, psychic, shellsidearm] ttype=ground
INFO     	      regidrago   dragonsmaw      lifeorb [dragonclaw, dragondance, earthquake, terablast] ttype=steel
INFO     Sampling battle 8
INFO     	   slowbrogalar  regenerator  assaultvest [earthquake, psychic, shellsidearm, surf] ttype=ground
INFO     	      regidrago   dragonsmaw     lumberry [dracometeor, dragondance, earthquake, outrage] ttype=dragon
INFO     Sampling battle 9
INFO     	   slowbrogalar  regenerator  assaultvest [earthquake, fireblast, psychic, shellsidearm] ttype=ground
INFO     	      regidrago   dragonsmaw      lifeorb [dragonclaw, dragondance, earthquake, terablast] ttype=steel
INFO     Sampling battle 10
INFO     	   slowbrogalar  regenerator  assaultvest [earthquake, psychic, shellsidearm, surf] ttype=ground
INFO     	      regidrago   dragonsmaw     lumberry [dracometeor, dragondance, earthquake, outrage] ttype=dragon
INFO     Sampling battle 11
INFO     	   slowbrogalar  regenerator  assaultvest [earthquake, foulplay, psychic, shellsidearm] ttype=ground
INFO     	      regidrago   dragonsmaw     lumberry [dracometeor, dragondance, earthquake, outrage] ttype=dragon
INFO     Sampling battle 12
INFO     	   slowbrogalar  regenerator  assaultvest [earthquake, psychic, shellsidearm, surf] ttype=ground
INFO     	      regidrago   dragonsmaw     lumberry [dracometeor, dragondance, earthquake, outrage] ttype=dragon
INFO     Sampling battle 13
INFO     	   slowbrogalar  regenerator  assaultvest [earthquake, foulplay, psychic, shellsidearm] ttype=ground
INFO     	      regidrago   dragonsmaw      lifeorb [dragonclaw, dragondance, earthquake, terablast] ttype=steel
INFO     Sampling battle 14
INFO     	   slowbrogalar  regenerator  assaultvest [earthquake, foulplay, psychic, shellsidearm] ttype=ground
INFO     	      regidrago   dragonsmaw     lumberry [dracometeor, dragondance, earthquake, outrage] ttype=dragon
INFO     Sampling battle 15
INFO     	   slowbrogalar  regenerator  assaultvest [earthquake, foulplay, psychic, shellsidearm] ttype=ground
INFO     	      regidrago   dragonsmaw      lifeorb [dragonclaw, dragondance, earthquake, terablast] ttype=steel
INFO     Searching for a move using MCTS...
INFO     Sampling 16 battles at 500ms each
INFO     Iterations 4: 79000
INFO     Iterations 6: 84000
INFO     Iterations 1: 84000
INFO     Iterations 3: 86000
INFO     Iterations 2: 80000
INFO     Iterations 5: 93000
INFO     Iterations 0: 83000
INFO     Iterations 7: 92000
INFO     Iterations 10: 65000
INFO     Iterations 9: 63000
INFO     Iterations 8: 66000
INFO     Iterations 15: 66000
INFO     Iterations 13: 66000
INFO     Iterations 11: 65000
INFO     Iterations 12: 64000
INFO     Iterations 14: 64000
INFO     Policy 0: icespinner visited 96.19% avg_score=0.569 sample_chance_multiplier=0.062
INFO     Policy 1: icespinner visited 94.51% avg_score=0.576 sample_chance_multiplier=0.062
INFO     Policy 2: icespinner visited 97.26% avg_score=0.614 sample_chance_multiplier=0.062
INFO     Policy 3: icespinner visited 94.62% avg_score=0.582 sample_chance_multiplier=0.062
INFO     Policy 4: icespinner visited 95.91% avg_score=0.567 sample_chance_multiplier=0.062
INFO     Policy 5: icespinner visited 96.77% avg_score=0.656 sample_chance_multiplier=0.062
INFO     Policy 6: icespinner visited 94.48% avg_score=0.577 sample_chance_multiplier=0.062
INFO     Policy 7: icespinner visited 96.82% avg_score=0.657 sample_chance_multiplier=0.062
INFO     Policy 8: icespinner visited 93.21% avg_score=0.563 sample_chance_multiplier=0.062
INFO     Policy 9: icespinner visited 96.39% avg_score=0.6 sample_chance_multiplier=0.062
INFO     Policy 10: icespinner visited 92.77% avg_score=0.561 sample_chance_multiplier=0.062
INFO     Policy 11: icespinner visited 92.88% avg_score=0.566 sample_chance_multiplier=0.062
INFO     Policy 12: icespinner visited 92.56% avg_score=0.56 sample_chance_multiplier=0.062
INFO     Policy 13: icespinner visited 95.72% avg_score=0.633 sample_chance_multiplier=0.062
INFO     Policy 14: icespinner visited 92.83% avg_score=0.568 sample_chance_multiplier=0.062
INFO     Policy 15: icespinner visited 95.71% avg_score=0.629 sample_chance_multiplier=0.062
INFO     Considered Choices:
INFO     	94.915%: icespinner
INFO     Choice: icespinner
INFO     Opponent has switched - clearing the last used move
INFO     slowbrogalar switched out with regenerator. Healing it to 307/307
INFO     eiscue already has the move icespinner. Decrementing the PP by 1
INFO     eiscue used a ice move, removing icegem from possible items
INFO     Setting eiscue's last used move: icespinner
INFO     eiscue used a damaging move - not guessing lifeorb anymore
INFO     eiscue did 60.0% damage to regidrago with icespinner
INFO     regidrago has less than maxhp during upkeep, no longer guessing leftovers or blacksludge
INFO     
INFO     Turn: 40
INFO     Sampling battle 0
INFO     	      regidrago   dragonsmaw     lumberry [dracometeor, dragondance, earthquake, outrage] ttype=dragon
INFO     	   slowbrogalar  regenerator  assaultvest [earthquake, fireblast, psychic, shellsidearm] ttype=ground
INFO     Sampling battle 1
INFO     	      regidrago   dragonsmaw      lifeorb [dragonclaw, dragondance, earthquake, terablast] ttype=steel
INFO     	   slowbrogalar  regenerator  assaultvest [earthquake, foulplay, psychic, shellsidearm] ttype=ground
INFO     Sampling battle 2
INFO     	      regidrago   dragonsmaw      lifeorb [dragonclaw, dragondance, earthquake, terablast] ttype=steel
INFO     	   slowbrogalar  regenerator  assaultvest [earthquake, psychic, shellsidearm, surf] ttype=ground
INFO     Sampling battle 3
INFO     	      regidrago   dragonsmaw      lifeorb [dragonclaw, dragondance, earthquake, terablast] ttype=steel
INFO     	   slowbrogalar  regenerator  assaultvest [earthquake, foulplay, psychic, shellsidearm] ttype=ground
INFO     Sampling battle 4
INFO     	      regidrago   dragonsmaw      lifeorb [dragonclaw, dragondance, earthquake, terablast] ttype=steel
INFO     	   slowbrogalar  regenerator  assaultvest [earthquake, psychic, shellsidearm, surf] ttype=ground
INFO     Sampling battle 5
INFO     	      regidrago   dragonsmaw      lifeorb [dragonclaw, dragondance, earthquake, terablast] ttype=steel
INFO     	   slowbrogalar  regenerator  assaultvest [earthquake, psychic, shellsidearm, surf] ttype=ground
INFO     Sampling battle 6
INFO     	      regidrago   dragonsmaw     lumberry [dracometeor, dragondance, earthquake, outrage] ttype=dragon
INFO     	   slowbrogalar  regenerator  assaultvest [earthquake, foulplay, psychic, shellsidearm] ttype=ground
INFO     Sampling battle 7
INFO     	      regidrago   dragonsmaw     lumberry [dracometeor, dragondance, earthquake, outrage] ttype=dragon
INFO     	   slowbrogalar  regenerator  assaultvest [earthquake, fireblast, psychic, shellsidearm] ttype=ground
INFO     Sampling battle 8
INFO     	      regidrago   dragonsmaw      lifeorb [dragonclaw, dragondance, earthquake, terablast] ttype=steel
INFO     	   slowbrogalar  regenerator  assaultvest [earthquake, fireblast, psychic, shellsidearm] ttype=ground
INFO     Sampling battle 9
INFO     	      regidrago   dragonsmaw      lifeorb [dragonclaw, dragondance, earthquake, terablast] ttype=steel
INFO     	   slowbrogalar  regenerator  assaultvest [earthquake, foulplay, psychic, shellsidearm] ttype=ground
INFO     Sampling battle 10
INFO     	      regidrago   dragonsmaw     lumberry [dracometeor, dragondance, earthquake, outrage] ttype=dragon
INFO     	   slowbrogalar  regenerator  assaultvest [earthquake, foulplay, psychic, shellsidearm] ttype=ground
INFO     Sampling battle 11
INFO     	      regidrago   dragonsmaw      lifeorb [dragonclaw, dragondance, earthquake, terablast] ttype=steel
INFO     	   slowbrogalar  regenerator  assaultvest [earthquake, foulplay, psychic, shellsidearm] ttype=ground
INFO     Sampling battle 12
INFO     	      regidrago   dragonsmaw      lifeorb [dragonclaw, dragondance, earthquake, terablast] ttype=steel
INFO     	   slowbrogalar  regenerator  assaultvest [earthquake, foulplay, psychic, shellsidearm] ttype=ground
INFO     Sampling battle 13
INFO     	      regidrago   dragonsmaw      lifeorb [dragonclaw, dragondance, earthquake, terablast] ttype=steel
INFO     	   slowbrogalar  regenerator  assaultvest [earthquake, psychic, shellsidearm, surf] ttype=ground
INFO     Sampling battle 14
INFO     	      regidrago   dragonsmaw      lifeorb [dragonclaw, dragondance, earthquake, terablast] ttype=steel
INFO     	   slowbrogalar  regenerator  assaultvest [earthquake, fireblast, psychic, shellsidearm] ttype=ground
INFO     Sampling battle 15
INFO     	      regidrago   dragonsmaw      lifeorb [dragonclaw, dragondance, earthquake, terablast] ttype=steel
INFO     	   slowbrogalar  regenerator  assaultvest [earthquake, fireblast, psychic, shellsidearm] ttype=ground
INFO     Searching for a move using MCTS...
INFO     Sampling 16 battles at 500ms each
INFO     Iterations 1: 138000
INFO     Iterations 3: 133000
INFO     Iterations 4: 133000
INFO     Iterations 5: 132000
INFO     Iterations 6: 84000
INFO     Iterations 2: 134000
INFO     Iterations 7: 75000
INFO     Iterations 0: 74000
INFO     Iterations 10: 65000
INFO     Iterations 8: 92000
INFO     Iterations 9: 95000
INFO     Iterations 11: 96000
INFO     Iterations 12: 100000
INFO     Iterations 14: 95000
INFO     Iterations 13: 101000
INFO     Iterations 15: 96000
INFO     Policy 0: switch rotommow visited 37.35% avg_score=0.303 sample_chance_multiplier=0.062
INFO     Policy 1: icespinner visited 87.44% avg_score=0.852 sample_chance_multiplier=0.062
INFO     Policy 2: icespinner visited 85.89% avg_score=0.852 sample_chance_multiplier=0.062
INFO     Policy 3: icespinner visited 88.69% avg_score=0.851 sample_chance_multiplier=0.062
INFO     Policy 4: icespinner visited 86.17% avg_score=0.852 sample_chance_multiplier=0.062
INFO     Policy 5: icespinner visited 86.36% avg_score=0.852 sample_chance_multiplier=0.062
INFO     Policy 6: switch rotommow visited 66.5% avg_score=0.419 sample_chance_multiplier=0.062
INFO     Policy 7: switch rotommow visited 38.59% avg_score=0.306 sample_chance_multiplier=0.062
INFO     Policy 8: icespinner visited 83.86% avg_score=0.814 sample_chance_multiplier=0.062
INFO     Policy 9: icespinner visited 85.06% avg_score=0.811 sample_chance_multiplier=0.062
INFO     Policy 10: switch rotommow visited 55.47% avg_score=0.364 sample_chance_multiplier=0.062
INFO     Policy 11: icespinner visited 85.5% avg_score=0.813 sample_chance_multiplier=0.062
INFO     Policy 12: icespinner visited 81.14% avg_score=0.81 sample_chance_multiplier=0.062
INFO     Policy 13: icespinner visited 83.28% avg_score=0.82 sample_chance_multiplier=0.062
INFO     Policy 14: icespinner visited 84.35% avg_score=0.819 sample_chance_multiplier=0.062
INFO     Policy 15: icespinner visited 83.44% avg_score=0.819 sample_chance_multiplier=0.062
INFO     Considered Choices:
INFO     	66.712%: icespinner
INFO     Choice: icespinner
INFO     Updated regidrago's min speed to 138
INFO     regidrago used a dragon move, removing dragongem from possible items
INFO     Setting regidrago's last used move: dragonclaw
INFO     regidrago used a damaging move - not guessing lifeorb anymore
INFO     regidrago did 0.0% damage to eiscue with dragonclaw
INFO     Setting eiscue's ability to iceface
INFO     Form Change: eiscue -> Eiscue-Noice, L88, F
INFO     Setting regidrago's item to: lifeorb
INFO     eiscuenoice already has the move icespinner. Decrementing the PP by 1
INFO     eiscuenoice used a ice move, removing icegem from possible items
INFO     Setting eiscuenoice's last used move: icespinner
INFO     eiscuenoice used a damaging move - not guessing lifeorb anymore
INFO     regidrago has less than maxhp during upkeep, no longer guessing leftovers or blacksludge
INFO     Opponent has switched - clearing the last used move
INFO     
INFO     Turn: 41
INFO     Sampling battle 0
INFO     	   slowbrogalar  regenerator  assaultvest [earthquake, psychic, shellsidearm, surf] ttype=ground
INFO     Sampling battle 1
INFO     	   slowbrogalar  regenerator  assaultvest [earthquake, psychic, shellsidearm, surf] ttype=ground
INFO     Sampling battle 2
INFO     	   slowbrogalar  regenerator  assaultvest [earthquake, psychic, shellsidearm, surf] ttype=ground
INFO     Sampling battle 3
INFO     	   slowbrogalar  regenerator  assaultvest [earthquake, psychic, shellsidearm, surf] ttype=ground
INFO     Sampling battle 4
INFO     	   slowbrogalar  regenerator  assaultvest [earthquake, psychic, shellsidearm, surf] ttype=ground
INFO     Sampling battle 5
INFO     	   slowbrogalar  regenerator  assaultvest [earthquake, fireblast, psychic, shellsidearm] ttype=ground
INFO     Sampling battle 6
INFO     	   slowbrogalar  regenerator  assaultvest [earthquake, foulplay, psychic, shellsidearm] ttype=ground
INFO     Sampling battle 7
INFO     	   slowbrogalar  regenerator  assaultvest [earthquake, psychic, shellsidearm, surf] ttype=ground
INFO     Sampling battle 8
INFO     	   slowbrogalar  regenerator  assaultvest [earthquake, psychic, shellsidearm, surf] ttype=ground
INFO     Sampling battle 9
INFO     	   slowbrogalar  regenerator  assaultvest [earthquake, psychic, shellsidearm, surf] ttype=ground
INFO     Sampling battle 10
INFO     	   slowbrogalar  regenerator  assaultvest [earthquake, fireblast, psychic, shellsidearm] ttype=ground
INFO     Sampling battle 11
INFO     	   slowbrogalar  regenerator  assaultvest [earthquake, fireblast, psychic, shellsidearm] ttype=ground
INFO     Sampling battle 12
INFO     	   slowbrogalar  regenerator  assaultvest [earthquake, fireblast, psychic, shellsidearm] ttype=ground
INFO     Sampling battle 13
INFO     	   slowbrogalar  regenerator  assaultvest [earthquake, psychic, shellsidearm, surf] ttype=ground
INFO     Sampling battle 14
INFO     	   slowbrogalar  regenerator  assaultvest [earthquake, psychic, shellsidearm, surf] ttype=ground
INFO     Sampling battle 15
INFO     	   slowbrogalar  regenerator  assaultvest [earthquake, fireblast, psychic, shellsidearm] ttype=ground
INFO     Searching for a move using MCTS...
INFO     Sampling 16 battles at 500ms each
INFO     Iterations 6: 341000
INFO     Iterations 0: 351000
INFO     Iterations 1: 429000
INFO     Iterations 3: 349000
INFO     Iterations 4: 353000
INFO     Iterations 5: 340000
INFO     Iterations 2: 346000
INFO     Iterations 7: 343000
INFO     Iterations 8: 280000
INFO     Iterations 11: 284000
INFO     Iterations 12: 292000
INFO     Iterations 10: 283000
INFO     Iterations 13: 294000
INFO     Iterations 9: 292000
INFO     Iterations 14: 292000
INFO     Iterations 15: 309000
INFO     Policy 0: icespinner visited 99.81% avg_score=0.984 sample_chance_multiplier=0.062
INFO     Policy 1: icespinner visited 99.83% avg_score=0.986 sample_chance_multiplier=0.062
INFO     Policy 2: icespinner visited 99.78% avg_score=0.984 sample_chance_multiplier=0.062
INFO     Policy 3: icespinner visited 99.81% avg_score=0.984 sample_chance_multiplier=0.062
INFO     Policy 4: icespinner visited 99.8% avg_score=0.984 sample_chance_multiplier=0.062
INFO     Policy 5: icespinner visited 99.8% avg_score=0.982 sample_chance_multiplier=0.062
INFO     Policy 6: icespinner visited 99.82% avg_score=0.983 sample_chance_multiplier=0.062
INFO     Policy 7: icespinner visited 99.79% avg_score=0.984 sample_chance_multiplier=0.062
INFO     Policy 8: icespinner visited 99.75% avg_score=0.982 sample_chance_multiplier=0.062
INFO     Policy 9: icespinner visited 99.77% avg_score=0.982 sample_chance_multiplier=0.062
INFO     Policy 10: icespinner visited 99.76% avg_score=0.98 sample_chance_multiplier=0.062
INFO     Policy 11: icespinner visited 99.77% avg_score=0.981 sample_chance_multiplier=0.062
INFO     Policy 12: icespinner visited 99.77% avg_score=0.98 sample_chance_multiplier=0.062
INFO     Policy 13: icespinner visited 99.75% avg_score=0.982 sample_chance_multiplier=0.062
INFO     Policy 14: icespinner visited 99.76% avg_score=0.982 sample_chance_multiplier=0.062
INFO     Policy 15: icespinner visited 99.76% avg_score=0.981 sample_chance_multiplier=0.062
INFO     Considered Choices:
INFO     	99.783%: icespinner
INFO     Choice: icespinner
INFO     Updated slowbrogalar's max speed to 113
INFO     eiscuenoice already has the move icespinner. Decrementing the PP by 1
INFO     eiscuenoice used a ice move, removing icegem from possible items
INFO     Setting eiscuenoice's last used move: icespinner
INFO     eiscuenoice used a damaging move - not guessing lifeorb anymore
INFO     eiscuenoice did 47.0% damage to slowbrogalar with icespinner
INFO     slowbrogalar used a dark move, removing darkgem from possible items
INFO     Setting slowbrogalar's last used move: foulplay
INFO     slowbrogalar used a damaging move - not guessing lifeorb anymore
INFO     slowbrogalar did 23.72% damage to eiscuenoice with foulplay
INFO     slowbrogalar has less than maxhp during upkeep, no longer guessing leftovers or blacksludge
INFO     
INFO     Turn: 42
INFO     Sampling battle 0
INFO     	   slowbrogalar  regenerator  assaultvest [earthquake, foulplay, psychic, shellsidearm] ttype=ground
INFO     Sampling battle 1
INFO     	   slowbrogalar  regenerator  assaultvest [earthquake, foulplay, psychic, shellsidearm] ttype=ground
INFO     Sampling battle 2
INFO     	   slowbrogalar  regenerator  assaultvest [earthquake, foulplay, psychic, shellsidearm] ttype=ground
INFO     Sampling battle 3
INFO     	   slowbrogalar  regenerator  assaultvest [earthquake, foulplay, psychic, shellsidearm] ttype=ground
INFO     Sampling battle 4
INFO     	   slowbrogalar  regenerator  assaultvest [earthquake, foulplay, psychic, shellsidearm] ttype=ground
INFO     Sampling battle 5
INFO     	   slowbrogalar  regenerator  assaultvest [earthquake, foulplay, psychic, shellsidearm] ttype=ground
INFO     Sampling battle 6
INFO     	   slowbrogalar  regenerator  assaultvest [earthquake, foulplay, psychic, shellsidearm] ttype=ground
INFO     Sampling battle 7
INFO     	   slowbrogalar  regenerator  assaultvest [earthquake, foulplay, psychic, shellsidearm] ttype=ground
INFO     Sampling battle 8
INFO     	   slowbrogalar  regenerator  assaultvest [earthquake, foulplay, psychic, shellsidearm] ttype=ground
INFO     Sampling battle 9
INFO     	   slowbrogalar  regenerator  assaultvest [earthquake, foulplay, psychic, shellsidearm] ttype=ground
INFO     Sampling battle 10
INFO     	   slowbrogalar  regenerator  assaultvest [earthquake, foulplay, psychic, shellsidearm] ttype=ground
INFO     Sampling battle 11
INFO     	   slowbrogalar  regenerator  assaultvest [earthquake, foulplay, psychic, shellsidearm] ttype=ground
INFO     Sampling battle 12
INFO     	   slowbrogalar  regenerator  assaultvest [earthquake, foulplay, psychic, shellsidearm] ttype=ground
INFO     Sampling battle 13
INFO     	   slowbrogalar  regenerator  assaultvest [earthquake, foulplay, psychic, shellsidearm] ttype=ground
INFO     Sampling battle 14
INFO     	   slowbrogalar  regenerator  assaultvest [earthquake, foulplay, psychic, shellsidearm] ttype=ground
INFO     Sampling battle 15
INFO     	   slowbrogalar  regenerator  assaultvest [earthquake, foulplay, psychic, shellsidearm] ttype=ground
INFO     Searching for a move using MCTS...
INFO     Sampling 16 battles at 500ms each
INFO     Iterations 4: 388000
INFO     Iterations 3: 410000
INFO     Iterations 7: 390000
INFO     Iterations 5: 390000
INFO     Iterations 2: 389000
INFO     Iterations 0: 402000
INFO     Iterations 1: 398000
INFO     Iterations 6: 398000
INFO     Iterations 8: 321000
INFO     Iterations 12: 321000
INFO     Iterations 9: 313000
INFO     Iterations 13: 324000
INFO     Iterations 10: 324000
INFO     Iterations 11: 322000
INFO     Iterations 14: 332000
INFO     Iterations 15: 328000
INFO     Policy 0: icespinner visited 99.9% avg_score=0.993 sample_chance_multiplier=0.062
INFO     Policy 1: icespinner visited 99.9% avg_score=0.993 sample_chance_multiplier=0.062
INFO     Policy 2: icespinner visited 99.89% avg_score=0.993 sample_chance_multiplier=0.062
INFO     Policy 3: icespinner visited 99.89% avg_score=0.993 sample_chance_multiplier=0.062
INFO     Policy 4: icespinner visited 99.88% avg_score=0.993 sample_chance_multiplier=0.062
INFO     Policy 5: icespinner visited 99.89% avg_score=0.993 sample_chance_multiplier=0.062
INFO     Policy 6: icespinner visited 99.89% avg_score=0.993 sample_chance_multiplier=0.062
INFO     Policy 7: icespinner visited 99.88% avg_score=0.992 sample_chance_multiplier=0.062
INFO     Policy 8: icespinner visited 99.86% avg_score=0.992 sample_chance_multiplier=0.062
INFO     Policy 9: icespinner visited 99.87% avg_score=0.992 sample_chance_multiplier=0.062
INFO     Policy 10: icespinner visited 99.86% avg_score=0.992 sample_chance_multiplier=0.062
INFO     Policy 11: icespinner visited 99.87% avg_score=0.992 sample_chance_multiplier=0.062
INFO     Policy 12: icespinner visited 99.85% avg_score=0.992 sample_chance_multiplier=0.062
INFO     Policy 13: icespinner visited 99.87% avg_score=0.992 sample_chance_multiplier=0.062
INFO     Policy 14: icespinner visited 99.88% avg_score=0.992 sample_chance_multiplier=0.062
INFO     Policy 15: icespinner visited 99.88% avg_score=0.992 sample_chance_multiplier=0.062
INFO     Considered Choices:
INFO     	99.878%: icespinner
INFO     Choice: icespinner
INFO     Updated slowbrogalar's max speed to 113
INFO     eiscuenoice already has the move icespinner. Decrementing the PP by 1
INFO     eiscuenoice used a ice move, removing icegem from possible items
INFO     Setting eiscuenoice's last used move: icespinner
INFO     eiscuenoice used a damaging move - not guessing lifeorb anymore
INFO     eiscuenoice did 47.0% damage to slowbrogalar with icespinner
INFO     slowbrogalar already has the move psychic. Decrementing the PP by 1
INFO     slowbrogalar used two different moves - it cannot have a choice item
INFO     slowbrogalar used a psychic move, removing psychicgem from possible items
INFO     Setting slowbrogalar's last used move: psychic
INFO     slowbrogalar used a damaging move - not guessing lifeorb anymore
INFO     slowbrogalar did 20.8% damage to eiscuenoice with psychic
INFO     slowbrogalar has less than maxhp during upkeep, no longer guessing leftovers or blacksludge
INFO     Sampling battle 0
INFO     	   slowbrogalar  regenerator  assaultvest [earthquake, foulplay, psychic, shellsidearm] ttype=ground
INFO     Sampling battle 1
INFO     	   slowbrogalar  regenerator  assaultvest [earthquake, foulplay, psychic, shellsidearm] ttype=ground
INFO     Sampling battle 2
INFO     	   slowbrogalar  regenerator  assaultvest [earthquake, foulplay, psychic, shellsidearm] ttype=ground
INFO     Sampling battle 3
INFO     	   slowbrogalar  regenerator  assaultvest [earthquake, foulplay, psychic, shellsidearm] ttype=ground
INFO     Sampling battle 4
INFO     	   slowbrogalar  regenerator  assaultvest [earthquake, foulplay, psychic, shellsidearm] ttype=ground
INFO     Sampling battle 5
INFO     	   slowbrogalar  regenerator  assaultvest [earthquake, foulplay, psychic, shellsidearm] ttype=ground
INFO     Sampling battle 6
INFO     	   slowbrogalar  regenerator  assaultvest [earthquake, foulplay, psychic, shellsidearm] ttype=ground
INFO     Sampling battle 7
INFO     	   slowbrogalar  regenerator  assaultvest [earthquake, foulplay, psychic, shellsidearm] ttype=ground
INFO     Sampling battle 8
INFO     	   slowbrogalar  regenerator  assaultvest [earthquake, foulplay, psychic, shellsidearm] ttype=ground
INFO     Sampling battle 9
INFO     	   slowbrogalar  regenerator  assaultvest [earthquake, foulplay, psychic, shellsidearm] ttype=ground
INFO     Sampling battle 10
INFO     	   slowbrogalar  regenerator  assaultvest [earthquake, foulplay, psychic, shellsidearm] ttype=ground
INFO     Sampling battle 11
INFO     	   slowbrogalar  regenerator  assaultvest [earthquake, foulplay, psychic, shellsidearm] ttype=ground
INFO     Sampling battle 12
INFO     	   slowbrogalar  regenerator  assaultvest [earthquake, foulplay, psychic, shellsidearm] ttype=ground
INFO     Sampling battle 13
INFO     	   slowbrogalar  regenerator  assaultvest [earthquake, foulplay, psychic, shellsidearm] ttype=ground
INFO     Sampling battle 14
INFO     	   slowbrogalar  regenerator  assaultvest [earthquake, foulplay, psychic, shellsidearm] ttype=ground
INFO     Sampling battle 15
INFO     	   slowbrogalar  regenerator  assaultvest [earthquake, foulplay, psychic, shellsidearm] ttype=ground
INFO     Searching for a move using MCTS...
INFO     Sampling 16 battles at 500ms each
INFO     Iterations 1: 1022000
INFO     Iterations 3: 1044000
INFO     Iterations 0: 1054000
INFO     Iterations 5: 1033000
INFO     Iterations 2: 1000000
INFO     Iterations 4: 1025000
INFO     Iterations 7: 993000
INFO     Iterations 6: 1023000
INFO     Iterations 9: 824000
INFO     Iterations 8: 849000
INFO     Iterations 10: 843000
INFO     Iterations 13: 800000
INFO     Iterations 11: 813000
INFO     Iterations 15: 815000
INFO     Iterations 12: 845000
INFO     Iterations 14: 805000
INFO     Policy 0: switch palossand visited 75.26% avg_score=0.999 sample_chance_multiplier=0.062
INFO     Policy 1: switch palossand visited 71.05% avg_score=0.999 sample_chance_multiplier=0.062
INFO     Policy 2: switch palossand visited 65.06% avg_score=0.999 sample_chance_multiplier=0.062
INFO     Policy 3: switch palossand visited 78.76% avg_score=0.999 sample_chance_multiplier=0.062
INFO     Policy 4: switch palossand visited 80.27% avg_score=0.999 sample_chance_multiplier=0.062
INFO     Policy 5: switch palossand visited 67.65% avg_score=0.999 sample_chance_multiplier=0.062
INFO     Policy 6: switch palossand visited 78.44% avg_score=0.999 sample_chance_multiplier=0.062
INFO     Policy 7: switch palossand visited 66.95% avg_score=0.998 sample_chance_multiplier=0.062
INFO     Policy 8: switch palossand visited 70.75% avg_score=0.999 sample_chance_multiplier=0.062
INFO     Policy 9: switch palossand visited 80.27% avg_score=0.999 sample_chance_multiplier=0.062
INFO     Policy 10: switch palossand visited 82.14% avg_score=0.999 sample_chance_multiplier=0.062
INFO     Policy 11: switch palossand visited 66.0% avg_score=0.998 sample_chance_multiplier=0.062
INFO     Policy 12: switch palossand visited 79.94% avg_score=0.999 sample_chance_multiplier=0.062
INFO     Policy 13: switch palossand visited 67.34% avg_score=0.998 sample_chance_multiplier=0.062
INFO     Policy 14: switch palossand visited 65.79% avg_score=0.998 sample_chance_multiplier=0.062
INFO     Policy 15: switch palossand visited 67.51% avg_score=0.998 sample_chance_multiplier=0.062
INFO     Considered Choices:
INFO     	72.698%: switch palossand
INFO     Choice: switch palossand
INFO     
INFO     Turn: 43
INFO     Sampling battle 0
INFO     	   slowbrogalar  regenerator  assaultvest [earthquake, foulplay, psychic, shellsidearm] ttype=ground
INFO     Sampling battle 1
INFO     	   slowbrogalar  regenerator  assaultvest [earthquake, foulplay, psychic, shellsidearm] ttype=ground
INFO     Sampling battle 2
INFO     	   slowbrogalar  regenerator  assaultvest [earthquake, foulplay, psychic, shellsidearm] ttype=ground
INFO     Sampling battle 3
INFO     	   slowbrogalar  regenerator  assaultvest [earthquake, foulplay, psychic, shellsidearm] ttype=ground
INFO     Sampling battle 4
INFO     	   slowbrogalar  regenerator  assaultvest [earthquake, foulplay, psychic, shellsidearm] ttype=ground
INFO     Sampling battle 5
INFO     	   slowbrogalar  regenerator  assaultvest [earthquake, foulplay, psychic, shellsidearm] ttype=ground
INFO     Sampling battle 6
INFO     	   slowbrogalar  regenerator  assaultvest [earthquake, foulplay, psychic, shellsidearm] ttype=ground
INFO     Sampling battle 7
INFO     	   slowbrogalar  regenerator  assaultvest [earthquake, foulplay, psychic, shellsidearm] ttype=ground
INFO     Sampling battle 8
INFO     	   slowbrogalar  regenerator  assaultvest [earthquake, foulplay, psychic, shellsidearm] ttype=ground
INFO     Sampling battle 9
INFO     	   slowbrogalar  regenerator  assaultvest [earthquake, foulplay, psychic, shellsidearm] ttype=ground
INFO     Sampling battle 10
INFO     	   slowbrogalar  regenerator  assaultvest [earthquake, foulplay, psychic, shellsidearm] ttype=ground
INFO     Sampling battle 11
INFO     	   slowbrogalar  regenerator  assaultvest [earthquake, foulplay, psychic, shellsidearm] ttype=ground
INFO     Sampling battle 12
INFO     	   slowbrogalar  regenerator  assaultvest [earthquake, foulplay, psychic, shellsidearm] ttype=ground
INFO     Sampling battle 13
INFO     	   slowbrogalar  regenerator  assaultvest [earthquake, foulplay, psychic, shellsidearm] ttype=ground
INFO     Sampling battle 14
INFO     	   slowbrogalar  regenerator  assaultvest [earthquake, foulplay, psychic, shellsidearm] ttype=ground
INFO     Sampling battle 15
INFO     	   slowbrogalar  regenerator  assaultvest [earthquake, foulplay, psychic, shellsidearm] ttype=ground
INFO     Searching for a move using MCTS...
INFO     Sampling 16 battles at 500ms each
INFO     Iterations 1: 1064000
INFO     Iterations 3: 963000
INFO     Iterations 6: 940000
INFO     Iterations 5: 1053000
INFO     Iterations 4: 711000
INFO     Iterations 2: 1023000
INFO     Iterations 0: 981000
INFO     Iterations 7: 948000
INFO     Iterations 8: 848000
INFO     Iterations 9: 882000
INFO     Iterations 10: 817000
INFO     Iterations 11: 863000
INFO     Iterations 13: 912000
INFO     Iterations 12: 882000
INFO     Iterations 14: 833000
INFO     Iterations 15: 959000
INFO     Policy 0: earthpower visited 42.94% avg_score=1.0 sample_chance_multiplier=0.062
INFO     Policy 1: earthpower visited 45.89% avg_score=1.0 sample_chance_multiplier=0.062
INFO     Policy 2: earthpower visited 44.5% avg_score=1.0 sample_chance_multiplier=0.062
INFO     Policy 3: earthpower visited 43.13% avg_score=1.0 sample_chance_multiplier=0.062
INFO     Policy 4: earthpower visited 45.86% avg_score=1.0 sample_chance_multiplier=0.062
INFO     Policy 5: earthpower visited 47.0% avg_score=1.0 sample_chance_multiplier=0.062
INFO     Policy 6: earthpower visited 43.51% avg_score=1.0 sample_chance_multiplier=0.062
INFO     Policy 7: earthpower visited 42.72% avg_score=1.0 sample_chance_multiplier=0.062
INFO     Policy 8: earthpower visited 46.49% avg_score=1.0 sample_chance_multiplier=0.062
INFO     Policy 9: earthpower visited 48.21% avg_score=1.0 sample_chance_multiplier=0.062
INFO     Policy 10: earthpower visited 45.45% avg_score=1.0 sample_chance_multiplier=0.062
INFO     Policy 11: earthpower visited 46.14% avg_score=1.0 sample_chance_multiplier=0.062
INFO     Policy 12: earthpower visited 47.36% avg_score=1.0 sample_chance_multiplier=0.062
INFO     Policy 13: earthpower visited 49.18% avg_score=1.0 sample_chance_multiplier=0.062
INFO     Policy 14: earthpower visited 45.2% avg_score=1.0 sample_chance_multiplier=0.062
INFO     Policy 15: earthpower visited 49.86% avg_score=1.0 sample_chance_multiplier=0.062
INFO     Considered Choices:
INFO     	45.841%: earthpower
INFO     	45.84%: shadowball
INFO     Choice: shadowball
INFO     Winner: lg00y13512f5
INFO     Won with team: None
INFO     W: 1	L: 0
