INFO     Logging in (local server bypass)...
INFO     Successfully logged in
INFO     Challenging lg00y04062b3...
INFO     Initialized battle-gen9randombattle-5816 against: lg00y04062b3
INFO     Loaded from cache: /Users/alityb/projects/metagross/srcs/vendor/foul-play/data/pkmn_sets_cache/gen9randombattle.json
INFO     Opponent has switched - clearing the last used move
INFO     kyogre switched in, adding intimidate to impossible abilities
INFO     kyogre switched in, adding pressure to impossible abilities
INFO     kyogre switched in, adding neutralizinggas to impossible abilities
INFO     kyogre switched in, adding sandstream to impossible abilities
INFO     kyogre switched in, adding drought to impossible abilities
INFO     kyogre switched in, adding drizzle to impossible abilities
INFO     kyogre switched in, adding snowwarning to impossible abilities
INFO     kyogre switched in, adding boosterenergy to impossible items
INFO     kyogre switched in, adding airballoon to impossible items
INFO     Weather raindance is active
INFO     Weather turns remaining: 5
INFO     Setting kyogre ability to drizzle
INFO     
INFO     Turn: 1
INFO     Sampling battle 0
INFO     	         kyogre      drizzle    leftovers [calmmind, icebeam, originpulse, thunder] ttype=dragon
INFO     Sampling 5 unrevealed pokemon
INFO     	         zarude    leafguard    leftovers [knockoff, powerwhip, swordsdance, synthesis] ttype=grass
INFO     	      abomasnow  snowwarning    lightclay [auroraveil, blizzard, earthquake, woodhammer] ttype=ghost
INFO     	      thundurus    prankster              [acrobatics, knockoff, taunt, thunderbolt] ttype=electric
INFO     	     arceusdark    multitype   dreadplate [calmmind, dazzlinggleam, judgment, recover] ttype=fairy
INFO     	        scyther   technician     eviolite [bugbite, closecombat, dualwingbeat, swordsdance] ttype=fighting
INFO     Sampling battle 1
INFO     	         kyogre      drizzle    leftovers [calmmind, icebeam, originpulse, thunder] ttype=dragon
INFO     Sampling 5 unrevealed pokemon
INFO     	      vileplume  effectspore    leftovers [gigadrain, sleeppowder, sludgebomb, strengthsap] ttype=steel
INFO     	            mew  synchronize      lifeorb [closecombat, knockoff, psychicfangs, swordsdance] ttype=fighting
INFO     	     misdreavus     levitate     eviolite [calmmind, drainingkiss, shadowball, willowisp] ttype=fairy
INFO     	      greattusk protosynthesis  assaultvest [closecombat, headlongrush, icespinner, rapidspin] ttype=ground
INFO     	       gumshoos adaptability   choiceband [doubleedge, earthquake, knockoff, uturn] ttype=ground
INFO     Sampling battle 2
INFO     	         kyogre      drizzle    leftovers [calmmind, icebeam, originpulse, thunder] ttype=steel
INFO     Sampling 5 unrevealed pokemon
INFO     	    arceusgrass    multitype  meadowplate [calmmind, earthpower, icebeam, judgment] ttype=ground
INFO     	       orthworm   eartheater    leftovers [bodypress, heavyslam, shedtail, stealthrock] ttype=fighting
INFO     	         swalot   liquidooze    leftovers [earthquake, knockoff, painsplit, sludgebomb] ttype=dark
INFO     	        ambipom   technician   choiceband [doubleedge, knockoff, tripleaxel, uturn] ttype=ice
INFO     	        dugtrio    arenatrap      lifeorb [earthquake, stoneedge, suckerpunch, swordsdance] ttype=ground
INFO     Sampling battle 3
INFO     	         kyogre      drizzle    leftovers [calmmind, icebeam, originpulse, thunder] ttype=dragon
INFO     Sampling 5 unrevealed pokemon
INFO     	  qwilfishhisui   intimidate     eviolite [crunch, gunkshot, spikes, toxicspikes] ttype=poison
INFO     	        bisharp      defiant     eviolite [ironhead, stealthrock, suckerpunch, throatchop] ttype=ghost
INFO     	         eiscue      iceface  sitrusberry [bellydrum, icespinner, liquidation, zenheadbutt] ttype=water
INFO     	       floatzel    waterveil   choiceband [crunch, flipturn, icespinner, wavecrash] ttype=water
INFO     	       mudsdale      stamina    leftovers [earthquake, heavyslam, stealthrock, stoneedge] ttype=steel
INFO     Sampling battle 4
INFO     	         kyogre      drizzle  choicescarf [icebeam, originpulse, thunder, waterspout] ttype=water
INFO     Sampling 5 unrevealed pokemon
INFO     	        donphan       sturdy  assaultvest [earthquake, iceshard, knockoff, rapidspin] ttype=steel
INFO     	       rotommow     levitate  choicescarf [leafstorm, thunderbolt, trick, voltswitch] ttype=electric
INFO     	            mew  synchronize    leftovers [encore, psychic, toxicspikes, uturn] ttype=steel
INFO     	         lunala shadowshield    leftovers [calmmind, moongeistbeam, moonlight, psyshock] ttype=dark
INFO     	         luxray   intimidate  assaultvest [icefang, throatchop, voltswitch, wildcharge] ttype=electric
INFO     Sampling battle 5
INFO     	         kyogre      drizzle    leftovers [calmmind, icebeam, originpulse, thunder] ttype=dragon
INFO     Sampling 5 unrevealed pokemon
INFO     	    kyuremwhite   turboblaze  choicespecs [dracometeor, freezedry, fusionflare, icebeam] ttype=ice
INFO     	       basculin adaptability   choiceband [aquajet, doubleedge, flipturn, wavecrash] ttype=water
INFO     	        scyther   technician heavydutyboots [closecombat, defog, dualwingbeat, uturn] ttype=fighting
INFO     	         regice    clearbody heavydutyboots [icebeam, rest, sleeptalk, thunderbolt] ttype=electric
INFO     	        darkrai    baddreams      lifeorb [darkpulse, focusblast, nastyplot, sludgebomb] ttype=poison
INFO     Sampling battle 6
INFO     	         kyogre      drizzle    leftovers [calmmind, icebeam, originpulse, thunder] ttype=dragon
INFO     Sampling 5 unrevealed pokemon
INFO     	        diancie    clearbody    leftovers [bodypress, diamondstorm, moonblast, rockpolish] ttype=fighting
INFO     	     incineroar   intimidate heavydutyboots [flareblitz, knockoff, swordsdance, trailblaze] ttype=grass
INFO     	ogerponwellspring  waterabsorb wellspringmask [encore, ivycudgel, synthesis, woodhammer] ttype=water
INFO     	          entei   innerfocus   choiceband [extremespeed, flareblitz, sacredfire, stoneedge] ttype=normal
INFO     	     misdreavus     levitate     eviolite [calmmind, drainingkiss, shadowball, willowisp] ttype=fairy
INFO     Sampling battle 7
INFO     	         kyogre      drizzle  choicescarf [icebeam, originpulse, thunder, waterspout] ttype=water
INFO     Sampling 5 unrevealed pokemon
INFO     	       ursaring         guts     eviolite [bodyslam, earthquake, rest, sleeptalk] ttype=ground
INFO     	        spidops     stakeout heavydutyboots [circlethrow, knockoff, stickyweb, uturn] ttype=ghost
INFO     	      palossand watercompaction    leftovers [earthpower, shadowball, shoreup, stealthrock] ttype=poison
INFO     	          chiyu  beadsofruin heavydutyboots [darkpulse, fireblast, nastyplot, psychic] ttype=dark
INFO     	       skuntank    aftermath      lifeorb [fireblast, gunkshot, knockoff, taunt] ttype=dark
INFO     Sampling battle 8
INFO     	         kyogre      drizzle  choicescarf [icebeam, originpulse, thunder, waterspout] ttype=water
INFO     Sampling 5 unrevealed pokemon
INFO     	      dragapult   cursedbody heavydutyboots [dragondarts, hex, uturn, willowisp] ttype=dragon
INFO     	    arceuswater    multitype  splashplate [calmmind, judgment, recover, willowisp] ttype=steel
INFO     	    corviknight     pressure  rockyhelmet [bodypress, bravebird, defog, roost] ttype=dragon
INFO     	      garganacl purifyingsalt    leftovers [protect, recover, saltcure, stealthrock] ttype=ghost
INFO     	        glaceon      icebody heavydutyboots [freezedry, mudshot, protect, wish] ttype=ground
INFO     Sampling battle 9
INFO     	         kyogre      drizzle    leftovers [calmmind, icebeam, originpulse, thunder] ttype=electric
INFO     Sampling 5 unrevealed pokemon
INFO     	      greattusk protosynthesis  assaultvest [closecombat, headlongrush, rapidspin, stoneedge] ttype=ground
INFO     	        noctowl   tintedlens heavydutyboots [hurricane, hypervoice, nastyplot, roost] ttype=ground
INFO     	      honchkrow        moxie heavydutyboots [bravebird, heatwave, suckerpunch, uturn] ttype=flying
INFO     	necrozmaduskmane   prismarmor weaknesspolicy [dragondance, earthquake, morningsun, sunsteelstrike] ttype=steel
INFO     	     forretress       sturdy    leftovers [bodypress, ironhead, rapidspin, stealthrock] ttype=water
INFO     Sampling battle 10
INFO     	         kyogre      drizzle    leftovers [calmmind, icebeam, originpulse, thunder] ttype=electric
INFO     Sampling 5 unrevealed pokemon
INFO     	        banette     insomnia      lifeorb [gunkshot, poltergeist, shadowsneak, swordsdance] ttype=poison
INFO     	     scovillain  chlorophyll    leftovers [flamethrower, leechseed, protect, substitute] ttype=steel
INFO     	         komala     comatose  assaultvest [bodyslam, knockoff, rapidspin, uturn] ttype=ghost
INFO     	      duraludon   lightmetal     eviolite [bodypress, dracometeor, dragontail, flashcannon] ttype=fighting
INFO     	        ambipom   technician    silkscarf [doubleedge, fakeout, knockoff, lowkick] ttype=normal
INFO     Sampling battle 11
INFO     	         kyogre      drizzle    leftovers [calmmind, icebeam, originpulse, thunder] ttype=electric
INFO     Sampling 5 unrevealed pokemon
INFO     	          hypno     insomnia    leftovers [encore, knockoff, psychicnoise, thunderwave] ttype=steel
INFO     	         zacian intrepidsword   choiceband [closecombat, crunch, playrough, wildcharge] ttype=fighting
INFO     	  oricoriosensu       dancer heavydutyboots [hurricane, quiverdance, revelationdance, roost] ttype=fighting
INFO     	         lunala shadowshield    leftovers [calmmind, moonblast, moongeistbeam, moonlight] ttype=fairy
INFO     	      magnezone   magnetpull  assaultvest [bodypress, flashcannon, thunderbolt, voltswitch] ttype=flying
INFO     Sampling battle 12
INFO     	         kyogre      drizzle    leftovers [calmmind, icebeam, originpulse, thunder] ttype=dragon
INFO     Sampling 5 unrevealed pokemon
INFO     	       tornadus      defiant  choicespecs [bleakwindstorm, focusblast, grassknot, uturn] ttype=fighting
INFO     	       rotommow     levitate    leftovers [leafstorm, thunderbolt, voltswitch, willowisp] ttype=electric
INFO     	       magcargo    weakarmor heavydutyboots [earthpower, fireblast, powergem, shellsmash] ttype=grass
INFO     	     forretress       sturdy    leftovers [ironhead, rapidspin, spikes, thunderwave] ttype=water
INFO     	       qwilfish   intimidate    leftovers [gunkshot, taunt, toxicspikes, waterfall] ttype=grass
INFO     Sampling battle 13
INFO     	         kyogre      drizzle    leftovers [calmmind, icebeam, originpulse, thunder] ttype=dragon
INFO     Sampling 5 unrevealed pokemon
INFO     	     ragingbolt protosynthesis  assaultvest [discharge, dracometeor, thunderclap, voltswitch] ttype=electric
INFO     	    kyuremblack     teravolt   loadeddice [dragondance, fusionbolt, iciclespear, scaleshot] ttype=electric
INFO     	       tornadus    prankster heavydutyboots [bleakwindstorm, grassknot, heatwave, nastyplot] ttype=fire
INFO     	     calyrexice asoneglastrier heavydutyboots [closecombat, glaciallance, highhorsepower, trickroom] ttype=ground
INFO     	         raikou     pressure  choicespecs [scald, shadowball, thunderbolt, voltswitch] ttype=water
INFO     Sampling battle 14
INFO     	         kyogre      drizzle  choicescarf [icebeam, originpulse, thunder, waterspout] ttype=water
INFO     Sampling 5 unrevealed pokemon
INFO     	         latios     levitate  choicespecs [aurasphere, dracometeor, flipturn, lusterpurge] ttype=psychic
INFO     	         rabsca  synchronize heavydutyboots [bugbuzz, psychic, revivalblessing, trickroom] ttype=steel
INFO     	          klawf   angershell     lumberry [crabhammer, highhorsepower, stoneedge, swordsdance] ttype=ground
INFO     	        manaphy    hydration    leftovers [energyball, hydropump, icebeam, tailglow] ttype=water
INFO     	tornadustherian  regenerator  assaultvest [bleakwindstorm, heatwave, knockoff, uturn] ttype=steel
INFO     Sampling battle 15
INFO     	         kyogre      drizzle    leftovers [calmmind, icebeam, originpulse, thunder] ttype=steel
INFO     Sampling 5 unrevealed pokemon
INFO     	  deoxysdefense     pressure    leftovers [knockoff, psychicnoise, recover, teleport] ttype=dark
INFO     	       tinkaton  moldbreaker    leftovers [gigatonhammer, knockoff, playrough, thunderwave] ttype=water
INFO     	       mukalola  poisontouch  assaultvest [drainpunch, gunkshot, knockoff, shadowsneak] ttype=fighting
INFO     	    fezandipiti   toxicchain    leftovers [gunkshot, playrough, swordsdance, terablast] ttype=ground
INFO     	         zapdos       static heavydutyboots [discharge, hurricane, roost, uturn] ttype=electric
INFO     Sampling battle 16
INFO     	         kyogre      drizzle    leftovers [calmmind, icebeam, originpulse, thunder] ttype=electric
INFO     Sampling 5 unrevealed pokemon
INFO     	      revavroom       filter      lifeorb [gunkshot, highhorsepower, ironhead, shiftgear] ttype=ground
INFO     	       leavanny        swarm    focussash [knockoff, leafblade, lunge, stickyweb] ttype=ghost
INFO     	   arceuspoison    multitype   toxicplate [earthquake, extremespeed, gunkshot, swordsdance] ttype=normal
INFO     	       porygonz     download      lifeorb [nastyplot, shadowball, thunderbolt, triattack] ttype=electric
INFO     	          chiyu  beadsofruin heavydutyboots [darkpulse, fireblast, nastyplot, willowisp] ttype=dark
INFO     Sampling battle 17
INFO     	         kyogre      drizzle  choicescarf [icebeam, originpulse, thunder, waterspout] ttype=water
INFO     Sampling 5 unrevealed pokemon
INFO     	        weezing     levitate    leftovers [fireblast, painsplit, sludgebomb, willowisp] ttype=steel
INFO     	       froslass   cursedbody     widelens [poltergeist, spikes, tripleaxel, willowisp] ttype=ghost
INFO     	        manaphy    hydration    leftovers [energyball, hydropump, icebeam, tailglow] ttype=grass
INFO     	         swalot   liquidooze    leftovers [earthquake, knockoff, sludgebomb, thunderwave] ttype=dark
INFO     	        gurdurr         guts     eviolite [bulkup, drainpunch, knockoff, machpunch] ttype=steel
INFO     Sampling battle 18
INFO     	         kyogre      drizzle    leftovers [calmmind, icebeam, originpulse, thunder] ttype=electric
INFO     Sampling 5 unrevealed pokemon
INFO     	          arbok   intimidate    leftovers [coil, earthquake, gunkshot, suckerpunch] ttype=ground
INFO     	            mew  synchronize      lifeorb [darkpulse, fireblast, nastyplot, psychic] ttype=fire
INFO     	        kleavor    sharpness heavydutyboots [closecombat, stoneaxe, swordsdance, xscissor] ttype=bug
INFO     	        dipplin   stickyhold     eviolite [dragonpulse, dragontail, gigadrain, recover] ttype=steel
INFO     	       ursaring    quickfeet     toxicorb [closecombat, facade, swordsdance, throatchop] ttype=normal
INFO     Sampling battle 19
INFO     	         kyogre      drizzle  choicescarf [icebeam, originpulse, thunder, waterspout] ttype=water
INFO     Sampling 5 unrevealed pokemon
INFO     	 giratinaorigin     levitate griseouscore [defog, dracometeor, dragontail, poltergeist] ttype=steel
INFO     	    oinkolognef     thickfat    leftovers [bodyslam, curse, highhorsepower, lashout] ttype=ground
INFO     	     wigglytuff  competitive    leftovers [alluringvoice, fireblast, knockoff, thunderwave] ttype=steel
INFO     	         espeon  magicbounce      lifeorb [alluringvoice, calmmind, morningsun, psyshock] ttype=fairy
INFO     	     toxtricity     punkrock  throatspray [boomburst, gunkshot, overdrive, shiftgear] ttype=normal
INFO     Sampling battle 20
INFO     	         kyogre      drizzle  choicescarf [icebeam, originpulse, thunder, waterspout] ttype=water
INFO     Sampling 5 unrevealed pokemon
INFO     	      eternatus     pressure    leftovers [dynamaxcannon, flamethrower, recover, toxic] ttype=water
INFO     	      indeedeef psychicsurge      lifeorb [calmmind, hypervoice, psychic, shadowball] ttype=psychic
INFO     	   lycanrocdusk   toughclaws      lifeorb [closecombat, psychicfangs, stoneedge, swordsdance] ttype=fighting
INFO     	    fluttermane protosynthesis  choicespecs [moonblast, psyshock, shadowball, thunderbolt] ttype=fairy
INFO     	 sandslashalola    slushrush    leftovers [earthquake, rapidspin, swordsdance, tripleaxel] ttype=ground
INFO     Sampling battle 21
INFO     	         kyogre      drizzle  choicescarf [icebeam, originpulse, thunder, waterspout] ttype=water
INFO     Sampling 5 unrevealed pokemon
INFO     	tornadustherian  regenerator  choicespecs [bleakwindstorm, focusblast, heatwave, uturn] ttype=flying
INFO     	     irontreads   quarkdrive  assaultvest [earthquake, ironhead, rapidspin, voltswitch] ttype=water
INFO     	      gholdengo   goodasgold  choicescarf [focusblast, makeitrain, shadowball, trick] ttype=ghost
INFO     	         tauros   sheerforce      lifeorb [bodyslam, closecombat, throatchop, zenheadbutt] ttype=psychic
INFO     	        shiftry    windrider      lifeorb [knockoff, leafblade, suckerpunch, swordsdance] ttype=dark
INFO     Sampling battle 22
INFO     	         kyogre      drizzle  choicescarf [icebeam, originpulse, thunder, waterspout] ttype=water
INFO     Sampling 5 unrevealed pokemon
INFO     	      gholdengo   goodasgold  choicescarf [focusblast, makeitrain, shadowball, trick] ttype=steel
INFO     	       froslass   cursedbody     widelens [destinybond, poltergeist, spikes, tripleaxel] ttype=ice
INFO     	     arceusfire    multitype   flameplate [dragondance, earthquake, flareblitz, recover] ttype=ground
INFO     	       dragalge adaptability    leftovers [dracometeor, focusblast, sludgewave, toxicspikes] ttype=fighting
INFO     	       lumineon   stormdrain      lifeorb [alluringvoice, encore, hydropump, icebeam] ttype=water
INFO     Sampling battle 23
INFO     	         kyogre      drizzle  choicescarf [icebeam, originpulse, thunder, waterspout] ttype=water
INFO     Sampling 5 unrevealed pokemon
INFO     	   arceusdragon    multitype   dracoplate [extremespeed, flareblitz, outrage, swordsdance] ttype=fire
INFO     	         golurk      noguard      lifeorb [dynamicpunch, earthquake, poltergeist, stealthrock] ttype=fighting
INFO     	enamorustherian     overcoat  assaultvest [earthpower, moonblast, mysticalfire, superpower] ttype=ground
INFO     	         furret        frisk   choiceband [doubleedge, knockoff, trick, uturn] ttype=normal
INFO     	    fluttermane protosynthesis      lifeorb [calmmind, moonblast, psyshock, shadowball] ttype=fairy
INFO     Sampling battle 24
INFO     	         kyogre      drizzle    leftovers [calmmind, icebeam, originpulse, thunder] ttype=dragon
INFO     Sampling 5 unrevealed pokemon
INFO     	      hitmontop   intimidate  assaultvest [closecombat, rapidspin, stoneedge, suckerpunch] ttype=steel
INFO     	      mightyena   intimidate   choiceband [playrough, poisonfang, suckerpunch, throatchop] ttype=fairy
INFO     	      clawitzer megalauncher  assaultvest [aurasphere, dragonpulse, uturn, waterpulse] ttype=dragon
INFO     	       clodsire      unaware    leftovers [curse, earthquake, gunkshot, recover] ttype=steel
INFO     	      dragapult  infiltrator  choicespecs [dracometeor, fireblast, shadowball, uturn] ttype=fire
INFO     Sampling battle 25
INFO     	         kyogre      drizzle  choicescarf [icebeam, originpulse, thunder, waterspout] ttype=water
INFO     Sampling 5 unrevealed pokemon
INFO     	      exeggutor      harvest  sitrusberry [leechseed, protect, psychicnoise, substitute] ttype=steel
INFO     	        dewgong     thickfat heavydutyboots [encore, knockoff, surf, tripleaxel] ttype=grass
INFO     	   weezinggalar     levitate    leftovers [defog, gunkshot, painsplit, strangesteam] ttype=steel
INFO     	        gliscor   poisonheal     toxicorb [earthquake, protect, substitute, toxic] ttype=water
INFO     	      sinistcha    heatproof    leftovers [calmmind, matchagotcha, shadowball, strengthsap] ttype=steel
INFO     Sampling battle 26
INFO     	         kyogre      drizzle    leftovers [calmmind, icebeam, originpulse, thunder] ttype=steel
INFO     Sampling 5 unrevealed pokemon
INFO     	       gyarados   intimidate heavydutyboots [dragondance, earthquake, temperflare, waterfall] ttype=ground
INFO     	squawkabillywhite       hustle   choiceband [bravebird, doubleedge, foulplay, quickattack] ttype=flying
INFO     	      farigiraf    sapsipper    leftovers [bodyslam, protect, psychicnoise, wish] ttype=ground
INFO     	    meowscarada      protean heavydutyboots [flowertrick, knockoff, toxicspikes, uturn] ttype=grass
INFO     	       lurantis     contrary    leftovers [defog, leafstorm, superpower, synthesis] ttype=fighting
INFO     Sampling battle 27
INFO     	         kyogre      drizzle  choicescarf [icebeam, originpulse, thunder, waterspout] ttype=water
INFO     Sampling 5 unrevealed pokemon
INFO     	       ursaring    quickfeet     toxicorb [closecombat, facade, swordsdance, throatchop] ttype=normal
INFO     	        lanturn   voltabsorb    leftovers [icebeam, scald, thunderbolt, thunderwave] ttype=flying
INFO     	       illumise    prankster heavydutyboots [bugbuzz, encore, roost, thunderwave] ttype=steel
INFO     	       salazzle    corrosion    leftovers [flamethrower, protect, substitute, toxic] ttype=flying
INFO     	      magmortar    flamebody heavydutyboots [earthquake, fireblast, focusblast, knockoff] ttype=water
INFO     Sampling battle 28
INFO     	         kyogre      drizzle  choicescarf [icebeam, originpulse, thunder, waterspout] ttype=water
INFO     Sampling 5 unrevealed pokemon
INFO     	     chandelure    flashfire  choicescarf [energyball, fireblast, shadowball, trick] ttype=fire
INFO     	      heracross        moxie   choiceband [closecombat, earthquake, megahorn, stoneedge] ttype=rock
INFO     	  oricoriosensu       dancer heavydutyboots [hurricane, quiverdance, revelationdance, roost] ttype=fighting
INFO     	       samurott      torrent  assaultvest [flipturn, grassknot, hydropump, knockoff] ttype=grass
INFO     	 arceusfighting    multitype    fistplate [bodypress, irondefense, recover, shadowball] ttype=steel
INFO     Sampling battle 29
INFO     	         kyogre      drizzle    leftovers [calmmind, icebeam, originpulse, thunder] ttype=electric
INFO     Sampling 5 unrevealed pokemon
INFO     	            mew  synchronize      lifeorb [closecombat, knockoff, psychicfangs, swordsdance] ttype=fighting
INFO     	     eelektross     levitate    leftovers [coil, drainpunch, knockoff, supercellslam] ttype=fighting
INFO     	 exeggutoralola        frisk  choicespecs [dracometeor, flamethrower, gigadrain, leafstorm] ttype=fire
INFO     	taurospaldeaaqua   intimidate   choiceband [aquajet, closecombat, stoneedge, wavecrash] ttype=water
INFO     	     archaludon      stamina     lumberry [earthquake, ironhead, outrage, swordsdance] ttype=ground
INFO     Sampling battle 30
INFO     	         kyogre      drizzle  choicescarf [icebeam, originpulse, thunder, waterspout] ttype=water
INFO     Sampling 5 unrevealed pokemon
INFO     	       drifblim     unburden  sitrusberry [airslash, calmmind, shadowball, strengthsap] ttype=fairy
INFO     	        haxorus  moldbreaker   loadeddice [closecombat, ironhead, scaleshot, swordsdance] ttype=steel
INFO     	      registeel    clearbody  chestoberry [bodypress, irondefense, ironhead, rest] ttype=fighting
INFO     	     screamtail protosynthesis    leftovers [playrough, protect, thunderwave, wish] ttype=steel
INFO     	      sudowoodo     rockhead    leftovers [earthquake, headsmash, stealthrock, woodhammer] ttype=grass
INFO     Sampling battle 31
INFO     	         kyogre      drizzle    leftovers [calmmind, icebeam, originpulse, thunder] ttype=dragon
INFO     Sampling 5 unrevealed pokemon
INFO     	       medicham    purepower  choicescarf [closecombat, icepunch, trick, zenheadbutt] ttype=fighting
INFO     	  samurotthisui    sharpness   choiceband [ceaselessedge, razorshell, sacredsword, suckerpunch] ttype=dark
INFO     	     incineroar   intimidate heavydutyboots [flareblitz, knockoff, swordsdance, trailblaze] ttype=grass
INFO     	   dugtrioalola tanglinghair      lifeorb [earthquake, ironhead, stealthrock, suckerpunch] ttype=steel
INFO     	        shaymin  naturalcure    leftovers [airslash, leechseed, seedflare, substitute] ttype=steel
INFO     Searching for a move using MCTS...
INFO     Sampling 32 battles at 250ms each
WARNING  poke-engine lacks request-level Tera permissions; final selector must filter roots
INFO     Iterations 5: 69000
INFO     Iterations 7: 58000
INFO     Iterations 6: 64000
INFO     Iterations 0: 73000
INFO     Iterations 4: 61000
INFO     Iterations 3: 63000
INFO     Iterations 1: 61000
INFO     Iterations 2: 71000
INFO     Iterations 8: 60000
INFO     Iterations 10: 54000
INFO     Iterations 12: 52000
INFO     Iterations 9: 63000
INFO     Iterations 15: 42000
INFO     Iterations 14: 54000
INFO     Iterations 11: 49000
INFO     Iterations 13: 54000
INFO     Iterations 16: 32000
INFO     Iterations 17: 34000
INFO     Iterations 18: 34000
INFO     Iterations 22: 32000
INFO     Iterations 19: 36000
INFO     Iterations 20: 34000
INFO     Iterations 21: 35000
INFO     Iterations 23: 37000
INFO     Iterations 24: 39000
INFO     Iterations 25: 37000
INFO     Iterations 27: 35000
INFO     Iterations 26: 42000
INFO     Iterations 29: 41000
INFO     Iterations 28: 36000
INFO     Iterations 30: 42000
INFO     Iterations 31: 37000
INFO     Policy 0: spiritbreak visited 39.07% avg_score=0.498 sample_chance_multiplier=0.031
INFO     Policy 1: spiritbreak visited 30.9% avg_score=0.498 sample_chance_multiplier=0.031
INFO     Policy 2: spiritbreak visited 23.4% avg_score=0.504 sample_chance_multiplier=0.031
INFO     Policy 3: closecombat-tera visited 22.82% avg_score=0.492 sample_chance_multiplier=0.031
INFO     Policy 4: switch sunflora visited 77.49% avg_score=0.474 sample_chance_multiplier=0.031
INFO     Policy 5: spiritbreak visited 57.9% avg_score=0.605 sample_chance_multiplier=0.031
INFO     Policy 6: spiritbreak visited 35.54% avg_score=0.548 sample_chance_multiplier=0.031
INFO     Policy 7: switch sunflora visited 39.65% avg_score=0.415 sample_chance_multiplier=0.031
INFO     Policy 8: switch sunflora visited 51.73% avg_score=0.479 sample_chance_multiplier=0.031
INFO     Policy 9: closecombat-tera visited 80.04% avg_score=0.616 sample_chance_multiplier=0.031
INFO     Policy 10: spiritbreak visited 46.2% avg_score=0.583 sample_chance_multiplier=0.031
INFO     Policy 11: spiritbreak visited 30.45% avg_score=0.501 sample_chance_multiplier=0.031
INFO     Policy 12: switch ragingbolt visited 19.74% avg_score=0.488 sample_chance_multiplier=0.031
INFO     Policy 13: spiritbreak visited 39.06% avg_score=0.578 sample_chance_multiplier=0.031
INFO     Policy 14: switch ragingbolt visited 69.89% avg_score=0.489 sample_chance_multiplier=0.031
INFO     Policy 15: spiritbreak visited 21.38% avg_score=0.473 sample_chance_multiplier=0.031
INFO     Policy 16: spiritbreak visited 29.27% avg_score=0.517 sample_chance_multiplier=0.031
INFO     Policy 17: switch ragingbolt visited 41.89% avg_score=0.476 sample_chance_multiplier=0.031
INFO     Policy 18: spiritbreak visited 20.43% avg_score=0.5 sample_chance_multiplier=0.031
INFO     Policy 19: switch sunflora visited 70.46% avg_score=0.492 sample_chance_multiplier=0.031
INFO     Policy 20: switch sunflora visited 52.22% avg_score=0.477 sample_chance_multiplier=0.031
INFO     Policy 21: switch sunflora visited 64.28% avg_score=0.492 sample_chance_multiplier=0.031
INFO     Policy 22: switch sunflora visited 64.36% avg_score=0.505 sample_chance_multiplier=0.031
INFO     Policy 23: switch sunflora visited 69.35% avg_score=0.48 sample_chance_multiplier=0.031
INFO     Policy 24: closecombat-tera visited 28.41% avg_score=0.545 sample_chance_multiplier=0.031
INFO     Policy 25: switch sunflora visited 70.65% avg_score=0.479 sample_chance_multiplier=0.031
INFO     Policy 26: spiritbreak visited 35.25% avg_score=0.526 sample_chance_multiplier=0.031
INFO     Policy 27: switch sunflora visited 73.19% avg_score=0.514 sample_chance_multiplier=0.031
INFO     Policy 28: switch ragingbolt visited 62.98% avg_score=0.481 sample_chance_multiplier=0.031
INFO     Policy 29: spiritbreak visited 36.33% avg_score=0.568 sample_chance_multiplier=0.031
INFO     Policy 30: switch sunflora visited 42.51% avg_score=0.464 sample_chance_multiplier=0.031
INFO     Policy 31: closecombat-tera visited 39.01% avg_score=0.569 sample_chance_multiplier=0.031
INFO     Considered Choices:
INFO     	27.198%: switch sunflora
INFO     Choice: switch sunflora
INFO     sunflora switched in, adding intimidate to impossible abilities
INFO     sunflora switched in, adding pressure to impossible abilities
INFO     sunflora switched in, adding neutralizinggas to impossible abilities
INFO     sunflora switched in, adding sandstream to impossible abilities
INFO     sunflora switched in, adding drought to impossible abilities
INFO     Not adding drizzle to sunflora's impossible abilities because the weather would not have triggered
INFO     sunflora switched in, adding snowwarning to impossible abilities
INFO     sunflora switched in, adding boosterenergy to impossible items
INFO     sunflora switched in, adding airballoon to impossible items
INFO     kyogre used a water move, removing watergem from possible items
INFO     Setting kyogre's last used move: waterspout
INFO     kyogre used a damaging move - not guessing lifeorb anymore
INFO     kyogre did 34.29% damage to sunflora with waterspout
INFO     Weather raindance is active
INFO     Weather turns remaining: 4
INFO     
INFO     Turn: 2
INFO     Sampling battle 0
INFO     	         kyogre      drizzle  choicescarf [icebeam, originpulse, thunder, waterspout] ttype=water
INFO     Sampling 5 unrevealed pokemon
INFO     	    oricoriopau       dancer heavydutyboots [hurricane, quiverdance, revelationdance, roost] ttype=fighting
INFO     	         dodrio    earlybird   choiceband [bravebird, doubleedge, drillrun, quickattack] ttype=ground
INFO     	      passimian      defiant  choicescarf [closecombat, earthquake, knockoff, uturn] ttype=fighting
INFO     	   arceusground    multitype   earthplate [earthquake, extremespeed, stoneedge, swordsdance] ttype=normal
INFO     	         raichu lightningrod  assaultvest [alluringvoice, nuzzle, surf, thunderbolt] ttype=water
INFO     Sampling battle 1
INFO     	         kyogre      drizzle  choicescarf [icebeam, originpulse, thunder, waterspout] ttype=water
INFO     Sampling 5 unrevealed pokemon
INFO     	      hitmontop   intimidate  assaultvest [closecombat, earthquake, rapidspin, suckerpunch] ttype=steel
INFO     	         tauros   sheerforce      lifeorb [bodyslam, closecombat, throatchop, zenheadbutt] ttype=normal
INFO     	        scrafty     shedskin    leftovers [bulkup, drainpunch, knockoff, rest] ttype=poison
INFO     	        heatran    flashfire   airballoon [earthpower, heavyslam, lavaplume, stealthrock] ttype=grass
INFO     	       skarmory       sturdy    leftovers [bodypress, bravebird, roost, spikes] ttype=dragon
INFO     Sampling battle 2
INFO     	         kyogre      drizzle  choicescarf [icebeam, originpulse, thunder, waterspout] ttype=water
INFO     Sampling 5 unrevealed pokemon
INFO     	   deoxysattack     pressure      lifeorb [icebeam, knockoff, psychoboost, superpower] ttype=fighting
INFO     	   arceusdragon    multitype   dracoplate [calmmind, fireblast, judgment, recover] ttype=fire
INFO     	      rotomwash     levitate    leftovers [hydropump, nastyplot, painsplit, thunderbolt] ttype=electric
INFO     	       jumpluff  infiltrator              [acrobatics, encore, sleeppowder, strengthsap] ttype=steel
INFO     	     ragingbolt protosynthesis    leftovers [calmmind, dracometeor, thunderbolt, thunderclap] ttype=electric
INFO     Sampling battle 3
INFO     	         kyogre      drizzle  choicescarf [icebeam, originpulse, thunder, waterspout] ttype=water
INFO     Sampling 5 unrevealed pokemon
INFO     	    oricoriopau       dancer heavydutyboots [hurricane, quiverdance, revelationdance, roost] ttype=fighting
INFO     	       dragalge adaptability  assaultvest [dracometeor, dragontail, focusblast, sludgewave] ttype=fighting
INFO     	       smeargle     owntempo    focussash [ceaselessedge, spore, stealthrock, stickyweb] ttype=ghost
INFO     	       arboliva      harvest  sitrusberry [hypervoice, leechseed, protect, substitute] ttype=water
INFO     	      sudowoodo     rockhead   choiceband [earthquake, headsmash, suckerpunch, woodhammer] ttype=grass
INFO     Sampling battle 4
INFO     	         kyogre      drizzle  choicescarf [icebeam, originpulse, thunder, waterspout] ttype=water
INFO     Sampling 5 unrevealed pokemon
INFO     	      indeedeef psychicsurge      lifeorb [calmmind, dazzlinggleam, hypervoice, psyshock] ttype=psychic
INFO     	        beartic    slushrush heavydutyboots [closecombat, iciclecrash, snowscape, swordsdance] ttype=fighting
INFO     	       cyclizar  regenerator heavydutyboots [dracometeor, rapidspin, shedtail, taunt] ttype=steel
INFO     	  arcaninehisui     rockhead   choiceband [closecombat, extremespeed, flareblitz, headsmash] ttype=rock
INFO     	      hitmontop   technician    leftovers [bulkup, closecombat, rapidspin, tripleaxel] ttype=ice
INFO     Sampling battle 5
INFO     	         kyogre      drizzle  choicescarf [icebeam, originpulse, thunder, waterspout] ttype=water
INFO     Sampling 5 unrevealed pokemon
INFO     	 ninetalesalola  snowwarning    lightclay [auroraveil, blizzard, freezedry, moonblast] ttype=steel
INFO     	      volcarona        swarm heavydutyboots [bugbuzz, fireblast, gigadrain, quiverdance] ttype=grass
INFO     	      poliwrath    swiftswim      lifeorb [closecombat, knockoff, liquidation, raindance] ttype=fighting
INFO     	    dudunsparce      rattled    leftovers [boomburst, calmmind, earthpower, roost] ttype=poison
INFO     	 electrodehisui       static      lifeorb [gigadrain, thunderbolt, thunderwave, voltswitch] ttype=grass
INFO     Sampling battle 6
INFO     	         kyogre      drizzle  choicescarf [icebeam, originpulse, thunder, waterspout] ttype=water
INFO     Sampling 5 unrevealed pokemon
INFO     	    deoxysspeed     pressure      lifeorb [darkpulse, focusblast, nastyplot, psychoboost] ttype=dark
INFO     	      gholdengo   goodasgold  choicescarf [focusblast, makeitrain, shadowball, trick] ttype=fighting
INFO     	   greninjabond   battlebond      lifeorb [darkpulse, gunkshot, hydropump, icebeam] ttype=poison
INFO     	        dedenne   cheekpouch  sitrusberry [dazzlinggleam, superfang, thunderbolt, uturn] ttype=flying
INFO     	      toxicroak      dryskin      lifeorb [closecombat, gunkshot, suckerpunch, swordsdance] ttype=fighting
INFO     Sampling battle 7
INFO     	         kyogre      drizzle  choicescarf [icebeam, originpulse, thunder, waterspout] ttype=water
INFO     Sampling 5 unrevealed pokemon
INFO     	      bellossom  chlorophyll    leftovers [gigadrain, quiverdance, strengthsap, terablast] ttype=rock
INFO     	        bruxish    strongjaw   choiceband [crunch, icefang, psychicfangs, wavecrash] ttype=dark
INFO     	       ursaluna         guts     flameorb [facade, headlongrush, throatchop, trailblaze] ttype=normal
INFO     	    goodrahisui    sapsipper  assaultvest [dracometeor, heavyslam, hydropump, thunderbolt] ttype=water
INFO     	     baxcalibur thermalexchange   loadeddice [earthquake, iciclespear, scaleshot, swordsdance] ttype=ground
INFO     Sampling battle 8
INFO     	         kyogre      drizzle  choicescarf [icebeam, originpulse, thunder, waterspout] ttype=water
INFO     Sampling 5 unrevealed pokemon
INFO     	      eternatus     pressure  rockyhelmet [dynamaxcannon, fireblast, recover, sludgebomb] ttype=dragon
INFO     	 giratinaorigin     levitate griseouscore [defog, dracometeor, poltergeist, shadowsneak] ttype=steel
INFO     	      sandslash     sandrush    leftovers [earthquake, knockoff, rapidspin, spikes] ttype=water
INFO     	     hitmonchan     ironfist    leftovers [bulkup, drainpunch, knockoff, rapidspin] ttype=steel
INFO     	       pelipper      drizzle  choicespecs [hurricane, hydropump, uturn, weatherball] ttype=flying
INFO     Sampling battle 9
INFO     	         kyogre      drizzle  choicescarf [icebeam, originpulse, thunder, waterspout] ttype=water
INFO     Sampling 5 unrevealed pokemon
INFO     	       dachsbun wellbakedbody    leftovers [bodypress, playrough, protect, wish] ttype=steel
INFO     	        banette   cursedbody      lifeorb [gunkshot, poltergeist, shadowsneak, swordsdance] ttype=poison
INFO     	         zarude    leafguard      lifeorb [closecombat, knockoff, powerwhip, swordsdance] ttype=fighting
INFO     	      hatterene  magicbounce    leftovers [calmmind, drainingkiss, mysticalfire, psyshock] ttype=fairy
INFO     	       vaporeon  waterabsorb    leftovers [haze, protect, scald, wish] ttype=poison
INFO     Sampling battle 10
INFO     	         kyogre      drizzle  choicescarf [icebeam, originpulse, thunder, waterspout] ttype=water
INFO     Sampling 5 unrevealed pokemon
INFO     	      passimian      defiant    leftovers [bulkup, drainpunch, gunkshot, knockoff] ttype=dark
INFO     	         flygon     levitate     lumberry [dragondance, earthquake, outrage, stoneedge] ttype=steel
INFO     	      tatsugiri   stormdrain heavydutyboots [dracometeor, nastyplot, rapidspin, surf] ttype=water
INFO     	        flareon         guts     toxicorb [facade, flareblitz, quickattack, trailblaze] ttype=normal
INFO     	         raichu lightningrod      lifeorb [nastyplot, surf, terablast, thunderbolt] ttype=ice
INFO     Sampling battle 11
INFO     	         kyogre      drizzle  choicescarf [icebeam, originpulse, thunder, waterspout] ttype=water
INFO     Sampling 5 unrevealed pokemon
INFO     	     screamtail protosynthesis    leftovers [dazzlinggleam, encore, protect, wish] ttype=steel
INFO     	       hariyama     thickfat  assaultvest [closecombat, headlongrush, heavyslam, knockoff] ttype=steel
INFO     	      hippowdon   sandstream    leftovers [curse, earthquake, slackoff, stoneedge] ttype=steel
INFO     	      piloswine     thickfat     eviolite [earthquake, iceshard, iciclecrash, stealthrock] ttype=dragon
INFO     	  qwilfishhisui   intimidate     eviolite [crunch, gunkshot, taunt, toxicspikes] ttype=poison
INFO     Sampling battle 12
INFO     	         kyogre      drizzle  choicescarf [icebeam, originpulse, thunder, waterspout] ttype=water
INFO     Sampling 5 unrevealed pokemon
INFO     	         dodrio    earlybird   choiceband [bravebird, doubleedge, knockoff, quickattack] ttype=flying
INFO     	      vileplume  effectspore    leftovers [gigadrain, leechseed, sludgebomb, strengthsap] ttype=water
INFO     	        milotic  competitive    leftovers [dragontail, icebeam, recover, scald] ttype=steel
INFO     	    polteageist   cursedbody    whiteherb [shadowball, shellsmash, storedpower, strengthsap] ttype=dark
INFO     	    slitherwing protosynthesis boosterenergy [acrobatics, bulkup, closecombat, wildcharge] ttype=flying
INFO     Sampling battle 13
INFO     	         kyogre      drizzle  choicescarf [icebeam, originpulse, thunder, waterspout] ttype=water
INFO     Sampling 5 unrevealed pokemon
INFO     	squawkabillyblue         guts     flameorb [bravebird, facade, quickattack, uturn] ttype=normal
INFO     	      dragonite   multiscale heavydutyboots [dragondance, earthquake, outrage, roost] ttype=steel
INFO     	      cresselia     levitate    leftovers [calmmind, moonlight, psyshock, thunderbolt] ttype=poison
INFO     	      vileplume  effectspore    leftovers [gigadrain, leechseed, sludgebomb, strengthsap] ttype=steel
INFO     	taurospaldeaaqua   intimidate      lifeorb [aquajet, bulkup, closecombat, liquidation] ttype=water
INFO     Sampling battle 14
INFO     	         kyogre      drizzle  choicescarf [icebeam, originpulse, thunder, waterspout] ttype=water
INFO     Sampling 5 unrevealed pokemon
INFO     	     mabosstiff     stakeout  choicescarf [crunch, playrough, psychicfangs, wildcharge] ttype=dark
INFO     	 sandslashalola    slushrush  assaultvest [ironhead, knockoff, rapidspin, tripleaxel] ttype=water
INFO     	         minior  shieldsdown    whiteherb [acrobatics, earthquake, powergem, shellsmash] ttype=ground
INFO     	          azelf     levitate      lifeorb [encore, fireblast, knockoff, psychic] ttype=fire
INFO     	     rotomfrost     levitate heavydutyboots [blizzard, nastyplot, thunderbolt, willowisp] ttype=electric
INFO     Sampling battle 15
INFO     	         kyogre      drizzle  choicescarf [icebeam, originpulse, thunder, waterspout] ttype=water
INFO     Sampling 5 unrevealed pokemon
INFO     	    arceuswater    multitype  splashplate [calmmind, judgment, recover, willowisp] ttype=steel
INFO     	 sandslashalola    slushrush  assaultvest [earthquake, ironhead, rapidspin, tripleaxel] ttype=water
INFO     	          lokix   tintedlens silverpowder [firstimpression, knockoff, suckerpunch, uturn] ttype=bug
INFO     	        jolteon   voltabsorb    leftovers [calmmind, substitute, terablast, thunderbolt] ttype=ice
INFO     	 exeggutoralola      harvest  sitrusberry [calmmind, dragonpulse, flamethrower, gigadrain] ttype=steel
INFO     Searching for a move using MCTS...
INFO     Sampling 16 battles at 500ms each
INFO     Iterations 7: 94000
INFO     Iterations 4: 91000
INFO     Iterations 1: 92000
INFO     Iterations 5: 89000
INFO     Iterations 6: 87000
INFO     Iterations 3: 84000
INFO     Iterations 0: 98000
INFO     Iterations 2: 89000
INFO     Iterations 8: 76000
INFO     Iterations 13: 77000
INFO     Iterations 11: 71000
INFO     Iterations 12: 69000
INFO     Iterations 15: 76000
INFO     Iterations 10: 82000
INFO     Iterations 9: 78000
INFO     Iterations 14: 71000
INFO     Policy 0: sludgebomb visited 60.89% avg_score=0.606 sample_chance_multiplier=0.062
INFO     Policy 1: leafstorm visited 38.28% avg_score=0.528 sample_chance_multiplier=0.062
INFO     Policy 2: sludgebomb visited 68.26% avg_score=0.685 sample_chance_multiplier=0.062
INFO     Policy 3: earthpower visited 29.02% avg_score=0.557 sample_chance_multiplier=0.062
INFO     Policy 4: leafstorm visited 43.81% avg_score=0.616 sample_chance_multiplier=0.062
INFO     Policy 5: sludgebomb visited 53.57% avg_score=0.631 sample_chance_multiplier=0.062
INFO     Policy 6: earthpower visited 51.4% avg_score=0.664 sample_chance_multiplier=0.062
INFO     Policy 7: leafstorm visited 47.84% avg_score=0.497 sample_chance_multiplier=0.062
INFO     Policy 8: leafstorm visited 39.14% avg_score=0.623 sample_chance_multiplier=0.062
INFO     Policy 9: leafstorm visited 54.06% avg_score=0.63 sample_chance_multiplier=0.062
INFO     Policy 10: earthpower visited 30.74% avg_score=0.56 sample_chance_multiplier=0.062
INFO     Policy 11: leafstorm visited 59.77% avg_score=0.639 sample_chance_multiplier=0.062
INFO     Policy 12: sludgebomb visited 42.86% avg_score=0.567 sample_chance_multiplier=0.062
INFO     Policy 13: sludgebomb visited 53.75% avg_score=0.458 sample_chance_multiplier=0.062
INFO     Policy 14: leafstorm visited 37.43% avg_score=0.547 sample_chance_multiplier=0.062
INFO     Policy 15: earthpower visited 47.72% avg_score=0.604 sample_chance_multiplier=0.062
INFO     Considered Choices:
INFO     	32.926%: leafstorm
INFO     	27.772%: sludgebomb
INFO     Choice: sludgebomb
INFO     Updated kyogre's min speed to 117
INFO     kyogre already has the move waterspout. Decrementing the PP by 1
INFO     kyogre used a water move, removing watergem from possible items
INFO     Setting kyogre's last used move: waterspout
INFO     kyogre used a damaging move - not guessing lifeorb anymore
INFO     kyogre did 32.690000000000005% damage to sunflora with waterspout
INFO     sunflora already has the move sludgebomb. Decrementing the PP by 1
INFO     sunflora used a poison move, removing poisongem from possible items
INFO     Setting sunflora's last used move: sludgebomb
INFO     sunflora used a damaging move - not guessing lifeorb anymore
INFO     sunflora did 45.0% damage to kyogre with sludgebomb
INFO     Weather raindance is active
INFO     Weather turns remaining: 3
INFO     kyogre has less than maxhp during upkeep, no longer guessing leftovers or blacksludge
INFO     
INFO     Turn: 3
INFO     Sampling battle 0
INFO     	         kyogre      drizzle  choicescarf [icebeam, originpulse, thunder, waterspout] ttype=water
INFO     Sampling 5 unrevealed pokemon
INFO     	      kingambit supremeoverlord    leftovers [ironhead, kowtowcleave, suckerpunch, swordsdance] ttype=flying
INFO     	taurospaldeacombat   intimidate      lifeorb [bulkup, closecombat, ironhead, stoneedge] ttype=fighting
INFO     	     hitmonchan     ironfist    leftovers [drainpunch, knockoff, rapidspin, swordsdance] ttype=fighting
INFO     	       dragalge adaptability    leftovers [dracometeor, focusblast, sludgewave, toxicspikes] ttype=fighting
INFO     	     eelektross     levitate    leftovers [coil, drainpunch, knockoff, supercellslam] ttype=fighting
INFO     Sampling battle 1
INFO     	         kyogre      drizzle  choicescarf [icebeam, originpulse, thunder, waterspout] ttype=water
INFO     Sampling 5 unrevealed pokemon
INFO     	        manaphy    hydration    leftovers [energyball, icebeam, surf, tailglow] ttype=water
INFO     	          klawf  regenerator   choiceband [crabhammer, highhorsepower, knockoff, stoneedge] ttype=water
INFO     	taurospaldeacombat   intimidate   choiceband [closecombat, earthquake, stoneedge, throatchop] ttype=dark
INFO     	   weezinggalar     levitate    leftovers [defog, fireblast, gunkshot, strangesteam] ttype=steel
INFO     	       venusaur  chlorophyll    leftovers [knockoff, sleeppowder, sludgebomb, synthesis] ttype=dark
INFO     Sampling battle 2
INFO     	         kyogre      drizzle  choicescarf [icebeam, originpulse, thunder, waterspout] ttype=water
INFO     Sampling 5 unrevealed pokemon
INFO     	        blissey  naturalcure    leftovers [seismictoss, softboiled, stealthrock, thunderwave] ttype=ghost
INFO     	        okidogi   toxicchain  assaultvest [drainpunch, gunkshot, knockoff, psychicfangs] ttype=dark
INFO     	         veluza    sharpness   choiceband [aquacutter, flipturn, nightslash, psychocut] ttype=dark
INFO     	     hitmonchan     ironfist    leftovers [drainpunch, knockoff, rapidspin, taunt] ttype=steel
INFO     	     perrserker   toughclaws      lifeorb [closecombat, ironhead, knockoff, stealthrock] ttype=fighting
INFO     Sampling battle 3
INFO     	         kyogre      drizzle  choicescarf [icebeam, originpulse, thunder, waterspout] ttype=water
INFO     Sampling 5 unrevealed pokemon
INFO     	ogerponhearthflame  moldbreaker hearthflamemask [hornleech, ivycudgel, knockoff, swordsdance] ttype=fire
INFO     	       appletun     thickfat    leftovers [appleacid, dracometeor, dragontail, recover] ttype=steel
INFO     	     electivire   motordrive      lifeorb [earthquake, flamethrower, icepunch, supercellslam] ttype=ice
INFO     	      volcarona    flamebody heavydutyboots [bugbuzz, fierydance, morningsun, quiverdance] ttype=fire
INFO     	         arceus    multitype      lifeorb [earthquake, extremespeed, recover, swordsdance] ttype=normal
INFO     Sampling battle 4
INFO     	         kyogre      drizzle  choicescarf [icebeam, originpulse, thunder, waterspout] ttype=water
INFO     Sampling 5 unrevealed pokemon
INFO     	     archaludon      stamina     lumberry [earthquake, ironhead, outrage, swordsdance] ttype=ground
INFO     	       cobalion    justified    leftovers [aurasphere, calmmind, flashcannon, vacuumwave] ttype=ghost
INFO     	      farigiraf    sapsipper    leftovers [bodyslam, protect, psychicnoise, wish] ttype=water
INFO     	     toedscruel myceliummight    leftovers [earthpower, gigadrain, rapidspin, spore] ttype=water
INFO     	       cloyster    skilllink    whiteherb [drillrun, iciclespear, rockblast, shellsmash] ttype=ground
INFO     Sampling battle 5
INFO     	         kyogre      drizzle  choicescarf [icebeam, originpulse, thunder, waterspout] ttype=water
INFO     Sampling 5 unrevealed pokemon
INFO     	squawkabillyblue         guts     flameorb [bravebird, facade, protect, quickattack] ttype=normal
INFO     	       camerupt    solidrock    leftovers [earthquake, overheat, roar, willowisp] ttype=grass
INFO     	          rotom     levitate      lifeorb [shadowball, thunderbolt, voltswitch, willowisp] ttype=ghost
INFO     	       lycanroc     sandrush   choiceband [accelerock, closecombat, crunch, stoneedge] ttype=fighting
INFO     	        cetitan     thickfat  sitrusberry [bellydrum, earthquake, iceshard, icespinner] ttype=ice
INFO     Sampling battle 6
INFO     	         kyogre      drizzle  choicescarf [icebeam, originpulse, thunder, waterspout] ttype=water
INFO     Sampling 5 unrevealed pokemon
INFO     	         glalie   innerfocus heavydutyboots [earthquake, freezedry, spikes, taunt] ttype=water
INFO     	      tatsugiri   stormdrain heavydutyboots [dracometeor, hydropump, nastyplot, rapidspin] ttype=water
INFO     	        flareon         guts     toxicorb [facade, flareblitz, quickattack, trailblaze] ttype=normal
INFO     	         arceus    multitype      lifeorb [earthquake, extremespeed, recover, swordsdance] ttype=normal
INFO     	     ironleaves   quarkdrive   choiceband [closecombat, leafblade, megahorn, psyblade] ttype=fighting
INFO     Sampling battle 7
INFO     	         kyogre      drizzle  choicescarf [icebeam, originpulse, thunder, waterspout] ttype=water
INFO     Sampling 5 unrevealed pokemon
INFO     	      terrakion    justified   choiceband [closecombat, earthquake, quickattack, stoneedge] ttype=ground
INFO     	         rabsca  synchronize heavydutyboots [bugbuzz, earthpower, psychic, revivalblessing] ttype=steel
INFO     	      ninetales      drought heavydutyboots [fireblast, nastyplot, scorchingsands, solarbeam] ttype=grass
INFO     	     houndstone       fluffy  assaultvest [bodypress, playrough, poltergeist, shadowsneak] ttype=fighting
INFO     	      piloswine     thickfat     eviolite [earthquake, iceshard, iciclecrash, stealthrock] ttype=dragon
INFO     Sampling battle 8
INFO     	         kyogre      drizzle  choicescarf [icebeam, originpulse, thunder, waterspout] ttype=water
INFO     Sampling 5 unrevealed pokemon
INFO     	  oricoriosensu       dancer heavydutyboots [hurricane, quiverdance, revelationdance, roost] ttype=fighting
INFO     	    deoxysspeed     pressure      lifeorb [darkpulse, focusblast, nastyplot, psychoboost] ttype=fighting
INFO     	    walkingwake protosynthesis      lifeorb [dracometeor, flamethrower, hydrosteam, sunnyday] ttype=fire
INFO     	   avalugghisui       sturdy heavydutyboots [avalanche, rapidspin, recover, stoneedge] ttype=poison
INFO     	       ribombee   shielddust heavydutyboots [bugbuzz, moonblast, quiverdance, terablast] ttype=ground
INFO     Sampling battle 9
INFO     	         kyogre      drizzle  choicescarf [icebeam, originpulse, thunder, waterspout] ttype=water
INFO     Sampling 5 unrevealed pokemon
INFO     	      metagross    clearbody   choiceband [bulletpunch, earthquake, heavyslam, psychicfangs] ttype=water
INFO     	        torkoal      drought heavydutyboots [fireblast, rapidspin, solarbeam, stealthrock] ttype=grass
INFO     	        noivern  infiltrator  choicespecs [boomburst, dracometeor, hurricane, uturn] ttype=normal
INFO     	        milotic  competitive    leftovers [haze, icebeam, recover, scald] ttype=dragon
INFO     	 sandslashalola    slushrush    leftovers [ironhead, rapidspin, spikes, tripleaxel] ttype=water
INFO     Sampling battle 10
INFO     	         kyogre      drizzle  choicescarf [icebeam, originpulse, thunder, waterspout] ttype=water
INFO     Sampling 5 unrevealed pokemon
INFO     	       tsareena queenlymajesty heavydutyboots [knockoff, powerwhip, rapidspin, synthesis] ttype=steel
INFO     	      gardevoir        trace  choicescarf [focusblast, healingwish, moonblast, psychic] ttype=fairy
INFO     	        donphan       sturdy    leftovers [earthquake, iceshard, rapidspin, stealthrock] ttype=water
INFO     	      kingambit supremeoverlord    leftovers [ironhead, kowtowcleave, suckerpunch, swordsdance] ttype=dark
INFO     	      regigigas    slowstart    leftovers [bodyslam, knockoff, protect, substitute] ttype=poison
INFO     Sampling battle 11
INFO     	         kyogre      drizzle  choicescarf [icebeam, originpulse, thunder, waterspout] ttype=water
INFO     Sampling 5 unrevealed pokemon
INFO     	      gardevoir        trace  choicescarf [focusblast, moonblast, psychic, trick] ttype=fairy
INFO     	         pyroar      unnerve heavydutyboots [darkpulse, fireblast, hypervoice, workup] ttype=fire
INFO     	       torterra     overgrow   loadeddice [bulletseed, headlongrush, rockblast, shellsmash] ttype=rock
INFO     	         dodrio    earlybird heavydutyboots [bravebird, drillrun, knockoff, swordsdance] ttype=ground
INFO     	       meowstic    prankster    leftovers [alluringvoice, psychicnoise, thunderwave, yawn] ttype=fairy
INFO     Sampling battle 12
INFO     	         kyogre      drizzle  choicescarf [icebeam, originpulse, thunder, waterspout] ttype=water
INFO     Sampling 5 unrevealed pokemon
INFO     	        flamigo      scrappy   choiceband [bravebird, closecombat, throatchop, uturn] ttype=fighting
INFO     	         tauros   sheerforce      lifeorb [bodyslam, closecombat, earthquake, throatchop] ttype=fighting
INFO     	        bisharp      defiant     eviolite [ironhead, stealthrock, suckerpunch, throatchop] ttype=ghost
INFO     	     ironbundle   quarkdrive  choicespecs [flipturn, freezedry, hydropump, icebeam] ttype=water
INFO     	          arbok   intimidate    leftovers [coil, earthquake, gunkshot, suckerpunch] ttype=ground
INFO     Sampling battle 13
INFO     	         kyogre      drizzle  choicescarf [icebeam, originpulse, thunder, waterspout] ttype=water
INFO     Sampling 5 unrevealed pokemon
INFO     	        malamar     contrary    leftovers [knockoff, rest, sleeptalk, superpower] ttype=poison
INFO     	 lilliganthisui       hustle     widelens [closecombat, icespinner, leafblade, victorydance] ttype=fighting
INFO     	       chimecho     levitate    leftovers [encore, psychicnoise, recover, thunderwave] ttype=dark
INFO     	   greninjabond   battlebond      lifeorb [darkpulse, gunkshot, hydropump, icebeam] ttype=poison
INFO     	       ursaring    quickfeet     toxicorb [closecombat, crunch, facade, swordsdance] ttype=normal
INFO     Sampling battle 14
INFO     	         kyogre      drizzle  choicescarf [icebeam, originpulse, thunder, waterspout] ttype=water
INFO     Sampling 5 unrevealed pokemon
INFO     	      volcanion  waterabsorb  assaultvest [flamecharge, flamethrower, sludgebomb, steameruption] ttype=fire
INFO     	   zoroarkhisui     illusion      lifeorb [focusblast, hypervoice, poltergeist, willowisp] ttype=normal
INFO     	        leafeon  chlorophyll      lifeorb [doubleedge, knockoff, leafblade, swordsdance] ttype=dark
INFO     	     victreebel  chlorophyll      lifeorb [powerwhip, sludgewave, sunnyday, weatherball] ttype=fire
INFO     	        scyther   technician heavydutyboots [closecombat, defog, dualwingbeat, uturn] ttype=fighting
INFO     Sampling battle 15
INFO     	         kyogre      drizzle  choicescarf [icebeam, originpulse, thunder, waterspout] ttype=water
INFO     Sampling 5 unrevealed pokemon
INFO     	       cobalion    justified    leftovers [aurasphere, calmmind, flashcannon, vacuumwave] ttype=fighting
INFO     	       quagsire      unaware    leftovers [earthquake, icebeam, recover, toxic] ttype=poison
INFO     	 lilliganthisui       hustle      lifeorb [closecombat, leafblade, sleeppowder, victorydance] ttype=fighting
INFO     	         rabsca  synchronize heavydutyboots [bugbuzz, earthpower, psychic, revivalblessing] ttype=steel
INFO     	       gumshoos adaptability   choiceband [doubleedge, earthquake, knockoff, uturn] ttype=ground
INFO     Searching for a move using MCTS...
INFO     Sampling 16 battles at 500ms each
INFO     Iterations 0: 78000
INFO     Iterations 2: 79000
INFO     Iterations 5: 86000
INFO     Iterations 3: 84000
INFO     Iterations 1: 81000
INFO     Iterations 4: 85000
INFO     Iterations 6: 85000
INFO     Iterations 7: 87000
INFO     Iterations 12: 79000
INFO     Iterations 8: 64000
INFO     Iterations 10: 74000
INFO     Iterations 11: 72000
INFO     Iterations 13: 71000
INFO     Iterations 9: 78000
INFO     Iterations 15: 76000
INFO     Iterations 14: 76000
INFO     Policy 0: sludgebomb visited 33.26% avg_score=0.46 sample_chance_multiplier=0.062
INFO     Policy 1: sludgebomb visited 39.47% avg_score=0.477 sample_chance_multiplier=0.062
INFO     Policy 2: sludgebomb visited 27.7% avg_score=0.418 sample_chance_multiplier=0.062
INFO     Policy 3: sludgebomb visited 96.31% avg_score=0.67 sample_chance_multiplier=0.062
INFO     Policy 4: sludgebomb visited 41.33% avg_score=0.48 sample_chance_multiplier=0.062
INFO     Policy 5: sludgebomb visited 89.65% avg_score=0.553 sample_chance_multiplier=0.062
INFO     Policy 6: sludgebomb visited 85.58% avg_score=0.553 sample_chance_multiplier=0.062
INFO     Policy 7: sludgebomb visited 66.95% avg_score=0.508 sample_chance_multiplier=0.062
INFO     Policy 8: sludgebomb visited 61.04% avg_score=0.552 sample_chance_multiplier=0.062
INFO     Policy 9: switch ragingbolt visited 65.76% avg_score=0.45 sample_chance_multiplier=0.062
INFO     Policy 10: sludgebomb visited 41.2% avg_score=0.514 sample_chance_multiplier=0.062
INFO     Policy 11: sludgebomb visited 95.73% avg_score=0.618 sample_chance_multiplier=0.062
INFO     Policy 12: switch ragingbolt visited 28.2% avg_score=0.445 sample_chance_multiplier=0.062
INFO     Policy 13: sludgebomb visited 86.46% avg_score=0.618 sample_chance_multiplier=0.062
INFO     Policy 14: sludgebomb visited 92.28% avg_score=0.635 sample_chance_multiplier=0.062
INFO     Policy 15: sludgebomb visited 53.84% avg_score=0.501 sample_chance_multiplier=0.062
INFO     Considered Choices:
INFO     	59.314%: sludgebomb
INFO     Choice: sludgebomb
INFO     Opponent has switched - clearing the last used move
INFO     mimikyu switched in, adding intimidate to impossible abilities
INFO     mimikyu switched in, adding pressure to impossible abilities
INFO     mimikyu switched in, adding neutralizinggas to impossible abilities
INFO     mimikyu switched in, adding sandstream to impossible abilities
INFO     mimikyu switched in, adding drought to impossible abilities
INFO     Not adding drizzle to mimikyu's impossible abilities because the weather would not have triggered
INFO     mimikyu switched in, adding snowwarning to impossible abilities
INFO     mimikyu switched in, adding boosterenergy to impossible items
INFO     mimikyu switched in, adding airballoon to impossible items
INFO     sunflora already has the move sludgebomb. Decrementing the PP by 1
INFO     sunflora used a poison move, removing poisongem from possible items
INFO     Setting sunflora's last used move: sludgebomb
INFO     sunflora used a damaging move - not guessing lifeorb anymore
INFO     sunflora did 0.0% damage to mimikyu with sludgebomb
INFO     Setting mimikyu's ability to disguise
INFO     Form Change: mimikyu -> Mimikyu-Busted, L79, M
INFO     Weather raindance is active
INFO     Weather turns remaining: 2
INFO     mimikyubusted has less than maxhp during upkeep, no longer guessing leftovers or blacksludge
INFO     
INFO     Turn: 4
INFO     Sampling battle 0
INFO     	  mimikyubusted     disguise      lifeorb [playrough, shadowclaw, shadowsneak, swordsdance] ttype=ghost
INFO     	         kyogre      drizzle  choicescarf [icebeam, originpulse, thunder, waterspout] ttype=water
INFO     Sampling 4 unrevealed pokemon
INFO     	      gardevoir        trace  choicescarf [healingwish, moonblast, mysticalfire, psychic] ttype=fire
INFO     	    kyuremblack     teravolt   loadeddice [dragondance, fusionbolt, iciclespear, scaleshot] ttype=electric
INFO     	       gyarados   intimidate heavydutyboots [dragondance, earthquake, stoneedge, waterfall] ttype=ground
INFO     	      staraptor     reckless   choiceband [bravebird, closecombat, doubleedge, quickattack] ttype=fighting
INFO     Sampling battle 1
INFO     	  mimikyubusted     disguise      lifeorb [playrough, shadowclaw, shadowsneak, swordsdance] ttype=fairy
INFO     	         kyogre      drizzle  choicescarf [icebeam, originpulse, thunder, waterspout] ttype=water
INFO     Sampling 4 unrevealed pokemon
INFO     	         arceus    multitype      lifeorb [earthquake, extremespeed, recover, swordsdance] ttype=normal
INFO     	      dunsparce  serenegrace     eviolite [bodyslam, coil, earthquake, roost] ttype=ghost
INFO     	        heatran    flashfire   airballoon [earthpower, heavyslam, magmastorm, stealthrock] ttype=grass
INFO     	         zapdos       static heavydutyboots [discharge, heatwave, hurricane, roost] ttype=electric
INFO     Sampling battle 2
INFO     	  mimikyubusted     disguise      lifeorb [playrough, shadowclaw, shadowsneak, swordsdance] ttype=fairy
INFO     	         kyogre      drizzle  choicescarf [icebeam, originpulse, thunder, waterspout] ttype=water
INFO     Sampling 4 unrevealed pokemon
INFO     	       espathra   speedboost  choicespecs [dazzlinggleam, luminacrash, shadowball, uturn] ttype=psychic
INFO     	       ludicolo    swiftswim  choicespecs [gigadrain, hydropump, icebeam, leafstorm] ttype=grass
INFO     	        banette   cursedbody      lifeorb [gunkshot, poltergeist, shadowsneak, swordsdance] ttype=ghost
INFO     	    corviknight     pressure    leftovers [bodypress, bravebird, defog, roost] ttype=dragon
INFO     Sampling battle 3
INFO     	  mimikyubusted     disguise      lifeorb [playrough, shadowclaw, shadowsneak, swordsdance] ttype=ghost
INFO     	         kyogre      drizzle  choicescarf [icebeam, originpulse, thunder, waterspout] ttype=water
INFO     Sampling 4 unrevealed pokemon
INFO     	       venomoth   tintedlens heavydutyboots [bugbuzz, quiverdance, sleeppowder, sludgewave] ttype=water
INFO     	       vikavolt     levitate heavydutyboots [bugbuzz, discharge, stickyweb, voltswitch] ttype=electric
INFO     	        wyrdeer   intimidate    leftovers [earthquake, megahorn, psychicnoise, thunderwave] ttype=ground
INFO     	     archaludon      stamina    leftovers [bodypress, dracometeor, flashcannon, thunderwave] ttype=fighting
INFO     Sampling battle 4
INFO     	  mimikyubusted     disguise      lifeorb [drainpunch, playrough, shadowsneak, swordsdance] ttype=fighting
INFO     	         kyogre      drizzle  choicescarf [icebeam, originpulse, thunder, waterspout] ttype=water
INFO     Sampling 4 unrevealed pokemon
INFO     	        chansey  naturalcure     eviolite [seismictoss, softboiled, stealthrock, thunderwave] ttype=ghost
INFO     	       pelipper      drizzle  choicespecs [hurricane, hydropump, uturn, weatherball] ttype=water
INFO     	       ironmoth   quarkdrive heavydutyboots [energyball, fireblast, sludgewave, toxicspikes] ttype=fire
INFO     	        altaria  naturalcure heavydutyboots [bravebird, dragondance, earthquake, roost] ttype=steel
INFO     Sampling battle 5
INFO     	  mimikyubusted     disguise      lifeorb [playrough, shadowclaw, shadowsneak, swordsdance] ttype=fairy
INFO     	         kyogre      drizzle  choicescarf [icebeam, originpulse, thunder, waterspout] ttype=water
INFO     Sampling 4 unrevealed pokemon
INFO     	       vivillon compoundeyes heavydutyboots [bugbuzz, hurricane, quiverdance, sleeppowder] ttype=steel
INFO     	         tauros   sheerforce      lifeorb [bodyslam, closecombat, throatchop, zenheadbutt] ttype=psychic
INFO     	        delphox        blaze  choicescarf [fireblast, focusblast, grassknot, psyshock] ttype=grass
INFO     	       sneasler     unburden    whiteherb [acrobatics, closecombat, direclaw, swordsdance] ttype=flying
INFO     Sampling battle 6
INFO     	  mimikyubusted     disguise      lifeorb [playrough, shadowclaw, shadowsneak, swordsdance] ttype=ghost
INFO     	         kyogre      drizzle  choicescarf [icebeam, originpulse, thunder, waterspout] ttype=water
INFO     Sampling 4 unrevealed pokemon
INFO     	      arceusbug    multitype  insectplate [calmmind, earthpower, judgment, recover] ttype=ground
INFO     	         tinglu vesselofruin    leftovers [earthquake, stealthrock, throatchop, whirlwind] ttype=ghost
INFO     	     talonflame    galewings heavydutyboots [bravebird, flareblitz, swordsdance, terablast] ttype=ground
INFO     	      mamoswine     thickfat      lifeorb [earthquake, iceshard, iciclecrash, stealthrock] ttype=ground
INFO     Sampling battle 7
INFO     	  mimikyubusted     disguise      lifeorb [playrough, shadowclaw, shadowsneak, swordsdance] ttype=fairy
INFO     	         kyogre      drizzle  choicescarf [icebeam, originpulse, thunder, waterspout] ttype=water
INFO     Sampling 4 unrevealed pokemon
INFO     	      metagross    clearbody    leftovers [bulletpunch, heavyslam, knockoff, stealthrock] ttype=water
INFO     	        lucario    justified      lifeorb [closecombat, extremespeed, meteormash, swordsdance] ttype=normal
INFO     	    arceuswater    multitype  splashplate [calmmind, icebeam, judgment, recover] ttype=steel
INFO     	      girafarig    sapsipper     eviolite [nastyplot, psychic, shadowball, thunderbolt] ttype=electric
INFO     Sampling battle 8
INFO     	  mimikyubusted     disguise      lifeorb [playrough, shadowclaw, shadowsneak, swordsdance] ttype=ghost
INFO     	         kyogre      drizzle  choicescarf [icebeam, originpulse, thunder, waterspout] ttype=water
INFO     Sampling 4 unrevealed pokemon
INFO     	    brutebonnet protosynthesis    leftovers [closecombat, crunch, spore, suckerpunch] ttype=fighting
INFO     	        palafin   zerotohero    leftovers [bulkup, drainpunch, jetpunch, wavecrash] ttype=dragon
INFO     	      decidueye     overgrow      lifeorb [leafblade, poltergeist, shadowsneak, swordsdance] ttype=ghost
INFO     	       oricorio       dancer heavydutyboots [hurricane, quiverdance, revelationdance, roost] ttype=ground
INFO     Sampling battle 9
INFO     	  mimikyubusted     disguise      lifeorb [drainpunch, playrough, shadowsneak, swordsdance] ttype=fighting
INFO     	         kyogre      drizzle  choicescarf [icebeam, originpulse, thunder, waterspout] ttype=water
INFO     Sampling 4 unrevealed pokemon
INFO     	taurospaldeacombat   intimidate      lifeorb [bulkup, closecombat, earthquake, throatchop] ttype=dark
INFO     	        altaria  naturalcure heavydutyboots [bravebird, defog, haze, roost] ttype=steel
INFO     	        beartic    slushrush heavydutyboots [closecombat, earthquake, iciclecrash, snowscape] ttype=ground
INFO     	         rhydon lightningrod     eviolite [earthquake, megahorn, stealthrock, stoneedge] ttype=grass
INFO     Sampling battle 10
INFO     	  mimikyubusted     disguise      lifeorb [playrough, shadowclaw, shadowsneak, swordsdance] ttype=fairy
INFO     	         kyogre      drizzle  choicescarf [icebeam, originpulse, thunder, waterspout] ttype=water
INFO     Sampling 4 unrevealed pokemon
INFO     	      magnezone     analytic    leftovers [bodypress, flashcannon, irondefense, thunderbolt] ttype=fighting
INFO     	       houndoom    flashfire heavydutyboots [darkpulse, fireblast, nastyplot, sludgebomb] ttype=poison
INFO     	        sableye    prankster    leftovers [encore, knockoff, recover, willowisp] ttype=steel
INFO     	  articunogalar  competitive heavydutyboots [calmmind, freezingglare, hurricane, recover] ttype=steel
INFO     Sampling battle 11
INFO     	  mimikyubusted     disguise      lifeorb [playrough, shadowclaw, shadowsneak, swordsdance] ttype=ghost
INFO     	         kyogre      drizzle  choicescarf [icebeam, originpulse, thunder, waterspout] ttype=water
INFO     Sampling 4 unrevealed pokemon
INFO     	      gholdengo   goodasgold    leftovers [makeitrain, recover, shadowball, thunderwave] ttype=dark
INFO     	    ironboulder   quarkdrive      lifeorb [closecombat, mightycleave, swordsdance, zenheadbutt] ttype=fighting
INFO     	         arceus    multitype      lifeorb [earthquake, extremespeed, shadowclaw, swordsdance] ttype=ghost
INFO     	      glastrier chillingneigh heavydutyboots [closecombat, heavyslam, iciclecrash, swordsdance] ttype=fighting
INFO     Sampling battle 12
INFO     	  mimikyubusted     disguise      lifeorb [playrough, shadowclaw, shadowsneak, swordsdance] ttype=ghost
INFO     	         kyogre      drizzle  choicescarf [icebeam, originpulse, thunder, waterspout] ttype=water
INFO     Sampling 4 unrevealed pokemon
INFO     	       tornadus    prankster  choicespecs [bleakwindstorm, focusblast, grassknot, heatwave] ttype=fire
INFO     	      hydreigon     levitate      lifeorb [darkpulse, dracometeor, flashcannon, nastyplot] ttype=dragon
INFO     	         zapdos       static heavydutyboots [discharge, heatwave, hurricane, roost] ttype=steel
INFO     	         furret        frisk      lifeorb [brickbreak, doubleedge, knockoff, tidyup] ttype=ghost
INFO     Sampling battle 13
INFO     	  mimikyubusted     disguise      lifeorb [drainpunch, playrough, shadowsneak, swordsdance] ttype=fairy
INFO     	         kyogre      drizzle  choicescarf [icebeam, originpulse, thunder, waterspout] ttype=water
INFO     Sampling 4 unrevealed pokemon
INFO     	      mightyena   intimidate  assaultvest [crunch, playrough, poisonfang, superfang] ttype=fairy
INFO     	      hitmontop   intimidate  assaultvest [closecombat, rapidspin, stoneedge, suckerpunch] ttype=steel
INFO     	     grimmsnarl    prankster    lightclay [lightscreen, reflect, spiritbreak, thunderwave] ttype=poison
INFO     	       basculin adaptability   choiceband [aquajet, doubleedge, flipturn, wavecrash] ttype=water
INFO     Sampling battle 14
INFO     	  mimikyubusted     disguise      lifeorb [drainpunch, playrough, shadowsneak, swordsdance] ttype=fighting
INFO     	         kyogre      drizzle  choicescarf [icebeam, originpulse, thunder, waterspout] ttype=water
INFO     Sampling 4 unrevealed pokemon
INFO     	  qwilfishhisui   intimidate     eviolite [crunch, gunkshot, spikes, taunt] ttype=flying
INFO     	       mukalola  poisontouch  assaultvest [drainpunch, gunkshot, knockoff, shadowsneak] ttype=fighting
INFO     	      electrode    aftermath heavydutyboots [taunt, thunderbolt, thunderwave, voltswitch] ttype=electric
INFO     	       arboliva    seedsower    leftovers [earthpower, energyball, hypervoice, strengthsap] ttype=grass
INFO     Sampling battle 15
INFO     	  mimikyubusted     disguise      lifeorb [drainpunch, playrough, shadowsneak, swordsdance] ttype=fighting
INFO     	         kyogre      drizzle  choicescarf [icebeam, originpulse, thunder, waterspout] ttype=water
INFO     Sampling 4 unrevealed pokemon
INFO     	      cinderace       libero heavydutyboots [courtchange, pyroball, uturn, willowisp] ttype=grass
INFO     	     ragingbolt protosynthesis boosterenergy [calmmind, dragonpulse, thunderbolt, thunderclap] ttype=electric
INFO     	     whimsicott    prankster    leftovers [encore, leechseed, moonblast, substitute] ttype=steel
INFO     	        cetitan     thickfat  sitrusberry [bellydrum, earthquake, iceshard, icespinner] ttype=ice
INFO     Sampling battle 16
INFO     	  mimikyubusted     disguise      lifeorb [drainpunch, playrough, shadowsneak, swordsdance] ttype=fairy
INFO     	         kyogre      drizzle  choicescarf [icebeam, originpulse, thunder, waterspout] ttype=water
INFO     Sampling 4 unrevealed pokemon
INFO     	     ironleaves   quarkdrive   choiceband [closecombat, leafblade, megahorn, psyblade] ttype=fighting
INFO     	urshifurapidstrike   unseenfist      lifeorb [aquajet, closecombat, surgingstrikes, swordsdance] ttype=water
INFO     	          hypno     insomnia    leftovers [encore, knockoff, psychicnoise, thunderwave] ttype=steel
INFO     	      tyranitar   sandstream    leftovers [icebeam, knockoff, stealthrock, stoneedge] ttype=ghost
INFO     Sampling battle 17
INFO     	  mimikyubusted     disguise      lifeorb [drainpunch, playrough, shadowsneak, swordsdance] ttype=fairy
INFO     	         kyogre      drizzle  choicescarf [icebeam, originpulse, thunder, waterspout] ttype=water
INFO     Sampling 4 unrevealed pokemon
INFO     	        noivern  infiltrator heavydutyboots [dracometeor, flamethrower, hurricane, roost] ttype=fire
INFO     	       greedent   cheekpouch  sitrusberry [bodyslam, earthquake, knockoff, swordsdance] ttype=ghost
INFO     	      ceruledge    weakarmor heavydutyboots [bitterblade, poltergeist, shadowsneak, swordsdance] ttype=fire
INFO     	     archaludon      stamina    leftovers [bodypress, dracometeor, flashcannon, stealthrock] ttype=fighting
INFO     Sampling battle 18
INFO     	  mimikyubusted     disguise      lifeorb [drainpunch, playrough, shadowsneak, swordsdance] ttype=fighting
INFO     	         kyogre      drizzle  choicescarf [icebeam, originpulse, thunder, waterspout] ttype=water
INFO     Sampling 4 unrevealed pokemon
INFO     	      regidrago   dragonsmaw      lifeorb [dragonclaw, dragondance, earthquake, terablast] ttype=steel
INFO     	        flapple       hustle     widelens [dragondance, gravapple, outrage, suckerpunch] ttype=steel
INFO     	         lunala shadowshield    leftovers [calmmind, moongeistbeam, moonlight, psyshock] ttype=fairy
INFO     	      rhyperior    solidrock weaknesspolicy [earthquake, megahorn, rockpolish, stoneedge] ttype=bug
INFO     Sampling battle 19
INFO     	  mimikyubusted     disguise      lifeorb [playrough, shadowclaw, shadowsneak, swordsdance] ttype=ghost
INFO     	         kyogre      drizzle  choicescarf [icebeam, originpulse, thunder, waterspout] ttype=water
INFO     Sampling 4 unrevealed pokemon
INFO     	        lanturn   voltabsorb heavydutyboots [scald, thunderbolt, thunderwave, voltswitch] ttype=flying
INFO     	        torkoal      drought heavydutyboots [lavaplume, rapidspin, solarbeam, stealthrock] ttype=grass
INFO     	      mandibuzz     overcoat heavydutyboots [bravebird, knockoff, roost, toxic] ttype=steel
INFO     	    kyuremwhite   turboblaze  choicespecs [dracometeor, freezedry, fusionflare, icebeam] ttype=dragon
INFO     Sampling battle 20
INFO     	  mimikyubusted     disguise      lifeorb [playrough, shadowclaw, shadowsneak, swordsdance] ttype=fairy
INFO     	         kyogre      drizzle  choicescarf [icebeam, originpulse, thunder, waterspout] ttype=water
INFO     Sampling 4 unrevealed pokemon
INFO     	      duraludon   lightmetal     eviolite [bodypress, dracometeor, flashcannon, irondefense] ttype=fighting
INFO     	           hooh  regenerator heavydutyboots [bravebird, earthquake, recover, sacredfire] ttype=ground
INFO     	        golduck    cloudnine    leftovers [grassknot, hydropump, icebeam, nastyplot] ttype=water
INFO     	    oinkolognef     thickfat    leftovers [bodyslam, curse, rest, sleeptalk] ttype=fairy
INFO     Sampling battle 21
INFO     	  mimikyubusted     disguise      lifeorb [drainpunch, playrough, shadowsneak, swordsdance] ttype=fighting
INFO     	         kyogre      drizzle  choicescarf [icebeam, originpulse, thunder, waterspout] ttype=water
INFO     Sampling 4 unrevealed pokemon
INFO     	         minior  shieldsdown    whiteherb [acrobatics, earthquake, powergem, shellsmash] ttype=flying
INFO     	      arceusice    multitype  icicleplate [calmmind, earthpower, judgment, recover] ttype=ground
INFO     	        moltres    flamebody heavydutyboots [bravebird, fireblast, roost, uturn] ttype=dragon
INFO     	taurospaldeablaze   intimidate   choiceband [closecombat, flareblitz, stoneedge, wildcharge] ttype=fighting
INFO     Sampling battle 22
INFO     	  mimikyubusted     disguise      lifeorb [drainpunch, playrough, shadowsneak, swordsdance] ttype=fighting
INFO     	         kyogre      drizzle  choicescarf [icebeam, originpulse, thunder, waterspout] ttype=water
INFO     Sampling 4 unrevealed pokemon
INFO     	 decidueyehisui      scrappy    leftovers [knockoff, leafblade, roost, triplearrows] ttype=steel
INFO     	       tsareena queenlymajesty  assaultvest [highjumpkick, knockoff, powerwhip, rapidspin] ttype=fighting
INFO     	        weezing     levitate    leftovers [fireblast, gunkshot, painsplit, willowisp] ttype=steel
INFO     	       chienpao  swordofruin heavydutyboots [iciclecrash, suckerpunch, swordsdance, throatchop] ttype=dark
INFO     Sampling battle 23
INFO     	  mimikyubusted     disguise      lifeorb [drainpunch, playrough, shadowsneak, swordsdance] ttype=fairy
INFO     	         kyogre      drizzle  choicescarf [icebeam, originpulse, thunder, waterspout] ttype=water
INFO     Sampling 4 unrevealed pokemon
INFO     	      clawitzer megalauncher  choicespecs [darkpulse, dragonpulse, icebeam, waterpulse] ttype=dark
INFO     	       overqwil   intimidate   loadeddice [crunch, gunkshot, scaleshot, swordsdance] ttype=dragon
INFO     	        scrafty     shedskin    leftovers [bulkup, drainpunch, knockoff, rest] ttype=poison
INFO     	    dudunsparce      rattled    leftovers [boomburst, calmmind, roost, shadowball] ttype=ghost
INFO     Sampling battle 24
INFO     	  mimikyubusted     disguise      lifeorb [playrough, shadowclaw, shadowsneak, swordsdance] ttype=ghost
INFO     	         kyogre      drizzle  choicescarf [icebeam, originpulse, thunder, waterspout] ttype=water
INFO     Sampling 4 unrevealed pokemon
INFO     	      magmortar    flamebody heavydutyboots [fireblast, knockoff, taunt, thunderbolt] ttype=water
INFO     	  arcaninehisui     rockhead heavydutyboots [extremespeed, flareblitz, headsmash, morningsun] ttype=normal
INFO     	      regidrago   dragonsmaw      lifeorb [dragonclaw, dragondance, earthquake, terablast] ttype=steel
INFO     	  articunogalar  competitive heavydutyboots [calmmind, freezingglare, hurricane, recover] ttype=steel
INFO     Sampling battle 25
INFO     	  mimikyubusted     disguise      lifeorb [playrough, shadowclaw, shadowsneak, swordsdance] ttype=ghost
INFO     	         kyogre      drizzle  choicescarf [icebeam, originpulse, thunder, waterspout] ttype=water
INFO     Sampling 4 unrevealed pokemon
INFO     	       tornadus    prankster  choicespecs [bleakwindstorm, focusblast, grassknot, heatwave] ttype=fire
INFO     	      sudowoodo     rockhead   choiceband [earthquake, headsmash, suckerpunch, woodhammer] ttype=grass
INFO     	        grumpig     thickfat    leftovers [focusblast, nastyplot, psyshock, shadowball] ttype=fighting
INFO     	    zapdosgalar      defiant   choiceband [bravebird, closecombat, knockoff, uturn] ttype=dark
INFO     Sampling battle 26
INFO     	  mimikyubusted     disguise      lifeorb [playrough, shadowclaw, shadowsneak, swordsdance] ttype=fairy
INFO     	         kyogre      drizzle  choicescarf [icebeam, originpulse, thunder, waterspout] ttype=water
INFO     Sampling 4 unrevealed pokemon
INFO     	ogerponwellspring  waterabsorb wellspringmask [ivycudgel, spikes, synthesis, woodhammer] ttype=water
INFO     	       giratina     pressure    leftovers [calmmind, dragonpulse, rest, sleeptalk] ttype=fairy
INFO     	  deoxysdefense     pressure  rockyhelmet [knockoff, psychicnoise, recover, stealthrock] ttype=fairy
INFO     	      piloswine     thickfat     eviolite [earthquake, iciclecrash, roar, stealthrock] ttype=poison
INFO     Sampling battle 27
INFO     	  mimikyubusted     disguise      lifeorb [playrough, shadowclaw, shadowsneak, swordsdance] ttype=fairy
INFO     	         kyogre      drizzle  choicescarf [icebeam, originpulse, thunder, waterspout] ttype=water
INFO     Sampling 4 unrevealed pokemon
INFO     	      alomomola  regenerator  rockyhelmet [flipturn, protect, scald, wish] ttype=poison
INFO     	        gurdurr         guts     eviolite [bulkup, drainpunch, knockoff, machpunch] ttype=steel
INFO     	        flapple       hustle     lumberry [dragondance, gravapple, outrage, terablast] ttype=fire
INFO     	         golurk      noguard      lifeorb [earthquake, poltergeist, stealthrock, stoneedge] ttype=ground
INFO     Sampling battle 28
INFO     	  mimikyubusted     disguise      lifeorb [drainpunch, playrough, shadowsneak, swordsdance] ttype=fairy
INFO     	         kyogre      drizzle  choicescarf [icebeam, originpulse, thunder, waterspout] ttype=water
INFO     Sampling 4 unrevealed pokemon
INFO     	       magcargo    weakarmor heavydutyboots [earthpower, fireblast, powergem, shellsmash] ttype=dragon
INFO     	       oranguru   innerfocus    leftovers [focusblast, nastyplot, psychic, thunderbolt] ttype=electric
INFO     	        flamigo      scrappy  choicescarf [bravebird, closecombat, throatchop, uturn] ttype=fighting
INFO     	       bronzong     levitate    leftovers [earthquake, hypnosis, psychic, stealthrock] ttype=electric
INFO     Sampling battle 29
INFO     	  mimikyubusted     disguise      lifeorb [playrough, shadowclaw, shadowsneak, swordsdance] ttype=ghost
INFO     	         kyogre      drizzle  choicescarf [icebeam, originpulse, thunder, waterspout] ttype=water
INFO     Sampling 4 unrevealed pokemon
INFO     	        wugtrio        gooey   choiceband [aquajet, liquidation, stompingtantrum, throatchop] ttype=water
INFO     	        okidogi   toxicchain    leftovers [bulkup, drainpunch, gunkshot, knockoff] ttype=dark
INFO     	      abomasnow  snowwarning    lightclay [auroraveil, blizzard, earthquake, iceshard] ttype=water
INFO     	      ironhands   quarkdrive    leftovers [drainpunch, icepunch, swordsdance, thunderpunch] ttype=flying
INFO     Sampling battle 30
INFO     	  mimikyubusted     disguise      lifeorb [drainpunch, playrough, shadowsneak, swordsdance] ttype=fighting
INFO     	         kyogre      drizzle  choicescarf [icebeam, originpulse, thunder, waterspout] ttype=water
INFO     Sampling 4 unrevealed pokemon
INFO     	        mesprit     levitate  assaultvest [drainpunch, icebeam, psychicnoise, uturn] ttype=fighting
INFO     	      blastoise      torrent    whiteherb [earthquake, hydropump, icebeam, shellsmash] ttype=ground
INFO     	       hariyama         guts     flameorb [bulletpunch, closecombat, facade, knockoff] ttype=normal
INFO     	      terrakion    justified   choiceband [closecombat, earthquake, quickattack, stoneedge] ttype=fighting
INFO     Sampling battle 31
INFO     	  mimikyubusted     disguise      lifeorb [playrough, shadowclaw, shadowsneak, swordsdance] ttype=fairy
INFO     	         kyogre      drizzle  choicescarf [icebeam, originpulse, thunder, waterspout] ttype=water
INFO     Sampling 4 unrevealed pokemon
INFO     	         lapras  waterabsorb   loadeddice [dragondance, earthquake, iciclespear, waterfall] ttype=ground
INFO     	       blaziken   speedboost      lifeorb [closecombat, flareblitz, knockoff, swordsdance] ttype=dark
INFO     	       ursaluna         guts     flameorb [facade, headlongrush, swordsdance, throatchop] ttype=normal
INFO     	 ninetalesalola  snowwarning    lightclay [auroraveil, blizzard, encore, moonblast] ttype=water
INFO     Searching for a move using MCTS...
INFO     Sampling 32 battles at 250ms each
INFO     Iterations 7: 42000
INFO     Iterations 0: 44000
INFO     Iterations 1: 41000
INFO     Iterations 6: 44000
INFO     Iterations 3: 43000
INFO     Iterations 4: 42000
INFO     Iterations 2: 45000
INFO     Iterations 5: 44000
INFO     Iterations 8: 41000
INFO     Iterations 11: 39000
INFO     Iterations 9: 41000
INFO     Iterations 10: 34000
INFO     Iterations 12: 36000
INFO     Iterations 15: 38000
INFO     Iterations 13: 38000
INFO     Iterations 14: 37000
INFO     Iterations 16: 28000
INFO     Iterations 17: 34000
INFO     Iterations 19: 37000
INFO     Iterations 23: 32000
INFO     Iterations 18: 36000
INFO     Iterations 20: 32000
INFO     Iterations 21: 32000
INFO     Iterations 22: 33000
INFO     Iterations 24: 38000
INFO     Iterations 27: 39000
INFO     Iterations 31: 38000
INFO     Iterations 28: 36000
INFO     Iterations 29: 38000
INFO     Iterations 30: 41000
INFO     Iterations 25: 34000
INFO     Iterations 26: 35000
INFO     Policy 0: sludgebomb visited 43.22% avg_score=0.476 sample_chance_multiplier=0.031
INFO     Policy 1: sludgebomb visited 33.98% avg_score=0.475 sample_chance_multiplier=0.031
INFO     Policy 2: sludgebomb visited 46.81% avg_score=0.484 sample_chance_multiplier=0.031
INFO     Policy 3: sludgebomb visited 40.63% avg_score=0.465 sample_chance_multiplier=0.031
INFO     Policy 4: switch ironmoth visited 40.1% avg_score=0.487 sample_chance_multiplier=0.031
INFO     Policy 5: sludgebomb visited 42.61% avg_score=0.517 sample_chance_multiplier=0.031
INFO     Policy 6: sludgebomb visited 44.12% avg_score=0.473 sample_chance_multiplier=0.031
INFO     Policy 7: switch ironmoth visited 38.79% avg_score=0.49 sample_chance_multiplier=0.031
INFO     Policy 8: sludgebomb visited 47.3% avg_score=0.491 sample_chance_multiplier=0.031
INFO     Policy 9: sludgebomb visited 43.36% avg_score=0.488 sample_chance_multiplier=0.031
INFO     Policy 10: sludgebomb visited 38.33% avg_score=0.491 sample_chance_multiplier=0.031
INFO     Policy 11: sludgebomb visited 43.05% avg_score=0.483 sample_chance_multiplier=0.031
INFO     Policy 12: sludgebomb visited 44.38% avg_score=0.487 sample_chance_multiplier=0.031
INFO     Policy 13: switch ironmoth visited 41.45% avg_score=0.488 sample_chance_multiplier=0.031
INFO     Policy 14: switch ironmoth visited 38.0% avg_score=0.478 sample_chance_multiplier=0.031
INFO     Policy 15: sludgebomb visited 45.79% avg_score=0.527 sample_chance_multiplier=0.031
INFO     Policy 16: sludgebomb visited 42.12% avg_score=0.489 sample_chance_multiplier=0.031
INFO     Policy 17: switch ironmoth visited 38.49% avg_score=0.484 sample_chance_multiplier=0.031
INFO     Policy 18: sludgebomb visited 45.77% avg_score=0.487 sample_chance_multiplier=0.031
INFO     Policy 19: sludgebomb visited 43.17% avg_score=0.483 sample_chance_multiplier=0.031
INFO     Policy 20: sludgebomb visited 39.71% avg_score=0.499 sample_chance_multiplier=0.031
INFO     Policy 21: sludgebomb visited 41.31% avg_score=0.491 sample_chance_multiplier=0.031
INFO     Policy 22: sludgebomb visited 43.75% avg_score=0.517 sample_chance_multiplier=0.031
INFO     Policy 23: sludgebomb visited 40.76% avg_score=0.487 sample_chance_multiplier=0.031
INFO     Policy 24: sludgebomb visited 42.51% avg_score=0.474 sample_chance_multiplier=0.031
INFO     Policy 25: sludgebomb visited 44.16% avg_score=0.475 sample_chance_multiplier=0.031
INFO     Policy 26: sludgebomb visited 43.25% avg_score=0.497 sample_chance_multiplier=0.031
INFO     Policy 27: sludgebomb visited 40.77% avg_score=0.476 sample_chance_multiplier=0.031
INFO     Policy 28: sludgebomb visited 37.69% avg_score=0.456 sample_chance_multiplier=0.031
INFO     Policy 29: sludgebomb visited 43.57% avg_score=0.472 sample_chance_multiplier=0.031
INFO     Policy 30: sludgebomb visited 51.27% avg_score=0.442 sample_chance_multiplier=0.031
INFO     Policy 31: sludgebomb visited 31.18% avg_score=0.383 sample_chance_multiplier=0.031
INFO     Considered Choices:
INFO     	41.702%: sludgebomb
INFO     	32.733%: switch ironmoth
INFO     Choice: sludgebomb
INFO     Updated mimikyubusted's min speed to 117
INFO     mimikyubusted used a fairy move, removing fairygem from possible items
INFO     Setting mimikyubusted's last used move: playrough
INFO     mimikyubusted used a damaging move - not guessing lifeorb anymore
INFO     mimikyubusted did 33.01% damage to sunflora with playrough
INFO     Setting mimikyubusted's item to: lifeorb
INFO     Weather raindance is active
INFO     Weather turns remaining: 1
INFO     mimikyubusted has less than maxhp during upkeep, no longer guessing leftovers or blacksludge
INFO     Sampling battle 0
INFO     	  mimikyubusted     disguise      lifeorb [playrough, shadowclaw, shadowsneak, swordsdance] ttype=ghost
INFO     	         kyogre      drizzle  choicescarf [icebeam, originpulse, thunder, waterspout] ttype=water
INFO     Sampling 4 unrevealed pokemon
INFO     	      cinderace       libero   choiceband [gunkshot, highjumpkick, pyroball, uturn] ttype=fire
INFO     	      excadrill  moldbreaker    leftovers [earthquake, ironhead, rapidspin, swordsdance] ttype=ground
INFO     	     annihilape      defiant    leftovers [bulkup, drainpunch, ragefist, taunt] ttype=ghost
INFO     	       glimmora  toxicdebris    powerherb [earthpower, energyball, meteorbeam, sludgewave] ttype=grass
INFO     Sampling battle 1
INFO     	  mimikyubusted     disguise      lifeorb [playrough, shadowclaw, shadowsneak, swordsdance] ttype=fairy
INFO     	         kyogre      drizzle  choicescarf [icebeam, originpulse, thunder, waterspout] ttype=water
INFO     Sampling 4 unrevealed pokemon
INFO     	      hippowdon   sandstream    leftovers [curse, earthquake, slackoff, stoneedge] ttype=rock
INFO     	      terapagos    terashift  chestoberry [calmmind, darkpulse, rest, terastarstorm] ttype=stellar
INFO     	       meganium     overgrow    leftovers [earthquake, knockoff, petalblizzard, swordsdance] ttype=water
INFO     	        heatran    flashfire   airballoon [earthpower, heavyslam, magmastorm, stealthrock] ttype=flying
INFO     Sampling battle 2
INFO     	  mimikyubusted     disguise      lifeorb [playrough, shadowclaw, shadowsneak, swordsdance] ttype=fairy
INFO     	         kyogre      drizzle  choicescarf [icebeam, originpulse, thunder, waterspout] ttype=water
INFO     Sampling 4 unrevealed pokemon
INFO     	       samurott      torrent      lifeorb [aquajet, liquidation, sacredsword, swordsdance] ttype=water
INFO     	       blaziken   speedboost      lifeorb [closecombat, flareblitz, stoneedge, swordsdance] ttype=fighting
INFO     	        volbeat    prankster heavydutyboots [encore, roost, thunderwave, uturn] ttype=steel
INFO     	        blissey  naturalcure    leftovers [healbell, seismictoss, softboiled, thunderwave] ttype=dark
INFO     Sampling battle 3
INFO     	  mimikyubusted     disguise      lifeorb [drainpunch, playrough, shadowsneak, swordsdance] ttype=fairy
INFO     	         kyogre      drizzle  choicescarf [icebeam, originpulse, thunder, waterspout] ttype=water
INFO     Sampling 4 unrevealed pokemon
INFO     	    roaringmoon protosynthesis   choiceband [ironhead, knockoff, outrage, uturn] ttype=dragon
INFO     	      girafarig    sapsipper     eviolite [hypervoice, nastyplot, psyshock, thunderbolt] ttype=electric
INFO     	    kyuremwhite   turboblaze  choicespecs [dracometeor, earthpower, freezedry, fusionflare] ttype=dragon
INFO     	   zoroarkhisui     illusion      lifeorb [focusblast, hypervoice, poltergeist, willowisp] ttype=normal
INFO     Sampling battle 4
INFO     	  mimikyubusted     disguise      lifeorb [drainpunch, playrough, shadowsneak, swordsdance] ttype=fighting
INFO     	         kyogre      drizzle  choicescarf [icebeam, originpulse, thunder, waterspout] ttype=water
INFO     Sampling 4 unrevealed pokemon
INFO     	   avalugghisui       sturdy heavydutyboots [avalanche, bodypress, recover, stoneedge] ttype=flying
INFO     	        donphan       sturdy    leftovers [earthquake, icespinner, rapidspin, stealthrock] ttype=water
INFO     	    kyuremwhite   turboblaze  choicescarf [dracometeor, freezedry, fusionflare, icebeam] ttype=ice
INFO     	       pelipper      drizzle heavydutyboots [hurricane, hydropump, knockoff, roost] ttype=water
INFO     Sampling battle 5
INFO     	  mimikyubusted     disguise      lifeorb [playrough, shadowclaw, shadowsneak, swordsdance] ttype=fairy
INFO     	         kyogre      drizzle  choicescarf [icebeam, originpulse, thunder, waterspout] ttype=water
INFO     Sampling 4 unrevealed pokemon
INFO     	        gallade    sharpness      lifeorb [agility, nightslash, psychocut, sacredsword] ttype=dark
INFO     	     bombirdier     bigpecks heavydutyboots [bravebird, knockoff, roost, stealthrock] ttype=steel
INFO     	       oricorio       dancer heavydutyboots [hurricane, quiverdance, revelationdance, roost] ttype=ground
INFO     	      exeggutor      harvest  sitrusberry [calmmind, gigadrain, psyshock, substitute] ttype=steel
INFO     Sampling battle 6
INFO     	  mimikyubusted     disguise      lifeorb [playrough, shadowclaw, shadowsneak, swordsdance] ttype=ghost
INFO     	         kyogre      drizzle  choicescarf [icebeam, originpulse, thunder, waterspout] ttype=water
INFO     Sampling 4 unrevealed pokemon
INFO     	         emboar     reckless    leftovers [bulkup, drainpunch, flareblitz, trailblaze] ttype=fighting
INFO     	        bruxish    strongjaw      lifeorb [crunch, psychicfangs, swordsdance, wavecrash] ttype=dark
INFO     	      meowsticf  competitive      lifeorb [alluringvoice, darkpulse, nastyplot, psyshock] ttype=fairy
INFO     	        pikachu lightningrod    lightball [knockoff, playrough, surf, volttackle] ttype=water
INFO     Sampling battle 7
INFO     	  mimikyubusted     disguise      lifeorb [playrough, shadowclaw, shadowsneak, swordsdance] ttype=ghost
INFO     	         kyogre      drizzle  choicescarf [icebeam, originpulse, thunder, waterspout] ttype=water
INFO     Sampling 4 unrevealed pokemon
INFO     	      hippowdon   sandstream    leftovers [earthquake, slackoff, stoneedge, whirlwind] ttype=rock
INFO     	     mabosstiff     stakeout  choicescarf [crunch, playrough, psychicfangs, wildcharge] ttype=fairy
INFO     	        wochien tabletsofruin    leftovers [gigadrain, knockoff, leechseed, protect] ttype=poison
INFO     	       vigoroth  vitalspirit     eviolite [bodyslam, bulkup, earthquake, slackoff] ttype=ground
INFO     Sampling battle 8
INFO     	  mimikyubusted     disguise      lifeorb [drainpunch, playrough, shadowsneak, swordsdance] ttype=fighting
INFO     	         kyogre      drizzle  choicescarf [icebeam, originpulse, thunder, waterspout] ttype=water
INFO     Sampling 4 unrevealed pokemon
INFO     	      quaquaval        moxie      lifeorb [aquastep, closecombat, knockoff, swordsdance] ttype=fighting
INFO     	        blissey  naturalcure    leftovers [healbell, seismictoss, softboiled, thunderwave] ttype=fairy
INFO     	   hoopaunbound     magician   choiceband [gunkshot, hyperspacefury, trick, zenheadbutt] ttype=poison
INFO     	      eternatus     pressure  rockyhelmet [dynamaxcannon, flamethrower, recover, toxic] ttype=dragon
INFO     Sampling battle 9
INFO     	  mimikyubusted     disguise      lifeorb [drainpunch, playrough, shadowsneak, swordsdance] ttype=fighting
INFO     	         kyogre      drizzle  choicescarf [icebeam, originpulse, thunder, waterspout] ttype=water
INFO     Sampling 4 unrevealed pokemon
INFO     	         minior  shieldsdown    whiteherb [acrobatics, earthquake, powergem, shellsmash] ttype=ground
INFO     	       inteleon      torrent  choicespecs [hydropump, icebeam, scald, uturn] ttype=water
INFO     	       lurantis     contrary  assaultvest [knockoff, leafstorm, leechlife, superpower] ttype=water
INFO     	        delphox        blaze  choicespecs [fireblast, focusblast, grassknot, psyshock] ttype=fighting
INFO     Sampling battle 10
INFO     	  mimikyubusted     disguise      lifeorb [playrough, shadowclaw, shadowsneak, swordsdance] ttype=fairy
INFO     	         kyogre      drizzle  choicescarf [icebeam, originpulse, thunder, waterspout] ttype=water
INFO     Sampling 4 unrevealed pokemon
INFO     	       cyclizar  regenerator heavydutyboots [dracometeor, rapidspin, shedtail, taunt] ttype=dragon
INFO     	        altaria  naturalcure heavydutyboots [bravebird, dragondance, earthquake, roost] ttype=ground
INFO     	     skeledirge      unaware heavydutyboots [hex, slackoff, torchsong, willowisp] ttype=fairy
INFO     	       ironmoth   quarkdrive heavydutyboots [fireblast, morningsun, sludgewave, toxicspikes] ttype=fire
INFO     Sampling battle 11
INFO     	  mimikyubusted     disguise      lifeorb [drainpunch, playrough, shadowsneak, swordsdance] ttype=fighting
INFO     	         kyogre      drizzle  choicescarf [icebeam, originpulse, thunder, waterspout] ttype=water
INFO     Sampling 4 unrevealed pokemon
INFO     	      clawitzer megalauncher  choicespecs [aurasphere, darkpulse, dragonpulse, waterpulse] ttype=dragon
INFO     	    ironjugulis   quarkdrive    powerherb [darkpulse, earthpower, hurricane, meteorbeam] ttype=dark
INFO     	       tsareena queenlymajesty heavydutyboots [highjumpkick, powerwhip, rapidspin, synthesis] ttype=steel
INFO     	       greedent   cheekpouch  sitrusberry [bodyslam, earthquake, knockoff, swordsdance] ttype=ground
INFO     Sampling battle 12
INFO     	  mimikyubusted     disguise      lifeorb [drainpunch, playrough, shadowsneak, swordsdance] ttype=fairy
INFO     	         kyogre      drizzle  choicescarf [icebeam, originpulse, thunder, waterspout] ttype=water
INFO     Sampling 4 unrevealed pokemon
INFO     	       lycanroc     sandrush      lifeorb [closecombat, psychicfangs, stealthrock, stoneedge] ttype=fighting
INFO     	      infernape        blaze      lifeorb [closecombat, knockoff, overheat, stoneedge] ttype=dark
INFO     	        ogerpon      defiant      lifeorb [ivycudgel, knockoff, superpower, swordsdance] ttype=grass
INFO     	      hitmonlee     unburden    whiteherb [closecombat, knockoff, stoneedge, swordsdance] ttype=dark
INFO     Sampling battle 13
INFO     	  mimikyubusted     disguise      lifeorb [playrough, shadowclaw, shadowsneak, swordsdance] ttype=ghost
INFO     	         kyogre      drizzle  choicescarf [icebeam, originpulse, thunder, waterspout] ttype=water
INFO     Sampling 4 unrevealed pokemon
INFO     	      honchkrow        moxie heavydutyboots [bravebird, heatwave, suckerpunch, uturn] ttype=flying
INFO     	        calyrex      unnerve    leftovers [bodypress, encore, leechseed, psychic] ttype=steel
INFO     	   basculegionf adaptability  assaultvest [flipturn, hydropump, shadowball, wavecrash] ttype=water
INFO     	   dialgaorigin     pressure adamantcrystal [dracometeor, fireblast, heavyslam, thunderwave] ttype=flying
INFO     Sampling battle 14
INFO     	  mimikyubusted     disguise      lifeorb [playrough, shadowclaw, shadowsneak, swordsdance] ttype=ghost
INFO     	         kyogre      drizzle  choicescarf [icebeam, originpulse, thunder, waterspout] ttype=water
INFO     Sampling 4 unrevealed pokemon
INFO     	      poliwrath    swiftswim      lifeorb [closecombat, knockoff, liquidation, raindance] ttype=fighting
INFO     	      armarouge    weakarmor  choicespecs [armorcannon, aurasphere, energyball, psyshock] ttype=grass
INFO     	       braviary      defiant heavydutyboots [bravebird, bulkup, closecombat, roost] ttype=steel
INFO     	      arceusbug    multitype  insectplate [calmmind, earthpower, judgment, recover] ttype=ground
INFO     Sampling battle 15
INFO     	  mimikyubusted     disguise      lifeorb [playrough, shadowclaw, shadowsneak, swordsdance] ttype=ghost
INFO     	         kyogre      drizzle  choicescarf [icebeam, originpulse, thunder, waterspout] ttype=water
INFO     Sampling 4 unrevealed pokemon
INFO     	     eelektross     levitate  assaultvest [closecombat, discharge, flamethrower, uturn] ttype=poison
INFO     	        ariados     insomnia heavydutyboots [megahorn, poisonjab, stickyweb, suckerpunch] ttype=ghost
INFO     	      vileplume  effectspore    leftovers [gigadrain, sleeppowder, sludgebomb, strengthsap] ttype=steel
INFO     	      hitmontop   technician    leftovers [bulkup, closecombat, rapidspin, tripleaxel] ttype=ice
INFO     Searching for a move using MCTS...
INFO     Sampling 16 battles at 500ms each
INFO     Iterations 4: 118000
INFO     Iterations 1: 132000
INFO     Iterations 7: 131000
INFO     Iterations 2: 125000
INFO     Iterations 3: 136000
INFO     Iterations 5: 143000
INFO     Iterations 6: 135000
INFO     Iterations 0: 132000
INFO     Iterations 8: 134000
INFO     Iterations 10: 139000
INFO     Iterations 13: 126000
INFO     Iterations 9: 135000
INFO     Iterations 12: 137000
INFO     Iterations 11: 136000
INFO     Iterations 15: 131000
INFO     Iterations 14: 139000
INFO     Policy 0: switch sceptile visited 92.45% avg_score=0.632 sample_chance_multiplier=0.062
INFO     Policy 1: switch ironmoth visited 71.9% avg_score=0.521 sample_chance_multiplier=0.062
INFO     Policy 2: switch ironmoth visited 58.73% avg_score=0.573 sample_chance_multiplier=0.062
INFO     Policy 3: switch ironmoth visited 75.31% avg_score=0.542 sample_chance_multiplier=0.062
INFO     Policy 4: switch ironmoth visited 94.25% avg_score=0.621 sample_chance_multiplier=0.062
INFO     Policy 5: switch ironmoth visited 69.93% avg_score=0.53 sample_chance_multiplier=0.062
INFO     Policy 6: switch sceptile visited 67.27% avg_score=0.627 sample_chance_multiplier=0.062
INFO     Policy 7: switch ironmoth visited 73.45% avg_score=0.536 sample_chance_multiplier=0.062
INFO     Policy 8: switch ragingbolt visited 55.37% avg_score=0.523 sample_chance_multiplier=0.062
INFO     Policy 9: switch ironvaliant visited 44.79% avg_score=0.496 sample_chance_multiplier=0.062
INFO     Policy 10: switch ragingbolt visited 67.03% avg_score=0.531 sample_chance_multiplier=0.062
INFO     Policy 11: switch ragingbolt visited 46.92% avg_score=0.53 sample_chance_multiplier=0.062
INFO     Policy 12: switch ironmoth visited 90.12% avg_score=0.614 sample_chance_multiplier=0.062
INFO     Policy 13: switch ironmoth visited 70.4% avg_score=0.549 sample_chance_multiplier=0.062
INFO     Policy 14: switch ironmoth visited 43.49% avg_score=0.523 sample_chance_multiplier=0.062
INFO     Policy 15: switch ironmoth visited 93.76% avg_score=0.59 sample_chance_multiplier=0.062
INFO     Considered Choices:
INFO     	53.221%: switch ironmoth
INFO     Choice: switch ironmoth
INFO     ironmoth switched in, adding intimidate to impossible abilities
INFO     ironmoth switched in, adding pressure to impossible abilities
INFO     ironmoth switched in, adding neutralizinggas to impossible abilities
INFO     ironmoth switched in, adding sandstream to impossible abilities
INFO     ironmoth switched in, adding drought to impossible abilities
INFO     Not adding drizzle to ironmoth's impossible abilities because the weather would not have triggered
INFO     ironmoth switched in, adding snowwarning to impossible abilities
INFO     ironmoth switched in, adding boosterenergy to impossible items
INFO     ironmoth switched in, adding airballoon to impossible items
INFO     
INFO     Turn: 5
INFO     Sampling battle 0
INFO     	  mimikyubusted     disguise      lifeorb [playrough, shadowclaw, shadowsneak, swordsdance] ttype=fairy
INFO     	         kyogre      drizzle  choicescarf [icebeam, originpulse, thunder, waterspout] ttype=water
INFO     Sampling 4 unrevealed pokemon
INFO     	       mudsdale      stamina    leftovers [earthquake, heavyslam, stealthrock, stoneedge] ttype=steel
INFO     	     ironthorns   quarkdrive boosterenergy [dragondance, earthquake, stoneedge, wildcharge] ttype=rock
INFO     	   crabominable     ironfist   choiceband [closecombat, gunkshot, icehammer, knockoff] ttype=fighting
INFO     	        breloom   technician      lifeorb [bulletseed, machpunch, rocktomb, spore] ttype=rock
INFO     Sampling battle 1
INFO     	  mimikyubusted     disguise      lifeorb [drainpunch, playrough, shadowsneak, swordsdance] ttype=fighting
INFO     	         kyogre      drizzle  choicescarf [icebeam, originpulse, thunder, waterspout] ttype=water
INFO     Sampling 4 unrevealed pokemon
INFO     	        flamigo      scrappy      lifeorb [bravebird, closecombat, roost, swordsdance] ttype=fighting
INFO     	    meowscarada      protean   choiceband [flowertrick, knockoff, tripleaxel, uturn] ttype=grass
INFO     	     arceusdark    multitype   dreadplate [calmmind, dazzlinggleam, judgment, recover] ttype=fairy
INFO     	       cinccino   technician   loadeddice [bulletseed, tailslap, tidyup, tripleaxel] ttype=ice
INFO     Sampling battle 2
INFO     	  mimikyubusted     disguise      lifeorb [playrough, shadowclaw, shadowsneak, swordsdance] ttype=ghost
INFO     	         kyogre      drizzle  choicescarf [icebeam, originpulse, thunder, waterspout] ttype=water
INFO     Sampling 4 unrevealed pokemon
INFO     	      ironcrown   quarkdrive  choicespecs [focusblast, psyshock, tachyoncutter, voltswitch] ttype=fighting
INFO     	        dondozo      unaware    leftovers [curse, rest, sleeptalk, wavecrash] ttype=dragon
INFO     	        weezing     levitate    leftovers [fireblast, painsplit, sludgebomb, willowisp] ttype=steel
INFO     	     baxcalibur thermalexchange   loadeddice [earthquake, iciclespear, scaleshot, swordsdance] ttype=ground
INFO     Sampling battle 3
INFO     	  mimikyubusted     disguise      lifeorb [playrough, shadowclaw, shadowsneak, swordsdance] ttype=ghost
INFO     	         kyogre      drizzle  choicescarf [icebeam, originpulse, thunder, waterspout] ttype=water
INFO     Sampling 4 unrevealed pokemon
INFO     	        luvdisc    swiftswim heavydutyboots [endeavor, substitute, surf, whirlpool] ttype=ground
INFO     	      girafarig    sapsipper     eviolite [hypervoice, nastyplot, psyshock, thunderbolt] ttype=electric
INFO     	       giratina     pressure    leftovers [calmmind, dragonpulse, rest, sleeptalk] ttype=fairy
INFO     	   crabominable     ironfist   choiceband [closecombat, gunkshot, icehammer, knockoff] ttype=fighting
INFO     Sampling battle 4
INFO     	  mimikyubusted     disguise      lifeorb [playrough, shadowclaw, shadowsneak, swordsdance] ttype=fairy
INFO     	         kyogre      drizzle  choicescarf [icebeam, originpulse, thunder, waterspout] ttype=water
INFO     Sampling 4 unrevealed pokemon
INFO     	        dedenne   cheekpouch  sitrusberry [dazzlinggleam, superfang, thunderbolt, uturn] ttype=flying
INFO     	lycanrocmidnight      noguard      lifeorb [closecombat, knockoff, stoneedge, swordsdance] ttype=fighting
INFO     	        banette   cursedbody      lifeorb [gunkshot, poltergeist, shadowsneak, thunderwave] ttype=poison
INFO     	        kleavor    sharpness   choiceband [closecombat, stoneaxe, uturn, xscissor] ttype=fighting
INFO     Sampling battle 5
INFO     	  mimikyubusted     disguise      lifeorb [drainpunch, playrough, shadowsneak, swordsdance] ttype=fighting
INFO     	         kyogre      drizzle  choicescarf [icebeam, originpulse, thunder, waterspout] ttype=water
INFO     Sampling 4 unrevealed pokemon
INFO     	      salamence        moxie heavydutyboots [dragondance, dualwingbeat, earthquake, outrage] ttype=dragon
INFO     	         zacian intrepidsword      lifeorb [closecombat, crunch, playrough, swordsdance] ttype=fighting
INFO     	    gougingfire protosynthesis heavydutyboots [dragondance, heatcrash, morningsun, outrage] ttype=fairy
INFO     	  slowkinggalar  regenerator    leftovers [psyshock, slackoff, sludgebomb, thunderwave] ttype=fairy
INFO     Sampling battle 6
INFO     	  mimikyubusted     disguise      lifeorb [playrough, shadowclaw, shadowsneak, swordsdance] ttype=fairy
INFO     	         kyogre      drizzle  choicescarf [icebeam, originpulse, thunder, waterspout] ttype=water
INFO     Sampling 4 unrevealed pokemon
INFO     	      gholdengo   goodasgold  choicescarf [focusblast, makeitrain, shadowball, trick] ttype=steel
INFO     	       houndoom    flashfire heavydutyboots [darkpulse, fireblast, sludgebomb, suckerpunch] ttype=dark
INFO     	        slaking       truant   choiceband [doubleedge, earthquake, gigaimpact, knockoff] ttype=ground
INFO     	      infernape        blaze      lifeorb [closecombat, gunkshot, overheat, stoneedge] ttype=fire
INFO     Sampling battle 7
INFO     	  mimikyubusted     disguise      lifeorb [drainpunch, playrough, shadowsneak, swordsdance] ttype=fairy
INFO     	         kyogre      drizzle  choicescarf [icebeam, originpulse, thunder, waterspout] ttype=water
INFO     Sampling 4 unrevealed pokemon
INFO     	     krookodile   intimidate    leftovers [bulkup, earthquake, gunkshot, knockoff] ttype=poison
INFO     	     rotomfrost     levitate heavydutyboots [blizzard, nastyplot, thunderbolt, willowisp] ttype=electric
INFO     	       ludicolo    swiftswim  choicespecs [gigadrain, hydropump, icebeam, leafstorm] ttype=grass
INFO     	taurospaldeablaze   intimidate   choiceband [closecombat, flareblitz, stoneedge, wildcharge] ttype=fighting
INFO     Sampling battle 8
INFO     	  mimikyubusted     disguise      lifeorb [playrough, shadowclaw, shadowsneak, swordsdance] ttype=fairy
INFO     	         kyogre      drizzle  choicescarf [icebeam, originpulse, thunder, waterspout] ttype=water
INFO     Sampling 4 unrevealed pokemon
INFO     	         raikou     pressure    leftovers [calmmind, scald, substitute, thunderbolt] ttype=grass
INFO     	       venomoth   tintedlens heavydutyboots [bugbuzz, quiverdance, sleeppowder, sludgewave] ttype=water
INFO     	        moltres    flamebody heavydutyboots [bravebird, fireblast, roost, scorchingsands] ttype=ground
INFO     	      mismagius     levitate      lifeorb [mysticalfire, nastyplot, shadowball, thunderbolt] ttype=electric
INFO     Sampling battle 9
INFO     	  mimikyubusted     disguise      lifeorb [playrough, shadowclaw, shadowsneak, swordsdance] ttype=ghost
INFO     	         kyogre      drizzle  choicescarf [icebeam, originpulse, thunder, waterspout] ttype=water
INFO     Sampling 4 unrevealed pokemon
INFO     	      palossand watercompaction    leftovers [earthpower, shadowball, shoreup, sludgebomb] ttype=water
INFO     	       regirock    clearbody    leftovers [bodypress, stealthrock, stoneedge, thunderwave] ttype=fighting
INFO     	     masquerain   intimidate heavydutyboots [hurricane, hydropump, stickyweb, stunspore] ttype=steel
INFO     	    kilowattrel   voltabsorb heavydutyboots [discharge, hurricane, roost, uturn] ttype=steel
INFO     Sampling battle 10
INFO     	  mimikyubusted     disguise      lifeorb [playrough, shadowclaw, shadowsneak, swordsdance] ttype=ghost
INFO     	         kyogre      drizzle  choicescarf [icebeam, originpulse, thunder, waterspout] ttype=water
INFO     Sampling 4 unrevealed pokemon
INFO     	        lucario    justified   choiceband [closecombat, extremespeed, meteormash, stoneedge] ttype=normal
INFO     	      arceusbug    multitype  insectplate [calmmind, fireblast, judgment, recover] ttype=fire
INFO     	       lumineon   stormdrain      lifeorb [alluringvoice, encore, hydropump, icebeam] ttype=water
INFO     	      sandslash     sandrush    leftovers [earthquake, knockoff, spikes, stoneedge] ttype=water
INFO     Sampling battle 11
INFO     	  mimikyubusted     disguise      lifeorb [playrough, shadowclaw, shadowsneak, swordsdance] ttype=fairy
INFO     	         kyogre      drizzle  choicescarf [icebeam, originpulse, thunder, waterspout] ttype=water
INFO     Sampling 4 unrevealed pokemon
INFO     	      staraptor     reckless   choiceband [bravebird, closecombat, doubleedge, uturn] ttype=flying
INFO     	       meganium     overgrow    leftovers [earthquake, knockoff, petalblizzard, swordsdance] ttype=steel
INFO     	        calyrex      unnerve    leftovers [bodypress, encore, gigadrain, psyshock] ttype=fighting
INFO     	      duraludon   lightmetal     eviolite [bodypress, dracometeor, flashcannon, stealthrock] ttype=fighting
INFO     Sampling battle 12
INFO     	  mimikyubusted     disguise      lifeorb [drainpunch, playrough, shadowsneak, swordsdance] ttype=fairy
INFO     	         kyogre      drizzle  choicescarf [icebeam, originpulse, thunder, waterspout] ttype=water
INFO     Sampling 4 unrevealed pokemon
INFO     	          rotom     levitate  choicescarf [shadowball, thunderbolt, trick, voltswitch] ttype=ghost
INFO     	        leafeon  chlorophyll    leftovers [doubleedge, leafblade, substitute, swordsdance] ttype=normal
INFO     	      hitmonlee     reckless   choiceband [highjumpkick, knockoff, machpunch, stoneedge] ttype=fighting
INFO     	         swanna    hydration heavydutyboots [bravebird, defog, hydropump, roost] ttype=ground
INFO     Sampling battle 13
INFO     	  mimikyubusted     disguise      lifeorb [playrough, shadowclaw, shadowsneak, swordsdance] ttype=ghost
INFO     	         kyogre      drizzle  choicescarf [icebeam, originpulse, thunder, waterspout] ttype=water
INFO     Sampling 4 unrevealed pokemon
INFO     	        yanmega   tintedlens  choicespecs [airslash, bugbuzz, gigadrain, uturn] ttype=bug
INFO     	         luxray   intimidate  assaultvest [icefang, playrough, voltswitch, wildcharge] ttype=electric
INFO     	         rhydon lightningrod     eviolite [earthquake, megahorn, stoneedge, swordsdance] ttype=dragon
INFO     	         raichu lightningrod      lifeorb [nastyplot, surf, terablast, thunderbolt] ttype=ice
INFO     Sampling battle 14
INFO     	  mimikyubusted     disguise      lifeorb [drainpunch, playrough, shadowsneak, swordsdance] ttype=fighting
INFO     	         kyogre      drizzle  choicescarf [icebeam, originpulse, thunder, waterspout] ttype=water
INFO     Sampling 4 unrevealed pokemon
INFO     	      garganacl purifyingsalt    leftovers [earthquake, protect, recover, saltcure] ttype=dragon
INFO     	  arcaninehisui     rockhead   choiceband [extremespeed, flareblitz, headsmash, wildcharge] ttype=normal
INFO     	        banette   cursedbody      lifeorb [gunkshot, poltergeist, shadowsneak, thunderwave] ttype=ghost
INFO     	        gliscor   poisonheal     toxicorb [earthquake, knockoff, protect, toxicspikes] ttype=water
INFO     Sampling battle 15
INFO     	  mimikyubusted     disguise      lifeorb [drainpunch, playrough, shadowsneak, swordsdance] ttype=fairy
INFO     	         kyogre      drizzle  choicescarf [icebeam, originpulse, thunder, waterspout] ttype=water
INFO     Sampling 4 unrevealed pokemon
INFO     	       tsareena queenlymajesty heavydutyboots [highjumpkick, powerwhip, synthesis, uturn] ttype=steel
INFO     	        scrafty   intimidate    leftovers [dragondance, drainpunch, knockoff, poisonjab] ttype=poison
INFO     	       rotommow     levitate    leftovers [leafstorm, nastyplot, thunderbolt, willowisp] ttype=electric
INFO     	         raikou     pressure    leftovers [calmmind, scald, substitute, thunderbolt] ttype=water
INFO     Searching for a move using MCTS...
INFO     Sampling 16 battles at 500ms each
INFO     Iterations 3: 89000
INFO     Iterations 6: 88000
INFO     Iterations 0: 91000
INFO     Iterations 7: 88000
INFO     Iterations 2: 87000
INFO     Iterations 1: 94000
INFO     Iterations 4: 91000
INFO     Iterations 5: 91000
INFO     Iterations 8: 70000
INFO     Iterations 10: 67000
INFO     Iterations 9: 72000
INFO     Iterations 14: 75000
INFO     Iterations 13: 67000
INFO     Iterations 11: 70000
INFO     Iterations 12: 78000
INFO     Iterations 15: 76000
INFO     Policy 0: energyball visited 68.31% avg_score=0.55 sample_chance_multiplier=0.062
INFO     Policy 1: sludgewave visited 55.27% avg_score=0.646 sample_chance_multiplier=0.062
INFO     Policy 2: sludgewave visited 37.92% avg_score=0.536 sample_chance_multiplier=0.062
INFO     Policy 3: sludgewave visited 66.1% avg_score=0.559 sample_chance_multiplier=0.062
INFO     Policy 4: fierydance visited 29.51% avg_score=0.556 sample_chance_multiplier=0.062
INFO     Policy 5: toxicspikes visited 33.23% avg_score=0.465 sample_chance_multiplier=0.062
INFO     Policy 6: sludgewave visited 42.76% avg_score=0.422 sample_chance_multiplier=0.062
INFO     Policy 7: energyball visited 43.72% avg_score=0.594 sample_chance_multiplier=0.062
INFO     Policy 8: sludgewave visited 58.69% avg_score=0.6 sample_chance_multiplier=0.062
INFO     Policy 9: energyball visited 52.46% avg_score=0.559 sample_chance_multiplier=0.062
INFO     Policy 10: energyball visited 33.76% avg_score=0.629 sample_chance_multiplier=0.062
INFO     Policy 11: sludgewave visited 48.34% avg_score=0.628 sample_chance_multiplier=0.062
INFO     Policy 12: sludgewave visited 55.29% avg_score=0.602 sample_chance_multiplier=0.062
INFO     Policy 13: sludgewave visited 35.05% avg_score=0.595 sample_chance_multiplier=0.062
INFO     Policy 14: toxicspikes visited 26.52% avg_score=0.513 sample_chance_multiplier=0.062
INFO     Policy 15: sludgewave visited 71.25% avg_score=0.585 sample_chance_multiplier=0.062
INFO     Considered Choices:
INFO     	36.31%: sludgewave
INFO     Choice: sludgewave
INFO     Opponent has switched - clearing the last used move
INFO     arcaninehisui switched in, adding intimidate to impossible abilities
INFO     arcaninehisui switched in, adding pressure to impossible abilities
INFO     arcaninehisui switched in, adding neutralizinggas to impossible abilities
INFO     arcaninehisui switched in, adding sandstream to impossible abilities
INFO     arcaninehisui switched in, adding drought to impossible abilities
INFO     Not adding drizzle to arcaninehisui's impossible abilities because the weather would not have triggered
INFO     arcaninehisui switched in, adding snowwarning to impossible abilities
INFO     arcaninehisui switched in, adding boosterenergy to impossible items
INFO     arcaninehisui switched in, adding airballoon to impossible items
INFO     ironmoth already has the move sludgewave. Decrementing the PP by 1
INFO     ironmoth used a poison move, removing poisongem from possible items
INFO     Setting ironmoth's last used move: sludgewave
INFO     ironmoth used a damaging move - not guessing lifeorb anymore
INFO     ironmoth did 23.0% damage to arcaninehisui with sludgewave
INFO     arcaninehisui got status: psn
INFO     No longer guessing lumberry because arcaninehisui got status psn
INFO     Weather none is active
INFO     Resetting weather source to None
INFO     Weather turns remaining: 5
INFO     arcaninehisui has less than maxhp during upkeep, no longer guessing leftovers or blacksludge
INFO     
INFO     Turn: 6
INFO     Sampling battle 0
INFO     	  arcaninehisui     rockhead   choiceband [extremespeed, flareblitz, headsmash, wildcharge] ttype=rock
INFO     	         kyogre      drizzle  choicescarf [icebeam, originpulse, thunder, waterspout] ttype=water
INFO     	  mimikyubusted     disguise      lifeorb [playrough, shadowclaw, shadowsneak, swordsdance] ttype=fairy
INFO     Sampling 3 unrevealed pokemon
INFO     	landorustherian   intimidate    leftovers [earthquake, stealthrock, taunt, uturn] ttype=water
INFO     	        delphox        blaze  choicespecs [fireblast, focusblast, grassknot, psyshock] ttype=grass
INFO     	         zarude    leafguard      lifeorb [closecombat, knockoff, powerwhip, swordsdance] ttype=fighting
INFO     Sampling battle 1
INFO     	  arcaninehisui     rockhead heavydutyboots [extremespeed, flareblitz, headsmash, morningsun] ttype=fire
INFO     	         kyogre      drizzle  choicescarf [icebeam, originpulse, thunder, waterspout] ttype=water
INFO     	  mimikyubusted     disguise      lifeorb [drainpunch, playrough, shadowsneak, swordsdance] ttype=fighting
INFO     Sampling 3 unrevealed pokemon
INFO     	        yanmega   tintedlens  choicespecs [airslash, bugbuzz, gigadrain, uturn] ttype=bug
INFO     	      toxicroak      dryskin  choicescarf [closecombat, earthquake, gunkshot, knockoff] ttype=dark
INFO     	         kyurem     pressure  choicespecs [dracometeor, earthpower, freezedry, icebeam] ttype=ground
INFO     Sampling battle 2
INFO     	  arcaninehisui     rockhead   choiceband [extremespeed, flareblitz, headsmash, wildcharge] ttype=rock
INFO     	         kyogre      drizzle  choicescarf [icebeam, originpulse, thunder, waterspout] ttype=water
INFO     	  mimikyubusted     disguise      lifeorb [drainpunch, playrough, shadowsneak, swordsdance] ttype=fighting
INFO     Sampling 3 unrevealed pokemon
INFO     	       oricorio       dancer heavydutyboots [hurricane, quiverdance, revelationdance, roost] ttype=ground
INFO     	      gardevoir        trace  choicescarf [focusblast, moonblast, psyshock, trick] ttype=fighting
INFO     	    brutebonnet protosynthesis    leftovers [crunch, seedbomb, spore, suckerpunch] ttype=poison
INFO     Sampling battle 3
INFO     	  arcaninehisui     rockhead   choiceband [extremespeed, flareblitz, headsmash, wildcharge] ttype=normal
INFO     	         kyogre      drizzle  choicescarf [icebeam, originpulse, thunder, waterspout] ttype=water
INFO     	  mimikyubusted     disguise      lifeorb [playrough, shadowclaw, shadowsneak, swordsdance] ttype=fairy
INFO     Sampling 3 unrevealed pokemon
INFO     	       froslass   cursedbody     widelens [destinybond, poltergeist, spikes, tripleaxel] ttype=ghost
INFO     	      rampardos   sheerforce  choicescarf [earthquake, firepunch, headsmash, rockslide] ttype=fire
INFO     	       appletun     thickfat    leftovers [appleacid, dracometeor, dragontail, recover] ttype=steel
INFO     Sampling battle 4
INFO     	  arcaninehisui     rockhead heavydutyboots [extremespeed, flareblitz, headsmash, morningsun] ttype=normal
INFO     	         kyogre      drizzle  choicescarf [icebeam, originpulse, thunder, waterspout] ttype=water
INFO     	  mimikyubusted     disguise      lifeorb [playrough, shadowclaw, shadowsneak, swordsdance] ttype=ghost
INFO     Sampling 3 unrevealed pokemon
INFO     	       dachsbun wellbakedbody    leftovers [bodypress, playrough, protect, wish] ttype=steel
INFO     	          hypno     insomnia    leftovers [encore, knockoff, psychicnoise, thunderwave] ttype=steel
INFO     	       cloyster    skilllink    whiteherb [drillrun, iciclespear, rockblast, shellsmash] ttype=ground
INFO     Sampling battle 5
INFO     	  arcaninehisui     rockhead heavydutyboots [extremespeed, flareblitz, headsmash, morningsun] ttype=grass
INFO     	         kyogre      drizzle  choicescarf [icebeam, originpulse, thunder, waterspout] ttype=water
INFO     	  mimikyubusted     disguise      lifeorb [playrough, shadowclaw, shadowsneak, swordsdance] ttype=ghost
INFO     Sampling 3 unrevealed pokemon
INFO     	         scizor   technician      lifeorb [bugbite, bulletpunch, knockoff, swordsdance] ttype=steel
INFO     	        mesprit     levitate      lifeorb [dazzlinggleam, nastyplot, psychic, thunderbolt] ttype=fairy
INFO     	       floatzel    waterveil    leftovers [bulkup, icespinner, taunt, wavecrash] ttype=steel
INFO     Sampling battle 6
INFO     	  arcaninehisui     rockhead   choiceband [extremespeed, flareblitz, headsmash, wildcharge] ttype=fire
INFO     	         kyogre      drizzle  choicescarf [icebeam, originpulse, thunder, waterspout] ttype=water
INFO     	  mimikyubusted     disguise      lifeorb [drainpunch, playrough, shadowsneak, swordsdance] ttype=fighting
INFO     Sampling 3 unrevealed pokemon
INFO     	       chienpao  swordofruin   choiceband [iceshard, iciclecrash, sacredsword, throatchop] ttype=dark
INFO     	       gyarados   intimidate heavydutyboots [dragondance, earthquake, stoneedge, waterfall] ttype=ground
INFO     	       hariyama     thickfat  assaultvest [closecombat, headlongrush, heavyslam, knockoff] ttype=steel
INFO     Sampling battle 7
INFO     	  arcaninehisui     rockhead   choiceband [extremespeed, flareblitz, headsmash, wildcharge] ttype=normal
INFO     	         kyogre      drizzle  choicescarf [icebeam, originpulse, thunder, waterspout] ttype=water
INFO     	  mimikyubusted     disguise      lifeorb [drainpunch, playrough, shadowsneak, swordsdance] ttype=fighting
INFO     Sampling 3 unrevealed pokemon
INFO     	         furret        frisk   choiceband [doubleedge, knockoff, trick, uturn] ttype=ghost
INFO     	     chandelure    flashfire  choicescarf [energyball, fireblast, shadowball, trick] ttype=grass
INFO     	ursalunabloodmoon     mindseye    leftovers [bloodmoon, calmmind, earthpower, moonlight] ttype=poison
INFO     Sampling battle 8
INFO     	  arcaninehisui     rockhead   choiceband [extremespeed, flareblitz, headsmash, wildcharge] ttype=normal
INFO     	         kyogre      drizzle  choicescarf [icebeam, originpulse, thunder, waterspout] ttype=water
INFO     	  mimikyubusted     disguise      lifeorb [drainpunch, playrough, shadowsneak, swordsdance] ttype=fighting
INFO     Sampling 3 unrevealed pokemon
INFO     	 lilliganthisui       hustle      lifeorb [closecombat, icespinner, leafblade, victorydance] ttype=fighting
INFO     	       oranguru   innerfocus    leftovers [focusblast, nastyplot, psychic, thunderbolt] ttype=psychic
INFO     	        wugtrio        gooey   choiceband [aquajet, liquidation, stompingtantrum, throatchop] ttype=ground
INFO     Sampling battle 9
INFO     	  arcaninehisui     rockhead   choiceband [closecombat, extremespeed, flareblitz, headsmash] ttype=rock
INFO     	         kyogre      drizzle  choicescarf [icebeam, originpulse, thunder, waterspout] ttype=water
INFO     	  mimikyubusted     disguise      lifeorb [drainpunch, playrough, shadowsneak, swordsdance] ttype=fighting
INFO     Sampling 3 unrevealed pokemon
INFO     	         furret        frisk   choiceband [doubleedge, knockoff, trick, uturn] ttype=ghost
INFO     	    slitherwing protosynthesis   choiceband [closecombat, flareblitz, uturn, wildcharge] ttype=fire
INFO     	        donphan       sturdy  assaultvest [earthquake, iceshard, knockoff, rapidspin] ttype=water
INFO     Sampling battle 10
INFO     	  arcaninehisui     rockhead   choiceband [closecombat, extremespeed, flareblitz, headsmash] ttype=fire
INFO     	         kyogre      drizzle  choicescarf [icebeam, originpulse, thunder, waterspout] ttype=water
INFO     	  mimikyubusted     disguise      lifeorb [playrough, shadowclaw, shadowsneak, swordsdance] ttype=ghost
INFO     Sampling 3 unrevealed pokemon
INFO     	        sableye    prankster    leftovers [encore, knockoff, recover, thunderwave] ttype=poison
INFO     	   deoxysattack     pressure      lifeorb [icebeam, knockoff, psychoboost, superpower] ttype=fighting
INFO     	     rotomfrost     levitate heavydutyboots [blizzard, nastyplot, thunderbolt, willowisp] ttype=electric
INFO     Sampling battle 11
INFO     	  arcaninehisui     rockhead   choiceband [closecombat, extremespeed, flareblitz, headsmash] ttype=rock
INFO     	         kyogre      drizzle  choicescarf [icebeam, originpulse, thunder, waterspout] ttype=water
INFO     	  mimikyubusted     disguise      lifeorb [playrough, shadowclaw, shadowsneak, swordsdance] ttype=fairy
INFO     Sampling 3 unrevealed pokemon
INFO     	       houndoom    flashfire heavydutyboots [darkpulse, fireblast, nastyplot, sludgebomb] ttype=poison
INFO     	      hydrapple  regenerator    leftovers [ficklebeam, gigadrain, nastyplot, recover] ttype=steel
INFO     	      lilligant     owntempo      lifeorb [alluringvoice, petaldance, quiverdance, sleeppowder] ttype=grass
INFO     Sampling battle 12
INFO     	  arcaninehisui     rockhead   choiceband [closecombat, flareblitz, headsmash, wildcharge] ttype=fire
INFO     	         kyogre      drizzle  choicescarf [icebeam, originpulse, thunder, waterspout] ttype=water
INFO     	  mimikyubusted     disguise      lifeorb [drainpunch, playrough, shadowsneak, swordsdance] ttype=fairy
INFO     Sampling 3 unrevealed pokemon
INFO     	   lycanrocdusk   toughclaws      lifeorb [closecombat, psychicfangs, stoneedge, swordsdance] ttype=fighting
INFO     	      clawitzer megalauncher  choicespecs [darkpulse, dragonpulse, icebeam, waterpulse] ttype=dark
INFO     	        shaymin  naturalcure    leftovers [airslash, leechseed, seedflare, substitute] ttype=steel
INFO     Sampling battle 13
INFO     	  arcaninehisui     rockhead heavydutyboots [extremespeed, flareblitz, headsmash, morningsun] ttype=normal
INFO     	         kyogre      drizzle  choicescarf [icebeam, originpulse, thunder, waterspout] ttype=water
INFO     	  mimikyubusted     disguise      lifeorb [drainpunch, playrough, shadowsneak, swordsdance] ttype=fighting
INFO     Sampling 3 unrevealed pokemon
INFO     	      salamence        moxie heavydutyboots [dragondance, dualwingbeat, earthquake, outrage] ttype=dragon
INFO     	       sceptile     overgrow      lifeorb [earthquake, leafstorm, rockslide, shedtail] ttype=grass
INFO     	        gallade    sharpness   choiceband [leafblade, nightslash, psychocut, sacredsword] ttype=dark
INFO     Sampling battle 14
INFO     	  arcaninehisui     rockhead   choiceband [extremespeed, flareblitz, headsmash, wildcharge] ttype=rock
INFO     	         kyogre      drizzle  choicescarf [icebeam, originpulse, thunder, waterspout] ttype=water
INFO     	  mimikyubusted     disguise      lifeorb [drainpunch, playrough, shadowsneak, swordsdance] ttype=fighting
INFO     Sampling 3 unrevealed pokemon
INFO     	      volcanion  waterabsorb heavydutyboots [earthpower, flamethrower, haze, steameruption] ttype=fire
INFO     	enamorustherian     overcoat  assaultvest [earthpower, moonblast, psychic, superpower] ttype=ground
INFO     	       indeedee psychicsurge      lifeorb [calmmind, dazzlinggleam, expandingforce, hypervoice] ttype=psychic
INFO     Sampling battle 15
INFO     	  arcaninehisui     rockhead   choiceband [closecombat, extremespeed, flareblitz, headsmash] ttype=normal
INFO     	         kyogre      drizzle  choicescarf [icebeam, originpulse, thunder, waterspout] ttype=water
INFO     	  mimikyubusted     disguise      lifeorb [drainpunch, playrough, shadowsneak, swordsdance] ttype=fairy
INFO     Sampling 3 unrevealed pokemon
INFO     	       orthworm   eartheater    leftovers [bodypress, heavyslam, shedtail, stealthrock] ttype=electric
INFO     	      dragapult    clearbody      lifeorb [dragondance, dragondarts, fireblast, terablast] ttype=ghost
INFO     	     calyrexice asoneglastrier heavydutyboots [closecombat, glaciallance, highhorsepower, trickroom] ttype=fighting
INFO     Sampling battle 16
INFO     	  arcaninehisui     rockhead heavydutyboots [extremespeed, flareblitz, headsmash, morningsun] ttype=fire
INFO     	         kyogre      drizzle  choicescarf [icebeam, originpulse, thunder, waterspout] ttype=water
INFO     	  mimikyubusted     disguise      lifeorb [playrough, shadowclaw, shadowsneak, swordsdance] ttype=ghost
INFO     Sampling 3 unrevealed pokemon
INFO     	        kleavor    sharpness heavydutyboots [defog, stoneaxe, uturn, xscissor] ttype=rock
INFO     	       braviary      defiant heavydutyboots [bravebird, bulkup, closecombat, roost] ttype=fighting
INFO     	      farigiraf    sapsipper    leftovers [bodyslam, protect, psychicnoise, wish] ttype=fairy
INFO     Sampling battle 17
INFO     	  arcaninehisui     rockhead heavydutyboots [extremespeed, flareblitz, headsmash, morningsun] ttype=grass
INFO     	         kyogre      drizzle  choicescarf [icebeam, originpulse, thunder, waterspout] ttype=water
INFO     	  mimikyubusted     disguise      lifeorb [playrough, shadowclaw, shadowsneak, swordsdance] ttype=fairy
INFO     Sampling 3 unrevealed pokemon
INFO     	ogerponhearthflame  moldbreaker hearthflamemask [hornleech, ivycudgel, stompingtantrum, swordsdance] ttype=fire
INFO     	         flygon     levitate  choicescarf [earthquake, outrage, stoneedge, uturn] ttype=ground
INFO     	       grafaiai    prankster heavydutyboots [encore, gunkshot, knockoff, partingshot] ttype=dark
INFO     Sampling battle 18
INFO     	  arcaninehisui     rockhead heavydutyboots [extremespeed, flareblitz, headsmash, morningsun] ttype=rock
INFO     	         kyogre      drizzle  choicescarf [icebeam, originpulse, thunder, waterspout] ttype=water
INFO     	  mimikyubusted     disguise      lifeorb [playrough, shadowclaw, shadowsneak, swordsdance] ttype=fairy
INFO     Sampling 3 unrevealed pokemon
INFO     	     baxcalibur thermalexchange   loadeddice [earthquake, iciclespear, scaleshot, swordsdance] ttype=dragon
INFO     	landorustherian   intimidate    leftovers [earthquake, stealthrock, taunt, uturn] ttype=water
INFO     	       houndoom    flashfire heavydutyboots [darkpulse, fireblast, sludgebomb, suckerpunch] ttype=poison
INFO     Sampling battle 19
INFO     	  arcaninehisui     rockhead heavydutyboots [extremespeed, flareblitz, headsmash, morningsun] ttype=fire
INFO     	         kyogre      drizzle  choicescarf [icebeam, originpulse, thunder, waterspout] ttype=water
INFO     	  mimikyubusted     disguise      lifeorb [drainpunch, playrough, shadowsneak, swordsdance] ttype=fairy
INFO     Sampling 3 unrevealed pokemon
INFO     	      hitmontop   technician    leftovers [bulkup, closecombat, rapidspin, tripleaxel] ttype=ice
INFO     	      sandslash     sandrush    leftovers [earthquake, knockoff, rapidspin, swordsdance] ttype=steel
INFO     	      ironcrown   quarkdrive    leftovers [calmmind, focusblast, psyshock, tachyoncutter] ttype=steel
INFO     Sampling battle 20
INFO     	  arcaninehisui     rockhead heavydutyboots [extremespeed, flareblitz, headsmash, morningsun] ttype=fire
INFO     	         kyogre      drizzle  choicescarf [icebeam, originpulse, thunder, waterspout] ttype=water
INFO     	  mimikyubusted     disguise      lifeorb [playrough, shadowclaw, shadowsneak, swordsdance] ttype=fairy
INFO     Sampling 3 unrevealed pokemon
INFO     	     conkeldurr         guts     flameorb [closecombat, facade, knockoff, machpunch] ttype=normal
INFO     	      exeggutor      harvest  sitrusberry [leechseed, protect, psychicnoise, substitute] ttype=steel
INFO     	     arceusdark    multitype   dreadplate [calmmind, judgment, recover, sludgebomb] ttype=poison
INFO     Sampling battle 21
INFO     	  arcaninehisui     rockhead   choiceband [closecombat, flareblitz, headsmash, wildcharge] ttype=rock
INFO     	         kyogre      drizzle  choicescarf [icebeam, originpulse, thunder, waterspout] ttype=water
INFO     	  mimikyubusted     disguise      lifeorb [playrough, shadowclaw, shadowsneak, swordsdance] ttype=fairy
INFO     Sampling 3 unrevealed pokemon
INFO     	      primarina  liquidvoice    leftovers [calmmind, drainingkiss, moonblast, psychicnoise] ttype=steel
INFO     	         gengar   cursedbody      lifeorb [focusblast, nastyplot, shadowball, sludgewave] ttype=fighting
INFO     	ogerponcornerstone       sturdy cornerstonemask [hornleech, ivycudgel, superpower, swordsdance] ttype=rock
INFO     Sampling battle 22
INFO     	  arcaninehisui     rockhead   choiceband [extremespeed, flareblitz, headsmash, wildcharge] ttype=fire
INFO     	         kyogre      drizzle  choicescarf [icebeam, originpulse, thunder, waterspout] ttype=water
INFO     	  mimikyubusted     disguise      lifeorb [playrough, shadowclaw, shadowsneak, swordsdance] ttype=ghost
INFO     Sampling 3 unrevealed pokemon
INFO     	  deoxysdefense     pressure    leftovers [cosmicpower, nightshade, recover, storedpower] ttype=steel
INFO     	        snorlax     thickfat    leftovers [bodyslam, curse, rest, sleeptalk] ttype=poison
INFO     	        zoroark     illusion      lifeorb [darkpulse, focusblast, nastyplot, sludgebomb] ttype=poison
INFO     Sampling battle 23
INFO     	  arcaninehisui     rockhead heavydutyboots [extremespeed, flareblitz, headsmash, morningsun] ttype=rock
INFO     	         kyogre      drizzle  choicescarf [icebeam, originpulse, thunder, waterspout] ttype=water
INFO     	  mimikyubusted     disguise      lifeorb [playrough, shadowclaw, shadowsneak, swordsdance] ttype=fairy
INFO     Sampling 3 unrevealed pokemon
INFO     	         pawmot   voltabsorb   leppaberry [closecombat, doubleshock, nuzzle, revivalblessing] ttype=electric
INFO     	        noctowl   tintedlens heavydutyboots [calmmind, hurricane, hypervoice, roost] ttype=normal
INFO     	      passimian      defiant    leftovers [bulkup, drainpunch, gunkshot, knockoff] ttype=steel
INFO     Sampling battle 24
INFO     	  arcaninehisui     rockhead   choiceband [closecombat, extremespeed, flareblitz, headsmash] ttype=normal
INFO     	         kyogre      drizzle  choicescarf [icebeam, originpulse, thunder, waterspout] ttype=water
INFO     	  mimikyubusted     disguise      lifeorb [drainpunch, playrough, shadowsneak, swordsdance] ttype=fighting
INFO     Sampling 3 unrevealed pokemon
INFO     	       sawsbuck  serenegrace      lifeorb [headbutt, highhorsepower, hornleech, swordsdance] ttype=normal
INFO     	       venomoth   tintedlens heavydutyboots [bugbuzz, quiverdance, sleeppowder, sludgewave] ttype=bug
INFO     	        moltres    flamebody heavydutyboots [bravebird, fireblast, roost, scorchingsands] ttype=dragon
INFO     Sampling battle 25
INFO     	  arcaninehisui     rockhead   choiceband [closecombat, extremespeed, flareblitz, headsmash] ttype=fire
INFO     	         kyogre      drizzle  choicescarf [icebeam, originpulse, thunder, waterspout] ttype=water
INFO     	  mimikyubusted     disguise      lifeorb [playrough, shadowclaw, shadowsneak, swordsdance] ttype=ghost
INFO     Sampling 3 unrevealed pokemon
INFO     	 lilliganthisui       hustle     widelens [closecombat, leafblade, sleeppowder, victorydance] ttype=steel
INFO     	 exeggutoralola      harvest  sitrusberry [dracometeor, flamethrower, moonlight, woodhammer] ttype=fire
INFO     	          hypno     insomnia    leftovers [focusblast, protect, psychicnoise, toxic] ttype=dark
INFO     Sampling battle 26
INFO     	  arcaninehisui     rockhead   choiceband [extremespeed, flareblitz, headsmash, wildcharge] ttype=fire
INFO     	         kyogre      drizzle  choicescarf [icebeam, originpulse, thunder, waterspout] ttype=water
INFO     	  mimikyubusted     disguise      lifeorb [playrough, shadowclaw, shadowsneak, swordsdance] ttype=fairy
INFO     Sampling 3 unrevealed pokemon
INFO     	        slaking       truant   choiceband [doubleedge, earthquake, gigaimpact, knockoff] ttype=normal
INFO     	 arceuselectric    multitype     zapplate [calmmind, icebeam, judgment, recover] ttype=electric
INFO     	        cetitan   sheerforce      lifeorb [iceshard, iciclecrash, liquidation, superpower] ttype=water
INFO     Sampling battle 27
INFO     	  arcaninehisui     rockhead heavydutyboots [extremespeed, flareblitz, headsmash, morningsun] ttype=normal
INFO     	         kyogre      drizzle  choicescarf [icebeam, originpulse, thunder, waterspout] ttype=water
INFO     	  mimikyubusted     disguise      lifeorb [drainpunch, playrough, shadowsneak, swordsdance] ttype=fairy
INFO     Sampling 3 unrevealed pokemon
INFO     	       virizion    justified      lifeorb [closecombat, leafblade, stoneedge, swordsdance] ttype=rock
INFO     	        dugtrio    arenatrap    focussash [earthquake, stoneedge, suckerpunch, swordsdance] ttype=flying
INFO     	         zarude    leafguard    leftovers [knockoff, powerwhip, swordsdance, synthesis] ttype=dark
INFO     Sampling battle 28
INFO     	  arcaninehisui     rockhead heavydutyboots [extremespeed, flareblitz, headsmash, morningsun] ttype=normal
INFO     	         kyogre      drizzle  choicescarf [icebeam, originpulse, thunder, waterspout] ttype=water
INFO     	  mimikyubusted     disguise      lifeorb [playrough, shadowclaw, shadowsneak, swordsdance] ttype=ghost
INFO     Sampling 3 unrevealed pokemon
INFO     	       ursaluna         guts     flameorb [crunch, facade, headlongrush, trailblaze] ttype=normal
INFO     	   brambleghast    windrider    leftovers [leechseed, poltergeist, powerwhip, substitute] ttype=steel
INFO     	    kyuremwhite   turboblaze  choicescarf [dracometeor, freezedry, fusionflare, icebeam] ttype=fire
INFO     Sampling battle 29
INFO     	  arcaninehisui     rockhead heavydutyboots [extremespeed, flareblitz, headsmash, morningsun] ttype=rock
INFO     	         kyogre      drizzle  choicescarf [icebeam, originpulse, thunder, waterspout] ttype=water
INFO     	  mimikyubusted     disguise      lifeorb [playrough, shadowclaw, shadowsneak, swordsdance] ttype=ghost
INFO     Sampling 3 unrevealed pokemon
INFO     	       cinccino   technician   loadeddice [bulletseed, tailslap, tripleaxel, uturn] ttype=grass
INFO     	squawkabillywhite       hustle   choiceband [bravebird, doubleedge, foulplay, quickattack] ttype=flying
INFO     	       gyarados   intimidate heavydutyboots [dragondance, earthquake, terablast, waterfall] ttype=flying
INFO     Sampling battle 30
INFO     	  arcaninehisui     rockhead  choicescarf [closecombat, flareblitz, headsmash, wildcharge] ttype=fire
INFO     	         kyogre      drizzle  choicescarf [icebeam, originpulse, thunder, waterspout] ttype=water
INFO     	  mimikyubusted     disguise      lifeorb [drainpunch, playrough, shadowsneak, swordsdance] ttype=fighting
INFO     Sampling 3 unrevealed pokemon
INFO     	    arceusgrass    multitype  meadowplate [calmmind, earthpower, icebeam, judgment] ttype=ground
INFO     	       garchomp    roughskin   loadeddice [earthquake, ironhead, scaleshot, swordsdance] ttype=steel
INFO     	     grimmsnarl    prankster    leftovers [partingshot, spiritbreak, suckerpunch, thunderwave] ttype=steel
INFO     Sampling battle 31
INFO     	  arcaninehisui     rockhead   choiceband [closecombat, flareblitz, headsmash, wildcharge] ttype=fire
INFO     	         kyogre      drizzle  choicescarf [icebeam, originpulse, thunder, waterspout] ttype=water
INFO     	  mimikyubusted     disguise      lifeorb [drainpunch, playrough, shadowsneak, swordsdance] ttype=fighting
INFO     Sampling 3 unrevealed pokemon
INFO     	       indeedee psychicsurge  choicescarf [dazzlinggleam, expandingforce, hypervoice, shadowball] ttype=psychic
INFO     	 decidueyehisui      scrappy    leftovers [leafblade, roost, suckerpunch, triplearrows] ttype=steel
INFO     	     krookodile   intimidate    leftovers [bulkup, earthquake, gunkshot, knockoff] ttype=poison
INFO     Searching for a move using MCTS...
INFO     Sampling 32 battles at 250ms each
INFO     Iterations 1: 46000
INFO     Iterations 4: 44000
INFO     Iterations 5: 48000
INFO     Iterations 2: 47000
INFO     Iterations 6: 45000
INFO     Iterations 0: 49000
INFO     Iterations 3: 48000
INFO     Iterations 7: 45000
INFO     Iterations 9: 41000
INFO     Iterations 8: 40000
INFO     Iterations 10: 38000
INFO     Iterations 14: 41000
INFO     Iterations 13: 42000
INFO     Iterations 11: 41000
INFO     Iterations 15: 43000
INFO     Iterations 12: 40000
INFO     Iterations 17: 36000
INFO     Iterations 16: 39000
INFO     Iterations 18: 42000
INFO     Iterations 19: 39000
INFO     Iterations 22: 38000
INFO     Iterations 20: 41000
INFO     Iterations 21: 39000
INFO     Iterations 23: 41000
INFO     Iterations 24: 40000
INFO     Iterations 25: 38000
INFO     Iterations 26: 39000
INFO     Iterations 29: 42000
INFO     Iterations 27: 42000
INFO     Iterations 28: 39000
INFO     Iterations 30: 40000
INFO     Iterations 31: 39000
INFO     Policy 0: switch ironvaliant visited 41.0% avg_score=0.42 sample_chance_multiplier=0.031
INFO     Policy 1: switch ironvaliant visited 36.0% avg_score=0.483 sample_chance_multiplier=0.031
INFO     Policy 2: switch ironvaliant visited 36.66% avg_score=0.435 sample_chance_multiplier=0.031
INFO     Policy 3: toxicspikes visited 52.91% avg_score=0.466 sample_chance_multiplier=0.031
INFO     Policy 4: switch ironvaliant visited 34.14% avg_score=0.487 sample_chance_multiplier=0.031
INFO     Policy 5: switch ironvaliant visited 39.55% avg_score=0.483 sample_chance_multiplier=0.031
INFO     Policy 6: switch ironvaliant visited 32.59% avg_score=0.415 sample_chance_multiplier=0.031
INFO     Policy 7: toxicspikes visited 51.34% avg_score=0.462 sample_chance_multiplier=0.031
INFO     Policy 8: toxicspikes visited 46.73% avg_score=0.477 sample_chance_multiplier=0.031
INFO     Policy 9: toxicspikes visited 56.74% avg_score=0.471 sample_chance_multiplier=0.031
INFO     Policy 10: switch ironvaliant visited 32.91% avg_score=0.461 sample_chance_multiplier=0.031
INFO     Policy 11: switch ironvaliant visited 39.48% avg_score=0.447 sample_chance_multiplier=0.031
INFO     Policy 12: toxicspikes visited 59.59% avg_score=0.489 sample_chance_multiplier=0.031
INFO     Policy 13: switch ironvaliant visited 48.47% avg_score=0.502 sample_chance_multiplier=0.031
INFO     Policy 14: switch ironvaliant visited 37.9% avg_score=0.431 sample_chance_multiplier=0.031
INFO     Policy 15: switch ironvaliant visited 38.96% avg_score=0.446 sample_chance_multiplier=0.031
INFO     Policy 16: switch ironvaliant visited 34.06% avg_score=0.485 sample_chance_multiplier=0.031
INFO     Policy 17: switch ironvaliant visited 40.4% avg_score=0.492 sample_chance_multiplier=0.031
INFO     Policy 18: switch ironvaliant visited 38.71% avg_score=0.478 sample_chance_multiplier=0.031
INFO     Policy 19: switch ironvaliant visited 37.66% avg_score=0.487 sample_chance_multiplier=0.031
INFO     Policy 20: switch ironvaliant visited 35.57% avg_score=0.471 sample_chance_multiplier=0.031
INFO     Policy 21: switch ironvaliant visited 32.08% avg_score=0.442 sample_chance_multiplier=0.031
INFO     Policy 22: toxicspikes visited 59.99% avg_score=0.487 sample_chance_multiplier=0.031
INFO     Policy 23: switch ironvaliant visited 43.04% avg_score=0.498 sample_chance_multiplier=0.031
INFO     Policy 24: switch ironvaliant visited 35.47% avg_score=0.428 sample_chance_multiplier=0.031
INFO     Policy 25: toxicspikes visited 65.08% avg_score=0.491 sample_chance_multiplier=0.031
INFO     Policy 26: toxicspikes visited 41.52% avg_score=0.45 sample_chance_multiplier=0.031
INFO     Policy 27: switch ironvaliant visited 46.26% avg_score=0.51 sample_chance_multiplier=0.031
INFO     Policy 28: switch ironvaliant visited 43.19% avg_score=0.481 sample_chance_multiplier=0.031
INFO     Policy 29: switch ragingbolt visited 29.49% avg_score=0.469 sample_chance_multiplier=0.031
INFO     Policy 30: switch ironvaliant visited 40.84% avg_score=0.461 sample_chance_multiplier=0.031
INFO     Policy 31: toxicspikes visited 46.2% avg_score=0.456 sample_chance_multiplier=0.031
INFO     Considered Choices:
INFO     	32.275%: switch ironvaliant
INFO     Choice: switch ironvaliant
INFO     ironvaliant switched in, adding intimidate to impossible abilities
INFO     ironvaliant switched in, adding pressure to impossible abilities
INFO     ironvaliant switched in, adding neutralizinggas to impossible abilities
INFO     ironvaliant switched in, adding sandstream to impossible abilities
INFO     ironvaliant switched in, adding drought to impossible abilities
INFO     ironvaliant switched in, adding drizzle to impossible abilities
INFO     ironvaliant switched in, adding snowwarning to impossible abilities
INFO     ironvaliant switched in, adding boosterenergy to impossible items
INFO     ironvaliant switched in, adding airballoon to impossible items
INFO     arcaninehisui used a rock move, removing rockgem from possible items
INFO     Setting arcaninehisui's last used move: headsmash
INFO     arcaninehisui used a damaging move - not guessing lifeorb anymore
INFO     arcaninehisui did 49.18% damage to ironvaliant with headsmash
INFO     arcaninehisui has less than maxhp during upkeep, no longer guessing leftovers or blacksludge
INFO     
INFO     Turn: 7
INFO     Sampling battle 0
INFO     	  arcaninehisui     rockhead   choiceband [extremespeed, flareblitz, headsmash, wildcharge] ttype=normal
INFO     	         kyogre      drizzle  choicescarf [icebeam, originpulse, thunder, waterspout] ttype=water
INFO     	  mimikyubusted     disguise      lifeorb [drainpunch, playrough, shadowsneak, swordsdance] ttype=fighting
INFO     Sampling 3 unrevealed pokemon
INFO     	   palkiaorigin     pressure lustrousglobe [fireblast, hydropump, spacialrend, thunderwave] ttype=fire
INFO     	     perrserker   toughclaws      lifeorb [closecombat, ironhead, stealthrock, uturn] ttype=fighting
INFO     	     screamtail protosynthesis    leftovers [dazzlinggleam, encore, protect, wish] ttype=steel
INFO     Sampling battle 1
INFO     	  arcaninehisui     rockhead   choiceband [closecombat, extremespeed, flareblitz, headsmash] ttype=fire
INFO     	         kyogre      drizzle  choicescarf [icebeam, originpulse, thunder, waterspout] ttype=water
INFO     	  mimikyubusted     disguise      lifeorb [playrough, shadowclaw, shadowsneak, swordsdance] ttype=ghost
INFO     Sampling 3 unrevealed pokemon
INFO     	      volcarona    flamebody heavydutyboots [fireblast, gigadrain, morningsun, quiverdance] ttype=steel
INFO     	       grafaiai  poisontouch  assaultvest [gunkshot, knockoff, superfang, uturn] ttype=dark
INFO     	        diancie    clearbody    leftovers [calmmind, diamondstorm, drainingkiss, earthpower] ttype=fairy
INFO     Sampling battle 2
INFO     	  arcaninehisui     rockhead   choiceband [closecombat, extremespeed, flareblitz, headsmash] ttype=fire
INFO     	         kyogre      drizzle  choicescarf [icebeam, originpulse, thunder, waterspout] ttype=water
INFO     	  mimikyubusted     disguise      lifeorb [drainpunch, playrough, shadowsneak, swordsdance] ttype=fighting
INFO     Sampling 3 unrevealed pokemon
INFO     	        dipplin   stickyhold     eviolite [dragonpulse, gigadrain, recover, suckerpunch] ttype=steel
INFO     	     irontreads   quarkdrive    leftovers [earthquake, ironhead, rapidspin, stealthrock] ttype=ghost
INFO     	      toucannon      keeneye heavydutyboots [beakblast, boomburst, roost, uturn] ttype=steel
INFO     Sampling battle 3
INFO     	  arcaninehisui     rockhead   choiceband [closecombat, flareblitz, headsmash, wildcharge] ttype=fire
INFO     	         kyogre      drizzle  choicescarf [icebeam, originpulse, thunder, waterspout] ttype=water
INFO     	  mimikyubusted     disguise      lifeorb [drainpunch, playrough, shadowsneak, swordsdance] ttype=fairy
INFO     Sampling 3 unrevealed pokemon
INFO     	       magearna    soulheart weaknesspolicy [fleurcannon, ironhead, shiftgear, terablast] ttype=ground
INFO     	       arboliva      harvest  sitrusberry [hypervoice, leechseed, protect, substitute] ttype=water
INFO     	    barraskewda    swiftswim   choiceband [closecombat, flipturn, poisonjab, waterfall] ttype=water
INFO     Sampling battle 4
INFO     	  arcaninehisui     rockhead   choiceband [extremespeed, flareblitz, headsmash, wildcharge] ttype=normal
INFO     	         kyogre      drizzle  choicescarf [icebeam, originpulse, thunder, waterspout] ttype=water
INFO     	  mimikyubusted     disguise      lifeorb [playrough, shadowclaw, shadowsneak, swordsdance] ttype=ghost
INFO     Sampling 3 unrevealed pokemon
INFO     	       cinccino   technician   loadeddice [bulletseed, tailslap, tidyup, tripleaxel] ttype=normal
INFO     	       enamorus     contrary    leftovers [playrough, substitute, superpower, taunt] ttype=fighting
INFO     	        ambipom   technician   choiceband [doubleedge, knockoff, tripleaxel, uturn] ttype=ice
INFO     Sampling battle 5
INFO     	  arcaninehisui     rockhead   choiceband [closecombat, extremespeed, flareblitz, headsmash] ttype=fire
INFO     	         kyogre      drizzle  choicescarf [icebeam, originpulse, thunder, waterspout] ttype=water
INFO     	  mimikyubusted     disguise      lifeorb [playrough, shadowclaw, shadowsneak, swordsdance] ttype=ghost
INFO     Sampling 3 unrevealed pokemon
INFO     	      alomomola  regenerator heavydutyboots [flipturn, protect, scald, wish] ttype=steel
INFO     	     hitmonchan     ironfist      lifeorb [drainpunch, knockoff, machpunch, swordsdance] ttype=dark
INFO     	       hawlucha     unburden    whiteherb [bravebird, closecombat, stoneedge, swordsdance] ttype=fighting
INFO     Sampling battle 6
INFO     	  arcaninehisui     rockhead   choiceband [extremespeed, flareblitz, headsmash, wildcharge] ttype=normal
INFO     	         kyogre      drizzle  choicescarf [icebeam, originpulse, thunder, waterspout] ttype=water
INFO     	  mimikyubusted     disguise      lifeorb [drainpunch, playrough, shadowsneak, swordsdance] ttype=fighting
INFO     Sampling 3 unrevealed pokemon
INFO     	          arbok   intimidate    leftovers [coil, earthquake, gunkshot, suckerpunch] ttype=dark
INFO     	        scrafty   intimidate    leftovers [dragondance, drainpunch, knockoff, poisonjab] ttype=poison
INFO     	       inteleon      torrent  choicespecs [hydropump, icebeam, scald, uturn] ttype=water
INFO     Sampling battle 7
INFO     	  arcaninehisui     rockhead   choiceband [closecombat, extremespeed, flareblitz, headsmash] ttype=rock
INFO     	         kyogre      drizzle  choicescarf [icebeam, originpulse, thunder, waterspout] ttype=water
INFO     	  mimikyubusted     disguise      lifeorb [playrough, shadowclaw, shadowsneak, swordsdance] ttype=fairy
INFO     Sampling 3 unrevealed pokemon
INFO     	       maushold   technician     widelens [bite, encore, populationbomb, tidyup] ttype=ghost
INFO     	tornadustherian  regenerator  choicespecs [bleakwindstorm, focusblast, grassknot, heatwave] ttype=fighting
INFO     	       landorus   sheerforce      lifeorb [earthpower, focusblast, nastyplot, sludgewave] ttype=ground
INFO     Sampling battle 8
INFO     	  arcaninehisui     rockhead   choiceband [closecombat, flareblitz, headsmash, wildcharge] ttype=fire
INFO     	         kyogre      drizzle  choicescarf [icebeam, originpulse, thunder, waterspout] ttype=water
INFO     	  mimikyubusted     disguise      lifeorb [drainpunch, playrough, shadowsneak, swordsdance] ttype=fighting
INFO     Sampling 3 unrevealed pokemon
INFO     	    arceusghost    multitype  spookyplate [focusblast, judgment, recover, willowisp] ttype=fighting
INFO     	        flareon         guts     toxicorb [facade, flareblitz, trailblaze, willowisp] ttype=normal
INFO     	        ogerpon      defiant    leftovers [encore, ivycudgel, knockoff, synthesis] ttype=grass
INFO     Sampling battle 9
INFO     	  arcaninehisui     rockhead   choiceband [closecombat, extremespeed, flareblitz, headsmash] ttype=normal
INFO     	         kyogre      drizzle  choicescarf [icebeam, originpulse, thunder, waterspout] ttype=water
INFO     	  mimikyubusted     disguise      lifeorb [playrough, shadowclaw, shadowsneak, swordsdance] ttype=fairy
INFO     Sampling 3 unrevealed pokemon
INFO     	        beartic    slushrush heavydutyboots [closecombat, iciclecrash, snowscape, swordsdance] ttype=fighting
INFO     	       frosmoth    icescales heavydutyboots [gigadrain, hurricane, icebeam, quiverdance] ttype=water
INFO     	     mabosstiff     stakeout  choicescarf [crunch, playrough, psychicfangs, wildcharge] ttype=fairy
INFO     Sampling battle 10
INFO     	  arcaninehisui     rockhead   choiceband [closecombat, extremespeed, flareblitz, headsmash] ttype=fire
INFO     	         kyogre      drizzle  choicescarf [icebeam, originpulse, thunder, waterspout] ttype=water
INFO     	  mimikyubusted     disguise      lifeorb [drainpunch, playrough, shadowsneak, swordsdance] ttype=fairy
INFO     Sampling 3 unrevealed pokemon
INFO     	         flygon     levitate     lumberry [dragondance, earthquake, outrage, stoneedge] ttype=rock
INFO     	       mukalola  poisontouch  assaultvest [drainpunch, gunkshot, icepunch, knockoff] ttype=fighting
INFO     	    zapdosgalar      defiant   choiceband [bravebird, closecombat, knockoff, uturn] ttype=dark
INFO     Sampling battle 11
INFO     	  arcaninehisui     rockhead   choiceband [extremespeed, flareblitz, headsmash, wildcharge] ttype=normal
INFO     	         kyogre      drizzle  choicescarf [icebeam, originpulse, thunder, waterspout] ttype=water
INFO     	  mimikyubusted     disguise      lifeorb [playrough, shadowclaw, shadowsneak, swordsdance] ttype=fairy
INFO     Sampling 3 unrevealed pokemon
INFO     	      hatterene  magicbounce  assaultvest [drainingkiss, mysticalfire, nuzzle, psychicnoise] ttype=fairy
INFO     	       venusaur  chlorophyll    leftovers [earthpower, knockoff, sludgebomb, synthesis] ttype=water
INFO     	          ditto     imposter  choicescarf [transform] ttype=ghost
INFO     Sampling battle 12
INFO     	  arcaninehisui     rockhead   choiceband [extremespeed, flareblitz, headsmash, wildcharge] ttype=normal
INFO     	         kyogre      drizzle  choicescarf [icebeam, originpulse, thunder, waterspout] ttype=water
INFO     	  mimikyubusted     disguise      lifeorb [playrough, shadowclaw, shadowsneak, swordsdance] ttype=fairy
INFO     Sampling 3 unrevealed pokemon
INFO     	        haxorus  moldbreaker   loadeddice [earthquake, ironhead, scaleshot, swordsdance] ttype=steel
INFO     	thundurustherian   voltabsorb heavydutyboots [grassknot, nastyplot, sludgewave, thunderbolt] ttype=electric
INFO     	  deoxysdefense     pressure    leftovers [cosmicpower, nightshade, recover, storedpower] ttype=steel
INFO     Sampling battle 13
INFO     	  arcaninehisui     rockhead   choiceband [extremespeed, flareblitz, headsmash, wildcharge] ttype=rock
INFO     	         kyogre      drizzle  choicescarf [icebeam, originpulse, thunder, waterspout] ttype=water
INFO     	  mimikyubusted     disguise      lifeorb [drainpunch, playrough, shadowsneak, swordsdance] ttype=fairy
INFO     Sampling 3 unrevealed pokemon
INFO     	       meloetta  serenegrace      lifeorb [closecombat, knockoff, relicsong, tripleaxel] ttype=dark
INFO     	       lurantis     contrary  assaultvest [knockoff, leafstorm, leechlife, superpower] ttype=water
INFO     	    stonjourner    powerspot      lifeorb [earthquake, heatcrash, rockpolish, stoneedge] ttype=fire
INFO     Sampling battle 14
INFO     	  arcaninehisui     rockhead   choiceband [extremespeed, flareblitz, headsmash, wildcharge] ttype=fire
INFO     	         kyogre      drizzle  choicescarf [icebeam, originpulse, thunder, waterspout] ttype=water
INFO     	  mimikyubusted     disguise      lifeorb [drainpunch, playrough, shadowsneak, swordsdance] ttype=fighting
INFO     Sampling 3 unrevealed pokemon
INFO     	       inteleon      torrent  choicespecs [hydropump, icebeam, scald, uturn] ttype=water
INFO     	       tinkaton  moldbreaker    leftovers [gigatonhammer, playrough, protect, swordsdance] ttype=steel
INFO     	       mukalola  poisontouch  assaultvest [drainpunch, gunkshot, icepunch, knockoff] ttype=fighting
INFO     Sampling battle 15
INFO     	  arcaninehisui     rockhead   choiceband [extremespeed, flareblitz, headsmash, wildcharge] ttype=rock
INFO     	         kyogre      drizzle  choicescarf [icebeam, originpulse, thunder, waterspout] ttype=water
INFO     	  mimikyubusted     disguise      lifeorb [playrough, shadowclaw, shadowsneak, swordsdance] ttype=fairy
INFO     Sampling 3 unrevealed pokemon
INFO     	       garchomp    roughskin  rockyhelmet [dragontail, earthquake, outrage, stealthrock] ttype=steel
INFO     	        cetitan   sheerforce      lifeorb [iceshard, iciclecrash, liquidation, superpower] ttype=water
INFO     	          arbok   intimidate    leftovers [coil, earthquake, gunkshot, suckerpunch] ttype=dark
INFO     Searching for a move using MCTS...
INFO     Sampling 16 battles at 500ms each
INFO     Iterations 5: 127000
INFO     Iterations 0: 118000
INFO     Iterations 1: 117000
INFO     Iterations 7: 110000
INFO     Iterations 2: 143000
INFO     Iterations 6: 126000
INFO     Iterations 4: 121000
INFO     Iterations 3: 125000
INFO     Iterations 14: 72000
INFO     Iterations 9: 71000
INFO     Iterations 12: 81000
INFO     Iterations 10: 79000
INFO     Iterations 8: 74000
INFO     Iterations 11: 80000
INFO     Iterations 13: 80000
INFO     Iterations 15: 77000
INFO     Policy 0: knockoff visited 47.12% avg_score=0.56 sample_chance_multiplier=0.062
INFO     Policy 1: closecombat visited 64.19% avg_score=0.561 sample_chance_multiplier=0.062
INFO     Policy 2: closecombat visited 45.48% avg_score=0.574 sample_chance_multiplier=0.062
INFO     Policy 3: closecombat visited 64.93% avg_score=0.602 sample_chance_multiplier=0.062
INFO     Policy 4: closecombat visited 51.17% avg_score=0.546 sample_chance_multiplier=0.062
INFO     Policy 5: closecombat visited 47.1% avg_score=0.564 sample_chance_multiplier=0.062
INFO     Policy 6: swordsdance visited 26.31% avg_score=0.494 sample_chance_multiplier=0.062
INFO     Policy 7: knockoff visited 52.68% avg_score=0.547 sample_chance_multiplier=0.062
INFO     Policy 8: closecombat visited 41.05% avg_score=0.579 sample_chance_multiplier=0.062
INFO     Policy 9: closecombat visited 57.75% avg_score=0.565 sample_chance_multiplier=0.062
INFO     Policy 10: closecombat visited 61.94% avg_score=0.608 sample_chance_multiplier=0.062
INFO     Policy 11: knockoff visited 43.12% avg_score=0.547 sample_chance_multiplier=0.062
INFO     Policy 12: closecombat visited 47.48% avg_score=0.59 sample_chance_multiplier=0.062
INFO     Policy 13: closecombat visited 64.37% avg_score=0.604 sample_chance_multiplier=0.062
INFO     Policy 14: closecombat visited 59.84% avg_score=0.603 sample_chance_multiplier=0.062
INFO     Policy 15: swordsdance visited 26.87% avg_score=0.509 sample_chance_multiplier=0.062
INFO     Considered Choices:
INFO     	45.065%: closecombat
INFO     Choice: closecombat
INFO     ironvaliant already has the move closecombat. Decrementing the PP by 1
INFO     ironvaliant used a fighting move, removing fightinggem from possible items
INFO     Setting ironvaliant's last used move: closecombat
INFO     ironvaliant used a damaging move - not guessing lifeorb anymore
INFO     ironvaliant did 53.0% damage to arcaninehisui with closecombat
INFO     ironvaliant's defense was unboosted by 1 to -1
INFO     ironvaliant's special-defense was unboosted by 1 to -1
INFO     Setting ironvaliant's item to: lifeorb
INFO     arcaninehisui has less than maxhp during upkeep, no longer guessing leftovers or blacksludge
INFO     Opponent has switched - clearing the last used move
INFO     Weather raindance is active
INFO     Weather turns remaining: 5
INFO     Setting kyogre ability to drizzle
INFO     
INFO     Turn: 8
INFO     Sampling battle 0
INFO     	         kyogre      drizzle  choicescarf [icebeam, originpulse, thunder, waterspout] ttype=water
INFO     	  mimikyubusted     disguise      lifeorb [playrough, shadowclaw, shadowsneak, swordsdance] ttype=fairy
INFO     Sampling 3 unrevealed pokemon
INFO     	  samurotthisui    sharpness      lifeorb [ceaselessedge, razorshell, suckerpunch, swordsdance] ttype=poison
INFO     	      trevenant      harvest  sitrusberry [drainpunch, poltergeist, protect, toxic] ttype=dark
INFO     	   lycanrocdusk   toughclaws      lifeorb [accelerock, closecombat, stoneedge, swordsdance] ttype=fighting
INFO     Sampling battle 1
INFO     	         kyogre      drizzle  choicescarf [icebeam, originpulse, thunder, waterspout] ttype=water
INFO     	  mimikyubusted     disguise      lifeorb [playrough, shadowclaw, shadowsneak, swordsdance] ttype=ghost
INFO     Sampling 3 unrevealed pokemon
INFO     	   dugtrioalola tanglinghair      lifeorb [earthquake, ironhead, suckerpunch, swordsdance] ttype=ground
INFO     	      cryogonal     levitate heavydutyboots [flashcannon, freezedry, rapidspin, recover] ttype=poison
INFO     	     bombirdier     bigpecks heavydutyboots [bravebird, knockoff, roost, stealthrock] ttype=dark
INFO     Sampling battle 2
INFO     	         kyogre      drizzle  choicescarf [icebeam, originpulse, thunder, waterspout] ttype=water
INFO     	  mimikyubusted     disguise      lifeorb [drainpunch, playrough, shadowsneak, swordsdance] ttype=fairy
INFO     Sampling 3 unrevealed pokemon
INFO     	       landorus   sheerforce      lifeorb [earthpower, psychic, rockslide, sludgewave] ttype=poison
INFO     	      magmortar    flamebody heavydutyboots [fireblast, focusblast, knockoff, taunt] ttype=fighting
INFO     	       cobalion    justified    leftovers [bodypress, ironhead, stealthrock, voltswitch] ttype=water
INFO     Sampling battle 3
INFO     	         kyogre      drizzle  choicescarf [icebeam, originpulse, thunder, waterspout] ttype=water
INFO     	  mimikyubusted     disguise      lifeorb [playrough, shadowclaw, shadowsneak, swordsdance] ttype=ghost
INFO     Sampling 3 unrevealed pokemon
INFO     	         gengar   cursedbody  choicespecs [focusblast, shadowball, sludgewave, trick] ttype=ghost
INFO     	        blissey  naturalcure    leftovers [seismictoss, softboiled, stealthrock, thunderwave] ttype=ghost
INFO     	      azumarill    hugepower   choiceband [aquajet, knockoff, liquidation, playrough] ttype=water
INFO     Sampling battle 4
INFO     	         kyogre      drizzle  choicescarf [icebeam, originpulse, thunder, waterspout] ttype=water
INFO     	  mimikyubusted     disguise      lifeorb [drainpunch, playrough, shadowsneak, swordsdance] ttype=fighting
INFO     Sampling 3 unrevealed pokemon
INFO     	      vespiquen     pressure heavydutyboots [airslash, roost, toxic, uturn] ttype=steel
INFO     	        noctowl   tintedlens heavydutyboots [defog, hurricane, hypervoice, roost] ttype=steel
INFO     	        gallade    sharpness      lifeorb [agility, nightslash, psychocut, sacredsword] ttype=dark
INFO     Sampling battle 5
INFO     	         kyogre      drizzle  choicescarf [icebeam, originpulse, thunder, waterspout] ttype=water
INFO     	  mimikyubusted     disguise      lifeorb [playrough, shadowclaw, shadowsneak, swordsdance] ttype=ghost
INFO     Sampling 3 unrevealed pokemon
INFO     	     rotomfrost     levitate heavydutyboots [blizzard, nastyplot, thunderbolt, willowisp] ttype=electric
INFO     	       ursaluna         guts     flameorb [crunch, facade, headlongrush, trailblaze] ttype=normal
INFO     	    basculegion adaptability  assaultvest [aquajet, flipturn, shadowball, wavecrash] ttype=water
INFO     Sampling battle 6
INFO     	         kyogre      drizzle  choicescarf [icebeam, originpulse, thunder, waterspout] ttype=water
INFO     	  mimikyubusted     disguise      lifeorb [drainpunch, playrough, shadowsneak, swordsdance] ttype=fighting
INFO     Sampling 3 unrevealed pokemon
INFO     	        mesprit     levitate    leftovers [knockoff, psychicnoise, thunderbolt, thunderwave] ttype=dark
INFO     	       ribombee   shielddust heavydutyboots [moonblast, stickyweb, stunspore, uturn] ttype=ghost
INFO     	     arceusdark    multitype   dreadplate [calmmind, judgment, recover, sludgebomb] ttype=poison
INFO     Sampling battle 7
INFO     	         kyogre      drizzle  choicescarf [icebeam, originpulse, thunder, waterspout] ttype=water
INFO     	  mimikyubusted     disguise      lifeorb [drainpunch, playrough, shadowsneak, swordsdance] ttype=fairy
INFO     Sampling 3 unrevealed pokemon
INFO     	       greedent   cheekpouch  sitrusberry [doubleedge, earthquake, knockoff, swordsdance] ttype=ground
INFO     	       sawsbuck    sapsipper      lifeorb [doubleedge, highhorsepower, hornleech, swordsdance] ttype=ground
INFO     	      quaquaval        moxie      lifeorb [aquastep, closecombat, knockoff, swordsdance] ttype=water
INFO     Sampling battle 8
INFO     	         kyogre      drizzle  choicescarf [icebeam, originpulse, thunder, waterspout] ttype=water
INFO     	  mimikyubusted     disguise      lifeorb [playrough, shadowclaw, shadowsneak, swordsdance] ttype=ghost
INFO     Sampling 3 unrevealed pokemon
INFO     	     gothitelle    shadowtag  choicescarf [darkpulse, focusblast, psychic, trick] ttype=steel
INFO     	        carbink    clearbody  chestoberry [bodypress, irondefense, moonblast, rest] ttype=fighting
INFO     	        snorlax     thickfat    leftovers [bodyslam, curse, rest, sleeptalk] ttype=poison
INFO     Sampling battle 9
INFO     	         kyogre      drizzle  choicescarf [icebeam, originpulse, thunder, waterspout] ttype=water
INFO     	  mimikyubusted     disguise      lifeorb [drainpunch, playrough, shadowsneak, swordsdance] ttype=fairy
INFO     Sampling 3 unrevealed pokemon
INFO     	       oranguru   innerfocus  choicespecs [focusblast, hypervoice, psyshock, thunderbolt] ttype=normal
INFO     	        yanmega   tintedlens  choicespecs [airslash, bugbuzz, gigadrain, uturn] ttype=bug
INFO     	    slitherwing protosynthesis heavydutyboots [closecombat, morningsun, uturn, willowisp] ttype=steel
INFO     Sampling battle 10
INFO     	         kyogre      drizzle  choicescarf [icebeam, originpulse, thunder, waterspout] ttype=water
INFO     	  mimikyubusted     disguise      lifeorb [drainpunch, playrough, shadowsneak, swordsdance] ttype=fighting
INFO     Sampling 3 unrevealed pokemon
INFO     	ursalunabloodmoon     mindseye    leftovers [bloodmoon, calmmind, earthpower, moonlight] ttype=ghost
INFO     	      vespiquen     pressure heavydutyboots [airslash, roost, toxic, uturn] ttype=steel
INFO     	thundurustherian   voltabsorb  choicescarf [focusblast, sludgewave, thunderbolt, voltswitch] ttype=poison
INFO     Sampling battle 11
INFO     	         kyogre      drizzle  choicescarf [icebeam, originpulse, thunder, waterspout] ttype=water
INFO     	  mimikyubusted     disguise      lifeorb [drainpunch, playrough, shadowsneak, swordsdance] ttype=fairy
INFO     Sampling 3 unrevealed pokemon
INFO     	       lycanroc     sandrush   choiceband [closecombat, crunch, psychicfangs, stoneedge] ttype=fighting
INFO     	     victreebel  chlorophyll      lifeorb [poisonjab, powerwhip, suckerpunch, swordsdance] ttype=dark
INFO     	        milotic  competitive    leftovers [haze, icebeam, recover, scald] ttype=steel
INFO     Sampling battle 12
INFO     	         kyogre      drizzle  choicescarf [icebeam, originpulse, thunder, waterspout] ttype=water
INFO     	  mimikyubusted     disguise      lifeorb [playrough, shadowclaw, shadowsneak, swordsdance] ttype=fairy
INFO     Sampling 3 unrevealed pokemon
INFO     	      tatsugiri   stormdrain heavydutyboots [dracometeor, hydropump, nastyplot, rapidspin] ttype=steel
INFO     	       cyclizar  regenerator heavydutyboots [dracometeor, knockoff, rapidspin, shedtail] ttype=fairy
INFO     	        gallade    sharpness      lifeorb [agility, nightslash, psychocut, sacredsword] ttype=dark
INFO     Sampling battle 13
INFO     	         kyogre      drizzle  choicescarf [icebeam, originpulse, thunder, waterspout] ttype=water
INFO     	  mimikyubusted     disguise      lifeorb [drainpunch, playrough, shadowsneak, swordsdance] ttype=fighting
INFO     Sampling 3 unrevealed pokemon
INFO     	         pyroar      unnerve heavydutyboots [fireblast, hypervoice, taunt, workup] ttype=fire
INFO     	        seviper  infiltrator    leftovers [earthquake, gunkshot, swordsdance, trailblaze] ttype=grass
INFO     	         eiscue      iceface  sitrusberry [bellydrum, icespinner, liquidation, terablast] ttype=ground
INFO     Sampling battle 14
INFO     	         kyogre      drizzle  choicescarf [icebeam, originpulse, thunder, waterspout] ttype=water
INFO     	  mimikyubusted     disguise      lifeorb [drainpunch, playrough, shadowsneak, swordsdance] ttype=fighting
INFO     Sampling 3 unrevealed pokemon
INFO     	     rotomfrost     levitate heavydutyboots [blizzard, thunderbolt, voltswitch, willowisp] ttype=electric
INFO     	      volcanion  waterabsorb heavydutyboots [earthpower, flamethrower, haze, steameruption] ttype=ground
INFO     	       indeedee psychicsurge      lifeorb [calmmind, expandingforce, hypervoice, shadowball] ttype=psychic
INFO     Sampling battle 15
INFO     	         kyogre      drizzle  choicescarf [icebeam, originpulse, thunder, waterspout] ttype=water
INFO     	  mimikyubusted     disguise      lifeorb [playrough, shadowclaw, shadowsneak, swordsdance] ttype=ghost
INFO     Sampling 3 unrevealed pokemon
INFO     	      sandslash     sandrush    leftovers [earthquake, knockoff, rapidspin, swordsdance] ttype=dragon
INFO     	         veluza    sharpness   choiceband [aquacutter, flipturn, nightslash, psychocut] ttype=water
INFO     	       tinkaton  moldbreaker    leftovers [gigatonhammer, playrough, stealthrock, thunderwave] ttype=water
INFO     Searching for a move using MCTS...
INFO     Sampling 16 battles at 500ms each
INFO     Iterations 7: 93000
INFO     Iterations 5: 89000
INFO     Iterations 4: 95000
INFO     Iterations 1: 92000
INFO     Iterations 2: 85000
INFO     Iterations 0: 88000
INFO     Iterations 6: 94000
INFO     Iterations 3: 88000
INFO     Iterations 10: 67000
INFO     Iterations 11: 73000
INFO     Iterations 13: 75000
INFO     Iterations 8: 70000
INFO     Iterations 9: 75000
INFO     Iterations 15: 68000
INFO     Iterations 12: 81000
INFO     Iterations 14: 73000
INFO     Policy 0: switch ragingbolt visited 55.5% avg_score=0.55 sample_chance_multiplier=0.062
INFO     Policy 1: switch sceptile visited 47.27% avg_score=0.523 sample_chance_multiplier=0.062
INFO     Policy 2: switch sceptile visited 53.59% avg_score=0.553 sample_chance_multiplier=0.062
INFO     Policy 3: switch ragingbolt visited 49.79% avg_score=0.536 sample_chance_multiplier=0.062
INFO     Policy 4: switch ragingbolt visited 71.43% avg_score=0.56 sample_chance_multiplier=0.062
INFO     Policy 5: switch sceptile visited 60.92% avg_score=0.515 sample_chance_multiplier=0.062
INFO     Policy 6: switch ragingbolt visited 56.54% avg_score=0.539 sample_chance_multiplier=0.062
INFO     Policy 7: switch ragingbolt visited 40.02% avg_score=0.51 sample_chance_multiplier=0.062
INFO     Policy 8: switch ragingbolt visited 46.94% avg_score=0.546 sample_chance_multiplier=0.062
INFO     Policy 9: switch ragingbolt visited 55.37% avg_score=0.541 sample_chance_multiplier=0.062
INFO     Policy 10: switch ragingbolt visited 31.36% avg_score=0.509 sample_chance_multiplier=0.062
INFO     Policy 11: switch ragingbolt visited 54.69% avg_score=0.548 sample_chance_multiplier=0.062
INFO     Policy 12: switch ragingbolt visited 55.92% avg_score=0.561 sample_chance_multiplier=0.062
INFO     Policy 13: switch ragingbolt visited 45.42% avg_score=0.53 sample_chance_multiplier=0.062
INFO     Policy 14: switch sceptile visited 61.62% avg_score=0.593 sample_chance_multiplier=0.062
INFO     Policy 15: switch sceptile visited 57.34% avg_score=0.533 sample_chance_multiplier=0.062
INFO     Considered Choices:
INFO     	39.445%: switch ragingbolt
INFO     Choice: switch ragingbolt
INFO     ragingbolt switched in, adding intimidate to impossible abilities
INFO     ragingbolt switched in, adding pressure to impossible abilities
INFO     ragingbolt switched in, adding neutralizinggas to impossible abilities
INFO     ragingbolt switched in, adding sandstream to impossible abilities
INFO     ragingbolt switched in, adding drought to impossible abilities
INFO     Not adding drizzle to ragingbolt's impossible abilities because the weather would not have triggered
INFO     ragingbolt switched in, adding snowwarning to impossible abilities
INFO     ragingbolt switched in, adding boosterenergy to impossible items
INFO     ragingbolt switched in, adding airballoon to impossible items
INFO     kyogre used a water move, removing watergem from possible items
INFO     Setting kyogre's last used move: originpulse
INFO     kyogre used a damaging move - not guessing lifeorb anymore
INFO     kyogre did 21.36% damage to ragingbolt with originpulse
INFO     Weather raindance is active
INFO     Weather turns remaining: 4
INFO     kyogre has less than maxhp during upkeep, no longer guessing leftovers or blacksludge
INFO     
INFO     Turn: 9
INFO     Sampling battle 0
INFO     	         kyogre      drizzle  choicescarf [icebeam, originpulse, thunder, waterspout] ttype=water
INFO     	  mimikyubusted     disguise      lifeorb [drainpunch, playrough, shadowsneak, swordsdance] ttype=fighting
INFO     Sampling 3 unrevealed pokemon
INFO     	      indeedeef psychicsurge      lifeorb [calmmind, hypervoice, psyshock, shadowball] ttype=psychic
INFO     	    sandyshocks protosynthesis heavydutyboots [earthpower, thunderbolt, thunderwave, voltswitch] ttype=electric
INFO     	      crawdaunt adaptability      lifeorb [closecombat, crabhammer, dragondance, knockoff] ttype=fighting
INFO     Sampling battle 1
INFO     	         kyogre      drizzle  choicescarf [icebeam, originpulse, thunder, waterspout] ttype=water
INFO     	  mimikyubusted     disguise      lifeorb [drainpunch, playrough, shadowsneak, swordsdance] ttype=fighting
INFO     Sampling 3 unrevealed pokemon
INFO     	        zoroark     illusion      lifeorb [darkpulse, focusblast, nastyplot, sludgebomb] ttype=poison
INFO     	        bruxish    strongjaw  choicescarf [crunch, flipturn, psychicfangs, wavecrash] ttype=dark
INFO     	        scrafty   intimidate    leftovers [dragondance, drainpunch, knockoff, poisonjab] ttype=poison
INFO     Sampling battle 2
INFO     	         kyogre      drizzle  choicescarf [icebeam, originpulse, thunder, waterspout] ttype=water
INFO     	  mimikyubusted     disguise      lifeorb [playrough, shadowclaw, shadowsneak, swordsdance] ttype=ghost
INFO     Sampling 3 unrevealed pokemon
INFO     	        slaking       truant  choicescarf [doubleedge, earthquake, gigaimpact, knockoff] ttype=normal
INFO     	      indeedeef psychicsurge  choicescarf [dazzlinggleam, healingwish, hypervoice, psyshock] ttype=psychic
INFO     	       sunflora  chlorophyll  choicespecs [dazzlinggleam, earthpower, leafstorm, sludgebomb] ttype=grass
INFO     Sampling battle 3
INFO     	         kyogre      drizzle  choicescarf [icebeam, originpulse, thunder, waterspout] ttype=water
INFO     	  mimikyubusted     disguise      lifeorb [playrough, shadowclaw, shadowsneak, swordsdance] ttype=fairy
INFO     Sampling 3 unrevealed pokemon
INFO     	       espathra   speedboost  choicespecs [dazzlinggleam, luminacrash, shadowball, uturn] ttype=psychic
INFO     	          hoopa     magician  choicescarf [focusblast, psyshock, shadowball, trick] ttype=psychic
INFO     	        cetitan   sheerforce      lifeorb [iceshard, iciclecrash, liquidation, superpower] ttype=water
INFO     Sampling battle 4
INFO     	         kyogre      drizzle  choicescarf [icebeam, originpulse, thunder, waterspout] ttype=water
INFO     	  mimikyubusted     disguise      lifeorb [playrough, shadowclaw, shadowsneak, swordsdance] ttype=fairy
INFO     Sampling 3 unrevealed pokemon
INFO     	      crawdaunt adaptability      lifeorb [aquajet, crabhammer, dragondance, knockoff] ttype=water
INFO     	      magmortar    flamebody heavydutyboots [earthquake, fireblast, focusblast, willowisp] ttype=fighting
INFO     	         latias     levitate      souldew [calmmind, dracometeor, psyshock, recover] ttype=steel
INFO     Sampling battle 5
INFO     	         kyogre      drizzle  choicescarf [icebeam, originpulse, thunder, waterspout] ttype=water
INFO     	  mimikyubusted     disguise      lifeorb [playrough, shadowclaw, shadowsneak, swordsdance] ttype=fairy
INFO     Sampling 3 unrevealed pokemon
INFO     	         tauros   sheerforce      lifeorb [bodyslam, closecombat, throatchop, zenheadbutt] ttype=normal
INFO     	        tropius      harvest  sitrusberry [airslash, leechseed, protect, substitute] ttype=steel
INFO     	         kommoo   soundproof   loadeddice [closecombat, ironhead, scaleshot, swordsdance] ttype=steel
INFO     Sampling battle 6
INFO     	         kyogre      drizzle  choicescarf [icebeam, originpulse, thunder, waterspout] ttype=water
INFO     	  mimikyubusted     disguise      lifeorb [drainpunch, playrough, shadowsneak, swordsdance] ttype=fighting
INFO     Sampling 3 unrevealed pokemon
INFO     	      electrode    aftermath heavydutyboots [foulplay, thunderbolt, thunderwave, voltswitch] ttype=dark
INFO     	       greninja      protean      lifeorb [gunkshot, hydropump, icebeam, spikes] ttype=poison
INFO     	       ursaring    quickfeet     toxicorb [closecombat, facade, swordsdance, throatchop] ttype=normal
INFO     Sampling battle 7
INFO     	         kyogre      drizzle  choicescarf [icebeam, originpulse, thunder, waterspout] ttype=water
INFO     	  mimikyubusted     disguise      lifeorb [playrough, shadowclaw, shadowsneak, swordsdance] ttype=fairy
INFO     Sampling 3 unrevealed pokemon
INFO     	    barraskewda    swiftswim   choiceband [closecombat, flipturn, throatchop, waterfall] ttype=water
INFO     	     shayminsky  serenegrace    leftovers [airslash, leechseed, seedflare, substitute] ttype=steel
INFO     	         deoxys     pressure      lifeorb [extremespeed, knockoff, psychoboost, superpower] ttype=fighting
INFO     Sampling battle 8
INFO     	         kyogre      drizzle  choicescarf [icebeam, originpulse, thunder, waterspout] ttype=water
INFO     	  mimikyubusted     disguise      lifeorb [drainpunch, playrough, shadowsneak, swordsdance] ttype=fairy
INFO     Sampling 3 unrevealed pokemon
INFO     	      electrode    aftermath heavydutyboots [foulplay, taunt, thunderbolt, voltswitch] ttype=dark
INFO     	        snorlax     thickfat    leftovers [bodyslam, curse, rest, sleeptalk] ttype=poison
INFO     	      tatsugiri   stormdrain heavydutyboots [dracometeor, nastyplot, rapidspin, surf] ttype=water
INFO     Sampling battle 9
INFO     	         kyogre      drizzle  choicescarf [icebeam, originpulse, thunder, waterspout] ttype=water
INFO     	  mimikyubusted     disguise      lifeorb [playrough, shadowclaw, shadowsneak, swordsdance] ttype=ghost
INFO     Sampling 3 unrevealed pokemon
INFO     	       tornadus    prankster heavydutyboots [bleakwindstorm, focusblast, heatwave, nastyplot] ttype=flying
INFO     	      rotomwash     levitate  choicescarf [hydropump, thunderbolt, trick, voltswitch] ttype=steel
INFO     	      electrode       static      lifeorb [taunt, terablast, thunderbolt, voltswitch] ttype=ice
INFO     Sampling battle 10
INFO     	         kyogre      drizzle  choicescarf [icebeam, originpulse, thunder, waterspout] ttype=water
INFO     	  mimikyubusted     disguise      lifeorb [drainpunch, playrough, shadowsneak, swordsdance] ttype=fighting
INFO     Sampling 3 unrevealed pokemon
INFO     	       articuno     pressure heavydutyboots [bravebird, freezedry, roost, uturn] ttype=steel
INFO     	      passimian      defiant    leftovers [bulkup, drainpunch, gunkshot, knockoff] ttype=poison
INFO     	        avalugg       sturdy heavydutyboots [avalanche, bodypress, rapidspin, recover] ttype=fighting
INFO     Sampling battle 11
INFO     	         kyogre      drizzle  choicescarf [icebeam, originpulse, thunder, waterspout] ttype=water
INFO     	  mimikyubusted     disguise      lifeorb [drainpunch, playrough, shadowsneak, swordsdance] ttype=fighting
INFO     Sampling 3 unrevealed pokemon
INFO     	       skarmory       sturdy  rockyhelmet [bodypress, bravebird, roost, stealthrock] ttype=dragon
INFO     	        banette     insomnia      lifeorb [gunkshot, poltergeist, shadowsneak, swordsdance] ttype=poison
INFO     	        calyrex      unnerve    leftovers [bodypress, encore, gigadrain, psychic] ttype=steel
INFO     Sampling battle 12
INFO     	         kyogre      drizzle  choicescarf [icebeam, originpulse, thunder, waterspout] ttype=water
INFO     	  mimikyubusted     disguise      lifeorb [playrough, shadowclaw, shadowsneak, swordsdance] ttype=fairy
INFO     Sampling 3 unrevealed pokemon
INFO     	      rampardos   sheerforce  choicescarf [earthquake, firepunch, headsmash, rockslide] ttype=rock
INFO     	        moltres    flamebody heavydutyboots [bravebird, fireblast, roost, uturn] ttype=dragon
INFO     	       grafaiai  poisontouch  assaultvest [gunkshot, knockoff, superfang, uturn] ttype=dark
INFO     Sampling battle 13
INFO     	         kyogre      drizzle  choicescarf [icebeam, originpulse, thunder, waterspout] ttype=water
INFO     	  mimikyubusted     disguise      lifeorb [playrough, shadowclaw, shadowsneak, swordsdance] ttype=ghost
INFO     Sampling 3 unrevealed pokemon
INFO     	          arbok   intimidate    leftovers [coil, earthquake, gunkshot, suckerpunch] ttype=dark
INFO     	      lilligant     owntempo      lifeorb [alluringvoice, petaldance, quiverdance, sleeppowder] ttype=fairy
INFO     	        wugtrio        gooey   choiceband [aquajet, liquidation, stompingtantrum, throatchop] ttype=ground
INFO     Sampling battle 14
INFO     	         kyogre      drizzle  choicescarf [icebeam, originpulse, thunder, waterspout] ttype=water
INFO     	  mimikyubusted     disguise      lifeorb [drainpunch, playrough, shadowsneak, swordsdance] ttype=fairy
INFO     Sampling 3 unrevealed pokemon
INFO     	       tornadus    prankster heavydutyboots [bleakwindstorm, focusblast, heatwave, nastyplot] ttype=fighting
INFO     	      ninetales      drought heavydutyboots [fireblast, nastyplot, scorchingsands, solarbeam] ttype=fire
INFO     	      ironhands   quarkdrive  assaultvest [drainpunch, fakeout, voltswitch, wildcharge] ttype=fighting
INFO     Sampling battle 15
INFO     	         kyogre      drizzle  choicescarf [icebeam, originpulse, thunder, waterspout] ttype=water
INFO     	  mimikyubusted     disguise      lifeorb [playrough, shadowclaw, shadowsneak, swordsdance] ttype=fairy
INFO     Sampling 3 unrevealed pokemon
INFO     	        glaceon      icebody heavydutyboots [freezedry, mudshot, protect, wish] ttype=ground
INFO     	       arboliva      harvest  sitrusberry [hypervoice, leechseed, protect, substitute] ttype=water
INFO     	        dipplin   stickyhold     eviolite [dragonpulse, gigadrain, recover, suckerpunch] ttype=steel
INFO     Searching for a move using MCTS...
INFO     Sampling 16 battles at 500ms each
INFO     Iterations 1: 93000
INFO     Iterations 6: 93000
INFO     Iterations 3: 87000
INFO     Iterations 4: 85000
INFO     Iterations 7: 89000
INFO     Iterations 0: 90000
INFO     Iterations 5: 92000
INFO     Iterations 2: 88000
INFO     Iterations 10: 67000
INFO     Iterations 8: 68000
INFO     Iterations 9: 73000
INFO     Iterations 11: 68000
INFO     Iterations 13: 74000
INFO     Iterations 15: 74000
INFO     Iterations 12: 69000
INFO     Iterations 14: 70000
INFO     Policy 0: dracometeor visited 46.59% avg_score=0.561 sample_chance_multiplier=0.062
INFO     Policy 1: thunderbolt visited 48.04% avg_score=0.596 sample_chance_multiplier=0.062
INFO     Policy 2: thunderbolt visited 31.9% avg_score=0.413 sample_chance_multiplier=0.062
INFO     Policy 3: voltswitch visited 50.3% avg_score=0.544 sample_chance_multiplier=0.062
INFO     Policy 4: voltswitch visited 65.13% avg_score=0.631 sample_chance_multiplier=0.062
INFO     Policy 5: thunderbolt visited 41.81% avg_score=0.577 sample_chance_multiplier=0.062
INFO     Policy 6: thunderbolt visited 44.01% avg_score=0.625 sample_chance_multiplier=0.062
INFO     Policy 7: thunderbolt visited 79.56% avg_score=0.731 sample_chance_multiplier=0.062
INFO     Policy 8: voltswitch visited 35.84% avg_score=0.558 sample_chance_multiplier=0.062
INFO     Policy 9: thunderbolt visited 88.54% avg_score=0.693 sample_chance_multiplier=0.062
INFO     Policy 10: thunderbolt visited 77.99% avg_score=0.646 sample_chance_multiplier=0.062
INFO     Policy 11: dracometeor visited 32.66% avg_score=0.523 sample_chance_multiplier=0.062
INFO     Policy 12: voltswitch visited 67.35% avg_score=0.608 sample_chance_multiplier=0.062
INFO     Policy 13: dracometeor visited 37.29% avg_score=0.567 sample_chance_multiplier=0.062
INFO     Policy 14: voltswitch visited 28.0% avg_score=0.498 sample_chance_multiplier=0.062
INFO     Policy 15: voltswitch visited 46.95% avg_score=0.552 sample_chance_multiplier=0.062
INFO     Considered Choices:
INFO     	35.871%: thunderbolt
INFO     	29.539%: voltswitch
INFO     Choice: thunderbolt
INFO     Opponent has switched - clearing the last used move
INFO     malamar switched in, adding intimidate to impossible abilities
INFO     malamar switched in, adding pressure to impossible abilities
INFO     malamar switched in, adding neutralizinggas to impossible abilities
INFO     malamar switched in, adding sandstream to impossible abilities
INFO     malamar switched in, adding drought to impossible abilities
INFO     Not adding drizzle to malamar's impossible abilities because the weather would not have triggered
INFO     malamar switched in, adding snowwarning to impossible abilities
INFO     malamar switched in, adding boosterenergy to impossible items
INFO     malamar switched in, adding airballoon to impossible items
INFO     ragingbolt already has the move thunderbolt. Decrementing the PP by 1
INFO     ragingbolt used a electric move, removing electricgem from possible items
INFO     Setting ragingbolt's last used move: thunderbolt
INFO     ragingbolt used a damaging move - not guessing lifeorb anymore
INFO     ragingbolt did 42.0% damage to malamar with thunderbolt
INFO     Weather raindance is active
INFO     Weather turns remaining: 3
INFO     malamar has less than maxhp during upkeep, no longer guessing leftovers or blacksludge
INFO     
INFO     Turn: 10
INFO     Sampling battle 0
INFO     	        malamar     contrary  chestoberry [knockoff, psychocut, rest, superpower] ttype=steel
INFO     	  mimikyubusted     disguise      lifeorb [playrough, shadowclaw, shadowsneak, swordsdance] ttype=ghost
INFO     	         kyogre      drizzle  choicescarf [icebeam, originpulse, thunder, waterspout] ttype=water
INFO     Sampling 2 unrevealed pokemon
INFO     	        dugtrio    arenatrap   choiceband [earthquake, stoneedge, suckerpunch, throatchop] ttype=ground
INFO     	     galvantula compoundeyes heavydutyboots [bugbuzz, energyball, stickyweb, thunder] ttype=electric
INFO     Sampling battle 1
INFO     	        malamar     contrary  chestoberry [knockoff, psychocut, rest, superpower] ttype=fighting
INFO     	  mimikyubusted     disguise      lifeorb [playrough, shadowclaw, shadowsneak, swordsdance] ttype=ghost
INFO     	         kyogre      drizzle  choicescarf [icebeam, originpulse, thunder, waterspout] ttype=water
INFO     Sampling 2 unrevealed pokemon
INFO     	   zoroarkhisui     illusion      lifeorb [bittermalice, flamethrower, hypervoice, nastyplot] ttype=normal
INFO     	    sandyshocks protosynthesis heavydutyboots [earthpower, stealthrock, thunderbolt, voltswitch] ttype=grass
INFO     Sampling battle 2
INFO     	        malamar     contrary  chestoberry [knockoff, psychocut, rest, superpower] ttype=fighting
INFO     	  mimikyubusted     disguise      lifeorb [playrough, shadowclaw, shadowsneak, swordsdance] ttype=ghost
INFO     	         kyogre      drizzle  choicescarf [icebeam, originpulse, thunder, waterspout] ttype=water
INFO     Sampling 2 unrevealed pokemon
INFO     	      azumarill    hugepower   choiceband [aquajet, icespinner, liquidation, playrough] ttype=water
INFO     	         eiscue      iceface  sitrusberry [bellydrum, icespinner, liquidation, terablast] ttype=ground
INFO     Sampling battle 3
INFO     	        malamar     contrary  chestoberry [knockoff, psychocut, rest, superpower] ttype=steel
INFO     	  mimikyubusted     disguise      lifeorb [drainpunch, playrough, shadowsneak, swordsdance] ttype=fighting
INFO     	         kyogre      drizzle  choicescarf [icebeam, originpulse, thunder, waterspout] ttype=water
INFO     Sampling 2 unrevealed pokemon
INFO     	     pincurchin electricsurge    leftovers [discharge, recover, scald, spikes] ttype=water
INFO     	      rillaboom  grassysurge   choiceband [grassyglide, highhorsepower, uturn, woodhammer] ttype=grass
INFO     Sampling battle 4
INFO     	        malamar     contrary  chestoberry [knockoff, psychocut, rest, superpower] ttype=poison
INFO     	  mimikyubusted     disguise      lifeorb [playrough, shadowclaw, shadowsneak, swordsdance] ttype=fairy
INFO     	         kyogre      drizzle  choicescarf [icebeam, originpulse, thunder, waterspout] ttype=water
INFO     Sampling 2 unrevealed pokemon
INFO     	       lurantis     contrary  assaultvest [knockoff, leafstorm, leechlife, superpower] ttype=water
INFO     	taurospaldeablaze      cudchew  sitrusberry [bulkup, closecombat, ragingbull, substitute] ttype=water
INFO     Sampling battle 5
INFO     	        malamar     contrary  chestoberry [knockoff, psychocut, rest, superpower] ttype=steel
INFO     	  mimikyubusted     disguise      lifeorb [playrough, shadowclaw, shadowsneak, swordsdance] ttype=ghost
INFO     	         kyogre      drizzle  choicescarf [icebeam, originpulse, thunder, waterspout] ttype=water
INFO     Sampling 2 unrevealed pokemon
INFO     	        beartic    slushrush heavydutyboots [closecombat, iciclecrash, snowscape, swordsdance] ttype=fighting
INFO     	      staraptor     reckless   choiceband [bravebird, closecombat, quickattack, uturn] ttype=fighting
INFO     Sampling battle 6
INFO     	        malamar     contrary  chestoberry [knockoff, psychocut, rest, superpower] ttype=steel
INFO     	  mimikyubusted     disguise      lifeorb [drainpunch, playrough, shadowsneak, swordsdance] ttype=fairy
INFO     	         kyogre      drizzle  choicescarf [icebeam, originpulse, thunder, waterspout] ttype=water
INFO     Sampling 2 unrevealed pokemon
INFO     	        lucario    justified      lifeorb [closecombat, extremespeed, meteormash, swordsdance] ttype=normal
INFO     	typhlosionhisui        blaze heavydutyboots [calmmind, fireblast, shadowball, willowisp] ttype=fire
INFO     Sampling battle 7
INFO     	        malamar     contrary  chestoberry [knockoff, psychocut, rest, superpower] ttype=steel
INFO     	  mimikyubusted     disguise      lifeorb [drainpunch, playrough, shadowsneak, swordsdance] ttype=fighting
INFO     	         kyogre      drizzle  choicescarf [icebeam, originpulse, thunder, waterspout] ttype=water
INFO     Sampling 2 unrevealed pokemon
INFO     	       ludicolo    swiftswim  choicespecs [gigadrain, hydropump, icebeam, leafstorm] ttype=water
INFO     	    ironvaliant   quarkdrive      lifeorb [closecombat, knockoff, spiritbreak, swordsdance] ttype=fighting
INFO     Sampling battle 8
INFO     	        malamar     contrary  chestoberry [knockoff, psychocut, rest, superpower] ttype=steel
INFO     	  mimikyubusted     disguise      lifeorb [drainpunch, playrough, shadowsneak, swordsdance] ttype=fighting
INFO     	         kyogre      drizzle  choicescarf [icebeam, originpulse, thunder, waterspout] ttype=water
INFO     Sampling 2 unrevealed pokemon
INFO     	      glastrier chillingneigh heavydutyboots [closecombat, highhorsepower, iciclecrash, swordsdance] ttype=ground
INFO     	     ironbundle   quarkdrive heavydutyboots [encore, flipturn, freezedry, hydropump] ttype=water
INFO     Sampling battle 9
INFO     	        malamar     contrary  chestoberry [knockoff, psychocut, rest, superpower] ttype=steel
INFO     	  mimikyubusted     disguise      lifeorb [playrough, shadowclaw, shadowsneak, swordsdance] ttype=fairy
INFO     	         kyogre      drizzle  choicescarf [icebeam, originpulse, thunder, waterspout] ttype=water
INFO     Sampling 2 unrevealed pokemon
INFO     	       dragalge adaptability    leftovers [dracometeor, focusblast, sludgewave, toxic] ttype=fighting
INFO     	      hippowdon   sandstream    leftovers [earthquake, slackoff, stealthrock, stoneedge] ttype=steel
INFO     Sampling battle 10
INFO     	        malamar     contrary  chestoberry [knockoff, psychocut, rest, superpower] ttype=steel
INFO     	  mimikyubusted     disguise      lifeorb [drainpunch, playrough, shadowsneak, swordsdance] ttype=fairy
INFO     	         kyogre      drizzle  choicescarf [icebeam, originpulse, thunder, waterspout] ttype=water
INFO     Sampling 2 unrevealed pokemon
INFO     	       ludicolo    swiftswim      lifeorb [gigadrain, hydropump, icebeam, raindance] ttype=grass
INFO     	        sableye    prankster    leftovers [encore, knockoff, recover, thunderwave] ttype=poison
INFO     Sampling battle 11
INFO     	        malamar     contrary  chestoberry [knockoff, psychocut, rest, superpower] ttype=poison
INFO     	  mimikyubusted     disguise      lifeorb [drainpunch, playrough, shadowsneak, swordsdance] ttype=fighting
INFO     	         kyogre      drizzle  choicescarf [icebeam, originpulse, thunder, waterspout] ttype=water
INFO     Sampling 2 unrevealed pokemon
INFO     	       ampharos       static  assaultvest [dazzlinggleam, discharge, dragontail, voltswitch] ttype=fairy
INFO     	tornadustherian  regenerator heavydutyboots [bleakwindstorm, focusblast, grassknot, nastyplot] ttype=fighting
INFO     Sampling battle 12
INFO     	        malamar     contrary  chestoberry [knockoff, psychocut, rest, superpower] ttype=fighting
INFO     	  mimikyubusted     disguise      lifeorb [playrough, shadowclaw, shadowsneak, swordsdance] ttype=fairy
INFO     	         kyogre      drizzle  choicescarf [icebeam, originpulse, thunder, waterspout] ttype=water
INFO     Sampling 2 unrevealed pokemon
INFO     	       lurantis     contrary    leftovers [knockoff, leafstorm, superpower, synthesis] ttype=fighting
INFO     	      heracross        moxie   choiceband [closecombat, knockoff, megahorn, stoneedge] ttype=fighting
INFO     Sampling battle 13
INFO     	        malamar     contrary  chestoberry [knockoff, psychocut, rest, superpower] ttype=poison
INFO     	  mimikyubusted     disguise      lifeorb [playrough, shadowclaw, shadowsneak, swordsdance] ttype=ghost
INFO     	         kyogre      drizzle  choicescarf [icebeam, originpulse, thunder, waterspout] ttype=water
INFO     Sampling 2 unrevealed pokemon
INFO     	        falinks      defiant      lifeorb [closecombat, ironhead, knockoff, noretreat] ttype=steel
INFO     	       sunflora  chlorophyll      lifeorb [earthpower, solarbeam, sunnyday, weatherball] ttype=fire
INFO     Sampling battle 14
INFO     	        malamar     contrary  chestoberry [knockoff, psychocut, rest, superpower] ttype=poison
INFO     	  mimikyubusted     disguise      lifeorb [drainpunch, playrough, shadowsneak, swordsdance] ttype=fairy
INFO     	         kyogre      drizzle  choicescarf [icebeam, originpulse, thunder, waterspout] ttype=water
INFO     Sampling 2 unrevealed pokemon
INFO     	       vaporeon  waterabsorb    leftovers [calmmind, protect, scald, wish] ttype=ghost
INFO     	      ironhands   quarkdrive    leftovers [drainpunch, icepunch, swordsdance, wildcharge] ttype=flying
INFO     Sampling battle 15
INFO     	        malamar     contrary  chestoberry [knockoff, psychocut, rest, superpower] ttype=poison
INFO     	  mimikyubusted     disguise      lifeorb [drainpunch, playrough, shadowsneak, swordsdance] ttype=fairy
INFO     	         kyogre      drizzle  choicescarf [icebeam, originpulse, thunder, waterspout] ttype=water
INFO     Sampling 2 unrevealed pokemon
INFO     	        ambipom   technician   choiceband [doubleedge, knockoff, lowkick, tripleaxel] ttype=ice
INFO     	     krookodile   intimidate    leftovers [bulkup, earthquake, gunkshot, knockoff] ttype=poison
INFO     Searching for a move using MCTS...
INFO     Sampling 16 battles at 500ms each
INFO     Iterations 7: 84000
INFO     Iterations 4: 85000
INFO     Iterations 3: 84000
INFO     Iterations 0: 83000
INFO     Iterations 1: 92000
INFO     Iterations 5: 91000
INFO     Iterations 6: 87000
INFO     Iterations 2: 85000
INFO     Iterations 8: 70000
INFO     Iterations 9: 71000
INFO     Iterations 11: 70000
INFO     Iterations 12: 72000
INFO     Iterations 10: 74000
INFO     Iterations 14: 79000
INFO     Iterations 15: 80000
INFO     Iterations 13: 76000
INFO     Policy 0: dracometeor visited 41.79% avg_score=0.499 sample_chance_multiplier=0.062
INFO     Policy 1: dracometeor visited 61.63% avg_score=0.55 sample_chance_multiplier=0.062
INFO     Policy 2: voltswitch visited 55.56% avg_score=0.568 sample_chance_multiplier=0.062
INFO     Policy 3: voltswitch visited 61.35% avg_score=0.561 sample_chance_multiplier=0.062
INFO     Policy 4: voltswitch visited 71.99% avg_score=0.523 sample_chance_multiplier=0.062
INFO     Policy 5: thunderbolt-tera visited 70.38% avg_score=0.583 sample_chance_multiplier=0.062
INFO     Policy 6: voltswitch visited 66.96% avg_score=0.613 sample_chance_multiplier=0.062
INFO     Policy 7: voltswitch visited 40.58% avg_score=0.545 sample_chance_multiplier=0.062
INFO     Policy 8: voltswitch visited 78.87% avg_score=0.567 sample_chance_multiplier=0.062
INFO     Policy 9: dracometeor visited 52.07% avg_score=0.484 sample_chance_multiplier=0.062
INFO     Policy 10: voltswitch visited 33.94% avg_score=0.557 sample_chance_multiplier=0.062
INFO     Policy 11: dracometeor visited 40.52% avg_score=0.541 sample_chance_multiplier=0.062
INFO     Policy 12: voltswitch visited 69.04% avg_score=0.535 sample_chance_multiplier=0.062
INFO     Policy 13: voltswitch visited 54.1% avg_score=0.542 sample_chance_multiplier=0.062
INFO     Policy 14: voltswitch visited 38.63% avg_score=0.486 sample_chance_multiplier=0.062
INFO     Policy 15: dracometeor visited 65.21% avg_score=0.513 sample_chance_multiplier=0.062
INFO     Considered Choices:
INFO     	39.571%: voltswitch
INFO     Choice: voltswitch
INFO     Updated malamar's min speed to 162
INFO     malamar used a fighting move, removing fightinggem from possible items
INFO     Setting malamar's last used move: superpower
INFO     malamar used a damaging move - not guessing lifeorb anymore
INFO     malamar did 24.77% damage to ragingbolt with superpower
INFO     malamar's attack was boosted by 1 to 1
INFO     malamar's defense was boosted by 1 to 1
INFO     ragingbolt already has the move voltswitch. Decrementing the PP by 1
INFO     ragingbolt used a electric move, removing electricgem from possible items
INFO     Setting ragingbolt's last used move: voltswitch
INFO     ragingbolt used a damaging move - not guessing lifeorb anymore
INFO     ragingbolt did 35.0% damage to malamar with voltswitch
INFO     Sampling battle 0
INFO     	        malamar     contrary  chestoberry [knockoff, psychocut, rest, superpower] ttype=fighting
INFO     	  mimikyubusted     disguise      lifeorb [drainpunch, playrough, shadowsneak, swordsdance] ttype=fighting
INFO     	         kyogre      drizzle  choicescarf [icebeam, originpulse, thunder, waterspout] ttype=water
INFO     Sampling 2 unrevealed pokemon
INFO     	 oricoriopompom       dancer heavydutyboots [hurricane, quiverdance, revelationdance, roost] ttype=ground
INFO     	      bellibolt electromorphosis    leftovers [muddywater, slackoff, thunderbolt, voltswitch] ttype=water
INFO     Sampling battle 1
INFO     	        malamar     contrary  chestoberry [knockoff, psychocut, rest, superpower] ttype=fighting
INFO     	  mimikyubusted     disguise      lifeorb [drainpunch, playrough, shadowsneak, swordsdance] ttype=fighting
INFO     	         kyogre      drizzle  choicescarf [icebeam, originpulse, thunder, waterspout] ttype=water
INFO     Sampling 2 unrevealed pokemon
INFO     	     kricketune   technician    focussash [knockoff, pounce, stickyweb, taunt] ttype=ghost
INFO     	        moltres    flamebody heavydutyboots [bravebird, fireblast, roost, scorchingsands] ttype=steel
INFO     Sampling battle 2
INFO     	        malamar     contrary  chestoberry [knockoff, psychocut, rest, superpower] ttype=steel
INFO     	  mimikyubusted     disguise      lifeorb [drainpunch, playrough, shadowsneak, swordsdance] ttype=fairy
INFO     	         kyogre      drizzle  choicescarf [icebeam, originpulse, thunder, waterspout] ttype=water
INFO     Sampling 2 unrevealed pokemon
INFO     	        gallade    sharpness      lifeorb [agility, nightslash, psychocut, sacredsword] ttype=dark
INFO     	         dodrio    earlybird heavydutyboots [bravebird, doubleedge, drillrun, swordsdance] ttype=normal
INFO     Sampling battle 3
INFO     	        malamar     contrary  chestoberry [knockoff, psychocut, rest, superpower] ttype=steel
INFO     	  mimikyubusted     disguise      lifeorb [drainpunch, playrough, shadowsneak, swordsdance] ttype=fairy
INFO     	         kyogre      drizzle  choicescarf [icebeam, originpulse, thunder, waterspout] ttype=water
INFO     Sampling 2 unrevealed pokemon
INFO     	          entei   innerfocus   choiceband [extremespeed, flareblitz, sacredfire, stoneedge] ttype=normal
INFO     	     hitmonchan     ironfist    leftovers [bulkup, drainpunch, knockoff, rapidspin] ttype=dark
INFO     Sampling battle 4
INFO     	        malamar     contrary  chestoberry [knockoff, psychocut, rest, superpower] ttype=poison
INFO     	  mimikyubusted     disguise      lifeorb [drainpunch, playrough, shadowsneak, swordsdance] ttype=fairy
INFO     	         kyogre      drizzle  choicescarf [icebeam, originpulse, thunder, waterspout] ttype=water
INFO     Sampling 2 unrevealed pokemon
INFO     	        gliscor   poisonheal     toxicorb [earthquake, knockoff, protect, toxic] ttype=water
INFO     	ursalunabloodmoon     mindseye    leftovers [bloodmoon, calmmind, moonlight, vacuumwave] ttype=fighting
INFO     Sampling battle 5
INFO     	        malamar     contrary  chestoberry [knockoff, psychocut, rest, superpower] ttype=poison
INFO     	  mimikyubusted     disguise      lifeorb [drainpunch, playrough, shadowsneak, swordsdance] ttype=fairy
INFO     	         kyogre      drizzle  choicescarf [icebeam, originpulse, thunder, waterspout] ttype=water
INFO     Sampling 2 unrevealed pokemon
INFO     	     feraligatr   sheerforce      lifeorb [crunch, dragondance, icepunch, liquidation] ttype=water
INFO     	   arceusflying    multitype     skyplate [calmmind, earthpower, judgment, recover] ttype=steel
INFO     Sampling battle 6
INFO     	        malamar     contrary  chestoberry [knockoff, psychocut, rest, superpower] ttype=poison
INFO     	  mimikyubusted     disguise      lifeorb [playrough, shadowclaw, shadowsneak, swordsdance] ttype=fairy
INFO     	         kyogre      drizzle  choicescarf [icebeam, originpulse, thunder, waterspout] ttype=water
INFO     Sampling 2 unrevealed pokemon
INFO     	      infernape        blaze  choicescarf [closecombat, flareblitz, gunkshot, knockoff] ttype=dark
INFO     	   moltresgalar      berserk weaknesspolicy [agility, fierywrath, hurricane, nastyplot] ttype=dark
INFO     Sampling battle 7
INFO     	        malamar     contrary  chestoberry [knockoff, psychocut, rest, superpower] ttype=fighting
INFO     	  mimikyubusted     disguise      lifeorb [drainpunch, playrough, shadowsneak, swordsdance] ttype=fairy
INFO     	         kyogre      drizzle  choicescarf [icebeam, originpulse, thunder, waterspout] ttype=water
INFO     Sampling 2 unrevealed pokemon
INFO     	    basculegion adaptability  assaultvest [aquajet, flipturn, shadowball, wavecrash] ttype=water
INFO     	      vileplume  effectspore    leftovers [gigadrain, sleeppowder, sludgebomb, strengthsap] ttype=water
INFO     Sampling battle 8
INFO     	        malamar     contrary  chestoberry [knockoff, psychocut, rest, superpower] ttype=poison
INFO     	  mimikyubusted     disguise      lifeorb [drainpunch, playrough, shadowsneak, swordsdance] ttype=fighting
INFO     	         kyogre      drizzle  choicescarf [icebeam, originpulse, thunder, waterspout] ttype=water
INFO     Sampling 2 unrevealed pokemon
INFO     	     galvantula compoundeyes heavydutyboots [bugbuzz, stickyweb, thunder, voltswitch] ttype=electric
INFO     	      arceusbug    multitype  insectplate [calmmind, fireblast, judgment, recover] ttype=fire
INFO     Sampling battle 9
INFO     	        malamar     contrary  chestoberry [knockoff, psychocut, rest, superpower] ttype=fighting
INFO     	  mimikyubusted     disguise      lifeorb [playrough, shadowclaw, shadowsneak, swordsdance] ttype=fairy
INFO     	         kyogre      drizzle  choicescarf [icebeam, originpulse, thunder, waterspout] ttype=water
INFO     Sampling 2 unrevealed pokemon
INFO     	  deoxysdefense     pressure  rockyhelmet [knockoff, psychicnoise, recover, stealthrock] ttype=fairy
INFO     	        drednaw    strongjaw    whiteherb [crunch, liquidation, shellsmash, stoneedge] ttype=dark
INFO     Sampling battle 10
INFO     	        malamar     contrary  chestoberry [knockoff, psychocut, rest, superpower] ttype=fighting
INFO     	  mimikyubusted     disguise      lifeorb [drainpunch, playrough, shadowsneak, swordsdance] ttype=fairy
INFO     	         kyogre      drizzle  choicescarf [icebeam, originpulse, thunder, waterspout] ttype=water
INFO     Sampling 2 unrevealed pokemon
INFO     	     hitmonchan     ironfist      lifeorb [drainpunch, icepunch, knockoff, swordsdance] ttype=dark
INFO     	      honchkrow        moxie heavydutyboots [bravebird, heatwave, suckerpunch, uturn] ttype=dark
INFO     Sampling battle 11
INFO     	        malamar     contrary  chestoberry [knockoff, psychocut, rest, superpower] ttype=steel
INFO     	  mimikyubusted     disguise      lifeorb [playrough, shadowclaw, shadowsneak, swordsdance] ttype=ghost
INFO     	         kyogre      drizzle  choicescarf [icebeam, originpulse, thunder, waterspout] ttype=water
INFO     Sampling 2 unrevealed pokemon
INFO     	         mewtwo     pressure      lifeorb [aurasphere, fireblast, nastyplot, psystrike] ttype=fighting
INFO     	     incineroar   intimidate heavydutyboots [flareblitz, knockoff, swordsdance, trailblaze] ttype=grass
INFO     Sampling battle 12
INFO     	        malamar     contrary  chestoberry [knockoff, psychocut, rest, superpower] ttype=steel
INFO     	  mimikyubusted     disguise      lifeorb [playrough, shadowclaw, shadowsneak, swordsdance] ttype=ghost
INFO     	         kyogre      drizzle  choicescarf [icebeam, originpulse, thunder, waterspout] ttype=water
INFO     Sampling 2 unrevealed pokemon
INFO     	      garganacl purifyingsalt    leftovers [bodypress, protect, recover, saltcure] ttype=dragon
INFO     	           hooh  regenerator heavydutyboots [bravebird, earthquake, recover, sacredfire] ttype=ground
INFO     Sampling battle 13
INFO     	        malamar     contrary  chestoberry [knockoff, psychocut, rest, superpower] ttype=fighting
INFO     	  mimikyubusted     disguise      lifeorb [drainpunch, playrough, shadowsneak, swordsdance] ttype=fighting
INFO     	         kyogre      drizzle  choicescarf [icebeam, originpulse, thunder, waterspout] ttype=water
INFO     Sampling 2 unrevealed pokemon
INFO     	        moltres    flamebody heavydutyboots [bravebird, fireblast, roost, willowisp] ttype=steel
INFO     	   persianalola      furcoat    leftovers [darkpulse, hypnosis, nastyplot, thunderbolt] ttype=electric
INFO     Sampling battle 14
INFO     	        malamar     contrary  chestoberry [knockoff, psychocut, rest, superpower] ttype=poison
INFO     	  mimikyubusted     disguise      lifeorb [playrough, shadowclaw, shadowsneak, swordsdance] ttype=ghost
INFO     	         kyogre      drizzle  choicescarf [icebeam, originpulse, thunder, waterspout] ttype=water
INFO     Sampling 2 unrevealed pokemon
INFO     	       vikavolt     levitate heavydutyboots [bugbuzz, discharge, stickyweb, voltswitch] ttype=electric
INFO     	      electrode       static      lifeorb [taunt, terablast, thunderbolt, voltswitch] ttype=ice
INFO     Sampling battle 15
INFO     	        malamar     contrary  chestoberry [knockoff, psychocut, rest, superpower] ttype=poison
INFO     	  mimikyubusted     disguise      lifeorb [playrough, shadowclaw, shadowsneak, swordsdance] ttype=fairy
INFO     	         kyogre      drizzle  choicescarf [icebeam, originpulse, thunder, waterspout] ttype=water
INFO     Sampling 2 unrevealed pokemon
INFO     	      rotomwash     levitate    leftovers [discharge, hydropump, painsplit, willowisp] ttype=electric
INFO     	     eelektross     levitate  assaultvest [closecombat, discharge, knockoff, uturn] ttype=steel
INFO     Searching for a move using MCTS...
INFO     Sampling 16 battles at 500ms each
INFO     Iterations 4: 119000
INFO     Iterations 1: 132000
INFO     Iterations 7: 125000
INFO     Iterations 2: 142000
INFO     Iterations 3: 132000
INFO     Iterations 0: 130000
INFO     Iterations 5: 137000
INFO     Iterations 6: 127000
INFO     Iterations 11: 130000
INFO     Iterations 9: 137000
INFO     Iterations 8: 132000
INFO     Iterations 10: 132000
INFO     Iterations 12: 135000
INFO     Iterations 14: 131000
INFO     Iterations 13: 128000
INFO     Iterations 15: 131000
INFO     Policy 0: switch ironvaliant visited 72.16% avg_score=0.703 sample_chance_multiplier=0.062
INFO     Policy 1: switch ironmoth visited 76.4% avg_score=0.685 sample_chance_multiplier=0.062
INFO     Policy 2: switch ironvaliant visited 87.65% avg_score=0.668 sample_chance_multiplier=0.062
INFO     Policy 3: switch ironvaliant visited 79.5% avg_score=0.672 sample_chance_multiplier=0.062
INFO     Policy 4: switch sceptile visited 97.6% avg_score=0.728 sample_chance_multiplier=0.062
INFO     Policy 5: switch ironmoth visited 80.02% avg_score=0.7 sample_chance_multiplier=0.062
INFO     Policy 6: switch ironvaliant visited 75.7% avg_score=0.684 sample_chance_multiplier=0.062
INFO     Policy 7: switch ironvaliant visited 44.96% avg_score=0.641 sample_chance_multiplier=0.062
INFO     Policy 8: switch ironmoth visited 61.57% avg_score=0.694 sample_chance_multiplier=0.062
INFO     Policy 9: switch ironvaliant visited 53.66% avg_score=0.669 sample_chance_multiplier=0.062
INFO     Policy 10: switch ironvaliant visited 81.47% avg_score=0.707 sample_chance_multiplier=0.062
INFO     Policy 11: switch ironvaliant visited 90.26% avg_score=0.673 sample_chance_multiplier=0.062
INFO     Policy 12: switch sceptile visited 79.24% avg_score=0.685 sample_chance_multiplier=0.062
INFO     Policy 13: switch ironmoth visited 78.43% avg_score=0.71 sample_chance_multiplier=0.062
INFO     Policy 14: switch ironmoth visited 81.94% avg_score=0.683 sample_chance_multiplier=0.062
INFO     Policy 15: switch ironvaliant visited 67.64% avg_score=0.707 sample_chance_multiplier=0.062
INFO     Considered Choices:
INFO     	48.122%: switch ironvaliant
INFO     Choice: switch ironvaliant
INFO     Not adding drizzle to ironvaliant's impossible abilities because the weather would not have triggered
INFO     Weather raindance is active
INFO     Weather turns remaining: 2
INFO     malamar has less than maxhp during upkeep, no longer guessing leftovers or blacksludge
INFO     
INFO     Turn: 11
INFO     Sampling battle 0
INFO     	        malamar     contrary  chestoberry [knockoff, psychocut, rest, superpower] ttype=fighting
INFO     	  mimikyubusted     disguise      lifeorb [drainpunch, playrough, shadowsneak, swordsdance] ttype=fairy
INFO     	         kyogre      drizzle  choicescarf [icebeam, originpulse, thunder, waterspout] ttype=water
INFO     Sampling 2 unrevealed pokemon
INFO     	       swampert         damp    leftovers [earthquake, icebeam, knockoff, yawn] ttype=steel
INFO     	       zangoose   toxicboost     toxicorb [facade, knockoff, quickattack, swordsdance] ttype=normal
INFO     Sampling battle 1
INFO     	        malamar     contrary  chestoberry [knockoff, psychocut, rest, superpower] ttype=steel
INFO     	  mimikyubusted     disguise      lifeorb [drainpunch, playrough, shadowsneak, swordsdance] ttype=fairy
INFO     	         kyogre      drizzle  choicescarf [icebeam, originpulse, thunder, waterspout] ttype=water
INFO     Sampling 2 unrevealed pokemon
INFO     	        lucario    justified      lifeorb [closecombat, extremespeed, meteormash, swordsdance] ttype=normal
INFO     	     grimmsnarl    prankster    leftovers [partingshot, spiritbreak, suckerpunch, thunderwave] ttype=steel
INFO     Sampling battle 2
INFO     	        malamar     contrary  chestoberry [knockoff, psychocut, rest, superpower] ttype=steel
INFO     	  mimikyubusted     disguise      lifeorb [drainpunch, playrough, shadowsneak, swordsdance] ttype=fairy
INFO     	         kyogre      drizzle  choicescarf [icebeam, originpulse, thunder, waterspout] ttype=water
INFO     Sampling 2 unrevealed pokemon
INFO     	        lanturn   voltabsorb    leftovers [icebeam, scald, thunderbolt, thunderwave] ttype=flying
INFO     	       koraidon orichalcumpulse   loadeddice [collisioncourse, flareblitz, scaleshot, swordsdance] ttype=fire
INFO     Sampling battle 3
INFO     	        malamar     contrary  chestoberry [knockoff, psychocut, rest, superpower] ttype=poison
INFO     	  mimikyubusted     disguise      lifeorb [drainpunch, playrough, shadowsneak, swordsdance] ttype=fairy
INFO     	         kyogre      drizzle  choicescarf [icebeam, originpulse, thunder, waterspout] ttype=water
INFO     Sampling 2 unrevealed pokemon
INFO     	      hatterene  magicbounce  assaultvest [drainingkiss, mysticalfire, nuzzle, psychic] ttype=fairy
INFO     	      greattusk protosynthesis boosterenergy [bulkup, closecombat, earthquake, stoneedge] ttype=steel
INFO     Sampling battle 4
INFO     	        malamar     contrary  chestoberry [knockoff, psychocut, rest, superpower] ttype=fighting
INFO     	  mimikyubusted     disguise      lifeorb [drainpunch, playrough, shadowsneak, swordsdance] ttype=fighting
INFO     	         kyogre      drizzle  choicescarf [icebeam, originpulse, thunder, waterspout] ttype=water
INFO     Sampling 2 unrevealed pokemon
INFO     	      mismagius     levitate  choicespecs [dazzlinggleam, energyball, shadowball, trick] ttype=ghost
INFO     	      mightyena   intimidate    leftovers [crunch, poisonfang, suckerpunch, taunt] ttype=poison
INFO     Sampling battle 5
INFO     	        malamar     contrary  chestoberry [knockoff, psychocut, rest, superpower] ttype=poison
INFO     	  mimikyubusted     disguise      lifeorb [drainpunch, playrough, shadowsneak, swordsdance] ttype=fairy
INFO     	         kyogre      drizzle  choicescarf [icebeam, originpulse, thunder, waterspout] ttype=water
INFO     Sampling 2 unrevealed pokemon
INFO     	       ludicolo    swiftswim      lifeorb [gigadrain, hydropump, icebeam, raindance] ttype=grass
INFO     	        urshifu   unseenfist   choiceband [closecombat, suckerpunch, uturn, wickedblow] ttype=fighting
INFO     Sampling battle 6
INFO     	        malamar     contrary  chestoberry [knockoff, psychocut, rest, superpower] ttype=poison
INFO     	  mimikyubusted     disguise      lifeorb [playrough, shadowclaw, shadowsneak, swordsdance] ttype=ghost
INFO     	         kyogre      drizzle  choicescarf [icebeam, originpulse, thunder, waterspout] ttype=water
INFO     Sampling 2 unrevealed pokemon
INFO     	      heracross         guts     flameorb [closecombat, facade, knockoff, trailblaze] ttype=normal
INFO     	        scrafty   intimidate    leftovers [dragondance, drainpunch, knockoff, poisonjab] ttype=poison
INFO     Sampling battle 7
INFO     	        malamar     contrary  chestoberry [knockoff, psychocut, rest, superpower] ttype=poison
INFO     	  mimikyubusted     disguise      lifeorb [playrough, shadowclaw, shadowsneak, swordsdance] ttype=ghost
INFO     	         kyogre      drizzle  choicescarf [icebeam, originpulse, thunder, waterspout] ttype=water
INFO     Sampling 2 unrevealed pokemon
INFO     	  samurotthisui    sharpness      lifeorb [ceaselessedge, razorshell, sacredsword, swordsdance] ttype=poison
INFO     	      garganacl purifyingsalt    leftovers [bodypress, irondefense, recover, saltcure] ttype=dragon
INFO     Sampling battle 8
INFO     	        malamar     contrary  chestoberry [knockoff, psychocut, rest, superpower] ttype=fighting
INFO     	  mimikyubusted     disguise      lifeorb [playrough, shadowclaw, shadowsneak, swordsdance] ttype=fairy
INFO     	         kyogre      drizzle  choicescarf [icebeam, originpulse, thunder, waterspout] ttype=water
INFO     Sampling 2 unrevealed pokemon
INFO     	       chimecho     levitate    leftovers [calmmind, dazzlinggleam, psyshock, recover] ttype=electric
INFO     	landorustherian   intimidate    leftovers [earthquake, stealthrock, taunt, uturn] ttype=ground
INFO     Sampling battle 9
INFO     	        malamar     contrary  chestoberry [knockoff, psychocut, rest, superpower] ttype=steel
INFO     	  mimikyubusted     disguise      lifeorb [playrough, shadowclaw, shadowsneak, swordsdance] ttype=fairy
INFO     	         kyogre      drizzle  choicescarf [icebeam, originpulse, thunder, waterspout] ttype=water
INFO     Sampling 2 unrevealed pokemon
INFO     	        cetitan     thickfat  sitrusberry [bellydrum, earthquake, iceshard, icespinner] ttype=ice
INFO     	   slowbrogalar  regenerator      lifeorb [fireblast, psychic, shellsidearm, trickroom] ttype=poison
INFO     Sampling battle 10
INFO     	        malamar     contrary  chestoberry [knockoff, psychocut, rest, superpower] ttype=fighting
INFO     	  mimikyubusted     disguise      lifeorb [drainpunch, playrough, shadowsneak, swordsdance] ttype=fighting
INFO     	         kyogre      drizzle  choicescarf [icebeam, originpulse, thunder, waterspout] ttype=water
INFO     Sampling 2 unrevealed pokemon
INFO     	      rampardos   sheerforce      lifeorb [earthquake, firepunch, rockslide, zenheadbutt] ttype=psychic
INFO     	        spidops     stakeout heavydutyboots [circlethrow, spikes, stickyweb, toxicspikes] ttype=ghost
INFO     Sampling battle 11
INFO     	        malamar     contrary  chestoberry [knockoff, psychocut, rest, superpower] ttype=steel
INFO     	  mimikyubusted     disguise      lifeorb [drainpunch, playrough, shadowsneak, swordsdance] ttype=fighting
INFO     	         kyogre      drizzle  choicescarf [icebeam, originpulse, thunder, waterspout] ttype=water
INFO     Sampling 2 unrevealed pokemon
INFO     	      toxicroak      dryskin   choiceband [closecombat, earthquake, gunkshot, knockoff] ttype=dark
INFO     	         tinglu vesselofruin    leftovers [earthquake, heavyslam, payback, spikes] ttype=ghost
INFO     Sampling battle 12
INFO     	        malamar     contrary  chestoberry [knockoff, psychocut, rest, superpower] ttype=poison
INFO     	  mimikyubusted     disguise      lifeorb [drainpunch, playrough, shadowsneak, swordsdance] ttype=fairy
INFO     	         kyogre      drizzle  choicescarf [icebeam, originpulse, thunder, waterspout] ttype=water
INFO     Sampling 2 unrevealed pokemon
INFO     	       koraidon orichalcumpulse   choiceband [closecombat, flareblitz, outrage, uturn] ttype=fire
INFO     	        jirachi  serenegrace    leftovers [bodyslam, ironhead, protect, wish] ttype=water
INFO     Sampling battle 13
INFO     	        malamar     contrary  chestoberry [knockoff, psychocut, rest, superpower] ttype=steel
INFO     	  mimikyubusted     disguise      lifeorb [playrough, shadowclaw, shadowsneak, swordsdance] ttype=ghost
INFO     	         kyogre      drizzle  choicescarf [icebeam, originpulse, thunder, waterspout] ttype=water
INFO     Sampling 2 unrevealed pokemon
INFO     	  slowkinggalar  regenerator  assaultvest [futuresight, psychicnoise, sludgebomb, surf] ttype=water
INFO     	 keldeoresolute    justified    leftovers [calmmind, secretsword, substitute, surf] ttype=steel
INFO     Sampling battle 14
INFO     	        malamar     contrary  chestoberry [knockoff, psychocut, rest, superpower] ttype=fighting
INFO     	  mimikyubusted     disguise      lifeorb [drainpunch, playrough, shadowsneak, swordsdance] ttype=fairy
INFO     	         kyogre      drizzle  choicescarf [icebeam, originpulse, thunder, waterspout] ttype=water
INFO     Sampling 2 unrevealed pokemon
INFO     	     skeledirge      unaware heavydutyboots [hex, slackoff, torchsong, willowisp] ttype=fairy
INFO     	squawkabillywhite       hustle   choiceband [bravebird, doubleedge, foulplay, quickattack] ttype=normal
INFO     Sampling battle 15
INFO     	        malamar     contrary  chestoberry [knockoff, psychocut, rest, superpower] ttype=poison
INFO     	  mimikyubusted     disguise      lifeorb [drainpunch, playrough, shadowsneak, swordsdance] ttype=fighting
INFO     	         kyogre      drizzle  choicescarf [icebeam, originpulse, thunder, waterspout] ttype=water
INFO     Sampling 2 unrevealed pokemon
INFO     	     irontreads   quarkdrive  assaultvest [earthquake, ironhead, knockoff, rapidspin] ttype=ghost
INFO     	       swampert         damp    leftovers [earthquake, icebeam, knockoff, roar] ttype=poison
INFO     Searching for a move using MCTS...
INFO     Sampling 16 battles at 500ms each
INFO     Iterations 0: 91000
INFO     Iterations 3: 89000
INFO     Iterations 6: 90000
INFO     Iterations 7: 91000
INFO     Iterations 2: 89000
INFO     Iterations 5: 115000
INFO     Iterations 1: 93000
INFO     Iterations 4: 88000
INFO     Iterations 9: 74000
INFO     Iterations 8: 81000
INFO     Iterations 12: 78000
INFO     Iterations 10: 74000
INFO     Iterations 11: 85000
INFO     Iterations 14: 80000
INFO     Iterations 13: 81000
INFO     Iterations 15: 81000
INFO     Policy 0: spiritbreak visited 53.29% avg_score=0.709 sample_chance_multiplier=0.062
INFO     Policy 1: closecombat visited 46.55% avg_score=0.711 sample_chance_multiplier=0.062
INFO     Policy 2: closecombat visited 40.4% avg_score=0.716 sample_chance_multiplier=0.062
INFO     Policy 3: knockoff visited 56.28% avg_score=0.703 sample_chance_multiplier=0.062
INFO     Policy 4: spiritbreak visited 46.01% avg_score=0.684 sample_chance_multiplier=0.062
INFO     Policy 5: knockoff visited 54.03% avg_score=0.711 sample_chance_multiplier=0.062
INFO     Policy 6: knockoff visited 49.88% avg_score=0.658 sample_chance_multiplier=0.062
INFO     Policy 7: knockoff visited 67.83% avg_score=0.731 sample_chance_multiplier=0.062
INFO     Policy 8: spiritbreak visited 45.93% avg_score=0.64 sample_chance_multiplier=0.062
INFO     Policy 9: knockoff visited 55.71% avg_score=0.717 sample_chance_multiplier=0.062
INFO     Policy 10: spiritbreak visited 46.49% avg_score=0.665 sample_chance_multiplier=0.062
INFO     Policy 11: closecombat visited 34.13% avg_score=0.681 sample_chance_multiplier=0.062
INFO     Policy 12: knockoff visited 60.81% avg_score=0.722 sample_chance_multiplier=0.062
INFO     Policy 13: knockoff visited 54.34% avg_score=0.722 sample_chance_multiplier=0.062
INFO     Policy 14: spiritbreak visited 55.9% avg_score=0.719 sample_chance_multiplier=0.062
INFO     Policy 15: knockoff visited 55.02% avg_score=0.705 sample_chance_multiplier=0.062
INFO     Considered Choices:
INFO     	39.505%: knockoff
INFO     Choice: knockoff
INFO     ironvaliant already has the move knockoff. Decrementing the PP by 1
INFO     ironvaliant used a dark move, removing darkgem from possible items
INFO     Setting ironvaliant's last used move: knockoff
INFO     ironvaliant used a damaging move - not guessing lifeorb anymore
INFO     ironvaliant did 23.0% damage to malamar with knockoff
INFO     Removing malamar's item: chestoberry
INFO     Setting malamar's removed item to chestoberry
INFO     Knockoff removed malamar's item
INFO     Setting ironvaliant's item to: lifeorb
INFO     Weather raindance is active
INFO     Weather turns remaining: 1
INFO     malamar has less than maxhp during upkeep, no longer guessing leftovers or blacksludge
INFO     Opponent has switched - clearing the last used move
INFO     Not adding drizzle to kyogre's impossible abilities because the weather would not have triggered
INFO     
INFO     Turn: 12
INFO     Sampling battle 0
INFO     	         kyogre      drizzle  choicescarf [icebeam, originpulse, thunder, waterspout] ttype=water
INFO     	  mimikyubusted     disguise      lifeorb [playrough, shadowclaw, shadowsneak, swordsdance] ttype=fairy
INFO     Sampling 2 unrevealed pokemon
INFO     	       whiscash    oblivious    leftovers [earthquake, hydropump, spikes, stealthrock] ttype=ghost
INFO     	 exeggutoralola      harvest  sitrusberry [calmmind, dragonpulse, flamethrower, gigadrain] ttype=steel
INFO     Sampling battle 1
INFO     	         kyogre      drizzle  choicescarf [icebeam, originpulse, thunder, waterspout] ttype=water
INFO     	  mimikyubusted     disguise      lifeorb [drainpunch, playrough, shadowsneak, swordsdance] ttype=fighting
INFO     Sampling 2 unrevealed pokemon
INFO     	         comfey       triage    leftovers [calmmind, drainingkiss, encore, terablast] ttype=ground
INFO     	       solgaleo fullmetalbody weaknesspolicy [earthquake, flamecharge, knockoff, sunsteelstrike] ttype=ground
INFO     Sampling battle 2
INFO     	         kyogre      drizzle  choicescarf [icebeam, originpulse, thunder, waterspout] ttype=water
INFO     	  mimikyubusted     disguise      lifeorb [drainpunch, playrough, shadowsneak, swordsdance] ttype=fairy
INFO     Sampling 2 unrevealed pokemon
INFO     	     arceusdark    multitype   dreadplate [calmmind, dazzlinggleam, judgment, recover] ttype=fairy
INFO     	      munkidori   toxicchain      lifeorb [focusblast, nastyplot, psyshock, sludgewave] ttype=poison
INFO     Sampling battle 3
INFO     	         kyogre      drizzle  choicescarf [icebeam, originpulse, thunder, waterspout] ttype=water
INFO     	  mimikyubusted     disguise      lifeorb [playrough, shadowclaw, shadowsneak, swordsdance] ttype=fairy
INFO     Sampling 2 unrevealed pokemon
INFO     	      spiritomb  infiltrator    leftovers [foulplay, poltergeist, shadowsneak, toxic] ttype=poison
INFO     	       medicham    purepower   choiceband [bulletpunch, closecombat, trick, zenheadbutt] ttype=fighting
INFO     Sampling battle 4
INFO     	         kyogre      drizzle  choicescarf [icebeam, originpulse, thunder, waterspout] ttype=water
INFO     	  mimikyubusted     disguise      lifeorb [playrough, shadowclaw, shadowsneak, swordsdance] ttype=fairy
INFO     Sampling 2 unrevealed pokemon
INFO     	necrozmaduskmane   prismarmor weaknesspolicy [dragondance, earthquake, photongeyser, sunsteelstrike] ttype=water
INFO     	     bombirdier     bigpecks heavydutyboots [bravebird, knockoff, roost, suckerpunch] ttype=steel
INFO     Sampling battle 5
INFO     	         kyogre      drizzle  choicescarf [icebeam, originpulse, thunder, waterspout] ttype=water
INFO     	  mimikyubusted     disguise      lifeorb [drainpunch, playrough, shadowsneak, swordsdance] ttype=fairy
INFO     Sampling 2 unrevealed pokemon
INFO     	        torkoal      drought heavydutyboots [lavaplume, rapidspin, solarbeam, yawn] ttype=grass
INFO     	      amoonguss  regenerator    leftovers [gigadrain, sludgebomb, spore, toxic] ttype=steel
INFO     Sampling battle 6
INFO     	         kyogre      drizzle  choicescarf [icebeam, originpulse, thunder, waterspout] ttype=water
INFO     	  mimikyubusted     disguise      lifeorb [drainpunch, playrough, shadowsneak, swordsdance] ttype=fighting
INFO     Sampling 2 unrevealed pokemon
INFO     	        florges   flowerveil    leftovers [calmmind, moonblast, synthesis, terablast] ttype=ground
INFO     	       porygonz adaptability      lifeorb [agility, nastyplot, shadowball, terablast] ttype=fighting
INFO     Sampling battle 7
INFO     	         kyogre      drizzle  choicescarf [icebeam, originpulse, thunder, waterspout] ttype=water
INFO     	  mimikyubusted     disguise      lifeorb [drainpunch, playrough, shadowsneak, swordsdance] ttype=fairy
INFO     Sampling 2 unrevealed pokemon
INFO     	       ludicolo    swiftswim  choicespecs [gigadrain, hydropump, icebeam, leafstorm] ttype=grass
INFO     	      cinderace       libero heavydutyboots [courtchange, pyroball, uturn, willowisp] ttype=grass
INFO     Sampling battle 8
INFO     	         kyogre      drizzle  choicescarf [icebeam, originpulse, thunder, waterspout] ttype=water
INFO     	  mimikyubusted     disguise      lifeorb [drainpunch, playrough, shadowsneak, swordsdance] ttype=fairy
INFO     Sampling 2 unrevealed pokemon
INFO     	        seviper  infiltrator      lifeorb [earthquake, flamethrower, gunkshot, knockoff] ttype=poison
INFO     	      bellibolt electromorphosis    leftovers [muddywater, slackoff, thunderbolt, voltswitch] ttype=electric
INFO     Sampling battle 9
INFO     	         kyogre      drizzle  choicescarf [icebeam, originpulse, thunder, waterspout] ttype=water
INFO     	  mimikyubusted     disguise      lifeorb [playrough, shadowclaw, shadowsneak, swordsdance] ttype=fairy
INFO     Sampling 2 unrevealed pokemon
INFO     	     kricketune   technician heavydutyboots [knockoff, pounce, stickyweb, taunt] ttype=ghost
INFO     	      toucannon      keeneye heavydutyboots [beakblast, boomburst, knockoff, roost] ttype=steel
INFO     Sampling battle 10
INFO     	         kyogre      drizzle  choicescarf [icebeam, originpulse, thunder, waterspout] ttype=water
INFO     	  mimikyubusted     disguise      lifeorb [playrough, shadowclaw, shadowsneak, swordsdance] ttype=fairy
INFO     Sampling 2 unrevealed pokemon
INFO     	        ogerpon      defiant      lifeorb [ivycudgel, knockoff, superpower, swordsdance] ttype=grass
INFO     	      zebstrika    sapsipper      lifeorb [highhorsepower, overheat, supercellslam, voltswitch] ttype=ground
INFO     Sampling battle 11
INFO     	         kyogre      drizzle  choicescarf [icebeam, originpulse, thunder, waterspout] ttype=water
INFO     	  mimikyubusted     disguise      lifeorb [playrough, shadowclaw, shadowsneak, swordsdance] ttype=fairy
INFO     Sampling 2 unrevealed pokemon
INFO     	        slaking       truant   choiceband [doubleedge, earthquake, gigaimpact, knockoff] ttype=normal
INFO     	          entei   innerfocus   choiceband [extremespeed, flareblitz, sacredfire, stoneedge] ttype=normal
INFO     Sampling battle 12
INFO     	         kyogre      drizzle  choicescarf [icebeam, originpulse, thunder, waterspout] ttype=water
INFO     	  mimikyubusted     disguise      lifeorb [drainpunch, playrough, shadowsneak, swordsdance] ttype=fighting
INFO     Sampling 2 unrevealed pokemon
INFO     	      ironcrown   quarkdrive  choicespecs [focusblast, psyshock, tachyoncutter, voltswitch] ttype=fighting
INFO     	         kyurem     pressure   loadeddice [dragondance, iciclespear, scaleshot, terablast] ttype=ground
INFO     Sampling battle 13
INFO     	         kyogre      drizzle  choicescarf [icebeam, originpulse, thunder, waterspout] ttype=water
INFO     	  mimikyubusted     disguise      lifeorb [drainpunch, playrough, shadowsneak, swordsdance] ttype=fairy
INFO     Sampling 2 unrevealed pokemon
INFO     	       venomoth   tintedlens heavydutyboots [bugbuzz, quiverdance, sleeppowder, sludgewave] ttype=bug
INFO     	      mamoswine     thickfat   choiceband [earthquake, iceshard, iciclecrash, knockoff] ttype=ground
INFO     Sampling battle 14
INFO     	         kyogre      drizzle  choicescarf [icebeam, originpulse, thunder, waterspout] ttype=water
INFO     	  mimikyubusted     disguise      lifeorb [drainpunch, playrough, shadowsneak, swordsdance] ttype=fighting
INFO     Sampling 2 unrevealed pokemon
INFO     	      toxicroak      dryskin      lifeorb [closecombat, earthquake, gunkshot, swordsdance] ttype=ground
INFO     	       virizion    justified      lifeorb [closecombat, leafblade, stoneedge, swordsdance] ttype=rock
INFO     Sampling battle 15
INFO     	         kyogre      drizzle  choicescarf [icebeam, originpulse, thunder, waterspout] ttype=water
INFO     	  mimikyubusted     disguise      lifeorb [playrough, shadowclaw, shadowsneak, swordsdance] ttype=ghost
INFO     Sampling 2 unrevealed pokemon
INFO     	    basculegion adaptability  assaultvest [aquajet, flipturn, shadowball, wavecrash] ttype=water
INFO     	        weezing     levitate    leftovers [fireblast, painsplit, sludgebomb, toxicspikes] ttype=steel
INFO     Searching for a move using MCTS...
INFO     Sampling 16 battles at 500ms each
INFO     Iterations 4: 99000
INFO     Iterations 3: 92000
INFO     Iterations 6: 97000
INFO     Iterations 2: 90000
INFO     Iterations 5: 90000
INFO     Iterations 7: 93000
INFO     Iterations 1: 92000
INFO     Iterations 0: 96000
INFO     Iterations 8: 69000
INFO     Iterations 9: 78000
INFO     Iterations 12: 74000
INFO     Iterations 10: 76000
INFO     Iterations 11: 73000
INFO     Iterations 15: 75000
INFO     Iterations 13: 75000
INFO     Iterations 14: 78000
INFO     Policy 0: switch snorlax visited 49.38% avg_score=0.428 sample_chance_multiplier=0.062
INFO     Policy 1: switch sceptile visited 33.26% avg_score=0.436 sample_chance_multiplier=0.062
INFO     Policy 2: switch sceptile visited 69.19% avg_score=0.495 sample_chance_multiplier=0.062
INFO     Policy 3: switch ragingbolt visited 30.34% avg_score=0.445 sample_chance_multiplier=0.062
INFO     Policy 4: switch ragingbolt visited 61.52% avg_score=0.442 sample_chance_multiplier=0.062
INFO     Policy 5: switch ragingbolt visited 40.31% avg_score=0.452 sample_chance_multiplier=0.062
INFO     Policy 6: switch snorlax visited 44.0% avg_score=0.44 sample_chance_multiplier=0.062
INFO     Policy 7: switch snorlax visited 35.1% avg_score=0.466 sample_chance_multiplier=0.062
INFO     Policy 8: switch sceptile visited 67.7% avg_score=0.487 sample_chance_multiplier=0.062
INFO     Policy 9: switch ragingbolt visited 41.69% avg_score=0.442 sample_chance_multiplier=0.062
INFO     Policy 10: switch snorlax visited 44.55% avg_score=0.456 sample_chance_multiplier=0.062
INFO     Policy 11: switch sceptile visited 30.0% avg_score=0.405 sample_chance_multiplier=0.062
INFO     Policy 12: switch snorlax visited 33.29% avg_score=0.43 sample_chance_multiplier=0.062
INFO     Policy 13: switch sceptile visited 43.65% avg_score=0.445 sample_chance_multiplier=0.062
INFO     Policy 14: switch snorlax visited 33.18% avg_score=0.443 sample_chance_multiplier=0.062
INFO     Policy 15: switch ragingbolt visited 50.63% avg_score=0.451 sample_chance_multiplier=0.062
INFO     Considered Choices:
INFO     	27.737%: switch ragingbolt
INFO     	27.73%: switch snorlax
INFO     	24.872%: switch sceptile
INFO     Choice: switch sceptile
INFO     sceptile switched in, adding intimidate to impossible abilities
INFO     sceptile switched in, adding pressure to impossible abilities
INFO     sceptile switched in, adding neutralizinggas to impossible abilities
INFO     sceptile switched in, adding sandstream to impossible abilities
INFO     sceptile switched in, adding drought to impossible abilities
INFO     Not adding drizzle to sceptile's impossible abilities because the weather would not have triggered
INFO     sceptile switched in, adding snowwarning to impossible abilities
INFO     sceptile switched in, adding boosterenergy to impossible items
INFO     sceptile switched in, adding airballoon to impossible items
INFO     kyogre used a ice move, removing icegem from possible items
INFO     Setting kyogre's last used move: icebeam
INFO     kyogre used a damaging move - not guessing lifeorb anymore
INFO     kyogre did 46.21% damage to sceptile with icebeam
INFO     Weather none is active
INFO     Resetting weather source to None
INFO     Weather turns remaining: 5
INFO     kyogre has less than maxhp during upkeep, no longer guessing leftovers or blacksludge
INFO     
INFO     Turn: 13
INFO     Sampling battle 0
INFO     	         kyogre      drizzle  choicescarf [icebeam, originpulse, thunder, waterspout] ttype=water
INFO     	  mimikyubusted     disguise      lifeorb [drainpunch, playrough, shadowsneak, swordsdance] ttype=fairy
INFO     Sampling 2 unrevealed pokemon
INFO     	         eiscue      iceface  sitrusberry [bellydrum, icespinner, liquidation, terablast] ttype=electric
INFO     	  zaciancrowned intrepidsword  rustedsword [behemothblade, closecombat, playrough, swordsdance] ttype=fighting
INFO     Sampling battle 1
INFO     	         kyogre      drizzle  choicescarf [icebeam, originpulse, thunder, waterspout] ttype=water
INFO     	  mimikyubusted     disguise      lifeorb [drainpunch, playrough, shadowsneak, swordsdance] ttype=fighting
INFO     Sampling 2 unrevealed pokemon
INFO     	   avalugghisui       sturdy heavydutyboots [avalanche, rapidspin, recover, stoneedge] ttype=ghost
INFO     	      dragapult    clearbody      lifeorb [dragondance, dragondarts, fireblast, terablast] ttype=ghost
INFO     Sampling battle 2
INFO     	         kyogre      drizzle  choicescarf [icebeam, originpulse, thunder, waterspout] ttype=water
INFO     	  mimikyubusted     disguise      lifeorb [playrough, shadowclaw, shadowsneak, swordsdance] ttype=fairy
INFO     Sampling 2 unrevealed pokemon
INFO     	        drednaw   shellarmor    whiteherb [earthquake, liquidation, shellsmash, stoneedge] ttype=ground
INFO     	      ironhands   quarkdrive  assaultvest [drainpunch, heavyslam, voltswitch, wildcharge] ttype=fighting
INFO     Sampling battle 3
INFO     	         kyogre      drizzle  choicescarf [icebeam, originpulse, thunder, waterspout] ttype=water
INFO     	  mimikyubusted     disguise      lifeorb [playrough, shadowclaw, shadowsneak, swordsdance] ttype=fairy
INFO     Sampling 2 unrevealed pokemon
INFO     	      pecharunt poisonpuppeteer  rockyhelmet [malignantchain, partingshot, recover, shadowball] ttype=dark
INFO     	       sceptile     overgrow    leftovers [focusblast, gigadrain, leechseed, substitute] ttype=steel
INFO     Sampling battle 4
INFO     	         kyogre      drizzle  choicescarf [icebeam, originpulse, thunder, waterspout] ttype=water
INFO     	  mimikyubusted     disguise      lifeorb [drainpunch, playrough, shadowsneak, swordsdance] ttype=fairy
INFO     Sampling 2 unrevealed pokemon
INFO     	      terrakion    justified      lifeorb [closecombat, earthquake, stoneedge, swordsdance] ttype=ground
INFO     	        flapple       hustle     lumberry [dragondance, gravapple, outrage, terablast] ttype=fire
INFO     Sampling battle 5
INFO     	         kyogre      drizzle  choicescarf [icebeam, originpulse, thunder, waterspout] ttype=water
INFO     	  mimikyubusted     disguise      lifeorb [drainpunch, playrough, shadowsneak, swordsdance] ttype=fighting
INFO     Sampling 2 unrevealed pokemon
INFO     	      magmortar    flamebody heavydutyboots [fireblast, focusblast, thunderbolt, willowisp] ttype=fighting
INFO     	        bisharp      defiant     eviolite [ironhead, stealthrock, suckerpunch, throatchop] ttype=flying
INFO     Sampling battle 6
INFO     	         kyogre      drizzle  choicescarf [icebeam, originpulse, thunder, waterspout] ttype=water
INFO     	  mimikyubusted     disguise      lifeorb [drainpunch, playrough, shadowsneak, swordsdance] ttype=fairy
INFO     Sampling 2 unrevealed pokemon
INFO     	       ursaluna         guts     flameorb [facade, headlongrush, swordsdance, trailblaze] ttype=normal
INFO     	       samurott      torrent  assaultvest [aquajet, hydropump, knockoff, sacredsword] ttype=water
INFO     Sampling battle 7
INFO     	         kyogre      drizzle  choicescarf [icebeam, originpulse, thunder, waterspout] ttype=water
INFO     	  mimikyubusted     disguise      lifeorb [playrough, shadowclaw, shadowsneak, swordsdance] ttype=fairy
INFO     Sampling 2 unrevealed pokemon
INFO     	      vileplume  effectspore    leftovers [gigadrain, sleeppowder, sludgebomb, strengthsap] ttype=steel
INFO     	       whiscash    oblivious      lifeorb [dragondance, earthquake, liquidation, stoneedge] ttype=ground
INFO     Sampling battle 8
INFO     	         kyogre      drizzle  choicescarf [icebeam, originpulse, thunder, waterspout] ttype=water
INFO     	  mimikyubusted     disguise      lifeorb [drainpunch, playrough, shadowsneak, swordsdance] ttype=fighting
INFO     Sampling 2 unrevealed pokemon
INFO     	 exeggutoralola      harvest  sitrusberry [calmmind, dragonpulse, flamethrower, gigadrain] ttype=steel
INFO     	          lokix   tintedlens      lifeorb [knockoff, leechlife, suckerpunch, swordsdance] ttype=dark
INFO     Sampling battle 9
INFO     	         kyogre      drizzle  choicescarf [icebeam, originpulse, thunder, waterspout] ttype=water
INFO     	  mimikyubusted     disguise      lifeorb [drainpunch, playrough, shadowsneak, swordsdance] ttype=fighting
INFO     Sampling 2 unrevealed pokemon
INFO     	      gastrodon   stormdrain    leftovers [earthquake, recover, stealthrock, surf] ttype=poison
INFO     	         comfey       triage    leftovers [calmmind, drainingkiss, gigadrain, storedpower] ttype=fairy
INFO     Sampling battle 10
INFO     	         kyogre      drizzle  choicescarf [icebeam, originpulse, thunder, waterspout] ttype=water
INFO     	  mimikyubusted     disguise      lifeorb [playrough, shadowclaw, shadowsneak, swordsdance] ttype=ghost
INFO     Sampling 2 unrevealed pokemon
INFO     	      gholdengo   goodasgold    leftovers [makeitrain, nastyplot, recover, shadowball] ttype=water
INFO     	       quagsire      unaware    leftovers [earthquake, recover, spikes, toxic] ttype=steel
INFO     Sampling battle 11
INFO     	         kyogre      drizzle  choicescarf [icebeam, originpulse, thunder, waterspout] ttype=water
INFO     	  mimikyubusted     disguise      lifeorb [playrough, shadowclaw, shadowsneak, swordsdance] ttype=ghost
INFO     Sampling 2 unrevealed pokemon
INFO     	         glalie   innerfocus heavydutyboots [earthquake, freezedry, spikes, taunt] ttype=ghost
INFO     	        zoroark     illusion      lifeorb [darkpulse, encore, nastyplot, sludgebomb] ttype=poison
INFO     Sampling battle 12
INFO     	         kyogre      drizzle  choicescarf [icebeam, originpulse, thunder, waterspout] ttype=water
INFO     	  mimikyubusted     disguise      lifeorb [drainpunch, playrough, shadowsneak, swordsdance] ttype=fighting
INFO     Sampling 2 unrevealed pokemon
INFO     	       cobalion    justified    leftovers [bodypress, irondefense, ironhead, thunderwave] ttype=ghost
INFO     	       indeedee psychicsurge  choicescarf [dazzlinggleam, expandingforce, healingwish, hypervoice] ttype=psychic
INFO     Sampling battle 13
INFO     	         kyogre      drizzle  choicescarf [icebeam, originpulse, thunder, waterspout] ttype=water
INFO     	  mimikyubusted     disguise      lifeorb [drainpunch, playrough, shadowsneak, swordsdance] ttype=fighting
INFO     Sampling 2 unrevealed pokemon
INFO     	        manaphy    hydration    leftovers [energyball, icebeam, surf, tailglow] ttype=water
INFO     	       lycanroc     sandrush      lifeorb [closecombat, psychicfangs, stoneedge, taunt] ttype=fighting
INFO     Sampling battle 14
INFO     	         kyogre      drizzle  choicescarf [icebeam, originpulse, thunder, waterspout] ttype=water
INFO     	  mimikyubusted     disguise      lifeorb [playrough, shadowclaw, shadowsneak, swordsdance] ttype=fairy
INFO     Sampling 2 unrevealed pokemon
INFO     	     forretress       sturdy    leftovers [ironhead, spikes, stealthrock, thunderwave] ttype=water
INFO     	       necrozma   prismarmor      lifeorb [earthquake, knockoff, photongeyser, swordsdance] ttype=dark
INFO     Sampling battle 15
INFO     	         kyogre      drizzle  choicescarf [icebeam, originpulse, thunder, waterspout] ttype=water
INFO     	  mimikyubusted     disguise      lifeorb [playrough, shadowclaw, shadowsneak, swordsdance] ttype=fairy
INFO     Sampling 2 unrevealed pokemon
INFO     	      armarouge    weakarmor  choicespecs [armorcannon, aurasphere, energyball, psyshock] ttype=fire
INFO     	        kleavor    sharpness heavydutyboots [defog, stoneaxe, uturn, xscissor] ttype=bug
INFO     Searching for a move using MCTS...
INFO     Sampling 16 battles at 500ms each
INFO     Iterations 0: 89000
INFO     Iterations 1: 92000
INFO     Iterations 5: 82000
INFO     Iterations 4: 86000
INFO     Iterations 3: 84000
INFO     Iterations 2: 95000
INFO     Iterations 7: 87000
INFO     Iterations 6: 91000
INFO     Iterations 8: 77000
INFO     Iterations 12: 73000
INFO     Iterations 9: 79000
INFO     Iterations 14: 76000
INFO     Iterations 11: 69000
INFO     Iterations 10: 76000
INFO     Iterations 13: 74000
INFO     Iterations 15: 76000
INFO     Policy 0: gigadrain visited 78.04% avg_score=0.623 sample_chance_multiplier=0.062
INFO     Policy 1: switch ragingbolt visited 27.21% avg_score=0.442 sample_chance_multiplier=0.062
INFO     Policy 2: gigadrain-tera visited 66.36% avg_score=0.583 sample_chance_multiplier=0.062
INFO     Policy 3: switch ironmoth visited 45.71% avg_score=0.527 sample_chance_multiplier=0.062
INFO     Policy 4: gigadrain visited 29.12% avg_score=0.522 sample_chance_multiplier=0.062
INFO     Policy 5: gigadrain visited 56.99% avg_score=0.622 sample_chance_multiplier=0.062
INFO     Policy 6: gigadrain visited 95.79% avg_score=0.787 sample_chance_multiplier=0.062
INFO     Policy 7: switch ironmoth visited 60.33% avg_score=0.514 sample_chance_multiplier=0.062
INFO     Policy 8: switch ironmoth visited 76.06% avg_score=0.554 sample_chance_multiplier=0.062
INFO     Policy 9: gigadrain-tera visited 79.67% avg_score=0.741 sample_chance_multiplier=0.062
INFO     Policy 10: gigadrain visited 47.35% avg_score=0.625 sample_chance_multiplier=0.062
INFO     Policy 11: gigadrain visited 91.03% avg_score=0.744 sample_chance_multiplier=0.062
INFO     Policy 12: gigadrain visited 71.04% avg_score=0.554 sample_chance_multiplier=0.062
INFO     Policy 13: gigadrain visited 92.8% avg_score=0.805 sample_chance_multiplier=0.062
INFO     Policy 14: gigadrain visited 36.14% avg_score=0.539 sample_chance_multiplier=0.062
INFO     Policy 15: gigadrain visited 65.8% avg_score=0.544 sample_chance_multiplier=0.062
INFO     Considered Choices:
INFO     	47.239%: gigadrain
INFO     Choice: gigadrain
INFO     sceptile already has the move gigadrain. Decrementing the PP by 1
INFO     sceptile used a grass move, removing grassgem from possible items
INFO     Setting sceptile's last used move: gigadrain
INFO     sceptile used a damaging move - not guessing lifeorb anymore
INFO     sceptile did 55.00000000000001% damage to kyogre with gigadrain
INFO     Setting sceptile's item to: lifeorb
INFO     kyogre has less than maxhp during upkeep, no longer guessing leftovers or blacksludge
INFO     Opponent has switched - clearing the last used move
INFO     mewtwo switched in, adding intimidate to impossible abilities
INFO     mewtwo switched in, adding pressure to impossible abilities
INFO     mewtwo switched in, adding neutralizinggas to impossible abilities
INFO     mewtwo switched in, adding sandstream to impossible abilities
INFO     mewtwo switched in, adding drought to impossible abilities
INFO     mewtwo switched in, adding drizzle to impossible abilities
INFO     mewtwo switched in, adding snowwarning to impossible abilities
INFO     mewtwo switched in, adding boosterenergy to impossible items
INFO     mewtwo switched in, adding airballoon to impossible items
INFO     Setting mewtwo's ability to pressure
INFO     
INFO     Turn: 14
INFO     Sampling battle 0
INFO     	         mewtwo     pressure      lifeorb [darkpulse, fireblast, nastyplot, psystrike] ttype=psychic
INFO     	  mimikyubusted     disguise      lifeorb [playrough, shadowclaw, shadowsneak, swordsdance] ttype=ghost
INFO     Sampling 1 unrevealed pokemon
INFO     	    stonjourner    powerspot      lifeorb [earthquake, heatcrash, stealthrock, stoneedge] ttype=fire
INFO     Sampling battle 1
INFO     	         mewtwo     pressure      lifeorb [darkpulse, fireblast, nastyplot, psystrike] ttype=dark
INFO     	  mimikyubusted     disguise      lifeorb [playrough, shadowclaw, shadowsneak, swordsdance] ttype=fairy
INFO     Sampling 1 unrevealed pokemon
INFO     	  oricoriosensu       dancer heavydutyboots [hurricane, quiverdance, revelationdance, roost] ttype=fighting
INFO     Sampling battle 2
INFO     	         mewtwo     pressure      lifeorb [darkpulse, nastyplot, psystrike, recover] ttype=psychic
INFO     	  mimikyubusted     disguise      lifeorb [drainpunch, playrough, shadowsneak, swordsdance] ttype=fighting
INFO     Sampling 1 unrevealed pokemon
INFO     	       appletun     thickfat    leftovers [appleacid, dragonpulse, dragontail, recover] ttype=steel
INFO     Sampling battle 3
INFO     	         mewtwo     pressure      lifeorb [darkpulse, fireblast, nastyplot, psystrike] ttype=psychic
INFO     	  mimikyubusted     disguise      lifeorb [drainpunch, playrough, shadowsneak, swordsdance] ttype=fairy
INFO     Sampling 1 unrevealed pokemon
INFO     	      vileplume  effectspore    leftovers [gigadrain, sleeppowder, sludgebomb, strengthsap] ttype=steel
INFO     Sampling battle 4
INFO     	         mewtwo     pressure      lifeorb [aurasphere, nastyplot, psystrike, recover] ttype=psychic
INFO     	  mimikyubusted     disguise      lifeorb [playrough, shadowclaw, shadowsneak, swordsdance] ttype=fairy
INFO     Sampling 1 unrevealed pokemon
INFO     	    arceusghost    multitype  spookyplate [focusblast, judgment, recover, willowisp] ttype=fighting
INFO     Sampling battle 5
INFO     	         mewtwo     pressure      lifeorb [darkpulse, nastyplot, psystrike, recover] ttype=dark
INFO     	  mimikyubusted     disguise      lifeorb [drainpunch, playrough, shadowsneak, swordsdance] ttype=fighting
INFO     Sampling 1 unrevealed pokemon
INFO     	       meganium     overgrow    leftovers [earthquake, knockoff, petalblizzard, swordsdance] ttype=steel
INFO     Sampling battle 6
INFO     	         mewtwo     pressure      lifeorb [darkpulse, fireblast, nastyplot, psystrike] ttype=dark
INFO     	  mimikyubusted     disguise      lifeorb [playrough, shadowclaw, shadowsneak, swordsdance] ttype=ghost
INFO     Sampling 1 unrevealed pokemon
INFO     	     chandelure    flashfire  choicescarf [energyball, fireblast, shadowball, trick] ttype=grass
INFO     Sampling battle 7
INFO     	         mewtwo     pressure      lifeorb [darkpulse, nastyplot, psystrike, recover] ttype=dark
INFO     	  mimikyubusted     disguise      lifeorb [playrough, shadowclaw, shadowsneak, swordsdance] ttype=fairy
INFO     Sampling 1 unrevealed pokemon
INFO     	       porygonz adaptability      lifeorb [agility, nastyplot, shadowball, terablast] ttype=fighting
INFO     Sampling battle 8
INFO     	         mewtwo     pressure      lifeorb [aurasphere, fireblast, nastyplot, psystrike] ttype=fighting
INFO     	  mimikyubusted     disguise      lifeorb [playrough, shadowclaw, shadowsneak, swordsdance] ttype=fairy
INFO     Sampling 1 unrevealed pokemon
INFO     	       reshiram   turboblaze heavydutyboots [blueflare, dracometeor, earthpower, willowisp] ttype=ground
INFO     Sampling battle 9
INFO     	         mewtwo     pressure      lifeorb [fireblast, nastyplot, psystrike, recover] ttype=fire
INFO     	  mimikyubusted     disguise      lifeorb [drainpunch, playrough, shadowsneak, swordsdance] ttype=fairy
INFO     Sampling 1 unrevealed pokemon
INFO     	     bombirdier     bigpecks heavydutyboots [bravebird, knockoff, roost, uturn] ttype=steel
INFO     Sampling battle 10
INFO     	         mewtwo     pressure      lifeorb [aurasphere, darkpulse, nastyplot, psystrike] ttype=psychic
INFO     	  mimikyubusted     disguise      lifeorb [playrough, shadowclaw, shadowsneak, swordsdance] ttype=fairy
INFO     Sampling 1 unrevealed pokemon
INFO     	         arceus    multitype      lifeorb [earthquake, extremespeed, recover, swordsdance] ttype=normal
INFO     Sampling battle 11
INFO     	         mewtwo     pressure      lifeorb [aurasphere, fireblast, nastyplot, psystrike] ttype=fighting
INFO     	  mimikyubusted     disguise      lifeorb [drainpunch, playrough, shadowsneak, swordsdance] ttype=fighting
INFO     Sampling 1 unrevealed pokemon
INFO     	 electrodehisui   soundproof    leftovers [gigadrain, leechseed, substitute, thunderbolt] ttype=poison
INFO     Sampling battle 12
INFO     	         mewtwo     pressure      lifeorb [fireblast, nastyplot, psystrike, recover] ttype=fire
INFO     	  mimikyubusted     disguise      lifeorb [drainpunch, playrough, shadowsneak, swordsdance] ttype=fairy
INFO     Sampling 1 unrevealed pokemon
INFO     	        noctowl   tintedlens heavydutyboots [calmmind, hurricane, hypervoice, roost] ttype=steel
INFO     Sampling battle 13
INFO     	         mewtwo     pressure      lifeorb [aurasphere, fireblast, nastyplot, psystrike] ttype=fighting
INFO     	  mimikyubusted     disguise      lifeorb [playrough, shadowclaw, shadowsneak, swordsdance] ttype=ghost
INFO     Sampling 1 unrevealed pokemon
INFO     	        banette     insomnia      lifeorb [gunkshot, poltergeist, shadowsneak, swordsdance] ttype=ghost
INFO     Sampling battle 14
INFO     	         mewtwo     pressure      lifeorb [aurasphere, darkpulse, nastyplot, psystrike] ttype=psychic
INFO     	  mimikyubusted     disguise      lifeorb [playrough, shadowclaw, shadowsneak, swordsdance] ttype=ghost
INFO     Sampling 1 unrevealed pokemon
INFO     	zamazentacrowned dauntlessshield rustedshield [bodypress, heavyslam, irondefense, stoneedge] ttype=ghost
INFO     Sampling battle 15
INFO     	         mewtwo     pressure      lifeorb [aurasphere, nastyplot, psystrike, recover] ttype=fighting
INFO     	  mimikyubusted     disguise      lifeorb [drainpunch, playrough, shadowsneak, swordsdance] ttype=fairy
INFO     Sampling 1 unrevealed pokemon
INFO     	    walkingwake protosynthesis  choicespecs [dracometeor, flamethrower, flipturn, hydropump] ttype=water
INFO     Searching for a move using MCTS...
INFO     Sampling 16 battles at 500ms each
INFO     Iterations 2: 90000
INFO     Iterations 6: 79000
INFO     Iterations 5: 92000
INFO     Iterations 3: 78000
INFO     Iterations 0: 87000
INFO     Iterations 7: 95000
INFO     Iterations 1: 85000
INFO     Iterations 4: 115000
INFO     Iterations 11: 74000
INFO     Iterations 10: 81000
INFO     Iterations 9: 78000
INFO     Iterations 8: 70000
INFO     Iterations 13: 76000
INFO     Iterations 14: 81000
INFO     Iterations 15: 79000
INFO     Iterations 12: 76000
INFO     Policy 0: gigadrain visited 72.7% avg_score=0.549 sample_chance_multiplier=0.062
INFO     Policy 1: gigadrain visited 62.46% avg_score=0.543 sample_chance_multiplier=0.062
INFO     Policy 2: gigadrain visited 43.75% avg_score=0.421 sample_chance_multiplier=0.062
INFO     Policy 3: gigadrain visited 51.47% avg_score=0.459 sample_chance_multiplier=0.062
INFO     Policy 4: gigadrain-tera visited 66.27% avg_score=0.493 sample_chance_multiplier=0.062
INFO     Policy 5: switch ironvaliant visited 24.85% avg_score=0.421 sample_chance_multiplier=0.062
INFO     Policy 6: gigadrain visited 68.37% avg_score=0.554 sample_chance_multiplier=0.062
INFO     Policy 7: gigadrain-tera visited 66.83% avg_score=0.659 sample_chance_multiplier=0.062
INFO     Policy 8: gigadrain visited 63.06% avg_score=0.542 sample_chance_multiplier=0.062
INFO     Policy 9: gigadrain visited 58.38% avg_score=0.514 sample_chance_multiplier=0.062
INFO     Policy 10: gigadrain visited 46.47% avg_score=0.483 sample_chance_multiplier=0.062
INFO     Policy 11: gigadrain visited 85.19% avg_score=0.586 sample_chance_multiplier=0.062
INFO     Policy 12: gigadrain visited 54.97% avg_score=0.499 sample_chance_multiplier=0.062
INFO     Policy 13: gigadrain visited 89.42% avg_score=0.599 sample_chance_multiplier=0.062
INFO     Policy 14: gigadrain visited 71.6% avg_score=0.5 sample_chance_multiplier=0.062
INFO     Policy 15: gigadrain-tera visited 64.67% avg_score=0.649 sample_chance_multiplier=0.062
INFO     Considered Choices:
INFO     	54.03%: gigadrain
INFO     Choice: gigadrain
INFO     Updated mewtwo's max speed to 259
INFO     sceptile already has the move gigadrain. Decrementing the PP by 2
INFO     sceptile used a grass move, removing grassgem from possible items
INFO     Setting sceptile's last used move: gigadrain
INFO     sceptile used a damaging move - not guessing lifeorb anymore
INFO     sceptile did 46.0% damage to mewtwo with gigadrain
INFO     Setting sceptile's item to: lifeorb
INFO     mewtwo using recover makes it unlikely to have a choice item. Setting can_have_choice_item to False
INFO     mewtwo used a status-move. Adding `assaultvest` to impossible items
INFO     Setting mewtwo's last used move: recover
INFO     
INFO     Turn: 15
INFO     Sampling battle 0
INFO     	         mewtwo     pressure      lifeorb [aurasphere, nastyplot, psystrike, recover] ttype=psychic
INFO     	  mimikyubusted     disguise      lifeorb [playrough, shadowclaw, shadowsneak, swordsdance] ttype=ghost
INFO     Sampling 1 unrevealed pokemon
INFO     	         zekrom     teravolt    leftovers [boltstrike, dragondance, outrage, substitute] ttype=steel
INFO     Sampling battle 1
INFO     	         mewtwo     pressure      lifeorb [aurasphere, nastyplot, psystrike, recover] ttype=fighting
INFO     	  mimikyubusted     disguise      lifeorb [drainpunch, playrough, shadowsneak, swordsdance] ttype=fairy
INFO     Sampling 1 unrevealed pokemon
INFO     	      hitmontop   intimidate  assaultvest [closecombat, earthquake, rapidspin, suckerpunch] ttype=steel
INFO     Sampling battle 2
INFO     	         mewtwo     pressure      lifeorb [darkpulse, nastyplot, psystrike, recover] ttype=dark
INFO     	  mimikyubusted     disguise      lifeorb [drainpunch, playrough, shadowsneak, swordsdance] ttype=fighting
INFO     Sampling 1 unrevealed pokemon
INFO     	     talonflame    flamebody heavydutyboots [bravebird, overheat, roost, taunt] ttype=dragon
INFO     Sampling battle 3
INFO     	         mewtwo     pressure      lifeorb [darkpulse, nastyplot, psystrike, recover] ttype=psychic
INFO     	  mimikyubusted     disguise      lifeorb [playrough, shadowclaw, shadowsneak, swordsdance] ttype=fairy
INFO     Sampling 1 unrevealed pokemon
INFO     	       appletun     thickfat    leftovers [appleacid, dragonpulse, dragontail, recover] ttype=steel
INFO     Sampling battle 4
INFO     	         mewtwo     pressure      lifeorb [darkpulse, nastyplot, psystrike, recover] ttype=dark
INFO     	  mimikyubusted     disguise      lifeorb [playrough, shadowclaw, shadowsneak, swordsdance] ttype=fairy
INFO     Sampling 1 unrevealed pokemon
INFO     	   squawkabilly         guts     flameorb [bravebird, facade, quickattack, uturn] ttype=normal
INFO     Sampling battle 5
INFO     	         mewtwo     pressure      lifeorb [darkpulse, nastyplot, psystrike, recover] ttype=dark
INFO     	  mimikyubusted     disguise      lifeorb [drainpunch, playrough, shadowsneak, swordsdance] ttype=fighting
INFO     Sampling 1 unrevealed pokemon
INFO     	        carbink       sturdy  chestoberry [bodypress, irondefense, moonblast, rest] ttype=fighting
INFO     Sampling battle 6
INFO     	         mewtwo     pressure      lifeorb [fireblast, nastyplot, psystrike, recover] ttype=fire
INFO     	  mimikyubusted     disguise      lifeorb [playrough, shadowclaw, shadowsneak, swordsdance] ttype=fairy
INFO     Sampling 1 unrevealed pokemon
INFO     	      gholdengo   goodasgold  choicescarf [focusblast, makeitrain, shadowball, trick] ttype=ghost
INFO     Sampling battle 7
INFO     	         mewtwo     pressure      lifeorb [aurasphere, nastyplot, psystrike, recover] ttype=fighting
INFO     	  mimikyubusted     disguise      lifeorb [playrough, shadowclaw, shadowsneak, swordsdance] ttype=fairy
INFO     Sampling 1 unrevealed pokemon
INFO     	       gumshoos     stakeout   choiceband [doubleedge, earthquake, knockoff, uturn] ttype=normal
INFO     Sampling battle 8
INFO     	         mewtwo     pressure      lifeorb [darkpulse, nastyplot, psystrike, recover] ttype=dark
INFO     	  mimikyubusted     disguise      lifeorb [playrough, shadowclaw, shadowsneak, swordsdance] ttype=ghost
INFO     Sampling 1 unrevealed pokemon
INFO     	       smeargle   technician     widelens [populationbomb, powertrip, shellsmash, spore] ttype=normal
INFO     Sampling battle 9
INFO     	         mewtwo     pressure      lifeorb [aurasphere, nastyplot, psystrike, recover] ttype=fighting
INFO     	  mimikyubusted     disguise      lifeorb [drainpunch, playrough, shadowsneak, swordsdance] ttype=fighting
INFO     Sampling 1 unrevealed pokemon
INFO     	     ragingbolt protosynthesis    leftovers [calmmind, dracometeor, thunderbolt, thunderclap] ttype=fairy
INFO     Sampling battle 10
INFO     	         mewtwo     pressure      lifeorb [fireblast, nastyplot, psystrike, recover] ttype=fire
INFO     	  mimikyubusted     disguise      lifeorb [playrough, shadowclaw, shadowsneak, swordsdance] ttype=fairy
INFO     Sampling 1 unrevealed pokemon
INFO     	enamorustherian     overcoat weaknesspolicy [agility, earthpower, moonblast, mysticalfire] ttype=ground
INFO     Sampling battle 11
INFO     	         mewtwo     pressure      lifeorb [darkpulse, nastyplot, psystrike, recover] ttype=psychic
INFO     	  mimikyubusted     disguise      lifeorb [drainpunch, playrough, shadowsneak, swordsdance] ttype=fighting
INFO     Sampling 1 unrevealed pokemon
INFO     	       oricorio       dancer heavydutyboots [hurricane, quiverdance, revelationdance, roost] ttype=ground
INFO     Sampling battle 12
INFO     	         mewtwo     pressure      lifeorb [darkpulse, nastyplot, psystrike, recover] ttype=dark
INFO     	  mimikyubusted     disguise      lifeorb [playrough, shadowclaw, shadowsneak, swordsdance] ttype=ghost
INFO     Sampling 1 unrevealed pokemon
INFO     	       delibird       hustle heavydutyboots [bravebird, drillrun, iceshard, icespinner] ttype=flying
INFO     Sampling battle 13
INFO     	         mewtwo     pressure      lifeorb [fireblast, nastyplot, psystrike, recover] ttype=fire
INFO     	  mimikyubusted     disguise      lifeorb [drainpunch, playrough, shadowsneak, swordsdance] ttype=fighting
INFO     Sampling 1 unrevealed pokemon
INFO     	      palossand watercompaction    leftovers [earthpower, shadowball, shoreup, sludgebomb] ttype=water
INFO     Sampling battle 14
INFO     	         mewtwo     pressure      lifeorb [fireblast, nastyplot, psystrike, recover] ttype=fire
INFO     	  mimikyubusted     disguise      lifeorb [playrough, shadowclaw, shadowsneak, swordsdance] ttype=fairy
INFO     Sampling 1 unrevealed pokemon
INFO     	       grafaiai    prankster heavydutyboots [encore, gunkshot, knockoff, partingshot] ttype=dark
INFO     Sampling battle 15
INFO     	         mewtwo     pressure      lifeorb [aurasphere, nastyplot, psystrike, recover] ttype=fighting
INFO     	  mimikyubusted     disguise      lifeorb [playrough, shadowclaw, shadowsneak, swordsdance] ttype=fairy
INFO     Sampling 1 unrevealed pokemon
INFO     	      alomomola  regenerator    leftovers [flipturn, protect, scald, wish] ttype=steel
INFO     Searching for a move using MCTS...
INFO     Sampling 16 battles at 500ms each
INFO     Iterations 6: 88000
INFO     Iterations 5: 97000
INFO     Iterations 1: 100000
INFO     Iterations 4: 101000
INFO     Iterations 3: 97000
INFO     Iterations 7: 102000
INFO     Iterations 0: 100000
INFO     Iterations 2: 101000
INFO     Iterations 8: 80000
INFO     Iterations 11: 79000
INFO     Iterations 9: 78000
INFO     Iterations 10: 73000
INFO     Iterations 14: 70000
INFO     Iterations 13: 74000
INFO     Iterations 12: 78000
INFO     Iterations 15: 85000
INFO     Policy 0: gigadrain visited 71.51% avg_score=0.479 sample_chance_multiplier=0.062
INFO     Policy 1: gigadrain visited 65.11% avg_score=0.495 sample_chance_multiplier=0.062
INFO     Policy 2: gigadrain visited 72.94% avg_score=0.545 sample_chance_multiplier=0.062
INFO     Policy 3: gigadrain visited 60.68% avg_score=0.421 sample_chance_multiplier=0.062
INFO     Policy 4: gigadrain visited 66.8% avg_score=0.512 sample_chance_multiplier=0.062
INFO     Policy 5: gigadrain-tera visited 69.04% avg_score=0.623 sample_chance_multiplier=0.062
INFO     Policy 6: gigadrain visited 47.14% avg_score=0.49 sample_chance_multiplier=0.062
INFO     Policy 7: gigadrain-tera visited 52.67% avg_score=0.576 sample_chance_multiplier=0.062
INFO     Policy 8: gigadrain-tera visited 61.24% avg_score=0.615 sample_chance_multiplier=0.062
INFO     Policy 9: gigadrain visited 71.98% avg_score=0.539 sample_chance_multiplier=0.062
INFO     Policy 10: gigadrain visited 29.85% avg_score=0.4 sample_chance_multiplier=0.062
INFO     Policy 11: gigadrain visited 72.17% avg_score=0.49 sample_chance_multiplier=0.062
INFO     Policy 12: gigadrain visited 68.99% avg_score=0.556 sample_chance_multiplier=0.062
INFO     Policy 13: gigadrain visited 35.41% avg_score=0.484 sample_chance_multiplier=0.062
INFO     Policy 14: gigadrain visited 44.5% avg_score=0.497 sample_chance_multiplier=0.062
INFO     Policy 15: gigadrain visited 47.74% avg_score=0.562 sample_chance_multiplier=0.062
INFO     Considered Choices:
INFO     	52.433%: gigadrain
INFO     Choice: gigadrain
INFO     Updated mewtwo's max speed to 259
INFO     sceptile already has the move gigadrain. Decrementing the PP by 2
INFO     sceptile used a grass move, removing grassgem from possible items
INFO     Setting sceptile's last used move: gigadrain
INFO     sceptile used a damaging move - not guessing lifeorb anymore
INFO     sceptile did 77.0% damage to mewtwo with gigadrain
INFO     Setting sceptile's item to: lifeorb
INFO     mewtwo already has the move recover. Decrementing the PP by 1
INFO     mewtwo using recover makes it unlikely to have a choice item. Setting can_have_choice_item to False
INFO     mewtwo used a status-move. Adding `assaultvest` to impossible items
INFO     Setting mewtwo's last used move: recover
INFO     mewtwo has less than maxhp during upkeep, no longer guessing leftovers or blacksludge
INFO     
INFO     Turn: 16
INFO     Sampling battle 0
INFO     	         mewtwo     pressure      lifeorb [aurasphere, nastyplot, psystrike, recover] ttype=fighting
INFO     	  mimikyubusted     disguise      lifeorb [drainpunch, playrough, shadowsneak, swordsdance] ttype=fairy
INFO     Sampling 1 unrevealed pokemon
INFO     	      honchkrow        moxie heavydutyboots [bravebird, lashout, suckerpunch, thunderwave] ttype=flying
INFO     Sampling battle 1
INFO     	         mewtwo     pressure      lifeorb [fireblast, nastyplot, psystrike, recover] ttype=fire
INFO     	  mimikyubusted     disguise      lifeorb [drainpunch, playrough, shadowsneak, swordsdance] ttype=fighting
INFO     Sampling 1 unrevealed pokemon
INFO     	      regieleki   transistor       magnet [rapidspin, terablast, thunderbolt, voltswitch] ttype=ice
INFO     Sampling battle 2
INFO     	         mewtwo     pressure      lifeorb [fireblast, nastyplot, psystrike, recover] ttype=fire
INFO     	  mimikyubusted     disguise      lifeorb [playrough, shadowclaw, shadowsneak, swordsdance] ttype=fairy
INFO     Sampling 1 unrevealed pokemon
INFO     	       frosmoth    icescales heavydutyboots [gigadrain, icebeam, quiverdance, terablast] ttype=ground
INFO     Sampling battle 3
INFO     	         mewtwo     pressure      lifeorb [fireblast, nastyplot, psystrike, recover] ttype=fire
INFO     	  mimikyubusted     disguise      lifeorb [playrough, shadowclaw, shadowsneak, swordsdance] ttype=fairy
INFO     Sampling 1 unrevealed pokemon
INFO     	      passimian      defiant    leftovers [bulkup, drainpunch, gunkshot, knockoff] ttype=steel
INFO     Sampling battle 4
INFO     	         mewtwo     pressure      lifeorb [aurasphere, nastyplot, psystrike, recover] ttype=fighting
INFO     	  mimikyubusted     disguise      lifeorb [playrough, shadowclaw, shadowsneak, swordsdance] ttype=fairy
INFO     Sampling 1 unrevealed pokemon
INFO     	   dugtrioalola tanglinghair      lifeorb [earthquake, ironhead, stoneedge, swordsdance] ttype=ground
INFO     Sampling battle 5
INFO     	         mewtwo     pressure      lifeorb [aurasphere, nastyplot, psystrike, recover] ttype=fighting
INFO     	  mimikyubusted     disguise      lifeorb [playrough, shadowclaw, shadowsneak, swordsdance] ttype=fairy
INFO     Sampling 1 unrevealed pokemon
INFO     	       cinccino   technician   loadeddice [bulletseed, tailslap, tripleaxel, uturn] ttype=ice
INFO     Sampling battle 6
INFO     	         mewtwo     pressure      lifeorb [darkpulse, nastyplot, psystrike, recover] ttype=dark
INFO     	  mimikyubusted     disguise      lifeorb [playrough, shadowclaw, shadowsneak, swordsdance] ttype=fairy
INFO     Sampling 1 unrevealed pokemon
INFO     	       mudsdale      stamina    leftovers [earthquake, heavyslam, roar, stealthrock] ttype=steel
INFO     Sampling battle 7
INFO     	         mewtwo     pressure      lifeorb [fireblast, nastyplot, psystrike, recover] ttype=fire
INFO     	  mimikyubusted     disguise      lifeorb [drainpunch, playrough, shadowsneak, swordsdance] ttype=fighting
INFO     Sampling 1 unrevealed pokemon
INFO     	       rotommow     levitate    leftovers [leafstorm, thunderbolt, voltswitch, willowisp] ttype=grass
INFO     Sampling battle 8
INFO     	         mewtwo     pressure      lifeorb [darkpulse, nastyplot, psystrike, recover] ttype=dark
INFO     	  mimikyubusted     disguise      lifeorb [playrough, shadowclaw, shadowsneak, swordsdance] ttype=ghost
INFO     Sampling 1 unrevealed pokemon
INFO     	       granbull   intimidate    leftovers [earthquake, encore, playrough, thunderwave] ttype=ground
INFO     Sampling battle 9
INFO     	         mewtwo     pressure      lifeorb [darkpulse, nastyplot, psystrike, recover] ttype=psychic
INFO     	  mimikyubusted     disguise      lifeorb [drainpunch, playrough, shadowsneak, swordsdance] ttype=fighting
INFO     Sampling 1 unrevealed pokemon
INFO     	      electrode   soundproof      lifeorb [explosion, foulplay, thunderbolt, thunderwave] ttype=dark
INFO     Sampling battle 10
INFO     	         mewtwo     pressure      lifeorb [aurasphere, nastyplot, psystrike, recover] ttype=psychic
INFO     	  mimikyubusted     disguise      lifeorb [drainpunch, playrough, shadowsneak, swordsdance] ttype=fighting
INFO     Sampling 1 unrevealed pokemon
INFO     	        dondozo      unaware    leftovers [curse, rest, sleeptalk, wavecrash] ttype=fairy
INFO     Sampling battle 11
INFO     	         mewtwo     pressure      lifeorb [darkpulse, nastyplot, psystrike, recover] ttype=psychic
INFO     	  mimikyubusted     disguise      lifeorb [playrough, shadowclaw, shadowsneak, swordsdance] ttype=ghost
INFO     Sampling 1 unrevealed pokemon
INFO     	        altaria  naturalcure heavydutyboots [bravebird, dragondance, earthquake, roost] ttype=ground
INFO     Sampling battle 12
INFO     	         mewtwo     pressure      lifeorb [darkpulse, nastyplot, psystrike, recover] ttype=dark
INFO     	  mimikyubusted     disguise      lifeorb [drainpunch, playrough, shadowsneak, swordsdance] ttype=fairy
INFO     Sampling 1 unrevealed pokemon
INFO     	        kleavor    sharpness heavydutyboots [defog, stoneaxe, uturn, xscissor] ttype=bug
INFO     Sampling battle 13
INFO     	         mewtwo     pressure      lifeorb [aurasphere, nastyplot, psystrike, recover] ttype=fighting
INFO     	  mimikyubusted     disguise      lifeorb [drainpunch, playrough, shadowsneak, swordsdance] ttype=fighting
INFO     Sampling 1 unrevealed pokemon
INFO     	       vigoroth  vitalspirit     eviolite [bodyslam, bulkup, earthquake, slackoff] ttype=ground
INFO     Sampling battle 14
INFO     	         mewtwo     pressure      lifeorb [darkpulse, nastyplot, psystrike, recover] ttype=psychic
INFO     	  mimikyubusted     disguise      lifeorb [playrough, shadowclaw, shadowsneak, swordsdance] ttype=fairy
INFO     Sampling 1 unrevealed pokemon
INFO     	     eelektross     levitate    leftovers [coil, drainpunch, firepunch, supercellslam] ttype=fighting
INFO     Sampling battle 15
INFO     	         mewtwo     pressure      lifeorb [fireblast, nastyplot, psystrike, recover] ttype=fire
INFO     	  mimikyubusted     disguise      lifeorb [drainpunch, playrough, shadowsneak, swordsdance] ttype=fairy
INFO     Sampling 1 unrevealed pokemon
INFO     	      bellibolt electromorphosis    leftovers [muddywater, slackoff, thunderbolt, toxic] ttype=water
INFO     Searching for a move using MCTS...
INFO     Sampling 16 battles at 500ms each
INFO     Iterations 3: 88000
INFO     Iterations 7: 88000
INFO     Iterations 1: 89000
INFO     Iterations 0: 97000
INFO     Iterations 6: 92000
INFO     Iterations 2: 89000
INFO     Iterations 4: 92000
INFO     Iterations 5: 93000
INFO     Iterations 8: 66000
INFO     Iterations 13: 78000
INFO     Iterations 12: 81000
INFO     Iterations 10: 80000
INFO     Iterations 11: 83000
INFO     Iterations 9: 81000
INFO     Iterations 15: 74000
INFO     Iterations 14: 80000
INFO     Policy 0: gigadrain visited 58.46% avg_score=0.515 sample_chance_multiplier=0.062
INFO     Policy 1: gigadrain visited 40.48% avg_score=0.491 sample_chance_multiplier=0.062
INFO     Policy 2: gigadrain visited 37.52% avg_score=0.48 sample_chance_multiplier=0.062
INFO     Policy 3: gigadrain visited 35.75% avg_score=0.484 sample_chance_multiplier=0.062
INFO     Policy 4: gigadrain-tera visited 94.7% avg_score=0.731 sample_chance_multiplier=0.062
INFO     Policy 5: gigadrain-tera visited 94.23% avg_score=0.696 sample_chance_multiplier=0.062
INFO     Policy 6: gigadrain-tera visited 71.21% avg_score=0.61 sample_chance_multiplier=0.062
INFO     Policy 7: gigadrain visited 35.17% avg_score=0.488 sample_chance_multiplier=0.062
INFO     Policy 8: gigadrain-tera visited 59.61% avg_score=0.574 sample_chance_multiplier=0.062
INFO     Policy 9: gigadrain-tera visited 72.44% avg_score=0.562 sample_chance_multiplier=0.062
INFO     Policy 10: gigadrain-tera visited 84.83% avg_score=0.587 sample_chance_multiplier=0.062
INFO     Policy 11: gigadrain visited 40.85% avg_score=0.429 sample_chance_multiplier=0.062
INFO     Policy 12: gigadrain-tera visited 87.43% avg_score=0.641 sample_chance_multiplier=0.062
INFO     Policy 13: gigadrain-tera visited 89.83% avg_score=0.661 sample_chance_multiplier=0.062
INFO     Policy 14: gigadrain-tera visited 68.18% avg_score=0.53 sample_chance_multiplier=0.062
INFO     Policy 15: gigadrain visited 33.07% avg_score=0.496 sample_chance_multiplier=0.062
INFO     Considered Choices:
INFO     	51.815%: gigadrain-tera
INFO     Choice: gigadrain-tera
INFO     Updated mewtwo's max speed to 259
INFO     sceptile terastallized. Tera type: grass, Original types: ['grass']
INFO     sceptile already has the move gigadrain. Decrementing the PP by 2
INFO     sceptile used a grass move, removing grassgem from possible items
INFO     Setting sceptile's last used move: gigadrain
INFO     sceptile used a damaging move - not guessing lifeorb anymore
INFO     sceptile did 60.0% damage to mewtwo with gigadrain
INFO     Setting sceptile's item to: lifeorb
INFO     mewtwo already has the move recover. Decrementing the PP by 1
INFO     mewtwo using recover makes it unlikely to have a choice item. Setting can_have_choice_item to False
INFO     mewtwo used a status-move. Adding `assaultvest` to impossible items
INFO     Setting mewtwo's last used move: recover
INFO     mewtwo has less than maxhp during upkeep, no longer guessing leftovers or blacksludge
INFO     
INFO     Turn: 17
INFO     Sampling battle 0
INFO     	         mewtwo     pressure      lifeorb [aurasphere, nastyplot, psystrike, recover] ttype=fighting
INFO     	  mimikyubusted     disguise      lifeorb [drainpunch, playrough, shadowsneak, swordsdance] ttype=fairy
INFO     Sampling 1 unrevealed pokemon
INFO     	        weezing     levitate    leftovers [fireblast, gunkshot, painsplit, willowisp] ttype=steel
INFO     Sampling battle 1
INFO     	         mewtwo     pressure      lifeorb [fireblast, nastyplot, psystrike, recover] ttype=psychic
INFO     	  mimikyubusted     disguise      lifeorb [playrough, shadowclaw, shadowsneak, swordsdance] ttype=ghost
INFO     Sampling 1 unrevealed pokemon
INFO     	         swanna    hydration heavydutyboots [bravebird, defog, hydropump, roost] ttype=ground
INFO     Sampling battle 2
INFO     	         mewtwo     pressure      lifeorb [fireblast, nastyplot, psystrike, recover] ttype=psychic
INFO     	  mimikyubusted     disguise      lifeorb [playrough, shadowclaw, shadowsneak, swordsdance] ttype=ghost
INFO     Sampling 1 unrevealed pokemon
INFO     	     copperajah   heavymetal   choiceband [heavyslam, knockoff, supercellslam, superpower] ttype=flying
INFO     Sampling battle 3
INFO     	         mewtwo     pressure      lifeorb [aurasphere, nastyplot, psystrike, recover] ttype=fighting
INFO     	  mimikyubusted     disguise      lifeorb [drainpunch, playrough, shadowsneak, swordsdance] ttype=fairy
INFO     Sampling 1 unrevealed pokemon
INFO     	     skeledirge      unaware heavydutyboots [flamecharge, shadowball, slackoff, torchsong] ttype=fairy
INFO     Sampling battle 4
INFO     	         mewtwo     pressure      lifeorb [fireblast, nastyplot, psystrike, recover] ttype=fire
INFO     	  mimikyubusted     disguise      lifeorb [playrough, shadowclaw, shadowsneak, swordsdance] ttype=fairy
INFO     Sampling 1 unrevealed pokemon
INFO     	   palkiaorigin     pressure lustrousglobe [dracometeor, fireblast, hydropump, thunderwave] ttype=fire
INFO     Sampling battle 5
INFO     	         mewtwo     pressure      lifeorb [fireblast, nastyplot, psystrike, recover] ttype=fire
INFO     	  mimikyubusted     disguise      lifeorb [drainpunch, playrough, shadowsneak, swordsdance] ttype=fighting
INFO     Sampling 1 unrevealed pokemon
INFO     	        ogerpon      defiant      lifeorb [ivycudgel, knockoff, superpower, swordsdance] ttype=grass
INFO     Sampling battle 6
INFO     	         mewtwo     pressure      lifeorb [aurasphere, nastyplot, psystrike, recover] ttype=fighting
INFO     	  mimikyubusted     disguise      lifeorb [playrough, shadowclaw, shadowsneak, swordsdance] ttype=fairy
INFO     Sampling 1 unrevealed pokemon
INFO     	        weavile   pickpocket   choiceband [iceshard, knockoff, lowkick, tripleaxel] ttype=fighting
INFO     Sampling battle 7
INFO     	         mewtwo     pressure      lifeorb [darkpulse, nastyplot, psystrike, recover] ttype=dark
INFO     	  mimikyubusted     disguise      lifeorb [playrough, shadowclaw, shadowsneak, swordsdance] ttype=ghost
INFO     Sampling 1 unrevealed pokemon
INFO     	      charizard        blaze heavydutyboots [earthquake, flareblitz, outrage, swordsdance] ttype=dragon
INFO     Sampling battle 8
INFO     	         mewtwo     pressure      lifeorb [fireblast, nastyplot, psystrike, recover] ttype=fire
INFO     	  mimikyubusted     disguise      lifeorb [drainpunch, playrough, shadowsneak, swordsdance] ttype=fairy
INFO     Sampling 1 unrevealed pokemon
INFO     	      eternatus     pressure  rockyhelmet [dynamaxcannon, fireblast, recover, sludgebomb] ttype=fire
INFO     Sampling battle 9
INFO     	         mewtwo     pressure      lifeorb [aurasphere, nastyplot, psystrike, recover] ttype=psychic
INFO     	  mimikyubusted     disguise      lifeorb [playrough, shadowclaw, shadowsneak, swordsdance] ttype=ghost
INFO     Sampling 1 unrevealed pokemon
INFO     	 arceusfighting    multitype    fistplate [bodypress, irondefense, recover, shadowball] ttype=steel
INFO     Sampling battle 10
INFO     	         mewtwo     pressure      lifeorb [aurasphere, nastyplot, psystrike, recover] ttype=fighting
INFO     	  mimikyubusted     disguise      lifeorb [playrough, shadowclaw, shadowsneak, swordsdance] ttype=ghost
INFO     Sampling 1 unrevealed pokemon
INFO     	         raikou     pressure    leftovers [calmmind, scald, shadowball, thunderbolt] ttype=electric
INFO     Sampling battle 11
INFO     	         mewtwo     pressure      lifeorb [aurasphere, nastyplot, psystrike, recover] ttype=fighting
INFO     	  mimikyubusted     disguise      lifeorb [drainpunch, playrough, shadowsneak, swordsdance] ttype=fighting
INFO     Sampling 1 unrevealed pokemon
INFO     	    dudunsparce      rattled    leftovers [boomburst, calmmind, roost, shadowball] ttype=ghost
INFO     Sampling battle 12
INFO     	         mewtwo     pressure      lifeorb [aurasphere, nastyplot, psystrike, recover] ttype=psychic
INFO     	  mimikyubusted     disguise      lifeorb [playrough, shadowclaw, shadowsneak, swordsdance] ttype=fairy
INFO     Sampling 1 unrevealed pokemon
INFO     	      bellossom  chlorophyll    leftovers [gigadrain, quiverdance, sludgebomb, strengthsap] ttype=poison
INFO     Sampling battle 13
INFO     	         mewtwo     pressure      lifeorb [aurasphere, nastyplot, psystrike, recover] ttype=psychic
INFO     	  mimikyubusted     disguise      lifeorb [drainpunch, playrough, shadowsneak, swordsdance] ttype=fairy
INFO     Sampling 1 unrevealed pokemon
INFO     	     toedscruel myceliummight  assaultvest [earthpower, knockoff, leafstorm, rapidspin] ttype=water
INFO     Sampling battle 14
INFO     	         mewtwo     pressure      lifeorb [aurasphere, nastyplot, psystrike, recover] ttype=fighting
INFO     	  mimikyubusted     disguise      lifeorb [drainpunch, playrough, shadowsneak, swordsdance] ttype=fairy
INFO     Sampling 1 unrevealed pokemon
INFO     	    roaringmoon protosynthesis   choiceband [ironhead, knockoff, outrage, uturn] ttype=dragon
INFO     Sampling battle 15
INFO     	         mewtwo     pressure      lifeorb [fireblast, nastyplot, psystrike, recover] ttype=psychic
INFO     	  mimikyubusted     disguise      lifeorb [playrough, shadowclaw, shadowsneak, swordsdance] ttype=fairy
INFO     Sampling 1 unrevealed pokemon
INFO     	 exeggutoralola      harvest  sitrusberry [calmmind, dragonpulse, flamethrower, gigadrain] ttype=fire
INFO     Searching for a move using MCTS...
INFO     Sampling 16 battles at 500ms each
INFO     Iterations 0: 86000
INFO     Iterations 2: 87000
INFO     Iterations 1: 92000
INFO     Iterations 7: 94000
INFO     Iterations 3: 98000
INFO     Iterations 5: 93000
INFO     Iterations 6: 89000
INFO     Iterations 4: 85000
INFO     Iterations 8: 76000
INFO     Iterations 9: 87000
INFO     Iterations 13: 76000
INFO     Iterations 12: 80000
INFO     Iterations 11: 81000
INFO     Iterations 10: 81000
INFO     Iterations 15: 82000
INFO     Iterations 14: 79000
INFO     Policy 0: gigadrain visited 71.36% avg_score=0.625 sample_chance_multiplier=0.062
INFO     Policy 1: gigadrain visited 98.12% avg_score=0.789 sample_chance_multiplier=0.062
INFO     Policy 2: gigadrain visited 71.73% avg_score=0.655 sample_chance_multiplier=0.062
INFO     Policy 3: gigadrain visited 67.01% avg_score=0.701 sample_chance_multiplier=0.062
INFO     Policy 4: gigadrain visited 51.12% avg_score=0.671 sample_chance_multiplier=0.062
INFO     Policy 5: gigadrain visited 52.76% avg_score=0.618 sample_chance_multiplier=0.062
INFO     Policy 6: gigadrain visited 97.14% avg_score=0.753 sample_chance_multiplier=0.062
INFO     Policy 7: gigadrain visited 62.83% avg_score=0.698 sample_chance_multiplier=0.062
INFO     Policy 8: gigadrain visited 52.49% avg_score=0.653 sample_chance_multiplier=0.062
INFO     Policy 9: gigadrain visited 94.51% avg_score=0.795 sample_chance_multiplier=0.062
INFO     Policy 10: gigadrain visited 97.65% avg_score=0.822 sample_chance_multiplier=0.062
INFO     Policy 11: gigadrain visited 96.2% avg_score=0.762 sample_chance_multiplier=0.062
INFO     Policy 12: switch ironvaliant visited 25.5% avg_score=0.463 sample_chance_multiplier=0.062
INFO     Policy 13: gigadrain visited 94.67% avg_score=0.745 sample_chance_multiplier=0.062
INFO     Policy 14: gigadrain visited 86.19% avg_score=0.696 sample_chance_multiplier=0.062
INFO     Policy 15: gigadrain visited 41.18% avg_score=0.557 sample_chance_multiplier=0.062
INFO     Considered Choices:
INFO     	72.31%: gigadrain
INFO     Choice: gigadrain
INFO     sceptile already has the move gigadrain. Decrementing the PP by 2
INFO     sceptile used a grass move, removing grassgem from possible items
INFO     Setting sceptile's last used move: gigadrain
INFO     sceptile used a damaging move - not guessing lifeorb anymore
INFO     sceptile did 63.0% damage to mewtwo with gigadrain
INFO     Setting sceptile's item to: lifeorb
INFO     mewtwo has less than maxhp during upkeep, no longer guessing leftovers or blacksludge
INFO     Opponent has switched - clearing the last used move
INFO     mimikyubusted switched in, adding drizzle to impossible abilities
INFO     
INFO     Turn: 18
INFO     Sampling battle 0
INFO     	  mimikyubusted     disguise      lifeorb [drainpunch, playrough, shadowsneak, swordsdance] ttype=fairy
INFO     Sampling 1 unrevealed pokemon
INFO     	      terrakion    justified   choiceband [closecombat, earthquake, quickattack, stoneedge] ttype=fighting
INFO     Sampling battle 1
INFO     	  mimikyubusted     disguise      lifeorb [playrough, shadowclaw, shadowsneak, swordsdance] ttype=ghost
INFO     Sampling 1 unrevealed pokemon
INFO     	         arceus    multitype      lifeorb [earthquake, extremespeed, shadowclaw, swordsdance] ttype=ghost
INFO     Sampling battle 2
INFO     	  mimikyubusted     disguise      lifeorb [playrough, shadowclaw, shadowsneak, swordsdance] ttype=ghost
INFO     Sampling 1 unrevealed pokemon
INFO     	  qwilfishhisui   intimidate     eviolite [crunch, gunkshot, spikes, taunt] ttype=poison
INFO     Sampling battle 3
INFO     	  mimikyubusted     disguise      lifeorb [playrough, shadowclaw, shadowsneak, swordsdance] ttype=ghost
INFO     Sampling 1 unrevealed pokemon
INFO     	       cinccino   technician   loadeddice [bulletseed, tailslap, tripleaxel, uturn] ttype=ice
INFO     Sampling battle 4
INFO     	  mimikyubusted     disguise      lifeorb [drainpunch, playrough, shadowsneak, swordsdance] ttype=fairy
INFO     Sampling 1 unrevealed pokemon
INFO     	      thundurus    prankster heavydutyboots [grassknot, nastyplot, thunderbolt, thunderwave] ttype=steel
INFO     Sampling battle 5
INFO     	  mimikyubusted     disguise      lifeorb [drainpunch, playrough, shadowsneak, swordsdance] ttype=fighting
INFO     Sampling 1 unrevealed pokemon
INFO     	   zoroarkhisui     illusion  choicespecs [bittermalice, flamethrower, focusblast, hypervoice] ttype=fighting
INFO     Sampling battle 6
INFO     	  mimikyubusted     disguise      lifeorb [playrough, shadowclaw, shadowsneak, swordsdance] ttype=ghost
INFO     Sampling 1 unrevealed pokemon
INFO     	 arceusfighting    multitype    fistplate [bodypress, cosmicpower, recover, storedpower] ttype=steel
INFO     Sampling battle 7
INFO     	  mimikyubusted     disguise      lifeorb [drainpunch, playrough, shadowsneak, swordsdance] ttype=fighting
INFO     Sampling 1 unrevealed pokemon
INFO     	    ironvaliant   quarkdrive      lifeorb [closecombat, knockoff, spiritbreak, swordsdance] ttype=fighting
INFO     Sampling battle 8
INFO     	  mimikyubusted     disguise      lifeorb [playrough, shadowclaw, shadowsneak, swordsdance] ttype=ghost
INFO     Sampling 1 unrevealed pokemon
INFO     	      bellibolt electromorphosis    leftovers [muddywater, slackoff, thunderbolt, voltswitch] ttype=water
INFO     Sampling battle 9
INFO     	  mimikyubusted     disguise      lifeorb [drainpunch, playrough, shadowsneak, swordsdance] ttype=fairy
INFO     Sampling 1 unrevealed pokemon
INFO     	     arceusfire    multitype   flameplate [dragondance, earthquake, flareblitz, recover] ttype=fire
INFO     Sampling battle 10
INFO     	  mimikyubusted     disguise      lifeorb [playrough, shadowclaw, shadowsneak, swordsdance] ttype=ghost
INFO     Sampling 1 unrevealed pokemon
INFO     	        umbreon  synchronize    leftovers [foulplay, protect, toxic, wish] ttype=poison
INFO     Sampling battle 11
INFO     	  mimikyubusted     disguise      lifeorb [drainpunch, playrough, shadowsneak, swordsdance] ttype=fighting
INFO     Sampling 1 unrevealed pokemon
INFO     	      primarina      torrent  choicespecs [flipturn, hydropump, moonblast, psychic] ttype=water
INFO     Sampling battle 12
INFO     	  mimikyubusted     disguise      lifeorb [playrough, shadowclaw, shadowsneak, swordsdance] ttype=fairy
INFO     Sampling 1 unrevealed pokemon
INFO     	       inteleon      torrent  choicespecs [hydropump, icebeam, scald, uturn] ttype=water
INFO     Sampling battle 13
INFO     	  mimikyubusted     disguise      lifeorb [drainpunch, playrough, shadowsneak, swordsdance] ttype=fighting
INFO     Sampling 1 unrevealed pokemon
INFO     	      mightyena   intimidate    leftovers [crunch, poisonfang, suckerpunch, taunt] ttype=poison
INFO     Sampling battle 14
INFO     	  mimikyubusted     disguise      lifeorb [drainpunch, playrough, shadowsneak, swordsdance] ttype=fighting
INFO     Sampling 1 unrevealed pokemon
INFO     	   lycanrocdusk   toughclaws      lifeorb [closecombat, psychicfangs, stoneedge, swordsdance] ttype=fighting
INFO     Sampling battle 15
INFO     	  mimikyubusted     disguise      lifeorb [playrough, shadowclaw, shadowsneak, swordsdance] ttype=ghost
INFO     Sampling 1 unrevealed pokemon
INFO     	        ogerpon      defiant      lifeorb [ivycudgel, knockoff, superpower, swordsdance] ttype=grass
INFO     Searching for a move using MCTS...
INFO     Sampling 16 battles at 500ms each
INFO     Iterations 1: 108000
INFO     Iterations 7: 116000
INFO     Iterations 2: 89000
INFO     Iterations 4: 96000
INFO     Iterations 6: 103000
INFO     Iterations 0: 107000
INFO     Iterations 5: 99000
INFO     Iterations 3: 112000
INFO     Iterations 14: 101000
INFO     Iterations 13: 72000
INFO     Iterations 8: 70000
INFO     Iterations 10: 87000
INFO     Iterations 9: 84000
INFO     Iterations 12: 91000
INFO     Iterations 11: 80000
INFO     Iterations 15: 84000
INFO     Policy 0: gigadrain visited 94.55% avg_score=0.764 sample_chance_multiplier=0.062
INFO     Policy 1: gigadrain visited 53.57% avg_score=0.673 sample_chance_multiplier=0.062
INFO     Policy 2: gigadrain visited 75.81% avg_score=0.646 sample_chance_multiplier=0.062
INFO     Policy 3: gigadrain visited 97.32% avg_score=0.816 sample_chance_multiplier=0.062
INFO     Policy 4: gigadrain visited 88.32% avg_score=0.739 sample_chance_multiplier=0.062
INFO     Policy 5: gigadrain visited 96.67% avg_score=0.806 sample_chance_multiplier=0.062
INFO     Policy 6: gigadrain visited 96.06% avg_score=0.764 sample_chance_multiplier=0.062
INFO     Policy 7: gigadrain visited 97.02% avg_score=0.841 sample_chance_multiplier=0.062
INFO     Policy 8: gigadrain visited 93.7% avg_score=0.779 sample_chance_multiplier=0.062
INFO     Policy 9: gigadrain visited 57.6% avg_score=0.672 sample_chance_multiplier=0.062
INFO     Policy 10: gigadrain visited 76.27% avg_score=0.668 sample_chance_multiplier=0.062
INFO     Policy 11: gigadrain visited 95.61% avg_score=0.802 sample_chance_multiplier=0.062
INFO     Policy 12: gigadrain visited 96.69% avg_score=0.834 sample_chance_multiplier=0.062
INFO     Policy 13: gigadrain visited 94.31% avg_score=0.726 sample_chance_multiplier=0.062
INFO     Policy 14: gigadrain visited 97.41% avg_score=0.847 sample_chance_multiplier=0.062
INFO     Policy 15: gigadrain visited 91.38% avg_score=0.695 sample_chance_multiplier=0.062
INFO     Considered Choices:
INFO     	87.643%: gigadrain
INFO     Choice: gigadrain
INFO     Updated mimikyubusted's max speed to 259
INFO     sceptile already has the move gigadrain. Decrementing the PP by 1
INFO     sceptile used a grass move, removing grassgem from possible items
INFO     Setting sceptile's last used move: gigadrain
INFO     sceptile used a damaging move - not guessing lifeorb anymore
INFO     sceptile did 72.0% damage to mimikyubusted with gigadrain
INFO     Setting sceptile's item to: lifeorb
INFO     mimikyubusted already has the move playrough. Decrementing the PP by 1
INFO     mimikyubusted used a fairy move, removing fairygem from possible items
INFO     Setting mimikyubusted's last used move: playrough
INFO     mimikyubusted used a damaging move - not guessing lifeorb anymore
INFO     mimikyubusted did 44.32% damage to sceptile with playrough
INFO     Setting mimikyubusted's item to: lifeorb
INFO     mimikyubusted has less than maxhp during upkeep, no longer guessing leftovers or blacksludge
INFO     Opponent has switched - clearing the last used move
INFO     ogerponwellspring switched in, adding intimidate to impossible abilities
INFO     ogerponwellspring switched in, adding pressure to impossible abilities
INFO     ogerponwellspring switched in, adding neutralizinggas to impossible abilities
INFO     ogerponwellspring switched in, adding sandstream to impossible abilities
INFO     ogerponwellspring switched in, adding drought to impossible abilities
INFO     ogerponwellspring switched in, adding drizzle to impossible abilities
INFO     ogerponwellspring switched in, adding snowwarning to impossible abilities
INFO     ogerponwellspring switched in, adding boosterenergy to impossible items
INFO     ogerponwellspring switched in, adding airballoon to impossible items
INFO     
INFO     Turn: 19
INFO     Sampling battle 0
INFO     	ogerponwellspring  waterabsorb wellspringmask [encore, ivycudgel, synthesis, woodhammer] ttype=water
INFO     Sampling battle 1
INFO     	ogerponwellspring  waterabsorb wellspringmask [hornleech, ivycudgel, playrough, swordsdance] ttype=water
INFO     Sampling battle 2
INFO     	ogerponwellspring  waterabsorb wellspringmask [ivycudgel, synthesis, uturn, woodhammer] ttype=water
INFO     Sampling battle 3
INFO     	ogerponwellspring  waterabsorb wellspringmask [ivycudgel, spikes, synthesis, woodhammer] ttype=water
INFO     Sampling battle 4
INFO     	ogerponwellspring  waterabsorb wellspringmask [ivycudgel, synthesis, uturn, woodhammer] ttype=water
INFO     Sampling battle 5
INFO     	ogerponwellspring  waterabsorb wellspringmask [hornleech, ivycudgel, playrough, swordsdance] ttype=water
INFO     Sampling battle 6
INFO     	ogerponwellspring  waterabsorb wellspringmask [ivycudgel, synthesis, uturn, woodhammer] ttype=water
INFO     Sampling battle 7
INFO     	ogerponwellspring  waterabsorb wellspringmask [hornleech, ivycudgel, knockoff, swordsdance] ttype=water
INFO     Sampling battle 8
INFO     	ogerponwellspring  waterabsorb wellspringmask [hornleech, ivycudgel, playrough, swordsdance] ttype=water
INFO     Sampling battle 9
INFO     	ogerponwellspring  waterabsorb wellspringmask [encore, ivycudgel, synthesis, woodhammer] ttype=water
INFO     Sampling battle 10
INFO     	ogerponwellspring  waterabsorb wellspringmask [encore, ivycudgel, synthesis, woodhammer] ttype=water
INFO     Sampling battle 11
INFO     	ogerponwellspring  waterabsorb wellspringmask [ivycudgel, playrough, powerwhip, swordsdance] ttype=water
INFO     Sampling battle 12
INFO     	ogerponwellspring  waterabsorb wellspringmask [ivycudgel, synthesis, uturn, woodhammer] ttype=water
INFO     Sampling battle 13
INFO     	ogerponwellspring  waterabsorb wellspringmask [ivycudgel, spikes, synthesis, woodhammer] ttype=water
INFO     Sampling battle 14
INFO     	ogerponwellspring  waterabsorb wellspringmask [ivycudgel, synthesis, uturn, woodhammer] ttype=water
INFO     Sampling battle 15
INFO     	ogerponwellspring  waterabsorb wellspringmask [ivycudgel, synthesis, uturn, woodhammer] ttype=water
INFO     Searching for a move using MCTS...
INFO     Sampling 16 battles at 500ms each
INFO     Iterations 5: 554000
INFO     Iterations 7: 605000
INFO     Iterations 4: 410000
INFO     Iterations 1: 568000
INFO     Iterations 6: 391000
INFO     Iterations 2: 426000
INFO     Iterations 3: 397000
INFO     Iterations 0: 384000
INFO     Iterations 8: 462000
INFO     Iterations 9: 314000
INFO     Iterations 10: 309000
INFO     Iterations 11: 450000
INFO     Iterations 12: 353000
INFO     Iterations 14: 359000
INFO     Iterations 13: 336000
INFO     Iterations 15: 357000
INFO     Policy 0: gigadrain visited 99.69% avg_score=0.982 sample_chance_multiplier=0.062
INFO     Policy 1: gigadrain visited 99.88% avg_score=0.991 sample_chance_multiplier=0.062
INFO     Policy 2: gigadrain visited 99.79% avg_score=0.982 sample_chance_multiplier=0.062
INFO     Policy 3: gigadrain visited 99.76% avg_score=0.982 sample_chance_multiplier=0.062
INFO     Policy 4: gigadrain visited 99.78% avg_score=0.982 sample_chance_multiplier=0.062
INFO     Policy 5: gigadrain visited 99.87% avg_score=0.991 sample_chance_multiplier=0.062
INFO     Policy 6: gigadrain visited 99.78% avg_score=0.981 sample_chance_multiplier=0.062
INFO     Policy 7: gigadrain visited 99.88% avg_score=0.993 sample_chance_multiplier=0.062
INFO     Policy 8: gigadrain visited 99.84% avg_score=0.989 sample_chance_multiplier=0.062
INFO     Policy 9: gigadrain visited 99.63% avg_score=0.98 sample_chance_multiplier=0.062
INFO     Policy 10: gigadrain visited 99.62% avg_score=0.979 sample_chance_multiplier=0.062
INFO     Policy 11: gigadrain visited 99.86% avg_score=0.988 sample_chance_multiplier=0.062
INFO     Policy 12: gigadrain visited 99.74% avg_score=0.98 sample_chance_multiplier=0.062
INFO     Policy 13: gigadrain visited 99.72% avg_score=0.98 sample_chance_multiplier=0.062
INFO     Policy 14: gigadrain visited 99.75% avg_score=0.98 sample_chance_multiplier=0.062
INFO     Policy 15: gigadrain visited 99.74% avg_score=0.98 sample_chance_multiplier=0.062
INFO     Considered Choices:
INFO     	99.771%: gigadrain
INFO     Choice: gigadrain
INFO     Updated ogerponwellspring's max speed to 259
INFO     sceptile already has the move gigadrain. Decrementing the PP by 1
INFO     sceptile used a grass move, removing grassgem from possible items
INFO     Setting sceptile's last used move: gigadrain
INFO     sceptile used a damaging move - not guessing lifeorb anymore
INFO     sceptile did 68.0% damage to ogerponwellspring with gigadrain
INFO     Setting sceptile's item to: lifeorb
INFO     ogerponwellspring used a fairy move, removing fairygem from possible items
INFO     Setting ogerponwellspring's last used move: playrough
INFO     ogerponwellspring used a damaging move - not guessing lifeorb anymore
INFO     ogerponwellspring has less than maxhp during upkeep, no longer guessing leftovers or blacksludge
INFO     
INFO     Turn: 20
INFO     Sampling battle 0
INFO     	ogerponwellspring  waterabsorb wellspringmask [hornleech, ivycudgel, playrough, swordsdance] ttype=water
INFO     Sampling battle 1
INFO     	ogerponwellspring  waterabsorb wellspringmask [ivycudgel, playrough, powerwhip, swordsdance] ttype=water
INFO     Sampling battle 2
INFO     	ogerponwellspring  waterabsorb wellspringmask [hornleech, ivycudgel, playrough, swordsdance] ttype=water
INFO     Sampling battle 3
INFO     	ogerponwellspring  waterabsorb wellspringmask [hornleech, ivycudgel, playrough, swordsdance] ttype=water
INFO     Sampling battle 4
INFO     	ogerponwellspring  waterabsorb wellspringmask [ivycudgel, playrough, powerwhip, swordsdance] ttype=water
INFO     Sampling battle 5
INFO     	ogerponwellspring  waterabsorb wellspringmask [hornleech, ivycudgel, playrough, swordsdance] ttype=water
INFO     Sampling battle 6
INFO     	ogerponwellspring  waterabsorb wellspringmask [ivycudgel, playrough, powerwhip, swordsdance] ttype=water
INFO     Sampling battle 7
INFO     	ogerponwellspring  waterabsorb wellspringmask [ivycudgel, playrough, powerwhip, swordsdance] ttype=water
INFO     Sampling battle 8
INFO     	ogerponwellspring  waterabsorb wellspringmask [ivycudgel, playrough, powerwhip, swordsdance] ttype=water
INFO     Sampling battle 9
INFO     	ogerponwellspring  waterabsorb wellspringmask [ivycudgel, playrough, powerwhip, swordsdance] ttype=water
INFO     Sampling battle 10
INFO     	ogerponwellspring  waterabsorb wellspringmask [hornleech, ivycudgel, playrough, swordsdance] ttype=water
INFO     Sampling battle 11
INFO     	ogerponwellspring  waterabsorb wellspringmask [hornleech, ivycudgel, playrough, swordsdance] ttype=water
INFO     Sampling battle 12
INFO     	ogerponwellspring  waterabsorb wellspringmask [ivycudgel, playrough, powerwhip, swordsdance] ttype=water
INFO     Sampling battle 13
INFO     	ogerponwellspring  waterabsorb wellspringmask [ivycudgel, playrough, powerwhip, swordsdance] ttype=water
INFO     Sampling battle 14
INFO     	ogerponwellspring  waterabsorb wellspringmask [ivycudgel, playrough, powerwhip, swordsdance] ttype=water
INFO     Sampling battle 15
INFO     	ogerponwellspring  waterabsorb wellspringmask [ivycudgel, playrough, powerwhip, swordsdance] ttype=water
INFO     Searching for a move using MCTS...
INFO     Sampling 16 battles at 500ms each
INFO     Iterations 0: 1320000
INFO     Iterations 2: 1263000
INFO     Iterations 3: 1294000
INFO     Iterations 5: 1251000
INFO     Iterations 7: 1274000
INFO     Iterations 6: 1277000
INFO     Iterations 4: 1199000
INFO     Iterations 1: 1330000
INFO     Iterations 10: 1109000
INFO     Iterations 8: 1103000
INFO     Iterations 12: 1068000
INFO     Iterations 9: 1054000
INFO     Iterations 13: 1141000
INFO     Iterations 11: 1086000
INFO     Iterations 14: 1093000
INFO     Iterations 15: 1120000
INFO     Policy 0: gigadrain visited 99.2% avg_score=1.0 sample_chance_multiplier=0.062
INFO     Policy 1: gigadrain visited 99.1% avg_score=1.0 sample_chance_multiplier=0.062
INFO     Policy 2: gigadrain visited 98.99% avg_score=1.0 sample_chance_multiplier=0.062
INFO     Policy 3: gigadrain visited 99.09% avg_score=1.0 sample_chance_multiplier=0.062
INFO     Policy 4: gigadrain visited 98.9% avg_score=1.0 sample_chance_multiplier=0.062
INFO     Policy 5: gigadrain visited 99.03% avg_score=1.0 sample_chance_multiplier=0.062
INFO     Policy 6: gigadrain visited 98.92% avg_score=1.0 sample_chance_multiplier=0.062
INFO     Policy 7: gigadrain visited 98.84% avg_score=1.0 sample_chance_multiplier=0.062
INFO     Policy 8: gigadrain visited 98.84% avg_score=1.0 sample_chance_multiplier=0.062
INFO     Policy 9: gigadrain visited 98.75% avg_score=1.0 sample_chance_multiplier=0.062
INFO     Policy 10: gigadrain visited 98.94% avg_score=1.0 sample_chance_multiplier=0.062
INFO     Policy 11: gigadrain visited 98.96% avg_score=1.0 sample_chance_multiplier=0.062
INFO     Policy 12: gigadrain visited 98.85% avg_score=1.0 sample_chance_multiplier=0.062
INFO     Policy 13: gigadrain visited 98.88% avg_score=1.0 sample_chance_multiplier=0.062
INFO     Policy 14: gigadrain visited 98.94% avg_score=1.0 sample_chance_multiplier=0.062
INFO     Policy 15: gigadrain visited 98.92% avg_score=1.0 sample_chance_multiplier=0.062
INFO     Considered Choices:
INFO     	98.947%: gigadrain
INFO     Choice: gigadrain
INFO     Winner: lg00x040e954
INFO     Won with team: None
INFO     W: 1	L: 0
