POKE_ENGINE_PROVENANCE {"distribution_version": "0.0.47", "editable": false, "isolated_import_root": "/Users/alityb/projects/metagross/.venv-foul-play/lib/python3.11/site-packages", "mcts_parameters": ["state", "duration_ms", "iterations", "threads", "s1_priors", "s2_priors", "c_puct", "seed"], "mode": "exact_pinned_experimental_runtime", "module_path": "/Users/alityb/projects/metagross/.venv-foul-play/lib/python3.11/site-packages/poke_engine/__init__.py", "native_path": "/Users/alityb/projects/metagross/.venv-foul-play/lib/python3.11/site-packages/poke_engine/poke_engine.cpython-311-darwin.so", "native_reveal_masks": true, "native_sha256": "79bea0e467b32e2958bd5d39595fd728a3068be2950085f7b18fa69943f30d71", "request_root_parameters": ["state", "request_actions", "duration_ms", "iterations", "threads", "s1_priors", "s2_priors", "c_puct", "seed"], "source_path": null}
INFO     Logging in...
INFO     Waiting for a gen9randombattle challenge
INFO     Initialized battle-gen9randombattle-5950 against: lg00x174bdac
INFO     Loaded from cache: /Users/alityb/projects/metagross/srcs/vendor/foul-play/data/pkmn_sets_cache/gen9randombattle.json
INFO     Opponent has switched - clearing the last used move
INFO     malamar switched in, adding intimidate to impossible abilities
INFO     malamar switched in, adding pressure to impossible abilities
INFO     malamar switched in, adding neutralizinggas to impossible abilities
INFO     malamar switched in, adding sandstream to impossible abilities
INFO     malamar switched in, adding drought to impossible abilities
INFO     malamar switched in, adding drizzle to impossible abilities
INFO     malamar switched in, adding snowwarning to impossible abilities
INFO     malamar switched in, adding boosterenergy to impossible items
INFO     malamar switched in, adding airballoon to impossible items
INFO     
INFO     Turn: 1
INFO     loaded 13 player and 0 effective opponent priors
INFO     Sampling battle 0
INFO     	        malamar     contrary  chestoberry [knockoff, psychocut, rest, superpower] ttype=poison
INFO     Sampling 5 unrevealed pokemon
INFO     	       clodsire      unaware    leftovers [curse, earthquake, poisonjab, recover] ttype=steel
INFO     	        weezing     levitate    leftovers [fireblast, painsplit, sludgebomb, toxicspikes] ttype=steel
INFO     	       sunflora  chlorophyll  choicespecs [dazzlinggleam, earthpower, leafstorm, sludgebomb] ttype=ground
INFO     	      ironcrown   quarkdrive  choicespecs [focusblast, psyshock, tachyoncutter, voltswitch] ttype=fighting
INFO     	 giratinaorigin     levitate griseouscore [defog, dracometeor, poltergeist, shadowsneak] ttype=steel
INFO     Sampling battle 1
INFO     	        malamar     contrary  chestoberry [knockoff, psychocut, rest, superpower] ttype=poison
INFO     Sampling 5 unrevealed pokemon
INFO     	    arceusgrass    multitype  meadowplate [calmmind, fireblast, judgment, recover] ttype=fire
INFO     	 giratinaorigin     levitate griseouscore [defog, dracometeor, poltergeist, willowisp] ttype=steel
INFO     	        ambipom   technician    silkscarf [doubleedge, fakeout, knockoff, lowkick] ttype=normal
INFO     	     kricketune   technician heavydutyboots [knockoff, pounce, stickyweb, taunt] ttype=ghost
INFO     	          lokix   tintedlens      lifeorb [firstimpression, knockoff, leechlife, suckerpunch] ttype=bug
INFO     Sampling battle 2
INFO     	        malamar     contrary    leftovers [knockoff, rest, sleeptalk, superpower] ttype=fighting
INFO     Sampling 5 unrevealed pokemon
INFO     	    corviknight  mirrorarmor  rockyhelmet [bravebird, defog, roost, uturn] ttype=dragon
INFO     	     grimmsnarl    prankster    lightclay [lightscreen, reflect, spiritbreak, thunderwave] ttype=poison
INFO     	            muk  poisontouch  assaultvest [drainpunch, gunkshot, icepunch, knockoff] ttype=dark
INFO     	      blastoise      torrent    whiteherb [earthquake, hydropump, icebeam, shellsmash] ttype=steel
INFO     	       drifblim     unburden  sitrusberry [airslash, calmmind, shadowball, strengthsap] ttype=steel
INFO     Sampling battle 3
INFO     	        malamar     contrary  chestoberry [knockoff, psychocut, rest, superpower] ttype=poison
INFO     Sampling 5 unrevealed pokemon
INFO     	    dudunsparce      rattled    leftovers [boomburst, calmmind, roost, shadowball] ttype=ghost
INFO     	       alcremie    aromaveil    leftovers [alluringvoice, calmmind, recover, terablast] ttype=ground
INFO     	       grafaiai  poisontouch  assaultvest [gunkshot, knockoff, superfang, uturn] ttype=dark
INFO     	necrozmaduskmane   prismarmor weaknesspolicy [dragondance, earthquake, morningsun, sunsteelstrike] ttype=steel
INFO     	     ironthorns   quarkdrive boosterenergy [dragondance, earthquake, stoneedge, wildcharge] ttype=ground
INFO     Sampling battle 4
INFO     	        malamar     contrary  chestoberry [knockoff, psychocut, rest, superpower] ttype=fighting
INFO     Sampling 5 unrevealed pokemon
INFO     	  arcaninehisui     rockhead   choiceband [closecombat, flareblitz, headsmash, wildcharge] ttype=fire
INFO     	         kommoo   soundproof  throatspray [clangingscales, clangoroussoul, drainpunch, ironhead] ttype=steel
INFO     	       landorus   sheerforce      lifeorb [earthpower, focusblast, nastyplot, sludgewave] ttype=poison
INFO     	          arbok   intimidate      lifeorb [earthquake, gunkshot, knockoff, toxicspikes] ttype=dark
INFO     	      metagross    clearbody    leftovers [bulletpunch, heavyslam, knockoff, stealthrock] ttype=water
INFO     Sampling battle 5
INFO     	        malamar     contrary  chestoberry [knockoff, psychocut, rest, superpower] ttype=poison
INFO     Sampling 5 unrevealed pokemon
INFO     	       grafaiai  poisontouch  assaultvest [gunkshot, knockoff, superfang, uturn] ttype=dark
INFO     	       ampharos       static      lifeorb [agility, dazzlinggleam, focusblast, thunderbolt] ttype=fairy
INFO     	     mabosstiff     stakeout  choicescarf [crunch, playrough, psychicfangs, wildcharge] ttype=fairy
INFO     	      rillaboom  grassysurge      lifeorb [grassyglide, highhorsepower, swordsdance, woodhammer] ttype=grass
INFO     	    slitherwing protosynthesis boosterenergy [acrobatics, bulkup, closecombat, wildcharge] ttype=electric
INFO     Sampling battle 6
INFO     	        malamar     contrary  chestoberry [knockoff, psychocut, rest, superpower] ttype=steel
INFO     Sampling 5 unrevealed pokemon
INFO     	         lapras  waterabsorb  choicespecs [freezedry, hydropump, icebeam, sparklingaria] ttype=water
INFO     	      armarouge    weakarmor    powerherb [armorcannon, energyball, meteorbeam, psyshock] ttype=fire
INFO     	       miraidon hadronengine      lifeorb [calmmind, dracometeor, dragonpulse, electrodrift] ttype=electric
INFO     	   basculegionf adaptability  assaultvest [flipturn, hydropump, shadowball, wavecrash] ttype=water
INFO     	      abomasnow  snowwarning    lightclay [auroraveil, blizzard, earthquake, iceshard] ttype=ghost
INFO     Sampling battle 7
INFO     	        malamar     contrary    leftovers [knockoff, rest, sleeptalk, superpower] ttype=poison
INFO     Sampling 5 unrevealed pokemon
INFO     	      zamazenta dauntlessshield    leftovers [bodypress, crunch, irondefense, stoneedge] ttype=fighting
INFO     	       meowstic    prankster    lightclay [lightscreen, psychicnoise, reflect, yawn] ttype=fairy
INFO     	       porygonz adaptability      lifeorb [agility, nastyplot, shadowball, terablast] ttype=fighting
INFO     	     ragingbolt protosynthesis    leftovers [calmmind, dracometeor, thunderbolt, thunderclap] ttype=electric
INFO     	     irontreads   quarkdrive  assaultvest [earthquake, ironhead, knockoff, rapidspin] ttype=ghost
INFO     Sampling battle 8
INFO     	        malamar     contrary    leftovers [knockoff, rest, sleeptalk, superpower] ttype=steel
INFO     Sampling 5 unrevealed pokemon
INFO     	    stonjourner    powerspot      lifeorb [earthquake, heatcrash, rockpolish, stoneedge] ttype=ground
INFO     	      regieleki   transistor       magnet [rapidspin, terablast, thunderbolt, voltswitch] ttype=ice
INFO     	        donphan       sturdy  assaultvest [earthquake, iceshard, knockoff, rapidspin] ttype=water
INFO     	     chesnaught  bulletproof    leftovers [bodypress, irondefense, synthesis, trailblaze] ttype=steel
INFO     	ursalunabloodmoon     mindseye    leftovers [bloodmoon, calmmind, moonlight, vacuumwave] ttype=poison
INFO     Sampling battle 9
INFO     	        malamar     contrary    leftovers [knockoff, rest, sleeptalk, superpower] ttype=fighting
INFO     Sampling 5 unrevealed pokemon
INFO     	      serperior     contrary      lifeorb [dragonpulse, glare, leafstorm, synthesis] ttype=grass
INFO     	        shaymin  naturalcure    leftovers [airslash, leechseed, seedflare, substitute] ttype=steel
INFO     	      armarouge    weakarmor    powerherb [armorcannon, energyball, meteorbeam, psyshock] ttype=grass
INFO     	       drifblim    aftermath heavydutyboots [airslash, defog, shadowball, strengthsap] ttype=steel
INFO     	     eelektross     levitate    leftovers [coil, drainpunch, knockoff, supercellslam] ttype=fighting
INFO     Sampling battle 10
INFO     	        malamar     contrary  chestoberry [knockoff, psychocut, rest, superpower] ttype=steel
INFO     Sampling 5 unrevealed pokemon
INFO     	         raikou     pressure  choicespecs [scald, shadowball, thunderbolt, voltswitch] ttype=electric
INFO     	      decidueye     overgrow      lifeorb [leafblade, poltergeist, shadowsneak, swordsdance] ttype=ghost
INFO     	       camerupt    solidrock    leftovers [earthquake, overheat, roar, stealthrock] ttype=water
INFO     	       braviary      defiant heavydutyboots [bravebird, bulkup, closecombat, roost] ttype=steel
INFO     	       sunflora  chlorophyll  choicespecs [dazzlinggleam, earthpower, leafstorm, sludgebomb] ttype=grass
INFO     Sampling battle 11
INFO     	        malamar     contrary    leftovers [knockoff, rest, sleeptalk, superpower] ttype=poison
INFO     Sampling 5 unrevealed pokemon
INFO     	         kyogre      drizzle  choicescarf [icebeam, originpulse, thunder, waterspout] ttype=water
INFO     	      hippowdon   sandstream    leftovers [earthquake, slackoff, stealthrock, whirlwind] ttype=rock
INFO     	      amoonguss  regenerator  rockyhelmet [gigadrain, sludgebomb, spore, stompingtantrum] ttype=steel
INFO     	       vigoroth  vitalspirit     eviolite [bodyslam, bulkup, knockoff, slackoff] ttype=ghost
INFO     	     ragingbolt protosynthesis  assaultvest [discharge, dracometeor, thunderclap, voltswitch] ttype=electric
INFO     Sampling battle 12
INFO     	        malamar     contrary    leftovers [knockoff, rest, sleeptalk, superpower] ttype=steel
INFO     Sampling 5 unrevealed pokemon
INFO     	     electivire   motordrive      lifeorb [bulkup, earthquake, icepunch, supercellslam] ttype=flying
INFO     	       whiscash    oblivious    leftovers [earthquake, hydropump, spikes, stealthrock] ttype=steel
INFO     	     irontreads   quarkdrive  assaultvest [earthquake, ironhead, rapidspin, voltswitch] ttype=dragon
INFO     	      heracross        moxie   choiceband [closecombat, knockoff, megahorn, stoneedge] ttype=bug
INFO     	    arceusgrass    multitype  meadowplate [calmmind, earthpower, icebeam, judgment] ttype=ground
INFO     Sampling battle 13
INFO     	        malamar     contrary  chestoberry [knockoff, psychocut, rest, superpower] ttype=poison
INFO     Sampling 5 unrevealed pokemon
INFO     	squawkabillyblue         guts     flameorb [bravebird, facade, protect, quickattack] ttype=normal
INFO     	       delibird       hustle heavydutyboots [bravebird, drillrun, icespinner, spikes] ttype=ground
INFO     	     oinkologne     thickfat    leftovers [bodyslam, curse, highhorsepower, lashout] ttype=ground
INFO     	      decidueye     overgrow      lifeorb [leafblade, poltergeist, shadowsneak, swordsdance] ttype=ghost
INFO     	     incineroar   intimidate  assaultvest [fakeout, knockoff, overheat, uturn] ttype=water
INFO     Sampling battle 14
INFO     	        malamar     contrary  chestoberry [knockoff, psychocut, rest, superpower] ttype=steel
INFO     Sampling 5 unrevealed pokemon
INFO     	      tatsugiri   stormdrain heavydutyboots [dracometeor, hydropump, nastyplot, rapidspin] ttype=water
INFO     	     grimmsnarl    prankster    leftovers [spiritbreak, suckerpunch, taunt, thunderwave] ttype=steel
INFO     	        shaymin  naturalcure    leftovers [airslash, leechseed, seedflare, substitute] ttype=steel
INFO     	          azelf     levitate      lifeorb [encore, explosion, knockoff, psychic] ttype=dark
INFO     	      palossand watercompaction    leftovers [earthpower, shadowball, shoreup, sludgebomb] ttype=poison
INFO     Sampling battle 15
INFO     	        malamar     contrary  chestoberry [knockoff, psychocut, rest, superpower] ttype=steel
INFO     Sampling 5 unrevealed pokemon
INFO     	         tinglu vesselofruin    leftovers [earthquake, heavyslam, payback, stealthrock] ttype=steel
INFO     	        dewgong     thickfat heavydutyboots [encore, flipturn, hydropump, icebeam] ttype=poison
INFO     	        mesprit     levitate  choicespecs [icebeam, psychic, thunderbolt, uturn] ttype=electric
INFO     	       empoleon  competitive    leftovers [knockoff, roar, roost, surf] ttype=flying
INFO     	       jumpluff  infiltrator              [acrobatics, encore, sleeppowder, strengthsap] ttype=steel
INFO     Sampling battle 16
INFO     	        malamar     contrary  chestoberry [knockoff, psychocut, rest, superpower] ttype=steel
INFO     Sampling 5 unrevealed pokemon
INFO     	     typhlosion        blaze  choicespecs [eruption, fireblast, focusblast, scorchingsands] ttype=fire
INFO     	       oricorio       dancer heavydutyboots [hurricane, quiverdance, revelationdance, roost] ttype=ground
INFO     	 ninetalesalola  snowwarning    lightclay [auroraveil, blizzard, moonblast, nastyplot] ttype=steel
INFO     	      farigiraf    sapsipper    leftovers [bodyslam, protect, psychicnoise, wish] ttype=ground
INFO     	    walkingwake protosynthesis  choicespecs [dracometeor, flamethrower, flipturn, hydropump] ttype=water
INFO     Sampling battle 17
INFO     	        malamar     contrary  chestoberry [knockoff, psychocut, rest, superpower] ttype=fighting
INFO     Sampling 5 unrevealed pokemon
INFO     	       smeargle     owntempo    focussash [ceaselessedge, spore, stealthrock, stickyweb] ttype=ghost
INFO     	        sableye    prankster    leftovers [encore, knockoff, recover, willowisp] ttype=steel
INFO     	        flapple       hustle   choiceband [gravapple, outrage, suckerpunch, uturn] ttype=steel
INFO     	       grafaiai    prankster heavydutyboots [encore, gunkshot, knockoff, partingshot] ttype=dark
INFO     	        okidogi   toxicchain  assaultvest [drainpunch, gunkshot, knockoff, psychicfangs] ttype=dark
INFO     Sampling battle 18
INFO     	        malamar     contrary  chestoberry [knockoff, psychocut, rest, superpower] ttype=fighting
INFO     Sampling 5 unrevealed pokemon
INFO     	     baxcalibur thermalexchange heavydutyboots [dragondance, earthquake, glaiverush, iciclecrash] ttype=ground
INFO     	    deoxysspeed     pressure      lifeorb [darkpulse, focusblast, nastyplot, psychoboost] ttype=dark
INFO     	  zaciancrowned intrepidsword  rustedsword [behemothblade, closecombat, playrough, swordsdance] ttype=fighting
INFO     	       quagsire      unaware    leftovers [earthquake, icebeam, recover, toxic] ttype=fairy
INFO     	     archaludon      stamina  assaultvest [bodypress, dracometeor, flashcannon, thunderbolt] ttype=fighting
INFO     Sampling battle 19
INFO     	        malamar     contrary  chestoberry [knockoff, psychocut, rest, superpower] ttype=steel
INFO     Sampling 5 unrevealed pokemon
INFO     	        shaymin  naturalcure    leftovers [airslash, leechseed, seedflare, substitute] ttype=steel
INFO     	       hawlucha     unburden    whiteherb [bravebird, closecombat, swordsdance, throatchop] ttype=fighting
INFO     	       appletun     thickfat    leftovers [appleacid, dragonpulse, leechseed, recover] ttype=steel
INFO     	        diancie    clearbody    leftovers [calmmind, diamondstorm, drainingkiss, earthpower] ttype=fairy
INFO     	       empoleon  competitive    leftovers [knockoff, roost, surf, yawn] ttype=flying
INFO     Sampling battle 20
INFO     	        malamar     contrary    leftovers [knockoff, rest, sleeptalk, superpower] ttype=steel
INFO     Sampling 5 unrevealed pokemon
INFO     	      terrakion    justified   choiceband [closecombat, earthquake, quickattack, stoneedge] ttype=ground
INFO     	        seviper  infiltrator      lifeorb [earthquake, gigadrain, gunkshot, knockoff] ttype=dark
INFO     	      bastiodon   soundproof  chestoberry [bodypress, foulplay, irondefense, rest] ttype=fighting
INFO     	     chesnaught  bulletproof    leftovers [bodypress, irondefense, synthesis, trailblaze] ttype=steel
INFO     	       meowstic    prankster    lightclay [lightscreen, psychicnoise, reflect, yawn] ttype=fairy
INFO     Sampling battle 21
INFO     	        malamar     contrary    leftovers [knockoff, rest, sleeptalk, superpower] ttype=fighting
INFO     Sampling 5 unrevealed pokemon
INFO     	       porygonz adaptability      lifeorb [nastyplot, shadowball, thunderbolt, triattack] ttype=electric
INFO     	          chiyu  beadsofruin heavydutyboots [darkpulse, fireblast, nastyplot, psychic] ttype=fire
INFO     	    polteageist   cursedbody    whiteherb [shadowball, shellsmash, storedpower, strengthsap] ttype=psychic
INFO     	      trevenant      harvest  sitrusberry [drainpunch, poltergeist, protect, toxic] ttype=steel
INFO     	        lanturn   voltabsorb heavydutyboots [scald, thunderbolt, thunderwave, voltswitch] ttype=flying
INFO     Sampling battle 22
INFO     	        malamar     contrary  chestoberry [knockoff, psychocut, rest, superpower] ttype=poison
INFO     Sampling 5 unrevealed pokemon
INFO     	      revavroom       filter      lifeorb [gunkshot, highhorsepower, ironhead, shiftgear] ttype=ground
INFO     	      pachirisu   voltabsorb heavydutyboots [discharge, encore, superfang, uturn] ttype=flying
INFO     	       vikavolt     levitate heavydutyboots [bugbuzz, energyball, stickyweb, thunderbolt] ttype=electric
INFO     	        palafin   zerotohero   choiceband [closecombat, flipturn, jetpunch, wavecrash] ttype=fighting
INFO     	    roaringmoon protosynthesis boosterenergy [acrobatics, dragondance, knockoff, outrage] ttype=flying
INFO     Sampling battle 23
INFO     	        malamar     contrary  chestoberry [knockoff, psychocut, rest, superpower] ttype=poison
INFO     Sampling 5 unrevealed pokemon
INFO     	    slitherwing protosynthesis heavydutyboots [closecombat, morningsun, uturn, willowisp] ttype=fire
INFO     	     krookodile   intimidate    leftovers [bulkup, earthquake, gunkshot, knockoff] ttype=poison
INFO     	       magcargo    flamebody heavydutyboots [lavaplume, powergem, recover, yawn] ttype=dragon
INFO     	        mesprit     levitate    leftovers [encore, knockoff, psychicnoise, stealthrock] ttype=electric
INFO     	        volbeat    prankster heavydutyboots [encore, roost, thunderwave, uturn] ttype=water
INFO     Sampling battle 24
INFO     	        malamar     contrary    leftovers [knockoff, rest, sleeptalk, superpower] ttype=steel
INFO     Sampling 5 unrevealed pokemon
INFO     	  arcaninehisui     rockhead heavydutyboots [extremespeed, flareblitz, headsmash, morningsun] ttype=fire
INFO     	       politoed      drizzle  chestoberry [haze, icebeam, rest, surf] ttype=steel
INFO     	       cinccino   technician   loadeddice [bulletseed, tailslap, tripleaxel, uturn] ttype=normal
INFO     	       dusknoir        frisk    leftovers [painsplit, poltergeist, shadowsneak, willowisp] ttype=dark
INFO     	         goodra    sapsipper  assaultvest [dracometeor, dragontail, earthquake, scald] ttype=water
INFO     Sampling battle 25
INFO     	        malamar     contrary    leftovers [knockoff, rest, sleeptalk, superpower] ttype=fighting
INFO     Sampling 5 unrevealed pokemon
INFO     	         flygon     levitate     lumberry [dragondance, earthquake, outrage, stoneedge] ttype=rock
INFO     	      alomomola  regenerator  rockyhelmet [flipturn, protect, scald, wish] ttype=poison
INFO     	tornadustherian  regenerator  assaultvest [bleakwindstorm, heatwave, knockoff, uturn] ttype=dark
INFO     	    dudunsparce  serenegrace    leftovers [earthquake, glare, headbutt, roost] ttype=ground
INFO     	        weavile   pickpocket heavydutyboots [iceshard, knockoff, swordsdance, tripleaxel] ttype=ice
INFO     Sampling battle 26
INFO     	        malamar     contrary  chestoberry [knockoff, psychocut, rest, superpower] ttype=poison
INFO     Sampling 5 unrevealed pokemon
INFO     	         komala     comatose  assaultvest [bodyslam, knockoff, rapidspin, uturn] ttype=ghost
INFO     	      dragonite   multiscale heavydutyboots [dragondance, earthquake, outrage, roost] ttype=steel
INFO     	        volbeat    prankster heavydutyboots [encore, roost, thunderwave, uturn] ttype=water
INFO     	      lilligant     owntempo      lifeorb [alluringvoice, petaldance, quiverdance, sleeppowder] ttype=grass
INFO     	        grumpig     thickfat  choicescarf [focusblast, psychic, shadowball, trick] ttype=fighting
INFO     Sampling battle 27
INFO     	        malamar     contrary  chestoberry [knockoff, psychocut, rest, superpower] ttype=steel
INFO     Sampling 5 unrevealed pokemon
INFO     	       swampert      torrent    leftovers [earthquake, flipturn, icebeam, yawn] ttype=poison
INFO     	      glastrier chillingneigh   choiceband [closecombat, heavyslam, highhorsepower, iciclecrash] ttype=fighting
INFO     	     incineroar   intimidate heavydutyboots [flareblitz, knockoff, swordsdance, trailblaze] ttype=grass
INFO     	        mesprit     levitate  choicescarf [dazzlinggleam, psychic, shadowball, thunderbolt] ttype=fairy
INFO     	     kricketune   technician heavydutyboots [knockoff, pounce, stickyweb, taunt] ttype=ghost
INFO     Sampling battle 28
INFO     	        malamar     contrary    leftovers [knockoff, rest, sleeptalk, superpower] ttype=poison
INFO     Sampling 5 unrevealed pokemon
INFO     	necrozmaduskmane   prismarmor weaknesspolicy [dragondance, earthquake, morningsun, sunsteelstrike] ttype=ground
INFO     	  zaciancrowned intrepidsword  rustedsword [behemothblade, closecombat, playrough, swordsdance] ttype=fighting
INFO     	        gliscor   poisonheal     toxicorb [earthquake, protect, substitute, toxic] ttype=water
INFO     	    kyuremwhite   turboblaze  choicescarf [dracometeor, earthpower, freezedry, fusionflare] ttype=fire
INFO     	       blaziken   speedboost      lifeorb [closecombat, flareblitz, knockoff, swordsdance] ttype=fighting
INFO     Sampling battle 29
INFO     	        malamar     contrary    leftovers [knockoff, rest, sleeptalk, superpower] ttype=steel
INFO     Sampling 5 unrevealed pokemon
INFO     	       pelipper      drizzle heavydutyboots [hurricane, hydropump, knockoff, roost] ttype=water
INFO     	    kyuremblack     teravolt   loadeddice [dragondance, iciclespear, scaleshot, terablast] ttype=ground
INFO     	     copperajah   sheerforce      lifeorb [ironhead, playrough, rockslide, superpower] ttype=fairy
INFO     	     sandaconda     shedskin    leftovers [coil, earthquake, rest, stoneedge] ttype=dragon
INFO     	       magearna    soulheart    leftovers [aurasphere, flashcannon, fleurcannon, thunderwave] ttype=fighting
INFO     Sampling battle 30
INFO     	        malamar     contrary  chestoberry [knockoff, psychocut, rest, superpower] ttype=fighting
INFO     Sampling 5 unrevealed pokemon
INFO     	   weezinggalar     levitate    leftovers [defog, gunkshot, strangesteam, willowisp] ttype=steel
INFO     	       vikavolt     levitate heavydutyboots [bugbuzz, discharge, energyball, stickyweb] ttype=electric
INFO     	        carbink    clearbody    leftovers [bodypress, irondefense, moonblast, rockpolish] ttype=fighting
INFO     	        shaymin  naturalcure    leftovers [airslash, leechseed, seedflare, substitute] ttype=steel
INFO     	      gastrodon   stormdrain    leftovers [earthquake, recover, stealthrock, surf] ttype=steel
INFO     Sampling battle 31
INFO     	        malamar     contrary    leftovers [knockoff, rest, sleeptalk, superpower] ttype=steel
INFO     Sampling 5 unrevealed pokemon
INFO     	      araquanid  waterbubble heavydutyboots [hydropump, leechlife, liquidation, stickyweb] ttype=steel
INFO     	         pyroar      unnerve heavydutyboots [darkpulse, fireblast, hypervoice, taunt] ttype=fire
INFO     	      charizard        blaze heavydutyboots [earthquake, flamethrower, focusblast, hurricane] ttype=dragon
INFO     	 decidueyehisui      scrappy    leftovers [knockoff, leafblade, roost, triplearrows] ttype=water
INFO     	    arceusghost    multitype  spookyplate [calmmind, focusblast, judgment, recover] ttype=dark
INFO     Searching for a move using MCTS...
INFO     Sampling 32 battles at 250ms each
WARNING  poke-engine lacks request-level Tera permissions; final selector must filter roots
INFO     Choice: swordsdance
INFO     Updated malamar's max speed to 213
INFO     ironleaves already has the move swordsdance. Decrementing the PP by 1
INFO     ironleaves using swordsdance makes it unlikely to have a choice item. Setting can_have_choice_item to False
INFO     ironleaves used a status-move. Adding `assaultvest` to impossible items
INFO     Setting ironleaves's last used move: swordsdance
INFO     ironleaves's attack was boosted by 2 to 2
INFO     malamar used a dark move, removing darkgem from possible items
INFO     Setting malamar's last used move: knockoff
INFO     malamar used a damaging move - not guessing lifeorb anymore
INFO     malamar did 72.72999999999999% damage to ironleaves with knockoff
INFO     Removing ironleaves's item: lifeorb
INFO     Setting ironleaves's removed item to lifeorb
INFO     Knockoff removed ironleaves's item
INFO     
INFO     Turn: 2
INFO     loaded 13 player and 0 effective opponent priors
INFO     Sampling battle 0
INFO     	        malamar     contrary    leftovers [knockoff, rest, sleeptalk, superpower] ttype=poison
INFO     Sampling 5 unrevealed pokemon
INFO     	       koraidon orichalcumpulse   loadeddice [collisioncourse, flareblitz, scaleshot, swordsdance] ttype=fire
INFO     	        palafin   zerotohero    leftovers [bulkup, icepunch, jetpunch, wavecrash] ttype=steel
INFO     	      regigigas    slowstart    leftovers [bodyslam, knockoff, protect, substitute] ttype=poison
INFO     	        beartic    slushrush heavydutyboots [closecombat, earthquake, iciclecrash, snowscape] ttype=ground
INFO     	       porygonz adaptability      lifeorb [nastyplot, shadowball, thunderbolt, triattack] ttype=ghost
INFO     Sampling battle 1
INFO     	        malamar     contrary  chestoberry [knockoff, psychocut, rest, superpower] ttype=steel
INFO     Sampling 5 unrevealed pokemon
INFO     	   lycanrocdusk   toughclaws      lifeorb [closecombat, psychicfangs, stoneedge, swordsdance] ttype=fighting
INFO     	       solgaleo fullmetalbody    leftovers [morningsun, psychicfangs, roar, sunsteelstrike] ttype=water
INFO     	    goodrahisui    sapsipper  assaultvest [dracometeor, dragontail, heavyslam, hydropump] ttype=water
INFO     	      mightyena   intimidate   choiceband [crunch, playrough, poisonfang, suckerpunch] ttype=poison
INFO     	       virizion    justified      lifeorb [closecombat, leafblade, stoneedge, swordsdance] ttype=rock
INFO     Sampling battle 2
INFO     	        malamar     contrary  chestoberry [knockoff, psychocut, rest, superpower] ttype=steel
INFO     Sampling 5 unrevealed pokemon
INFO     	      munkidori   toxicchain      lifeorb [focusblast, nastyplot, psyshock, sludgewave] ttype=poison
INFO     	   arceuspoison    multitype   toxicplate [dragondance, earthquake, gunkshot, liquidation] ttype=ground
INFO     	   crabominable     ironfist   choiceband [drainpunch, earthquake, icehammer, knockoff] ttype=ground
INFO     	         kyurem     pressure heavydutyboots [earthpower, freezedry, icebeam, outrage] ttype=ground
INFO     	      regigigas    slowstart    leftovers [bodyslam, knockoff, protect, substitute] ttype=poison
INFO     Sampling battle 3
INFO     	        malamar     contrary  chestoberry [knockoff, psychocut, rest, superpower] ttype=poison
INFO     Sampling 5 unrevealed pokemon
INFO     	      eternatus     pressure  rockyhelmet [dynamaxcannon, fireblast, recover, sludgebomb] ttype=fire
INFO     	     calyrexice asoneglastrier weaknesspolicy [agility, closecombat, glaciallance, highhorsepower] ttype=ground
INFO     	     kricketune   technician heavydutyboots [knockoff, pounce, stickyweb, taunt] ttype=ghost
INFO     	        florges   flowerveil    leftovers [calmmind, moonblast, synthesis, terablast] ttype=ground
INFO     	       politoed      drizzle  choicespecs [focusblast, hydropump, icebeam, weatherball] ttype=water
INFO     Sampling battle 4
INFO     	        malamar     contrary  chestoberry [knockoff, psychocut, rest, superpower] ttype=fighting
INFO     Sampling 5 unrevealed pokemon
INFO     	        altaria  naturalcure heavydutyboots [bravebird, defog, haze, roost] ttype=steel
INFO     	     talonflame    flamebody heavydutyboots [bravebird, overheat, roost, taunt] ttype=ground
INFO     	         gengar   cursedbody  choicespecs [focusblast, shadowball, sludgewave, trick] ttype=dark
INFO     	        ambipom   technician   choiceband [doubleedge, knockoff, lowkick, tripleaxel] ttype=ice
INFO     	       ursaluna         guts     flameorb [facade, headlongrush, throatchop, trailblaze] ttype=normal
INFO     Sampling battle 5
INFO     	        malamar     contrary  chestoberry [knockoff, psychocut, rest, superpower] ttype=steel
INFO     Sampling 5 unrevealed pokemon
INFO     	    kilowattrel   voltabsorb heavydutyboots [hurricane, roost, thunderbolt, uturn] ttype=water
INFO     	        ogerpon      defiant      lifeorb [ivycudgel, knockoff, superpower, swordsdance] ttype=grass
INFO     	       camerupt    solidrock    leftovers [earthquake, overheat, roar, stealthrock] ttype=water
INFO     	      hydreigon     levitate  choicespecs [darkpulse, dracometeor, flashcannon, uturn] ttype=steel
INFO     	 arceusfighting    multitype    fistplate [bodypress, irondefense, recover, shadowball] ttype=steel
INFO     Sampling battle 6
INFO     	        malamar     contrary  chestoberry [knockoff, psychocut, rest, superpower] ttype=steel
INFO     Sampling 5 unrevealed pokemon
INFO     	      quaquaval        moxie   choiceband [aquastep, closecombat, tripleaxel, uturn] ttype=water
INFO     	ogerponhearthflame  moldbreaker hearthflamemask [hornleech, ivycudgel, stompingtantrum, swordsdance] ttype=fire
INFO     	      decidueye     overgrow      lifeorb [knockoff, leafstorm, roost, spiritshackle] ttype=ghost
INFO     	      meowsticf  competitive      lifeorb [darkpulse, nastyplot, psychic, thunderbolt] ttype=electric
INFO     	       clodsire  waterabsorb    leftovers [earthquake, poisonjab, recover, spikes] ttype=flying
INFO     Sampling battle 7
INFO     	        malamar     contrary    leftovers [knockoff, rest, sleeptalk, superpower] ttype=poison
INFO     Sampling 5 unrevealed pokemon
INFO     	      arceusbug    multitype  insectplate [calmmind, fireblast, judgment, recover] ttype=fire
INFO     	      azumarill    hugepower  sitrusberry [aquajet, bellydrum, liquidation, playrough] ttype=water
INFO     	      gholdengo   goodasgold    leftovers [makeitrain, nastyplot, recover, shadowball] ttype=water
INFO     	    oricoriopau       dancer heavydutyboots [hurricane, quiverdance, revelationdance, roost] ttype=ground
INFO     	        glaceon      icebody heavydutyboots [freezedry, mudshot, protect, wish] ttype=ground
INFO     Sampling battle 8
INFO     	        malamar     contrary    leftovers [knockoff, rest, sleeptalk, superpower] ttype=fighting
INFO     Sampling 5 unrevealed pokemon
INFO     	          arbok   intimidate    leftovers [coil, earthquake, gunkshot, suckerpunch] ttype=dark
INFO     	         comfey       triage    leftovers [calmmind, drainingkiss, gigadrain, storedpower] ttype=poison
INFO     	        mesprit     levitate  choicespecs [icebeam, psychic, thunderbolt, uturn] ttype=electric
INFO     	         komala     comatose   choiceband [bodyslam, earthquake, knockoff, uturn] ttype=ghost
INFO     	        cetitan     thickfat  sitrusberry [bellydrum, earthquake, iceshard, icespinner] ttype=ice
INFO     Sampling battle 9
INFO     	        malamar     contrary  chestoberry [knockoff, psychocut, rest, superpower] ttype=steel
INFO     Sampling 5 unrevealed pokemon
INFO     	         raichu lightningrod  choicespecs [focusblast, surf, thunderbolt, voltswitch] ttype=water
INFO     	        palafin   zerotohero   choiceband [closecombat, flipturn, jetpunch, wavecrash] ttype=fighting
INFO     	      coalossal    flamebody heavydutyboots [flamethrower, rapidspin, stealthrock, stoneedge] ttype=water
INFO     	       gyarados        moxie heavydutyboots [dragondance, earthquake, terablast, waterfall] ttype=flying
INFO     	      infernape        blaze  choicescarf [closecombat, flareblitz, knockoff, uturn] ttype=dark
INFO     Sampling battle 10
INFO     	        malamar     contrary    leftovers [knockoff, rest, sleeptalk, superpower] ttype=poison
INFO     Sampling 5 unrevealed pokemon
INFO     	      crawdaunt adaptability   choiceband [aquajet, closecombat, crabhammer, knockoff] ttype=fighting
INFO     	         latias     levitate      souldew [calmmind, dracometeor, psyshock, recover] ttype=steel
INFO     	      alomomola  regenerator    leftovers [flipturn, protect, scald, wish] ttype=steel
INFO     	        ambipom   technician    silkscarf [doubleedge, fakeout, knockoff, uturn] ttype=normal
INFO     	         komala     comatose  assaultvest [bodyslam, earthquake, knockoff, rapidspin] ttype=ghost
INFO     Sampling battle 11
INFO     	        malamar     contrary    leftovers [knockoff, rest, sleeptalk, superpower] ttype=fighting
INFO     Sampling 5 unrevealed pokemon
INFO     	     hitmonchan     ironfist    leftovers [bulkup, drainpunch, knockoff, poisonjab] ttype=steel
INFO     	          chiyu  beadsofruin  choicespecs [darkpulse, flamethrower, overheat, psychic] ttype=dark
INFO     	  articunogalar  competitive heavydutyboots [calmmind, freezingglare, hurricane, recover] ttype=steel
INFO     	          golem       sturdy  custapberry [earthquake, explosion, stealthrock, stoneedge] ttype=grass
INFO     	      staraptor     reckless   choiceband [bravebird, closecombat, doubleedge, quickattack] ttype=flying
INFO     Sampling battle 12
INFO     	        malamar     contrary    leftovers [knockoff, rest, sleeptalk, superpower] ttype=poison
INFO     Sampling 5 unrevealed pokemon
INFO     	        okidogi   toxicchain    leftovers [bulkup, drainpunch, gunkshot, knockoff] ttype=dark
INFO     	        milotic  competitive    leftovers [haze, icebeam, recover, scald] ttype=steel
INFO     	      gardevoir        trace      lifeorb [calmmind, focusblast, moonblast, psychic] ttype=fighting
INFO     	  arcaninehisui     rockhead heavydutyboots [extremespeed, flareblitz, headsmash, morningsun] ttype=rock
INFO     	     arceusfire    multitype   flameplate [earthquake, extremespeed, flareblitz, swordsdance] ttype=fire
INFO     Sampling battle 13
INFO     	        malamar     contrary    leftovers [knockoff, rest, sleeptalk, superpower] ttype=poison
INFO     Sampling 5 unrevealed pokemon
INFO     	       rotommow     levitate    leftovers [leafstorm, thunderbolt, voltswitch, willowisp] ttype=electric
INFO     	 giratinaorigin     levitate griseouscore [dracometeor, dragontail, poltergeist, willowisp] ttype=steel
INFO     	      volcarona    flamebody heavydutyboots [bugbuzz, fireblast, quiverdance, terablast] ttype=ground
INFO     	squawkabillywhite       hustle   choiceband [bravebird, doubleedge, foulplay, quickattack] ttype=normal
INFO     	     arceusfire    multitype   flameplate [calmmind, earthpower, judgment, recover] ttype=ground
INFO     Sampling battle 14
INFO     	        malamar     contrary    leftovers [knockoff, rest, sleeptalk, superpower] ttype=steel
INFO     Sampling 5 unrevealed pokemon
INFO     	    deoxysspeed     pressure      lifeorb [darkpulse, focusblast, nastyplot, psychoboost] ttype=dark
INFO     	        breloom   technician      lifeorb [bulletseed, machpunch, rocktomb, spore] ttype=fighting
INFO     	      electrode    aftermath      lifeorb [explosion, foulplay, taunt, thunderbolt] ttype=dark
INFO     	         pyroar      unnerve heavydutyboots [darkpulse, fireblast, hypervoice, willowisp] ttype=fire
INFO     	        umbreon  synchronize    leftovers [foulplay, protect, toxic, wish] ttype=poison
INFO     Sampling battle 15
INFO     	        malamar     contrary  chestoberry [knockoff, psychocut, rest, superpower] ttype=poison
INFO     Sampling 5 unrevealed pokemon
INFO     	         zekrom     teravolt    leftovers [boltstrike, dragondance, outrage, substitute] ttype=steel
INFO     	       empoleon  competitive    leftovers [icebeam, roost, surf, yawn] ttype=grass
INFO     	        dondozo      unaware    leftovers [curse, rest, sleeptalk, wavecrash] ttype=fairy
INFO     	      toxicroak      dryskin      lifeorb [closecombat, gunkshot, suckerpunch, swordsdance] ttype=fighting
INFO     	ursalunabloodmoon     mindseye    leftovers [bloodmoon, calmmind, earthpower, moonlight] ttype=ghost
INFO     Searching for a move using MCTS...
INFO     Sampling 16 battles at 500ms each
INFO     Choice: leafblade
INFO     Opponent has switched - clearing the last used move
INFO     ceruledge switched in, adding intimidate to impossible abilities
INFO     ceruledge switched in, adding pressure to impossible abilities
INFO     ceruledge switched in, adding neutralizinggas to impossible abilities
INFO     ceruledge switched in, adding sandstream to impossible abilities
INFO     ceruledge switched in, adding drought to impossible abilities
INFO     ceruledge switched in, adding drizzle to impossible abilities
INFO     ceruledge switched in, adding snowwarning to impossible abilities
INFO     ceruledge switched in, adding boosterenergy to impossible items
INFO     ceruledge switched in, adding airballoon to impossible items
INFO     ironleaves already has the move leafblade. Decrementing the PP by 1
INFO     ironleaves used a grass move, removing grassgem from possible items
INFO     Setting ironleaves's last used move: leafblade
INFO     ironleaves used a damaging move - not guessing lifeorb anymore
INFO     ironleaves did 82.0% damage to ceruledge with leafblade
INFO     Setting ceruledge's ability to weakarmor
INFO     ceruledge's defense was unboosted by 1 to -1
INFO     ceruledge's speed was boosted by 2 to 2
INFO     ceruledge has less than maxhp during upkeep, no longer guessing leftovers or blacksludge
INFO     
INFO     Turn: 3
INFO     loaded 13 player and 0 effective opponent priors
INFO     Sampling battle 0
INFO     	      ceruledge    weakarmor heavydutyboots [bitterblade, closecombat, poltergeist, swordsdance] ttype=fire
INFO     	        malamar     contrary  chestoberry [knockoff, psychocut, rest, superpower] ttype=poison
INFO     Sampling 4 unrevealed pokemon
INFO     	     galvantula compoundeyes    focussash [bugbuzz, stickyweb, thunder, voltswitch] ttype=electric
INFO     	       glimmora  toxicdebris heavydutyboots [earthpower, mortalspin, sludgewave, stealthrock] ttype=ground
INFO     	lycanrocmidnight      noguard  choicescarf [closecombat, knockoff, playrough, stoneedge] ttype=fighting
INFO     	  samurotthisui    sharpness  choicescarf [ceaselessedge, flipturn, razorshell, sacredsword] ttype=poison
INFO     Sampling battle 1
INFO     	      ceruledge    weakarmor heavydutyboots [bitterblade, closecombat, poltergeist, swordsdance] ttype=ghost
INFO     	        malamar     contrary  chestoberry [knockoff, psychocut, rest, superpower] ttype=steel
INFO     Sampling 4 unrevealed pokemon
INFO     	      regieleki   transistor       magnet [explosion, rapidspin, thunderbolt, voltswitch] ttype=electric
INFO     	     copperajah   sheerforce      lifeorb [earthquake, ironhead, playrough, stealthrock] ttype=fairy
INFO     	      alomomola  regenerator  rockyhelmet [flipturn, protect, scald, wish] ttype=steel
INFO     	       ludicolo    swiftswim      lifeorb [gigadrain, hydropump, icebeam, raindance] ttype=steel
INFO     Sampling battle 2
INFO     	      ceruledge    weakarmor heavydutyboots [bitterblade, closecombat, poltergeist, swordsdance] ttype=fire
INFO     	        malamar     contrary    leftovers [knockoff, rest, sleeptalk, superpower] ttype=fighting
INFO     Sampling 4 unrevealed pokemon
INFO     	 exeggutoralola        frisk  choicespecs [dracometeor, flamethrower, gigadrain, leafstorm] ttype=fire
INFO     	      gholdengo   goodasgold    leftovers [makeitrain, nastyplot, recover, shadowball] ttype=dark
INFO     	         espeon  magicbounce      lifeorb [alluringvoice, morningsun, psyshock, shadowball] ttype=fairy
INFO     	     perrserker   toughclaws      lifeorb [closecombat, ironhead, stealthrock, uturn] ttype=fighting
INFO     Sampling battle 3
INFO     	      ceruledge    weakarmor heavydutyboots [bitterblade, closecombat, poltergeist, swordsdance] ttype=ghost
INFO     	        malamar     contrary  chestoberry [knockoff, psychocut, rest, superpower] ttype=poison
INFO     Sampling 4 unrevealed pokemon
INFO     	       lumineon   stormdrain heavydutyboots [encore, hydropump, icebeam, uturn] ttype=steel
INFO     	   lycanrocdusk   toughclaws      lifeorb [accelerock, closecombat, stoneedge, swordsdance] ttype=fighting
INFO     	     oinkologne     thickfat    leftovers [bodyslam, curse, highhorsepower, lashout] ttype=ground
INFO     	        grumpig     thickfat    leftovers [focusblast, nastyplot, psyshock, shadowball] ttype=fighting
INFO     Sampling battle 4
INFO     	      ceruledge    weakarmor heavydutyboots [bitterblade, closecombat, poltergeist, swordsdance] ttype=fire
INFO     	        malamar     contrary  chestoberry [knockoff, psychocut, rest, superpower] ttype=poison
INFO     Sampling 4 unrevealed pokemon
INFO     	 decidueyehisui      scrappy    leftovers [leafblade, roost, suckerpunch, triplearrows] ttype=water
INFO     	         latios     levitate      souldew [aurasphere, dracometeor, lusterpurge, recover] ttype=dragon
INFO     	      toucannon    skilllink heavydutyboots [beakblast, boomburst, bulletseed, roost] ttype=steel
INFO     	   weezinggalar     levitate    leftovers [defog, fireblast, gunkshot, strangesteam] ttype=steel
INFO     Sampling battle 5
INFO     	      ceruledge    weakarmor heavydutyboots [bitterblade, closecombat, poltergeist, swordsdance] ttype=fire
INFO     	        malamar     contrary  chestoberry [knockoff, psychocut, rest, superpower] ttype=poison
INFO     Sampling 4 unrevealed pokemon
INFO     	     grimmsnarl    prankster    lightclay [lightscreen, partingshot, reflect, spiritbreak] ttype=poison
INFO     	        flapple       hustle     lumberry [dragondance, gravapple, outrage, terablast] ttype=fire
INFO     	       leavanny        swarm heavydutyboots [knockoff, leafblade, lunge, stickyweb] ttype=ghost
INFO     	      staraptor     reckless   choiceband [bravebird, doubleedge, quickattack, uturn] ttype=flying
INFO     Sampling battle 6
INFO     	      ceruledge    weakarmor heavydutyboots [bitterblade, poltergeist, shadowsneak, swordsdance] ttype=fire
INFO     	        malamar     contrary  chestoberry [knockoff, psychocut, rest, superpower] ttype=steel
INFO     Sampling 4 unrevealed pokemon
INFO     	         rhydon lightningrod     eviolite [earthquake, megahorn, stealthrock, stoneedge] ttype=grass
INFO     	       maushold   technician     widelens [bite, encore, populationbomb, tidyup] ttype=normal
INFO     	        gliscor   poisonheal     toxicorb [earthquake, knockoff, protect, toxicspikes] ttype=water
INFO     	       venomoth   tintedlens heavydutyboots [bugbuzz, quiverdance, sleeppowder, sludgewave] ttype=steel
INFO     Sampling battle 7
INFO     	      ceruledge    weakarmor heavydutyboots [bitterblade, closecombat, poltergeist, swordsdance] ttype=fighting
INFO     	        malamar     contrary    leftovers [knockoff, rest, sleeptalk, superpower] ttype=poison
INFO     Sampling 4 unrevealed pokemon
INFO     	       lurantis     contrary  assaultvest [knockoff, leafstorm, leechlife, superpower] ttype=water
INFO     	   basculegionf adaptability  choicespecs [flipturn, hydropump, icebeam, shadowball] ttype=water
INFO     	        milotic  competitive    leftovers [haze, icebeam, recover, scald] ttype=steel
INFO     	      rhyperior    solidrock   choiceband [earthquake, icepunch, megahorn, stoneedge] ttype=grass
INFO     Sampling battle 8
INFO     	      ceruledge    weakarmor heavydutyboots [bitterblade, closecombat, poltergeist, swordsdance] ttype=fighting
INFO     	        malamar     contrary  chestoberry [knockoff, psychocut, rest, superpower] ttype=steel
INFO     Sampling 4 unrevealed pokemon
INFO     	         luxray         guts     flameorb [facade, playrough, supercellslam, trailblaze] ttype=normal
INFO     	 sandslashalola    slushrush  assaultvest [ironhead, knockoff, rapidspin, tripleaxel] ttype=water
INFO     	        beartic    slushrush heavydutyboots [closecombat, earthquake, iciclecrash, snowscape] ttype=ground
INFO     	necrozmadawnwings   prismarmor    leftovers [calmmind, moongeistbeam, moonlight, photongeyser] ttype=fairy
INFO     Sampling battle 9
INFO     	      ceruledge    weakarmor heavydutyboots [bitterblade, closecombat, poltergeist, swordsdance] ttype=ghost
INFO     	        malamar     contrary  chestoberry [knockoff, psychocut, rest, superpower] ttype=poison
INFO     Sampling 4 unrevealed pokemon
INFO     	        manaphy    hydration    leftovers [energyball, hydropump, icebeam, tailglow] ttype=grass
INFO     	      bastiodon   soundproof  chestoberry [bodypress, foulplay, irondefense, rest] ttype=fighting
INFO     	       samurott      torrent      lifeorb [knockoff, liquidation, sacredsword, swordsdance] ttype=dark
INFO     	     masquerain   intimidate heavydutyboots [bugbuzz, hurricane, stickyweb, stunspore] ttype=ground
INFO     Sampling battle 10
INFO     	      ceruledge    weakarmor heavydutyboots [bitterblade, closecombat, poltergeist, swordsdance] ttype=fighting
INFO     	        malamar     contrary    leftovers [knockoff, rest, sleeptalk, superpower] ttype=fighting
INFO     Sampling 4 unrevealed pokemon
INFO     	thundurustherian   voltabsorb heavydutyboots [focusblast, nastyplot, terablast, thunderbolt] ttype=flying
INFO     	       smeargle   technician     widelens [populationbomb, powertrip, shellsmash, spore] ttype=ghost
INFO     	         pawmot   voltabsorb   leppaberry [closecombat, doubleshock, nuzzle, revivalblessing] ttype=electric
INFO     	squawkabillyyellow       hustle heavydutyboots [bravebird, doubleedge, partingshot, quickattack] ttype=normal
INFO     Sampling battle 11
INFO     	      ceruledge    weakarmor heavydutyboots [bitterblade, closecombat, poltergeist, swordsdance] ttype=ghost
INFO     	        malamar     contrary  chestoberry [knockoff, psychocut, rest, superpower] ttype=fighting
INFO     Sampling 4 unrevealed pokemon
INFO     	        urshifu   unseenfist      lifeorb [closecombat, poisonjab, swordsdance, wickedblow] ttype=fighting
INFO     	       magcargo    weakarmor heavydutyboots [earthpower, fireblast, powergem, shellsmash] ttype=grass
INFO     	        blissey  naturalcure    leftovers [healbell, seismictoss, softboiled, thunderwave] ttype=dark
INFO     	      clawitzer megalauncher  assaultvest [darkpulse, dragonpulse, uturn, waterpulse] ttype=dragon
INFO     Sampling battle 12
INFO     	      ceruledge    weakarmor heavydutyboots [bitterblade, closecombat, poltergeist, swordsdance] ttype=fighting
INFO     	        malamar     contrary    leftovers [knockoff, rest, sleeptalk, superpower] ttype=poison
INFO     Sampling 4 unrevealed pokemon
INFO     	       tinkaton  moldbreaker    leftovers [gigatonhammer, knockoff, playrough, swordsdance] ttype=steel
INFO     	        jirachi  serenegrace    leftovers [bodyslam, ironhead, protect, wish] ttype=water
INFO     	       illumise    prankster heavydutyboots [bugbuzz, encore, roost, thunderwave] ttype=water
INFO     	        dondozo      unaware    leftovers [curse, rest, sleeptalk, wavecrash] ttype=dragon
INFO     Sampling battle 13
INFO     	      ceruledge    weakarmor heavydutyboots [bitterblade, closecombat, poltergeist, swordsdance] ttype=fighting
INFO     	        malamar     contrary    leftovers [knockoff, rest, sleeptalk, superpower] ttype=poison
INFO     Sampling 4 unrevealed pokemon
INFO     	      toxicroak      dryskin  choicescarf [closecombat, earthquake, gunkshot, knockoff] ttype=dark
INFO     	        lanturn   voltabsorb heavydutyboots [scald, thunderbolt, thunderwave, voltswitch] ttype=flying
INFO     	     screamtail protosynthesis    leftovers [dazzlinggleam, protect, thunderwave, wish] ttype=steel
INFO     	         komala     comatose   choiceband [bodyslam, earthquake, knockoff, uturn] ttype=ghost
INFO     Sampling battle 14
INFO     	      ceruledge    weakarmor heavydutyboots [bitterblade, closecombat, poltergeist, swordsdance] ttype=fighting
INFO     	        malamar     contrary  chestoberry [knockoff, psychocut, rest, superpower] ttype=steel
INFO     Sampling 4 unrevealed pokemon
INFO     	        kingdra    swiftswim      lifeorb [dracometeor, hurricane, raindance, wavecrash] ttype=water
INFO     	      lilligant  chlorophyll      lifeorb [gigadrain, quiverdance, sleeppowder, terablast] ttype=fire
INFO     	        diancie    clearbody  assaultvest [bodypress, diamondstorm, earthpower, moonblast] ttype=fighting
INFO     	     masquerain   intimidate heavydutyboots [bugbuzz, hurricane, hydropump, quiverdance] ttype=water
INFO     Sampling battle 15
INFO     	      ceruledge    weakarmor heavydutyboots [bitterblade, closecombat, poltergeist, swordsdance] ttype=fighting
INFO     	        malamar     contrary  chestoberry [knockoff, psychocut, rest, superpower] ttype=steel
INFO     Sampling 4 unrevealed pokemon
INFO     	       appletun     thickfat    leftovers [appleacid, dracometeor, dragontail, recover] ttype=steel
INFO     	       froslass   cursedbody     widelens [poltergeist, spikes, tripleaxel, willowisp] ttype=ghost
INFO     	        bisharp      defiant     eviolite [ironhead, suckerpunch, swordsdance, throatchop] ttype=flying
INFO     	     kricketune   technician    focussash [knockoff, pounce, stickyweb, taunt] ttype=ghost
INFO     Sampling battle 16
INFO     	      ceruledge    weakarmor heavydutyboots [bitterblade, closecombat, poltergeist, swordsdance] ttype=ghost
INFO     	        malamar     contrary  chestoberry [knockoff, psychocut, rest, superpower] ttype=fighting
INFO     Sampling 4 unrevealed pokemon
INFO     	         pyroar      unnerve heavydutyboots [darkpulse, fireblast, hypervoice, willowisp] ttype=fire
INFO     	      crawdaunt adaptability      lifeorb [closecombat, crabhammer, dragondance, knockoff] ttype=fighting
INFO     	     oinkologne     thickfat    leftovers [bodyslam, curse, highhorsepower, lashout] ttype=ground
INFO     	        manaphy    hydration    leftovers [energyball, hydropump, icebeam, tailglow] ttype=water
INFO     Sampling battle 17
INFO     	      ceruledge    weakarmor heavydutyboots [bitterblade, closecombat, poltergeist, swordsdance] ttype=fighting
INFO     	        malamar     contrary  chestoberry [knockoff, psychocut, rest, superpower] ttype=poison
INFO     Sampling 4 unrevealed pokemon
INFO     	     chandelure    flashfire heavydutyboots [calmmind, fireblast, painsplit, shadowball] ttype=fire
INFO     	ogerponcornerstone       sturdy cornerstonemask [ivycudgel, powerwhip, spikes, synthesis] ttype=rock
INFO     	         kommoo   soundproof  throatspray [clangingscales, clangoroussoul, drainpunch, ironhead] ttype=steel
INFO     	       ludicolo    swiftswim  choicespecs [gigadrain, hydropump, icebeam, leafstorm] ttype=grass
INFO     Sampling battle 18
INFO     	      ceruledge    weakarmor heavydutyboots [bitterblade, closecombat, poltergeist, swordsdance] ttype=fighting
INFO     	        malamar     contrary    leftovers [knockoff, rest, sleeptalk, superpower] ttype=poison
INFO     Sampling 4 unrevealed pokemon
INFO     	      glastrier chillingneigh heavydutyboots [closecombat, heavyslam, iciclecrash, swordsdance] ttype=fighting
INFO     	          hypno     insomnia    leftovers [encore, knockoff, psychicnoise, toxic] ttype=steel
INFO     	        sableye    prankster    leftovers [encore, knockoff, recover, willowisp] ttype=steel
INFO     	     ragingbolt protosynthesis    leftovers [calmmind, dracometeor, thunderbolt, thunderclap] ttype=electric
INFO     Sampling battle 19
INFO     	      ceruledge    weakarmor heavydutyboots [bitterblade, poltergeist, shadowsneak, swordsdance] ttype=fire
INFO     	        malamar     contrary    leftovers [knockoff, rest, sleeptalk, superpower] ttype=fighting
INFO     Sampling 4 unrevealed pokemon
INFO     	      hippowdon   sandstream    leftovers [curse, earthquake, slackoff, stoneedge] ttype=rock
INFO     	        torkoal      drought heavydutyboots [earthquake, lavaplume, rapidspin, solarbeam] ttype=grass
INFO     	          minun   voltabsorb      lifeorb [alluringvoice, grassknot, nastyplot, thunderbolt] ttype=electric
INFO     	        flapple       hustle     widelens [dragondance, gravapple, outrage, terablast] ttype=fire
INFO     Sampling battle 20
INFO     	      ceruledge    weakarmor heavydutyboots [bitterblade, poltergeist, shadowsneak, swordsdance] ttype=ghost
INFO     	        malamar     contrary    leftovers [knockoff, rest, sleeptalk, superpower] ttype=poison
INFO     Sampling 4 unrevealed pokemon
INFO     	       enamorus     contrary    leftovers [playrough, substitute, superpower, taunt] ttype=fighting
INFO     	        suicune     pressure    leftovers [calmmind, icebeam, scald, substitute] ttype=steel
INFO     	      regigigas    slowstart    leftovers [bodyslam, knockoff, protect, substitute] ttype=ghost
INFO     	      electrode       static      lifeorb [taunt, terablast, thunderbolt, voltswitch] ttype=ice
INFO     Sampling battle 21
INFO     	      ceruledge    weakarmor heavydutyboots [bitterblade, closecombat, poltergeist, swordsdance] ttype=fire
INFO     	        malamar     contrary    leftovers [knockoff, rest, sleeptalk, superpower] ttype=steel
INFO     Sampling 4 unrevealed pokemon
INFO     	    arceuswater    multitype  splashplate [calmmind, judgment, recover, willowisp] ttype=steel
INFO     	     golemalola    galvanize      lifeorb [doubleedge, earthquake, rockpolish, stoneedge] ttype=flying
INFO     	      dragapult    clearbody      lifeorb [dragondance, dragondarts, fireblast, terablast] ttype=ghost
INFO     	       cloyster    skilllink    whiteherb [hydropump, iciclespear, rockblast, shellsmash] ttype=rock
INFO     Sampling battle 22
INFO     	      ceruledge    weakarmor heavydutyboots [bitterblade, poltergeist, shadowsneak, swordsdance] ttype=ghost
INFO     	        malamar     contrary  chestoberry [knockoff, psychocut, rest, superpower] ttype=poison
INFO     Sampling 4 unrevealed pokemon
INFO     	           hooh  regenerator heavydutyboots [bravebird, earthquake, recover, sacredfire] ttype=ground
INFO     	         rhydon lightningrod     eviolite [earthquake, megahorn, stealthrock, stoneedge] ttype=fairy
INFO     	      zamazenta dauntlessshield    leftovers [bodypress, irondefense, ironhead, stoneedge] ttype=steel
INFO     	        zoroark     illusion      lifeorb [darkpulse, nastyplot, psychic, sludgebomb] ttype=poison
INFO     Sampling battle 23
INFO     	      ceruledge    weakarmor heavydutyboots [bitterblade, closecombat, poltergeist, swordsdance] ttype=ghost
INFO     	        malamar     contrary    leftovers [knockoff, rest, sleeptalk, superpower] ttype=steel
INFO     Sampling 4 unrevealed pokemon
INFO     	      heracross         guts     flameorb [closecombat, facade, knockoff, trailblaze] ttype=normal
INFO     	      indeedeef psychicsurge      lifeorb [calmmind, dazzlinggleam, hypervoice, psyshock] ttype=fairy
INFO     	        milotic  competitive    leftovers [dragontail, icebeam, recover, scald] ttype=dragon
INFO     	         dodrio    earlybird   choiceband [bravebird, drillrun, knockoff, quickattack] ttype=flying
INFO     Sampling battle 24
INFO     	      ceruledge    weakarmor heavydutyboots [bitterblade, closecombat, poltergeist, swordsdance] ttype=fighting
INFO     	        malamar     contrary  chestoberry [knockoff, psychocut, rest, superpower] ttype=poison
INFO     Sampling 4 unrevealed pokemon
INFO     	       clefable   magicguard      lifeorb [moonblast, moonlight, stealthrock, thunderwave] ttype=poison
INFO     	      duraludon   lightmetal     eviolite [bodypress, dracometeor, flashcannon, thunderwave] ttype=fighting
INFO     	       articuno     pressure heavydutyboots [bravebird, freezedry, roost, substitute] ttype=steel
INFO     	       quagsire      unaware    leftovers [earthquake, recover, spikes, toxic] ttype=steel
INFO     Sampling battle 25
INFO     	      ceruledge    weakarmor heavydutyboots [bitterblade, closecombat, poltergeist, swordsdance] ttype=fighting
INFO     	        malamar     contrary  chestoberry [knockoff, psychocut, rest, superpower] ttype=fighting
INFO     Sampling 4 unrevealed pokemon
INFO     	     ragingbolt protosynthesis  assaultvest [discharge, dracometeor, thunderclap, voltswitch] ttype=electric
INFO     	       virizion    justified      lifeorb [closecombat, leafblade, stoneedge, swordsdance] ttype=rock
INFO     	        palafin   zerotohero    leftovers [bulkup, drainpunch, jetpunch, wavecrash] ttype=dragon
INFO     	      regigigas    slowstart    leftovers [bodyslam, knockoff, rest, sleeptalk] ttype=ghost
INFO     Sampling battle 26
INFO     	      ceruledge    weakarmor heavydutyboots [bitterblade, poltergeist, shadowsneak, swordsdance] ttype=ghost
INFO     	        malamar     contrary  chestoberry [knockoff, psychocut, rest, superpower] ttype=poison
INFO     Sampling 4 unrevealed pokemon
INFO     	     oinkologne     thickfat    leftovers [curse, doubleedge, highhorsepower, lashout] ttype=ground
INFO     	       orthworm   eartheater  chestoberry [bodypress, coil, irontail, rest] ttype=fighting
INFO     	         deoxys     pressure      lifeorb [icebeam, knockoff, psychoboost, superpower] ttype=dark
INFO     	       lurantis     contrary    leftovers [knockoff, leafstorm, superpower, synthesis] ttype=fighting
INFO     Sampling battle 27
INFO     	      ceruledge    weakarmor heavydutyboots [bitterblade, closecombat, poltergeist, swordsdance] ttype=fire
INFO     	        malamar     contrary    leftovers [knockoff, rest, sleeptalk, superpower] ttype=steel
INFO     Sampling 4 unrevealed pokemon
INFO     	      ironhands   quarkdrive  assaultvest [closecombat, icepunch, voltswitch, wildcharge] ttype=fighting
INFO     	        haxorus  moldbreaker     lumberry [closecombat, dragondance, ironhead, outrage] ttype=steel
INFO     	        beartic    swiftswim heavydutyboots [closecombat, earthquake, iciclecrash, swordsdance] ttype=fighting
INFO     	        ariados        swarm heavydutyboots [megahorn, poisonjab, stickyweb, suckerpunch] ttype=ghost
INFO     Sampling battle 28
INFO     	      ceruledge    weakarmor heavydutyboots [bitterblade, closecombat, poltergeist, swordsdance] ttype=fighting
INFO     	        malamar     contrary    leftovers [knockoff, rest, sleeptalk, superpower] ttype=steel
INFO     Sampling 4 unrevealed pokemon
INFO     	     toxtricity     punkrock  choicespecs [boomburst, overdrive, sludgewave, voltswitch] ttype=normal
INFO     	      armarouge    weakarmor  choicespecs [armorcannon, aurasphere, energyball, psyshock] ttype=fighting
INFO     	        snorlax     thickfat    leftovers [bodyslam, curse, rest, sleeptalk] ttype=fairy
INFO     	       samurott      torrent  assaultvest [aquajet, grassknot, hydropump, knockoff] ttype=grass
INFO     Sampling battle 29
INFO     	      ceruledge    weakarmor heavydutyboots [bitterblade, closecombat, poltergeist, swordsdance] ttype=fighting
INFO     	        malamar     contrary  chestoberry [knockoff, psychocut, rest, superpower] ttype=poison
INFO     Sampling 4 unrevealed pokemon
INFO     	        glaceon      icebody heavydutyboots [freezedry, mudshot, protect, wish] ttype=ground
INFO     	 arceusfighting    multitype    fistplate [bodypress, cosmicpower, recover, storedpower] ttype=steel
INFO     	        cetitan   sheerforce      lifeorb [earthquake, iceshard, iciclecrash, liquidation] ttype=water
INFO     	       zangoose   toxicboost     toxicorb [facade, knockoff, quickattack, swordsdance] ttype=normal
INFO     Sampling battle 30
INFO     	      ceruledge    weakarmor heavydutyboots [bitterblade, poltergeist, shadowsneak, swordsdance] ttype=ghost
INFO     	        malamar     contrary    leftovers [knockoff, rest, sleeptalk, superpower] ttype=steel
INFO     Sampling 4 unrevealed pokemon
INFO     	      rillaboom  grassysurge      lifeorb [grassyglide, knockoff, swordsdance, woodhammer] ttype=grass
INFO     	      kingambit supremeoverlord    leftovers [ironhead, kowtowcleave, suckerpunch, swordsdance] ttype=dark
INFO     	        beartic    slushrush heavydutyboots [closecombat, iciclecrash, snowscape, swordsdance] ttype=fighting
INFO     	    deoxysspeed     pressure      lifeorb [darkpulse, focusblast, nastyplot, psychoboost] ttype=dark
INFO     Sampling battle 31
INFO     	      ceruledge    weakarmor heavydutyboots [bitterblade, closecombat, poltergeist, swordsdance] ttype=fire
INFO     	        malamar     contrary    leftovers [knockoff, rest, sleeptalk, superpower] ttype=poison
INFO     Sampling 4 unrevealed pokemon
INFO     	        kleavor    sharpness heavydutyboots [closecombat, stoneaxe, swordsdance, xscissor] ttype=rock
INFO     	         furret        frisk   choiceband [doubleedge, knockoff, trick, uturn] ttype=normal
INFO     	        moltres    flamebody heavydutyboots [bravebird, fireblast, roost, scorchingsands] ttype=ground
INFO     	         swalot   liquidooze  assaultvest [earthquake, icebeam, knockoff, sludgebomb] ttype=dark
INFO     Searching for a move using MCTS...
INFO     Sampling 32 battles at 250ms each
INFO     Choice: switch altaria
INFO     altaria switched in, adding intimidate to impossible abilities
INFO     altaria switched in, adding pressure to impossible abilities
INFO     altaria switched in, adding neutralizinggas to impossible abilities
INFO     altaria switched in, adding sandstream to impossible abilities
INFO     altaria switched in, adding drought to impossible abilities
INFO     altaria switched in, adding drizzle to impossible abilities
INFO     altaria switched in, adding snowwarning to impossible abilities
INFO     altaria switched in, adding boosterenergy to impossible items
INFO     altaria switched in, adding airballoon to impossible items
INFO     ceruledge used a fire move, removing firegem from possible items
INFO     Setting ceruledge's last used move: bitterblade
INFO     ceruledge used a damaging move - not guessing lifeorb anymore
INFO     ceruledge did 17.27% damage to altaria with bitterblade
INFO     ceruledge has less than maxhp during upkeep, no longer guessing leftovers or blacksludge
INFO     
INFO     Turn: 4
INFO     loaded 13 player and 0 effective opponent priors
INFO     Sampling battle 0
INFO     	      ceruledge    weakarmor heavydutyboots [bitterblade, poltergeist, shadowsneak, swordsdance] ttype=fire
INFO     	        malamar     contrary  chestoberry [knockoff, psychocut, rest, superpower] ttype=steel
INFO     Sampling 4 unrevealed pokemon
INFO     	       giratina     pressure    leftovers [calmmind, dragonpulse, rest, sleeptalk] ttype=fairy
INFO     	       slowking  regenerator    leftovers [psychicnoise, scald, slackoff, thunderwave] ttype=fairy
INFO     	      bellossom  chlorophyll    leftovers [gigadrain, quiverdance, strengthsap, terablast] ttype=rock
INFO     	       hawlucha     unburden    whiteherb [bravebird, closecombat, encore, swordsdance] ttype=flying
INFO     Sampling battle 1
INFO     	      ceruledge    weakarmor heavydutyboots [bitterblade, closecombat, poltergeist, swordsdance] ttype=ghost
INFO     	        malamar     contrary    leftovers [knockoff, rest, sleeptalk, superpower] ttype=fighting
INFO     Sampling 4 unrevealed pokemon
INFO     	      primarina      torrent    leftovers [calmmind, drainingkiss, psychic, sparklingaria] ttype=steel
INFO     	        urshifu   unseenfist   choiceband [closecombat, suckerpunch, uturn, wickedblow] ttype=fighting
INFO     	        carbink    clearbody  chestoberry [bodypress, irondefense, moonblast, rest] ttype=fighting
INFO     	     chandelure    flashfire  choicescarf [energyball, fireblast, shadowball, trick] ttype=fire
INFO     Sampling battle 2
INFO     	      ceruledge    weakarmor heavydutyboots [bitterblade, closecombat, poltergeist, swordsdance] ttype=fighting
INFO     	        malamar     contrary    leftovers [knockoff, rest, sleeptalk, superpower] ttype=fighting
INFO     Sampling 4 unrevealed pokemon
INFO     	      metagross    clearbody    leftovers [earthquake, heavyslam, knockoff, stealthrock] ttype=water
INFO     	       virizion    justified      lifeorb [closecombat, leafblade, stoneedge, swordsdance] ttype=rock
INFO     	       tsareena queenlymajesty heavydutyboots [highjumpkick, powerwhip, synthesis, uturn] ttype=steel
INFO     	      quaquaval        moxie    leftovers [aquastep, closecombat, rapidspin, roost] ttype=steel
INFO     Sampling battle 3
INFO     	      ceruledge    weakarmor heavydutyboots [bitterblade, poltergeist, shadowsneak, swordsdance] ttype=fire
INFO     	        malamar     contrary    leftovers [knockoff, rest, sleeptalk, superpower] ttype=fighting
INFO     Sampling 4 unrevealed pokemon
INFO     	        wyrdeer   intimidate    leftovers [earthquake, megahorn, psychicnoise, thunderwave] ttype=ground
INFO     	            muk  poisontouch    leftovers [knockoff, poisonjab, shadowsneak, toxicspikes] ttype=dark
INFO     	        cetitan     thickfat  sitrusberry [bellydrum, earthquake, iceshard, icespinner] ttype=ice
INFO     	      terapagos    terashift  chestoberry [calmmind, earthpower, rest, terastarstorm] ttype=stellar
INFO     Sampling battle 4
INFO     	      ceruledge    weakarmor heavydutyboots [bitterblade, closecombat, poltergeist, swordsdance] ttype=fighting
INFO     	        malamar     contrary    leftovers [knockoff, rest, sleeptalk, superpower] ttype=poison
INFO     Sampling 4 unrevealed pokemon
INFO     	      gholdengo   goodasgold    leftovers [makeitrain, recover, shadowball, thunderwave] ttype=dark
INFO     	       oricorio       dancer heavydutyboots [hurricane, quiverdance, revelationdance, roost] ttype=ground
INFO     	       mienshao  regenerator  assaultvest [closecombat, fakeout, knockoff, uturn] ttype=dark
INFO     	        wugtrio        gooey   choiceband [aquajet, liquidation, stompingtantrum, throatchop] ttype=water
INFO     Sampling battle 5
INFO     	      ceruledge    weakarmor heavydutyboots [bitterblade, poltergeist, shadowsneak, swordsdance] ttype=fire
INFO     	        malamar     contrary  chestoberry [knockoff, psychocut, rest, superpower] ttype=steel
INFO     Sampling 4 unrevealed pokemon
INFO     	      azumarill    hugepower   choiceband [aquajet, knockoff, liquidation, playrough] ttype=water
INFO     	      mightyena   intimidate  assaultvest [crunch, playrough, poisonfang, superfang] ttype=fairy
INFO     	       leavanny        swarm heavydutyboots [knockoff, leafblade, lunge, stickyweb] ttype=rock
INFO     	 oricoriopompom       dancer heavydutyboots [hurricane, quiverdance, revelationdance, roost] ttype=ground
INFO     Sampling battle 6
INFO     	      ceruledge    weakarmor heavydutyboots [bitterblade, poltergeist, shadowsneak, swordsdance] ttype=ghost
INFO     	        malamar     contrary  chestoberry [knockoff, psychocut, rest, superpower] ttype=poison
INFO     Sampling 4 unrevealed pokemon
INFO     	     tentacruel   liquidooze    leftovers [rapidspin, sludgebomb, surf, toxicspikes] ttype=grass
INFO     	       mukalola  poisontouch  assaultvest [drainpunch, gunkshot, icepunch, knockoff] ttype=fighting
INFO     	      clawitzer megalauncher  assaultvest [aurasphere, dragonpulse, uturn, waterpulse] ttype=dragon
INFO     	        groudon      drought    leftovers [heatcrash, precipiceblades, stoneedge, swordsdance] ttype=fire
INFO     Sampling battle 7
INFO     	      ceruledge    weakarmor heavydutyboots [bitterblade, poltergeist, shadowsneak, swordsdance] ttype=fire
INFO     	        malamar     contrary  chestoberry [knockoff, psychocut, rest, superpower] ttype=poison
INFO     Sampling 4 unrevealed pokemon
INFO     	        leafeon  chlorophyll      lifeorb [doubleedge, knockoff, leafblade, swordsdance] ttype=normal
INFO     	            muk  poisontouch  assaultvest [gunkshot, icepunch, knockoff, shadowsneak] ttype=dark
INFO     	      munkidori   toxicchain  assaultvest [fakeout, psychicnoise, sludgewave, uturn] ttype=dark
INFO     	ogerponwellspring  waterabsorb wellspringmask [encore, ivycudgel, synthesis, woodhammer] ttype=water
INFO     Sampling battle 8
INFO     	      ceruledge    weakarmor heavydutyboots [bitterblade, poltergeist, shadowsneak, swordsdance] ttype=fire
INFO     	        malamar     contrary    leftovers [knockoff, rest, sleeptalk, superpower] ttype=steel
INFO     Sampling 4 unrevealed pokemon
INFO     	    arceusghost    multitype  spookyplate [calmmind, focusblast, judgment, recover] ttype=fighting
INFO     	         palkia     pressure  lustrousorb [dracometeor, fireblast, hydropump, thunderwave] ttype=water
INFO     	      farigiraf    sapsipper    leftovers [bodyslam, protect, psychicnoise, wish] ttype=water
INFO     	      salamence   intimidate heavydutyboots [dragondance, dualwingbeat, outrage, roost] ttype=dragon
INFO     Sampling battle 9
INFO     	      ceruledge    weakarmor heavydutyboots [bitterblade, closecombat, poltergeist, swordsdance] ttype=fire
INFO     	        malamar     contrary  chestoberry [knockoff, psychocut, rest, superpower] ttype=steel
INFO     Sampling 4 unrevealed pokemon
INFO     	      heracross        moxie  choicescarf [closecombat, earthquake, megahorn, stoneedge] ttype=fighting
INFO     	    goodrahisui    sapsipper  assaultvest [dracometeor, dragontail, fireblast, heavyslam] ttype=flying
INFO     	    oinkolognef     thickfat    leftovers [curse, doubleedge, highhorsepower, lashout] ttype=ground
INFO     	      sinistcha    heatproof    leftovers [calmmind, matchagotcha, shadowball, strengthsap] ttype=steel
INFO     Sampling battle 10
INFO     	      ceruledge    weakarmor heavydutyboots [bitterblade, closecombat, poltergeist, swordsdance] ttype=fire
INFO     	        malamar     contrary    leftovers [knockoff, rest, sleeptalk, superpower] ttype=poison
INFO     Sampling 4 unrevealed pokemon
INFO     	         phione    hydration    leftovers [grassknot, icebeam, scald, takeheart] ttype=steel
INFO     	        weavile   pickpocket   choiceband [iceshard, knockoff, lowkick, tripleaxel] ttype=fighting
INFO     	    polteageist   cursedbody    whiteherb [shadowball, shellsmash, strengthsap, terablast] ttype=fighting
INFO     	     screamtail protosynthesis    leftovers [dazzlinggleam, encore, protect, wish] ttype=steel
INFO     Sampling battle 11
INFO     	      ceruledge    weakarmor heavydutyboots [bitterblade, poltergeist, shadowsneak, swordsdance] ttype=fire
INFO     	        malamar     contrary  chestoberry [knockoff, psychocut, rest, superpower] ttype=fighting
INFO     Sampling 4 unrevealed pokemon
INFO     	         regice    clearbody heavydutyboots [bodypress, icebeam, thunderbolt, thunderwave] ttype=electric
INFO     	     whimsicott    prankster    leftovers [encore, gigadrain, moonblast, stunspore] ttype=poison
INFO     	      passimian      defiant    leftovers [bulkup, drainpunch, gunkshot, knockoff] ttype=dark
INFO     	       leavanny        swarm    focussash [knockoff, leafblade, lunge, stickyweb] ttype=rock
INFO     Sampling battle 12
INFO     	      ceruledge    weakarmor heavydutyboots [bitterblade, closecombat, poltergeist, swordsdance] ttype=ghost
INFO     	        malamar     contrary  chestoberry [knockoff, psychocut, rest, superpower] ttype=poison
INFO     Sampling 4 unrevealed pokemon
INFO     	          entei   innerfocus   choiceband [extremespeed, flareblitz, sacredfire, stoneedge] ttype=normal
INFO     	         flygon     levitate     lumberry [dragondance, earthquake, outrage, stoneedge] ttype=rock
INFO     	        scyther   technician heavydutyboots [closecombat, defog, dualwingbeat, uturn] ttype=fighting
INFO     	         gengar   cursedbody      lifeorb [focusblast, shadowball, sludgewave, willowisp] ttype=fighting
INFO     Sampling battle 13
INFO     	      ceruledge    weakarmor heavydutyboots [bitterblade, closecombat, poltergeist, swordsdance] ttype=fighting
INFO     	        malamar     contrary  chestoberry [knockoff, psychocut, rest, superpower] ttype=steel
INFO     Sampling 4 unrevealed pokemon
INFO     	         swanna    hydration heavydutyboots [bravebird, defog, hydropump, roost] ttype=ground
INFO     	  articunogalar  competitive heavydutyboots [calmmind, freezingglare, hurricane, recover] ttype=steel
INFO     	         dialga     pressure  assaultvest [dracometeor, dragontail, fireblast, heavyslam] ttype=dragon
INFO     	      mightyena   intimidate  assaultvest [playrough, poisonfang, superfang, throatchop] ttype=poison
INFO     Sampling battle 14
INFO     	      ceruledge    weakarmor heavydutyboots [bitterblade, poltergeist, shadowsneak, swordsdance] ttype=ghost
INFO     	        malamar     contrary  chestoberry [knockoff, psychocut, rest, superpower] ttype=poison
INFO     Sampling 4 unrevealed pokemon
INFO     	     arceusdark    multitype   dreadplate [calmmind, dazzlinggleam, judgment, recover] ttype=fairy
INFO     	       dusknoir        frisk    leftovers [focuspunch, painsplit, poltergeist, substitute] ttype=fighting
INFO     	       clodsire      unaware    leftovers [earthquake, poisonjab, recover, spikes] ttype=flying
INFO     	         furret        frisk      lifeorb [brickbreak, doubleedge, knockoff, tidyup] ttype=ghost
INFO     Sampling battle 15
INFO     	      ceruledge    weakarmor heavydutyboots [bitterblade, closecombat, poltergeist, swordsdance] ttype=fighting
INFO     	        malamar     contrary    leftovers [knockoff, rest, sleeptalk, superpower] ttype=steel
INFO     Sampling 4 unrevealed pokemon
INFO     	        golduck    cloudnine    leftovers [grassknot, hydropump, icebeam, nastyplot] ttype=water
INFO     	        diancie    clearbody    leftovers [calmmind, diamondstorm, drainingkiss, earthpower] ttype=fairy
INFO     	      reuniclus   magicguard      lifeorb [calmmind, focusblast, psyshock, recover] ttype=fighting
INFO     	     skeledirge      unaware heavydutyboots [hex, slackoff, torchsong, willowisp] ttype=water
INFO     Searching for a move using MCTS...
INFO     Sampling 16 battles at 500ms each
INFO     Choice: bravebird
INFO     Opponent has switched - clearing the last used move
INFO     mabosstiff switched in, adding intimidate to impossible abilities
INFO     mabosstiff switched in, adding pressure to impossible abilities
INFO     mabosstiff switched in, adding neutralizinggas to impossible abilities
INFO     mabosstiff switched in, adding sandstream to impossible abilities
INFO     mabosstiff switched in, adding drought to impossible abilities
INFO     mabosstiff switched in, adding drizzle to impossible abilities
INFO     mabosstiff switched in, adding snowwarning to impossible abilities
INFO     mabosstiff switched in, adding boosterenergy to impossible items
INFO     mabosstiff switched in, adding airballoon to impossible items
INFO     altaria already has the move bravebird. Decrementing the PP by 1
INFO     altaria used a flying move, removing flyinggem from possible items
INFO     Setting altaria's last used move: bravebird
INFO     altaria used a damaging move - not guessing lifeorb anymore
INFO     altaria did 39.0% damage to mabosstiff with bravebird
INFO     mabosstiff has less than maxhp during upkeep, no longer guessing leftovers or blacksludge
INFO     
INFO     Turn: 5
INFO     loaded 13 player and 0 effective opponent priors
INFO     Sampling battle 0
INFO     	     mabosstiff     stakeout  choicescarf [crunch, playrough, psychicfangs, wildcharge] ttype=dark
INFO     	        malamar     contrary  chestoberry [knockoff, psychocut, rest, superpower] ttype=poison
INFO     	      ceruledge    weakarmor heavydutyboots [bitterblade, poltergeist, shadowsneak, swordsdance] ttype=fire
INFO     Sampling 3 unrevealed pokemon
INFO     	      ninetales      drought heavydutyboots [fireblast, nastyplot, scorchingsands, solarbeam] ttype=fire
INFO     	        grumpig     thickfat    leftovers [focusblast, nastyplot, psyshock, shadowball] ttype=fighting
INFO     	        snorlax     thickfat    leftovers [bodyslam, crunch, curse, earthquake] ttype=poison
INFO     Sampling battle 1
INFO     	     mabosstiff     stakeout   choiceband [crunch, playrough, psychicfangs, wildcharge] ttype=fairy
INFO     	        malamar     contrary  chestoberry [knockoff, psychocut, rest, superpower] ttype=fighting
INFO     	      ceruledge    weakarmor heavydutyboots [bitterblade, closecombat, poltergeist, swordsdance] ttype=fighting
INFO     Sampling 3 unrevealed pokemon
INFO     	          golem       sturdy weaknesspolicy [earthquake, explosion, rockpolish, stoneedge] ttype=ground
INFO     	       qwilfish   intimidate    leftovers [destinybond, gunkshot, spikes, waterfall] ttype=dark
INFO     	         furret        frisk      lifeorb [brickbreak, doubleedge, knockoff, tidyup] ttype=ghost
INFO     Sampling battle 2
INFO     	     mabosstiff     stakeout   choiceband [crunch, playrough, psychicfangs, wildcharge] ttype=dark
INFO     	        malamar     contrary    leftovers [knockoff, rest, sleeptalk, superpower] ttype=fighting
INFO     	      ceruledge    weakarmor heavydutyboots [bitterblade, closecombat, poltergeist, swordsdance] ttype=fire
INFO     Sampling 3 unrevealed pokemon
INFO     	         deoxys     pressure      lifeorb [icebeam, knockoff, psychoboost, superpower] ttype=psychic
INFO     	          golem       sturdy weaknesspolicy [earthquake, explosion, rockpolish, stoneedge] ttype=ground
INFO     	     houndstone       fluffy    leftovers [bodypress, poltergeist, rest, sleeptalk] ttype=fighting
INFO     Sampling battle 3
INFO     	     mabosstiff     stakeout   choiceband [crunch, playrough, psychicfangs, wildcharge] ttype=fairy
INFO     	        malamar     contrary    leftovers [knockoff, rest, sleeptalk, superpower] ttype=poison
INFO     	      ceruledge    weakarmor heavydutyboots [bitterblade, poltergeist, shadowsneak, swordsdance] ttype=ghost
INFO     Sampling 3 unrevealed pokemon
INFO     	        bruxish    strongjaw   choiceband [aquajet, crunch, psychicfangs, wavecrash] ttype=dark
INFO     	     baxcalibur thermalexchange   choiceband [earthquake, glaiverush, iceshard, iciclecrash] ttype=dragon
INFO     	        beartic    swiftswim heavydutyboots [closecombat, earthquake, iciclecrash, swordsdance] ttype=fighting
INFO     Sampling battle 4
INFO     	     mabosstiff     stakeout  choicescarf [crunch, playrough, psychicfangs, wildcharge] ttype=fairy
INFO     	        malamar     contrary    leftovers [knockoff, rest, sleeptalk, superpower] ttype=steel
INFO     	      ceruledge    weakarmor heavydutyboots [bitterblade, closecombat, poltergeist, swordsdance] ttype=fighting
INFO     Sampling 3 unrevealed pokemon
INFO     	      reuniclus   magicguard      lifeorb [calmmind, focusblast, psychic, recover] ttype=fighting
INFO     	     galvantula compoundeyes heavydutyboots [bugbuzz, energyball, stickyweb, thunder] ttype=electric
INFO     	     pincurchin electricsurge    leftovers [curse, liquidation, recover, zingzap] ttype=water
INFO     Sampling battle 5
INFO     	     mabosstiff     stakeout   choiceband [crunch, playrough, psychicfangs, wildcharge] ttype=fairy
INFO     	        malamar     contrary    leftovers [knockoff, rest, sleeptalk, superpower] ttype=steel
INFO     	      ceruledge    weakarmor heavydutyboots [bitterblade, closecombat, poltergeist, swordsdance] ttype=ghost
INFO     Sampling 3 unrevealed pokemon
INFO     	   zoroarkhisui     illusion      lifeorb [bittermalice, focusblast, hypervoice, nastyplot] ttype=fighting
INFO     	         goodra    sapsipper  assaultvest [dracometeor, earthquake, fireblast, knockoff] ttype=fire
INFO     	    fezandipiti   toxicchain    leftovers [beatup, gunkshot, moonblast, roost] ttype=steel
INFO     Sampling battle 6
INFO     	     mabosstiff     stakeout   choiceband [crunch, playrough, psychicfangs, wildcharge] ttype=fairy
INFO     	        malamar     contrary  chestoberry [knockoff, psychocut, rest, superpower] ttype=poison
INFO     	      ceruledge    weakarmor heavydutyboots [bitterblade, closecombat, poltergeist, swordsdance] ttype=fighting
INFO     Sampling 3 unrevealed pokemon
INFO     	        leafeon  chlorophyll    leftovers [knockoff, leafblade, substitute, swordsdance] ttype=dark
INFO     	      zebstrika    sapsipper      lifeorb [highhorsepower, overheat, supercellslam, voltswitch] ttype=ground
INFO     	    kilowattrel   voltabsorb heavydutyboots [hurricane, roost, thunderbolt, uturn] ttype=steel
INFO     Sampling battle 7
INFO     	     mabosstiff     stakeout  choicescarf [crunch, playrough, psychicfangs, wildcharge] ttype=dark
INFO     	        malamar     contrary  chestoberry [knockoff, psychocut, rest, superpower] ttype=steel
INFO     	      ceruledge    weakarmor heavydutyboots [bitterblade, closecombat, poltergeist, swordsdance] ttype=fighting
INFO     Sampling 3 unrevealed pokemon
INFO     	       vikavolt     levitate heavydutyboots [bugbuzz, stickyweb, thunderbolt, voltswitch] ttype=electric
INFO     	         kyogre      drizzle    leftovers [calmmind, icebeam, originpulse, thunder] ttype=electric
INFO     	necrozmadawnwings   prismarmor    leftovers [calmmind, moongeistbeam, moonlight, photongeyser] ttype=dark
INFO     Sampling battle 8
INFO     	     mabosstiff     stakeout   choiceband [crunch, playrough, psychicfangs, wildcharge] ttype=fairy
INFO     	        malamar     contrary  chestoberry [knockoff, psychocut, rest, superpower] ttype=steel
INFO     	      ceruledge    weakarmor heavydutyboots [bitterblade, poltergeist, shadowsneak, swordsdance] ttype=fire
INFO     Sampling 3 unrevealed pokemon
INFO     	      bellibolt electromorphosis    leftovers [muddywater, slackoff, thunderbolt, voltswitch] ttype=electric
INFO     	      serperior     contrary    leftovers [leafstorm, leechseed, substitute, terablast] ttype=fire
INFO     	         swalot   liquidooze    leftovers [earthquake, gunkshot, knockoff, swordsdance] ttype=dark
INFO     Sampling battle 9
INFO     	     mabosstiff     stakeout  choicescarf [crunch, playrough, psychicfangs, wildcharge] ttype=fairy
INFO     	        malamar     contrary    leftovers [knockoff, rest, sleeptalk, superpower] ttype=steel
INFO     	      ceruledge    weakarmor heavydutyboots [bitterblade, closecombat, poltergeist, swordsdance] ttype=fire
INFO     Sampling 3 unrevealed pokemon
INFO     	         swalot   liquidooze    leftovers [earthquake, gunkshot, knockoff, swordsdance] ttype=ground
INFO     	        lucario   innerfocus      lifeorb [flashcannon, focusblast, nastyplot, vacuumwave] ttype=fighting
INFO     	      gardevoir        trace  choicescarf [focusblast, healingwish, moonblast, psyshock] ttype=fighting
INFO     Sampling battle 10
INFO     	     mabosstiff     stakeout  choicescarf [crunch, playrough, psychicfangs, wildcharge] ttype=fairy
INFO     	        malamar     contrary  chestoberry [knockoff, psychocut, rest, superpower] ttype=fighting
INFO     	      ceruledge    weakarmor heavydutyboots [bitterblade, closecombat, poltergeist, swordsdance] ttype=ghost
INFO     Sampling 3 unrevealed pokemon
INFO     	  zaciancrowned intrepidsword  rustedsword [behemothblade, closecombat, playrough, swordsdance] ttype=fighting
INFO     	      ironhands   quarkdrive    leftovers [drainpunch, icepunch, swordsdance, wildcharge] ttype=fighting
INFO     	      charizard        blaze heavydutyboots [earthquake, flamethrower, hurricane, willowisp] ttype=ground
INFO     Sampling battle 11
INFO     	     mabosstiff     stakeout   choiceband [crunch, playrough, psychicfangs, wildcharge] ttype=fairy
INFO     	        malamar     contrary    leftovers [knockoff, rest, sleeptalk, superpower] ttype=fighting
INFO     	      ceruledge    weakarmor heavydutyboots [bitterblade, poltergeist, shadowsneak, swordsdance] ttype=fire
INFO     Sampling 3 unrevealed pokemon
INFO     	      bastiodon   soundproof  chestoberry [bodypress, foulplay, irondefense, rest] ttype=fighting
INFO     	     ragingbolt protosynthesis  assaultvest [discharge, dracometeor, thunderclap, voltswitch] ttype=electric
INFO     	       rotomfan     levitate heavydutyboots [airslash, thunderbolt, voltswitch, willowisp] ttype=electric
INFO     Sampling battle 12
INFO     	     mabosstiff     stakeout   choiceband [crunch, playrough, psychicfangs, wildcharge] ttype=fairy
INFO     	        malamar     contrary    leftovers [knockoff, rest, sleeptalk, superpower] ttype=fighting
INFO     	      ceruledge    weakarmor heavydutyboots [bitterblade, closecombat, poltergeist, swordsdance] ttype=fighting
INFO     Sampling 3 unrevealed pokemon
INFO     	        kleavor    sharpness heavydutyboots [defog, stoneaxe, uturn, xscissor] ttype=bug
INFO     	        noctowl   tintedlens heavydutyboots [defog, hurricane, hypervoice, roost] ttype=ground
INFO     	        wyrdeer   intimidate  assaultvest [bodyslam, earthquake, megahorn, psychicnoise] ttype=ground
INFO     Sampling battle 13
INFO     	     mabosstiff     stakeout  choicescarf [crunch, playrough, psychicfangs, wildcharge] ttype=dark
INFO     	        malamar     contrary  chestoberry [knockoff, psychocut, rest, superpower] ttype=poison
INFO     	      ceruledge    weakarmor heavydutyboots [bitterblade, closecombat, poltergeist, swordsdance] ttype=fighting
INFO     Sampling 3 unrevealed pokemon
INFO     	    slitherwing protosynthesis boosterenergy [acrobatics, bulkup, closecombat, flamecharge] ttype=flying
INFO     	      armarouge    weakarmor  choicespecs [armorcannon, aurasphere, energyball, psyshock] ttype=fighting
INFO     	    fezandipiti   toxicchain    leftovers [beatup, gunkshot, moonblast, roost] ttype=steel
INFO     Sampling battle 14
INFO     	     mabosstiff     stakeout  choicescarf [crunch, playrough, psychicfangs, wildcharge] ttype=dark
INFO     	        malamar     contrary  chestoberry [knockoff, psychocut, rest, superpower] ttype=poison
INFO     	      ceruledge    weakarmor heavydutyboots [bitterblade, poltergeist, shadowsneak, swordsdance] ttype=fire
INFO     Sampling 3 unrevealed pokemon
INFO     	      dragonite   multiscale heavydutyboots [dragondance, earthquake, ironhead, outrage] ttype=steel
INFO     	     typhlosion    flashfire  choicescarf [eruption, fireblast, focusblast, scorchingsands] ttype=fire
INFO     	        mesprit     levitate    leftovers [knockoff, psychicnoise, thunderbolt, thunderwave] ttype=dark
INFO     Sampling battle 15
INFO     	     mabosstiff     stakeout  choicescarf [crunch, playrough, psychicfangs, wildcharge] ttype=fairy
INFO     	        malamar     contrary  chestoberry [knockoff, psychocut, rest, superpower] ttype=steel
INFO     	      ceruledge    weakarmor heavydutyboots [bitterblade, closecombat, poltergeist, swordsdance] ttype=fighting
INFO     Sampling 3 unrevealed pokemon
INFO     	     galvantula compoundeyes heavydutyboots [bugbuzz, energyball, stickyweb, thunder] ttype=electric
INFO     	      regidrago   dragonsmaw  choicescarf [dracometeor, dragonenergy, earthquake, outrage] ttype=dragon
INFO     	          golem       sturdy  custapberry [earthquake, explosion, stealthrock, stoneedge] ttype=grass
INFO     Sampling battle 16
INFO     	     mabosstiff     stakeout   choiceband [crunch, playrough, psychicfangs, wildcharge] ttype=dark
INFO     	        malamar     contrary    leftovers [knockoff, rest, sleeptalk, superpower] ttype=steel
INFO     	      ceruledge    weakarmor heavydutyboots [bitterblade, closecombat, poltergeist, swordsdance] ttype=fire
INFO     Sampling 3 unrevealed pokemon
INFO     	    kilowattrel   voltabsorb heavydutyboots [discharge, hurricane, roost, uturn] ttype=steel
INFO     	          hypno     insomnia    leftovers [encore, knockoff, psychicnoise, toxic] ttype=fairy
INFO     	      salamence        moxie heavydutyboots [dragondance, dualwingbeat, earthquake, outrage] ttype=ground
INFO     Sampling battle 17
INFO     	     mabosstiff     stakeout   choiceband [crunch, playrough, psychicfangs, wildcharge] ttype=dark
INFO     	        malamar     contrary    leftovers [knockoff, rest, sleeptalk, superpower] ttype=fighting
INFO     	      ceruledge    weakarmor heavydutyboots [bitterblade, closecombat, poltergeist, swordsdance] ttype=fire
INFO     Sampling 3 unrevealed pokemon
INFO     	      salamence   intimidate heavydutyboots [dragondance, dualwingbeat, earthquake, outrage] ttype=ground
INFO     	       meowstic    prankster    leftovers [alluringvoice, psychicnoise, thunderwave, yawn] ttype=fairy
INFO     	         swalot   liquidooze    leftovers [earthquake, encore, knockoff, sludgebomb] ttype=dark
INFO     Sampling battle 18
INFO     	     mabosstiff     stakeout   choiceband [crunch, playrough, psychicfangs, wildcharge] ttype=fairy
INFO     	        malamar     contrary    leftovers [knockoff, rest, sleeptalk, superpower] ttype=steel
INFO     	      ceruledge    weakarmor heavydutyboots [bitterblade, closecombat, poltergeist, swordsdance] ttype=ghost
INFO     Sampling 3 unrevealed pokemon
INFO     	    arceusgrass    multitype  meadowplate [calmmind, fireblast, judgment, recover] ttype=fire
INFO     	        diancie    clearbody    leftovers [bodypress, diamondstorm, moonblast, rockpolish] ttype=fighting
INFO     	        chansey  naturalcure     eviolite [seismictoss, softboiled, stealthrock, thunderwave] ttype=ghost
INFO     Sampling battle 19
INFO     	     mabosstiff     stakeout   choiceband [crunch, playrough, psychicfangs, wildcharge] ttype=fairy
INFO     	        malamar     contrary  chestoberry [knockoff, psychocut, rest, superpower] ttype=poison
INFO     	      ceruledge    weakarmor heavydutyboots [bitterblade, poltergeist, shadowsneak, swordsdance] ttype=ghost
INFO     Sampling 3 unrevealed pokemon
INFO     	     archaludon      stamina     lumberry [earthquake, ironhead, outrage, swordsdance] ttype=ground
INFO     	   zoroarkhisui     illusion  choicespecs [bittermalice, flamethrower, hypervoice, trick] ttype=normal
INFO     	      gastrodon   stormdrain    leftovers [earthquake, recover, spikes, surf] ttype=poison
INFO     Sampling battle 20
INFO     	     mabosstiff     stakeout  choicescarf [crunch, playrough, psychicfangs, wildcharge] ttype=dark
INFO     	        malamar     contrary  chestoberry [knockoff, psychocut, rest, superpower] ttype=fighting
INFO     	      ceruledge    weakarmor heavydutyboots [bitterblade, poltergeist, shadowsneak, swordsdance] ttype=ghost
INFO     Sampling 3 unrevealed pokemon
INFO     	      magmortar    flamebody heavydutyboots [fireblast, knockoff, taunt, thunderbolt] ttype=electric
INFO     	      pachirisu   voltabsorb  assaultvest [nuzzle, superfang, thunderbolt, uturn] ttype=flying
INFO     	  oricoriosensu       dancer heavydutyboots [hurricane, quiverdance, revelationdance, roost] ttype=fighting
INFO     Sampling battle 21
INFO     	     mabosstiff     stakeout  choicescarf [crunch, playrough, psychicfangs, wildcharge] ttype=fairy
INFO     	        malamar     contrary    leftovers [knockoff, rest, sleeptalk, superpower] ttype=steel
INFO     	      ceruledge    weakarmor heavydutyboots [bitterblade, closecombat, poltergeist, swordsdance] ttype=fighting
INFO     Sampling 3 unrevealed pokemon
INFO     	 electrodehisui   soundproof    leftovers [gigadrain, leechseed, substitute, thunderbolt] ttype=poison
INFO     	         scizor   technician      lifeorb [bugbite, bulletpunch, closecombat, swordsdance] ttype=steel
INFO     	       smeargle   technician     widelens [populationbomb, powertrip, shellsmash, spore] ttype=ghost
INFO     Sampling battle 22
INFO     	     mabosstiff     stakeout   choiceband [crunch, playrough, psychicfangs, wildcharge] ttype=dark
INFO     	        malamar     contrary  chestoberry [knockoff, psychocut, rest, superpower] ttype=steel
INFO     	      ceruledge    weakarmor heavydutyboots [bitterblade, closecombat, poltergeist, swordsdance] ttype=fire
INFO     Sampling 3 unrevealed pokemon
INFO     	       reshiram   turboblaze heavydutyboots [dragondance, flareblitz, outrage, stoneedge] ttype=fire
INFO     	   arceusground    multitype   earthplate [calmmind, icebeam, judgment, recover] ttype=dragon
INFO     	  calyrexshadow asonespectrier      lifeorb [astralbarrage, nastyplot, pollenpuff, psyshock] ttype=ghost
INFO     Sampling battle 23
INFO     	     mabosstiff     stakeout   choiceband [crunch, playrough, psychicfangs, wildcharge] ttype=dark
INFO     	        malamar     contrary    leftovers [knockoff, rest, sleeptalk, superpower] ttype=poison
INFO     	      ceruledge    weakarmor heavydutyboots [bitterblade, poltergeist, shadowsneak, swordsdance] ttype=ghost
INFO     Sampling 3 unrevealed pokemon
INFO     	         regice    clearbody heavydutyboots [bodypress, icebeam, thunderbolt, thunderwave] ttype=electric
INFO     	      registeel    clearbody    leftovers [bodypress, irondefense, ironhead, thunderwave] ttype=fighting
INFO     	        volbeat    prankster heavydutyboots [encore, roost, thunderwave, uturn] ttype=steel
INFO     Sampling battle 24
INFO     	     mabosstiff     stakeout  choicescarf [crunch, playrough, psychicfangs, wildcharge] ttype=fairy
INFO     	        malamar     contrary  chestoberry [knockoff, psychocut, rest, superpower] ttype=poison
INFO     	      ceruledge    weakarmor heavydutyboots [bitterblade, closecombat, poltergeist, swordsdance] ttype=fire
INFO     Sampling 3 unrevealed pokemon
INFO     	        bruxish    strongjaw      lifeorb [aquajet, psychicfangs, swordsdance, wavecrash] ttype=psychic
INFO     	        tropius      harvest  sitrusberry [dragondance, dualwingbeat, earthquake, synthesis] ttype=ground
INFO     	       tornadus    prankster heavydutyboots [bleakwindstorm, grassknot, heatwave, nastyplot] ttype=fire
INFO     Sampling battle 25
INFO     	     mabosstiff     stakeout  choicescarf [crunch, playrough, psychicfangs, wildcharge] ttype=fairy
INFO     	        malamar     contrary    leftovers [knockoff, rest, sleeptalk, superpower] ttype=fighting
INFO     	      ceruledge    weakarmor heavydutyboots [bitterblade, closecombat, poltergeist, swordsdance] ttype=fighting
INFO     Sampling 3 unrevealed pokemon
INFO     	      ironcrown   quarkdrive  choicespecs [focusblast, psyshock, tachyoncutter, voltswitch] ttype=fighting
INFO     	       quagsire      unaware    leftovers [earthquake, icebeam, recover, toxic] ttype=poison
INFO     	      cryogonal     levitate heavydutyboots [freezedry, haze, rapidspin, recover] ttype=steel
INFO     Sampling battle 26
INFO     	     mabosstiff     stakeout  choicescarf [crunch, playrough, psychicfangs, wildcharge] ttype=fairy
INFO     	        malamar     contrary  chestoberry [knockoff, psychocut, rest, superpower] ttype=steel
INFO     	      ceruledge    weakarmor heavydutyboots [bitterblade, closecombat, poltergeist, swordsdance] ttype=ghost
INFO     Sampling 3 unrevealed pokemon
INFO     	       magcargo    flamebody heavydutyboots [lavaplume, recover, stealthrock, yawn] ttype=dragon
INFO     	     electivire   motordrive      lifeorb [earthquake, flamethrower, knockoff, supercellslam] ttype=ground
INFO     	      staraptor     reckless  choicescarf [bravebird, closecombat, doubleedge, uturn] ttype=flying
INFO     Sampling battle 27
INFO     	     mabosstiff     stakeout   choiceband [crunch, playrough, psychicfangs, wildcharge] ttype=fairy
INFO     	        malamar     contrary    leftovers [knockoff, rest, sleeptalk, superpower] ttype=steel
INFO     	      ceruledge    weakarmor heavydutyboots [bitterblade, closecombat, poltergeist, swordsdance] ttype=fire
INFO     Sampling 3 unrevealed pokemon
INFO     	      hatterene  magicbounce  assaultvest [drainingkiss, mysticalfire, nuzzle, psychic] ttype=steel
INFO     	      duraludon   lightmetal     eviolite [bodypress, dracometeor, flashcannon, stealthrock] ttype=fighting
INFO     	        shaymin  naturalcure    leftovers [airslash, earthpower, seedflare, synthesis] ttype=ground
INFO     Sampling battle 28
INFO     	     mabosstiff     stakeout   choiceband [crunch, playrough, psychicfangs, wildcharge] ttype=fairy
INFO     	        malamar     contrary  chestoberry [knockoff, psychocut, rest, superpower] ttype=steel
INFO     	      ceruledge    weakarmor heavydutyboots [bitterblade, closecombat, poltergeist, swordsdance] ttype=fighting
INFO     Sampling 3 unrevealed pokemon
INFO     	    kyuremwhite   turboblaze  choicescarf [dracometeor, earthpower, freezedry, fusionflare] ttype=dragon
INFO     	          hoopa     magician  choicescarf [focusblast, psychic, shadowball, trick] ttype=ghost
INFO     	         regice    clearbody heavydutyboots [bodypress, icebeam, thunderbolt, thunderwave] ttype=electric
INFO     Sampling battle 29
INFO     	     mabosstiff     stakeout   choiceband [crunch, playrough, psychicfangs, wildcharge] ttype=fairy
INFO     	        malamar     contrary  chestoberry [knockoff, psychocut, rest, superpower] ttype=fighting
INFO     	      ceruledge    weakarmor heavydutyboots [bitterblade, closecombat, poltergeist, swordsdance] ttype=fighting
INFO     Sampling 3 unrevealed pokemon
INFO     	       camerupt    solidrock    leftovers [earthquake, overheat, roar, willowisp] ttype=water
INFO     	        falinks      defiant      lifeorb [closecombat, ironhead, knockoff, noretreat] ttype=dark
INFO     	  braviaryhisui   tintedlens  choicespecs [esperwing, hurricane, uturn, vacuumwave] ttype=psychic
INFO     Sampling battle 30
INFO     	     mabosstiff     stakeout   choiceband [crunch, playrough, psychicfangs, wildcharge] ttype=dark
INFO     	        malamar     contrary  chestoberry [knockoff, psychocut, rest, superpower] ttype=poison
INFO     	      ceruledge    weakarmor heavydutyboots [bitterblade, closecombat, poltergeist, swordsdance] ttype=fighting
INFO     Sampling 3 unrevealed pokemon
INFO     	      ironhands   quarkdrive  assaultvest [drainpunch, heavyslam, thunderpunch, voltswitch] ttype=electric
INFO     	      pachirisu   voltabsorb  assaultvest [nuzzle, superfang, thunderbolt, uturn] ttype=flying
INFO     	        dewgong     thickfat heavydutyboots [encore, hydropump, icebeam, knockoff] ttype=grass
INFO     Sampling battle 31
INFO     	     mabosstiff     stakeout   choiceband [crunch, playrough, psychicfangs, wildcharge] ttype=dark
INFO     	        malamar     contrary  chestoberry [knockoff, psychocut, rest, superpower] ttype=poison
INFO     	      ceruledge    weakarmor heavydutyboots [bitterblade, poltergeist, shadowsneak, swordsdance] ttype=fire
INFO     Sampling 3 unrevealed pokemon
INFO     	       tsareena queenlymajesty heavydutyboots [knockoff, powerwhip, rapidspin, synthesis] ttype=steel
INFO     	taurospaldeablaze   intimidate   choiceband [closecombat, flareblitz, stoneedge, wildcharge] ttype=fighting
INFO     	       lycanroc     sandrush      lifeorb [accelerock, closecombat, stoneedge, swordsdance] ttype=fighting
INFO     Searching for a move using MCTS...
INFO     Sampling 32 battles at 250ms each
INFO     Choice: bravebird
INFO     Updated mabosstiff's min speed to 193
INFO     mabosstiff used a dark move, removing darkgem from possible items
INFO     Setting mabosstiff's last used move: crunch
INFO     mabosstiff used a damaging move - not guessing lifeorb anymore
INFO     mabosstiff did 57.19% damage to altaria with crunch
INFO     altaria already has the move bravebird. Decrementing the PP by 1
INFO     altaria used a flying move, removing flyinggem from possible items
INFO     Setting altaria's last used move: bravebird
INFO     altaria used a damaging move - not guessing lifeorb anymore
INFO     altaria did 40.0% damage to mabosstiff with bravebird
INFO     mabosstiff has less than maxhp during upkeep, no longer guessing leftovers or blacksludge
INFO     loaded 5 player and 0 effective opponent priors
INFO     Sampling battle 0
INFO     	     mabosstiff     stakeout   choiceband [crunch, playrough, psychicfangs, wildcharge] ttype=dark
INFO     	        malamar     contrary  chestoberry [knockoff, psychocut, rest, superpower] ttype=steel
INFO     	      ceruledge    weakarmor heavydutyboots [bitterblade, closecombat, poltergeist, swordsdance] ttype=fighting
INFO     Sampling 3 unrevealed pokemon
INFO     	        manaphy    hydration    leftovers [energyball, icebeam, surf, tailglow] ttype=water
INFO     	       sunflora  chlorophyll  choicespecs [dazzlinggleam, earthpower, leafstorm, sludgebomb] ttype=ground
INFO     	       samurott      torrent  assaultvest [flipturn, grassknot, hydropump, megahorn] ttype=grass
INFO     Sampling battle 1
INFO     	     mabosstiff     stakeout   choiceband [crunch, playrough, psychicfangs, wildcharge] ttype=dark
INFO     	        malamar     contrary    leftovers [knockoff, rest, sleeptalk, superpower] ttype=fighting
INFO     	      ceruledge    weakarmor heavydutyboots [bitterblade, poltergeist, shadowsneak, swordsdance] ttype=fire
INFO     Sampling 3 unrevealed pokemon
INFO     	      araquanid  waterbubble heavydutyboots [hydropump, leechlife, liquidation, stickyweb] ttype=ground
INFO     	squawkabillywhite       hustle heavydutyboots [bravebird, doubleedge, partingshot, quickattack] ttype=normal
INFO     	        seviper  infiltrator      lifeorb [earthquake, flamethrower, gigadrain, gunkshot] ttype=grass
INFO     Sampling battle 2
INFO     	     mabosstiff     stakeout   choiceband [crunch, playrough, psychicfangs, wildcharge] ttype=fairy
INFO     	        malamar     contrary    leftovers [knockoff, rest, sleeptalk, superpower] ttype=fighting
INFO     	      ceruledge    weakarmor heavydutyboots [bitterblade, closecombat, poltergeist, swordsdance] ttype=fighting
INFO     Sampling 3 unrevealed pokemon
INFO     	      hatterene  magicbounce    leftovers [calmmind, drainingkiss, mysticalfire, psyshock] ttype=steel
INFO     	        milotic  competitive    leftovers [haze, icebeam, recover, scald] ttype=steel
INFO     	       politoed      drizzle    leftovers [encore, hydropump, hypnosis, icebeam] ttype=water
INFO     Sampling battle 3
INFO     	     mabosstiff     stakeout   choiceband [crunch, playrough, psychicfangs, wildcharge] ttype=dark
INFO     	        malamar     contrary  chestoberry [knockoff, psychocut, rest, superpower] ttype=fighting
INFO     	      ceruledge    weakarmor heavydutyboots [bitterblade, poltergeist, shadowsneak, swordsdance] ttype=ghost
INFO     Sampling 3 unrevealed pokemon
INFO     	        carbink       sturdy  chestoberry [bodypress, irondefense, moonblast, rest] ttype=fighting
INFO     	          lugia   multiscale heavydutyboots [aeroblast, calmmind, earthpower, recover] ttype=steel
INFO     	landorustherian   intimidate    leftovers [earthquake, stealthrock, stoneedge, taunt] ttype=water
INFO     Sampling battle 4
INFO     	     mabosstiff     stakeout   choiceband [crunch, playrough, psychicfangs, wildcharge] ttype=dark
INFO     	        malamar     contrary  chestoberry [knockoff, psychocut, rest, superpower] ttype=steel
INFO     	      ceruledge    weakarmor heavydutyboots [bitterblade, poltergeist, shadowsneak, swordsdance] ttype=ghost
INFO     Sampling 3 unrevealed pokemon
INFO     	       bronzong     levitate    leftovers [bodypress, irondefense, ironhead, psychicnoise] ttype=fighting
INFO     	     chandelure    flamebody heavydutyboots [calmmind, fireblast, flamecharge, shadowball] ttype=ghost
INFO     	 lilliganthisui       hustle      lifeorb [closecombat, icespinner, leafblade, victorydance] ttype=steel
INFO     Sampling battle 5
INFO     	     mabosstiff     stakeout   choiceband [crunch, playrough, psychicfangs, wildcharge] ttype=fairy
INFO     	        malamar     contrary    leftovers [knockoff, rest, sleeptalk, superpower] ttype=steel
INFO     	      ceruledge    weakarmor heavydutyboots [bitterblade, closecombat, poltergeist, swordsdance] ttype=ghost
INFO     Sampling 3 unrevealed pokemon
INFO     	   brambleghast    windrider    leftovers [leechseed, poltergeist, powerwhip, substitute] ttype=fairy
INFO     	      blastoise      torrent    whiteherb [earthquake, hydropump, icebeam, shellsmash] ttype=ground
INFO     	  arcaninehisui     rockhead heavydutyboots [extremespeed, flareblitz, headsmash, morningsun] ttype=rock
INFO     Sampling battle 6
INFO     	     mabosstiff     stakeout   choiceband [crunch, playrough, psychicfangs, wildcharge] ttype=dark
INFO     	        malamar     contrary    leftovers [knockoff, rest, sleeptalk, superpower] ttype=steel
INFO     	      ceruledge    weakarmor heavydutyboots [bitterblade, poltergeist, shadowsneak, swordsdance] ttype=fire
INFO     Sampling 3 unrevealed pokemon
INFO     	    raichualola  surgesurfer  choicespecs [focusblast, psyshock, surf, thunderbolt] ttype=fighting
INFO     	      electrode       static    leftovers [foulplay, taunt, thunderbolt, thunderwave] ttype=dark
INFO     	       vaporeon  waterabsorb    leftovers [protect, roar, scald, wish] ttype=ground
INFO     Sampling battle 7
INFO     	     mabosstiff     stakeout   choiceband [crunch, playrough, psychicfangs, wildcharge] ttype=fairy
INFO     	        malamar     contrary    leftovers [knockoff, rest, sleeptalk, superpower] ttype=fighting
INFO     	      ceruledge    weakarmor heavydutyboots [bitterblade, closecombat, poltergeist, swordsdance] ttype=fighting
INFO     Sampling 3 unrevealed pokemon
INFO     	    arceusfairy    multitype   pixieplate [calmmind, earthpower, judgment, recover] ttype=steel
INFO     	      terrakion    justified   choiceband [closecombat, earthquake, quickattack, stoneedge] ttype=ground
INFO     	lycanrocmidnight      noguard   choiceband [closecombat, knockoff, playrough, stoneedge] ttype=fighting
INFO     Sampling battle 8
INFO     	     mabosstiff     stakeout   choiceband [crunch, playrough, psychicfangs, wildcharge] ttype=fairy
INFO     	        malamar     contrary    leftovers [knockoff, rest, sleeptalk, superpower] ttype=fighting
INFO     	      ceruledge    weakarmor heavydutyboots [bitterblade, poltergeist, shadowsneak, swordsdance] ttype=fire
INFO     Sampling 3 unrevealed pokemon
INFO     	     electivire   motordrive      lifeorb [bulkup, earthquake, icepunch, supercellslam] ttype=ground
INFO     	     baxcalibur thermalexchange heavydutyboots [dragondance, earthquake, glaiverush, iciclecrash] ttype=ground
INFO     	      primarina      torrent  choicespecs [flipturn, hydropump, moonblast, psychic] ttype=water
INFO     Sampling battle 9
INFO     	     mabosstiff     stakeout   choiceband [crunch, playrough, psychicfangs, wildcharge] ttype=dark
INFO     	        malamar     contrary  chestoberry [knockoff, psychocut, rest, superpower] ttype=steel
INFO     	      ceruledge    weakarmor heavydutyboots [bitterblade, closecombat, poltergeist, swordsdance] ttype=fighting
INFO     Sampling 3 unrevealed pokemon
INFO     	       quagsire      unaware    leftovers [earthquake, recover, spikes, toxic] ttype=fairy
INFO     	      excadrill  moldbreaker    leftovers [earthquake, ironhead, rapidspin, swordsdance] ttype=ground
INFO     	    ironvaliant   quarkdrive      lifeorb [closecombat, knockoff, spiritbreak, swordsdance] ttype=dark
INFO     Sampling battle 10
INFO     	     mabosstiff     stakeout   choiceband [crunch, playrough, psychicfangs, wildcharge] ttype=fairy
INFO     	        malamar     contrary    leftovers [knockoff, rest, sleeptalk, superpower] ttype=fighting
INFO     	      ceruledge    weakarmor heavydutyboots [bitterblade, poltergeist, shadowsneak, swordsdance] ttype=ghost
INFO     Sampling 3 unrevealed pokemon
INFO     	       medicham    purepower   choiceband [bulletpunch, closecombat, trick, zenheadbutt] ttype=fighting
INFO     	     ironbundle   quarkdrive heavydutyboots [encore, freezedry, hydropump, icebeam] ttype=water
INFO     	       lycanroc     sandrush      lifeorb [closecombat, stealthrock, stoneedge, taunt] ttype=fighting
INFO     Sampling battle 11
INFO     	     mabosstiff     stakeout   choiceband [crunch, playrough, psychicfangs, wildcharge] ttype=fairy
INFO     	        malamar     contrary    leftovers [knockoff, rest, sleeptalk, superpower] ttype=steel
INFO     	      ceruledge    weakarmor heavydutyboots [bitterblade, closecombat, poltergeist, swordsdance] ttype=fighting
INFO     Sampling 3 unrevealed pokemon
INFO     	taurospaldeacombat   intimidate   choiceband [closecombat, ironhead, stoneedge, throatchop] ttype=steel
INFO     	      bellibolt electromorphosis    leftovers [muddywater, slackoff, thunderbolt, voltswitch] ttype=water
INFO     	  deoxysdefense     pressure    leftovers [psychicnoise, recover, stealthrock, teleport] ttype=dark
INFO     Sampling battle 12
INFO     	     mabosstiff     stakeout   choiceband [crunch, playrough, psychicfangs, wildcharge] ttype=dark
INFO     	        malamar     contrary  chestoberry [knockoff, psychocut, rest, superpower] ttype=fighting
INFO     	      ceruledge    weakarmor heavydutyboots [bitterblade, closecombat, poltergeist, swordsdance] ttype=ghost
INFO     Sampling 3 unrevealed pokemon
INFO     	       reshiram   turboblaze heavydutyboots [blueflare, dracometeor, dragontail, willowisp] ttype=fire
INFO     	ogerponwellspring  waterabsorb wellspringmask [ivycudgel, spikes, synthesis, woodhammer] ttype=water
INFO     	     perrserker   toughclaws      lifeorb [closecombat, ironhead, stealthrock, uturn] ttype=fighting
INFO     Sampling battle 13
INFO     	     mabosstiff     stakeout   choiceband [crunch, playrough, psychicfangs, wildcharge] ttype=fairy
INFO     	        malamar     contrary    leftovers [knockoff, rest, sleeptalk, superpower] ttype=fighting
INFO     	      ceruledge    weakarmor heavydutyboots [bitterblade, closecombat, poltergeist, swordsdance] ttype=fire
INFO     Sampling 3 unrevealed pokemon
INFO     	    goodrahisui    sapsipper  assaultvest [dracometeor, dragontail, earthquake, heavyslam] ttype=flying
INFO     	      greattusk protosynthesis    leftovers [bulkup, closecombat, earthquake, rapidspin] ttype=steel
INFO     	       indeedee psychicsurge      lifeorb [calmmind, expandingforce, hypervoice, shadowball] ttype=psychic
INFO     Sampling battle 14
INFO     	     mabosstiff     stakeout   choiceband [crunch, playrough, psychicfangs, wildcharge] ttype=dark
INFO     	        malamar     contrary    leftovers [knockoff, rest, sleeptalk, superpower] ttype=fighting
INFO     	      ceruledge    weakarmor heavydutyboots [bitterblade, closecombat, poltergeist, swordsdance] ttype=fire
INFO     Sampling 3 unrevealed pokemon
INFO     	        pikachu lightningrod    lightball [fakeout, playrough, surf, volttackle] ttype=water
INFO     	    arceuswater    multitype  splashplate [icebeam, judgment, recover, willowisp] ttype=steel
INFO     	      salamence   intimidate heavydutyboots [dragondance, dualwingbeat, earthquake, outrage] ttype=ground
INFO     Sampling battle 15
INFO     	     mabosstiff     stakeout   choiceband [crunch, playrough, psychicfangs, wildcharge] ttype=fairy
INFO     	        malamar     contrary    leftovers [knockoff, rest, sleeptalk, superpower] ttype=steel
INFO     	      ceruledge    weakarmor heavydutyboots [bitterblade, poltergeist, shadowsneak, swordsdance] ttype=fire
INFO     Sampling 3 unrevealed pokemon
INFO     	         swalot   liquidooze    leftovers [clearsmog, knockoff, painsplit, sludgebomb] ttype=dark
INFO     	        suicune     pressure    leftovers [calmmind, rest, scald, sleeptalk] ttype=dragon
INFO     	urshifurapidstrike   unseenfist   choiceband [aquajet, closecombat, icespinner, surgingstrikes] ttype=water
INFO     Searching for a move using MCTS...
INFO     Sampling 16 battles at 500ms each
INFO     Choice: switch basculin
INFO     basculin switched in, adding intimidate to impossible abilities
INFO     basculin switched in, adding pressure to impossible abilities
INFO     basculin switched in, adding neutralizinggas to impossible abilities
INFO     basculin switched in, adding sandstream to impossible abilities
INFO     basculin switched in, adding drought to impossible abilities
INFO     basculin switched in, adding drizzle to impossible abilities
INFO     basculin switched in, adding snowwarning to impossible abilities
INFO     basculin switched in, adding boosterenergy to impossible items
INFO     basculin switched in, adding airballoon to impossible items
INFO     
INFO     Turn: 6
INFO     loaded 12 player and 0 effective opponent priors
INFO     Sampling battle 0
INFO     	     mabosstiff     stakeout   choiceband [crunch, playrough, psychicfangs, wildcharge] ttype=fairy
INFO     	        malamar     contrary    leftovers [knockoff, rest, sleeptalk, superpower] ttype=poison
INFO     	      ceruledge    weakarmor heavydutyboots [bitterblade, poltergeist, shadowsneak, swordsdance] ttype=ghost
INFO     Sampling 3 unrevealed pokemon
INFO     	        weezing     levitate    leftovers [fireblast, painsplit, sludgebomb, willowisp] ttype=steel
INFO     	        dondozo      unaware    leftovers [curse, rest, sleeptalk, wavecrash] ttype=fairy
INFO     	      ironhands   quarkdrive  assaultvest [closecombat, fakeout, thunderpunch, voltswitch] ttype=fighting
INFO     Sampling battle 1
INFO     	     mabosstiff     stakeout   choiceband [crunch, playrough, psychicfangs, wildcharge] ttype=fairy
INFO     	        malamar     contrary  chestoberry [knockoff, psychocut, rest, superpower] ttype=fighting
INFO     	      ceruledge    weakarmor heavydutyboots [bitterblade, poltergeist, shadowsneak, swordsdance] ttype=ghost
INFO     Sampling 3 unrevealed pokemon
INFO     	     scovillain  chlorophyll heavydutyboots [energyball, fireblast, stompingtantrum, sunnyday] ttype=ground
INFO     	        kleavor    sharpness heavydutyboots [closecombat, stoneaxe, swordsdance, xscissor] ttype=fighting
INFO     	         goodra    sapsipper  assaultvest [dracometeor, earthquake, scald, sludgebomb] ttype=poison
INFO     Sampling battle 2
INFO     	     mabosstiff     stakeout   choiceband [crunch, playrough, psychicfangs, wildcharge] ttype=dark
INFO     	        malamar     contrary  chestoberry [knockoff, psychocut, rest, superpower] ttype=poison
INFO     	      ceruledge    weakarmor heavydutyboots [bitterblade, closecombat, poltergeist, swordsdance] ttype=fire
INFO     Sampling 3 unrevealed pokemon
INFO     	       espathra   speedboost    leftovers [calmmind, dazzlinggleam, storedpower, substitute] ttype=fairy
INFO     	       greedent   cheekpouch  sitrusberry [bodyslam, earthquake, knockoff, swordsdance] ttype=ground
INFO     	         tauros   sheerforce      lifeorb [bodyslam, closecombat, throatchop, zenheadbutt] ttype=fighting
INFO     Sampling battle 3
INFO     	     mabosstiff     stakeout   choiceband [crunch, playrough, psychicfangs, wildcharge] ttype=dark
INFO     	        malamar     contrary  chestoberry [knockoff, psychocut, rest, superpower] ttype=poison
INFO     	      ceruledge    weakarmor heavydutyboots [bitterblade, closecombat, poltergeist, swordsdance] ttype=fighting
INFO     Sampling 3 unrevealed pokemon
INFO     	      regieleki   transistor       magnet [explosion, rapidspin, thunderbolt, voltswitch] ttype=electric
INFO     	       ribombee   shielddust heavydutyboots [moonblast, stickyweb, stunspore, uturn] ttype=ghost
INFO     	    slitherwing protosynthesis heavydutyboots [closecombat, morningsun, uturn, willowisp] ttype=steel
INFO     Sampling battle 4
INFO     	     mabosstiff     stakeout   choiceband [crunch, playrough, psychicfangs, wildcharge] ttype=fairy
INFO     	        malamar     contrary  chestoberry [knockoff, psychocut, rest, superpower] ttype=poison
INFO     	      ceruledge    weakarmor heavydutyboots [bitterblade, closecombat, poltergeist, swordsdance] ttype=fighting
INFO     Sampling 3 unrevealed pokemon
INFO     	      toxicroak      dryskin      lifeorb [closecombat, gunkshot, knockoff, swordsdance] ttype=dark
INFO     	 keldeoresolute    justified    leftovers [calmmind, hydropump, secretsword, substitute] ttype=steel
INFO     	       dragalge adaptability    leftovers [dracometeor, focusblast, sludgewave, toxic] ttype=fighting
INFO     Sampling battle 5
INFO     	     mabosstiff     stakeout   choiceband [crunch, playrough, psychicfangs, wildcharge] ttype=dark
INFO     	        malamar     contrary  chestoberry [knockoff, psychocut, rest, superpower] ttype=fighting
INFO     	      ceruledge    weakarmor heavydutyboots [bitterblade, closecombat, poltergeist, swordsdance] ttype=fire
INFO     Sampling 3 unrevealed pokemon
INFO     	       rotomfan     levitate heavydutyboots [airslash, thunderbolt, thunderwave, voltswitch] ttype=electric
INFO     	       mudsdale      stamina    leftovers [earthquake, heavyslam, stealthrock, stoneedge] ttype=steel
INFO     	        grumpig     thickfat    leftovers [dazzlinggleam, earthpower, nastyplot, psychic] ttype=fairy
INFO     Sampling battle 6
INFO     	     mabosstiff     stakeout   choiceband [crunch, playrough, psychicfangs, wildcharge] ttype=fairy
INFO     	        malamar     contrary  chestoberry [knockoff, psychocut, rest, superpower] ttype=poison
INFO     	      ceruledge    weakarmor heavydutyboots [bitterblade, poltergeist, shadowsneak, swordsdance] ttype=ghost
INFO     Sampling 3 unrevealed pokemon
INFO     	       salazzle    corrosion    leftovers [flamethrower, protect, substitute, toxic] ttype=grass
INFO     	     perrserker   toughclaws   choiceband [closecombat, ironhead, knockoff, uturn] ttype=fighting
INFO     	       medicham    purepower  choicescarf [closecombat, icepunch, trick, zenheadbutt] ttype=fighting
INFO     Sampling battle 7
INFO     	     mabosstiff     stakeout   choiceband [crunch, playrough, psychicfangs, wildcharge] ttype=fairy
INFO     	        malamar     contrary  chestoberry [knockoff, psychocut, rest, superpower] ttype=fighting
INFO     	      ceruledge    weakarmor heavydutyboots [bitterblade, closecombat, poltergeist, swordsdance] ttype=fighting
INFO     Sampling 3 unrevealed pokemon
INFO     	            mew  synchronize    leftovers [encore, knockoff, psychicnoise, willowisp] ttype=fairy
INFO     	   zoroarkhisui     illusion      lifeorb [focusblast, hypervoice, poltergeist, willowisp] ttype=fighting
INFO     	      piloswine     thickfat     eviolite [earthquake, iceshard, iciclecrash, stealthrock] ttype=dragon
INFO     Sampling battle 8
INFO     	     mabosstiff     stakeout   choiceband [crunch, playrough, psychicfangs, wildcharge] ttype=fairy
INFO     	        malamar     contrary  chestoberry [knockoff, psychocut, rest, superpower] ttype=steel
INFO     	      ceruledge    weakarmor heavydutyboots [bitterblade, closecombat, poltergeist, swordsdance] ttype=ghost
INFO     Sampling 3 unrevealed pokemon
INFO     	      hitmonlee     reckless   choiceband [highjumpkick, knockoff, machpunch, stoneedge] ttype=fighting
INFO     	     irontreads   quarkdrive  assaultvest [earthquake, ironhead, rapidspin, voltswitch] ttype=ghost
INFO     	       salazzle    corrosion    leftovers [flamethrower, protect, substitute, toxic] ttype=grass
INFO     Sampling battle 9
INFO     	     mabosstiff     stakeout   choiceband [crunch, playrough, psychicfangs, wildcharge] ttype=dark
INFO     	        malamar     contrary  chestoberry [knockoff, psychocut, rest, superpower] ttype=fighting
INFO     	      ceruledge    weakarmor heavydutyboots [bitterblade, closecombat, poltergeist, swordsdance] ttype=fighting
INFO     Sampling 3 unrevealed pokemon
INFO     	   weezinggalar     levitate    leftovers [defog, fireblast, gunkshot, strangesteam] ttype=steel
INFO     	        torkoal      drought heavydutyboots [lavaplume, rapidspin, solarbeam, yawn] ttype=grass
INFO     	    arceusghost    multitype  spookyplate [calmmind, focusblast, judgment, recover] ttype=fighting
INFO     Sampling battle 10
INFO     	     mabosstiff     stakeout   choiceband [crunch, playrough, psychicfangs, wildcharge] ttype=dark
INFO     	        malamar     contrary  chestoberry [knockoff, psychocut, rest, superpower] ttype=fighting
INFO     	      ceruledge    weakarmor heavydutyboots [bitterblade, closecombat, poltergeist, swordsdance] ttype=fire
INFO     Sampling 3 unrevealed pokemon
INFO     	       illumise    prankster heavydutyboots [bugbuzz, encore, roost, thunderwave] ttype=steel
INFO     	     arceusfire    multitype   flameplate [calmmind, earthpower, judgment, recover] ttype=ground
INFO     	         furret        frisk      lifeorb [brickbreak, doubleedge, knockoff, tidyup] ttype=normal
INFO     Sampling battle 11
INFO     	     mabosstiff     stakeout   choiceband [crunch, playrough, psychicfangs, wildcharge] ttype=dark
INFO     	        malamar     contrary    leftovers [knockoff, rest, sleeptalk, superpower] ttype=poison
INFO     	      ceruledge    weakarmor heavydutyboots [bitterblade, poltergeist, shadowsneak, swordsdance] ttype=ghost
INFO     Sampling 3 unrevealed pokemon
INFO     	       vaporeon  waterabsorb    leftovers [icebeam, protect, scald, wish] ttype=ground
INFO     	   lycanrocdusk   toughclaws      lifeorb [closecombat, psychicfangs, stoneedge, swordsdance] ttype=fighting
INFO     	        palafin   zerotohero    leftovers [bulkup, drainpunch, jetpunch, wavecrash] ttype=dragon
INFO     Sampling battle 12
INFO     	     mabosstiff     stakeout   choiceband [crunch, playrough, psychicfangs, wildcharge] ttype=dark
INFO     	        malamar     contrary    leftovers [knockoff, rest, sleeptalk, superpower] ttype=fighting
INFO     	      ceruledge    weakarmor heavydutyboots [bitterblade, poltergeist, shadowsneak, swordsdance] ttype=fire
INFO     Sampling 3 unrevealed pokemon
INFO     	       braviary      defiant heavydutyboots [bravebird, bulkup, closecombat, roost] ttype=fighting
INFO     	        carbink    clearbody    leftovers [bodypress, irondefense, moonblast, rockpolish] ttype=fighting
INFO     	  arceuspsychic    multitype    mindplate [bodypress, cosmicpower, recover, storedpower] ttype=steel
INFO     Sampling battle 13
INFO     	     mabosstiff     stakeout   choiceband [crunch, playrough, psychicfangs, wildcharge] ttype=fairy
INFO     	        malamar     contrary    leftovers [knockoff, rest, sleeptalk, superpower] ttype=fighting
INFO     	      ceruledge    weakarmor heavydutyboots [bitterblade, closecombat, poltergeist, swordsdance] ttype=ghost
INFO     Sampling 3 unrevealed pokemon
INFO     	       vikavolt     levitate heavydutyboots [bugbuzz, discharge, energyball, stickyweb] ttype=electric
INFO     	          hypno     insomnia    leftovers [encore, knockoff, psychicnoise, thunderwave] ttype=fairy
INFO     	      amoonguss  regenerator    leftovers [gigadrain, sludgebomb, spore, stompingtantrum] ttype=steel
INFO     Sampling battle 14
INFO     	     mabosstiff     stakeout   choiceband [crunch, playrough, psychicfangs, wildcharge] ttype=dark
INFO     	        malamar     contrary    leftovers [knockoff, rest, sleeptalk, superpower] ttype=fighting
INFO     	      ceruledge    weakarmor heavydutyboots [bitterblade, poltergeist, shadowsneak, swordsdance] ttype=ghost
INFO     Sampling 3 unrevealed pokemon
INFO     	    fluttermane protosynthesis      lifeorb [calmmind, moonblast, mysticalfire, shadowball] ttype=fire
INFO     	      regigigas    slowstart    leftovers [bodyslam, knockoff, rest, sleeptalk] ttype=ghost
INFO     	      girafarig    sapsipper     eviolite [dazzlinggleam, nastyplot, psychic, thunderbolt] ttype=fairy
INFO     Sampling battle 15
INFO     	     mabosstiff     stakeout   choiceband [crunch, playrough, psychicfangs, wildcharge] ttype=dark
INFO     	        malamar     contrary    leftovers [knockoff, rest, sleeptalk, superpower] ttype=steel
INFO     	      ceruledge    weakarmor heavydutyboots [bitterblade, closecombat, poltergeist, swordsdance] ttype=fighting
INFO     Sampling 3 unrevealed pokemon
INFO     	       dragalge adaptability    leftovers [dracometeor, focusblast, sludgewave, toxicspikes] ttype=fighting
INFO     	            muk  poisontouch  assaultvest [drainpunch, icepunch, knockoff, poisonjab] ttype=dark
INFO     	landorustherian   intimidate    leftovers [earthquake, stealthrock, stoneedge, uturn] ttype=ground
INFO     Searching for a move using MCTS...
INFO     Sampling 16 battles at 500ms each
INFO     Choice: wavecrash
INFO     Opponent has switched - clearing the last used move
INFO     sinistchamasterpiece switched in, adding intimidate to impossible abilities
INFO     sinistchamasterpiece switched in, adding pressure to impossible abilities
INFO     sinistchamasterpiece switched in, adding neutralizinggas to impossible abilities
INFO     sinistchamasterpiece switched in, adding sandstream to impossible abilities
INFO     sinistchamasterpiece switched in, adding drought to impossible abilities
INFO     sinistchamasterpiece switched in, adding drizzle to impossible abilities
INFO     sinistchamasterpiece switched in, adding snowwarning to impossible abilities
INFO     sinistchamasterpiece switched in, adding boosterenergy to impossible items
INFO     sinistchamasterpiece switched in, adding airballoon to impossible items
INFO     basculin already has the move wavecrash. Decrementing the PP by 1
INFO     basculin used a water move, removing watergem from possible items
INFO     Setting basculin's last used move: wavecrash
INFO     basculin used a damaging move - not guessing lifeorb anymore
INFO     basculin did 42.0% damage to sinistchamasterpiece with wavecrash
INFO     Setting sinistchamasterpiece's item to: leftovers
INFO     sinistchamasterpiece has less than maxhp during upkeep, no longer guessing leftovers or blacksludge
INFO     
INFO     Turn: 7
INFO     loaded 6 player and 0 effective opponent priors
INFO     Sampling battle 0
INFO     	sinistchamasterpiece    heatproof    leftovers [calmmind, matchagotcha, shadowball, strengthsap] ttype=steel
INFO     	        malamar     contrary    leftovers [knockoff, rest, sleeptalk, superpower] ttype=poison
INFO     	      ceruledge    weakarmor heavydutyboots [bitterblade, poltergeist, shadowsneak, swordsdance] ttype=fire
INFO     	     mabosstiff     stakeout   choiceband [crunch, playrough, psychicfangs, wildcharge] ttype=dark
INFO     Sampling 2 unrevealed pokemon
INFO     	      excadrill  moldbreaker    leftovers [earthquake, ironhead, rapidspin, swordsdance] ttype=grass
INFO     	       porygon2     download     eviolite [discharge, icebeam, recover, triattack] ttype=poison
INFO     Sampling battle 1
INFO     	sinistchamasterpiece    heatproof    leftovers [calmmind, matchagotcha, shadowball, strengthsap] ttype=steel
INFO     	        malamar     contrary  chestoberry [knockoff, psychocut, rest, superpower] ttype=poison
INFO     	      ceruledge    weakarmor heavydutyboots [bitterblade, closecombat, poltergeist, swordsdance] ttype=fire
INFO     	     mabosstiff     stakeout   choiceband [crunch, playrough, psychicfangs, wildcharge] ttype=fairy
INFO     Sampling 2 unrevealed pokemon
INFO     	      dunsparce  serenegrace     eviolite [bodyslam, coil, earthquake, roost] ttype=ground
INFO     	squawkabillywhite       hustle heavydutyboots [bravebird, doubleedge, partingshot, quickattack] ttype=flying
INFO     Sampling battle 2
INFO     	sinistchamasterpiece    heatproof    leftovers [calmmind, matchagotcha, shadowball, strengthsap] ttype=steel
INFO     	        malamar     contrary  chestoberry [knockoff, psychocut, rest, superpower] ttype=fighting
INFO     	      ceruledge    weakarmor heavydutyboots [bitterblade, closecombat, poltergeist, swordsdance] ttype=fire
INFO     	     mabosstiff     stakeout   choiceband [crunch, playrough, psychicfangs, wildcharge] ttype=fairy
INFO     Sampling 2 unrevealed pokemon
INFO     	    stonjourner    powerspot      lifeorb [earthquake, heatcrash, stealthrock, stoneedge] ttype=ground
INFO     	 decidueyehisui      scrappy    leftovers [leafblade, roost, swordsdance, triplearrows] ttype=steel
INFO     Sampling battle 3
INFO     	sinistchamasterpiece    heatproof    leftovers [calmmind, matchagotcha, shadowball, strengthsap] ttype=steel
INFO     	        malamar     contrary  chestoberry [knockoff, psychocut, rest, superpower] ttype=steel
INFO     	      ceruledge    weakarmor heavydutyboots [bitterblade, poltergeist, shadowsneak, swordsdance] ttype=fire
INFO     	     mabosstiff     stakeout   choiceband [crunch, playrough, psychicfangs, wildcharge] ttype=fairy
INFO     Sampling 2 unrevealed pokemon
INFO     	    zapdosgalar      defiant   choiceband [bravebird, closecombat, knockoff, uturn] ttype=dark
INFO     	      rampardos   sheerforce      lifeorb [earthquake, firepunch, rockslide, zenheadbutt] ttype=rock
INFO     Sampling battle 4
INFO     	sinistchamasterpiece    heatproof    leftovers [calmmind, matchagotcha, shadowball, strengthsap] ttype=steel
INFO     	        malamar     contrary    leftovers [knockoff, rest, sleeptalk, superpower] ttype=fighting
INFO     	      ceruledge    weakarmor heavydutyboots [bitterblade, closecombat, poltergeist, swordsdance] ttype=fighting
INFO     	     mabosstiff     stakeout   choiceband [crunch, playrough, psychicfangs, wildcharge] ttype=fairy
INFO     Sampling 2 unrevealed pokemon
INFO     	      abomasnow  snowwarning    lightclay [auroraveil, blizzard, earthquake, iceshard] ttype=ghost
INFO     	      hatterene  magicbounce    leftovers [calmmind, drainingkiss, mysticalfire, psychic] ttype=steel
INFO     Sampling battle 5
INFO     	sinistchamasterpiece    heatproof    leftovers [calmmind, matchagotcha, shadowball, strengthsap] ttype=steel
INFO     	        malamar     contrary    leftovers [knockoff, rest, sleeptalk, superpower] ttype=fighting
INFO     	      ceruledge    weakarmor heavydutyboots [bitterblade, closecombat, poltergeist, swordsdance] ttype=fighting
INFO     	     mabosstiff     stakeout   choiceband [crunch, playrough, psychicfangs, wildcharge] ttype=dark
INFO     Sampling 2 unrevealed pokemon
INFO     	       meganium     overgrow    leftovers [encore, energyball, knockoff, synthesis] ttype=water
INFO     	     masquerain   intimidate heavydutyboots [hurricane, hydropump, stickyweb, stunspore] ttype=water
INFO     Sampling battle 6
INFO     	sinistchamasterpiece    heatproof    leftovers [calmmind, matchagotcha, shadowball, strengthsap] ttype=steel
INFO     	        malamar     contrary  chestoberry [knockoff, psychocut, rest, superpower] ttype=steel
INFO     	      ceruledge    weakarmor heavydutyboots [bitterblade, closecombat, poltergeist, swordsdance] ttype=ghost
INFO     	     mabosstiff     stakeout   choiceband [crunch, playrough, psychicfangs, wildcharge] ttype=dark
INFO     Sampling 2 unrevealed pokemon
INFO     	taurospaldeacombat   intimidate   choiceband [closecombat, earthquake, stoneedge, throatchop] ttype=dark
INFO     	        snorlax     thickfat  chestoberry [bodyslam, curse, earthquake, rest] ttype=poison
INFO     Sampling battle 7
INFO     	sinistchamasterpiece    heatproof    leftovers [calmmind, matchagotcha, shadowball, strengthsap] ttype=steel
INFO     	        malamar     contrary    leftovers [knockoff, rest, sleeptalk, superpower] ttype=poison
INFO     	      ceruledge    weakarmor heavydutyboots [bitterblade, closecombat, poltergeist, swordsdance] ttype=fighting
INFO     	     mabosstiff     stakeout   choiceband [crunch, playrough, psychicfangs, wildcharge] ttype=dark
INFO     Sampling 2 unrevealed pokemon
INFO     	      bastiodon   soundproof  chestoberry [bodypress, foulplay, irondefense, rest] ttype=fighting
INFO     	      vespiquen     pressure heavydutyboots [airslash, roost, spikes, uturn] ttype=steel
INFO     Sampling battle 8
INFO     	sinistchamasterpiece    heatproof    leftovers [calmmind, matchagotcha, shadowball, strengthsap] ttype=steel
INFO     	        malamar     contrary  chestoberry [knockoff, psychocut, rest, superpower] ttype=poison
INFO     	      ceruledge    weakarmor heavydutyboots [bitterblade, closecombat, poltergeist, swordsdance] ttype=fire
INFO     	     mabosstiff     stakeout   choiceband [crunch, playrough, psychicfangs, wildcharge] ttype=dark
INFO     Sampling 2 unrevealed pokemon
INFO     	     electivire   motordrive      lifeorb [flamethrower, knockoff, supercellslam, voltswitch] ttype=flying
INFO     	         plusle lightningrod      lifeorb [encore, grassknot, nastyplot, thunderbolt] ttype=electric
INFO     Sampling battle 9
INFO     	sinistchamasterpiece    heatproof    leftovers [calmmind, matchagotcha, shadowball, strengthsap] ttype=steel
INFO     	        malamar     contrary    leftovers [knockoff, rest, sleeptalk, superpower] ttype=poison
INFO     	      ceruledge    weakarmor heavydutyboots [bitterblade, closecombat, poltergeist, swordsdance] ttype=ghost
INFO     	     mabosstiff     stakeout   choiceband [crunch, playrough, psychicfangs, wildcharge] ttype=dark
INFO     Sampling 2 unrevealed pokemon
INFO     	      dragonite   multiscale heavydutyboots [dragondance, earthquake, outrage, roost] ttype=steel
INFO     	       cinccino   technician   loadeddice [bulletseed, tailslap, tidyup, tripleaxel] ttype=grass
INFO     Sampling battle 10
INFO     	sinistchamasterpiece    heatproof    leftovers [calmmind, matchagotcha, shadowball, strengthsap] ttype=steel
INFO     	        malamar     contrary  chestoberry [knockoff, psychocut, rest, superpower] ttype=fighting
INFO     	      ceruledge    weakarmor heavydutyboots [bitterblade, closecombat, poltergeist, swordsdance] ttype=ghost
INFO     	     mabosstiff     stakeout   choiceband [crunch, playrough, psychicfangs, wildcharge] ttype=fairy
INFO     Sampling 2 unrevealed pokemon
INFO     	       whiscash    oblivious    leftovers [earthquake, hydropump, icebeam, spikes] ttype=steel
INFO     	       smeargle     owntempo    focussash [ceaselessedge, spore, stealthrock, stickyweb] ttype=ghost
INFO     Sampling battle 11
INFO     	sinistchamasterpiece    heatproof    leftovers [calmmind, matchagotcha, shadowball, strengthsap] ttype=steel
INFO     	        malamar     contrary    leftovers [knockoff, rest, sleeptalk, superpower] ttype=steel
INFO     	      ceruledge    weakarmor heavydutyboots [bitterblade, poltergeist, shadowsneak, swordsdance] ttype=ghost
INFO     	     mabosstiff     stakeout   choiceband [crunch, playrough, psychicfangs, wildcharge] ttype=dark
INFO     Sampling 2 unrevealed pokemon
INFO     	     pincurchin electricsurge    leftovers [recover, scald, thunderbolt, toxicspikes] ttype=water
INFO     	      metagross    clearbody weaknesspolicy [agility, earthquake, heavyslam, knockoff] ttype=ground
INFO     Sampling battle 12
INFO     	sinistchamasterpiece    heatproof    leftovers [calmmind, matchagotcha, shadowball, strengthsap] ttype=steel
INFO     	        malamar     contrary    leftovers [knockoff, rest, sleeptalk, superpower] ttype=fighting
INFO     	      ceruledge    weakarmor heavydutyboots [bitterblade, closecombat, poltergeist, swordsdance] ttype=fighting
INFO     	     mabosstiff     stakeout   choiceband [crunch, playrough, psychicfangs, wildcharge] ttype=fairy
INFO     Sampling 2 unrevealed pokemon
INFO     	       cyclizar  regenerator heavydutyboots [dracometeor, rapidspin, shedtail, taunt] ttype=ghost
INFO     	        spidops     stakeout heavydutyboots [circlethrow, knockoff, stickyweb, uturn] ttype=ghost
INFO     Sampling battle 13
INFO     	sinistchamasterpiece    heatproof    leftovers [calmmind, matchagotcha, shadowball, strengthsap] ttype=steel
INFO     	        malamar     contrary    leftovers [knockoff, rest, sleeptalk, superpower] ttype=steel
INFO     	      ceruledge    weakarmor heavydutyboots [bitterblade, closecombat, poltergeist, swordsdance] ttype=ghost
INFO     	     mabosstiff     stakeout   choiceband [crunch, playrough, psychicfangs, wildcharge] ttype=dark
INFO     Sampling 2 unrevealed pokemon
INFO     	         gogoat    sapsipper    leftovers [bulkup, earthquake, hornleech, milkdrink] ttype=ground
INFO     	 arceusfighting    multitype    fistplate [bodypress, irondefense, recover, shadowball] ttype=steel
INFO     Sampling battle 14
INFO     	sinistchamasterpiece    heatproof    leftovers [calmmind, matchagotcha, shadowball, strengthsap] ttype=steel
INFO     	        malamar     contrary    leftovers [knockoff, rest, sleeptalk, superpower] ttype=poison
INFO     	      ceruledge    weakarmor heavydutyboots [bitterblade, closecombat, poltergeist, swordsdance] ttype=fighting
INFO     	     mabosstiff     stakeout   choiceband [crunch, playrough, psychicfangs, wildcharge] ttype=dark
INFO     Sampling 2 unrevealed pokemon
INFO     	        chansey  naturalcure     eviolite [healbell, seismictoss, softboiled, thunderwave] ttype=fairy
INFO     	        palafin   zerotohero    leftovers [bulkup, drainpunch, jetpunch, wavecrash] ttype=dragon
INFO     Sampling battle 15
INFO     	sinistchamasterpiece    heatproof    leftovers [calmmind, matchagotcha, shadowball, strengthsap] ttype=steel
INFO     	        malamar     contrary  chestoberry [knockoff, psychocut, rest, superpower] ttype=fighting
INFO     	      ceruledge    weakarmor heavydutyboots [bitterblade, closecombat, poltergeist, swordsdance] ttype=fighting
INFO     	     mabosstiff     stakeout   choiceband [crunch, playrough, psychicfangs, wildcharge] ttype=dark
INFO     Sampling 2 unrevealed pokemon
INFO     	        seviper  infiltrator    leftovers [earthquake, gunkshot, swordsdance, trailblaze] ttype=grass
INFO     	         kommoo   soundproof   loadeddice [closecombat, ironhead, scaleshot, swordsdance] ttype=steel
INFO     Searching for a move using MCTS...
INFO     Sampling 16 battles at 500ms each
INFO     Choice: switch roaringmoon
INFO     roaringmoon switched in, adding intimidate to impossible abilities
INFO     roaringmoon switched in, adding pressure to impossible abilities
INFO     roaringmoon switched in, adding neutralizinggas to impossible abilities
INFO     roaringmoon switched in, adding sandstream to impossible abilities
INFO     roaringmoon switched in, adding drought to impossible abilities
INFO     roaringmoon switched in, adding drizzle to impossible abilities
INFO     roaringmoon switched in, adding snowwarning to impossible abilities
INFO     roaringmoon switched in, adding boosterenergy to impossible items
INFO     roaringmoon switched in, adding airballoon to impossible items
INFO     sinistchamasterpiece used a grass move, removing grassgem from possible items
INFO     Setting sinistchamasterpiece's last used move: matchagotcha
INFO     sinistchamasterpiece used a damaging move - not guessing lifeorb anymore
INFO     sinistchamasterpiece did 18.15% damage to roaringmoon with matchagotcha
INFO     Setting sinistchamasterpiece's item to: leftovers
INFO     sinistchamasterpiece has less than maxhp during upkeep, no longer guessing leftovers or blacksludge
INFO     
INFO     Turn: 8
INFO     loaded 12 player and 0 effective opponent priors
INFO     Sampling battle 0
INFO     	sinistchamasterpiece    heatproof    leftovers [calmmind, matchagotcha, shadowball, strengthsap] ttype=steel
INFO     	        malamar     contrary  chestoberry [knockoff, psychocut, rest, superpower] ttype=poison
INFO     	      ceruledge    weakarmor heavydutyboots [bitterblade, poltergeist, shadowsneak, swordsdance] ttype=fire
INFO     	     mabosstiff     stakeout   choiceband [crunch, playrough, psychicfangs, wildcharge] ttype=fairy
INFO     Sampling 2 unrevealed pokemon
INFO     	        sylveon     pixilate    leftovers [calmmind, hypervoice, protect, wish] ttype=steel
INFO     	         deoxys     pressure      lifeorb [extremespeed, knockoff, psychoboost, superpower] ttype=psychic
INFO     Sampling battle 1
INFO     	sinistchamasterpiece    heatproof    leftovers [calmmind, matchagotcha, shadowball, strengthsap] ttype=steel
INFO     	        malamar     contrary  chestoberry [knockoff, psychocut, rest, superpower] ttype=fighting
INFO     	      ceruledge    weakarmor heavydutyboots [bitterblade, poltergeist, shadowsneak, swordsdance] ttype=fire
INFO     	     mabosstiff     stakeout   choiceband [crunch, playrough, psychicfangs, wildcharge] ttype=dark
INFO     Sampling 2 unrevealed pokemon
INFO     	     baxcalibur thermalexchange   choiceband [earthquake, glaiverush, iceshard, iciclecrash] ttype=dragon
INFO     	         veluza    sharpness  sitrusberry [aquacutter, filletaway, nightslash, psychocut] ttype=psychic
INFO     Sampling battle 2
INFO     	sinistchamasterpiece    heatproof    leftovers [calmmind, matchagotcha, shadowball, strengthsap] ttype=steel
INFO     	        malamar     contrary    leftovers [knockoff, rest, sleeptalk, superpower] ttype=fighting
INFO     	      ceruledge    weakarmor heavydutyboots [bitterblade, poltergeist, shadowsneak, swordsdance] ttype=fire
INFO     	     mabosstiff     stakeout   choiceband [crunch, playrough, psychicfangs, wildcharge] ttype=dark
INFO     Sampling 2 unrevealed pokemon
INFO     	        wugtrio        gooey   choiceband [aquajet, liquidation, stompingtantrum, throatchop] ttype=ground
INFO     	      ironhands   quarkdrive  assaultvest [drainpunch, icepunch, voltswitch, wildcharge] ttype=electric
INFO     Sampling battle 3
INFO     	sinistchamasterpiece    heatproof    leftovers [calmmind, matchagotcha, shadowball, strengthsap] ttype=steel
INFO     	        malamar     contrary  chestoberry [knockoff, psychocut, rest, superpower] ttype=poison
INFO     	      ceruledge    weakarmor heavydutyboots [bitterblade, poltergeist, shadowsneak, swordsdance] ttype=fire
INFO     	     mabosstiff     stakeout   choiceband [crunch, playrough, psychicfangs, wildcharge] ttype=fairy
INFO     Sampling 2 unrevealed pokemon
INFO     	       lycanroc     sandrush      lifeorb [accelerock, closecombat, stealthrock, stoneedge] ttype=fighting
INFO     	       reshiram   turboblaze heavydutyboots [dragondance, flareblitz, outrage, stoneedge] ttype=dragon
INFO     Sampling battle 4
INFO     	sinistchamasterpiece    heatproof    leftovers [calmmind, matchagotcha, shadowball, strengthsap] ttype=steel
INFO     	        malamar     contrary  chestoberry [knockoff, psychocut, rest, superpower] ttype=steel
INFO     	      ceruledge    weakarmor heavydutyboots [bitterblade, closecombat, poltergeist, swordsdance] ttype=fire
INFO     	     mabosstiff     stakeout   choiceband [crunch, playrough, psychicfangs, wildcharge] ttype=dark
INFO     Sampling 2 unrevealed pokemon
INFO     	           uxie     levitate    leftovers [knockoff, psychicnoise, stealthrock, thunderwave] ttype=dark
INFO     	     ironthorns   quarkdrive heavydutyboots [spikes, stoneedge, voltswitch, wildcharge] ttype=flying
INFO     Sampling battle 5
INFO     	sinistchamasterpiece    heatproof    leftovers [calmmind, matchagotcha, shadowball, strengthsap] ttype=steel
INFO     	        malamar     contrary    leftovers [knockoff, rest, sleeptalk, superpower] ttype=steel
INFO     	      ceruledge    weakarmor heavydutyboots [bitterblade, closecombat, poltergeist, swordsdance] ttype=ghost
INFO     	     mabosstiff     stakeout   choiceband [crunch, playrough, psychicfangs, wildcharge] ttype=fairy
INFO     Sampling 2 unrevealed pokemon
INFO     	tornadustherian  regenerator heavydutyboots [bleakwindstorm, focusblast, grassknot, nastyplot] ttype=flying
INFO     	      magmortar    flamebody heavydutyboots [earthquake, fireblast, focusblast, thunderbolt] ttype=water
INFO     Sampling battle 6
INFO     	sinistchamasterpiece    heatproof    leftovers [calmmind, matchagotcha, shadowball, strengthsap] ttype=steel
INFO     	        malamar     contrary  chestoberry [knockoff, psychocut, rest, superpower] ttype=poison
INFO     	      ceruledge    weakarmor heavydutyboots [bitterblade, poltergeist, shadowsneak, swordsdance] ttype=fire
INFO     	     mabosstiff     stakeout   choiceband [crunch, playrough, psychicfangs, wildcharge] ttype=dark
INFO     Sampling 2 unrevealed pokemon
INFO     	      bastiodon   soundproof  chestoberry [bodypress, foulplay, irondefense, rest] ttype=fighting
INFO     	       landorus   sheerforce      lifeorb [earthpower, psychic, sludgewave, stealthrock] ttype=poison
INFO     Sampling battle 7
INFO     	sinistchamasterpiece    heatproof    leftovers [calmmind, matchagotcha, shadowball, strengthsap] ttype=steel
INFO     	        malamar     contrary  chestoberry [knockoff, psychocut, rest, superpower] ttype=steel
INFO     	      ceruledge    weakarmor heavydutyboots [bitterblade, poltergeist, shadowsneak, swordsdance] ttype=fire
INFO     	     mabosstiff     stakeout   choiceband [crunch, playrough, psychicfangs, wildcharge] ttype=fairy
INFO     Sampling 2 unrevealed pokemon
INFO     	        kingdra       sniper     lumberry [dragondance, outrage, waterfall, wavecrash] ttype=water
INFO     	         raikou     pressure    leftovers [calmmind, scald, substitute, thunderbolt] ttype=water
INFO     Sampling battle 8
INFO     	sinistchamasterpiece    heatproof    leftovers [calmmind, matchagotcha, shadowball, strengthsap] ttype=steel
INFO     	        malamar     contrary  chestoberry [knockoff, psychocut, rest, superpower] ttype=poison
INFO     	      ceruledge    weakarmor heavydutyboots [bitterblade, closecombat, poltergeist, swordsdance] ttype=fire
INFO     	     mabosstiff     stakeout   choiceband [crunch, playrough, psychicfangs, wildcharge] ttype=dark
INFO     Sampling 2 unrevealed pokemon
INFO     	       sceptile     overgrow      lifeorb [focusblast, leafstorm, rockslide, shedtail] ttype=grass
INFO     	      piloswine     thickfat     eviolite [earthquake, iceshard, iciclecrash, roar] ttype=dragon
INFO     Sampling battle 9
INFO     	sinistchamasterpiece    heatproof    leftovers [calmmind, matchagotcha, shadowball, strengthsap] ttype=steel
INFO     	        malamar     contrary  chestoberry [knockoff, psychocut, rest, superpower] ttype=steel
INFO     	      ceruledge    weakarmor heavydutyboots [bitterblade, poltergeist, shadowsneak, swordsdance] ttype=fire
INFO     	     mabosstiff     stakeout   choiceband [crunch, playrough, psychicfangs, wildcharge] ttype=dark
INFO     Sampling 2 unrevealed pokemon
INFO     	     chesnaught  bulletproof    leftovers [bodypress, irondefense, synthesis, trailblaze] ttype=steel
INFO     	         zacian intrepidsword      lifeorb [closecombat, crunch, playrough, swordsdance] ttype=fighting
INFO     Sampling battle 10
INFO     	sinistchamasterpiece    heatproof    leftovers [calmmind, matchagotcha, shadowball, strengthsap] ttype=steel
INFO     	        malamar     contrary  chestoberry [knockoff, psychocut, rest, superpower] ttype=fighting
INFO     	      ceruledge    weakarmor heavydutyboots [bitterblade, closecombat, poltergeist, swordsdance] ttype=fighting
INFO     	     mabosstiff     stakeout   choiceband [crunch, playrough, psychicfangs, wildcharge] ttype=fairy
INFO     Sampling 2 unrevealed pokemon
INFO     	         palkia     pressure  lustrousorb [fireblast, hydropump, spacialrend, thunderwave] ttype=fire
INFO     	     scovillain  chlorophyll  choicespecs [energyball, flamethrower, leafstorm, overheat] ttype=fire
INFO     Sampling battle 11
INFO     	sinistchamasterpiece    heatproof    leftovers [calmmind, matchagotcha, shadowball, strengthsap] ttype=steel
INFO     	        malamar     contrary  chestoberry [knockoff, psychocut, rest, superpower] ttype=steel
INFO     	      ceruledge    weakarmor heavydutyboots [bitterblade, closecombat, poltergeist, swordsdance] ttype=fighting
INFO     	     mabosstiff     stakeout   choiceband [crunch, playrough, psychicfangs, wildcharge] ttype=fairy
INFO     Sampling 2 unrevealed pokemon
INFO     	     sandaconda     shedskin    leftovers [coil, earthquake, glare, stoneedge] ttype=steel
INFO     	 keldeoresolute    justified      lifeorb [calmmind, hydropump, secretsword, vacuumwave] ttype=fighting
INFO     Sampling battle 12
INFO     	sinistchamasterpiece    heatproof    leftovers [calmmind, matchagotcha, shadowball, strengthsap] ttype=steel
INFO     	        malamar     contrary  chestoberry [knockoff, psychocut, rest, superpower] ttype=steel
INFO     	      ceruledge    weakarmor heavydutyboots [bitterblade, poltergeist, shadowsneak, swordsdance] ttype=fire
INFO     	     mabosstiff     stakeout   choiceband [crunch, playrough, psychicfangs, wildcharge] ttype=dark
INFO     Sampling 2 unrevealed pokemon
INFO     	 decidueyehisui      scrappy    leftovers [defog, leafblade, roost, triplearrows] ttype=water
INFO     	     arceusfire    multitype   flameplate [earthquake, extremespeed, flareblitz, swordsdance] ttype=fire
INFO     Sampling battle 13
INFO     	sinistchamasterpiece    heatproof    leftovers [calmmind, matchagotcha, shadowball, strengthsap] ttype=steel
INFO     	        malamar     contrary    leftovers [knockoff, rest, sleeptalk, superpower] ttype=fighting
INFO     	      ceruledge    weakarmor heavydutyboots [bitterblade, closecombat, poltergeist, swordsdance] ttype=fighting
INFO     	     mabosstiff     stakeout   choiceband [crunch, playrough, psychicfangs, wildcharge] ttype=dark
INFO     Sampling 2 unrevealed pokemon
INFO     	      araquanid  waterbubble heavydutyboots [hydropump, leechlife, liquidation, stickyweb] ttype=water
INFO     	         emboar     reckless  choicescarf [closecombat, flareblitz, headsmash, knockoff] ttype=fire
INFO     Sampling battle 14
INFO     	sinistchamasterpiece    heatproof    leftovers [calmmind, matchagotcha, shadowball, strengthsap] ttype=steel
INFO     	        malamar     contrary  chestoberry [knockoff, psychocut, rest, superpower] ttype=steel
INFO     	      ceruledge    weakarmor heavydutyboots [bitterblade, closecombat, poltergeist, swordsdance] ttype=ghost
INFO     	     mabosstiff     stakeout   choiceband [crunch, playrough, psychicfangs, wildcharge] ttype=dark
INFO     Sampling 2 unrevealed pokemon
INFO     	       sceptile     overgrow      lifeorb [earthquake, focusblast, leafstorm, rockslide] ttype=grass
INFO     	      toucannon    skilllink heavydutyboots [beakblast, boomburst, bulletseed, roost] ttype=steel
INFO     Sampling battle 15
INFO     	sinistchamasterpiece    heatproof    leftovers [calmmind, matchagotcha, shadowball, strengthsap] ttype=steel
INFO     	        malamar     contrary    leftovers [knockoff, rest, sleeptalk, superpower] ttype=steel
INFO     	      ceruledge    weakarmor heavydutyboots [bitterblade, closecombat, poltergeist, swordsdance] ttype=fighting
INFO     	     mabosstiff     stakeout   choiceband [crunch, playrough, psychicfangs, wildcharge] ttype=fairy
INFO     Sampling 2 unrevealed pokemon
INFO     	         swanna    hydration heavydutyboots [bravebird, flipturn, hydropump, roost] ttype=ground
INFO     	       landorus   sheerforce      lifeorb [earthpower, focusblast, psychic, rockslide] ttype=ground
INFO     Searching for a move using MCTS...
INFO     Sampling 16 battles at 500ms each
INFO     Choice: knockoff
INFO     Updated sinistchamasterpiece's max speed to 213
INFO     sinistchamasterpiece terastallized. Tera type: steel, Original types: ['grass', 'ghost']
INFO     roaringmoon already has the move knockoff. Decrementing the PP by 1
INFO     roaringmoon used a dark move, removing darkgem from possible items
INFO     Setting roaringmoon's last used move: knockoff
INFO     roaringmoon used a damaging move - not guessing lifeorb anymore
INFO     roaringmoon did 49.0% damage to sinistchamasterpiece with knockoff
INFO     Removing sinistchamasterpiece's item: leftovers
INFO     Setting sinistchamasterpiece's removed item to leftovers
INFO     Knockoff removed sinistchamasterpiece's item
INFO     sinistchamasterpiece used two different moves - it cannot have a choice item
INFO     sinistchamasterpiece used a status-move. Adding `assaultvest` to impossible items
INFO     Setting sinistchamasterpiece's last used move: strengthsap
INFO     roaringmoon's attack was unboosted by 1 to -1
INFO     
INFO     Turn: 9
INFO     loaded 6 player and 0 effective opponent priors
INFO     Sampling battle 0
INFO     	sinistchamasterpiece    heatproof         None [calmmind, matchagotcha, shadowball, strengthsap] ttype=steel
INFO     	        malamar     contrary  chestoberry [knockoff, psychocut, rest, superpower] ttype=steel
INFO     	      ceruledge    weakarmor heavydutyboots [bitterblade, poltergeist, shadowsneak, swordsdance] ttype=fire
INFO     	     mabosstiff     stakeout   choiceband [crunch, playrough, psychicfangs, wildcharge] ttype=fairy
INFO     Sampling 2 unrevealed pokemon
INFO     	     ironthorns   quarkdrive heavydutyboots [spikes, stoneedge, voltswitch, wildcharge] ttype=grass
INFO     	       dragalge adaptability    leftovers [dracometeor, focusblast, sludgewave, toxicspikes] ttype=fighting
INFO     Sampling battle 1
INFO     	sinistchamasterpiece    heatproof         None [calmmind, matchagotcha, shadowball, strengthsap] ttype=steel
INFO     	        malamar     contrary  chestoberry [knockoff, psychocut, rest, superpower] ttype=poison
INFO     	      ceruledge    weakarmor heavydutyboots [bitterblade, closecombat, poltergeist, swordsdance] ttype=fire
INFO     	     mabosstiff     stakeout   choiceband [crunch, playrough, psychicfangs, wildcharge] ttype=fairy
INFO     Sampling 2 unrevealed pokemon
INFO     	      amoonguss  regenerator    leftovers [gigadrain, sludgebomb, spore, toxic] ttype=steel
INFO     	     masquerain   intimidate heavydutyboots [bugbuzz, hurricane, hydropump, quiverdance] ttype=water
INFO     Sampling battle 2
INFO     	sinistchamasterpiece    heatproof         None [calmmind, matchagotcha, shadowball, strengthsap] ttype=steel
INFO     	        malamar     contrary  chestoberry [knockoff, psychocut, rest, superpower] ttype=poison
INFO     	      ceruledge    weakarmor heavydutyboots [bitterblade, poltergeist, shadowsneak, swordsdance] ttype=ghost
INFO     	     mabosstiff     stakeout   choiceband [crunch, playrough, psychicfangs, wildcharge] ttype=fairy
INFO     Sampling 2 unrevealed pokemon
INFO     	     arceusrock    multitype   stoneplate [calmmind, earthpower, judgment, recover] ttype=ground
INFO     	    sandyshocks protosynthesis    leftovers [earthpower, spikes, stealthrock, thunderbolt] ttype=grass
INFO     Sampling battle 3
INFO     	sinistchamasterpiece    heatproof         None [calmmind, matchagotcha, shadowball, strengthsap] ttype=steel
INFO     	        malamar     contrary  chestoberry [knockoff, psychocut, rest, superpower] ttype=steel
INFO     	      ceruledge    weakarmor heavydutyboots [bitterblade, poltergeist, shadowsneak, swordsdance] ttype=ghost
INFO     	     mabosstiff     stakeout   choiceband [crunch, playrough, psychicfangs, wildcharge] ttype=fairy
INFO     Sampling 2 unrevealed pokemon
INFO     	       necrozma   prismarmor      lifeorb [earthquake, knockoff, photongeyser, swordsdance] ttype=ground
INFO     	  arcaninehisui     rockhead   choiceband [closecombat, extremespeed, flareblitz, headsmash] ttype=rock
INFO     Sampling battle 4
INFO     	sinistchamasterpiece    heatproof         None [calmmind, matchagotcha, shadowball, strengthsap] ttype=steel
INFO     	        malamar     contrary    leftovers [knockoff, rest, sleeptalk, superpower] ttype=fighting
INFO     	      ceruledge    weakarmor heavydutyboots [bitterblade, closecombat, poltergeist, swordsdance] ttype=fighting
INFO     	     mabosstiff     stakeout   choiceband [crunch, playrough, psychicfangs, wildcharge] ttype=dark
INFO     Sampling 2 unrevealed pokemon
INFO     	       landorus   sheerforce      lifeorb [earthpower, psychic, rockslide, stealthrock] ttype=ground
INFO     	        milotic  competitive    leftovers [dragontail, icebeam, recover, scald] ttype=steel
INFO     Sampling battle 5
INFO     	sinistchamasterpiece    heatproof         None [calmmind, matchagotcha, shadowball, strengthsap] ttype=steel
INFO     	        malamar     contrary  chestoberry [knockoff, psychocut, rest, superpower] ttype=fighting
INFO     	      ceruledge    weakarmor heavydutyboots [bitterblade, closecombat, poltergeist, swordsdance] ttype=ghost
INFO     	     mabosstiff     stakeout   choiceband [crunch, playrough, psychicfangs, wildcharge] ttype=fairy
INFO     Sampling 2 unrevealed pokemon
INFO     	        flapple       hustle   choiceband [gravapple, outrage, suckerpunch, uturn] ttype=steel
INFO     	        noctowl   tintedlens heavydutyboots [defog, hurricane, hypervoice, roost] ttype=normal
INFO     Sampling battle 6
INFO     	sinistchamasterpiece    heatproof         None [calmmind, matchagotcha, shadowball, strengthsap] ttype=steel
INFO     	        malamar     contrary    leftovers [knockoff, rest, sleeptalk, superpower] ttype=poison
INFO     	      ceruledge    weakarmor heavydutyboots [bitterblade, poltergeist, shadowsneak, swordsdance] ttype=fire
INFO     	     mabosstiff     stakeout   choiceband [crunch, playrough, psychicfangs, wildcharge] ttype=fairy
INFO     Sampling 2 unrevealed pokemon
INFO     	ogerponwellspring  waterabsorb wellspringmask [encore, ivycudgel, synthesis, woodhammer] ttype=water
INFO     	      toxicroak      dryskin      lifeorb [closecombat, gunkshot, knockoff, swordsdance] ttype=dark
INFO     Sampling battle 7
INFO     	sinistchamasterpiece    heatproof         None [calmmind, matchagotcha, shadowball, strengthsap] ttype=steel
INFO     	        malamar     contrary  chestoberry [knockoff, psychocut, rest, superpower] ttype=fighting
INFO     	      ceruledge    weakarmor heavydutyboots [bitterblade, closecombat, poltergeist, swordsdance] ttype=fighting
INFO     	     mabosstiff     stakeout   choiceband [crunch, playrough, psychicfangs, wildcharge] ttype=dark
INFO     Sampling 2 unrevealed pokemon
INFO     	       lumineon   stormdrain      lifeorb [alluringvoice, encore, hydropump, icebeam] ttype=water
INFO     	lycanrocmidnight      noguard      lifeorb [closecombat, stoneedge, suckerpunch, swordsdance] ttype=fighting
INFO     Sampling battle 8
INFO     	sinistchamasterpiece    heatproof         None [calmmind, matchagotcha, shadowball, strengthsap] ttype=steel
INFO     	        malamar     contrary  chestoberry [knockoff, psychocut, rest, superpower] ttype=poison
INFO     	      ceruledge    weakarmor heavydutyboots [bitterblade, closecombat, poltergeist, swordsdance] ttype=fire
INFO     	     mabosstiff     stakeout   choiceband [crunch, playrough, psychicfangs, wildcharge] ttype=fairy
INFO     Sampling 2 unrevealed pokemon
INFO     	      bellibolt electromorphosis    leftovers [muddywater, slackoff, thunderbolt, toxic] ttype=water
INFO     	       salazzle    corrosion heavydutyboots [fireblast, nastyplot, sludgewave, terablast] ttype=grass
INFO     Sampling battle 9
INFO     	sinistchamasterpiece    heatproof         None [calmmind, matchagotcha, shadowball, strengthsap] ttype=steel
INFO     	        malamar     contrary  chestoberry [knockoff, psychocut, rest, superpower] ttype=poison
INFO     	      ceruledge    weakarmor heavydutyboots [bitterblade, poltergeist, shadowsneak, swordsdance] ttype=fire
INFO     	     mabosstiff     stakeout   choiceband [crunch, playrough, psychicfangs, wildcharge] ttype=dark
INFO     Sampling 2 unrevealed pokemon
INFO     	      girafarig    sapsipper     eviolite [dazzlinggleam, nastyplot, psychic, thunderbolt] ttype=fairy
INFO     	      garganacl purifyingsalt    leftovers [protect, recover, saltcure, stealthrock] ttype=ghost
INFO     Sampling battle 10
INFO     	sinistchamasterpiece    heatproof         None [calmmind, matchagotcha, shadowball, strengthsap] ttype=steel
INFO     	        malamar     contrary    leftovers [knockoff, rest, sleeptalk, superpower] ttype=poison
INFO     	      ceruledge    weakarmor heavydutyboots [bitterblade, closecombat, poltergeist, swordsdance] ttype=fire
INFO     	     mabosstiff     stakeout   choiceband [crunch, playrough, psychicfangs, wildcharge] ttype=dark
INFO     Sampling 2 unrevealed pokemon
INFO     	     perrserker   toughclaws   choiceband [closecombat, ironhead, knockoff, uturn] ttype=fighting
INFO     	         espeon  magicbounce  choicespecs [alluringvoice, psychic, shadowball, trick] ttype=fairy
INFO     Sampling battle 11
INFO     	sinistchamasterpiece    heatproof         None [calmmind, matchagotcha, shadowball, strengthsap] ttype=steel
INFO     	        malamar     contrary  chestoberry [knockoff, psychocut, rest, superpower] ttype=steel
INFO     	      ceruledge    weakarmor heavydutyboots [bitterblade, closecombat, poltergeist, swordsdance] ttype=ghost
INFO     	     mabosstiff     stakeout   choiceband [crunch, playrough, psychicfangs, wildcharge] ttype=dark
INFO     Sampling 2 unrevealed pokemon
INFO     	     baxcalibur thermalexchange heavydutyboots [dragondance, earthquake, glaiverush, iciclecrash] ttype=ground
INFO     	landorustherian   intimidate    leftovers [earthquake, stoneedge, taunt, uturn] ttype=water
INFO     Sampling battle 12
INFO     	sinistchamasterpiece    heatproof         None [calmmind, matchagotcha, shadowball, strengthsap] ttype=steel
INFO     	        malamar     contrary    leftovers [knockoff, rest, sleeptalk, superpower] ttype=fighting
INFO     	      ceruledge    weakarmor heavydutyboots [bitterblade, closecombat, poltergeist, swordsdance] ttype=ghost
INFO     	     mabosstiff     stakeout   choiceband [crunch, playrough, psychicfangs, wildcharge] ttype=dark
INFO     Sampling 2 unrevealed pokemon
INFO     	      regieleki   transistor       magnet [rapidspin, terablast, thunderbolt, voltswitch] ttype=ice
INFO     	        lanturn   voltabsorb    leftovers [icebeam, scald, thunderbolt, thunderwave] ttype=flying
INFO     Sampling battle 13
INFO     	sinistchamasterpiece    heatproof         None [calmmind, matchagotcha, shadowball, strengthsap] ttype=steel
INFO     	        malamar     contrary  chestoberry [knockoff, psychocut, rest, superpower] ttype=fighting
INFO     	      ceruledge    weakarmor heavydutyboots [bitterblade, poltergeist, shadowsneak, swordsdance] ttype=ghost
INFO     	     mabosstiff     stakeout   choiceband [crunch, playrough, psychicfangs, wildcharge] ttype=dark
INFO     Sampling 2 unrevealed pokemon
INFO     	       medicham    purepower  choicescarf [closecombat, poisonjab, trick, zenheadbutt] ttype=fighting
INFO     	   squawkabilly         guts     flameorb [bravebird, facade, quickattack, uturn] ttype=normal
INFO     Sampling battle 14
INFO     	sinistchamasterpiece    heatproof         None [calmmind, matchagotcha, shadowball, strengthsap] ttype=steel
INFO     	        malamar     contrary    leftovers [knockoff, rest, sleeptalk, superpower] ttype=fighting
INFO     	      ceruledge    weakarmor heavydutyboots [bitterblade, closecombat, poltergeist, swordsdance] ttype=ghost
INFO     	     mabosstiff     stakeout   choiceband [crunch, playrough, psychicfangs, wildcharge] ttype=fairy
INFO     Sampling 2 unrevealed pokemon
INFO     	      garganacl purifyingsalt    leftovers [bodypress, recover, saltcure, stealthrock] ttype=dragon
INFO     	       swampert      torrent    leftovers [earthquake, flipturn, icebeam, roar] ttype=poison
INFO     Sampling battle 15
INFO     	sinistchamasterpiece    heatproof         None [calmmind, matchagotcha, shadowball, strengthsap] ttype=steel
INFO     	        malamar     contrary  chestoberry [knockoff, psychocut, rest, superpower] ttype=fighting
INFO     	      ceruledge    weakarmor heavydutyboots [bitterblade, poltergeist, shadowsneak, swordsdance] ttype=fire
INFO     	     mabosstiff     stakeout   choiceband [crunch, playrough, psychicfangs, wildcharge] ttype=dark
INFO     Sampling 2 unrevealed pokemon
INFO     	      girafarig    sapsipper     eviolite [hypervoice, nastyplot, psyshock, thunderbolt] ttype=electric
INFO     	       miraidon hadronengine  choicespecs [dracometeor, electrodrift, overheat, voltswitch] ttype=electric
INFO     Searching for a move using MCTS...
INFO     Sampling 16 battles at 500ms each
INFO     Choice: switch regice
INFO     regice switched in, adding intimidate to impossible abilities
INFO     regice switched in, adding pressure to impossible abilities
INFO     regice switched in, adding neutralizinggas to impossible abilities
INFO     regice switched in, adding sandstream to impossible abilities
INFO     regice switched in, adding drought to impossible abilities
INFO     regice switched in, adding drizzle to impossible abilities
INFO     regice switched in, adding snowwarning to impossible abilities
INFO     regice switched in, adding boosterenergy to impossible items
INFO     regice switched in, adding airballoon to impossible items
INFO     sinistchamasterpiece used two different moves - it cannot have a choice item
INFO     sinistchamasterpiece used a ghost move, removing ghostgem from possible items
INFO     Setting sinistchamasterpiece's last used move: shadowball
INFO     sinistchamasterpiece used a damaging move - not guessing lifeorb anymore
INFO     sinistchamasterpiece did 15.85% damage to regice with shadowball
INFO     
INFO     Turn: 10
INFO     loaded 12 player and 0 effective opponent priors
INFO     Sampling battle 0
INFO     	sinistchamasterpiece    heatproof         None [calmmind, matchagotcha, shadowball, strengthsap] ttype=steel
INFO     	        malamar     contrary  chestoberry [knockoff, psychocut, rest, superpower] ttype=fighting
INFO     	      ceruledge    weakarmor heavydutyboots [bitterblade, closecombat, poltergeist, swordsdance] ttype=ghost
INFO     	     mabosstiff     stakeout   choiceband [crunch, playrough, psychicfangs, wildcharge] ttype=fairy
INFO     Sampling 2 unrevealed pokemon
INFO     	    kyuremblack     teravolt   loadeddice [dragondance, fusionbolt, iciclespear, scaleshot] ttype=electric
INFO     	        slowbro  regenerator    leftovers [calmmind, psychicnoise, scald, slackoff] ttype=fairy
INFO     Sampling battle 1
INFO     	sinistchamasterpiece    heatproof         None [calmmind, matchagotcha, shadowball, strengthsap] ttype=steel
INFO     	        malamar     contrary  chestoberry [knockoff, psychocut, rest, superpower] ttype=steel
INFO     	      ceruledge    weakarmor heavydutyboots [bitterblade, closecombat, poltergeist, swordsdance] ttype=fighting
INFO     	     mabosstiff     stakeout   choiceband [crunch, playrough, psychicfangs, wildcharge] ttype=dark
INFO     Sampling 2 unrevealed pokemon
INFO     	  arcaninehisui     rockhead   choiceband [closecombat, extremespeed, flareblitz, headsmash] ttype=normal
INFO     	         komala     comatose  assaultvest [bodyslam, knockoff, rapidspin, uturn] ttype=ghost
INFO     Sampling battle 2
INFO     	sinistchamasterpiece    heatproof         None [calmmind, matchagotcha, shadowball, strengthsap] ttype=steel
INFO     	        malamar     contrary  chestoberry [knockoff, psychocut, rest, superpower] ttype=steel
INFO     	      ceruledge    weakarmor heavydutyboots [bitterblade, closecombat, poltergeist, swordsdance] ttype=fire
INFO     	     mabosstiff     stakeout   choiceband [crunch, playrough, psychicfangs, wildcharge] ttype=dark
INFO     Sampling 2 unrevealed pokemon
INFO     	        ogerpon      defiant    leftovers [encore, ivycudgel, knockoff, spikes] ttype=grass
INFO     	      coalossal    flamebody heavydutyboots [flamethrower, spikes, stealthrock, stoneedge] ttype=water
INFO     Sampling battle 3
INFO     	sinistchamasterpiece    heatproof         None [calmmind, matchagotcha, shadowball, strengthsap] ttype=steel
INFO     	        malamar     contrary    leftovers [knockoff, rest, sleeptalk, superpower] ttype=steel
INFO     	      ceruledge    weakarmor heavydutyboots [bitterblade, closecombat, poltergeist, swordsdance] ttype=fighting
INFO     	     mabosstiff     stakeout   choiceband [crunch, playrough, psychicfangs, wildcharge] ttype=fairy
INFO     Sampling 2 unrevealed pokemon
INFO     	          azelf     levitate  choicespecs [dazzlinggleam, fireblast, psyshock, uturn] ttype=psychic
INFO     	         scizor   technician    leftovers [bulletpunch, closecombat, defog, knockoff] ttype=dragon
INFO     Sampling battle 4
INFO     	sinistchamasterpiece    heatproof         None [calmmind, matchagotcha, shadowball, strengthsap] ttype=steel
INFO     	        malamar     contrary    leftovers [knockoff, rest, sleeptalk, superpower] ttype=poison
INFO     	      ceruledge    weakarmor heavydutyboots [bitterblade, closecombat, poltergeist, swordsdance] ttype=fire
INFO     	     mabosstiff     stakeout   choiceband [crunch, playrough, psychicfangs, wildcharge] ttype=fairy
INFO     Sampling 2 unrevealed pokemon
INFO     	          arbok   intimidate    leftovers [coil, earthquake, gunkshot, trailblaze] ttype=ground
INFO     	      hitmontop   technician    leftovers [bulkup, closecombat, rapidspin, tripleaxel] ttype=ice
INFO     Sampling battle 5
INFO     	sinistchamasterpiece    heatproof         None [calmmind, matchagotcha, shadowball, strengthsap] ttype=steel
INFO     	        malamar     contrary  chestoberry [knockoff, psychocut, rest, superpower] ttype=poison
INFO     	      ceruledge    weakarmor heavydutyboots [bitterblade, poltergeist, shadowsneak, swordsdance] ttype=fire
INFO     	     mabosstiff     stakeout   choiceband [crunch, playrough, psychicfangs, wildcharge] ttype=dark
INFO     Sampling 2 unrevealed pokemon
INFO     	         gogoat    sapsipper    leftovers [bulkup, earthquake, hornleech, milkdrink] ttype=ground
INFO     	 arceusfighting    multitype    fistplate [bodypress, cosmicpower, recover, storedpower] ttype=steel
INFO     Sampling battle 6
INFO     	sinistchamasterpiece    heatproof         None [calmmind, matchagotcha, shadowball, strengthsap] ttype=steel
INFO     	        malamar     contrary  chestoberry [knockoff, psychocut, rest, superpower] ttype=steel
INFO     	      ceruledge    weakarmor heavydutyboots [bitterblade, poltergeist, shadowsneak, swordsdance] ttype=ghost
INFO     	     mabosstiff     stakeout   choiceband [crunch, playrough, psychicfangs, wildcharge] ttype=dark
INFO     Sampling 2 unrevealed pokemon
INFO     	     typhlosion        blaze  choicespecs [eruption, fireblast, focusblast, scorchingsands] ttype=fire
INFO     	      piloswine     thickfat     eviolite [earthquake, iceshard, iciclecrash, roar] ttype=poison
INFO     Sampling battle 7
INFO     	sinistchamasterpiece    heatproof         None [calmmind, matchagotcha, shadowball, strengthsap] ttype=steel
INFO     	        malamar     contrary    leftovers [knockoff, rest, sleeptalk, superpower] ttype=fighting
INFO     	      ceruledge    weakarmor heavydutyboots [bitterblade, closecombat, poltergeist, swordsdance] ttype=ghost
INFO     	     mabosstiff     stakeout   choiceband [crunch, playrough, psychicfangs, wildcharge] ttype=fairy
INFO     Sampling 2 unrevealed pokemon
INFO     	       meowstic    prankster    lightclay [lightscreen, psychicnoise, reflect, thunderwave] ttype=fairy
INFO     	       reshiram   turboblaze heavydutyboots [blueflare, dracometeor, dragontail, earthpower] ttype=fire
INFO     Sampling battle 8
INFO     	sinistchamasterpiece    heatproof         None [calmmind, matchagotcha, shadowball, strengthsap] ttype=steel
INFO     	        malamar     contrary  chestoberry [knockoff, psychocut, rest, superpower] ttype=steel
INFO     	      ceruledge    weakarmor heavydutyboots [bitterblade, closecombat, poltergeist, swordsdance] ttype=fighting
INFO     	     mabosstiff     stakeout   choiceband [crunch, playrough, psychicfangs, wildcharge] ttype=fairy
INFO     Sampling 2 unrevealed pokemon
INFO     	 arceusfighting    multitype    fistplate [bodypress, irondefense, recover, shadowball] ttype=steel
INFO     	         zacian intrepidsword      lifeorb [closecombat, crunch, playrough, swordsdance] ttype=fighting
INFO     Sampling battle 9
INFO     	sinistchamasterpiece    heatproof         None [calmmind, matchagotcha, shadowball, strengthsap] ttype=steel
INFO     	        malamar     contrary    leftovers [knockoff, rest, sleeptalk, superpower] ttype=fighting
INFO     	      ceruledge    weakarmor heavydutyboots [bitterblade, closecombat, poltergeist, swordsdance] ttype=fighting
INFO     	     mabosstiff     stakeout   choiceband [crunch, playrough, psychicfangs, wildcharge] ttype=fairy
INFO     Sampling 2 unrevealed pokemon
INFO     	       skarmory       sturdy    leftovers [bodypress, bravebird, irondefense, roost] ttype=fighting
INFO     	       clefable   magicguard      lifeorb [calmmind, fireblast, moonblast, moonlight] ttype=steel
INFO     Sampling battle 10
INFO     	sinistchamasterpiece    heatproof         None [calmmind, matchagotcha, shadowball, strengthsap] ttype=steel
INFO     	        malamar     contrary    leftovers [knockoff, rest, sleeptalk, superpower] ttype=poison
INFO     	      ceruledge    weakarmor heavydutyboots [bitterblade, poltergeist, shadowsneak, swordsdance] ttype=fire
INFO     	     mabosstiff     stakeout   choiceband [crunch, playrough, psychicfangs, wildcharge] ttype=dark
INFO     Sampling 2 unrevealed pokemon
INFO     	      lilligant  chlorophyll      lifeorb [gigadrain, quiverdance, sleeppowder, terablast] ttype=fire
INFO     	       politoed      drizzle  choicespecs [focusblast, hydropump, icebeam, weatherball] ttype=water
INFO     Sampling battle 11
INFO     	sinistchamasterpiece    heatproof         None [calmmind, matchagotcha, shadowball, strengthsap] ttype=steel
INFO     	        malamar     contrary    leftovers [knockoff, rest, sleeptalk, superpower] ttype=poison
INFO     	      ceruledge    weakarmor heavydutyboots [bitterblade, poltergeist, shadowsneak, swordsdance] ttype=fire
INFO     	     mabosstiff     stakeout   choiceband [crunch, playrough, psychicfangs, wildcharge] ttype=fairy
INFO     Sampling 2 unrevealed pokemon
INFO     	      indeedeef psychicsurge  choicescarf [dazzlinggleam, healingwish, hypervoice, psyshock] ttype=fairy
INFO     	     chesnaught  bulletproof    leftovers [bodypress, knockoff, synthesis, woodhammer] ttype=water
INFO     Sampling battle 12
INFO     	sinistchamasterpiece    heatproof         None [calmmind, matchagotcha, shadowball, strengthsap] ttype=steel
INFO     	        malamar     contrary    leftovers [knockoff, rest, sleeptalk, superpower] ttype=fighting
INFO     	      ceruledge    weakarmor heavydutyboots [bitterblade, poltergeist, shadowsneak, swordsdance] ttype=fire
INFO     	     mabosstiff     stakeout   choiceband [crunch, playrough, psychicfangs, wildcharge] ttype=dark
INFO     Sampling 2 unrevealed pokemon
INFO     	      hippowdon   sandstream    leftovers [curse, earthquake, slackoff, stoneedge] ttype=steel
INFO     	        flapple       hustle   choiceband [gravapple, outrage, suckerpunch, uturn] ttype=steel
INFO     Sampling battle 13
INFO     	sinistchamasterpiece    heatproof         None [calmmind, matchagotcha, shadowball, strengthsap] ttype=steel
INFO     	        malamar     contrary    leftovers [knockoff, rest, sleeptalk, superpower] ttype=steel
INFO     	      ceruledge    weakarmor heavydutyboots [bitterblade, poltergeist, shadowsneak, swordsdance] ttype=fire
INFO     	     mabosstiff     stakeout   choiceband [crunch, playrough, psychicfangs, wildcharge] ttype=dark
INFO     Sampling 2 unrevealed pokemon
INFO     	    arceusfairy    multitype   pixieplate [calmmind, earthpower, judgment, recover] ttype=steel
INFO     	      cresselia     levitate    leftovers [calmmind, moonlight, psyshock, thunderbolt] ttype=electric
INFO     Sampling battle 14
INFO     	sinistchamasterpiece    heatproof         None [calmmind, matchagotcha, shadowball, strengthsap] ttype=steel
INFO     	        malamar     contrary    leftovers [knockoff, rest, sleeptalk, superpower] ttype=poison
INFO     	      ceruledge    weakarmor heavydutyboots [bitterblade, poltergeist, shadowsneak, swordsdance] ttype=fire
INFO     	     mabosstiff     stakeout   choiceband [crunch, playrough, psychicfangs, wildcharge] ttype=fairy
INFO     Sampling 2 unrevealed pokemon
INFO     	      quaquaval        moxie   choiceband [aquastep, closecombat, knockoff, tripleaxel] ttype=water
INFO     	         deoxys     pressure      lifeorb [extremespeed, knockoff, psychoboost, superpower] ttype=psychic
INFO     Sampling battle 15
INFO     	sinistchamasterpiece    heatproof         None [calmmind, matchagotcha, shadowball, strengthsap] ttype=steel
INFO     	        malamar     contrary  chestoberry [knockoff, psychocut, rest, superpower] ttype=fighting
INFO     	      ceruledge    weakarmor heavydutyboots [bitterblade, closecombat, poltergeist, swordsdance] ttype=fire
INFO     	     mabosstiff     stakeout   choiceband [crunch, playrough, psychicfangs, wildcharge] ttype=dark
INFO     Sampling 2 unrevealed pokemon
INFO     	       hariyama     thickfat  assaultvest [closecombat, headlongrush, heavyslam, knockoff] ttype=steel
INFO     	       meowstic    prankster    lightclay [alluringvoice, lightscreen, psychicnoise, reflect] ttype=fairy
INFO     Searching for a move using MCTS...
INFO     Sampling 16 battles at 500ms each
INFO     Choice: bodypress
INFO     Updated sinistchamasterpiece's min speed to 138
INFO     sinistchamasterpiece used two different moves - it cannot have a choice item
INFO     sinistchamasterpiece using calmmind makes it unlikely to have a choice item. Setting can_have_choice_item to False
INFO     sinistchamasterpiece used a status-move. Adding `assaultvest` to impossible items
INFO     Setting sinistchamasterpiece's last used move: calmmind
INFO     sinistchamasterpiece's special-attack was boosted by 1 to 1
INFO     sinistchamasterpiece's special-defense was boosted by 1 to 1
INFO     regice already has the move bodypress. Decrementing the PP by 1
INFO     regice used a fighting move, removing fightinggem from possible items
INFO     Setting regice's last used move: bodypress
INFO     regice used a damaging move - not guessing lifeorb anymore
INFO     regice did 40.0% damage to sinistchamasterpiece with bodypress
INFO     sinistchamasterpiece has less than maxhp during upkeep, no longer guessing leftovers or blacksludge
INFO     
INFO     Turn: 11
INFO     loaded 12 player and 0 effective opponent priors
INFO     Sampling battle 0
INFO     	sinistchamasterpiece    heatproof         None [calmmind, matchagotcha, shadowball, strengthsap] ttype=steel
INFO     	        malamar     contrary    leftovers [knockoff, rest, sleeptalk, superpower] ttype=poison
INFO     	      ceruledge    weakarmor heavydutyboots [bitterblade, closecombat, poltergeist, swordsdance] ttype=ghost
INFO     	     mabosstiff     stakeout   choiceband [crunch, playrough, psychicfangs, wildcharge] ttype=fairy
INFO     Sampling 2 unrevealed pokemon
INFO     	         kyogre      drizzle  choicescarf [icebeam, originpulse, thunder, waterspout] ttype=water
INFO     	      lilligant     owntempo      lifeorb [alluringvoice, petaldance, quiverdance, sleeppowder] ttype=grass
INFO     Sampling battle 1
INFO     	sinistchamasterpiece    heatproof         None [calmmind, matchagotcha, shadowball, strengthsap] ttype=steel
INFO     	        malamar     contrary    leftovers [knockoff, rest, sleeptalk, superpower] ttype=steel
INFO     	      ceruledge    weakarmor heavydutyboots [bitterblade, closecombat, poltergeist, swordsdance] ttype=ghost
INFO     	     mabosstiff     stakeout   choiceband [crunch, playrough, psychicfangs, wildcharge] ttype=fairy
INFO     Sampling 2 unrevealed pokemon
INFO     	         eiscue      iceface  sitrusberry [bellydrum, icespinner, liquidation, terablast] ttype=electric
INFO     	      garganacl purifyingsalt    leftovers [earthquake, protect, recover, saltcure] ttype=ghost
INFO     Sampling battle 2
INFO     	sinistchamasterpiece    heatproof         None [calmmind, matchagotcha, shadowball, strengthsap] ttype=steel
INFO     	        malamar     contrary  chestoberry [knockoff, psychocut, rest, superpower] ttype=fighting
INFO     	      ceruledge    weakarmor heavydutyboots [bitterblade, closecombat, poltergeist, swordsdance] ttype=fire
INFO     	     mabosstiff     stakeout   choiceband [crunch, playrough, psychicfangs, wildcharge] ttype=fairy
INFO     Sampling 2 unrevealed pokemon
INFO     	       delibird       hustle heavydutyboots [bravebird, drillrun, icespinner, spikes] ttype=ground
INFO     	        noivern  infiltrator heavydutyboots [dracometeor, flamethrower, hurricane, roost] ttype=fire
INFO     Sampling battle 3
INFO     	sinistchamasterpiece    heatproof         None [calmmind, matchagotcha, shadowball, strengthsap] ttype=steel
INFO     	        malamar     contrary    leftovers [knockoff, rest, sleeptalk, superpower] ttype=poison
INFO     	      ceruledge    weakarmor heavydutyboots [bitterblade, closecombat, poltergeist, swordsdance] ttype=fighting
INFO     	     mabosstiff     stakeout   choiceband [crunch, playrough, psychicfangs, wildcharge] ttype=dark
INFO     Sampling 2 unrevealed pokemon
INFO     	      hitmonlee     reckless  choicescarf [highjumpkick, knockoff, poisonjab, stoneedge] ttype=fighting
INFO     	       floatzel    waterveil    leftovers [bulkup, icespinner, taunt, wavecrash] ttype=steel
INFO     Sampling battle 4
INFO     	sinistchamasterpiece    heatproof         None [calmmind, matchagotcha, shadowball, strengthsap] ttype=steel
INFO     	        malamar     contrary  chestoberry [knockoff, psychocut, rest, superpower] ttype=fighting
INFO     	      ceruledge    weakarmor heavydutyboots [bitterblade, closecombat, poltergeist, swordsdance] ttype=fire
INFO     	     mabosstiff     stakeout   choiceband [crunch, playrough, psychicfangs, wildcharge] ttype=fairy
INFO     Sampling 2 unrevealed pokemon
INFO     	        dewgong     thickfat  assaultvest [flipturn, icebeam, knockoff, surf] ttype=steel
INFO     	 lilliganthisui       hustle     widelens [closecombat, leafblade, sleeppowder, victorydance] ttype=steel
INFO     Sampling battle 5
INFO     	sinistchamasterpiece    heatproof         None [calmmind, matchagotcha, shadowball, strengthsap] ttype=steel
INFO     	        malamar     contrary    leftovers [knockoff, rest, sleeptalk, superpower] ttype=steel
INFO     	      ceruledge    weakarmor heavydutyboots [bitterblade, closecombat, poltergeist, swordsdance] ttype=ghost
INFO     	     mabosstiff     stakeout   choiceband [crunch, playrough, psychicfangs, wildcharge] ttype=fairy
INFO     Sampling 2 unrevealed pokemon
INFO     	       orthworm   eartheater  chestoberry [bodypress, coil, irontail, rest] ttype=fighting
INFO     	     victreebel  chlorophyll      lifeorb [poisonjab, powerwhip, suckerpunch, swordsdance] ttype=grass
INFO     Sampling battle 6
INFO     	sinistchamasterpiece    heatproof         None [calmmind, matchagotcha, shadowball, strengthsap] ttype=steel
INFO     	        malamar     contrary  chestoberry [knockoff, psychocut, rest, superpower] ttype=steel
INFO     	      ceruledge    weakarmor heavydutyboots [bitterblade, closecombat, poltergeist, swordsdance] ttype=fighting
INFO     	     mabosstiff     stakeout   choiceband [crunch, playrough, psychicfangs, wildcharge] ttype=fairy
INFO     Sampling 2 unrevealed pokemon
INFO     	       sunflora  chlorophyll      lifeorb [earthpower, solarbeam, sunnyday, weatherball] ttype=fire
INFO     	       tornadus    prankster  choicespecs [bleakwindstorm, focusblast, grassknot, heatwave] ttype=fire
INFO     Sampling battle 7
INFO     	sinistchamasterpiece    heatproof         None [calmmind, matchagotcha, shadowball, strengthsap] ttype=steel
INFO     	        malamar     contrary  chestoberry [knockoff, psychocut, rest, superpower] ttype=steel
INFO     	      ceruledge    weakarmor heavydutyboots [bitterblade, poltergeist, shadowsneak, swordsdance] ttype=fire
INFO     	     mabosstiff     stakeout   choiceband [crunch, playrough, psychicfangs, wildcharge] ttype=dark
INFO     Sampling 2 unrevealed pokemon
INFO     	ogerponwellspring  waterabsorb wellspringmask [ivycudgel, synthesis, uturn, woodhammer] ttype=water
INFO     	        gurdurr         guts     eviolite [defog, drainpunch, knockoff, machpunch] ttype=steel
INFO     Sampling battle 8
INFO     	sinistchamasterpiece    heatproof         None [calmmind, matchagotcha, shadowball, strengthsap] ttype=steel
INFO     	        malamar     contrary    leftovers [knockoff, rest, sleeptalk, superpower] ttype=poison
INFO     	      ceruledge    weakarmor heavydutyboots [bitterblade, closecombat, poltergeist, swordsdance] ttype=fighting
INFO     	     mabosstiff     stakeout   choiceband [crunch, playrough, psychicfangs, wildcharge] ttype=fairy
INFO     Sampling 2 unrevealed pokemon
INFO     	        spidops     stakeout heavydutyboots [circlethrow, spikes, stickyweb, toxicspikes] ttype=ghost
INFO     	  arceuspsychic    multitype    mindplate [bodypress, cosmicpower, recover, storedpower] ttype=steel
INFO     Sampling battle 9
INFO     	sinistchamasterpiece    heatproof         None [calmmind, matchagotcha, shadowball, strengthsap] ttype=steel
INFO     	        malamar     contrary    leftovers [knockoff, rest, sleeptalk, superpower] ttype=fighting
INFO     	      ceruledge    weakarmor heavydutyboots [bitterblade, closecombat, poltergeist, swordsdance] ttype=fighting
INFO     	     mabosstiff     stakeout   choiceband [crunch, playrough, psychicfangs, wildcharge] ttype=fairy
INFO     Sampling 2 unrevealed pokemon
INFO     	lycanrocmidnight      noguard   choiceband [closecombat, knockoff, playrough, stoneedge] ttype=fighting
INFO     	       venomoth   tintedlens heavydutyboots [bugbuzz, quiverdance, sleeppowder, sludgewave] ttype=poison
INFO     Sampling battle 10
INFO     	sinistchamasterpiece    heatproof         None [calmmind, matchagotcha, shadowball, strengthsap] ttype=steel
INFO     	        malamar     contrary  chestoberry [knockoff, psychocut, rest, superpower] ttype=poison
INFO     	      ceruledge    weakarmor heavydutyboots [bitterblade, poltergeist, shadowsneak, swordsdance] ttype=ghost
INFO     	     mabosstiff     stakeout   choiceband [crunch, playrough, psychicfangs, wildcharge] ttype=dark
INFO     Sampling 2 unrevealed pokemon
INFO     	         tauros   sheerforce      lifeorb [bodyslam, closecombat, earthquake, throatchop] ttype=ground
INFO     	       garchomp    roughskin   loadeddice [earthquake, ironhead, scaleshot, swordsdance] ttype=steel
INFO     Sampling battle 11
INFO     	sinistchamasterpiece    heatproof         None [calmmind, matchagotcha, shadowball, strengthsap] ttype=steel
INFO     	        malamar     contrary    leftovers [knockoff, rest, sleeptalk, superpower] ttype=steel
INFO     	      ceruledge    weakarmor heavydutyboots [bitterblade, closecombat, poltergeist, swordsdance] ttype=ghost
INFO     	     mabosstiff     stakeout   choiceband [crunch, playrough, psychicfangs, wildcharge] ttype=dark
INFO     Sampling 2 unrevealed pokemon
INFO     	         kommoo   soundproof   loadeddice [closecombat, ironhead, scaleshot, swordsdance] ttype=steel
INFO     	       enamorus    cutecharm heavydutyboots [calmmind, earthpower, moonblast, mysticalfire] ttype=ground
INFO     Sampling battle 12
INFO     	sinistchamasterpiece    heatproof         None [calmmind, matchagotcha, shadowball, strengthsap] ttype=steel
INFO     	        malamar     contrary  chestoberry [knockoff, psychocut, rest, superpower] ttype=fighting
INFO     	      ceruledge    weakarmor heavydutyboots [bitterblade, poltergeist, shadowsneak, swordsdance] ttype=fire
INFO     	     mabosstiff     stakeout   choiceband [crunch, playrough, psychicfangs, wildcharge] ttype=dark
INFO     Sampling 2 unrevealed pokemon
INFO     	tornadustherian  regenerator  choicespecs [bleakwindstorm, focusblast, grassknot, uturn] ttype=flying
INFO     	        pikachu lightningrod    lightball [knockoff, surf, voltswitch, volttackle] ttype=water
INFO     Sampling battle 13
INFO     	sinistchamasterpiece    heatproof         None [calmmind, matchagotcha, shadowball, strengthsap] ttype=steel
INFO     	        malamar     contrary  chestoberry [knockoff, psychocut, rest, superpower] ttype=poison
INFO     	      ceruledge    weakarmor heavydutyboots [bitterblade, closecombat, poltergeist, swordsdance] ttype=ghost
INFO     	     mabosstiff     stakeout   choiceband [crunch, playrough, psychicfangs, wildcharge] ttype=fairy
INFO     Sampling 2 unrevealed pokemon
INFO     	        carbink       sturdy  chestoberry [bodypress, irondefense, moonblast, rest] ttype=fighting
INFO     	       regirock    clearbody  chestoberry [bodypress, curse, rest, stoneedge] ttype=fighting
INFO     Sampling battle 14
INFO     	sinistchamasterpiece    heatproof         None [calmmind, matchagotcha, shadowball, strengthsap] ttype=steel
INFO     	        malamar     contrary  chestoberry [knockoff, psychocut, rest, superpower] ttype=poison
INFO     	      ceruledge    weakarmor heavydutyboots [bitterblade, closecombat, poltergeist, swordsdance] ttype=fighting
INFO     	     mabosstiff     stakeout   choiceband [crunch, playrough, psychicfangs, wildcharge] ttype=fairy
INFO     Sampling 2 unrevealed pokemon
INFO     	      hatterene  magicbounce    leftovers [calmmind, drainingkiss, mysticalfire, psychic] ttype=fairy
INFO     	         zacian intrepidsword      lifeorb [closecombat, playrough, psychicfangs, swordsdance] ttype=fighting
INFO     Sampling battle 15
INFO     	sinistchamasterpiece    heatproof         None [calmmind, matchagotcha, shadowball, strengthsap] ttype=steel
INFO     	        malamar     contrary  chestoberry [knockoff, psychocut, rest, superpower] ttype=poison
INFO     	      ceruledge    weakarmor heavydutyboots [bitterblade, poltergeist, shadowsneak, swordsdance] ttype=fire
INFO     	     mabosstiff     stakeout   choiceband [crunch, playrough, psychicfangs, wildcharge] ttype=dark
INFO     Sampling 2 unrevealed pokemon
INFO     	      gardevoir        trace  choicescarf [moonblast, mysticalfire, psyshock, trick] ttype=fire
INFO     	         pawmot     ironfist      lifeorb [closecombat, doubleshock, icepunch, revivalblessing] ttype=electric
INFO     Searching for a move using MCTS...
INFO     Sampling 16 battles at 500ms each
INFO     Choice: bodypress
INFO     Updated sinistchamasterpiece's min speed to 138
INFO     sinistchamasterpiece already has the move matchagotcha. Decrementing the PP by 1
INFO     sinistchamasterpiece used two different moves - it cannot have a choice item
INFO     sinistchamasterpiece used a grass move, removing grassgem from possible items
INFO     Setting sinistchamasterpiece's last used move: matchagotcha
INFO     sinistchamasterpiece used a damaging move - not guessing lifeorb anymore
INFO     sinistchamasterpiece did 27.46% damage to regice with matchagotcha
INFO     regice already has the move bodypress. Decrementing the PP by 1
INFO     regice used a fighting move, removing fightinggem from possible items
INFO     Setting regice's last used move: bodypress
INFO     regice used a damaging move - not guessing lifeorb anymore
INFO     regice did 47.0% damage to sinistchamasterpiece with bodypress
INFO     sinistchamasterpiece has less than maxhp during upkeep, no longer guessing leftovers or blacksludge
INFO     
INFO     Turn: 12
INFO     loaded 12 player and 0 effective opponent priors
INFO     Sampling battle 0
INFO     	sinistchamasterpiece    heatproof         None [calmmind, matchagotcha, shadowball, strengthsap] ttype=steel
INFO     	        malamar     contrary    leftovers [knockoff, rest, sleeptalk, superpower] ttype=steel
INFO     	      ceruledge    weakarmor heavydutyboots [bitterblade, poltergeist, shadowsneak, swordsdance] ttype=fire
INFO     	     mabosstiff     stakeout   choiceband [crunch, playrough, psychicfangs, wildcharge] ttype=dark
INFO     Sampling 2 unrevealed pokemon
INFO     	         dialga     pressure    leftovers [dracometeor, fireblast, heavyslam, thunderwave] ttype=steel
INFO     	       rotommow     levitate    leftovers [leafstorm, nastyplot, thunderbolt, willowisp] ttype=electric
INFO     Sampling battle 1
INFO     	sinistchamasterpiece    heatproof         None [calmmind, matchagotcha, shadowball, strengthsap] ttype=steel
INFO     	        malamar     contrary  chestoberry [knockoff, psychocut, rest, superpower] ttype=fighting
INFO     	      ceruledge    weakarmor heavydutyboots [bitterblade, poltergeist, shadowsneak, swordsdance] ttype=ghost
INFO     	     mabosstiff     stakeout   choiceband [crunch, playrough, psychicfangs, wildcharge] ttype=dark
INFO     Sampling 2 unrevealed pokemon
INFO     	      pachirisu   voltabsorb heavydutyboots [discharge, encore, superfang, uturn] ttype=flying
INFO     	   dugtrioalola tanglinghair   choiceband [earthquake, ironhead, stoneedge, suckerpunch] ttype=ground
INFO     Sampling battle 2
INFO     	sinistchamasterpiece    heatproof         None [calmmind, matchagotcha, shadowball, strengthsap] ttype=steel
INFO     	        malamar     contrary  chestoberry [knockoff, psychocut, rest, superpower] ttype=fighting
INFO     	      ceruledge    weakarmor heavydutyboots [bitterblade, poltergeist, shadowsneak, swordsdance] ttype=ghost
INFO     	     mabosstiff     stakeout   choiceband [crunch, playrough, psychicfangs, wildcharge] ttype=fairy
INFO     Sampling 2 unrevealed pokemon
INFO     	 electrodehisui   soundproof    leftovers [gigadrain, leechseed, substitute, thunderbolt] ttype=poison
INFO     	      excadrill  moldbreaker  assaultvest [earthquake, ironhead, rapidspin, rockslide] ttype=grass
INFO     Sampling battle 3
INFO     	sinistchamasterpiece    heatproof         None [calmmind, matchagotcha, shadowball, strengthsap] ttype=steel
INFO     	        malamar     contrary  chestoberry [knockoff, psychocut, rest, superpower] ttype=steel
INFO     	      ceruledge    weakarmor heavydutyboots [bitterblade, closecombat, poltergeist, swordsdance] ttype=fighting
INFO     	     mabosstiff     stakeout   choiceband [crunch, playrough, psychicfangs, wildcharge] ttype=dark
INFO     Sampling 2 unrevealed pokemon
INFO     	        chansey  naturalcure     eviolite [seismictoss, softboiled, stealthrock, thunderwave] ttype=fairy
INFO     	  slowkinggalar  regenerator    leftovers [psyshock, slackoff, sludgebomb, thunderwave] ttype=fairy
INFO     Sampling battle 4
INFO     	sinistchamasterpiece    heatproof         None [calmmind, matchagotcha, shadowball, strengthsap] ttype=steel
INFO     	        malamar     contrary  chestoberry [knockoff, psychocut, rest, superpower] ttype=steel
INFO     	      ceruledge    weakarmor heavydutyboots [bitterblade, closecombat, poltergeist, swordsdance] ttype=fighting
INFO     	     mabosstiff     stakeout   choiceband [crunch, playrough, psychicfangs, wildcharge] ttype=fairy
INFO     Sampling 2 unrevealed pokemon
INFO     	taurospaldeaaqua      cudchew  sitrusberry [bulkup, closecombat, liquidation, substitute] ttype=water
INFO     	      arceusbug    multitype  insectplate [calmmind, fireblast, judgment, recover] ttype=fire
INFO     Sampling battle 5
INFO     	sinistchamasterpiece    heatproof         None [calmmind, matchagotcha, shadowball, strengthsap] ttype=steel
INFO     	        malamar     contrary  chestoberry [knockoff, psychocut, rest, superpower] ttype=fighting
INFO     	      ceruledge    weakarmor heavydutyboots [bitterblade, closecombat, poltergeist, swordsdance] ttype=fire
INFO     	     mabosstiff     stakeout   choiceband [crunch, playrough, psychicfangs, wildcharge] ttype=dark
INFO     Sampling 2 unrevealed pokemon
INFO     	      vespiquen     pressure heavydutyboots [hurricane, roost, toxic, uturn] ttype=steel
INFO     	   weezinggalar     levitate    leftovers [gunkshot, painsplit, strangesteam, willowisp] ttype=steel
INFO     Sampling battle 6
INFO     	sinistchamasterpiece    heatproof         None [calmmind, matchagotcha, shadowball, strengthsap] ttype=steel
INFO     	        malamar     contrary  chestoberry [knockoff, psychocut, rest, superpower] ttype=steel
INFO     	      ceruledge    weakarmor heavydutyboots [bitterblade, poltergeist, shadowsneak, swordsdance] ttype=fire
INFO     	     mabosstiff     stakeout   choiceband [crunch, playrough, psychicfangs, wildcharge] ttype=fairy
INFO     Sampling 2 unrevealed pokemon
INFO     	       appletun     thickfat    leftovers [appleacid, dracometeor, dragontail, recover] ttype=steel
INFO     	    fezandipiti   toxicchain    leftovers [gunkshot, playrough, swordsdance, terablast] ttype=ground
INFO     Sampling battle 7
INFO     	sinistchamasterpiece    heatproof         None [calmmind, matchagotcha, shadowball, strengthsap] ttype=steel
INFO     	        malamar     contrary    leftovers [knockoff, rest, sleeptalk, superpower] ttype=poison
INFO     	      ceruledge    weakarmor heavydutyboots [bitterblade, poltergeist, shadowsneak, swordsdance] ttype=fire
INFO     	     mabosstiff     stakeout   choiceband [crunch, playrough, psychicfangs, wildcharge] ttype=fairy
INFO     Sampling 2 unrevealed pokemon
INFO     	      ironhands   quarkdrive  assaultvest [drainpunch, fakeout, voltswitch, wildcharge] ttype=electric
INFO     	      probopass   magnetpull    leftovers [bodypress, irondefense, powergem, thunderwave] ttype=fighting
INFO     Sampling battle 8
INFO     	sinistchamasterpiece    heatproof         None [calmmind, matchagotcha, shadowball, strengthsap] ttype=steel
INFO     	        malamar     contrary    leftovers [knockoff, rest, sleeptalk, superpower] ttype=steel
INFO     	      ceruledge    weakarmor heavydutyboots [bitterblade, closecombat, poltergeist, swordsdance] ttype=fighting
INFO     	     mabosstiff     stakeout   choiceband [crunch, playrough, psychicfangs, wildcharge] ttype=fairy
INFO     Sampling 2 unrevealed pokemon
INFO     	enamorustherian     overcoat  assaultvest [earthpower, moonblast, mysticalfire, superpower] ttype=fairy
INFO     	        altaria  naturalcure heavydutyboots [bravebird, dragondance, earthquake, roost] ttype=steel
INFO     Sampling battle 9
INFO     	sinistchamasterpiece    heatproof         None [calmmind, matchagotcha, shadowball, strengthsap] ttype=steel
INFO     	        malamar     contrary    leftovers [knockoff, rest, sleeptalk, superpower] ttype=steel
INFO     	      ceruledge    weakarmor heavydutyboots [bitterblade, closecombat, poltergeist, swordsdance] ttype=ghost
INFO     	     mabosstiff     stakeout   choiceband [crunch, playrough, psychicfangs, wildcharge] ttype=dark
INFO     Sampling 2 unrevealed pokemon
INFO     	        lanturn   voltabsorb heavydutyboots [scald, thunderbolt, thunderwave, voltswitch] ttype=flying
INFO     	 decidueyehisui      scrappy    leftovers [defog, leafblade, roost, triplearrows] ttype=water
INFO     Sampling battle 10
INFO     	sinistchamasterpiece    heatproof         None [calmmind, matchagotcha, shadowball, strengthsap] ttype=steel
INFO     	        malamar     contrary  chestoberry [knockoff, psychocut, rest, superpower] ttype=poison
INFO     	      ceruledge    weakarmor heavydutyboots [bitterblade, closecombat, poltergeist, swordsdance] ttype=ghost
INFO     	     mabosstiff     stakeout   choiceband [crunch, playrough, psychicfangs, wildcharge] ttype=fairy
INFO     Sampling 2 unrevealed pokemon
INFO     	    kyuremblack     teravolt   loadeddice [dragondance, iciclespear, scaleshot, terablast] ttype=ground
INFO     	      toucannon    skilllink heavydutyboots [beakblast, boomburst, bulletseed, roost] ttype=steel
INFO     Sampling battle 11
INFO     	sinistchamasterpiece    heatproof         None [calmmind, matchagotcha, shadowball, strengthsap] ttype=steel
INFO     	        malamar     contrary    leftovers [knockoff, rest, sleeptalk, superpower] ttype=poison
INFO     	      ceruledge    weakarmor heavydutyboots [bitterblade, closecombat, poltergeist, swordsdance] ttype=fighting
INFO     	     mabosstiff     stakeout   choiceband [crunch, playrough, psychicfangs, wildcharge] ttype=fairy
INFO     Sampling 2 unrevealed pokemon
INFO     	      revavroom       filter      lifeorb [gunkshot, highhorsepower, ironhead, shiftgear] ttype=ground
INFO     	      gastrodon   stormdrain    leftovers [clearsmog, earthquake, icebeam, recover] ttype=poison
INFO     Sampling battle 12
INFO     	sinistchamasterpiece    heatproof         None [calmmind, matchagotcha, shadowball, strengthsap] ttype=steel
INFO     	        malamar     contrary  chestoberry [knockoff, psychocut, rest, superpower] ttype=poison
INFO     	      ceruledge    weakarmor heavydutyboots [bitterblade, closecombat, poltergeist, swordsdance] ttype=fire
INFO     	     mabosstiff     stakeout   choiceband [crunch, playrough, psychicfangs, wildcharge] ttype=dark
INFO     Sampling 2 unrevealed pokemon
INFO     	       medicham    purepower   choiceband [bulletpunch, closecombat, icepunch, zenheadbutt] ttype=fighting
INFO     	        dewgong     thickfat  assaultvest [flipturn, knockoff, surf, tripleaxel] ttype=dragon
INFO     Sampling battle 13
INFO     	sinistchamasterpiece    heatproof         None [calmmind, matchagotcha, shadowball, strengthsap] ttype=steel
INFO     	        malamar     contrary  chestoberry [knockoff, psychocut, rest, superpower] ttype=steel
INFO     	      ceruledge    weakarmor heavydutyboots [bitterblade, closecombat, poltergeist, swordsdance] ttype=ghost
INFO     	     mabosstiff     stakeout   choiceband [crunch, playrough, psychicfangs, wildcharge] ttype=fairy
INFO     Sampling 2 unrevealed pokemon
INFO     	    slitherwing protosynthesis heavydutyboots [closecombat, morningsun, uturn, willowisp] ttype=steel
INFO     	         lapras  waterabsorb  choicespecs [freezedry, hydropump, icebeam, sparklingaria] ttype=water
INFO     Sampling battle 14
INFO     	sinistchamasterpiece    heatproof         None [calmmind, matchagotcha, shadowball, strengthsap] ttype=steel
INFO     	        malamar     contrary    leftovers [knockoff, rest, sleeptalk, superpower] ttype=steel
INFO     	      ceruledge    weakarmor heavydutyboots [bitterblade, poltergeist, shadowsneak, swordsdance] ttype=fire
INFO     	     mabosstiff     stakeout   choiceband [crunch, playrough, psychicfangs, wildcharge] ttype=dark
INFO     Sampling 2 unrevealed pokemon
INFO     	        wugtrio        gooey   choiceband [aquajet, liquidation, stompingtantrum, throatchop] ttype=water
INFO     	 electrodehisui    aftermath      lifeorb [gigadrain, thunderbolt, thunderwave, voltswitch] ttype=electric
INFO     Sampling battle 15
INFO     	sinistchamasterpiece    heatproof         None [calmmind, matchagotcha, shadowball, strengthsap] ttype=steel
INFO     	        malamar     contrary    leftovers [knockoff, rest, sleeptalk, superpower] ttype=poison
INFO     	      ceruledge    weakarmor heavydutyboots [bitterblade, poltergeist, shadowsneak, swordsdance] ttype=ghost
INFO     	     mabosstiff     stakeout   choiceband [crunch, playrough, psychicfangs, wildcharge] ttype=fairy
INFO     Sampling 2 unrevealed pokemon
INFO     	   deoxysattack     pressure      lifeorb [icebeam, knockoff, psychoboost, superpower] ttype=dark
INFO     	         komala     comatose  assaultvest [bodyslam, knockoff, rapidspin, uturn] ttype=ghost
INFO     Searching for a move using MCTS...
INFO     Sampling 16 battles at 500ms each
INFO     Choice: bodypress
INFO     Updated sinistchamasterpiece's min speed to 138
INFO     sinistchamasterpiece already has the move strengthsap. Decrementing the PP by 1
INFO     sinistchamasterpiece used two different moves - it cannot have a choice item
INFO     sinistchamasterpiece used a status-move. Adding `assaultvest` to impossible items
INFO     Setting sinistchamasterpiece's last used move: strengthsap
INFO     Setting regice's ability to: clearbody
INFO     regice already has the move bodypress. Decrementing the PP by 1
INFO     regice used a fighting move, removing fightinggem from possible items
INFO     Setting regice's last used move: bodypress
INFO     regice used a damaging move - not guessing lifeorb anymore
INFO     regice did 44.0% damage to sinistchamasterpiece with bodypress
INFO     sinistchamasterpiece has less than maxhp during upkeep, no longer guessing leftovers or blacksludge
INFO     
INFO     Turn: 13
INFO     loaded 12 player and 0 effective opponent priors
INFO     Sampling battle 0
INFO     	sinistchamasterpiece    heatproof         None [calmmind, matchagotcha, shadowball, strengthsap] ttype=steel
INFO     	        malamar     contrary    leftovers [knockoff, rest, sleeptalk, superpower] ttype=poison
INFO     	      ceruledge    weakarmor heavydutyboots [bitterblade, closecombat, poltergeist, swordsdance] ttype=ghost
INFO     	     mabosstiff     stakeout   choiceband [crunch, playrough, psychicfangs, wildcharge] ttype=fairy
INFO     Sampling 2 unrevealed pokemon
INFO     	        ogerpon      defiant heavydutyboots [ivycudgel, spikes, synthesis, uturn] ttype=grass
INFO     	      salamence        moxie heavydutyboots [dragondance, dualwingbeat, earthquake, outrage] ttype=ground
INFO     Sampling battle 1
INFO     	sinistchamasterpiece    heatproof         None [calmmind, matchagotcha, shadowball, strengthsap] ttype=steel
INFO     	        malamar     contrary    leftovers [knockoff, rest, sleeptalk, superpower] ttype=fighting
INFO     	      ceruledge    weakarmor heavydutyboots [bitterblade, closecombat, poltergeist, swordsdance] ttype=fire
INFO     	     mabosstiff     stakeout   choiceband [crunch, playrough, psychicfangs, wildcharge] ttype=dark
INFO     Sampling 2 unrevealed pokemon
INFO     	         latias     levitate      souldew [calmmind, dracometeor, psyshock, recover] ttype=steel
INFO     	       magearna    soulheart  choicespecs [aurasphere, flashcannon, fleurcannon, voltswitch] ttype=fighting
INFO     Sampling battle 2
INFO     	sinistchamasterpiece    heatproof         None [calmmind, matchagotcha, shadowball, strengthsap] ttype=steel
INFO     	        malamar     contrary    leftovers [knockoff, rest, sleeptalk, superpower] ttype=poison
INFO     	      ceruledge    weakarmor heavydutyboots [bitterblade, poltergeist, shadowsneak, swordsdance] ttype=fire
INFO     	     mabosstiff     stakeout   choiceband [crunch, playrough, psychicfangs, wildcharge] ttype=dark
INFO     Sampling 2 unrevealed pokemon
INFO     	   arceusflying    multitype     skyplate [calmmind, earthpower, judgment, recover] ttype=ground
INFO     	          entei   innerfocus   choiceband [extremespeed, flareblitz, sacredfire, stompingtantrum] ttype=normal
INFO     Sampling battle 3
INFO     	sinistchamasterpiece    heatproof         None [calmmind, matchagotcha, shadowball, strengthsap] ttype=steel
INFO     	        malamar     contrary    leftovers [knockoff, rest, sleeptalk, superpower] ttype=fighting
INFO     	      ceruledge    weakarmor heavydutyboots [bitterblade, poltergeist, shadowsneak, swordsdance] ttype=fire
INFO     	     mabosstiff     stakeout   choiceband [crunch, playrough, psychicfangs, wildcharge] ttype=fairy
INFO     Sampling 2 unrevealed pokemon
INFO     	       sawsbuck  serenegrace      lifeorb [headbutt, highhorsepower, hornleech, swordsdance] ttype=normal
INFO     	     pincurchin electricsurge    leftovers [curse, liquidation, recover, zingzap] ttype=water
INFO     Sampling battle 4
INFO     	sinistchamasterpiece    heatproof         None [calmmind, matchagotcha, shadowball, strengthsap] ttype=steel
INFO     	        malamar     contrary    leftovers [knockoff, rest, sleeptalk, superpower] ttype=poison
INFO     	      ceruledge    weakarmor heavydutyboots [bitterblade, poltergeist, shadowsneak, swordsdance] ttype=fire
INFO     	     mabosstiff     stakeout   choiceband [crunch, playrough, psychicfangs, wildcharge] ttype=fairy
INFO     Sampling 2 unrevealed pokemon
INFO     	    kyuremwhite   turboblaze  choicespecs [dracometeor, freezedry, fusionflare, icebeam] ttype=dragon
INFO     	     toxtricity     punkrock  choicespecs [boomburst, overdrive, sludgewave, voltswitch] ttype=normal
INFO     Sampling battle 5
INFO     	sinistchamasterpiece    heatproof         None [calmmind, matchagotcha, shadowball, strengthsap] ttype=steel
INFO     	        malamar     contrary    leftovers [knockoff, rest, sleeptalk, superpower] ttype=fighting
INFO     	      ceruledge    weakarmor heavydutyboots [bitterblade, closecombat, poltergeist, swordsdance] ttype=fighting
INFO     	     mabosstiff     stakeout   choiceband [crunch, playrough, psychicfangs, wildcharge] ttype=fairy
INFO     Sampling 2 unrevealed pokemon
INFO     	      registeel    clearbody  chestoberry [bodypress, irondefense, ironhead, rest] ttype=fighting
INFO     	         pyroar      unnerve heavydutyboots [fireblast, hypervoice, taunt, willowisp] ttype=fire
INFO     Sampling battle 6
INFO     	sinistchamasterpiece    heatproof         None [calmmind, matchagotcha, shadowball, strengthsap] ttype=steel
INFO     	        malamar     contrary  chestoberry [knockoff, psychocut, rest, superpower] ttype=fighting
INFO     	      ceruledge    weakarmor heavydutyboots [bitterblade, closecombat, poltergeist, swordsdance] ttype=fire
INFO     	     mabosstiff     stakeout   choiceband [crunch, playrough, psychicfangs, wildcharge] ttype=fairy
INFO     Sampling 2 unrevealed pokemon
INFO     	      piloswine     thickfat     eviolite [earthquake, iciclecrash, roar, stealthrock] ttype=poison
INFO     	        toxapex  regenerator  rockyhelmet [haze, liquidation, recover, toxic] ttype=flying
INFO     Sampling battle 7
INFO     	sinistchamasterpiece    heatproof         None [calmmind, matchagotcha, shadowball, strengthsap] ttype=steel
INFO     	        malamar     contrary  chestoberry [knockoff, psychocut, rest, superpower] ttype=poison
INFO     	      ceruledge    weakarmor heavydutyboots [bitterblade, closecombat, poltergeist, swordsdance] ttype=fire
INFO     	     mabosstiff     stakeout   choiceband [crunch, playrough, psychicfangs, wildcharge] ttype=dark
INFO     Sampling 2 unrevealed pokemon
INFO     	     typhlosion    flashfire  choicespecs [eruption, fireblast, focusblast, scorchingsands] ttype=fire
INFO     	          azelf     levitate  choicespecs [dazzlinggleam, fireblast, psychic, uturn] ttype=fairy
INFO     Sampling battle 8
INFO     	sinistchamasterpiece    heatproof         None [calmmind, matchagotcha, shadowball, strengthsap] ttype=steel
INFO     	        malamar     contrary    leftovers [knockoff, rest, sleeptalk, superpower] ttype=fighting
INFO     	      ceruledge    weakarmor heavydutyboots [bitterblade, poltergeist, shadowsneak, swordsdance] ttype=ghost
INFO     	     mabosstiff     stakeout   choiceband [crunch, playrough, psychicfangs, wildcharge] ttype=dark
INFO     Sampling 2 unrevealed pokemon
INFO     	      cresselia     levitate    leftovers [calmmind, moonlight, psyshock, thunderbolt] ttype=poison
INFO     	       rayquaza      airlock   loadeddice [dragonascent, earthquake, scaleshot, swordsdance] ttype=steel
INFO     Sampling battle 9
INFO     	sinistchamasterpiece    heatproof         None [calmmind, matchagotcha, shadowball, strengthsap] ttype=steel
INFO     	        malamar     contrary  chestoberry [knockoff, psychocut, rest, superpower] ttype=fighting
INFO     	      ceruledge    weakarmor heavydutyboots [bitterblade, closecombat, poltergeist, swordsdance] ttype=fighting
INFO     	     mabosstiff     stakeout   choiceband [crunch, playrough, psychicfangs, wildcharge] ttype=dark
INFO     Sampling 2 unrevealed pokemon
INFO     	      clawitzer megalauncher  assaultvest [aurasphere, dragonpulse, uturn, waterpulse] ttype=dragon
INFO     	        kleavor    sharpness heavydutyboots [closecombat, stoneaxe, swordsdance, xscissor] ttype=rock
INFO     Sampling battle 10
INFO     	sinistchamasterpiece    heatproof         None [calmmind, matchagotcha, shadowball, strengthsap] ttype=steel
INFO     	        malamar     contrary    leftovers [knockoff, rest, sleeptalk, superpower] ttype=poison
INFO     	      ceruledge    weakarmor heavydutyboots [bitterblade, poltergeist, shadowsneak, swordsdance] ttype=ghost
INFO     	     mabosstiff     stakeout   choiceband [crunch, playrough, psychicfangs, wildcharge] ttype=fairy
INFO     Sampling 2 unrevealed pokemon
INFO     	       ludicolo    swiftswim      lifeorb [gigadrain, hydropump, icebeam, raindance] ttype=steel
INFO     	        cetitan     thickfat  sitrusberry [bellydrum, earthquake, iceshard, icespinner] ttype=ice
INFO     Sampling battle 11
INFO     	sinistchamasterpiece    heatproof         None [calmmind, matchagotcha, shadowball, strengthsap] ttype=steel
INFO     	        malamar     contrary  chestoberry [knockoff, psychocut, rest, superpower] ttype=steel
INFO     	      ceruledge    weakarmor heavydutyboots [bitterblade, poltergeist, shadowsneak, swordsdance] ttype=ghost
INFO     	     mabosstiff     stakeout   choiceband [crunch, playrough, psychicfangs, wildcharge] ttype=fairy
INFO     Sampling 2 unrevealed pokemon
INFO     	   arceuspoison    multitype   toxicplate [earthquake, extremespeed, gunkshot, swordsdance] ttype=ground
INFO     	      terapagos    terashift heavydutyboots [calmmind, darkpulse, rapidspin, terastarstorm] ttype=stellar
INFO     Sampling battle 12
INFO     	sinistchamasterpiece    heatproof         None [calmmind, matchagotcha, shadowball, strengthsap] ttype=steel
INFO     	        malamar     contrary    leftovers [knockoff, rest, sleeptalk, superpower] ttype=fighting
INFO     	      ceruledge    weakarmor heavydutyboots [bitterblade, closecombat, poltergeist, swordsdance] ttype=ghost
INFO     	     mabosstiff     stakeout   choiceband [crunch, playrough, psychicfangs, wildcharge] ttype=fairy
INFO     Sampling 2 unrevealed pokemon
INFO     	 keldeoresolute    justified  choicespecs [flipturn, hydropump, secretsword, vacuumwave] ttype=fighting
INFO     	    dudunsparce      rattled    leftovers [boomburst, earthquake, roost, toxic] ttype=ground
INFO     Sampling battle 13
INFO     	sinistchamasterpiece    heatproof         None [calmmind, matchagotcha, shadowball, strengthsap] ttype=steel
INFO     	        malamar     contrary  chestoberry [knockoff, psychocut, rest, superpower] ttype=steel
INFO     	      ceruledge    weakarmor heavydutyboots [bitterblade, closecombat, poltergeist, swordsdance] ttype=ghost
INFO     	     mabosstiff     stakeout   choiceband [crunch, playrough, psychicfangs, wildcharge] ttype=dark
INFO     Sampling 2 unrevealed pokemon
INFO     	      metagross    clearbody weaknesspolicy [agility, earthquake, heavyslam, psychicfangs] ttype=ground
INFO     	          ditto     imposter  choicescarf [transform] ttype=ghost
INFO     Sampling battle 14
INFO     	sinistchamasterpiece    heatproof         None [calmmind, matchagotcha, shadowball, strengthsap] ttype=steel
INFO     	        malamar     contrary    leftovers [knockoff, rest, sleeptalk, superpower] ttype=poison
INFO     	      ceruledge    weakarmor heavydutyboots [bitterblade, closecombat, poltergeist, swordsdance] ttype=fighting
INFO     	     mabosstiff     stakeout   choiceband [crunch, playrough, psychicfangs, wildcharge] ttype=fairy
INFO     Sampling 2 unrevealed pokemon
INFO     	     screamtail protosynthesis    leftovers [playrough, protect, thunderwave, wish] ttype=steel
INFO     	taurospaldeaaqua   intimidate      lifeorb [aquajet, bulkup, closecombat, liquidation] ttype=water
INFO     Sampling battle 15
INFO     	sinistchamasterpiece    heatproof         None [calmmind, matchagotcha, shadowball, strengthsap] ttype=steel
INFO     	        malamar     contrary  chestoberry [knockoff, psychocut, rest, superpower] ttype=poison
INFO     	      ceruledge    weakarmor heavydutyboots [bitterblade, closecombat, poltergeist, swordsdance] ttype=ghost
INFO     	     mabosstiff     stakeout   choiceband [crunch, playrough, psychicfangs, wildcharge] ttype=dark
INFO     Sampling 2 unrevealed pokemon
INFO     	         klefki    prankster    leftovers [dazzlinggleam, foulplay, spikes, thunderwave] ttype=flying
INFO     	     gothitelle    shadowtag    leftovers [calmmind, darkpulse, focusblast, psychicnoise] ttype=fairy
INFO     Searching for a move using MCTS...
INFO     Sampling 16 battles at 500ms each
INFO     Choice: bodypress
INFO     Updated sinistchamasterpiece's min speed to 138
INFO     sinistchamasterpiece already has the move strengthsap. Decrementing the PP by 1
INFO     sinistchamasterpiece used a status-move. Adding `assaultvest` to impossible items
INFO     Setting sinistchamasterpiece's last used move: strengthsap
INFO     Setting regice's ability to: clearbody
INFO     regice already has the move bodypress. Decrementing the PP by 1
INFO     regice used a fighting move, removing fightinggem from possible items
INFO     Setting regice's last used move: bodypress
INFO     regice used a damaging move - not guessing lifeorb anymore
INFO     regice did 41.0% damage to sinistchamasterpiece with bodypress
INFO     sinistchamasterpiece has less than maxhp during upkeep, no longer guessing leftovers or blacksludge
INFO     
INFO     Turn: 14
INFO     loaded 12 player and 0 effective opponent priors
INFO     Sampling battle 0
INFO     	sinistchamasterpiece    heatproof         None [calmmind, matchagotcha, shadowball, strengthsap] ttype=steel
INFO     	        malamar     contrary  chestoberry [knockoff, psychocut, rest, superpower] ttype=steel
INFO     	      ceruledge    weakarmor heavydutyboots [bitterblade, poltergeist, shadowsneak, swordsdance] ttype=ghost
INFO     	     mabosstiff     stakeout   choiceband [crunch, playrough, psychicfangs, wildcharge] ttype=dark
INFO     Sampling 2 unrevealed pokemon
INFO     	          klawf  regenerator   choiceband [crabhammer, highhorsepower, knockoff, stoneedge] ttype=water
INFO     	       greedent   cheekpouch  sitrusberry [doubleedge, earthquake, knockoff, swordsdance] ttype=ground
INFO     Sampling battle 1
INFO     	sinistchamasterpiece    heatproof         None [calmmind, matchagotcha, shadowball, strengthsap] ttype=steel
INFO     	        malamar     contrary    leftovers [knockoff, rest, sleeptalk, superpower] ttype=steel
INFO     	      ceruledge    weakarmor heavydutyboots [bitterblade, closecombat, poltergeist, swordsdance] ttype=fighting
INFO     	     mabosstiff     stakeout   choiceband [crunch, playrough, psychicfangs, wildcharge] ttype=fairy
INFO     Sampling 2 unrevealed pokemon
INFO     	       regirock    clearbody    leftovers [bodypress, irondefense, stoneedge, thunderwave] ttype=fighting
INFO     	       vaporeon  waterabsorb    leftovers [haze, protect, scald, wish] ttype=poison
INFO     Sampling battle 2
INFO     	sinistchamasterpiece    heatproof         None [calmmind, matchagotcha, shadowball, strengthsap] ttype=steel
INFO     	        malamar     contrary    leftovers [knockoff, rest, sleeptalk, superpower] ttype=poison
INFO     	      ceruledge    weakarmor heavydutyboots [bitterblade, closecombat, poltergeist, swordsdance] ttype=fire
INFO     	     mabosstiff     stakeout   choiceband [crunch, playrough, psychicfangs, wildcharge] ttype=dark
INFO     Sampling 2 unrevealed pokemon
INFO     	      poliwrath  waterabsorb  assaultvest [circlethrow, closecombat, knockoff, liquidation] ttype=steel
INFO     	        sylveon     pixilate    leftovers [calmmind, hypervoice, protect, wish] ttype=steel
INFO     Sampling battle 3
INFO     	sinistchamasterpiece    heatproof         None [calmmind, matchagotcha, shadowball, strengthsap] ttype=steel
INFO     	        malamar     contrary  chestoberry [knockoff, psychocut, rest, superpower] ttype=poison
INFO     	      ceruledge    weakarmor heavydutyboots [bitterblade, closecombat, poltergeist, swordsdance] ttype=ghost
INFO     	     mabosstiff     stakeout   choiceband [crunch, playrough, psychicfangs, wildcharge] ttype=dark
INFO     Sampling 2 unrevealed pokemon
INFO     	 decidueyehisui      scrappy    leftovers [leafblade, roost, suckerpunch, triplearrows] ttype=steel
INFO     	 ninetalesalola  snowwarning    lightclay [auroraveil, blizzard, encore, moonblast] ttype=water
INFO     Sampling battle 4
INFO     	sinistchamasterpiece    heatproof         None [calmmind, matchagotcha, shadowball, strengthsap] ttype=steel
INFO     	        malamar     contrary  chestoberry [knockoff, psychocut, rest, superpower] ttype=fighting
INFO     	      ceruledge    weakarmor heavydutyboots [bitterblade, closecombat, poltergeist, swordsdance] ttype=fighting
INFO     	     mabosstiff     stakeout   choiceband [crunch, playrough, psychicfangs, wildcharge] ttype=dark
INFO     Sampling 2 unrevealed pokemon
INFO     	         kyurem     pressure   loadeddice [dragondance, iciclespear, scaleshot, terablast] ttype=ground
INFO     	       empoleon  competitive    leftovers [icebeam, knockoff, roost, surf] ttype=grass
INFO     Sampling battle 5
INFO     	sinistchamasterpiece    heatproof         None [calmmind, matchagotcha, shadowball, strengthsap] ttype=steel
INFO     	        malamar     contrary  chestoberry [knockoff, psychocut, rest, superpower] ttype=fighting
INFO     	      ceruledge    weakarmor heavydutyboots [bitterblade, poltergeist, shadowsneak, swordsdance] ttype=fire
INFO     	     mabosstiff     stakeout   choiceband [crunch, playrough, psychicfangs, wildcharge] ttype=fairy
INFO     Sampling 2 unrevealed pokemon
INFO     	         veluza    sharpness  sitrusberry [aquacutter, filletaway, nightslash, psychocut] ttype=water
INFO     	        florges   flowerveil    leftovers [calmmind, moonblast, synthesis, terablast] ttype=ground
INFO     Sampling battle 6
INFO     	sinistchamasterpiece    heatproof         None [calmmind, matchagotcha, shadowball, strengthsap] ttype=steel
INFO     	        malamar     contrary  chestoberry [knockoff, psychocut, rest, superpower] ttype=poison
INFO     	      ceruledge    weakarmor heavydutyboots [bitterblade, poltergeist, shadowsneak, swordsdance] ttype=ghost
INFO     	     mabosstiff     stakeout   choiceband [crunch, playrough, psychicfangs, wildcharge] ttype=dark
INFO     Sampling 2 unrevealed pokemon
INFO     	         regice    clearbody heavydutyboots [bodypress, icebeam, thunderbolt, thunderwave] ttype=electric
INFO     	       cyclizar  regenerator heavydutyboots [dracometeor, knockoff, shedtail, taunt] ttype=ghost
INFO     Sampling battle 7
INFO     	sinistchamasterpiece    heatproof         None [calmmind, matchagotcha, shadowball, strengthsap] ttype=steel
INFO     	        malamar     contrary  chestoberry [knockoff, psychocut, rest, superpower] ttype=steel
INFO     	      ceruledge    weakarmor heavydutyboots [bitterblade, closecombat, poltergeist, swordsdance] ttype=fighting
INFO     	     mabosstiff     stakeout   choiceband [crunch, playrough, psychicfangs, wildcharge] ttype=dark
INFO     Sampling 2 unrevealed pokemon
INFO     	      farigiraf    sapsipper    leftovers [bodyslam, protect, psychicnoise, wish] ttype=fairy
INFO     	        weezing     levitate    leftovers [fireblast, painsplit, sludgebomb, willowisp] ttype=steel
INFO     Sampling battle 8
INFO     	sinistchamasterpiece    heatproof         None [calmmind, matchagotcha, shadowball, strengthsap] ttype=steel
INFO     	        malamar     contrary    leftovers [knockoff, rest, sleeptalk, superpower] ttype=fighting
INFO     	      ceruledge    weakarmor heavydutyboots [bitterblade, poltergeist, shadowsneak, swordsdance] ttype=fire
INFO     	     mabosstiff     stakeout   choiceband [crunch, playrough, psychicfangs, wildcharge] ttype=dark
INFO     Sampling 2 unrevealed pokemon
INFO     	        dewgong     thickfat heavydutyboots [encore, knockoff, surf, tripleaxel] ttype=grass
INFO     	        cetitan     thickfat  sitrusberry [bellydrum, earthquake, iceshard, icespinner] ttype=ice
INFO     Sampling battle 9
INFO     	sinistchamasterpiece    heatproof         None [calmmind, matchagotcha, shadowball, strengthsap] ttype=steel
INFO     	        malamar     contrary    leftovers [knockoff, rest, sleeptalk, superpower] ttype=steel
INFO     	      ceruledge    weakarmor heavydutyboots [bitterblade, closecombat, poltergeist, swordsdance] ttype=fighting
INFO     	     mabosstiff     stakeout   choiceband [crunch, playrough, psychicfangs, wildcharge] ttype=fairy
INFO     Sampling 2 unrevealed pokemon
INFO     	      araquanid  waterbubble heavydutyboots [leechlife, liquidation, mirrorcoat, stickyweb] ttype=ground
INFO     	        scyther   technician heavydutyboots [bugbite, closecombat, dualwingbeat, swordsdance] ttype=fighting
INFO     Sampling battle 10
INFO     	sinistchamasterpiece    heatproof         None [calmmind, matchagotcha, shadowball, strengthsap] ttype=steel
INFO     	        malamar     contrary    leftovers [knockoff, rest, sleeptalk, superpower] ttype=poison
INFO     	      ceruledge    weakarmor heavydutyboots [bitterblade, closecombat, poltergeist, swordsdance] ttype=fighting
INFO     	     mabosstiff     stakeout   choiceband [crunch, playrough, psychicfangs, wildcharge] ttype=fairy
INFO     Sampling 2 unrevealed pokemon
INFO     	       blaziken   speedboost      lifeorb [closecombat, flareblitz, knockoff, swordsdance] ttype=fighting
INFO     	      reuniclus   magicguard      lifeorb [calmmind, focusblast, psychic, recover] ttype=fighting
INFO     Sampling battle 11
INFO     	sinistchamasterpiece    heatproof         None [calmmind, matchagotcha, shadowball, strengthsap] ttype=steel
INFO     	        malamar     contrary    leftovers [knockoff, rest, sleeptalk, superpower] ttype=steel
INFO     	      ceruledge    weakarmor heavydutyboots [bitterblade, closecombat, poltergeist, swordsdance] ttype=fighting
INFO     	     mabosstiff     stakeout   choiceband [crunch, playrough, psychicfangs, wildcharge] ttype=fairy
INFO     Sampling 2 unrevealed pokemon
INFO     	      cramorant  gulpmissile heavydutyboots [bravebird, defog, roost, surf] ttype=ground
INFO     	      hydrapple  regenerator  assaultvest [dragontail, earthpower, ficklebeam, leafstorm] ttype=steel
INFO     Sampling battle 12
INFO     	sinistchamasterpiece    heatproof         None [calmmind, matchagotcha, shadowball, strengthsap] ttype=steel
INFO     	        malamar     contrary    leftovers [knockoff, rest, sleeptalk, superpower] ttype=steel
INFO     	      ceruledge    weakarmor heavydutyboots [bitterblade, closecombat, poltergeist, swordsdance] ttype=ghost
INFO     	     mabosstiff     stakeout   choiceband [crunch, playrough, psychicfangs, wildcharge] ttype=dark
INFO     Sampling 2 unrevealed pokemon
INFO     	        okidogi   toxicchain  assaultvest [drainpunch, gunkshot, highhorsepower, knockoff] ttype=dark
INFO     	    stonjourner    powerspot      lifeorb [earthquake, heatcrash, rockpolish, stoneedge] ttype=ground
INFO     Sampling battle 13
INFO     	sinistchamasterpiece    heatproof         None [calmmind, matchagotcha, shadowball, strengthsap] ttype=steel
INFO     	        malamar     contrary  chestoberry [knockoff, psychocut, rest, superpower] ttype=steel
INFO     	      ceruledge    weakarmor heavydutyboots [bitterblade, closecombat, poltergeist, swordsdance] ttype=fighting
INFO     	     mabosstiff     stakeout   choiceband [crunch, playrough, psychicfangs, wildcharge] ttype=fairy
INFO     Sampling 2 unrevealed pokemon
INFO     	      regigigas    slowstart    leftovers [bodyslam, knockoff, protect, substitute] ttype=poison
INFO     	necrozmaduskmane   prismarmor weaknesspolicy [dragondance, earthquake, morningsun, sunsteelstrike] ttype=steel
INFO     Sampling battle 14
INFO     	sinistchamasterpiece    heatproof         None [calmmind, matchagotcha, shadowball, strengthsap] ttype=steel
INFO     	        malamar     contrary  chestoberry [knockoff, psychocut, rest, superpower] ttype=steel
INFO     	      ceruledge    weakarmor heavydutyboots [bitterblade, closecombat, poltergeist, swordsdance] ttype=fire
INFO     	     mabosstiff     stakeout   choiceband [crunch, playrough, psychicfangs, wildcharge] ttype=fairy
INFO     Sampling 2 unrevealed pokemon
INFO     	      azumarill    hugepower   choiceband [aquajet, icespinner, liquidation, playrough] ttype=water
INFO     	         raichu lightningrod      lifeorb [focusblast, nastyplot, terablast, thunderbolt] ttype=ice
INFO     Sampling battle 15
INFO     	sinistchamasterpiece    heatproof         None [calmmind, matchagotcha, shadowball, strengthsap] ttype=steel
INFO     	        malamar     contrary  chestoberry [knockoff, psychocut, rest, superpower] ttype=steel
INFO     	      ceruledge    weakarmor heavydutyboots [bitterblade, closecombat, poltergeist, swordsdance] ttype=ghost
INFO     	     mabosstiff     stakeout   choiceband [crunch, playrough, psychicfangs, wildcharge] ttype=fairy
INFO     Sampling 2 unrevealed pokemon
INFO     	    stonjourner    powerspot      lifeorb [earthquake, heatcrash, stealthrock, stoneedge] ttype=ground
INFO     	     forretress       sturdy    leftovers [ironhead, rapidspin, stealthrock, toxicspikes] ttype=water
INFO     Searching for a move using MCTS...
INFO     Sampling 16 battles at 500ms each
INFO     Choice: bodypress
INFO     Updated sinistchamasterpiece's min speed to 138
INFO     sinistchamasterpiece already has the move strengthsap. Decrementing the PP by 1
INFO     sinistchamasterpiece used a status-move. Adding `assaultvest` to impossible items
INFO     Setting sinistchamasterpiece's last used move: strengthsap
INFO     Setting regice's ability to: clearbody
INFO     regice already has the move bodypress. Decrementing the PP by 1
INFO     regice used a fighting move, removing fightinggem from possible items
INFO     Setting regice's last used move: bodypress
INFO     regice used a damaging move - not guessing lifeorb anymore
INFO     regice did 48.0% damage to sinistchamasterpiece with bodypress
INFO     sinistchamasterpiece has less than maxhp during upkeep, no longer guessing leftovers or blacksludge
INFO     
INFO     Turn: 15
INFO     loaded 12 player and 0 effective opponent priors
INFO     Sampling battle 0
INFO     	sinistchamasterpiece    heatproof         None [calmmind, matchagotcha, shadowball, strengthsap] ttype=steel
INFO     	        malamar     contrary  chestoberry [knockoff, psychocut, rest, superpower] ttype=fighting
INFO     	      ceruledge    weakarmor heavydutyboots [bitterblade, closecombat, poltergeist, swordsdance] ttype=fighting
INFO     	     mabosstiff     stakeout   choiceband [crunch, playrough, psychicfangs, wildcharge] ttype=dark
INFO     Sampling 2 unrevealed pokemon
INFO     	     galvantula compoundeyes heavydutyboots [bugbuzz, energyball, stickyweb, thunder] ttype=electric
INFO     	       camerupt    solidrock    leftovers [earthquake, overheat, stealthrock, willowisp] ttype=grass
INFO     Sampling battle 1
INFO     	sinistchamasterpiece    heatproof         None [calmmind, matchagotcha, shadowball, strengthsap] ttype=steel
INFO     	        malamar     contrary  chestoberry [knockoff, psychocut, rest, superpower] ttype=poison
INFO     	      ceruledge    weakarmor heavydutyboots [bitterblade, closecombat, poltergeist, swordsdance] ttype=fire
INFO     	     mabosstiff     stakeout   choiceband [crunch, playrough, psychicfangs, wildcharge] ttype=fairy
INFO     Sampling 2 unrevealed pokemon
INFO     	      arceusice    multitype  icicleplate [calmmind, earthpower, judgment, recover] ttype=ground
INFO     	 decidueyehisui      scrappy    leftovers [leafblade, roost, suckerpunch, triplearrows] ttype=steel
INFO     Sampling battle 2
INFO     	sinistchamasterpiece    heatproof         None [calmmind, matchagotcha, shadowball, strengthsap] ttype=steel
INFO     	        malamar     contrary  chestoberry [knockoff, psychocut, rest, superpower] ttype=fighting
INFO     	      ceruledge    weakarmor heavydutyboots [bitterblade, poltergeist, shadowsneak, swordsdance] ttype=ghost
INFO     	     mabosstiff     stakeout   choiceband [crunch, playrough, psychicfangs, wildcharge] ttype=dark
INFO     Sampling 2 unrevealed pokemon
INFO     	         rabsca  synchronize heavydutyboots [bugbuzz, psychic, recover, revivalblessing] ttype=steel
INFO     	       reshiram   turboblaze heavydutyboots [blueflare, dracometeor, dragontail, earthpower] ttype=fire
INFO     Sampling battle 3
INFO     	sinistchamasterpiece    heatproof         None [calmmind, matchagotcha, shadowball, strengthsap] ttype=steel
INFO     	        malamar     contrary    leftovers [knockoff, rest, sleeptalk, superpower] ttype=poison
INFO     	      ceruledge    weakarmor heavydutyboots [bitterblade, closecombat, poltergeist, swordsdance] ttype=fire
INFO     	     mabosstiff     stakeout   choiceband [crunch, playrough, psychicfangs, wildcharge] ttype=dark
INFO     Sampling 2 unrevealed pokemon
INFO     	        golduck    cloudnine      lifeorb [grassknot, hydropump, icebeam, nastyplot] ttype=grass
INFO     	      salamence        moxie heavydutyboots [dragondance, dualwingbeat, earthquake, outrage] ttype=dragon
INFO     Sampling battle 4
INFO     	sinistchamasterpiece    heatproof         None [calmmind, matchagotcha, shadowball, strengthsap] ttype=steel
INFO     	        malamar     contrary  chestoberry [knockoff, psychocut, rest, superpower] ttype=steel
INFO     	      ceruledge    weakarmor heavydutyboots [bitterblade, closecombat, poltergeist, swordsdance] ttype=ghost
INFO     	     mabosstiff     stakeout   choiceband [crunch, playrough, psychicfangs, wildcharge] ttype=fairy
INFO     Sampling 2 unrevealed pokemon
INFO     	       skarmory       sturdy    leftovers [bodypress, bravebird, roost, stealthrock] ttype=dragon
INFO     	        donphan       sturdy    leftovers [earthquake, iceshard, rapidspin, stealthrock] ttype=water
INFO     Sampling battle 5
INFO     	sinistchamasterpiece    heatproof         None [calmmind, matchagotcha, shadowball, strengthsap] ttype=steel
INFO     	        malamar     contrary  chestoberry [knockoff, psychocut, rest, superpower] ttype=fighting
INFO     	      ceruledge    weakarmor heavydutyboots [bitterblade, closecombat, poltergeist, swordsdance] ttype=ghost
INFO     	     mabosstiff     stakeout   choiceband [crunch, playrough, psychicfangs, wildcharge] ttype=dark
INFO     Sampling 2 unrevealed pokemon
INFO     	       tornadus    prankster heavydutyboots [bleakwindstorm, focusblast, grassknot, nastyplot] ttype=fighting
INFO     	   arceuspoison    multitype   toxicplate [earthquake, extremespeed, gunkshot, swordsdance] ttype=ground
INFO     Sampling battle 6
INFO     	sinistchamasterpiece    heatproof         None [calmmind, matchagotcha, shadowball, strengthsap] ttype=steel
INFO     	        malamar     contrary    leftovers [knockoff, rest, sleeptalk, superpower] ttype=steel
INFO     	      ceruledge    weakarmor heavydutyboots [bitterblade, closecombat, poltergeist, swordsdance] ttype=fighting
INFO     	     mabosstiff     stakeout   choiceband [crunch, playrough, psychicfangs, wildcharge] ttype=dark
INFO     Sampling 2 unrevealed pokemon
INFO     	     ironthorns   quarkdrive  assaultvest [earthquake, stoneedge, voltswitch, wildcharge] ttype=water
INFO     	     wigglytuff  competitive    leftovers [dazzlinggleam, protect, thunderwave, wish] ttype=poison
INFO     Sampling battle 7
INFO     	sinistchamasterpiece    heatproof         None [calmmind, matchagotcha, shadowball, strengthsap] ttype=steel
INFO     	        malamar     contrary  chestoberry [knockoff, psychocut, rest, superpower] ttype=steel
INFO     	      ceruledge    weakarmor heavydutyboots [bitterblade, closecombat, poltergeist, swordsdance] ttype=fighting
INFO     	     mabosstiff     stakeout   choiceband [crunch, playrough, psychicfangs, wildcharge] ttype=dark
INFO     Sampling 2 unrevealed pokemon
INFO     	        jirachi  serenegrace  assaultvest [bodyslam, drainpunch, ironhead, uturn] ttype=fighting
INFO     	        milotic  competitive    leftovers [haze, icebeam, recover, scald] ttype=dragon
INFO     Sampling battle 8
INFO     	sinistchamasterpiece    heatproof         None [calmmind, matchagotcha, shadowball, strengthsap] ttype=steel
INFO     	        malamar     contrary    leftovers [knockoff, rest, sleeptalk, superpower] ttype=steel
INFO     	      ceruledge    weakarmor heavydutyboots [bitterblade, closecombat, poltergeist, swordsdance] ttype=fire
INFO     	     mabosstiff     stakeout   choiceband [crunch, playrough, psychicfangs, wildcharge] ttype=fairy
INFO     Sampling 2 unrevealed pokemon
INFO     	    arceusfairy    multitype   pixieplate [calmmind, earthpower, judgment, recover] ttype=ground
INFO     	           uxie     levitate    leftovers [encore, psychicnoise, uturn, yawn] ttype=steel
INFO     Sampling battle 9
INFO     	sinistchamasterpiece    heatproof         None [calmmind, matchagotcha, shadowball, strengthsap] ttype=steel
INFO     	        malamar     contrary  chestoberry [knockoff, psychocut, rest, superpower] ttype=fighting
INFO     	      ceruledge    weakarmor heavydutyboots [bitterblade, poltergeist, shadowsneak, swordsdance] ttype=fire
INFO     	     mabosstiff     stakeout   choiceband [crunch, playrough, psychicfangs, wildcharge] ttype=dark
INFO     Sampling 2 unrevealed pokemon
INFO     	      poliwrath  waterabsorb    leftovers [bulkup, drainpunch, icepunch, liquidation] ttype=water
INFO     	        volbeat    prankster heavydutyboots [encore, lunge, roost, thunderwave] ttype=water
INFO     Sampling battle 10
INFO     	sinistchamasterpiece    heatproof         None [calmmind, matchagotcha, shadowball, strengthsap] ttype=steel
INFO     	        malamar     contrary    leftovers [knockoff, rest, sleeptalk, superpower] ttype=steel
INFO     	      ceruledge    weakarmor heavydutyboots [bitterblade, closecombat, poltergeist, swordsdance] ttype=ghost
INFO     	     mabosstiff     stakeout   choiceband [crunch, playrough, psychicfangs, wildcharge] ttype=fairy
INFO     Sampling 2 unrevealed pokemon
INFO     	        bruxish    strongjaw   choiceband [crunch, icefang, psychicfangs, wavecrash] ttype=dark
INFO     	     shayminsky  serenegrace    leftovers [airslash, leechseed, seedflare, substitute] ttype=steel
INFO     Sampling battle 11
INFO     	sinistchamasterpiece    heatproof         None [calmmind, matchagotcha, shadowball, strengthsap] ttype=steel
INFO     	        malamar     contrary  chestoberry [knockoff, psychocut, rest, superpower] ttype=poison
INFO     	      ceruledge    weakarmor heavydutyboots [bitterblade, closecombat, poltergeist, swordsdance] ttype=fire
INFO     	     mabosstiff     stakeout   choiceband [crunch, playrough, psychicfangs, wildcharge] ttype=fairy
INFO     Sampling 2 unrevealed pokemon
INFO     	      glastrier chillingneigh heavydutyboots [heavyslam, highhorsepower, iciclecrash, swordsdance] ttype=ground
INFO     	     wigglytuff  competitive    leftovers [alluringvoice, knockoff, protect, wish] ttype=poison
INFO     Sampling battle 12
INFO     	sinistchamasterpiece    heatproof         None [calmmind, matchagotcha, shadowball, strengthsap] ttype=steel
INFO     	        malamar     contrary    leftovers [knockoff, rest, sleeptalk, superpower] ttype=poison
INFO     	      ceruledge    weakarmor heavydutyboots [bitterblade, closecombat, poltergeist, swordsdance] ttype=fire
INFO     	     mabosstiff     stakeout   choiceband [crunch, playrough, psychicfangs, wildcharge] ttype=dark
INFO     Sampling 2 unrevealed pokemon
INFO     	       vaporeon  waterabsorb    leftovers [icebeam, protect, scald, wish] ttype=ground
INFO     	      heracross         guts     flameorb [closecombat, facade, knockoff, trailblaze] ttype=normal
INFO     Sampling battle 13
INFO     	sinistchamasterpiece    heatproof         None [calmmind, matchagotcha, shadowball, strengthsap] ttype=steel
INFO     	        malamar     contrary  chestoberry [knockoff, psychocut, rest, superpower] ttype=steel
INFO     	      ceruledge    weakarmor heavydutyboots [bitterblade, closecombat, poltergeist, swordsdance] ttype=fire
INFO     	     mabosstiff     stakeout   choiceband [crunch, playrough, psychicfangs, wildcharge] ttype=fairy
INFO     Sampling 2 unrevealed pokemon
INFO     	   squawkabilly         guts     flameorb [bravebird, facade, protect, quickattack] ttype=normal
INFO     	       ursaluna         guts     flameorb [facade, headlongrush, swordsdance, throatchop] ttype=normal
INFO     Sampling battle 14
INFO     	sinistchamasterpiece    heatproof         None [calmmind, matchagotcha, shadowball, strengthsap] ttype=steel
INFO     	        malamar     contrary  chestoberry [knockoff, psychocut, rest, superpower] ttype=fighting
INFO     	      ceruledge    weakarmor heavydutyboots [bitterblade, poltergeist, shadowsneak, swordsdance] ttype=fire
INFO     	     mabosstiff     stakeout   choiceband [crunch, playrough, psychicfangs, wildcharge] ttype=dark
INFO     Sampling 2 unrevealed pokemon
INFO     	      poliwrath  waterabsorb    leftovers [bulkup, drainpunch, icepunch, liquidation] ttype=fighting
INFO     	     pincurchin electricsurge    leftovers [curse, liquidation, recover, zingzap] ttype=grass
INFO     Sampling battle 15
INFO     	sinistchamasterpiece    heatproof         None [calmmind, matchagotcha, shadowball, strengthsap] ttype=steel
INFO     	        malamar     contrary    leftovers [knockoff, rest, sleeptalk, superpower] ttype=poison
INFO     	      ceruledge    weakarmor heavydutyboots [bitterblade, closecombat, poltergeist, swordsdance] ttype=fighting
INFO     	     mabosstiff     stakeout   choiceband [crunch, playrough, psychicfangs, wildcharge] ttype=fairy
INFO     Sampling 2 unrevealed pokemon
INFO     	  deoxysdefense     pressure  rockyhelmet [psychicnoise, recover, spikes, teleport] ttype=dark
INFO     	   avalugghisui       sturdy heavydutyboots [avalanche, rapidspin, recover, stoneedge] ttype=poison
INFO     Searching for a move using MCTS...
INFO     Sampling 16 battles at 500ms each
INFO     Choice: bodypress
INFO     Updated sinistchamasterpiece's min speed to 138
INFO     sinistchamasterpiece already has the move strengthsap. Decrementing the PP by 1
INFO     sinistchamasterpiece used a status-move. Adding `assaultvest` to impossible items
INFO     Setting sinistchamasterpiece's last used move: strengthsap
INFO     Setting regice's ability to: clearbody
INFO     regice already has the move bodypress. Decrementing the PP by 1
INFO     regice used a fighting move, removing fightinggem from possible items
INFO     Setting regice's last used move: bodypress
INFO     regice used a damaging move - not guessing lifeorb anymore
INFO     regice did 42.0% damage to sinistchamasterpiece with bodypress
INFO     sinistchamasterpiece has less than maxhp during upkeep, no longer guessing leftovers or blacksludge
INFO     Opponent has switched - clearing the last used move
INFO     
INFO     Turn: 16
INFO     loaded 12 player and 0 effective opponent priors
INFO     Sampling battle 0
INFO     	        malamar     contrary  chestoberry [knockoff, psychocut, rest, superpower] ttype=steel
INFO     	      ceruledge    weakarmor heavydutyboots [bitterblade, closecombat, poltergeist, swordsdance] ttype=fire
INFO     	     mabosstiff     stakeout   choiceband [crunch, playrough, psychicfangs, wildcharge] ttype=fairy
INFO     Sampling 2 unrevealed pokemon
INFO     	      amoonguss  regenerator    leftovers [gigadrain, sludgebomb, spore, toxic] ttype=water
INFO     	     gothitelle    shadowtag    leftovers [calmmind, focusblast, psychicnoise, thunderbolt] ttype=flying
INFO     Sampling battle 1
INFO     	        malamar     contrary  chestoberry [knockoff, psychocut, rest, superpower] ttype=fighting
INFO     	      ceruledge    weakarmor heavydutyboots [bitterblade, poltergeist, shadowsneak, swordsdance] ttype=fire
INFO     	     mabosstiff     stakeout   choiceband [crunch, playrough, psychicfangs, wildcharge] ttype=fairy
INFO     Sampling 2 unrevealed pokemon
INFO     	        avalugg       sturdy heavydutyboots [avalanche, bodypress, rapidspin, recover] ttype=fighting
INFO     	      toxicroak      dryskin      lifeorb [closecombat, earthquake, gunkshot, swordsdance] ttype=fighting
INFO     Sampling battle 2
INFO     	        malamar     contrary    leftovers [knockoff, rest, sleeptalk, superpower] ttype=steel
INFO     	      ceruledge    weakarmor heavydutyboots [bitterblade, poltergeist, shadowsneak, swordsdance] ttype=ghost
INFO     	     mabosstiff     stakeout   choiceband [crunch, playrough, psychicfangs, wildcharge] ttype=fairy
INFO     Sampling 2 unrevealed pokemon
INFO     	         kyurem     pressure  choicespecs [dracometeor, earthpower, freezedry, icebeam] ttype=ground
INFO     	ursalunabloodmoon     mindseye    leftovers [bloodmoon, calmmind, moonlight, vacuumwave] ttype=poison
INFO     Sampling battle 3
INFO     	        malamar     contrary  chestoberry [knockoff, psychocut, rest, superpower] ttype=fighting
INFO     	      ceruledge    weakarmor heavydutyboots [bitterblade, closecombat, poltergeist, swordsdance] ttype=ghost
INFO     	     mabosstiff     stakeout   choiceband [crunch, playrough, psychicfangs, wildcharge] ttype=dark
INFO     Sampling 2 unrevealed pokemon
INFO     	       ursaluna         guts     flameorb [facade, headlongrush, throatchop, trailblaze] ttype=normal
INFO     	      meowsticf  competitive      lifeorb [alluringvoice, darkpulse, nastyplot, psychic] ttype=dark
INFO     Sampling battle 4
INFO     	        malamar     contrary  chestoberry [knockoff, psychocut, rest, superpower] ttype=fighting
INFO     	      ceruledge    weakarmor heavydutyboots [bitterblade, closecombat, poltergeist, swordsdance] ttype=ghost
INFO     	     mabosstiff     stakeout   choiceband [crunch, playrough, psychicfangs, wildcharge] ttype=dark
INFO     Sampling 2 unrevealed pokemon
INFO     	       lumineon   stormdrain heavydutyboots [encore, hydropump, icebeam, uturn] ttype=dragon
INFO     	ursalunabloodmoon     mindseye    leftovers [bloodmoon, calmmind, earthpower, moonlight] ttype=poison
INFO     Sampling battle 5
INFO     	        malamar     contrary    leftovers [knockoff, rest, sleeptalk, superpower] ttype=fighting
INFO     	      ceruledge    weakarmor heavydutyboots [bitterblade, closecombat, poltergeist, swordsdance] ttype=fire
INFO     	     mabosstiff     stakeout   choiceband [crunch, playrough, psychicfangs, wildcharge] ttype=fairy
INFO     Sampling 2 unrevealed pokemon
INFO     	      vespiquen     pressure heavydutyboots [airslash, roost, toxicspikes, uturn] ttype=steel
INFO     	         minior  shieldsdown    whiteherb [acrobatics, earthquake, powergem, shellsmash] ttype=steel
INFO     Sampling battle 6
INFO     	        malamar     contrary  chestoberry [knockoff, psychocut, rest, superpower] ttype=steel
INFO     	      ceruledge    weakarmor heavydutyboots [bitterblade, poltergeist, shadowsneak, swordsdance] ttype=ghost
INFO     	     mabosstiff     stakeout   choiceband [crunch, playrough, psychicfangs, wildcharge] ttype=dark
INFO     Sampling 2 unrevealed pokemon
INFO     	    goodrahisui    sapsipper  assaultvest [dracometeor, earthquake, heavyslam, hydropump] ttype=water
INFO     	      pachirisu   voltabsorb heavydutyboots [discharge, encore, superfang, uturn] ttype=flying
INFO     Sampling battle 7
INFO     	        malamar     contrary    leftovers [knockoff, rest, sleeptalk, superpower] ttype=steel
INFO     	      ceruledge    weakarmor heavydutyboots [bitterblade, closecombat, poltergeist, swordsdance] ttype=fire
INFO     	     mabosstiff     stakeout   choiceband [crunch, playrough, psychicfangs, wildcharge] ttype=dark
INFO     Sampling 2 unrevealed pokemon
INFO     	        shaymin  naturalcure    leftovers [airslash, earthpower, seedflare, synthesis] ttype=ground
INFO     	       dachsbun wellbakedbody    leftovers [playrough, protect, wish, yawn] ttype=steel
INFO     Sampling battle 8
INFO     	        malamar     contrary  chestoberry [knockoff, psychocut, rest, superpower] ttype=poison
INFO     	      ceruledge    weakarmor heavydutyboots [bitterblade, poltergeist, shadowsneak, swordsdance] ttype=ghost
INFO     	     mabosstiff     stakeout   choiceband [crunch, playrough, psychicfangs, wildcharge] ttype=dark
INFO     Sampling 2 unrevealed pokemon
INFO     	        volbeat    prankster heavydutyboots [encore, roost, thunderwave, uturn] ttype=water
INFO     	       koraidon orichalcumpulse   loadeddice [collisioncourse, flareblitz, scaleshot, swordsdance] ttype=fire
INFO     Sampling battle 9
INFO     	        malamar     contrary  chestoberry [knockoff, psychocut, rest, superpower] ttype=poison
INFO     	      ceruledge    weakarmor heavydutyboots [bitterblade, closecombat, poltergeist, swordsdance] ttype=fire
INFO     	     mabosstiff     stakeout   choiceband [crunch, playrough, psychicfangs, wildcharge] ttype=fairy
INFO     Sampling 2 unrevealed pokemon
INFO     	      armarouge    weakarmor  choicespecs [armorcannon, aurasphere, energyball, psyshock] ttype=grass
INFO     	    fezandipiti   toxicchain    leftovers [beatup, gunkshot, moonblast, roost] ttype=steel
INFO     Sampling battle 10
INFO     	        malamar     contrary  chestoberry [knockoff, psychocut, rest, superpower] ttype=poison
INFO     	      ceruledge    weakarmor heavydutyboots [bitterblade, closecombat, poltergeist, swordsdance] ttype=fighting
INFO     	     mabosstiff     stakeout   choiceband [crunch, playrough, psychicfangs, wildcharge] ttype=fairy
INFO     Sampling 2 unrevealed pokemon
INFO     	        weezing     levitate    leftovers [fireblast, painsplit, sludgebomb, willowisp] ttype=steel
INFO     	      electrode   soundproof      lifeorb [taunt, terablast, thunderbolt, voltswitch] ttype=ice
INFO     Sampling battle 11
INFO     	        malamar     contrary  chestoberry [knockoff, psychocut, rest, superpower] ttype=steel
INFO     	      ceruledge    weakarmor heavydutyboots [bitterblade, poltergeist, shadowsneak, swordsdance] ttype=ghost
INFO     	     mabosstiff     stakeout   choiceband [crunch, playrough, psychicfangs, wildcharge] ttype=dark
INFO     Sampling 2 unrevealed pokemon
INFO     	        snorlax     thickfat    leftovers [bodyslam, crunch, curse, earthquake] ttype=ground
INFO     	         rhydon lightningrod     eviolite [earthquake, megahorn, stoneedge, swordsdance] ttype=flying
INFO     Sampling battle 12
INFO     	        malamar     contrary    leftovers [knockoff, rest, sleeptalk, superpower] ttype=steel
INFO     	      ceruledge    weakarmor heavydutyboots [bitterblade, poltergeist, shadowsneak, swordsdance] ttype=ghost
INFO     	     mabosstiff     stakeout   choiceband [crunch, playrough, psychicfangs, wildcharge] ttype=dark
INFO     Sampling 2 unrevealed pokemon
INFO     	   dugtrioalola tanglinghair      lifeorb [earthquake, ironhead, suckerpunch, swordsdance] ttype=steel
INFO     	     rotomfrost     levitate heavydutyboots [blizzard, nastyplot, thunderbolt, willowisp] ttype=electric
INFO     Sampling battle 13
INFO     	        malamar     contrary    leftovers [knockoff, rest, sleeptalk, superpower] ttype=fighting
INFO     	      ceruledge    weakarmor heavydutyboots [bitterblade, poltergeist, shadowsneak, swordsdance] ttype=fire
INFO     	     mabosstiff     stakeout   choiceband [crunch, playrough, psychicfangs, wildcharge] ttype=dark
INFO     Sampling 2 unrevealed pokemon
INFO     	       venusaur     overgrow    leftovers [energyball, sleeppowder, sludgebomb, synthesis] ttype=steel
INFO     	ursalunabloodmoon     mindseye    leftovers [bloodmoon, calmmind, moonlight, vacuumwave] ttype=normal
INFO     Sampling battle 14
INFO     	        malamar     contrary  chestoberry [knockoff, psychocut, rest, superpower] ttype=steel
INFO     	      ceruledge    weakarmor heavydutyboots [bitterblade, closecombat, poltergeist, swordsdance] ttype=ghost
INFO     	     mabosstiff     stakeout   choiceband [crunch, playrough, psychicfangs, wildcharge] ttype=dark
INFO     Sampling 2 unrevealed pokemon
INFO     	    raichualola  surgesurfer      lifeorb [grassknot, nastyplot, psyshock, thunderbolt] ttype=grass
INFO     	         swanna    hydration heavydutyboots [bravebird, defog, hydropump, roost] ttype=ground
INFO     Sampling battle 15
INFO     	        malamar     contrary  chestoberry [knockoff, psychocut, rest, superpower] ttype=fighting
INFO     	      ceruledge    weakarmor heavydutyboots [bitterblade, closecombat, poltergeist, swordsdance] ttype=fighting
INFO     	     mabosstiff     stakeout   choiceband [crunch, playrough, psychicfangs, wildcharge] ttype=dark
INFO     Sampling 2 unrevealed pokemon
INFO     	      regidrago   dragonsmaw     lumberry [dracometeor, dragondance, earthquake, outrage] ttype=dragon
INFO     	      regieleki   transistor       magnet [rapidspin, terablast, thunderbolt, voltswitch] ttype=ice
INFO     Searching for a move using MCTS...
INFO     Sampling 16 battles at 500ms each
INFO     Choice: icebeam
INFO     Updated malamar's min speed to 138
INFO     malamar used a fighting move, removing fightinggem from possible items
INFO     Setting malamar's last used move: superpower
INFO     malamar used a damaging move - not guessing lifeorb anymore
INFO     malamar did 49.3% damage to regice with superpower
INFO     malamar's attack was boosted by 1 to 1
INFO     malamar's defense was boosted by 1 to 1
INFO     regice already has the move icebeam. Decrementing the PP by 1
INFO     regice used a ice move, removing icegem from possible items
INFO     Setting regice's last used move: icebeam
INFO     regice used a damaging move - not guessing lifeorb anymore
INFO     regice did 43.0% damage to malamar with icebeam
INFO     malamar has less than maxhp during upkeep, no longer guessing leftovers or blacksludge
INFO     
INFO     Turn: 17
INFO     loaded 12 player and 0 effective opponent priors
INFO     Sampling battle 0
INFO     	        malamar     contrary  chestoberry [knockoff, psychocut, rest, superpower] ttype=poison
INFO     	      ceruledge    weakarmor heavydutyboots [bitterblade, closecombat, poltergeist, swordsdance] ttype=fire
INFO     	     mabosstiff     stakeout   choiceband [crunch, playrough, psychicfangs, wildcharge] ttype=fairy
INFO     Sampling 2 unrevealed pokemon
INFO     	       meganium     overgrow    leftovers [earthquake, knockoff, petalblizzard, swordsdance] ttype=ground
INFO     	       maushold   technician     widelens [bite, encore, populationbomb, tidyup] ttype=normal
INFO     Sampling battle 1
INFO     	        malamar     contrary  chestoberry [knockoff, psychocut, rest, superpower] ttype=steel
INFO     	      ceruledge    weakarmor heavydutyboots [bitterblade, closecombat, poltergeist, swordsdance] ttype=fighting
INFO     	     mabosstiff     stakeout   choiceband [crunch, playrough, psychicfangs, wildcharge] ttype=fairy
INFO     Sampling 2 unrevealed pokemon
INFO     	    kyuremwhite   turboblaze  choicescarf [dracometeor, earthpower, freezedry, fusionflare] ttype=fire
INFO     	      regieleki   transistor       magnet [explosion, rapidspin, thunderbolt, voltswitch] ttype=electric
INFO     Sampling battle 2
INFO     	        malamar     contrary  chestoberry [knockoff, psychocut, rest, superpower] ttype=steel
INFO     	      ceruledge    weakarmor heavydutyboots [bitterblade, poltergeist, shadowsneak, swordsdance] ttype=ghost
INFO     	     mabosstiff     stakeout   choiceband [crunch, playrough, psychicfangs, wildcharge] ttype=fairy
INFO     Sampling 2 unrevealed pokemon
INFO     	       bronzong     levitate    leftovers [earthquake, hypnosis, psychicnoise, stealthrock] ttype=electric
INFO     	          entei   innerfocus   choiceband [extremespeed, flareblitz, sacredfire, stompingtantrum] ttype=normal
INFO     Sampling battle 3
INFO     	        malamar     contrary  chestoberry [knockoff, psychocut, rest, superpower] ttype=fighting
INFO     	      ceruledge    weakarmor heavydutyboots [bitterblade, poltergeist, shadowsneak, swordsdance] ttype=ghost
INFO     	     mabosstiff     stakeout   choiceband [crunch, playrough, psychicfangs, wildcharge] ttype=fairy
INFO     Sampling 2 unrevealed pokemon
INFO     	         comfey       triage    leftovers [calmmind, drainingkiss, taunt, terablast] ttype=ground
INFO     	      indeedeef psychicsurge      lifeorb [calmmind, hypervoice, psychic, shadowball] ttype=psychic
INFO     Sampling battle 4
INFO     	        malamar     contrary  chestoberry [knockoff, psychocut, rest, superpower] ttype=poison
INFO     	      ceruledge    weakarmor heavydutyboots [bitterblade, poltergeist, shadowsneak, swordsdance] ttype=ghost
INFO     	     mabosstiff     stakeout   choiceband [crunch, playrough, psychicfangs, wildcharge] ttype=fairy
INFO     Sampling 2 unrevealed pokemon
INFO     	       appletun     thickfat    leftovers [appleacid, dracometeor, dragontail, recover] ttype=steel
INFO     	        spidops     stakeout heavydutyboots [circlethrow, knockoff, stickyweb, uturn] ttype=ghost
INFO     Sampling battle 5
INFO     	        malamar     contrary  chestoberry [knockoff, psychocut, rest, superpower] ttype=poison
INFO     	      ceruledge    weakarmor heavydutyboots [bitterblade, closecombat, poltergeist, swordsdance] ttype=fighting
INFO     	     mabosstiff     stakeout   choiceband [crunch, playrough, psychicfangs, wildcharge] ttype=fairy
INFO     Sampling 2 unrevealed pokemon
INFO     	          entei   innerfocus   choiceband [extremespeed, flareblitz, sacredfire, stompingtantrum] ttype=fire
INFO     	    fezandipiti   toxicchain    leftovers [beatup, gunkshot, moonblast, roost] ttype=dark
INFO     Sampling battle 6
INFO     	        malamar     contrary  chestoberry [knockoff, psychocut, rest, superpower] ttype=steel
INFO     	      ceruledge    weakarmor heavydutyboots [bitterblade, closecombat, poltergeist, swordsdance] ttype=fighting
INFO     	     mabosstiff     stakeout   choiceband [crunch, playrough, psychicfangs, wildcharge] ttype=dark
INFO     Sampling 2 unrevealed pokemon
INFO     	    deoxysspeed     pressure      lifeorb [darkpulse, focusblast, nastyplot, psychoboost] ttype=fighting
INFO     	       vikavolt     levitate heavydutyboots [bugbuzz, energyball, stickyweb, thunderbolt] ttype=electric
INFO     Sampling battle 7
INFO     	        malamar     contrary  chestoberry [knockoff, psychocut, rest, superpower] ttype=fighting
INFO     	      ceruledge    weakarmor heavydutyboots [bitterblade, closecombat, poltergeist, swordsdance] ttype=fighting
INFO     	     mabosstiff     stakeout   choiceband [crunch, playrough, psychicfangs, wildcharge] ttype=fairy
INFO     Sampling 2 unrevealed pokemon
INFO     	      terapagos    terashift heavydutyboots [calmmind, darkpulse, rapidspin, terastarstorm] ttype=stellar
INFO     	taurospaldeaaqua   intimidate      lifeorb [aquajet, bulkup, closecombat, liquidation] ttype=water
INFO     Sampling battle 8
INFO     	        malamar     contrary  chestoberry [knockoff, psychocut, rest, superpower] ttype=fighting
INFO     	      ceruledge    weakarmor heavydutyboots [bitterblade, closecombat, poltergeist, swordsdance] ttype=ghost
INFO     	     mabosstiff     stakeout   choiceband [crunch, playrough, psychicfangs, wildcharge] ttype=fairy
INFO     Sampling 2 unrevealed pokemon
INFO     	       illumise    prankster heavydutyboots [bugbuzz, encore, roost, thunderwave] ttype=steel
INFO     	      passimian      defiant    leftovers [bulkup, drainpunch, gunkshot, knockoff] ttype=steel
INFO     Sampling battle 9
INFO     	        malamar     contrary  chestoberry [knockoff, psychocut, rest, superpower] ttype=steel
INFO     	      ceruledge    weakarmor heavydutyboots [bitterblade, closecombat, poltergeist, swordsdance] ttype=fighting
INFO     	     mabosstiff     stakeout   choiceband [crunch, playrough, psychicfangs, wildcharge] ttype=fairy
INFO     Sampling 2 unrevealed pokemon
INFO     	       sneasler     unburden    whiteherb [acrobatics, closecombat, gunkshot, swordsdance] ttype=flying
INFO     	       empoleon  competitive    leftovers [roost, stealthrock, surf, yawn] ttype=flying
INFO     Sampling battle 10
INFO     	        malamar     contrary  chestoberry [knockoff, psychocut, rest, superpower] ttype=poison
INFO     	      ceruledge    weakarmor heavydutyboots [bitterblade, closecombat, poltergeist, swordsdance] ttype=fire
INFO     	     mabosstiff     stakeout   choiceband [crunch, playrough, psychicfangs, wildcharge] ttype=dark
INFO     Sampling 2 unrevealed pokemon
INFO     	  arceuspsychic    multitype    mindplate [bodypress, cosmicpower, recover, storedpower] ttype=steel
INFO     	       grafaiai  poisontouch      lifeorb [gunkshot, knockoff, lowkick, swordsdance] ttype=dark
INFO     Sampling battle 11
INFO     	        malamar     contrary  chestoberry [knockoff, psychocut, rest, superpower] ttype=poison
INFO     	      ceruledge    weakarmor heavydutyboots [bitterblade, closecombat, poltergeist, swordsdance] ttype=fire
INFO     	     mabosstiff     stakeout   choiceband [crunch, playrough, psychicfangs, wildcharge] ttype=dark
INFO     Sampling 2 unrevealed pokemon
INFO     	    deoxysspeed     pressure      lifeorb [darkpulse, focusblast, nastyplot, psychoboost] ttype=psychic
INFO     	        ariados        swarm heavydutyboots [knockoff, megahorn, poisonjab, stickyweb] ttype=ghost
INFO     Sampling battle 12
INFO     	        malamar     contrary  chestoberry [knockoff, psychocut, rest, superpower] ttype=steel
INFO     	      ceruledge    weakarmor heavydutyboots [bitterblade, poltergeist, shadowsneak, swordsdance] ttype=fire
INFO     	     mabosstiff     stakeout   choiceband [crunch, playrough, psychicfangs, wildcharge] ttype=fairy
INFO     Sampling 2 unrevealed pokemon
INFO     	     wigglytuff  competitive    leftovers [alluringvoice, knockoff, protect, wish] ttype=steel
INFO     	       ludicolo    swiftswim      lifeorb [gigadrain, hydropump, icebeam, raindance] ttype=steel
INFO     Sampling battle 13
INFO     	        malamar     contrary  chestoberry [knockoff, psychocut, rest, superpower] ttype=poison
INFO     	      ceruledge    weakarmor heavydutyboots [bitterblade, closecombat, poltergeist, swordsdance] ttype=fire
INFO     	     mabosstiff     stakeout   choiceband [crunch, playrough, psychicfangs, wildcharge] ttype=fairy
INFO     Sampling 2 unrevealed pokemon
INFO     	  slowkinggalar  regenerator  assaultvest [futuresight, psychicnoise, sludgebomb, surf] ttype=fairy
INFO     	         emboar     reckless    leftovers [bulkup, drainpunch, flareblitz, trailblaze] ttype=fighting
INFO     Sampling battle 14
INFO     	        malamar     contrary  chestoberry [knockoff, psychocut, rest, superpower] ttype=fighting
INFO     	      ceruledge    weakarmor heavydutyboots [bitterblade, poltergeist, shadowsneak, swordsdance] ttype=fire
INFO     	     mabosstiff     stakeout   choiceband [crunch, playrough, psychicfangs, wildcharge] ttype=fairy
INFO     Sampling 2 unrevealed pokemon
INFO     	       empoleon  competitive    leftovers [icebeam, roost, stealthrock, surf] ttype=grass
INFO     	       hariyama         guts     flameorb [bulletpunch, closecombat, facade, knockoff] ttype=normal
INFO     Sampling battle 15
INFO     	        malamar     contrary  chestoberry [knockoff, psychocut, rest, superpower] ttype=steel
INFO     	      ceruledge    weakarmor heavydutyboots [bitterblade, poltergeist, shadowsneak, swordsdance] ttype=fire
INFO     	     mabosstiff     stakeout   choiceband [crunch, playrough, psychicfangs, wildcharge] ttype=dark
INFO     Sampling 2 unrevealed pokemon
INFO     	      dunsparce  serenegrace     eviolite [bodyslam, coil, earthquake, roost] ttype=ground
INFO     	   dialgaorigin     pressure adamantcrystal [dracometeor, dragontail, flashcannon, stealthrock] ttype=dragon
INFO     Searching for a move using MCTS...
INFO     Sampling 16 battles at 500ms each
INFO     Choice: switch ironleaves
INFO     ironleaves switched in, adding intimidate to impossible abilities
INFO     ironleaves switched in, adding pressure to impossible abilities
INFO     ironleaves switched in, adding neutralizinggas to impossible abilities
INFO     ironleaves switched in, adding sandstream to impossible abilities
INFO     ironleaves switched in, adding drought to impossible abilities
INFO     ironleaves switched in, adding drizzle to impossible abilities
INFO     ironleaves switched in, adding snowwarning to impossible abilities
INFO     ironleaves switched in, adding boosterenergy to impossible items
INFO     ironleaves switched in, adding airballoon to impossible items
INFO     malamar already has the move superpower. Decrementing the PP by 1
INFO     malamar used a fighting move, removing fightinggem from possible items
INFO     Setting malamar's last used move: superpower
INFO     malamar used a damaging move - not guessing lifeorb anymore
INFO     malamar did 22.91% damage to ironleaves with superpower
INFO     malamar's attack was boosted by 1 to 2
INFO     malamar's defense was boosted by 1 to 2
INFO     malamar has less than maxhp during upkeep, no longer guessing leftovers or blacksludge
INFO     
INFO     Turn: 18
INFO     loaded 12 player and 0 effective opponent priors
INFO     Sampling battle 0
INFO     	        malamar     contrary  chestoberry [knockoff, psychocut, rest, superpower] ttype=poison
INFO     	      ceruledge    weakarmor heavydutyboots [bitterblade, poltergeist, shadowsneak, swordsdance] ttype=ghost
INFO     	     mabosstiff     stakeout   choiceband [crunch, playrough, psychicfangs, wildcharge] ttype=dark
INFO     Sampling 2 unrevealed pokemon
INFO     	      girafarig    sapsipper     eviolite [dazzlinggleam, nastyplot, psyshock, shadowball] ttype=fairy
INFO     	 lilliganthisui       hustle      lifeorb [closecombat, icespinner, leafblade, victorydance] ttype=steel
INFO     Sampling battle 1
INFO     	        malamar     contrary  chestoberry [knockoff, psychocut, rest, superpower] ttype=poison
INFO     	      ceruledge    weakarmor heavydutyboots [bitterblade, poltergeist, shadowsneak, swordsdance] ttype=fire
INFO     	     mabosstiff     stakeout   choiceband [crunch, playrough, psychicfangs, wildcharge] ttype=dark
INFO     Sampling 2 unrevealed pokemon
INFO     	    kyuremwhite   turboblaze  choicespecs [dracometeor, earthpower, freezedry, fusionflare] ttype=fire
INFO     	      garganacl purifyingsalt    leftovers [bodypress, irondefense, recover, saltcure] ttype=ghost
INFO     Sampling battle 2
INFO     	        malamar     contrary  chestoberry [knockoff, psychocut, rest, superpower] ttype=poison
INFO     	      ceruledge    weakarmor heavydutyboots [bitterblade, closecombat, poltergeist, swordsdance] ttype=fighting
INFO     	     mabosstiff     stakeout   choiceband [crunch, playrough, psychicfangs, wildcharge] ttype=dark
INFO     Sampling 2 unrevealed pokemon
INFO     	      ninetales      drought heavydutyboots [fireblast, nastyplot, scorchingsands, solarbeam] ttype=fire
INFO     	      blastoise      torrent    whiteherb [earthquake, hydropump, icebeam, shellsmash] ttype=ground
INFO     Sampling battle 3
INFO     	        malamar     contrary  chestoberry [knockoff, psychocut, rest, superpower] ttype=fighting
INFO     	      ceruledge    weakarmor heavydutyboots [bitterblade, closecombat, poltergeist, swordsdance] ttype=fire
INFO     	     mabosstiff     stakeout   choiceband [crunch, playrough, psychicfangs, wildcharge] ttype=fairy
INFO     Sampling 2 unrevealed pokemon
INFO     	         mewtwo     pressure      lifeorb [fireblast, nastyplot, psystrike, recover] ttype=fire
INFO     	      greattusk protosynthesis    leftovers [bulkup, closecombat, earthquake, rapidspin] ttype=steel
INFO     Sampling battle 4
INFO     	        malamar     contrary  chestoberry [knockoff, psychocut, rest, superpower] ttype=steel
INFO     	      ceruledge    weakarmor heavydutyboots [bitterblade, poltergeist, shadowsneak, swordsdance] ttype=ghost
INFO     	     mabosstiff     stakeout   choiceband [crunch, playrough, psychicfangs, wildcharge] ttype=fairy
INFO     Sampling 2 unrevealed pokemon
INFO     	         goodra    sapsipper  assaultvest [dracometeor, dragontail, earthquake, scald] ttype=ground
INFO     	     ironthorns   quarkdrive   airballoon [icepunch, spikes, stoneedge, wildcharge] ttype=water
INFO     Sampling battle 5
INFO     	        malamar     contrary  chestoberry [knockoff, psychocut, rest, superpower] ttype=poison
INFO     	      ceruledge    weakarmor heavydutyboots [bitterblade, closecombat, poltergeist, swordsdance] ttype=fighting
INFO     	     mabosstiff     stakeout   choiceband [crunch, playrough, psychicfangs, wildcharge] ttype=fairy
INFO     Sampling 2 unrevealed pokemon
INFO     	    slitherwing protosynthesis heavydutyboots [closecombat, morningsun, uturn, willowisp] ttype=fire
INFO     	         dodrio    earlybird heavydutyboots [bravebird, doubleedge, drillrun, swordsdance] ttype=flying
INFO     Sampling battle 6
INFO     	        malamar     contrary  chestoberry [knockoff, psychocut, rest, superpower] ttype=fighting
INFO     	      ceruledge    weakarmor heavydutyboots [bitterblade, closecombat, poltergeist, swordsdance] ttype=ghost
INFO     	     mabosstiff     stakeout   choiceband [crunch, playrough, psychicfangs, wildcharge] ttype=dark
INFO     Sampling 2 unrevealed pokemon
INFO     	         comfey       triage    leftovers [calmmind, drainingkiss, gigadrain, storedpower] ttype=steel
INFO     	      meowsticf  competitive      lifeorb [alluringvoice, nastyplot, psychic, thunderbolt] ttype=fairy
INFO     Sampling battle 7
INFO     	        malamar     contrary  chestoberry [knockoff, psychocut, rest, superpower] ttype=poison
INFO     	      ceruledge    weakarmor heavydutyboots [bitterblade, closecombat, poltergeist, swordsdance] ttype=fire
INFO     	     mabosstiff     stakeout   choiceband [crunch, playrough, psychicfangs, wildcharge] ttype=fairy
INFO     Sampling 2 unrevealed pokemon
INFO     	       cinccino   technician   loadeddice [bulletseed, tailslap, tripleaxel, uturn] ttype=grass
INFO     	         zapdos       static heavydutyboots [discharge, heatwave, hurricane, roost] ttype=electric
INFO     Sampling battle 8
INFO     	        malamar     contrary  chestoberry [knockoff, psychocut, rest, superpower] ttype=poison
INFO     	      ceruledge    weakarmor heavydutyboots [bitterblade, closecombat, poltergeist, swordsdance] ttype=fighting
INFO     	     mabosstiff     stakeout   choiceband [crunch, playrough, psychicfangs, wildcharge] ttype=fairy
INFO     Sampling 2 unrevealed pokemon
INFO     	       sunflora  chlorophyll  choicespecs [dazzlinggleam, earthpower, leafstorm, sludgebomb] ttype=poison
INFO     	enamorustherian     overcoat weaknesspolicy [agility, earthpower, moonblast, superpower] ttype=ground
INFO     Sampling battle 9
INFO     	        malamar     contrary  chestoberry [knockoff, psychocut, rest, superpower] ttype=steel
INFO     	      ceruledge    weakarmor heavydutyboots [bitterblade, poltergeist, shadowsneak, swordsdance] ttype=fire
INFO     	     mabosstiff     stakeout   choiceband [crunch, playrough, psychicfangs, wildcharge] ttype=fairy
INFO     Sampling 2 unrevealed pokemon
INFO     	      passimian      defiant  choicescarf [closecombat, earthquake, knockoff, uturn] ttype=dark
INFO     	       porygonz adaptability      lifeorb [icebeam, nastyplot, thunderbolt, triattack] ttype=electric
INFO     Sampling battle 10
INFO     	        malamar     contrary  chestoberry [knockoff, psychocut, rest, superpower] ttype=fighting
INFO     	      ceruledge    weakarmor heavydutyboots [bitterblade, closecombat, poltergeist, swordsdance] ttype=fighting
INFO     	     mabosstiff     stakeout   choiceband [crunch, playrough, psychicfangs, wildcharge] ttype=fairy
INFO     Sampling 2 unrevealed pokemon
INFO     	         kommoo   soundproof   loadeddice [closecombat, ironhead, scaleshot, swordsdance] ttype=steel
INFO     	       rotommow     levitate    leftovers [leafstorm, nastyplot, thunderbolt, willowisp] ttype=grass
INFO     Sampling battle 11
INFO     	        malamar     contrary  chestoberry [knockoff, psychocut, rest, superpower] ttype=steel
INFO     	      ceruledge    weakarmor heavydutyboots [bitterblade, closecombat, poltergeist, swordsdance] ttype=fire
INFO     	     mabosstiff     stakeout   choiceband [crunch, playrough, psychicfangs, wildcharge] ttype=dark
INFO     Sampling 2 unrevealed pokemon
INFO     	     electivire   motordrive      lifeorb [earthquake, flamethrower, knockoff, supercellslam] ttype=dark
INFO     	     talonflame    flamebody heavydutyboots [bravebird, defog, overheat, roost] ttype=ground
INFO     Sampling battle 12
INFO     	        malamar     contrary  chestoberry [knockoff, psychocut, rest, superpower] ttype=fighting
INFO     	      ceruledge    weakarmor heavydutyboots [bitterblade, closecombat, poltergeist, swordsdance] ttype=fighting
INFO     	     mabosstiff     stakeout   choiceband [crunch, playrough, psychicfangs, wildcharge] ttype=dark
INFO     Sampling 2 unrevealed pokemon
INFO     	       torterra     overgrow   loadeddice [bulletseed, headlongrush, rockblast, shellsmash] ttype=water
INFO     	        toxapex  regenerator    leftovers [haze, liquidation, recover, toxic] ttype=flying
INFO     Sampling battle 13
INFO     	        malamar     contrary  chestoberry [knockoff, psychocut, rest, superpower] ttype=poison
INFO     	      ceruledge    weakarmor heavydutyboots [bitterblade, closecombat, poltergeist, swordsdance] ttype=ghost
INFO     	     mabosstiff     stakeout   choiceband [crunch, playrough, psychicfangs, wildcharge] ttype=dark
INFO     Sampling 2 unrevealed pokemon
INFO     	 arceusfighting    multitype    fistplate [bodypress, cosmicpower, recover, storedpower] ttype=steel
INFO     	      araquanid  waterbubble heavydutyboots [hydropump, leechlife, liquidation, stickyweb] ttype=ground
INFO     Sampling battle 14
INFO     	        malamar     contrary  chestoberry [knockoff, psychocut, rest, superpower] ttype=poison
INFO     	      ceruledge    weakarmor heavydutyboots [bitterblade, poltergeist, shadowsneak, swordsdance] ttype=ghost
INFO     	     mabosstiff     stakeout   choiceband [crunch, playrough, psychicfangs, wildcharge] ttype=fairy
INFO     Sampling 2 unrevealed pokemon
INFO     	    gougingfire protosynthesis heavydutyboots [dragondance, earthquake, heatcrash, outrage] ttype=ground
INFO     	       articuno     pressure heavydutyboots [bravebird, freezedry, haze, roost] ttype=steel
INFO     Sampling battle 15
INFO     	        malamar     contrary  chestoberry [knockoff, psychocut, rest, superpower] ttype=steel
INFO     	      ceruledge    weakarmor heavydutyboots [bitterblade, closecombat, poltergeist, swordsdance] ttype=fire
INFO     	     mabosstiff     stakeout   choiceband [crunch, playrough, psychicfangs, wildcharge] ttype=fairy
INFO     Sampling 2 unrevealed pokemon
INFO     	       espathra   speedboost    leftovers [calmmind, dazzlinggleam, storedpower, substitute] ttype=fairy
INFO     	        pikachu lightningrod    lightball [knockoff, surf, voltswitch, volttackle] ttype=water
INFO     Searching for a move using MCTS...
INFO     Sampling 16 battles at 500ms each
INFO     Choice: leafblade
INFO     Updated malamar's max speed to 213
INFO     ironleaves already has the move leafblade. Decrementing the PP by 1
INFO     ironleaves used a grass move, removing grassgem from possible items
INFO     Setting ironleaves's last used move: leafblade
INFO     ironleaves used a damaging move - not guessing lifeorb anymore
INFO     ironleaves did 20.0% damage to malamar with leafblade
INFO     malamar used two different moves - it cannot have a choice item
INFO     malamar used a status-move. Adding `assaultvest` to impossible items
INFO     Setting malamar's last used move: rest
INFO     Setting rest_turns to 3 for malamar
INFO     malamar got status: slp
INFO     No longer guessing lumberry because malamar got status slp
INFO     Removing malamar's item: chestoberry
INFO     Setting malamar's removed item to chestoberry
INFO     malamar is being cured of sleep, setting rest_turns & sleep_turns to 0
INFO     
INFO     Turn: 19
INFO     loaded 12 player and 0 effective opponent priors
INFO     Sampling battle 0
INFO     	        malamar     contrary         None [knockoff, psychocut, rest, superpower] ttype=fighting
INFO     	      ceruledge    weakarmor heavydutyboots [bitterblade, closecombat, poltergeist, swordsdance] ttype=ghost
INFO     	     mabosstiff     stakeout   choiceband [crunch, playrough, psychicfangs, wildcharge] ttype=fairy
INFO     Sampling 2 unrevealed pokemon
INFO     	         gogoat    sapsipper    leftovers [bulkup, earthquake, hornleech, milkdrink] ttype=ground
INFO     	   avalugghisui       sturdy heavydutyboots [avalanche, bodypress, recover, stoneedge] ttype=poison
INFO     Sampling battle 1
INFO     	        malamar     contrary         None [knockoff, psychocut, rest, superpower] ttype=steel
INFO     	      ceruledge    weakarmor heavydutyboots [bitterblade, closecombat, poltergeist, swordsdance] ttype=fire
INFO     	     mabosstiff     stakeout   choiceband [crunch, playrough, psychicfangs, wildcharge] ttype=fairy
INFO     Sampling 2 unrevealed pokemon
INFO     	       politoed      drizzle  chestoberry [encore, hydropump, icebeam, rest] ttype=steel
INFO     	         veluza    sharpness  sitrusberry [aquacutter, filletaway, nightslash, psychocut] ttype=dark
INFO     Sampling battle 2
INFO     	        malamar     contrary         None [knockoff, psychocut, rest, superpower] ttype=poison
INFO     	      ceruledge    weakarmor heavydutyboots [bitterblade, poltergeist, shadowsneak, swordsdance] ttype=ghost
INFO     	     mabosstiff     stakeout   choiceband [crunch, playrough, psychicfangs, wildcharge] ttype=dark
INFO     Sampling 2 unrevealed pokemon
INFO     	         dodrio    earlybird   choiceband [bravebird, drillrun, knockoff, quickattack] ttype=ground
INFO     	   dugtrioalola tanglinghair   choiceband [earthquake, ironhead, stoneedge, suckerpunch] ttype=ground
INFO     Sampling battle 3
INFO     	        malamar     contrary         None [knockoff, psychocut, rest, superpower] ttype=poison
INFO     	      ceruledge    weakarmor heavydutyboots [bitterblade, poltergeist, shadowsneak, swordsdance] ttype=fire
INFO     	     mabosstiff     stakeout   choiceband [crunch, playrough, psychicfangs, wildcharge] ttype=dark
INFO     Sampling 2 unrevealed pokemon
INFO     	      gardevoir        trace  choicescarf [focusblast, moonblast, mysticalfire, psychic] ttype=fire
INFO     	       skarmory       sturdy    leftovers [bodypress, bravebird, irondefense, roost] ttype=fighting
INFO     Sampling battle 4
INFO     	        malamar     contrary         None [knockoff, psychocut, rest, superpower] ttype=fighting
INFO     	      ceruledge    weakarmor heavydutyboots [bitterblade, closecombat, poltergeist, swordsdance] ttype=ghost
INFO     	     mabosstiff     stakeout   choiceband [crunch, playrough, psychicfangs, wildcharge] ttype=fairy
INFO     Sampling 2 unrevealed pokemon
INFO     	       hariyama         guts     flameorb [closecombat, facade, headlongrush, knockoff] ttype=normal
INFO     	        golduck    cloudnine    leftovers [grassknot, hydropump, icebeam, nastyplot] ttype=water
INFO     Sampling battle 5
INFO     	        malamar     contrary         None [knockoff, psychocut, rest, superpower] ttype=fighting
INFO     	      ceruledge    weakarmor heavydutyboots [bitterblade, poltergeist, shadowsneak, swordsdance] ttype=fire
INFO     	     mabosstiff     stakeout   choiceband [crunch, playrough, psychicfangs, wildcharge] ttype=fairy
INFO     Sampling 2 unrevealed pokemon
INFO     	       rotommow     levitate  choicescarf [leafstorm, thunderbolt, trick, voltswitch] ttype=electric
INFO     	      duraludon   lightmetal     eviolite [bodypress, dracometeor, flashcannon, stealthrock] ttype=fighting
INFO     Sampling battle 6
INFO     	        malamar     contrary         None [knockoff, psychocut, rest, superpower] ttype=fighting
INFO     	      ceruledge    weakarmor heavydutyboots [bitterblade, closecombat, poltergeist, swordsdance] ttype=ghost
INFO     	     mabosstiff     stakeout   choiceband [crunch, playrough, psychicfangs, wildcharge] ttype=fairy
INFO     Sampling 2 unrevealed pokemon
INFO     	taurospaldeablaze      cudchew  sitrusberry [bulkup, closecombat, ragingbull, substitute] ttype=water
INFO     	 ninetalesalola  snowwarning    lightclay [auroraveil, blizzard, encore, moonblast] ttype=water
INFO     Sampling battle 7
INFO     	        malamar     contrary         None [knockoff, psychocut, rest, superpower] ttype=fighting
INFO     	      ceruledge    weakarmor heavydutyboots [bitterblade, poltergeist, shadowsneak, swordsdance] ttype=ghost
INFO     	     mabosstiff     stakeout   choiceband [crunch, playrough, psychicfangs, wildcharge] ttype=fairy
INFO     Sampling 2 unrevealed pokemon
INFO     	       ursaluna         guts     flameorb [crunch, facade, headlongrush, trailblaze] ttype=normal
INFO     	         swanna    hydration heavydutyboots [bravebird, defog, hydropump, roost] ttype=ground
INFO     Sampling battle 8
INFO     	        malamar     contrary         None [knockoff, psychocut, rest, superpower] ttype=fighting
INFO     	      ceruledge    weakarmor heavydutyboots [bitterblade, closecombat, poltergeist, swordsdance] ttype=fire
INFO     	     mabosstiff     stakeout   choiceband [crunch, playrough, psychicfangs, wildcharge] ttype=fairy
INFO     Sampling 2 unrevealed pokemon
INFO     	       bronzong     levitate    leftovers [bodypress, irondefense, ironhead, psychicnoise] ttype=fighting
INFO     	       lumineon   stormdrain heavydutyboots [encore, hydropump, icebeam, uturn] ttype=ground
INFO     Sampling battle 9
INFO     	        malamar     contrary         None [knockoff, psychocut, rest, superpower] ttype=poison
INFO     	      ceruledge    weakarmor heavydutyboots [bitterblade, closecombat, poltergeist, swordsdance] ttype=fighting
INFO     	     mabosstiff     stakeout   choiceband [crunch, playrough, psychicfangs, wildcharge] ttype=dark
INFO     Sampling 2 unrevealed pokemon
INFO     	        dugtrio    arenatrap   choiceband [earthquake, stoneedge, suckerpunch, throatchop] ttype=ground
INFO     	zamazentacrowned dauntlessshield rustedshield [bodypress, heavyslam, irondefense, stoneedge] ttype=fighting
INFO     Sampling battle 10
INFO     	        malamar     contrary         None [knockoff, psychocut, rest, superpower] ttype=poison
INFO     	      ceruledge    weakarmor heavydutyboots [bitterblade, closecombat, poltergeist, swordsdance] ttype=fire
INFO     	     mabosstiff     stakeout   choiceband [crunch, playrough, psychicfangs, wildcharge] ttype=dark
INFO     Sampling 2 unrevealed pokemon
INFO     	      farigiraf    sapsipper    leftovers [bodyslam, protect, psychicnoise, wish] ttype=water
INFO     	       magcargo    weakarmor heavydutyboots [earthpower, fireblast, powergem, shellsmash] ttype=grass
INFO     Sampling battle 11
INFO     	        malamar     contrary         None [knockoff, psychocut, rest, superpower] ttype=steel
INFO     	      ceruledge    weakarmor heavydutyboots [bitterblade, closecombat, poltergeist, swordsdance] ttype=fighting
INFO     	     mabosstiff     stakeout   choiceband [crunch, playrough, psychicfangs, wildcharge] ttype=fairy
INFO     Sampling 2 unrevealed pokemon
INFO     	       samurott      torrent      lifeorb [knockoff, liquidation, megahorn, swordsdance] ttype=water
INFO     	        grumpig     thickfat    leftovers [focusblast, nastyplot, psyshock, shadowball] ttype=fighting
INFO     Sampling battle 12
INFO     	        malamar     contrary         None [knockoff, psychocut, rest, superpower] ttype=poison
INFO     	      ceruledge    weakarmor heavydutyboots [bitterblade, poltergeist, shadowsneak, swordsdance] ttype=ghost
INFO     	     mabosstiff     stakeout   choiceband [crunch, playrough, psychicfangs, wildcharge] ttype=dark
INFO     Sampling 2 unrevealed pokemon
INFO     	          klawf  regenerator      lifeorb [highhorsepower, knockoff, stealthrock, stoneedge] ttype=rock
INFO     	       cyclizar  regenerator heavydutyboots [dracometeor, knockoff, rapidspin, shedtail] ttype=ghost
INFO     Sampling battle 13
INFO     	        malamar     contrary         None [knockoff, psychocut, rest, superpower] ttype=fighting
INFO     	      ceruledge    weakarmor heavydutyboots [bitterblade, closecombat, poltergeist, swordsdance] ttype=fire
INFO     	     mabosstiff     stakeout   choiceband [crunch, playrough, psychicfangs, wildcharge] ttype=fairy
INFO     Sampling 2 unrevealed pokemon
INFO     	lycanrocmidnight      noguard   choiceband [closecombat, playrough, stoneedge, suckerpunch] ttype=fighting
INFO     	         swalot   liquidooze    leftovers [icebeam, knockoff, painsplit, sludgebomb] ttype=dark
INFO     Sampling battle 14
INFO     	        malamar     contrary         None [knockoff, psychocut, rest, superpower] ttype=poison
INFO     	      ceruledge    weakarmor heavydutyboots [bitterblade, closecombat, poltergeist, swordsdance] ttype=fire
INFO     	     mabosstiff     stakeout   choiceband [crunch, playrough, psychicfangs, wildcharge] ttype=fairy
INFO     Sampling 2 unrevealed pokemon
INFO     	   arceusground    multitype   earthplate [earthquake, extremespeed, stoneedge, swordsdance] ttype=normal
INFO     	       venomoth   tintedlens heavydutyboots [bugbuzz, quiverdance, sleeppowder, sludgewave] ttype=steel
INFO     Sampling battle 15
INFO     	        malamar     contrary         None [knockoff, psychocut, rest, superpower] ttype=fighting
INFO     	      ceruledge    weakarmor heavydutyboots [bitterblade, poltergeist, shadowsneak, swordsdance] ttype=ghost
INFO     	     mabosstiff     stakeout   choiceband [crunch, playrough, psychicfangs, wildcharge] ttype=dark
INFO     Sampling 2 unrevealed pokemon
INFO     	      cresselia     levitate    leftovers [calmmind, moonblast, moonlight, psyshock] ttype=fairy
INFO     	       venomoth   tintedlens heavydutyboots [bugbuzz, quiverdance, sleeppowder, sludgewave] ttype=steel
INFO     Searching for a move using MCTS...
INFO     Sampling 16 battles at 500ms each
INFO     Choice: leafblade
INFO     Updated malamar's max speed to 213
INFO     ironleaves already has the move leafblade. Decrementing the PP by 1
INFO     ironleaves used a grass move, removing grassgem from possible items
INFO     Setting ironleaves's last used move: leafblade
INFO     ironleaves used a damaging move - not guessing lifeorb anymore
INFO     ironleaves did 21.0% damage to malamar with leafblade
INFO     malamar already has the move superpower. Decrementing the PP by 1
INFO     malamar used two different moves - it cannot have a choice item
INFO     malamar used a fighting move, removing fightinggem from possible items
INFO     Setting malamar's last used move: superpower
INFO     malamar used a damaging move - not guessing lifeorb anymore
INFO     malamar did 4.36% damage to ironleaves with superpower
INFO     malamar's attack was boosted by 1 to 3
INFO     malamar's defense was boosted by 1 to 3
INFO     malamar has less than maxhp during upkeep, no longer guessing leftovers or blacksludge
INFO     loaded 4 player and 0 effective opponent priors
INFO     Sampling battle 0
INFO     	        malamar     contrary         None [knockoff, psychocut, rest, superpower] ttype=poison
INFO     	      ceruledge    weakarmor heavydutyboots [bitterblade, poltergeist, shadowsneak, swordsdance] ttype=ghost
INFO     	     mabosstiff     stakeout   choiceband [crunch, playrough, psychicfangs, wildcharge] ttype=fairy
INFO     Sampling 2 unrevealed pokemon
INFO     	       vaporeon  waterabsorb    leftovers [calmmind, protect, scald, wish] ttype=ghost
INFO     	      dragonite   multiscale heavydutyboots [dragondance, earthquake, outrage, roost] ttype=ground
INFO     Sampling battle 1
INFO     	        malamar     contrary         None [knockoff, psychocut, rest, superpower] ttype=steel
INFO     	      ceruledge    weakarmor heavydutyboots [bitterblade, closecombat, poltergeist, swordsdance] ttype=ghost
INFO     	     mabosstiff     stakeout   choiceband [crunch, playrough, psychicfangs, wildcharge] ttype=dark
INFO     Sampling 2 unrevealed pokemon
INFO     	     whimsicott    prankster heavydutyboots [encore, moonblast, stunspore, uturn] ttype=steel
INFO     	       medicham    purepower   choiceband [closecombat, icepunch, poisonjab, zenheadbutt] ttype=fighting
INFO     Sampling battle 2
INFO     	        malamar     contrary         None [knockoff, psychocut, rest, superpower] ttype=poison
INFO     	      ceruledge    weakarmor heavydutyboots [bitterblade, closecombat, poltergeist, swordsdance] ttype=fire
INFO     	     mabosstiff     stakeout   choiceband [crunch, playrough, psychicfangs, wildcharge] ttype=fairy
INFO     Sampling 2 unrevealed pokemon
INFO     	      rampardos   sheerforce  choicescarf [earthquake, firepunch, headsmash, rockslide] ttype=ground
INFO     	      araquanid  waterbubble heavydutyboots [hydropump, leechlife, liquidation, stickyweb] ttype=steel
INFO     Sampling battle 3
INFO     	        malamar     contrary         None [knockoff, psychocut, rest, superpower] ttype=steel
INFO     	      ceruledge    weakarmor heavydutyboots [bitterblade, poltergeist, shadowsneak, swordsdance] ttype=ghost
INFO     	     mabosstiff     stakeout   choiceband [crunch, playrough, psychicfangs, wildcharge] ttype=dark
INFO     Sampling 2 unrevealed pokemon
INFO     	      zebstrika    sapsipper      lifeorb [highhorsepower, overheat, supercellslam, voltswitch] ttype=ground
INFO     	         pyroar      unnerve heavydutyboots [fireblast, hypervoice, taunt, willowisp] ttype=fire
INFO     Sampling battle 4
INFO     	        malamar     contrary         None [knockoff, psychocut, rest, superpower] ttype=steel
INFO     	      ceruledge    weakarmor heavydutyboots [bitterblade, poltergeist, shadowsneak, swordsdance] ttype=fire
INFO     	     mabosstiff     stakeout   choiceband [crunch, playrough, psychicfangs, wildcharge] ttype=fairy
INFO     Sampling 2 unrevealed pokemon
INFO     	          klawf   angershell     lumberry [crabhammer, knockoff, stoneedge, swordsdance] ttype=dark
INFO     	    arceussteel    multitype    ironplate [earthquake, judgment, recover, willowisp] ttype=ghost
INFO     Sampling battle 5
INFO     	        malamar     contrary         None [knockoff, psychocut, rest, superpower] ttype=steel
INFO     	      ceruledge    weakarmor heavydutyboots [bitterblade, closecombat, poltergeist, swordsdance] ttype=fighting
INFO     	     mabosstiff     stakeout   choiceband [crunch, playrough, psychicfangs, wildcharge] ttype=dark
INFO     Sampling 2 unrevealed pokemon
INFO     	     toedscruel myceliummight  assaultvest [earthpower, gigadrain, knockoff, rapidspin] ttype=water
INFO     	    gougingfire protosynthesis heavydutyboots [dragondance, heatcrash, morningsun, outrage] ttype=fairy
INFO     Sampling battle 6
INFO     	        malamar     contrary         None [knockoff, psychocut, rest, superpower] ttype=fighting
INFO     	      ceruledge    weakarmor heavydutyboots [bitterblade, closecombat, poltergeist, swordsdance] ttype=fighting
INFO     	     mabosstiff     stakeout   choiceband [crunch, playrough, psychicfangs, wildcharge] ttype=dark
INFO     Sampling 2 unrevealed pokemon
INFO     	        heatran    flashfire   airballoon [earthpower, heavyslam, lavaplume, stealthrock] ttype=grass
INFO     	    oricoriopau       dancer heavydutyboots [hurricane, quiverdance, revelationdance, roost] ttype=fighting
INFO     Sampling battle 7
INFO     	        malamar     contrary         None [knockoff, psychocut, rest, superpower] ttype=steel
INFO     	      ceruledge    weakarmor heavydutyboots [bitterblade, poltergeist, shadowsneak, swordsdance] ttype=fire
INFO     	     mabosstiff     stakeout   choiceband [crunch, playrough, psychicfangs, wildcharge] ttype=fairy
INFO     Sampling 2 unrevealed pokemon
INFO     	       qwilfish   intimidate heavydutyboots [flipturn, gunkshot, painsplit, thunderwave] ttype=dark
INFO     	 arceusfighting    multitype    fistplate [bodypress, irondefense, recover, shadowball] ttype=steel
INFO     Sampling battle 8
INFO     	        malamar     contrary         None [knockoff, psychocut, rest, superpower] ttype=poison
INFO     	      ceruledge    weakarmor heavydutyboots [bitterblade, poltergeist, shadowsneak, swordsdance] ttype=fire
INFO     	     mabosstiff     stakeout   choiceband [crunch, playrough, psychicfangs, wildcharge] ttype=dark
INFO     Sampling 2 unrevealed pokemon
INFO     	        kingdra    swiftswim      lifeorb [dracometeor, hurricane, raindance, wavecrash] ttype=water
INFO     	        grumpig     thickfat  choicespecs [earthpower, focusblast, psyshock, shadowball] ttype=ghost
INFO     Sampling battle 9
INFO     	        malamar     contrary         None [knockoff, psychocut, rest, superpower] ttype=steel
INFO     	      ceruledge    weakarmor heavydutyboots [bitterblade, closecombat, poltergeist, swordsdance] ttype=fire
INFO     	     mabosstiff     stakeout   choiceband [crunch, playrough, psychicfangs, wildcharge] ttype=dark
INFO     Sampling 2 unrevealed pokemon
INFO     	           hooh  regenerator heavydutyboots [bravebird, earthquake, recover, sacredfire] ttype=ground
INFO     	         latias     levitate      souldew [calmmind, dracometeor, psyshock, recover] ttype=steel
INFO     Sampling battle 10
INFO     	        malamar     contrary         None [knockoff, psychocut, rest, superpower] ttype=fighting
INFO     	      ceruledge    weakarmor heavydutyboots [bitterblade, poltergeist, shadowsneak, swordsdance] ttype=fire
INFO     	     mabosstiff     stakeout   choiceband [crunch, playrough, psychicfangs, wildcharge] ttype=fairy
INFO     Sampling 2 unrevealed pokemon
INFO     	        seviper     shedskin    leftovers [earthquake, gunkshot, swordsdance, trailblaze] ttype=grass
INFO     	       zangoose   toxicboost     toxicorb [closecombat, facade, knockoff, quickattack] ttype=normal
INFO     Sampling battle 11
INFO     	        malamar     contrary         None [knockoff, psychocut, rest, superpower] ttype=poison
INFO     	      ceruledge    weakarmor heavydutyboots [bitterblade, closecombat, poltergeist, swordsdance] ttype=fighting
INFO     	     mabosstiff     stakeout   choiceband [crunch, playrough, psychicfangs, wildcharge] ttype=fairy
INFO     Sampling 2 unrevealed pokemon
INFO     	       mudsdale      stamina    leftovers [earthquake, heavyslam, roar, stealthrock] ttype=steel
INFO     	       virizion    justified      lifeorb [closecombat, leafblade, stoneedge, swordsdance] ttype=rock
INFO     Sampling battle 12
INFO     	        malamar     contrary         None [knockoff, psychocut, rest, superpower] ttype=poison
INFO     	      ceruledge    weakarmor heavydutyboots [bitterblade, closecombat, poltergeist, swordsdance] ttype=ghost
INFO     	     mabosstiff     stakeout   choiceband [crunch, playrough, psychicfangs, wildcharge] ttype=fairy
INFO     Sampling 2 unrevealed pokemon
INFO     	       basculin adaptability   choiceband [aquajet, doubleedge, flipturn, wavecrash] ttype=water
INFO     	     toedscruel myceliummight    leftovers [earthpower, leafstorm, rapidspin, toxic] ttype=water
INFO     Sampling battle 13
INFO     	        malamar     contrary         None [knockoff, psychocut, rest, superpower] ttype=steel
INFO     	      ceruledge    weakarmor heavydutyboots [bitterblade, closecombat, poltergeist, swordsdance] ttype=fire
INFO     	     mabosstiff     stakeout   choiceband [crunch, playrough, psychicfangs, wildcharge] ttype=dark
INFO     Sampling 2 unrevealed pokemon
INFO     	       braviary      defiant heavydutyboots [bravebird, bulkup, closecombat, roost] ttype=steel
INFO     	          minun   voltabsorb      lifeorb [encore, grassknot, nastyplot, thunderbolt] ttype=grass
INFO     Sampling battle 14
INFO     	        malamar     contrary         None [knockoff, psychocut, rest, superpower] ttype=fighting
INFO     	      ceruledge    weakarmor heavydutyboots [bitterblade, poltergeist, shadowsneak, swordsdance] ttype=fire
INFO     	     mabosstiff     stakeout   choiceband [crunch, playrough, psychicfangs, wildcharge] ttype=fairy
INFO     Sampling 2 unrevealed pokemon
INFO     	        kleavor    sharpness   choiceband [closecombat, stoneaxe, uturn, xscissor] ttype=bug
INFO     	         glalie   innerfocus heavydutyboots [earthquake, freezedry, spikes, taunt] ttype=ground
INFO     Sampling battle 15
INFO     	        malamar     contrary         None [knockoff, psychocut, rest, superpower] ttype=steel
INFO     	      ceruledge    weakarmor heavydutyboots [bitterblade, closecombat, poltergeist, swordsdance] ttype=fighting
INFO     	     mabosstiff     stakeout   choiceband [crunch, playrough, psychicfangs, wildcharge] ttype=fairy
INFO     Sampling 2 unrevealed pokemon
INFO     	       camerupt    solidrock    leftovers [earthquake, overheat, stealthrock, willowisp] ttype=water
INFO     	       enamorus    cutecharm    leftovers [calmmind, earthpower, moonblast, substitute] ttype=ground
INFO     Searching for a move using MCTS...
INFO     Sampling 16 battles at 500ms each
INFO     Choice: switch roaringmoon
INFO     
INFO     Turn: 20
INFO     loaded 11 player and 0 effective opponent priors
INFO     Sampling battle 0
INFO     	        malamar     contrary         None [knockoff, psychocut, rest, superpower] ttype=steel
INFO     	      ceruledge    weakarmor heavydutyboots [bitterblade, closecombat, poltergeist, swordsdance] ttype=fighting
INFO     	     mabosstiff     stakeout   choiceband [crunch, playrough, psychicfangs, wildcharge] ttype=dark
INFO     Sampling 2 unrevealed pokemon
INFO     	    sandyshocks protosynthesis heavydutyboots [earthpower, stealthrock, thunderbolt, voltswitch] ttype=electric
INFO     	     sandaconda     shedskin    leftovers [coil, earthquake, glare, stoneedge] ttype=dragon
INFO     Sampling battle 1
INFO     	        malamar     contrary         None [knockoff, psychocut, rest, superpower] ttype=fighting
INFO     	      ceruledge    weakarmor heavydutyboots [bitterblade, closecombat, poltergeist, swordsdance] ttype=fighting
INFO     	     mabosstiff     stakeout   choiceband [crunch, playrough, psychicfangs, wildcharge] ttype=fairy
INFO     Sampling 2 unrevealed pokemon
INFO     	      amoonguss  regenerator  rockyhelmet [clearsmog, gigadrain, sludgebomb, spore] ttype=water
INFO     	       grafaiai  poisontouch  assaultvest [gunkshot, knockoff, superfang, uturn] ttype=dark
INFO     Sampling battle 2
INFO     	        malamar     contrary         None [knockoff, psychocut, rest, superpower] ttype=poison
INFO     	      ceruledge    weakarmor heavydutyboots [bitterblade, closecombat, poltergeist, swordsdance] ttype=fighting
INFO     	     mabosstiff     stakeout   choiceband [crunch, playrough, psychicfangs, wildcharge] ttype=dark
INFO     Sampling 2 unrevealed pokemon
INFO     	         pyroar      unnerve heavydutyboots [fireblast, hypervoice, taunt, workup] ttype=fire
INFO     	   crabominable     ironfist  assaultvest [drainpunch, earthquake, icehammer, knockoff] ttype=fighting
INFO     Sampling battle 3
INFO     	        malamar     contrary         None [knockoff, psychocut, rest, superpower] ttype=poison
INFO     	      ceruledge    weakarmor heavydutyboots [bitterblade, closecombat, poltergeist, swordsdance] ttype=fire
INFO     	     mabosstiff     stakeout   choiceband [crunch, playrough, psychicfangs, wildcharge] ttype=fairy
INFO     Sampling 2 unrevealed pokemon
INFO     	           hooh  regenerator heavydutyboots [bravebird, earthquake, recover, sacredfire] ttype=ground
INFO     	         tauros   sheerforce      lifeorb [bodyslam, closecombat, throatchop, zenheadbutt] ttype=psychic
INFO     Sampling battle 4
INFO     	        malamar     contrary         None [knockoff, psychocut, rest, superpower] ttype=poison
INFO     	      ceruledge    weakarmor heavydutyboots [bitterblade, closecombat, poltergeist, swordsdance] ttype=fire
INFO     	     mabosstiff     stakeout   choiceband [crunch, playrough, psychicfangs, wildcharge] ttype=fairy
INFO     Sampling 2 unrevealed pokemon
INFO     	     chesnaught  bulletproof    leftovers [bodypress, irondefense, synthesis, trailblaze] ttype=steel
INFO     	      bellibolt electromorphosis    leftovers [muddywater, slackoff, thunderbolt, toxic] ttype=electric
INFO     Sampling battle 5
INFO     	        malamar     contrary         None [knockoff, psychocut, rest, superpower] ttype=fighting
INFO     	      ceruledge    weakarmor heavydutyboots [bitterblade, poltergeist, shadowsneak, swordsdance] ttype=ghost
INFO     	     mabosstiff     stakeout   choiceband [crunch, playrough, psychicfangs, wildcharge] ttype=dark
INFO     Sampling 2 unrevealed pokemon
INFO     	   arceusflying    multitype     skyplate [calmmind, earthpower, judgment, recover] ttype=ground
INFO     	      meowsticf  competitive      lifeorb [darkpulse, nastyplot, psyshock, thunderbolt] ttype=electric
INFO     Sampling battle 6
INFO     	        malamar     contrary         None [knockoff, psychocut, rest, superpower] ttype=fighting
INFO     	      ceruledge    weakarmor heavydutyboots [bitterblade, closecombat, poltergeist, swordsdance] ttype=fighting
INFO     	     mabosstiff     stakeout   choiceband [crunch, playrough, psychicfangs, wildcharge] ttype=fairy
INFO     Sampling 2 unrevealed pokemon
INFO     	       meganium     overgrow    leftovers [encore, energyball, knockoff, synthesis] ttype=water
INFO     	       arcanine   intimidate heavydutyboots [closecombat, extremespeed, flareblitz, morningsun] ttype=fighting
INFO     Sampling battle 7
INFO     	        malamar     contrary         None [knockoff, psychocut, rest, superpower] ttype=poison
INFO     	      ceruledge    weakarmor heavydutyboots [bitterblade, closecombat, poltergeist, swordsdance] ttype=fighting
INFO     	     mabosstiff     stakeout   choiceband [crunch, playrough, psychicfangs, wildcharge] ttype=dark
INFO     Sampling 2 unrevealed pokemon
INFO     	      hitmontop   intimidate  assaultvest [closecombat, earthquake, rapidspin, stoneedge] ttype=steel
INFO     	        diancie    clearbody    leftovers [calmmind, diamondstorm, drainingkiss, earthpower] ttype=fairy
INFO     Sampling battle 8
INFO     	        malamar     contrary         None [knockoff, psychocut, rest, superpower] ttype=fighting
INFO     	      ceruledge    weakarmor heavydutyboots [bitterblade, closecombat, poltergeist, swordsdance] ttype=fighting
INFO     	     mabosstiff     stakeout   choiceband [crunch, playrough, psychicfangs, wildcharge] ttype=dark
INFO     Sampling 2 unrevealed pokemon
INFO     	         deoxys     pressure      lifeorb [icebeam, knockoff, psychoboost, superpower] ttype=psychic
INFO     	        manaphy    hydration    leftovers [energyball, icebeam, surf, tailglow] ttype=water
INFO     Sampling battle 9
INFO     	        malamar     contrary         None [knockoff, psychocut, rest, superpower] ttype=poison
INFO     	      ceruledge    weakarmor heavydutyboots [bitterblade, poltergeist, shadowsneak, swordsdance] ttype=ghost
INFO     	     mabosstiff     stakeout   choiceband [crunch, playrough, psychicfangs, wildcharge] ttype=dark
INFO     Sampling 2 unrevealed pokemon
INFO     	     victreebel  chlorophyll      lifeorb [powerwhip, sludgewave, sunnyday, weatherball] ttype=fire
INFO     	          klawf   angershell   expertbelt [crabhammer, knockoff, stoneedge, swordsdance] ttype=dark
INFO     Sampling battle 10
INFO     	        malamar     contrary         None [knockoff, psychocut, rest, superpower] ttype=poison
INFO     	      ceruledge    weakarmor heavydutyboots [bitterblade, closecombat, poltergeist, swordsdance] ttype=fighting
INFO     	     mabosstiff     stakeout   choiceband [crunch, playrough, psychicfangs, wildcharge] ttype=fairy
INFO     Sampling 2 unrevealed pokemon
INFO     	        ariados        swarm    focussash [megahorn, poisonjab, stickyweb, toxicspikes] ttype=ghost
INFO     	      terapagos    terashift  chestoberry [calmmind, darkpulse, rest, terastarstorm] ttype=stellar
INFO     Sampling battle 11
INFO     	        malamar     contrary         None [knockoff, psychocut, rest, superpower] ttype=steel
INFO     	      ceruledge    weakarmor heavydutyboots [bitterblade, closecombat, poltergeist, swordsdance] ttype=fighting
INFO     	     mabosstiff     stakeout   choiceband [crunch, playrough, psychicfangs, wildcharge] ttype=fairy
INFO     Sampling 2 unrevealed pokemon
INFO     	     typhlosion        blaze  choicescarf [eruption, fireblast, focusblast, scorchingsands] ttype=fire
INFO     	         espeon  magicbounce  choicespecs [alluringvoice, psychic, shadowball, trick] ttype=psychic
INFO     Sampling battle 12
INFO     	        malamar     contrary         None [knockoff, psychocut, rest, superpower] ttype=fighting
INFO     	      ceruledge    weakarmor heavydutyboots [bitterblade, closecombat, poltergeist, swordsdance] ttype=fighting
INFO     	     mabosstiff     stakeout   choiceband [crunch, playrough, psychicfangs, wildcharge] ttype=dark
INFO     Sampling 2 unrevealed pokemon
INFO     	       clefable      unaware    leftovers [fireblast, moonblast, moonlight, thunderwave] ttype=steel
INFO     	      hitmontop   technician    leftovers [bulkup, closecombat, rapidspin, tripleaxel] ttype=ice
INFO     Sampling battle 13
INFO     	        malamar     contrary         None [knockoff, psychocut, rest, superpower] ttype=fighting
INFO     	      ceruledge    weakarmor heavydutyboots [bitterblade, poltergeist, shadowsneak, swordsdance] ttype=ghost
INFO     	     mabosstiff     stakeout   choiceband [crunch, playrough, psychicfangs, wildcharge] ttype=fairy
INFO     Sampling 2 unrevealed pokemon
INFO     	       leavanny  chlorophyll   loadeddice [bulletseed, knockoff, stickyweb, tripleaxel] ttype=rock
INFO     	landorustherian   intimidate    leftovers [earthquake, stealthrock, stoneedge, taunt] ttype=ground
INFO     Sampling battle 14
INFO     	        malamar     contrary         None [knockoff, psychocut, rest, superpower] ttype=fighting
INFO     	      ceruledge    weakarmor heavydutyboots [bitterblade, closecombat, poltergeist, swordsdance] ttype=ghost
INFO     	     mabosstiff     stakeout   choiceband [crunch, playrough, psychicfangs, wildcharge] ttype=fairy
INFO     Sampling 2 unrevealed pokemon
INFO     	   crabominable     ironfist   choiceband [closecombat, gunkshot, icehammer, knockoff] ttype=fighting
INFO     	    raichualola  surgesurfer      lifeorb [focusblast, nastyplot, psyshock, thunderbolt] ttype=fighting
INFO     Sampling battle 15
INFO     	        malamar     contrary         None [knockoff, psychocut, rest, superpower] ttype=fighting
INFO     	      ceruledge    weakarmor heavydutyboots [bitterblade, poltergeist, shadowsneak, swordsdance] ttype=ghost
INFO     	     mabosstiff     stakeout   choiceband [crunch, playrough, psychicfangs, wildcharge] ttype=fairy
INFO     Sampling 2 unrevealed pokemon
INFO     	zamazentacrowned dauntlessshield rustedshield [bodypress, heavyslam, irondefense, stoneedge] ttype=fighting
INFO     	taurospaldeacombat   intimidate   choiceband [closecombat, earthquake, ironhead, throatchop] ttype=fighting
INFO     Searching for a move using MCTS...
INFO     Sampling 16 battles at 500ms each
INFO     Choice: uturn
INFO     roaringmoon already has the move uturn. Decrementing the PP by 1
INFO     roaringmoon used a bug move, removing buggem from possible items
INFO     Setting roaringmoon's last used move: uturn
INFO     roaringmoon used a damaging move - not guessing lifeorb anymore
INFO     roaringmoon did 46.0% damage to malamar with uturn
INFO     loaded 3 player and 0 effective opponent priors
INFO     Sampling battle 0
INFO     	        malamar     contrary         None [knockoff, psychocut, rest, superpower] ttype=fighting
INFO     	      ceruledge    weakarmor heavydutyboots [bitterblade, poltergeist, shadowsneak, swordsdance] ttype=fire
INFO     	     mabosstiff     stakeout   choiceband [crunch, playrough, psychicfangs, wildcharge] ttype=fairy
INFO     Sampling 2 unrevealed pokemon
INFO     	     victreebel  chlorophyll      lifeorb [poisonjab, powerwhip, suckerpunch, swordsdance] ttype=grass
INFO     	       dachsbun wellbakedbody    leftovers [bodypress, playrough, protect, wish] ttype=steel
INFO     Sampling battle 1
INFO     	        malamar     contrary         None [knockoff, psychocut, rest, superpower] ttype=fighting
INFO     	      ceruledge    weakarmor heavydutyboots [bitterblade, closecombat, poltergeist, swordsdance] ttype=ghost
INFO     	     mabosstiff     stakeout   choiceband [crunch, playrough, psychicfangs, wildcharge] ttype=dark
INFO     Sampling 2 unrevealed pokemon
INFO     	      alomomola  regenerator  rockyhelmet [flipturn, protect, scald, wish] ttype=poison
INFO     	     toedscruel myceliummight    leftovers [earthpower, leafstorm, rapidspin, toxic] ttype=water
INFO     Sampling battle 2
INFO     	        malamar     contrary         None [knockoff, psychocut, rest, superpower] ttype=fighting
INFO     	      ceruledge    weakarmor heavydutyboots [bitterblade, closecombat, poltergeist, swordsdance] ttype=fighting
INFO     	     mabosstiff     stakeout   choiceband [crunch, playrough, psychicfangs, wildcharge] ttype=dark
INFO     Sampling 2 unrevealed pokemon
INFO     	          lugia   multiscale heavydutyboots [aeroblast, calmmind, earthpower, recover] ttype=steel
INFO     	     archaludon      stamina  assaultvest [bodypress, dracometeor, dragontail, flashcannon] ttype=fighting
INFO     Sampling battle 3
INFO     	        malamar     contrary         None [knockoff, psychocut, rest, superpower] ttype=poison
INFO     	      ceruledge    weakarmor heavydutyboots [bitterblade, poltergeist, shadowsneak, swordsdance] ttype=ghost
INFO     	     mabosstiff     stakeout   choiceband [crunch, playrough, psychicfangs, wildcharge] ttype=fairy
INFO     Sampling 2 unrevealed pokemon
INFO     	        jirachi  serenegrace    leftovers [ironhead, protect, psychic, wish] ttype=water
INFO     	          golem       sturdy weaknesspolicy [earthquake, explosion, rockpolish, stoneedge] ttype=grass
INFO     Sampling battle 4
INFO     	        malamar     contrary         None [knockoff, psychocut, rest, superpower] ttype=poison
INFO     	      ceruledge    weakarmor heavydutyboots [bitterblade, closecombat, poltergeist, swordsdance] ttype=fighting
INFO     	     mabosstiff     stakeout   choiceband [crunch, playrough, psychicfangs, wildcharge] ttype=fairy
INFO     Sampling 2 unrevealed pokemon
INFO     	        volbeat    prankster heavydutyboots [encore, lunge, roost, thunderwave] ttype=steel
INFO     	           uxie     levitate    leftovers [knockoff, psychicnoise, uturn, yawn] ttype=electric
INFO     Sampling battle 5
INFO     	        malamar     contrary         None [knockoff, psychocut, rest, superpower] ttype=steel
INFO     	      ceruledge    weakarmor heavydutyboots [bitterblade, poltergeist, shadowsneak, swordsdance] ttype=ghost
INFO     	     mabosstiff     stakeout   choiceband [crunch, playrough, psychicfangs, wildcharge] ttype=fairy
INFO     Sampling 2 unrevealed pokemon
INFO     	        blissey  naturalcure    leftovers [seismictoss, softboiled, stealthrock, thunderwave] ttype=poison
INFO     	        noivern  infiltrator heavydutyboots [dracometeor, flamethrower, hurricane, roost] ttype=fire
INFO     Sampling battle 6
INFO     	        malamar     contrary         None [knockoff, psychocut, rest, superpower] ttype=steel
INFO     	      ceruledge    weakarmor heavydutyboots [bitterblade, poltergeist, shadowsneak, swordsdance] ttype=ghost
INFO     	     mabosstiff     stakeout   choiceband [crunch, playrough, psychicfangs, wildcharge] ttype=fairy
INFO     Sampling 2 unrevealed pokemon
INFO     	    goodrahisui    sapsipper  assaultvest [dracometeor, earthquake, heavyslam, knockoff] ttype=ground
INFO     	    sandyshocks protosynthesis    leftovers [earthpower, spikes, thunderbolt, thunderwave] ttype=ground
INFO     Sampling battle 7
INFO     	        malamar     contrary         None [knockoff, psychocut, rest, superpower] ttype=steel
INFO     	      ceruledge    weakarmor heavydutyboots [bitterblade, poltergeist, shadowsneak, swordsdance] ttype=ghost
INFO     	     mabosstiff     stakeout   choiceband [crunch, playrough, psychicfangs, wildcharge] ttype=fairy
INFO     Sampling 2 unrevealed pokemon
INFO     	      gardevoir        trace  choicescarf [moonblast, mysticalfire, psychic, trick] ttype=fairy
INFO     	         zapdos       static heavydutyboots [heatwave, hurricane, roost, thunderbolt] ttype=electric
INFO     Sampling battle 8
INFO     	        malamar     contrary         None [knockoff, psychocut, rest, superpower] ttype=fighting
INFO     	      ceruledge    weakarmor heavydutyboots [bitterblade, closecombat, poltergeist, swordsdance] ttype=fighting
INFO     	     mabosstiff     stakeout   choiceband [crunch, playrough, psychicfangs, wildcharge] ttype=fairy
INFO     Sampling 2 unrevealed pokemon
INFO     	    corviknight  mirrorarmor  rockyhelmet [bravebird, defog, roost, uturn] ttype=dragon
INFO     	      cinderace       libero   choiceband [gunkshot, highjumpkick, pyroball, uturn] ttype=fire
INFO     Sampling battle 9
INFO     	        malamar     contrary         None [knockoff, psychocut, rest, superpower] ttype=fighting
INFO     	      ceruledge    weakarmor heavydutyboots [bitterblade, closecombat, poltergeist, swordsdance] ttype=ghost
INFO     	     mabosstiff     stakeout   choiceband [crunch, playrough, psychicfangs, wildcharge] ttype=dark
INFO     Sampling 2 unrevealed pokemon
INFO     	      arceusbug    multitype  insectplate [calmmind, earthpower, judgment, recover] ttype=ground
INFO     	    walkingwake protosynthesis  choicespecs [dracometeor, flamethrower, flipturn, hydropump] ttype=fire
INFO     Sampling battle 10
INFO     	        malamar     contrary         None [knockoff, psychocut, rest, superpower] ttype=poison
INFO     	      ceruledge    weakarmor heavydutyboots [bitterblade, closecombat, poltergeist, swordsdance] ttype=ghost
INFO     	     mabosstiff     stakeout   choiceband [crunch, playrough, psychicfangs, wildcharge] ttype=dark
INFO     Sampling 2 unrevealed pokemon
INFO     	         raichu lightningrod    leftovers [encore, nuzzle, surf, thunderbolt] ttype=water
INFO     	       indeedee psychicsurge      lifeorb [calmmind, dazzlinggleam, expandingforce, hypervoice] ttype=psychic
INFO     Sampling battle 11
INFO     	        malamar     contrary         None [knockoff, psychocut, rest, superpower] ttype=fighting
INFO     	      ceruledge    weakarmor heavydutyboots [bitterblade, closecombat, poltergeist, swordsdance] ttype=fighting
INFO     	     mabosstiff     stakeout   choiceband [crunch, playrough, psychicfangs, wildcharge] ttype=fairy
INFO     Sampling 2 unrevealed pokemon
INFO     	squawkabillyblue         guts     flameorb [bravebird, facade, quickattack, uturn] ttype=normal
INFO     	        toxapex  regenerator  rockyhelmet [haze, liquidation, recover, toxic] ttype=flying
INFO     Sampling battle 12
INFO     	        malamar     contrary         None [knockoff, psychocut, rest, superpower] ttype=poison
INFO     	      ceruledge    weakarmor heavydutyboots [bitterblade, closecombat, poltergeist, swordsdance] ttype=ghost
INFO     	     mabosstiff     stakeout   choiceband [crunch, playrough, psychicfangs, wildcharge] ttype=fairy
INFO     Sampling 2 unrevealed pokemon
INFO     	      bellibolt electromorphosis    leftovers [muddywater, slackoff, thunderbolt, voltswitch] ttype=water
INFO     	        ambipom   technician   choiceband [doubleedge, knockoff, tripleaxel, uturn] ttype=ice
INFO     Sampling battle 13
INFO     	        malamar     contrary         None [knockoff, psychocut, rest, superpower] ttype=poison
INFO     	      ceruledge    weakarmor heavydutyboots [bitterblade, closecombat, poltergeist, swordsdance] ttype=fighting
INFO     	     mabosstiff     stakeout   choiceband [crunch, playrough, psychicfangs, wildcharge] ttype=dark
INFO     Sampling 2 unrevealed pokemon
INFO     	       sceptile     overgrow      lifeorb [earthquake, focusblast, leafstorm, rockslide] ttype=steel
INFO     	   arceusflying    multitype     skyplate [calmmind, earthpower, judgment, recover] ttype=ground
INFO     Sampling battle 14
INFO     	        malamar     contrary         None [knockoff, psychocut, rest, superpower] ttype=steel
INFO     	      ceruledge    weakarmor heavydutyboots [bitterblade, closecombat, poltergeist, swordsdance] ttype=fire
INFO     	     mabosstiff     stakeout   choiceband [crunch, playrough, psychicfangs, wildcharge] ttype=fairy
INFO     Sampling 2 unrevealed pokemon
INFO     	      terapagos    terashift  chestoberry [calmmind, darkpulse, rest, terastarstorm] ttype=stellar
INFO     	        diancie    clearbody    leftovers [calmmind, diamondstorm, drainingkiss, earthpower] ttype=fairy
INFO     Sampling battle 15
INFO     	        malamar     contrary         None [knockoff, psychocut, rest, superpower] ttype=fighting
INFO     	      ceruledge    weakarmor heavydutyboots [bitterblade, closecombat, poltergeist, swordsdance] ttype=fire
INFO     	     mabosstiff     stakeout   choiceband [crunch, playrough, psychicfangs, wildcharge] ttype=dark
INFO     Sampling 2 unrevealed pokemon
INFO     	    stonjourner    powerspot      lifeorb [earthquake, heatcrash, stealthrock, stoneedge] ttype=fire
INFO     	       appletun     thickfat    leftovers [appleacid, dragonpulse, dragontail, recover] ttype=steel
INFO     Searching for a move using MCTS...
INFO     Sampling 16 battles at 500ms each
INFO     Choice: switch regice
INFO     malamar already has the move rest. Decrementing the PP by 1
INFO     malamar used two different moves - it cannot have a choice item
INFO     malamar used a status-move. Adding `assaultvest` to impossible items
INFO     Setting malamar's last used move: rest
INFO     Setting rest_turns to 3 for malamar
INFO     malamar got status: slp
INFO     No longer guessing lumberry because malamar got status slp
INFO     
INFO     Turn: 21
INFO     loaded 11 player and 0 effective opponent priors
INFO     Sampling battle 0
INFO     	        malamar     contrary         None [knockoff, psychocut, rest, superpower] ttype=poison
INFO     	      ceruledge    weakarmor heavydutyboots [bitterblade, poltergeist, shadowsneak, swordsdance] ttype=ghost
INFO     	     mabosstiff     stakeout   choiceband [crunch, playrough, psychicfangs, wildcharge] ttype=fairy
INFO     Sampling 2 unrevealed pokemon
INFO     	     rotomfrost     levitate heavydutyboots [blizzard, thunderbolt, voltswitch, willowisp] ttype=electric
INFO     	      terrakion    justified   choiceband [closecombat, earthquake, quickattack, stoneedge] ttype=ground
INFO     Sampling battle 1
INFO     	        malamar     contrary         None [knockoff, psychocut, rest, superpower] ttype=poison
INFO     	      ceruledge    weakarmor heavydutyboots [bitterblade, closecombat, poltergeist, swordsdance] ttype=fighting
INFO     	     mabosstiff     stakeout   choiceband [crunch, playrough, psychicfangs, wildcharge] ttype=fairy
INFO     Sampling 2 unrevealed pokemon
INFO     	       mudsdale      stamina    leftovers [earthquake, heavyslam, stealthrock, stoneedge] ttype=steel
INFO     	      poliwrath  waterabsorb  assaultvest [circlethrow, closecombat, knockoff, liquidation] ttype=dark
INFO     Sampling battle 2
INFO     	        malamar     contrary         None [knockoff, psychocut, rest, superpower] ttype=poison
INFO     	      ceruledge    weakarmor heavydutyboots [bitterblade, poltergeist, shadowsneak, swordsdance] ttype=ghost
INFO     	     mabosstiff     stakeout   choiceband [crunch, playrough, psychicfangs, wildcharge] ttype=fairy
INFO     Sampling 2 unrevealed pokemon
INFO     	         raichu lightningrod  choicespecs [grassknot, surf, thunderbolt, voltswitch] ttype=grass
INFO     	        ogerpon      defiant    leftovers [ivycudgel, spikes, superpower, synthesis] ttype=grass
INFO     Sampling battle 3
INFO     	        malamar     contrary         None [knockoff, psychocut, rest, superpower] ttype=fighting
INFO     	      ceruledge    weakarmor heavydutyboots [bitterblade, poltergeist, shadowsneak, swordsdance] ttype=ghost
INFO     	     mabosstiff     stakeout   choiceband [crunch, playrough, psychicfangs, wildcharge] ttype=dark
INFO     Sampling 2 unrevealed pokemon
INFO     	      hydrapple  regenerator      lifeorb [earthpower, ficklebeam, gigadrain, nastyplot] ttype=steel
INFO     	        lanturn   voltabsorb    leftovers [icebeam, scald, thunderbolt, thunderwave] ttype=flying
INFO     Sampling battle 4
INFO     	        malamar     contrary         None [knockoff, psychocut, rest, superpower] ttype=poison
INFO     	      ceruledge    weakarmor heavydutyboots [bitterblade, poltergeist, shadowsneak, swordsdance] ttype=ghost
INFO     	     mabosstiff     stakeout   choiceband [crunch, playrough, psychicfangs, wildcharge] ttype=fairy
INFO     Sampling 2 unrevealed pokemon
INFO     	       indeedee psychicsurge  choicescarf [expandingforce, healingwish, hypervoice, shadowball] ttype=psychic
INFO     	      revavroom       filter      lifeorb [gunkshot, highhorsepower, ironhead, shiftgear] ttype=ground
INFO     Sampling battle 5
INFO     	        malamar     contrary         None [knockoff, psychocut, rest, superpower] ttype=fighting
INFO     	      ceruledge    weakarmor heavydutyboots [bitterblade, closecombat, poltergeist, swordsdance] ttype=ghost
INFO     	     mabosstiff     stakeout   choiceband [crunch, playrough, psychicfangs, wildcharge] ttype=fairy
INFO     Sampling 2 unrevealed pokemon
INFO     	        heatran    flashfire   airballoon [earthpower, heavyslam, magmastorm, stealthrock] ttype=flying
INFO     	   slowbrogalar  regenerator  assaultvest [fireblast, psychic, shellsidearm, surf] ttype=water
INFO     Sampling battle 6
INFO     	        malamar     contrary         None [knockoff, psychocut, rest, superpower] ttype=steel
INFO     	      ceruledge    weakarmor heavydutyboots [bitterblade, closecombat, poltergeist, swordsdance] ttype=fire
INFO     	     mabosstiff     stakeout   choiceband [crunch, playrough, psychicfangs, wildcharge] ttype=fairy
INFO     Sampling 2 unrevealed pokemon
INFO     	        sylveon     pixilate    leftovers [calmmind, hypervoice, protect, wish] ttype=steel
INFO     	       espathra   speedboost  choicespecs [dazzlinggleam, luminacrash, shadowball, uturn] ttype=fairy
INFO     Sampling battle 7
INFO     	        malamar     contrary         None [knockoff, psychocut, rest, superpower] ttype=fighting
INFO     	      ceruledge    weakarmor heavydutyboots [bitterblade, poltergeist, shadowsneak, swordsdance] ttype=fire
INFO     	     mabosstiff     stakeout   choiceband [crunch, playrough, psychicfangs, wildcharge] ttype=dark
INFO     Sampling 2 unrevealed pokemon
INFO     	      hippowdon   sandstream    leftovers [curse, earthquake, slackoff, stoneedge] ttype=steel
INFO     	     ragingbolt protosynthesis boosterenergy [calmmind, dragonpulse, thunderbolt, thunderclap] ttype=fairy
INFO     Sampling battle 8
INFO     	        malamar     contrary         None [knockoff, psychocut, rest, superpower] ttype=fighting
INFO     	      ceruledge    weakarmor heavydutyboots [bitterblade, closecombat, poltergeist, swordsdance] ttype=fighting
INFO     	     mabosstiff     stakeout   choiceband [crunch, playrough, psychicfangs, wildcharge] ttype=fairy
INFO     Sampling 2 unrevealed pokemon
INFO     	      armarouge    weakarmor  choicespecs [armorcannon, aurasphere, energyball, psyshock] ttype=grass
INFO     	       mudsdale      stamina    leftovers [earthquake, heavyslam, roar, stealthrock] ttype=steel
INFO     Sampling battle 9
INFO     	        malamar     contrary         None [knockoff, psychocut, rest, superpower] ttype=steel
INFO     	      ceruledge    weakarmor heavydutyboots [bitterblade, poltergeist, shadowsneak, swordsdance] ttype=ghost
INFO     	     mabosstiff     stakeout   choiceband [crunch, playrough, psychicfangs, wildcharge] ttype=dark
INFO     Sampling 2 unrevealed pokemon
INFO     	       ursaring         guts     eviolite [bodyslam, rest, sleeptalk, throatchop] ttype=ghost
INFO     	thundurustherian   voltabsorb heavydutyboots [focusblast, nastyplot, terablast, thunderbolt] ttype=flying
INFO     Sampling battle 10
INFO     	        malamar     contrary         None [knockoff, psychocut, rest, superpower] ttype=poison
INFO     	      ceruledge    weakarmor heavydutyboots [bitterblade, poltergeist, shadowsneak, swordsdance] ttype=fire
INFO     	     mabosstiff     stakeout   choiceband [crunch, playrough, psychicfangs, wildcharge] ttype=dark
INFO     Sampling 2 unrevealed pokemon
INFO     	        falinks      defiant      lifeorb [closecombat, ironhead, knockoff, noretreat] ttype=dark
INFO     	      electrode       static      lifeorb [explosion, foulplay, thunderbolt, thunderwave] ttype=dark
INFO     Sampling battle 11
INFO     	        malamar     contrary         None [knockoff, psychocut, rest, superpower] ttype=fighting
INFO     	      ceruledge    weakarmor heavydutyboots [bitterblade, poltergeist, shadowsneak, swordsdance] ttype=fire
INFO     	     mabosstiff     stakeout   choiceband [crunch, playrough, psychicfangs, wildcharge] ttype=dark
INFO     Sampling 2 unrevealed pokemon
INFO     	  deoxysdefense     pressure    leftovers [cosmicpower, nightshade, recover, storedpower] ttype=steel
INFO     	         glalie   innerfocus heavydutyboots [earthquake, freezedry, spikes, taunt] ttype=water
INFO     Sampling battle 12
INFO     	        malamar     contrary         None [knockoff, psychocut, rest, superpower] ttype=steel
INFO     	      ceruledge    weakarmor heavydutyboots [bitterblade, closecombat, poltergeist, swordsdance] ttype=fighting
INFO     	     mabosstiff     stakeout   choiceband [crunch, playrough, psychicfangs, wildcharge] ttype=dark
INFO     Sampling 2 unrevealed pokemon
INFO     	     masquerain   intimidate heavydutyboots [bugbuzz, hurricane, hydropump, quiverdance] ttype=water
INFO     	 arceusfighting    multitype    fistplate [bodypress, cosmicpower, recover, storedpower] ttype=steel
INFO     Sampling battle 13
INFO     	        malamar     contrary         None [knockoff, psychocut, rest, superpower] ttype=poison
INFO     	      ceruledge    weakarmor heavydutyboots [bitterblade, closecombat, poltergeist, swordsdance] ttype=fire
INFO     	     mabosstiff     stakeout   choiceband [crunch, playrough, psychicfangs, wildcharge] ttype=fairy
INFO     Sampling 2 unrevealed pokemon
INFO     	         eiscue      iceface  sitrusberry [bellydrum, icespinner, ironhead, liquidation] ttype=water
INFO     	       whiscash    oblivious    leftovers [earthquake, hydropump, icebeam, spikes] ttype=ghost
INFO     Sampling battle 14
INFO     	        malamar     contrary         None [knockoff, psychocut, rest, superpower] ttype=steel
INFO     	      ceruledge    weakarmor heavydutyboots [bitterblade, closecombat, poltergeist, swordsdance] ttype=fighting
INFO     	     mabosstiff     stakeout   choiceband [crunch, playrough, psychicfangs, wildcharge] ttype=fairy
INFO     Sampling 2 unrevealed pokemon
INFO     	        breloom   technician      lifeorb [bulletseed, machpunch, rocktomb, spore] ttype=fighting
INFO     	       rotomfan     levitate heavydutyboots [airslash, thunderbolt, thunderwave, voltswitch] ttype=electric
INFO     Sampling battle 15
INFO     	        malamar     contrary         None [knockoff, psychocut, rest, superpower] ttype=steel
INFO     	      ceruledge    weakarmor heavydutyboots [bitterblade, poltergeist, shadowsneak, swordsdance] ttype=fire
INFO     	     mabosstiff     stakeout   choiceband [crunch, playrough, psychicfangs, wildcharge] ttype=fairy
INFO     Sampling 2 unrevealed pokemon
INFO     	taurospaldeablaze      cudchew  sitrusberry [bulkup, closecombat, ragingbull, substitute] ttype=water
INFO     	         dialga     pressure  assaultvest [dracometeor, dragontail, fireblast, heavyslam] ttype=flying
INFO     Searching for a move using MCTS...
INFO     Sampling 16 battles at 500ms each
INFO     Choice: icebeam
INFO     malamar got 'cant' from sleep
INFO     Decrementing malamar's rest_turns to 2
INFO     regice already has the move icebeam. Decrementing the PP by 1
INFO     regice used a ice move, removing icegem from possible items
INFO     Setting regice's last used move: icebeam
INFO     regice used a damaging move - not guessing lifeorb anymore
INFO     regice did 46.0% damage to malamar with icebeam
INFO     malamar has less than maxhp during upkeep, no longer guessing leftovers or blacksludge
INFO     
INFO     Turn: 22
INFO     loaded 11 player and 0 effective opponent priors
INFO     Sampling battle 0
INFO     	        malamar     contrary         None [knockoff, psychocut, rest, superpower] ttype=poison
INFO     	      ceruledge    weakarmor heavydutyboots [bitterblade, poltergeist, shadowsneak, swordsdance] ttype=fire
INFO     	     mabosstiff     stakeout   choiceband [crunch, playrough, psychicfangs, wildcharge] ttype=dark
INFO     Sampling 2 unrevealed pokemon
INFO     	      primarina      torrent  choicespecs [flipturn, hydropump, moonblast, psychic] ttype=water
INFO     	         espeon  magicbounce  choicespecs [alluringvoice, psyshock, shadowball, trick] ttype=psychic
INFO     Sampling battle 1
INFO     	        malamar     contrary         None [knockoff, psychocut, rest, superpower] ttype=steel
INFO     	      ceruledge    weakarmor heavydutyboots [bitterblade, poltergeist, shadowsneak, swordsdance] ttype=fire
INFO     	     mabosstiff     stakeout   choiceband [crunch, playrough, psychicfangs, wildcharge] ttype=dark
INFO     Sampling 2 unrevealed pokemon
INFO     	      araquanid  waterbubble heavydutyboots [hydropump, leechlife, liquidation, stickyweb] ttype=steel
INFO     	      glastrier chillingneigh   choiceband [closecombat, heavyslam, highhorsepower, iciclecrash] ttype=fighting
INFO     Sampling battle 2
INFO     	        malamar     contrary         None [knockoff, psychocut, rest, superpower] ttype=poison
INFO     	      ceruledge    weakarmor heavydutyboots [bitterblade, poltergeist, shadowsneak, swordsdance] ttype=ghost
INFO     	     mabosstiff     stakeout   choiceband [crunch, playrough, psychicfangs, wildcharge] ttype=fairy
INFO     Sampling 2 unrevealed pokemon
INFO     	      rotomwash     levitate    leftovers [discharge, hydropump, painsplit, voltswitch] ttype=electric
INFO     	          minun   voltabsorb      lifeorb [alluringvoice, grassknot, nastyplot, thunderbolt] ttype=grass
INFO     Sampling battle 3
INFO     	        malamar     contrary         None [knockoff, psychocut, rest, superpower] ttype=fighting
INFO     	      ceruledge    weakarmor heavydutyboots [bitterblade, closecombat, poltergeist, swordsdance] ttype=ghost
INFO     	     mabosstiff     stakeout   choiceband [crunch, playrough, psychicfangs, wildcharge] ttype=dark
INFO     Sampling 2 unrevealed pokemon
INFO     	    kyuremwhite   turboblaze  choicescarf [dracometeor, freezedry, fusionflare, icebeam] ttype=fire
INFO     	       ampharos       static  assaultvest [dazzlinggleam, dragontail, thunderbolt, voltswitch] ttype=fairy
INFO     Sampling battle 4
INFO     	        malamar     contrary         None [knockoff, psychocut, rest, superpower] ttype=steel
INFO     	      ceruledge    weakarmor heavydutyboots [bitterblade, poltergeist, shadowsneak, swordsdance] ttype=fire
INFO     	     mabosstiff     stakeout   choiceband [crunch, playrough, psychicfangs, wildcharge] ttype=dark
INFO     Sampling 2 unrevealed pokemon
INFO     	    ironvaliant   quarkdrive      lifeorb [closecombat, encore, knockoff, moonblast] ttype=dark
INFO     	   squawkabilly         guts     flameorb [bravebird, facade, quickattack, uturn] ttype=normal
INFO     Sampling battle 5
INFO     	        malamar     contrary         None [knockoff, psychocut, rest, superpower] ttype=fighting
INFO     	      ceruledge    weakarmor heavydutyboots [bitterblade, closecombat, poltergeist, swordsdance] ttype=fighting
INFO     	     mabosstiff     stakeout   choiceband [crunch, playrough, psychicfangs, wildcharge] ttype=fairy
INFO     Sampling 2 unrevealed pokemon
INFO     	       rotomfan     levitate heavydutyboots [airslash, nastyplot, thunderbolt, thunderwave] ttype=steel
INFO     	    kyuremwhite   turboblaze  choicespecs [dracometeor, freezedry, fusionflare, icebeam] ttype=ice
INFO     Sampling battle 6
INFO     	        malamar     contrary         None [knockoff, psychocut, rest, superpower] ttype=steel
INFO     	      ceruledge    weakarmor heavydutyboots [bitterblade, poltergeist, shadowsneak, swordsdance] ttype=ghost
INFO     	     mabosstiff     stakeout   choiceband [crunch, playrough, psychicfangs, wildcharge] ttype=fairy
INFO     Sampling 2 unrevealed pokemon
INFO     	       mudsdale      stamina    leftovers [earthquake, heavyslam, roar, stealthrock] ttype=steel
INFO     	  arceuspsychic    multitype    mindplate [bodypress, cosmicpower, recover, storedpower] ttype=steel
INFO     Sampling battle 7
INFO     	        malamar     contrary         None [knockoff, psychocut, rest, superpower] ttype=steel
INFO     	      ceruledge    weakarmor heavydutyboots [bitterblade, closecombat, poltergeist, swordsdance] ttype=fighting
INFO     	     mabosstiff     stakeout   choiceband [crunch, playrough, psychicfangs, wildcharge] ttype=dark
INFO     Sampling 2 unrevealed pokemon
INFO     	         zapdos       static heavydutyboots [hurricane, roost, thunderbolt, uturn] ttype=steel
INFO     	        drednaw    strongjaw    whiteherb [crunch, liquidation, shellsmash, stoneedge] ttype=dark
INFO     Sampling battle 8
INFO     	        malamar     contrary         None [knockoff, psychocut, rest, superpower] ttype=steel
INFO     	      ceruledge    weakarmor heavydutyboots [bitterblade, poltergeist, shadowsneak, swordsdance] ttype=fire
INFO     	     mabosstiff     stakeout   choiceband [crunch, playrough, psychicfangs, wildcharge] ttype=dark
INFO     Sampling 2 unrevealed pokemon
INFO     	 arceusfighting    multitype    fistplate [bodypress, irondefense, recover, shadowball] ttype=steel
INFO     	       sceptile     overgrow    leftovers [focusblast, gigadrain, leechseed, substitute] ttype=steel
INFO     Sampling battle 9
INFO     	        malamar     contrary         None [knockoff, psychocut, rest, superpower] ttype=poison
INFO     	      ceruledge    weakarmor heavydutyboots [bitterblade, closecombat, poltergeist, swordsdance] ttype=fire
INFO     	     mabosstiff     stakeout   choiceband [crunch, playrough, psychicfangs, wildcharge] ttype=dark
INFO     Sampling 2 unrevealed pokemon
INFO     	       porygonz adaptability  choicescarf [shadowball, thunderbolt, triattack, trick] ttype=ghost
INFO     	        volbeat    prankster heavydutyboots [encore, roost, thunderwave, uturn] ttype=water
INFO     Sampling battle 10
INFO     	        malamar     contrary         None [knockoff, psychocut, rest, superpower] ttype=poison
INFO     	      ceruledge    weakarmor heavydutyboots [bitterblade, closecombat, poltergeist, swordsdance] ttype=fighting
INFO     	     mabosstiff     stakeout   choiceband [crunch, playrough, psychicfangs, wildcharge] ttype=dark
INFO     Sampling 2 unrevealed pokemon
INFO     	      glastrier chillingneigh heavydutyboots [heavyslam, highhorsepower, iciclecrash, swordsdance] ttype=steel
INFO     	       politoed      drizzle  chestoberry [encore, hydropump, icebeam, rest] ttype=steel
INFO     Sampling battle 11
INFO     	        malamar     contrary         None [knockoff, psychocut, rest, superpower] ttype=poison
INFO     	      ceruledge    weakarmor heavydutyboots [bitterblade, closecombat, poltergeist, swordsdance] ttype=fighting
INFO     	     mabosstiff     stakeout   choiceband [crunch, playrough, psychicfangs, wildcharge] ttype=dark
INFO     Sampling 2 unrevealed pokemon
INFO     	      araquanid  waterbubble heavydutyboots [hydropump, leechlife, liquidation, stickyweb] ttype=ground
INFO     	    corviknight     pressure    leftovers [bodypress, bravebird, defog, roost] ttype=dragon
INFO     Sampling battle 12
INFO     	        malamar     contrary         None [knockoff, psychocut, rest, superpower] ttype=steel
INFO     	      ceruledge    weakarmor heavydutyboots [bitterblade, poltergeist, shadowsneak, swordsdance] ttype=fire
INFO     	     mabosstiff     stakeout   choiceband [crunch, playrough, psychicfangs, wildcharge] ttype=dark
INFO     Sampling 2 unrevealed pokemon
INFO     	      meowsticf  competitive      lifeorb [alluringvoice, darkpulse, nastyplot, psyshock] ttype=dark
INFO     	       venusaur     overgrow    leftovers [gigadrain, leechseed, sludgebomb, substitute] ttype=water
INFO     Sampling battle 13
INFO     	        malamar     contrary         None [knockoff, psychocut, rest, superpower] ttype=fighting
INFO     	      ceruledge    weakarmor heavydutyboots [bitterblade, poltergeist, shadowsneak, swordsdance] ttype=ghost
INFO     	     mabosstiff     stakeout   choiceband [crunch, playrough, psychicfangs, wildcharge] ttype=fairy
INFO     Sampling 2 unrevealed pokemon
INFO     	       vigoroth  vitalspirit     eviolite [bodyslam, bulkup, earthquake, slackoff] ttype=ground
INFO     	      sudowoodo     rockhead    leftovers [headsmash, stealthrock, suckerpunch, woodhammer] ttype=rock
INFO     Sampling battle 14
INFO     	        malamar     contrary         None [knockoff, psychocut, rest, superpower] ttype=poison
INFO     	      ceruledge    weakarmor heavydutyboots [bitterblade, closecombat, poltergeist, swordsdance] ttype=ghost
INFO     	     mabosstiff     stakeout   choiceband [crunch, playrough, psychicfangs, wildcharge] ttype=fairy
INFO     Sampling 2 unrevealed pokemon
INFO     	       lycanroc     sandrush      lifeorb [closecombat, crunch, stoneedge, swordsdance] ttype=fighting
INFO     	        gliscor   poisonheal     toxicorb [earthquake, knockoff, protect, toxicspikes] ttype=water
INFO     Sampling battle 15
INFO     	        malamar     contrary         None [knockoff, psychocut, rest, superpower] ttype=poison
INFO     	      ceruledge    weakarmor heavydutyboots [bitterblade, closecombat, poltergeist, swordsdance] ttype=fighting
INFO     	     mabosstiff     stakeout   choiceband [crunch, playrough, psychicfangs, wildcharge] ttype=dark
INFO     Sampling 2 unrevealed pokemon
INFO     	ogerponcornerstone       sturdy cornerstonemask [ivycudgel, powerwhip, superpower, swordsdance] ttype=rock
INFO     	       garchomp    roughskin  rockyhelmet [earthquake, outrage, spikes, stealthrock] ttype=steel
INFO     Searching for a move using MCTS...
INFO     Sampling 16 battles at 500ms each
INFO     Choice: icebeam
INFO     malamar got 'cant' from sleep
INFO     Decrementing malamar's rest_turns to 1
INFO     regice already has the move icebeam. Decrementing the PP by 1
INFO     regice used a ice move, removing icegem from possible items
INFO     Setting regice's last used move: icebeam
INFO     regice used a damaging move - not guessing lifeorb anymore
INFO     regice did 46.0% damage to malamar with icebeam
INFO     malamar has less than maxhp during upkeep, no longer guessing leftovers or blacksludge
INFO     
INFO     Turn: 23
INFO     loaded 11 player and 0 effective opponent priors
INFO     Sampling battle 0
INFO     	        malamar     contrary         None [knockoff, psychocut, rest, superpower] ttype=steel
INFO     	      ceruledge    weakarmor heavydutyboots [bitterblade, closecombat, poltergeist, swordsdance] ttype=fighting
INFO     	     mabosstiff     stakeout   choiceband [crunch, playrough, psychicfangs, wildcharge] ttype=fairy
INFO     Sampling 2 unrevealed pokemon
INFO     	      primarina      torrent    leftovers [calmmind, drainingkiss, psychic, sparklingaria] ttype=steel
INFO     	      indeedeef psychicsurge  choicespecs [dazzlinggleam, hypervoice, psychic, shadowball] ttype=fairy
INFO     Sampling battle 1
INFO     	        malamar     contrary         None [knockoff, psychocut, rest, superpower] ttype=steel
INFO     	      ceruledge    weakarmor heavydutyboots [bitterblade, poltergeist, shadowsneak, swordsdance] ttype=fire
INFO     	     mabosstiff     stakeout   choiceband [crunch, playrough, psychicfangs, wildcharge] ttype=dark
INFO     Sampling 2 unrevealed pokemon
INFO     	       sceptile     overgrow      lifeorb [earthquake, leafblade, rockslide, swordsdance] ttype=rock
INFO     	      zebstrika    sapsipper      lifeorb [highhorsepower, overheat, supercellslam, voltswitch] ttype=ground
INFO     Sampling battle 2
INFO     	        malamar     contrary         None [knockoff, psychocut, rest, superpower] ttype=steel
INFO     	      ceruledge    weakarmor heavydutyboots [bitterblade, poltergeist, shadowsneak, swordsdance] ttype=ghost
INFO     	     mabosstiff     stakeout   choiceband [crunch, playrough, psychicfangs, wildcharge] ttype=dark
INFO     Sampling 2 unrevealed pokemon
INFO     	    arceuswater    multitype  splashplate [calmmind, icebeam, judgment, recover] ttype=steel
INFO     	      dragonite   multiscale heavydutyboots [dragondance, earthquake, ironhead, outrage] ttype=steel
INFO     Sampling battle 3
INFO     	        malamar     contrary         None [knockoff, psychocut, rest, superpower] ttype=steel
INFO     	      ceruledge    weakarmor heavydutyboots [bitterblade, closecombat, poltergeist, swordsdance] ttype=fighting
INFO     	     mabosstiff     stakeout   choiceband [crunch, playrough, psychicfangs, wildcharge] ttype=dark
INFO     Sampling 2 unrevealed pokemon
INFO     	      tatsugiri   stormdrain heavydutyboots [dracometeor, hydropump, nastyplot, rapidspin] ttype=steel
INFO     	            mew  synchronize      lifeorb [closecombat, knockoff, psychicfangs, swordsdance] ttype=fighting
INFO     Sampling battle 4
INFO     	        malamar     contrary         None [knockoff, psychocut, rest, superpower] ttype=steel
INFO     	      ceruledge    weakarmor heavydutyboots [bitterblade, poltergeist, shadowsneak, swordsdance] ttype=fire
INFO     	     mabosstiff     stakeout   choiceband [crunch, playrough, psychicfangs, wildcharge] ttype=fairy
INFO     Sampling 2 unrevealed pokemon
INFO     	         kommoo   soundproof   loadeddice [closecombat, ironhead, scaleshot, swordsdance] ttype=steel
INFO     	      rotomwash     levitate    leftovers [hydropump, nastyplot, thunderbolt, willowisp] ttype=electric
INFO     Sampling battle 5
INFO     	        malamar     contrary         None [knockoff, psychocut, rest, superpower] ttype=fighting
INFO     	      ceruledge    weakarmor heavydutyboots [bitterblade, closecombat, poltergeist, swordsdance] ttype=fighting
INFO     	     mabosstiff     stakeout   choiceband [crunch, playrough, psychicfangs, wildcharge] ttype=fairy
INFO     Sampling 2 unrevealed pokemon
INFO     	        bruxish    strongjaw   choiceband [crunch, icefang, psychicfangs, wavecrash] ttype=psychic
INFO     	      tatsugiri   stormdrain heavydutyboots [dracometeor, hydropump, nastyplot, rapidspin] ttype=steel
INFO     Sampling battle 6
INFO     	        malamar     contrary         None [knockoff, psychocut, rest, superpower] ttype=poison
INFO     	      ceruledge    weakarmor heavydutyboots [bitterblade, closecombat, poltergeist, swordsdance] ttype=fire
INFO     	     mabosstiff     stakeout   choiceband [crunch, playrough, psychicfangs, wildcharge] ttype=fairy
INFO     Sampling 2 unrevealed pokemon
INFO     	        slowbro  regenerator  assaultvest [bodypress, fireblast, icebeam, scald] ttype=fairy
INFO     	       venusaur  chlorophyll    leftovers [earthpower, knockoff, sludgebomb, synthesis] ttype=dark
INFO     Sampling battle 7
INFO     	        malamar     contrary         None [knockoff, psychocut, rest, superpower] ttype=poison
INFO     	      ceruledge    weakarmor heavydutyboots [bitterblade, closecombat, poltergeist, swordsdance] ttype=fighting
INFO     	     mabosstiff     stakeout   choiceband [crunch, playrough, psychicfangs, wildcharge] ttype=fairy
INFO     Sampling 2 unrevealed pokemon
INFO     	     oinkologne     thickfat    leftovers [bodyslam, curse, highhorsepower, lashout] ttype=ground
INFO     	ursalunabloodmoon     mindseye    leftovers [bloodmoon, calmmind, moonlight, vacuumwave] ttype=ghost
INFO     Sampling battle 8
INFO     	        malamar     contrary         None [knockoff, psychocut, rest, superpower] ttype=steel
INFO     	      ceruledge    weakarmor heavydutyboots [bitterblade, closecombat, poltergeist, swordsdance] ttype=fighting
INFO     	     mabosstiff     stakeout   choiceband [crunch, playrough, psychicfangs, wildcharge] ttype=fairy
INFO     Sampling 2 unrevealed pokemon
INFO     	        gurdurr         guts     eviolite [defog, drainpunch, knockoff, machpunch] ttype=steel
INFO     	       ribombee   shielddust heavydutyboots [bugbuzz, moonblast, quiverdance, terablast] ttype=ground
INFO     Sampling battle 9
INFO     	        malamar     contrary         None [knockoff, psychocut, rest, superpower] ttype=steel
INFO     	      ceruledge    weakarmor heavydutyboots [bitterblade, poltergeist, shadowsneak, swordsdance] ttype=fire
INFO     	     mabosstiff     stakeout   choiceband [crunch, playrough, psychicfangs, wildcharge] ttype=fairy
INFO     Sampling 2 unrevealed pokemon
INFO     	      reuniclus   magicguard      lifeorb [calmmind, focusblast, psyshock, recover] ttype=fighting
INFO     	  zaciancrowned intrepidsword  rustedsword [behemothblade, closecombat, playrough, swordsdance] ttype=fighting
INFO     Sampling battle 10
INFO     	        malamar     contrary         None [knockoff, psychocut, rest, superpower] ttype=steel
INFO     	      ceruledge    weakarmor heavydutyboots [bitterblade, poltergeist, shadowsneak, swordsdance] ttype=ghost
INFO     	     mabosstiff     stakeout   choiceband [crunch, playrough, psychicfangs, wildcharge] ttype=fairy
INFO     Sampling 2 unrevealed pokemon
INFO     	       indeedee psychicsurge  choicescarf [expandingforce, healingwish, hypervoice, shadowball] ttype=psychic
INFO     	      sandslash     sandrush    leftovers [earthquake, rapidspin, stoneedge, swordsdance] ttype=dragon
INFO     Sampling battle 11
INFO     	        malamar     contrary         None [knockoff, psychocut, rest, superpower] ttype=fighting
INFO     	      ceruledge    weakarmor heavydutyboots [bitterblade, closecombat, poltergeist, swordsdance] ttype=ghost
INFO     	     mabosstiff     stakeout   choiceband [crunch, playrough, psychicfangs, wildcharge] ttype=fairy
INFO     Sampling 2 unrevealed pokemon
INFO     	        flareon         guts     toxicorb [facade, flareblitz, trailblaze, willowisp] ttype=normal
INFO     	         deoxys     pressure      lifeorb [icebeam, knockoff, psychoboost, superpower] ttype=psychic
INFO     Sampling battle 12
INFO     	        malamar     contrary         None [knockoff, psychocut, rest, superpower] ttype=poison
INFO     	      ceruledge    weakarmor heavydutyboots [bitterblade, poltergeist, shadowsneak, swordsdance] ttype=fire
INFO     	     mabosstiff     stakeout   choiceband [crunch, playrough, psychicfangs, wildcharge] ttype=dark
INFO     Sampling 2 unrevealed pokemon
INFO     	    arceusgrass    multitype  meadowplate [calmmind, earthpower, icebeam, judgment] ttype=ground
INFO     	     conkeldurr         guts     flameorb [closecombat, facade, knockoff, machpunch] ttype=normal
INFO     Sampling battle 13
INFO     	        malamar     contrary         None [knockoff, psychocut, rest, superpower] ttype=steel
INFO     	      ceruledge    weakarmor heavydutyboots [bitterblade, closecombat, poltergeist, swordsdance] ttype=fighting
INFO     	     mabosstiff     stakeout   choiceband [crunch, playrough, psychicfangs, wildcharge] ttype=dark
INFO     Sampling 2 unrevealed pokemon
INFO     	      azumarill    hugepower   choiceband [aquajet, icespinner, liquidation, playrough] ttype=water
INFO     	         arceus    multitype      lifeorb [earthquake, extremespeed, recover, swordsdance] ttype=normal
INFO     Sampling battle 14
INFO     	        malamar     contrary         None [knockoff, psychocut, rest, superpower] ttype=steel
INFO     	      ceruledge    weakarmor heavydutyboots [bitterblade, poltergeist, shadowsneak, swordsdance] ttype=ghost
INFO     	     mabosstiff     stakeout   choiceband [crunch, playrough, psychicfangs, wildcharge] ttype=dark
INFO     Sampling 2 unrevealed pokemon
INFO     	      primarina  liquidvoice    leftovers [calmmind, drainingkiss, moonblast, psychicnoise] ttype=steel
INFO     	      garganacl purifyingsalt    leftovers [bodypress, irondefense, recover, saltcure] ttype=ghost
INFO     Sampling battle 15
INFO     	        malamar     contrary         None [knockoff, psychocut, rest, superpower] ttype=poison
INFO     	      ceruledge    weakarmor heavydutyboots [bitterblade, closecombat, poltergeist, swordsdance] ttype=fire
INFO     	     mabosstiff     stakeout   choiceband [crunch, playrough, psychicfangs, wildcharge] ttype=dark
INFO     Sampling 2 unrevealed pokemon
INFO     	       chimecho     levitate    leftovers [calmmind, dazzlinggleam, psyshock, recover] ttype=steel
INFO     	        dugtrio    arenatrap      lifeorb [earthquake, stoneedge, suckerpunch, swordsdance] ttype=ghost
INFO     Searching for a move using MCTS...
INFO     Sampling 16 battles at 500ms each
INFO     Choice: icebeam
INFO     Updated malamar's min speed to 138
INFO     malamar is being cured of sleep, setting rest_turns & sleep_turns to 0
INFO     malamar already has the move rest. Decrementing the PP by 1
INFO     malamar used a status-move. Adding `assaultvest` to impossible items
INFO     Setting malamar's last used move: rest
INFO     Setting rest_turns to 3 for malamar
INFO     malamar got status: slp
INFO     No longer guessing lumberry because malamar got status slp
INFO     regice already has the move icebeam. Decrementing the PP by 1
INFO     regice used a ice move, removing icegem from possible items
INFO     Setting regice's last used move: icebeam
INFO     regice used a damaging move - not guessing lifeorb anymore
INFO     regice did 72.0% damage to malamar with icebeam
INFO     malamar has less than maxhp during upkeep, no longer guessing leftovers or blacksludge
INFO     
INFO     Turn: 24
INFO     loaded 11 player and 0 effective opponent priors
INFO     Sampling battle 0
INFO     	        malamar     contrary         None [knockoff, psychocut, rest, superpower] ttype=fighting
INFO     	      ceruledge    weakarmor heavydutyboots [bitterblade, closecombat, poltergeist, swordsdance] ttype=fighting
INFO     	     mabosstiff     stakeout   choiceband [crunch, playrough, psychicfangs, wildcharge] ttype=fairy
INFO     Sampling 2 unrevealed pokemon
INFO     	      araquanid  waterbubble heavydutyboots [hydropump, leechlife, liquidation, stickyweb] ttype=water
INFO     	    oricoriopau       dancer heavydutyboots [hurricane, quiverdance, revelationdance, roost] ttype=fighting
INFO     Sampling battle 1
INFO     	        malamar     contrary         None [knockoff, psychocut, rest, superpower] ttype=poison
INFO     	      ceruledge    weakarmor heavydutyboots [bitterblade, poltergeist, shadowsneak, swordsdance] ttype=fire
INFO     	     mabosstiff     stakeout   choiceband [crunch, playrough, psychicfangs, wildcharge] ttype=dark
INFO     Sampling 2 unrevealed pokemon
INFO     	        ariados     insomnia heavydutyboots [megahorn, poisonjab, stickyweb, suckerpunch] ttype=ghost
INFO     	       quagsire      unaware    leftovers [earthquake, icebeam, recover, toxic] ttype=fairy
INFO     Sampling battle 2
INFO     	        malamar     contrary         None [knockoff, psychocut, rest, superpower] ttype=steel
INFO     	      ceruledge    weakarmor heavydutyboots [bitterblade, poltergeist, shadowsneak, swordsdance] ttype=fire
INFO     	     mabosstiff     stakeout   choiceband [crunch, playrough, psychicfangs, wildcharge] ttype=fairy
INFO     Sampling 2 unrevealed pokemon
INFO     	      girafarig    sapsipper     eviolite [dazzlinggleam, nastyplot, psychic, shadowball] ttype=psychic
INFO     	      probopass   magnetpull    leftovers [bodypress, irondefense, powergem, thunderwave] ttype=fighting
INFO     Sampling battle 3
INFO     	        malamar     contrary         None [knockoff, psychocut, rest, superpower] ttype=steel
INFO     	      ceruledge    weakarmor heavydutyboots [bitterblade, poltergeist, shadowsneak, swordsdance] ttype=fire
INFO     	     mabosstiff     stakeout   choiceband [crunch, playrough, psychicfangs, wildcharge] ttype=fairy
INFO     Sampling 2 unrevealed pokemon
INFO     	      charizard        blaze heavydutyboots [earthquake, flareblitz, outrage, swordsdance] ttype=ground
INFO     	    slitherwing protosynthesis heavydutyboots [closecombat, morningsun, uturn, willowisp] ttype=steel
INFO     Sampling battle 4
INFO     	        malamar     contrary         None [knockoff, psychocut, rest, superpower] ttype=fighting
INFO     	      ceruledge    weakarmor heavydutyboots [bitterblade, closecombat, poltergeist, swordsdance] ttype=fire
INFO     	     mabosstiff     stakeout   choiceband [crunch, playrough, psychicfangs, wildcharge] ttype=dark
INFO     Sampling 2 unrevealed pokemon
INFO     	         zacian intrepidsword   choiceband [closecombat, playrough, psychicfangs, wildcharge] ttype=fighting
INFO     	  slowkinggalar  regenerator heavydutyboots [chillyreception, psychicnoise, slackoff, sludgebomb] ttype=fairy
INFO     Sampling battle 5
INFO     	        malamar     contrary         None [knockoff, psychocut, rest, superpower] ttype=poison
INFO     	      ceruledge    weakarmor heavydutyboots [bitterblade, closecombat, poltergeist, swordsdance] ttype=fighting
INFO     	     mabosstiff     stakeout   choiceband [crunch, playrough, psychicfangs, wildcharge] ttype=fairy
INFO     Sampling 2 unrevealed pokemon
INFO     	       illumise    prankster heavydutyboots [bugbuzz, encore, roost, thunderwave] ttype=water
INFO     	       meganium     overgrow    leftovers [earthquake, knockoff, petalblizzard, swordsdance] ttype=steel
INFO     Sampling battle 6
INFO     	        malamar     contrary         None [knockoff, psychocut, rest, superpower] ttype=fighting
INFO     	      ceruledge    weakarmor heavydutyboots [bitterblade, closecombat, poltergeist, swordsdance] ttype=fire
INFO     	     mabosstiff     stakeout   choiceband [crunch, playrough, psychicfangs, wildcharge] ttype=fairy
INFO     Sampling 2 unrevealed pokemon
INFO     	        dugtrio    arenatrap      lifeorb [earthquake, stoneedge, suckerpunch, swordsdance] ttype=ghost
INFO     	       salazzle    corrosion heavydutyboots [fireblast, nastyplot, sludgewave, terablast] ttype=grass
INFO     Sampling battle 7
INFO     	        malamar     contrary         None [knockoff, psychocut, rest, superpower] ttype=poison
INFO     	      ceruledge    weakarmor heavydutyboots [bitterblade, closecombat, poltergeist, swordsdance] ttype=fire
INFO     	     mabosstiff     stakeout   choiceband [crunch, playrough, psychicfangs, wildcharge] ttype=fairy
INFO     Sampling 2 unrevealed pokemon
INFO     	       virizion    justified      lifeorb [closecombat, leafblade, stoneedge, swordsdance] ttype=rock
INFO     	      eternatus     pressure  rockyhelmet [dynamaxcannon, flamethrower, recover, toxic] ttype=water
INFO     Sampling battle 8
INFO     	        malamar     contrary         None [knockoff, psychocut, rest, superpower] ttype=steel
INFO     	      ceruledge    weakarmor heavydutyboots [bitterblade, poltergeist, shadowsneak, swordsdance] ttype=fire
INFO     	     mabosstiff     stakeout   choiceband [crunch, playrough, psychicfangs, wildcharge] ttype=fairy
INFO     Sampling 2 unrevealed pokemon
INFO     	     toxtricity     punkrock  choicescarf [boomburst, overdrive, sludgewave, voltswitch] ttype=normal
INFO     	      azumarill    hugepower  sitrusberry [aquajet, bellydrum, liquidation, playrough] ttype=water
INFO     Sampling battle 9
INFO     	        malamar     contrary         None [knockoff, psychocut, rest, superpower] ttype=steel
INFO     	      ceruledge    weakarmor heavydutyboots [bitterblade, poltergeist, shadowsneak, swordsdance] ttype=ghost
INFO     	     mabosstiff     stakeout   choiceband [crunch, playrough, psychicfangs, wildcharge] ttype=dark
INFO     Sampling 2 unrevealed pokemon
INFO     	       grafaiai    prankster heavydutyboots [encore, gunkshot, knockoff, partingshot] ttype=dark
INFO     	        milotic  competitive    leftovers [dragontail, icebeam, recover, scald] ttype=dragon
INFO     Sampling battle 10
INFO     	        malamar     contrary         None [knockoff, psychocut, rest, superpower] ttype=poison
INFO     	      ceruledge    weakarmor heavydutyboots [bitterblade, closecombat, poltergeist, swordsdance] ttype=ghost
INFO     	     mabosstiff     stakeout   choiceband [crunch, playrough, psychicfangs, wildcharge] ttype=dark
INFO     Sampling 2 unrevealed pokemon
INFO     	      clawitzer megalauncher  choicespecs [aurasphere, dragonpulse, icebeam, waterpulse] ttype=dragon
INFO     	        slaking       truant   choiceband [doubleedge, earthquake, gigaimpact, knockoff] ttype=normal
INFO     Sampling battle 11
INFO     	        malamar     contrary         None [knockoff, psychocut, rest, superpower] ttype=poison
INFO     	      ceruledge    weakarmor heavydutyboots [bitterblade, closecombat, poltergeist, swordsdance] ttype=ghost
INFO     	     mabosstiff     stakeout   choiceband [crunch, playrough, psychicfangs, wildcharge] ttype=fairy
INFO     Sampling 2 unrevealed pokemon
INFO     	       braviary      defiant heavydutyboots [bravebird, bulkup, closecombat, roost] ttype=steel
INFO     	        heatran    flashfire   airballoon [earthpower, heavyslam, lavaplume, stealthrock] ttype=grass
INFO     Sampling battle 12
INFO     	        malamar     contrary         None [knockoff, psychocut, rest, superpower] ttype=steel
INFO     	      ceruledge    weakarmor heavydutyboots [bitterblade, closecombat, poltergeist, swordsdance] ttype=ghost
INFO     	     mabosstiff     stakeout   choiceband [crunch, playrough, psychicfangs, wildcharge] ttype=fairy
INFO     Sampling 2 unrevealed pokemon
INFO     	       ampharos       static  assaultvest [dazzlinggleam, focusblast, thunderbolt, voltswitch] ttype=fairy
INFO     	      hitmonlee     unburden    whiteherb [closecombat, knockoff, poisonjab, swordsdance] ttype=dark
INFO     Sampling battle 13
INFO     	        malamar     contrary         None [knockoff, psychocut, rest, superpower] ttype=steel
INFO     	      ceruledge    weakarmor heavydutyboots [bitterblade, poltergeist, shadowsneak, swordsdance] ttype=fire
INFO     	     mabosstiff     stakeout   choiceband [crunch, playrough, psychicfangs, wildcharge] ttype=fairy
INFO     Sampling 2 unrevealed pokemon
INFO     	        haxorus  moldbreaker     lumberry [dragondance, earthquake, ironhead, outrage] ttype=steel
INFO     	     toedscruel myceliummight    leftovers [earthpower, leafstorm, rapidspin, toxic] ttype=water
INFO     Sampling battle 14
INFO     	        malamar     contrary         None [knockoff, psychocut, rest, superpower] ttype=fighting
INFO     	      ceruledge    weakarmor heavydutyboots [bitterblade, closecombat, poltergeist, swordsdance] ttype=fire
INFO     	     mabosstiff     stakeout   choiceband [crunch, playrough, psychicfangs, wildcharge] ttype=fairy
INFO     Sampling 2 unrevealed pokemon
INFO     	squawkabillyblue         guts     flameorb [bravebird, facade, protect, quickattack] ttype=normal
INFO     	       jumpluff  infiltrator              [acrobatics, encore, strengthsap, uturn] ttype=steel
INFO     Sampling battle 15
INFO     	        malamar     contrary         None [knockoff, psychocut, rest, superpower] ttype=fighting
INFO     	      ceruledge    weakarmor heavydutyboots [bitterblade, closecombat, poltergeist, swordsdance] ttype=fire
INFO     	     mabosstiff     stakeout   choiceband [crunch, playrough, psychicfangs, wildcharge] ttype=dark
INFO     Sampling 2 unrevealed pokemon
INFO     	taurospaldeablaze   intimidate   choiceband [closecombat, flareblitz, stoneedge, wildcharge] ttype=fighting
INFO     	  deoxysdefense     pressure    leftovers [cosmicpower, nightshade, recover, storedpower] ttype=steel
INFO     Searching for a move using MCTS...
INFO     Sampling 16 battles at 500ms each
INFO     Choice: icebeam
INFO     malamar got 'cant' from sleep
INFO     Decrementing malamar's rest_turns to 2
INFO     regice already has the move icebeam. Decrementing the PP by 1
INFO     regice used a ice move, removing icegem from possible items
INFO     Setting regice's last used move: icebeam
INFO     regice used a damaging move - not guessing lifeorb anymore
INFO     regice did 28.000000000000004% damage to malamar with icebeam
INFO     malamar has less than maxhp during upkeep, no longer guessing leftovers or blacksludge
INFO     Opponent has switched - clearing the last used move
INFO     gliscor switched in, adding intimidate to impossible abilities
INFO     gliscor switched in, adding pressure to impossible abilities
INFO     gliscor switched in, adding neutralizinggas to impossible abilities
INFO     gliscor switched in, adding sandstream to impossible abilities
INFO     gliscor switched in, adding drought to impossible abilities
INFO     gliscor switched in, adding drizzle to impossible abilities
INFO     gliscor switched in, adding snowwarning to impossible abilities
INFO     gliscor switched in, adding boosterenergy to impossible items
INFO     gliscor switched in, adding airballoon to impossible items
INFO     
INFO     Turn: 25
INFO     loaded 11 player and 0 effective opponent priors
INFO     Sampling battle 0
INFO     	        gliscor   poisonheal     toxicorb [earthquake, knockoff, protect, toxic] ttype=water
INFO     	      ceruledge    weakarmor heavydutyboots [bitterblade, poltergeist, shadowsneak, swordsdance] ttype=ghost
INFO     	     mabosstiff     stakeout   choiceband [crunch, playrough, psychicfangs, wildcharge] ttype=dark
INFO     Sampling 1 unrevealed pokemon
INFO     	       mudsdale      stamina    leftovers [earthquake, heavyslam, roar, stoneedge] ttype=steel
INFO     Sampling battle 1
INFO     	        gliscor   poisonheal     toxicorb [earthquake, knockoff, protect, toxicspikes] ttype=water
INFO     	      ceruledge    weakarmor heavydutyboots [bitterblade, closecombat, poltergeist, swordsdance] ttype=fire
INFO     	     mabosstiff     stakeout   choiceband [crunch, playrough, psychicfangs, wildcharge] ttype=dark
INFO     Sampling 1 unrevealed pokemon
INFO     	     kricketune   technician    focussash [knockoff, pounce, stickyweb, taunt] ttype=ghost
INFO     Sampling battle 2
INFO     	        gliscor   poisonheal     toxicorb [earthquake, protect, substitute, toxic] ttype=water
INFO     	      ceruledge    weakarmor heavydutyboots [bitterblade, poltergeist, shadowsneak, swordsdance] ttype=ghost
INFO     	     mabosstiff     stakeout   choiceband [crunch, playrough, psychicfangs, wildcharge] ttype=fairy
INFO     Sampling 1 unrevealed pokemon
INFO     	   squawkabilly         guts     flameorb [bravebird, facade, quickattack, uturn] ttype=normal
INFO     Sampling battle 3
INFO     	        gliscor   poisonheal     toxicorb [earthquake, knockoff, protect, toxicspikes] ttype=water
INFO     	      ceruledge    weakarmor heavydutyboots [bitterblade, closecombat, poltergeist, swordsdance] ttype=fighting
INFO     	     mabosstiff     stakeout   choiceband [crunch, playrough, psychicfangs, wildcharge] ttype=dark
INFO     Sampling 1 unrevealed pokemon
INFO     	        heatran    flashfire   airballoon [earthpower, heavyslam, magmastorm, stealthrock] ttype=flying
INFO     Sampling battle 4
INFO     	        gliscor   poisonheal     toxicorb [earthquake, protect, substitute, toxic] ttype=water
INFO     	      ceruledge    weakarmor heavydutyboots [bitterblade, closecombat, poltergeist, swordsdance] ttype=fighting
INFO     	     mabosstiff     stakeout   choiceband [crunch, playrough, psychicfangs, wildcharge] ttype=fairy
INFO     Sampling 1 unrevealed pokemon
INFO     	      piloswine     thickfat     eviolite [earthquake, iceshard, iciclecrash, roar] ttype=dragon
INFO     Sampling battle 5
INFO     	        gliscor   poisonheal     toxicorb [earthquake, knockoff, protect, toxicspikes] ttype=water
INFO     	      ceruledge    weakarmor heavydutyboots [bitterblade, closecombat, poltergeist, swordsdance] ttype=fighting
INFO     	     mabosstiff     stakeout   choiceband [crunch, playrough, psychicfangs, wildcharge] ttype=fairy
INFO     Sampling 1 unrevealed pokemon
INFO     	      alomomola  regenerator heavydutyboots [flipturn, protect, scald, wish] ttype=steel
INFO     Sampling battle 6
INFO     	        gliscor   poisonheal     toxicorb [earthquake, protect, substitute, toxic] ttype=water
INFO     	      ceruledge    weakarmor heavydutyboots [bitterblade, closecombat, poltergeist, swordsdance] ttype=fire
INFO     	     mabosstiff     stakeout   choiceband [crunch, playrough, psychicfangs, wildcharge] ttype=fairy
INFO     Sampling 1 unrevealed pokemon
INFO     	    goodrahisui    sapsipper  assaultvest [dracometeor, dragontail, earthquake, heavyslam] ttype=dragon
INFO     Sampling battle 7
INFO     	        gliscor   poisonheal     toxicorb [earthquake, protect, substitute, toxic] ttype=water
INFO     	      ceruledge    weakarmor heavydutyboots [bitterblade, poltergeist, shadowsneak, swordsdance] ttype=fire
INFO     	     mabosstiff     stakeout   choiceband [crunch, playrough, psychicfangs, wildcharge] ttype=dark
INFO     Sampling 1 unrevealed pokemon
INFO     	       arcanine   intimidate heavydutyboots [closecombat, extremespeed, flareblitz, morningsun] ttype=normal
INFO     Sampling battle 8
INFO     	        gliscor   poisonheal     toxicorb [earthquake, protect, substitute, toxic] ttype=water
INFO     	      ceruledge    weakarmor heavydutyboots [bitterblade, closecombat, poltergeist, swordsdance] ttype=fighting
INFO     	     mabosstiff     stakeout   choiceband [crunch, playrough, psychicfangs, wildcharge] ttype=dark
INFO     Sampling 1 unrevealed pokemon
INFO     	     forretress       sturdy    leftovers [ironhead, rapidspin, spikes, stealthrock] ttype=water
INFO     Sampling battle 9
INFO     	        gliscor   poisonheal     toxicorb [earthquake, protect, substitute, toxic] ttype=water
INFO     	      ceruledge    weakarmor heavydutyboots [bitterblade, closecombat, poltergeist, swordsdance] ttype=ghost
INFO     	     mabosstiff     stakeout   choiceband [crunch, playrough, psychicfangs, wildcharge] ttype=dark
INFO     Sampling 1 unrevealed pokemon
INFO     	         zacian intrepidsword      lifeorb [closecombat, crunch, playrough, swordsdance] ttype=fighting
INFO     Sampling battle 10
INFO     	        gliscor   poisonheal     toxicorb [earthquake, knockoff, protect, toxic] ttype=water
INFO     	      ceruledge    weakarmor heavydutyboots [bitterblade, closecombat, poltergeist, swordsdance] ttype=ghost
INFO     	     mabosstiff     stakeout   choiceband [crunch, playrough, psychicfangs, wildcharge] ttype=fairy
INFO     Sampling 1 unrevealed pokemon
INFO     	         dodrio    earlybird heavydutyboots [bravebird, doubleedge, knockoff, swordsdance] ttype=normal
INFO     Sampling battle 11
INFO     	        gliscor   poisonheal     toxicorb [earthquake, knockoff, protect, toxic] ttype=water
INFO     	      ceruledge    weakarmor heavydutyboots [bitterblade, poltergeist, shadowsneak, swordsdance] ttype=fire
INFO     	     mabosstiff     stakeout   choiceband [crunch, playrough, psychicfangs, wildcharge] ttype=fairy
INFO     Sampling 1 unrevealed pokemon
INFO     	       ironmoth   quarkdrive heavydutyboots [fierydance, morningsun, sludgewave, toxicspikes] ttype=fire
INFO     Sampling battle 12
INFO     	        gliscor   poisonheal     toxicorb [earthquake, protect, substitute, toxic] ttype=water
INFO     	      ceruledge    weakarmor heavydutyboots [bitterblade, closecombat, poltergeist, swordsdance] ttype=fighting
INFO     	     mabosstiff     stakeout   choiceband [crunch, playrough, psychicfangs, wildcharge] ttype=dark
INFO     Sampling 1 unrevealed pokemon
INFO     	    sandyshocks protosynthesis    leftovers [earthpower, stealthrock, thunderbolt, thunderwave] ttype=grass
INFO     Sampling battle 13
INFO     	        gliscor   poisonheal     toxicorb [earthquake, knockoff, protect, toxic] ttype=water
INFO     	      ceruledge    weakarmor heavydutyboots [bitterblade, closecombat, poltergeist, swordsdance] ttype=fire
INFO     	     mabosstiff     stakeout   choiceband [crunch, playrough, psychicfangs, wildcharge] ttype=dark
INFO     Sampling 1 unrevealed pokemon
INFO     	      mamoswine     thickfat      lifeorb [earthquake, iceshard, iciclecrash, stealthrock] ttype=ice
INFO     Sampling battle 14
INFO     	        gliscor   poisonheal     toxicorb [earthquake, knockoff, protect, toxic] ttype=water
INFO     	      ceruledge    weakarmor heavydutyboots [bitterblade, closecombat, poltergeist, swordsdance] ttype=fighting
INFO     	     mabosstiff     stakeout   choiceband [crunch, playrough, psychicfangs, wildcharge] ttype=dark
INFO     Sampling 1 unrevealed pokemon
INFO     	         latios     levitate  choicespecs [aurasphere, dracometeor, flipturn, lusterpurge] ttype=dragon
INFO     Sampling battle 15
INFO     	        gliscor   poisonheal     toxicorb [earthquake, protect, substitute, toxic] ttype=water
INFO     	      ceruledge    weakarmor heavydutyboots [bitterblade, closecombat, poltergeist, swordsdance] ttype=ghost
INFO     	     mabosstiff     stakeout   choiceband [crunch, playrough, psychicfangs, wildcharge] ttype=dark
INFO     Sampling 1 unrevealed pokemon
INFO     	       arcanine   intimidate heavydutyboots [closecombat, extremespeed, flareblitz, morningsun] ttype=normal
INFO     Searching for a move using MCTS...
INFO     Sampling 16 battles at 500ms each
INFO     Choice: icebeam
INFO     Updated gliscor's min speed to 138
INFO     gliscor used a dark move, removing darkgem from possible items
INFO     Setting gliscor's last used move: knockoff
INFO     gliscor used a damaging move - not guessing lifeorb anymore
INFO     gliscor did 7.39% damage to regice with knockoff
INFO     Removing regice's item: heavydutyboots
INFO     Setting regice's removed item to heavydutyboots
INFO     Knockoff removed regice's item
INFO     gliscor got status: tox
INFO     No longer guessing lumberry because gliscor got status tox
INFO     loaded 3 player and 0 effective opponent priors
INFO     Sampling battle 0
INFO     	        gliscor   poisonheal     toxicorb [earthquake, knockoff, protect, toxic] ttype=water
INFO     	      ceruledge    weakarmor heavydutyboots [bitterblade, poltergeist, shadowsneak, swordsdance] ttype=fire
INFO     	     mabosstiff     stakeout   choiceband [crunch, playrough, psychicfangs, wildcharge] ttype=fairy
INFO     Sampling 1 unrevealed pokemon
INFO     	         goodra    sapsipper  assaultvest [dracometeor, earthquake, powerwhip, scald] ttype=water
INFO     Sampling battle 1
INFO     	        gliscor   poisonheal     toxicorb [earthquake, knockoff, protect, toxicspikes] ttype=water
INFO     	      ceruledge    weakarmor heavydutyboots [bitterblade, poltergeist, shadowsneak, swordsdance] ttype=ghost
INFO     	     mabosstiff     stakeout   choiceband [crunch, playrough, psychicfangs, wildcharge] ttype=dark
INFO     Sampling 1 unrevealed pokemon
INFO     	      terapagos    terashift  chestoberry [calmmind, earthpower, rest, terastarstorm] ttype=stellar
INFO     Sampling battle 2
INFO     	        gliscor   poisonheal     toxicorb [earthquake, knockoff, protect, toxic] ttype=water
INFO     	      ceruledge    weakarmor heavydutyboots [bitterblade, closecombat, poltergeist, swordsdance] ttype=fire
INFO     	     mabosstiff     stakeout   choiceband [crunch, playrough, psychicfangs, wildcharge] ttype=fairy
INFO     Sampling 1 unrevealed pokemon
INFO     	ogerponwellspring  waterabsorb wellspringmask [hornleech, ivycudgel, playrough, swordsdance] ttype=water
INFO     Sampling battle 3
INFO     	        gliscor   poisonheal     toxicorb [earthquake, knockoff, protect, toxic] ttype=water
INFO     	      ceruledge    weakarmor heavydutyboots [bitterblade, poltergeist, shadowsneak, swordsdance] ttype=fire
INFO     	     mabosstiff     stakeout   choiceband [crunch, playrough, psychicfangs, wildcharge] ttype=fairy
INFO     Sampling 1 unrevealed pokemon
INFO     	       cyclizar  regenerator heavydutyboots [dracometeor, knockoff, shedtail, taunt] ttype=ghost
INFO     Sampling battle 4
INFO     	        gliscor   poisonheal     toxicorb [earthquake, knockoff, protect, toxic] ttype=water
INFO     	      ceruledge    weakarmor heavydutyboots [bitterblade, closecombat, poltergeist, swordsdance] ttype=fire
INFO     	     mabosstiff     stakeout   choiceband [crunch, playrough, psychicfangs, wildcharge] ttype=dark
INFO     Sampling 1 unrevealed pokemon
INFO     	         kyurem     pressure heavydutyboots [dracometeor, earthpower, freezedry, outrage] ttype=ground
INFO     Sampling battle 5
INFO     	        gliscor   poisonheal     toxicorb [earthquake, knockoff, protect, toxic] ttype=water
INFO     	      ceruledge    weakarmor heavydutyboots [bitterblade, closecombat, poltergeist, swordsdance] ttype=fighting
INFO     	     mabosstiff     stakeout   choiceband [crunch, playrough, psychicfangs, wildcharge] ttype=fairy
INFO     Sampling 1 unrevealed pokemon
INFO     	      regigigas    slowstart    leftovers [bodyslam, knockoff, rest, sleeptalk] ttype=ghost
INFO     Sampling battle 6
INFO     	        gliscor   poisonheal     toxicorb [earthquake, knockoff, protect, toxicspikes] ttype=water
INFO     	      ceruledge    weakarmor heavydutyboots [bitterblade, closecombat, poltergeist, swordsdance] ttype=fire
INFO     	     mabosstiff     stakeout   choiceband [crunch, playrough, psychicfangs, wildcharge] ttype=dark
INFO     Sampling 1 unrevealed pokemon
INFO     	       porygon2     download     eviolite [discharge, icebeam, recover, triattack] ttype=ghost
INFO     Sampling battle 7
INFO     	        gliscor   poisonheal     toxicorb [earthquake, knockoff, protect, toxicspikes] ttype=water
INFO     	      ceruledge    weakarmor heavydutyboots [bitterblade, closecombat, poltergeist, swordsdance] ttype=fire
INFO     	     mabosstiff     stakeout   choiceband [crunch, playrough, psychicfangs, wildcharge] ttype=dark
INFO     Sampling 1 unrevealed pokemon
INFO     	   weezinggalar     levitate    leftovers [defog, gunkshot, painsplit, strangesteam] ttype=steel
INFO     Sampling battle 8
INFO     	        gliscor   poisonheal     toxicorb [earthquake, knockoff, protect, toxicspikes] ttype=water
INFO     	      ceruledge    weakarmor heavydutyboots [bitterblade, closecombat, poltergeist, swordsdance] ttype=fighting
INFO     	     mabosstiff     stakeout   choiceband [crunch, playrough, psychicfangs, wildcharge] ttype=dark
INFO     Sampling 1 unrevealed pokemon
INFO     	          klawf  regenerator   choiceband [crabhammer, highhorsepower, knockoff, stoneedge] ttype=dark
INFO     Sampling battle 9
INFO     	        gliscor   poisonheal     toxicorb [earthquake, knockoff, protect, toxic] ttype=water
INFO     	      ceruledge    weakarmor heavydutyboots [bitterblade, poltergeist, shadowsneak, swordsdance] ttype=ghost
INFO     	     mabosstiff     stakeout   choiceband [crunch, playrough, psychicfangs, wildcharge] ttype=fairy
INFO     Sampling 1 unrevealed pokemon
INFO     	      poliwrath  waterabsorb    leftovers [bulkup, drainpunch, liquidation, poisonjab] ttype=fighting
INFO     Sampling battle 10
INFO     	        gliscor   poisonheal     toxicorb [earthquake, knockoff, protect, toxicspikes] ttype=water
INFO     	      ceruledge    weakarmor heavydutyboots [bitterblade, poltergeist, shadowsneak, swordsdance] ttype=ghost
INFO     	     mabosstiff     stakeout   choiceband [crunch, playrough, psychicfangs, wildcharge] ttype=fairy
INFO     Sampling 1 unrevealed pokemon
INFO     	       granbull   intimidate    leftovers [earthquake, playrough, roar, thunderwave] ttype=ground
INFO     Sampling battle 11
INFO     	        gliscor   poisonheal     toxicorb [earthquake, knockoff, protect, toxic] ttype=water
INFO     	      ceruledge    weakarmor heavydutyboots [bitterblade, closecombat, poltergeist, swordsdance] ttype=fighting
INFO     	     mabosstiff     stakeout   choiceband [crunch, playrough, psychicfangs, wildcharge] ttype=fairy
INFO     Sampling 1 unrevealed pokemon
INFO     	       necrozma   prismarmor weaknesspolicy [dragondance, earthquake, knockoff, photongeyser] ttype=ground
INFO     Sampling battle 12
INFO     	        gliscor   poisonheal     toxicorb [earthquake, knockoff, protect, toxic] ttype=water
INFO     	      ceruledge    weakarmor heavydutyboots [bitterblade, poltergeist, shadowsneak, swordsdance] ttype=fire
INFO     	     mabosstiff     stakeout   choiceband [crunch, playrough, psychicfangs, wildcharge] ttype=fairy
INFO     Sampling 1 unrevealed pokemon
INFO     	       oricorio       dancer heavydutyboots [hurricane, quiverdance, revelationdance, roost] ttype=ground
INFO     Sampling battle 13
INFO     	        gliscor   poisonheal     toxicorb [earthquake, knockoff, protect, toxic] ttype=water
INFO     	      ceruledge    weakarmor heavydutyboots [bitterblade, closecombat, poltergeist, swordsdance] ttype=fire
INFO     	     mabosstiff     stakeout   choiceband [crunch, playrough, psychicfangs, wildcharge] ttype=dark
INFO     Sampling 1 unrevealed pokemon
INFO     	        moltres    flamebody heavydutyboots [bravebird, fireblast, roost, scorchingsands] ttype=dragon
INFO     Sampling battle 14
INFO     	        gliscor   poisonheal     toxicorb [earthquake, knockoff, protect, toxicspikes] ttype=water
INFO     	      ceruledge    weakarmor heavydutyboots [bitterblade, closecombat, poltergeist, swordsdance] ttype=fighting
INFO     	     mabosstiff     stakeout   choiceband [crunch, playrough, psychicfangs, wildcharge] ttype=fairy
INFO     Sampling 1 unrevealed pokemon
INFO     	        gallade    sharpness  choicescarf [leafblade, nightslash, psychocut, sacredsword] ttype=grass
INFO     Sampling battle 15
INFO     	        gliscor   poisonheal     toxicorb [earthquake, knockoff, protect, toxicspikes] ttype=water
INFO     	      ceruledge    weakarmor heavydutyboots [bitterblade, closecombat, poltergeist, swordsdance] ttype=fighting
INFO     	     mabosstiff     stakeout   choiceband [crunch, playrough, psychicfangs, wildcharge] ttype=fairy
INFO     Sampling 1 unrevealed pokemon
INFO     	       articuno     pressure heavydutyboots [bravebird, freezedry, roost, uturn] ttype=steel
INFO     Searching for a move using MCTS...
INFO     Sampling 16 battles at 500ms each
INFO     Choice: switch basculin
INFO     
INFO     Turn: 26
INFO     loaded 10 player and 0 effective opponent priors
INFO     Sampling battle 0
INFO     	        gliscor   poisonheal     toxicorb [earthquake, knockoff, protect, toxic] ttype=water
INFO     	      ceruledge    weakarmor heavydutyboots [bitterblade, closecombat, poltergeist, swordsdance] ttype=ghost
INFO     	     mabosstiff     stakeout   choiceband [crunch, playrough, psychicfangs, wildcharge] ttype=fairy
INFO     Sampling 1 unrevealed pokemon
INFO     	          hypno     insomnia    leftovers [encore, knockoff, psychicnoise, toxic] ttype=dark
INFO     Sampling battle 1
INFO     	        gliscor   poisonheal     toxicorb [earthquake, knockoff, protect, toxic] ttype=water
INFO     	      ceruledge    weakarmor heavydutyboots [bitterblade, closecombat, poltergeist, swordsdance] ttype=ghost
INFO     	     mabosstiff     stakeout   choiceband [crunch, playrough, psychicfangs, wildcharge] ttype=fairy
INFO     Sampling 1 unrevealed pokemon
INFO     	     conkeldurr         guts     flameorb [closecombat, facade, knockoff, machpunch] ttype=normal
INFO     Sampling battle 2
INFO     	        gliscor   poisonheal     toxicorb [earthquake, knockoff, protect, toxic] ttype=water
INFO     	      ceruledge    weakarmor heavydutyboots [bitterblade, closecombat, poltergeist, swordsdance] ttype=fire
INFO     	     mabosstiff     stakeout   choiceband [crunch, playrough, psychicfangs, wildcharge] ttype=dark
INFO     Sampling 1 unrevealed pokemon
INFO     	        noctowl   tintedlens heavydutyboots [calmmind, hurricane, hypervoice, roost] ttype=steel
INFO     Sampling battle 3
INFO     	        gliscor   poisonheal     toxicorb [earthquake, knockoff, protect, toxic] ttype=water
INFO     	      ceruledge    weakarmor heavydutyboots [bitterblade, closecombat, poltergeist, swordsdance] ttype=fighting
INFO     	     mabosstiff     stakeout   choiceband [crunch, playrough, psychicfangs, wildcharge] ttype=dark
INFO     Sampling 1 unrevealed pokemon
INFO     	      bastiodon   soundproof  chestoberry [bodypress, foulplay, irondefense, rest] ttype=fighting
INFO     Sampling battle 4
INFO     	        gliscor   poisonheal     toxicorb [earthquake, knockoff, protect, toxic] ttype=water
INFO     	      ceruledge    weakarmor heavydutyboots [bitterblade, closecombat, poltergeist, swordsdance] ttype=fighting
INFO     	     mabosstiff     stakeout   choiceband [crunch, playrough, psychicfangs, wildcharge] ttype=fairy
INFO     Sampling 1 unrevealed pokemon
INFO     	   arceusflying    multitype     skyplate [calmmind, earthpower, judgment, recover] ttype=steel
INFO     Sampling battle 5
INFO     	        gliscor   poisonheal     toxicorb [earthquake, knockoff, protect, toxicspikes] ttype=water
INFO     	      ceruledge    weakarmor heavydutyboots [bitterblade, closecombat, poltergeist, swordsdance] ttype=fire
INFO     	     mabosstiff     stakeout   choiceband [crunch, playrough, psychicfangs, wildcharge] ttype=dark
INFO     Sampling 1 unrevealed pokemon
INFO     	      garganacl purifyingsalt    leftovers [protect, recover, saltcure, stealthrock] ttype=dragon
INFO     Sampling battle 6
INFO     	        gliscor   poisonheal     toxicorb [earthquake, knockoff, protect, toxic] ttype=water
INFO     	      ceruledge    weakarmor heavydutyboots [bitterblade, closecombat, poltergeist, swordsdance] ttype=fighting
INFO     	     mabosstiff     stakeout   choiceband [crunch, playrough, psychicfangs, wildcharge] ttype=dark
INFO     Sampling 1 unrevealed pokemon
INFO     	       bronzong     levitate    leftovers [earthquake, ironhead, psychic, stealthrock] ttype=electric
INFO     Sampling battle 7
INFO     	        gliscor   poisonheal     toxicorb [earthquake, knockoff, protect, toxic] ttype=water
INFO     	      ceruledge    weakarmor heavydutyboots [bitterblade, poltergeist, shadowsneak, swordsdance] ttype=ghost
INFO     	     mabosstiff     stakeout   choiceband [crunch, playrough, psychicfangs, wildcharge] ttype=dark
INFO     Sampling 1 unrevealed pokemon
INFO     	        moltres    flamebody heavydutyboots [bravebird, fireblast, roost, scorchingsands] ttype=ground
INFO     Sampling battle 8
INFO     	        gliscor   poisonheal     toxicorb [earthquake, knockoff, protect, toxic] ttype=water
INFO     	      ceruledge    weakarmor heavydutyboots [bitterblade, closecombat, poltergeist, swordsdance] ttype=fighting
INFO     	     mabosstiff     stakeout   choiceband [crunch, playrough, psychicfangs, wildcharge] ttype=fairy
INFO     Sampling 1 unrevealed pokemon
INFO     	      lilligant     owntempo      lifeorb [alluringvoice, petaldance, quiverdance, sleeppowder] ttype=grass
INFO     Sampling battle 9
INFO     	        gliscor   poisonheal     toxicorb [earthquake, knockoff, protect, toxic] ttype=water
INFO     	      ceruledge    weakarmor heavydutyboots [bitterblade, closecombat, poltergeist, swordsdance] ttype=fighting
INFO     	     mabosstiff     stakeout   choiceband [crunch, playrough, psychicfangs, wildcharge] ttype=dark
INFO     Sampling 1 unrevealed pokemon
INFO     	    kyuremblack     teravolt   loadeddice [dragondance, fusionbolt, iciclespear, scaleshot] ttype=electric
INFO     Sampling battle 10
INFO     	        gliscor   poisonheal     toxicorb [earthquake, knockoff, protect, toxic] ttype=water
INFO     	      ceruledge    weakarmor heavydutyboots [bitterblade, poltergeist, shadowsneak, swordsdance] ttype=fire
INFO     	     mabosstiff     stakeout   choiceband [crunch, playrough, psychicfangs, wildcharge] ttype=fairy
INFO     Sampling 1 unrevealed pokemon
INFO     	     hitmonchan     ironfist      lifeorb [drainpunch, icepunch, knockoff, swordsdance] ttype=dark
INFO     Sampling battle 11
INFO     	        gliscor   poisonheal     toxicorb [earthquake, knockoff, protect, toxicspikes] ttype=water
INFO     	      ceruledge    weakarmor heavydutyboots [bitterblade, closecombat, poltergeist, swordsdance] ttype=fighting
INFO     	     mabosstiff     stakeout   choiceband [crunch, playrough, psychicfangs, wildcharge] ttype=dark
INFO     Sampling 1 unrevealed pokemon
INFO     	       oranguru   innerfocus      lifeorb [hypervoice, nastyplot, psyshock, thunderbolt] ttype=normal
INFO     Sampling battle 12
INFO     	        gliscor   poisonheal     toxicorb [earthquake, knockoff, protect, toxic] ttype=water
INFO     	      ceruledge    weakarmor heavydutyboots [bitterblade, closecombat, poltergeist, swordsdance] ttype=fighting
INFO     	     mabosstiff     stakeout   choiceband [crunch, playrough, psychicfangs, wildcharge] ttype=dark
INFO     Sampling 1 unrevealed pokemon
INFO     	       lycanroc     sandrush      lifeorb [accelerock, closecombat, stoneedge, swordsdance] ttype=fighting
INFO     Sampling battle 13
INFO     	        gliscor   poisonheal     toxicorb [earthquake, knockoff, protect, toxicspikes] ttype=water
INFO     	      ceruledge    weakarmor heavydutyboots [bitterblade, closecombat, poltergeist, swordsdance] ttype=ghost
INFO     	     mabosstiff     stakeout   choiceband [crunch, playrough, psychicfangs, wildcharge] ttype=fairy
INFO     Sampling 1 unrevealed pokemon
INFO     	         scizor   technician   choiceband [bulletpunch, closecombat, knockoff, uturn] ttype=steel
INFO     Sampling battle 14
INFO     	        gliscor   poisonheal     toxicorb [earthquake, knockoff, protect, toxic] ttype=water
INFO     	      ceruledge    weakarmor heavydutyboots [bitterblade, closecombat, poltergeist, swordsdance] ttype=fighting
INFO     	     mabosstiff     stakeout   choiceband [crunch, playrough, psychicfangs, wildcharge] ttype=dark
INFO     Sampling 1 unrevealed pokemon
INFO     	       pelipper      drizzle  choicespecs [hurricane, hydropump, uturn, weatherball] ttype=flying
INFO     Sampling battle 15
INFO     	        gliscor   poisonheal     toxicorb [earthquake, knockoff, protect, toxic] ttype=water
INFO     	      ceruledge    weakarmor heavydutyboots [bitterblade, closecombat, poltergeist, swordsdance] ttype=fighting
INFO     	     mabosstiff     stakeout   choiceband [crunch, playrough, psychicfangs, wildcharge] ttype=fairy
INFO     Sampling 1 unrevealed pokemon
INFO     	        avalugg       sturdy heavydutyboots [avalanche, bodypress, rapidspin, recover] ttype=fighting
INFO     Searching for a move using MCTS...
INFO     Sampling 16 battles at 500ms each
INFO     Choice: wavecrash
INFO     Opponent has switched - clearing the last used move
INFO     basculin already has the move wavecrash. Decrementing the PP by 1
INFO     basculin used a water move, removing watergem from possible items
INFO     Setting basculin's last used move: wavecrash
INFO     basculin used a damaging move - not guessing lifeorb anymore
INFO     basculin did 21.0% damage to mabosstiff with wavecrash
INFO     mabosstiff has less than maxhp during upkeep, no longer guessing leftovers or blacksludge
INFO     Opponent has switched - clearing the last used move
INFO     latios switched in, adding intimidate to impossible abilities
INFO     latios switched in, adding pressure to impossible abilities
INFO     latios switched in, adding neutralizinggas to impossible abilities
INFO     latios switched in, adding sandstream to impossible abilities
INFO     latios switched in, adding drought to impossible abilities
INFO     latios switched in, adding drizzle to impossible abilities
INFO     latios switched in, adding snowwarning to impossible abilities
INFO     latios switched in, adding boosterenergy to impossible items
INFO     latios switched in, adding airballoon to impossible items
INFO     
INFO     Turn: 27
INFO     loaded 4 player and 0 effective opponent priors
INFO     Sampling battle 0
INFO     	         latios     levitate      souldew [calmmind, dracometeor, psyshock, recover] ttype=steel
INFO     	      ceruledge    weakarmor heavydutyboots [bitterblade, closecombat, poltergeist, swordsdance] ttype=fighting
INFO     	        gliscor   poisonheal     toxicorb [earthquake, knockoff, protect, toxic] ttype=water
INFO     Sampling battle 1
INFO     	         latios     levitate  choicespecs [aurasphere, dracometeor, flipturn, lusterpurge] ttype=dragon
INFO     	      ceruledge    weakarmor heavydutyboots [bitterblade, poltergeist, shadowsneak, swordsdance] ttype=ghost
INFO     	        gliscor   poisonheal     toxicorb [earthquake, knockoff, protect, toxic] ttype=water
INFO     Sampling battle 2
INFO     	         latios     levitate  choicespecs [aurasphere, dracometeor, flipturn, lusterpurge] ttype=psychic
INFO     	      ceruledge    weakarmor heavydutyboots [bitterblade, poltergeist, shadowsneak, swordsdance] ttype=fire
INFO     	        gliscor   poisonheal     toxicorb [earthquake, knockoff, protect, toxicspikes] ttype=water
INFO     Sampling battle 3
INFO     	         latios     levitate      souldew [aurasphere, dracometeor, lusterpurge, recover] ttype=fighting
INFO     	      ceruledge    weakarmor heavydutyboots [bitterblade, poltergeist, shadowsneak, swordsdance] ttype=ghost
INFO     	        gliscor   poisonheal     toxicorb [earthquake, knockoff, protect, toxicspikes] ttype=water
INFO     Sampling battle 4
INFO     	         latios     levitate  choicespecs [aurasphere, dracometeor, flipturn, lusterpurge] ttype=dragon
INFO     	      ceruledge    weakarmor heavydutyboots [bitterblade, poltergeist, shadowsneak, swordsdance] ttype=ghost
INFO     	        gliscor   poisonheal     toxicorb [earthquake, knockoff, protect, toxicspikes] ttype=water
INFO     Sampling battle 5
INFO     	         latios     levitate  choicespecs [aurasphere, dracometeor, flipturn, lusterpurge] ttype=psychic
INFO     	      ceruledge    weakarmor heavydutyboots [bitterblade, closecombat, poltergeist, swordsdance] ttype=fire
INFO     	        gliscor   poisonheal     toxicorb [earthquake, knockoff, protect, toxic] ttype=water
INFO     Sampling battle 6
INFO     	         latios     levitate      souldew [calmmind, dracometeor, psyshock, recover] ttype=steel
INFO     	      ceruledge    weakarmor heavydutyboots [bitterblade, closecombat, poltergeist, swordsdance] ttype=fire
INFO     	        gliscor   poisonheal     toxicorb [earthquake, knockoff, protect, toxic] ttype=water
INFO     Sampling battle 7
INFO     	         latios     levitate      souldew [aurasphere, dracometeor, lusterpurge, recover] ttype=dragon
INFO     	      ceruledge    weakarmor heavydutyboots [bitterblade, closecombat, poltergeist, swordsdance] ttype=fire
INFO     	        gliscor   poisonheal     toxicorb [earthquake, knockoff, protect, toxicspikes] ttype=water
INFO     Sampling battle 8
INFO     	         latios     levitate      souldew [calmmind, dracometeor, psyshock, recover] ttype=steel
INFO     	      ceruledge    weakarmor heavydutyboots [bitterblade, closecombat, poltergeist, swordsdance] ttype=ghost
INFO     	        gliscor   poisonheal     toxicorb [earthquake, knockoff, protect, toxic] ttype=water
INFO     Sampling battle 9
INFO     	         latios     levitate  choicespecs [aurasphere, dracometeor, flipturn, lusterpurge] ttype=psychic
INFO     	      ceruledge    weakarmor heavydutyboots [bitterblade, poltergeist, shadowsneak, swordsdance] ttype=ghost
INFO     	        gliscor   poisonheal     toxicorb [earthquake, knockoff, protect, toxic] ttype=water
INFO     Sampling battle 10
INFO     	         latios     levitate      souldew [aurasphere, dracometeor, lusterpurge, recover] ttype=steel
INFO     	      ceruledge    weakarmor heavydutyboots [bitterblade, poltergeist, shadowsneak, swordsdance] ttype=ghost
INFO     	        gliscor   poisonheal     toxicorb [earthquake, knockoff, protect, toxic] ttype=water
INFO     Sampling battle 11
INFO     	         latios     levitate      souldew [aurasphere, dracometeor, lusterpurge, recover] ttype=steel
INFO     	      ceruledge    weakarmor heavydutyboots [bitterblade, poltergeist, shadowsneak, swordsdance] ttype=fire
INFO     	        gliscor   poisonheal     toxicorb [earthquake, knockoff, protect, toxic] ttype=water
INFO     Sampling battle 12
INFO     	         latios     levitate  choicespecs [aurasphere, dracometeor, flipturn, lusterpurge] ttype=psychic
INFO     	      ceruledge    weakarmor heavydutyboots [bitterblade, closecombat, poltergeist, swordsdance] ttype=ghost
INFO     	        gliscor   poisonheal     toxicorb [earthquake, knockoff, protect, toxic] ttype=water
INFO     Sampling battle 13
INFO     	         latios     levitate      souldew [aurasphere, dracometeor, lusterpurge, recover] ttype=dragon
INFO     	      ceruledge    weakarmor heavydutyboots [bitterblade, poltergeist, shadowsneak, swordsdance] ttype=fire
INFO     	        gliscor   poisonheal     toxicorb [earthquake, knockoff, protect, toxic] ttype=water
INFO     Sampling battle 14
INFO     	         latios     levitate  choicespecs [aurasphere, dracometeor, flipturn, lusterpurge] ttype=steel
INFO     	      ceruledge    weakarmor heavydutyboots [bitterblade, closecombat, poltergeist, swordsdance] ttype=fire
INFO     	        gliscor   poisonheal     toxicorb [earthquake, knockoff, protect, toxicspikes] ttype=water
INFO     Sampling battle 15
INFO     	         latios     levitate      souldew [calmmind, dracometeor, psyshock, recover] ttype=steel
INFO     	      ceruledge    weakarmor heavydutyboots [bitterblade, closecombat, poltergeist, swordsdance] ttype=fighting
INFO     	        gliscor   poisonheal     toxicorb [earthquake, knockoff, protect, toxic] ttype=water
INFO     Searching for a move using MCTS...
INFO     Sampling 16 battles at 500ms each
INFO     Choice: wavecrash
INFO     Updated latios's max speed to 218
INFO     basculin already has the move wavecrash. Decrementing the PP by 1
INFO     basculin used a water move, removing watergem from possible items
INFO     Setting basculin's last used move: wavecrash
INFO     basculin used a damaging move - not guessing lifeorb anymore
INFO     basculin did 57.99999999999999% damage to latios with wavecrash
INFO     latios used a dragon move, removing dragongem from possible items
INFO     Setting latios's last used move: dracometeor
INFO     latios used a damaging move - not guessing lifeorb anymore
INFO     latios did 60.540000000000006% damage to basculin with dracometeor
INFO     latios's special-attack was unboosted by 2 to -2
INFO     latios has less than maxhp during upkeep, no longer guessing leftovers or blacksludge
INFO     loaded 2 player and 0 effective opponent priors
INFO     Sampling battle 0
INFO     	         latios     levitate  choicespecs [aurasphere, dracometeor, flipturn, lusterpurge] ttype=steel
INFO     	      ceruledge    weakarmor heavydutyboots [bitterblade, poltergeist, shadowsneak, swordsdance] ttype=fire
INFO     	        gliscor   poisonheal     toxicorb [earthquake, knockoff, protect, toxicspikes] ttype=water
INFO     Sampling battle 1
INFO     	         latios     levitate  choicespecs [aurasphere, dracometeor, flipturn, lusterpurge] ttype=psychic
INFO     	      ceruledge    weakarmor heavydutyboots [bitterblade, poltergeist, shadowsneak, swordsdance] ttype=ghost
INFO     	        gliscor   poisonheal     toxicorb [earthquake, knockoff, protect, toxicspikes] ttype=water
INFO     Sampling battle 2
INFO     	         latios     levitate      souldew [calmmind, dracometeor, psyshock, recover] ttype=steel
INFO     	      ceruledge    weakarmor heavydutyboots [bitterblade, poltergeist, shadowsneak, swordsdance] ttype=fire
INFO     	        gliscor   poisonheal     toxicorb [earthquake, knockoff, protect, toxicspikes] ttype=water
INFO     Sampling battle 3
INFO     	         latios     levitate      souldew [aurasphere, dracometeor, lusterpurge, recover] ttype=steel
INFO     	      ceruledge    weakarmor heavydutyboots [bitterblade, closecombat, poltergeist, swordsdance] ttype=ghost
INFO     	        gliscor   poisonheal     toxicorb [earthquake, knockoff, protect, toxic] ttype=water
INFO     Sampling battle 4
INFO     	         latios     levitate      souldew [calmmind, dracometeor, psyshock, recover] ttype=steel
INFO     	      ceruledge    weakarmor heavydutyboots [bitterblade, closecombat, poltergeist, swordsdance] ttype=fighting
INFO     	        gliscor   poisonheal     toxicorb [earthquake, knockoff, protect, toxic] ttype=water
INFO     Sampling battle 5
INFO     	         latios     levitate      souldew [calmmind, dracometeor, psyshock, recover] ttype=steel
INFO     	      ceruledge    weakarmor heavydutyboots [bitterblade, closecombat, poltergeist, swordsdance] ttype=ghost
INFO     	        gliscor   poisonheal     toxicorb [earthquake, knockoff, protect, toxic] ttype=water
INFO     Sampling battle 6
INFO     	         latios     levitate      souldew [calmmind, dracometeor, psyshock, recover] ttype=steel
INFO     	      ceruledge    weakarmor heavydutyboots [bitterblade, poltergeist, shadowsneak, swordsdance] ttype=ghost
INFO     	        gliscor   poisonheal     toxicorb [earthquake, knockoff, protect, toxicspikes] ttype=water
INFO     Sampling battle 7
INFO     	         latios     levitate      souldew [calmmind, dracometeor, psyshock, recover] ttype=steel
INFO     	      ceruledge    weakarmor heavydutyboots [bitterblade, poltergeist, shadowsneak, swordsdance] ttype=fire
INFO     	        gliscor   poisonheal     toxicorb [earthquake, knockoff, protect, toxicspikes] ttype=water
INFO     Sampling battle 8
INFO     	         latios     levitate  choicespecs [aurasphere, dracometeor, flipturn, lusterpurge] ttype=dragon
INFO     	      ceruledge    weakarmor heavydutyboots [bitterblade, closecombat, poltergeist, swordsdance] ttype=fighting
INFO     	        gliscor   poisonheal     toxicorb [earthquake, knockoff, protect, toxic] ttype=water
INFO     Sampling battle 9
INFO     	         latios     levitate  choicespecs [aurasphere, dracometeor, flipturn, lusterpurge] ttype=steel
INFO     	      ceruledge    weakarmor heavydutyboots [bitterblade, closecombat, poltergeist, swordsdance] ttype=fighting
INFO     	        gliscor   poisonheal     toxicorb [earthquake, knockoff, protect, toxic] ttype=water
INFO     Sampling battle 10
INFO     	         latios     levitate      souldew [aurasphere, dracometeor, lusterpurge, recover] ttype=dragon
INFO     	      ceruledge    weakarmor heavydutyboots [bitterblade, closecombat, poltergeist, swordsdance] ttype=fire
INFO     	        gliscor   poisonheal     toxicorb [earthquake, knockoff, protect, toxic] ttype=water
INFO     Sampling battle 11
INFO     	         latios     levitate  choicespecs [aurasphere, dracometeor, flipturn, lusterpurge] ttype=psychic
INFO     	      ceruledge    weakarmor heavydutyboots [bitterblade, closecombat, poltergeist, swordsdance] ttype=ghost
INFO     	        gliscor   poisonheal     toxicorb [earthquake, knockoff, protect, toxic] ttype=water
INFO     Sampling battle 12
INFO     	         latios     levitate      souldew [calmmind, dracometeor, psyshock, recover] ttype=steel
INFO     	      ceruledge    weakarmor heavydutyboots [bitterblade, closecombat, poltergeist, swordsdance] ttype=fire
INFO     	        gliscor   poisonheal     toxicorb [earthquake, knockoff, protect, toxicspikes] ttype=water
INFO     Sampling battle 13
INFO     	         latios     levitate  choicespecs [aurasphere, dracometeor, flipturn, lusterpurge] ttype=steel
INFO     	      ceruledge    weakarmor heavydutyboots [bitterblade, closecombat, poltergeist, swordsdance] ttype=fighting
INFO     	        gliscor   poisonheal     toxicorb [earthquake, knockoff, protect, toxic] ttype=water
INFO     Sampling battle 14
INFO     	         latios     levitate  choicespecs [aurasphere, dracometeor, flipturn, lusterpurge] ttype=dragon
INFO     	      ceruledge    weakarmor heavydutyboots [bitterblade, closecombat, poltergeist, swordsdance] ttype=ghost
INFO     	        gliscor   poisonheal     toxicorb [earthquake, knockoff, protect, toxic] ttype=water
INFO     Sampling battle 15
INFO     	         latios     levitate      souldew [calmmind, dracometeor, psyshock, recover] ttype=steel
INFO     	      ceruledge    weakarmor heavydutyboots [bitterblade, poltergeist, shadowsneak, swordsdance] ttype=fire
INFO     	        gliscor   poisonheal     toxicorb [earthquake, knockoff, protect, toxic] ttype=water
INFO     Searching for a move using MCTS...
INFO     Sampling 16 battles at 500ms each
INFO     Choice: switch roaringmoon
INFO     
INFO     Turn: 28
INFO     loaded 9 player and 0 effective opponent priors
INFO     Sampling battle 0
INFO     	         latios     levitate      souldew [aurasphere, dracometeor, lusterpurge, recover] ttype=dragon
INFO     	      ceruledge    weakarmor heavydutyboots [bitterblade, poltergeist, shadowsneak, swordsdance] ttype=fire
INFO     	        gliscor   poisonheal     toxicorb [earthquake, knockoff, protect, toxicspikes] ttype=water
INFO     Sampling battle 1
INFO     	         latios     levitate  choicespecs [aurasphere, dracometeor, flipturn, lusterpurge] ttype=steel
INFO     	      ceruledge    weakarmor heavydutyboots [bitterblade, closecombat, poltergeist, swordsdance] ttype=fighting
INFO     	        gliscor   poisonheal     toxicorb [earthquake, knockoff, protect, toxicspikes] ttype=water
INFO     Sampling battle 2
INFO     	         latios     levitate  choicespecs [aurasphere, dracometeor, flipturn, lusterpurge] ttype=dragon
INFO     	      ceruledge    weakarmor heavydutyboots [bitterblade, poltergeist, shadowsneak, swordsdance] ttype=fire
INFO     	        gliscor   poisonheal     toxicorb [earthquake, knockoff, protect, toxic] ttype=water
INFO     Sampling battle 3
INFO     	         latios     levitate      souldew [calmmind, dracometeor, psyshock, recover] ttype=steel
INFO     	      ceruledge    weakarmor heavydutyboots [bitterblade, poltergeist, shadowsneak, swordsdance] ttype=ghost
INFO     	        gliscor   poisonheal     toxicorb [earthquake, knockoff, protect, toxicspikes] ttype=water
INFO     Sampling battle 4
INFO     	         latios     levitate      souldew [aurasphere, dracometeor, lusterpurge, recover] ttype=fighting
INFO     	      ceruledge    weakarmor heavydutyboots [bitterblade, closecombat, poltergeist, swordsdance] ttype=fighting
INFO     	        gliscor   poisonheal     toxicorb [earthquake, knockoff, protect, toxicspikes] ttype=water
INFO     Sampling battle 5
INFO     	         latios     levitate      souldew [aurasphere, dracometeor, lusterpurge, recover] ttype=steel
INFO     	      ceruledge    weakarmor heavydutyboots [bitterblade, closecombat, poltergeist, swordsdance] ttype=fighting
INFO     	        gliscor   poisonheal     toxicorb [earthquake, knockoff, protect, toxic] ttype=water
INFO     Sampling battle 6
INFO     	         latios     levitate      souldew [calmmind, dracometeor, psyshock, recover] ttype=steel
INFO     	      ceruledge    weakarmor heavydutyboots [bitterblade, poltergeist, shadowsneak, swordsdance] ttype=fire
INFO     	        gliscor   poisonheal     toxicorb [earthquake, knockoff, protect, toxic] ttype=water
INFO     Sampling battle 7
INFO     	         latios     levitate  choicespecs [aurasphere, dracometeor, flipturn, lusterpurge] ttype=dragon
INFO     	      ceruledge    weakarmor heavydutyboots [bitterblade, closecombat, poltergeist, swordsdance] ttype=ghost
INFO     	        gliscor   poisonheal     toxicorb [earthquake, knockoff, protect, toxic] ttype=water
INFO     Sampling battle 8
INFO     	         latios     levitate  choicespecs [aurasphere, dracometeor, flipturn, lusterpurge] ttype=psychic
INFO     	      ceruledge    weakarmor heavydutyboots [bitterblade, poltergeist, shadowsneak, swordsdance] ttype=fire
INFO     	        gliscor   poisonheal     toxicorb [earthquake, knockoff, protect, toxic] ttype=water
INFO     Sampling battle 9
INFO     	         latios     levitate      souldew [calmmind, dracometeor, psyshock, recover] ttype=steel
INFO     	      ceruledge    weakarmor heavydutyboots [bitterblade, closecombat, poltergeist, swordsdance] ttype=fighting
INFO     	        gliscor   poisonheal     toxicorb [earthquake, knockoff, protect, toxic] ttype=water
INFO     Sampling battle 10
INFO     	         latios     levitate      souldew [aurasphere, dracometeor, lusterpurge, recover] ttype=dragon
INFO     	      ceruledge    weakarmor heavydutyboots [bitterblade, closecombat, poltergeist, swordsdance] ttype=fire
INFO     	        gliscor   poisonheal     toxicorb [earthquake, knockoff, protect, toxic] ttype=water
INFO     Sampling battle 11
INFO     	         latios     levitate      souldew [calmmind, dracometeor, psyshock, recover] ttype=steel
INFO     	      ceruledge    weakarmor heavydutyboots [bitterblade, closecombat, poltergeist, swordsdance] ttype=ghost
INFO     	        gliscor   poisonheal     toxicorb [earthquake, knockoff, protect, toxic] ttype=water
INFO     Sampling battle 12
INFO     	         latios     levitate      souldew [aurasphere, dracometeor, lusterpurge, recover] ttype=fighting
INFO     	      ceruledge    weakarmor heavydutyboots [bitterblade, closecombat, poltergeist, swordsdance] ttype=fighting
INFO     	        gliscor   poisonheal     toxicorb [earthquake, knockoff, protect, toxicspikes] ttype=water
INFO     Sampling battle 13
INFO     	         latios     levitate  choicespecs [aurasphere, dracometeor, flipturn, lusterpurge] ttype=dragon
INFO     	      ceruledge    weakarmor heavydutyboots [bitterblade, poltergeist, shadowsneak, swordsdance] ttype=ghost
INFO     	        gliscor   poisonheal     toxicorb [earthquake, knockoff, protect, toxicspikes] ttype=water
INFO     Sampling battle 14
INFO     	         latios     levitate      souldew [calmmind, dracometeor, psyshock, recover] ttype=steel
INFO     	      ceruledge    weakarmor heavydutyboots [bitterblade, closecombat, poltergeist, swordsdance] ttype=fighting
INFO     	        gliscor   poisonheal     toxicorb [earthquake, knockoff, protect, toxicspikes] ttype=water
INFO     Sampling battle 15
INFO     	         latios     levitate      souldew [aurasphere, dracometeor, lusterpurge, recover] ttype=fighting
INFO     	      ceruledge    weakarmor heavydutyboots [bitterblade, poltergeist, shadowsneak, swordsdance] ttype=ghost
INFO     	        gliscor   poisonheal     toxicorb [earthquake, knockoff, protect, toxic] ttype=water
INFO     Searching for a move using MCTS...
INFO     Sampling 16 battles at 500ms each
INFO     Choice: outrage
INFO     Opponent has switched - clearing the last used move
INFO     roaringmoon already has the move outrage. Decrementing the PP by 1
INFO     roaringmoon used a dragon move, removing dragongem from possible items
INFO     Adding lockedmove to roaringmoon
INFO     Setting roaringmoon's last used move: outrage
INFO     roaringmoon used a damaging move - not guessing lifeorb anymore
INFO     roaringmoon did 28.000000000000004% damage to ceruledge with outrage
INFO     Incremented lockedmove for user to 1
INFO     ceruledge has less than maxhp during upkeep, no longer guessing leftovers or blacksludge
INFO     Opponent has switched - clearing the last used move
INFO     
INFO     Turn: 29
INFO     loaded 1 player and 0 effective opponent priors
INFO     Sampling battle 0
INFO     	        gliscor   poisonheal     toxicorb [earthquake, knockoff, protect, toxic] ttype=water
INFO     	         latios     levitate      souldew [calmmind, dracometeor, psyshock, recover] ttype=steel
INFO     Sampling battle 1
INFO     	        gliscor   poisonheal     toxicorb [earthquake, knockoff, protect, toxicspikes] ttype=water
INFO     	         latios     levitate      souldew [calmmind, dracometeor, psyshock, recover] ttype=steel
INFO     Sampling battle 2
INFO     	        gliscor   poisonheal     toxicorb [earthquake, knockoff, protect, toxic] ttype=water
INFO     	         latios     levitate  choicespecs [aurasphere, dracometeor, flipturn, lusterpurge] ttype=psychic
INFO     Sampling battle 3
INFO     	        gliscor   poisonheal     toxicorb [earthquake, knockoff, protect, toxic] ttype=water
INFO     	         latios     levitate  choicespecs [aurasphere, dracometeor, flipturn, lusterpurge] ttype=dragon
INFO     Sampling battle 4
INFO     	        gliscor   poisonheal     toxicorb [earthquake, knockoff, protect, toxicspikes] ttype=water
INFO     	         latios     levitate      souldew [aurasphere, dracometeor, lusterpurge, recover] ttype=steel
INFO     Sampling battle 5
INFO     	        gliscor   poisonheal     toxicorb [earthquake, knockoff, protect, toxic] ttype=water
INFO     	         latios     levitate      souldew [calmmind, dracometeor, psyshock, recover] ttype=steel
INFO     Sampling battle 6
INFO     	        gliscor   poisonheal     toxicorb [earthquake, knockoff, protect, toxic] ttype=water
INFO     	         latios     levitate      souldew [aurasphere, dracometeor, lusterpurge, recover] ttype=dragon
INFO     Sampling battle 7
INFO     	        gliscor   poisonheal     toxicorb [earthquake, knockoff, protect, toxic] ttype=water
INFO     	         latios     levitate      souldew [aurasphere, dracometeor, lusterpurge, recover] ttype=dragon
INFO     Sampling battle 8
INFO     	        gliscor   poisonheal     toxicorb [earthquake, knockoff, protect, toxicspikes] ttype=water
INFO     	         latios     levitate      souldew [calmmind, dracometeor, psyshock, recover] ttype=steel
INFO     Sampling battle 9
INFO     	        gliscor   poisonheal     toxicorb [earthquake, knockoff, protect, toxic] ttype=water
INFO     	         latios     levitate  choicespecs [aurasphere, dracometeor, flipturn, lusterpurge] ttype=dragon
INFO     Sampling battle 10
INFO     	        gliscor   poisonheal     toxicorb [earthquake, knockoff, protect, toxic] ttype=water
INFO     	         latios     levitate      souldew [calmmind, dracometeor, psyshock, recover] ttype=steel
INFO     Sampling battle 11
INFO     	        gliscor   poisonheal     toxicorb [earthquake, knockoff, protect, toxicspikes] ttype=water
INFO     	         latios     levitate  choicespecs [aurasphere, dracometeor, flipturn, lusterpurge] ttype=psychic
INFO     Sampling battle 12
INFO     	        gliscor   poisonheal     toxicorb [earthquake, knockoff, protect, toxicspikes] ttype=water
INFO     	         latios     levitate      souldew [aurasphere, dracometeor, lusterpurge, recover] ttype=steel
INFO     Sampling battle 13
INFO     	        gliscor   poisonheal     toxicorb [earthquake, knockoff, protect, toxic] ttype=water
INFO     	         latios     levitate      souldew [calmmind, dracometeor, psyshock, recover] ttype=steel
INFO     Sampling battle 14
INFO     	        gliscor   poisonheal     toxicorb [earthquake, knockoff, protect, toxic] ttype=water
INFO     	         latios     levitate  choicespecs [aurasphere, dracometeor, flipturn, lusterpurge] ttype=psychic
INFO     Sampling battle 15
INFO     	        gliscor   poisonheal     toxicorb [earthquake, knockoff, protect, toxic] ttype=water
INFO     	         latios     levitate  choicespecs [aurasphere, dracometeor, flipturn, lusterpurge] ttype=dragon
INFO     Searching for a move using MCTS...
INFO     Sampling 16 battles at 500ms each
INFO     Choice: outrage
INFO     gliscor used a status-move. Adding `assaultvest` to impossible items
INFO     Setting gliscor's last used move: protect
INFO     gliscor used a protect move, set protect side condition to 2
INFO     roaringmoon already has the move outrage. Decrementing the PP by 1
INFO     roaringmoon used a dragon move, removing dragongem from possible items
INFO     Adding lockedmove to roaringmoon
INFO     Setting roaringmoon's last used move: outrage
INFO     roaringmoon used a damaging move - not guessing lifeorb anymore
INFO     Incremented lockedmove for user to 2
INFO     Setting protect to 1 for the opponent
INFO     
INFO     Turn: 30
INFO     loaded 3 player and 0 effective opponent priors
INFO     Sampling battle 0
INFO     	        gliscor   poisonheal     toxicorb [earthquake, knockoff, protect, toxic] ttype=water
INFO     	         latios     levitate      souldew [calmmind, dracometeor, psyshock, recover] ttype=steel
INFO     Sampling battle 1
INFO     	        gliscor   poisonheal     toxicorb [earthquake, knockoff, protect, toxic] ttype=water
INFO     	         latios     levitate      souldew [aurasphere, dracometeor, lusterpurge, recover] ttype=fighting
INFO     Sampling battle 2
INFO     	        gliscor   poisonheal     toxicorb [earthquake, knockoff, protect, toxicspikes] ttype=water
INFO     	         latios     levitate      souldew [calmmind, dracometeor, psyshock, recover] ttype=steel
INFO     Sampling battle 3
INFO     	        gliscor   poisonheal     toxicorb [earthquake, knockoff, protect, toxic] ttype=water
INFO     	         latios     levitate      souldew [aurasphere, dracometeor, lusterpurge, recover] ttype=dragon
INFO     Sampling battle 4
INFO     	        gliscor   poisonheal     toxicorb [earthquake, knockoff, protect, toxic] ttype=water
INFO     	         latios     levitate      souldew [calmmind, dracometeor, psyshock, recover] ttype=steel
INFO     Sampling battle 5
INFO     	        gliscor   poisonheal     toxicorb [earthquake, knockoff, protect, toxic] ttype=water
INFO     	         latios     levitate      souldew [calmmind, dracometeor, psyshock, recover] ttype=steel
INFO     Sampling battle 6
INFO     	        gliscor   poisonheal     toxicorb [earthquake, knockoff, protect, toxicspikes] ttype=water
INFO     	         latios     levitate  choicespecs [aurasphere, dracometeor, flipturn, lusterpurge] ttype=steel
INFO     Sampling battle 7
INFO     	        gliscor   poisonheal     toxicorb [earthquake, knockoff, protect, toxic] ttype=water
INFO     	         latios     levitate      souldew [calmmind, dracometeor, psyshock, recover] ttype=steel
INFO     Sampling battle 8
INFO     	        gliscor   poisonheal     toxicorb [earthquake, knockoff, protect, toxicspikes] ttype=water
INFO     	         latios     levitate      souldew [calmmind, dracometeor, psyshock, recover] ttype=steel
INFO     Sampling battle 9
INFO     	        gliscor   poisonheal     toxicorb [earthquake, knockoff, protect, toxic] ttype=water
INFO     	         latios     levitate      souldew [aurasphere, dracometeor, lusterpurge, recover] ttype=fighting
INFO     Sampling battle 10
INFO     	        gliscor   poisonheal     toxicorb [earthquake, knockoff, protect, toxicspikes] ttype=water
INFO     	         latios     levitate      souldew [calmmind, dracometeor, psyshock, recover] ttype=steel
INFO     Sampling battle 11
INFO     	        gliscor   poisonheal     toxicorb [earthquake, knockoff, protect, toxic] ttype=water
INFO     	         latios     levitate  choicespecs [aurasphere, dracometeor, flipturn, lusterpurge] ttype=psychic
INFO     Sampling battle 12
INFO     	        gliscor   poisonheal     toxicorb [earthquake, knockoff, protect, toxic] ttype=water
INFO     	         latios     levitate      souldew [aurasphere, dracometeor, lusterpurge, recover] ttype=dragon
INFO     Sampling battle 13
INFO     	        gliscor   poisonheal     toxicorb [earthquake, knockoff, protect, toxic] ttype=water
INFO     	         latios     levitate      souldew [calmmind, dracometeor, psyshock, recover] ttype=steel
INFO     Sampling battle 14
INFO     	        gliscor   poisonheal     toxicorb [earthquake, knockoff, protect, toxicspikes] ttype=water
INFO     	         latios     levitate      souldew [calmmind, dracometeor, psyshock, recover] ttype=steel
INFO     Sampling battle 15
INFO     	        gliscor   poisonheal     toxicorb [earthquake, knockoff, protect, toxicspikes] ttype=water
INFO     	         latios     levitate  choicespecs [aurasphere, dracometeor, flipturn, lusterpurge] ttype=steel
INFO     Searching for a move using MCTS...
INFO     Sampling 16 battles at 500ms each
INFO     Choice: outrage
INFO     Updated gliscor's max speed to 213
INFO     roaringmoon already has the move outrage. Decrementing the PP by 1
INFO     roaringmoon used a dragon move, removing dragongem from possible items
INFO     Adding lockedmove to roaringmoon
INFO     Setting roaringmoon's last used move: outrage
INFO     roaringmoon used a damaging move - not guessing lifeorb anymore
INFO     roaringmoon did 67.0% damage to gliscor with outrage
INFO     gliscor already has the move knockoff. Decrementing the PP by 1
INFO     gliscor used two different moves - it cannot have a choice item
INFO     gliscor used a dark move, removing darkgem from possible items
INFO     Setting gliscor's last used move: knockoff
INFO     gliscor used a damaging move - not guessing lifeorb anymore
INFO     gliscor did 12.959999999999999% damage to roaringmoon with knockoff
INFO     Removing roaringmoon's item: choiceband
INFO     Setting roaringmoon's removed item to choiceband
INFO     Knockoff removed roaringmoon's item
INFO     Incremented lockedmove for user to 3
INFO     Setting protect to 0 for the opponent
INFO     gliscor has less than maxhp during upkeep, no longer guessing leftovers or blacksludge
INFO     
INFO     Turn: 31
INFO     loaded 1 player and 0 effective opponent priors
INFO     Sampling battle 0
INFO     	        gliscor   poisonheal     toxicorb [earthquake, knockoff, protect, toxicspikes] ttype=water
INFO     	         latios     levitate  choicespecs [aurasphere, dracometeor, flipturn, lusterpurge] ttype=psychic
INFO     Sampling battle 1
INFO     	        gliscor   poisonheal     toxicorb [earthquake, knockoff, protect, toxicspikes] ttype=water
INFO     	         latios     levitate      souldew [calmmind, dracometeor, psyshock, recover] ttype=steel
INFO     Sampling battle 2
INFO     	        gliscor   poisonheal     toxicorb [earthquake, knockoff, protect, toxic] ttype=water
INFO     	         latios     levitate      souldew [calmmind, dracometeor, psyshock, recover] ttype=steel
INFO     Sampling battle 3
INFO     	        gliscor   poisonheal     toxicorb [earthquake, knockoff, protect, toxicspikes] ttype=water
INFO     	         latios     levitate      souldew [aurasphere, dracometeor, lusterpurge, recover] ttype=fighting
INFO     Sampling battle 4
INFO     	        gliscor   poisonheal     toxicorb [earthquake, knockoff, protect, toxic] ttype=water
INFO     	         latios     levitate      souldew [aurasphere, dracometeor, lusterpurge, recover] ttype=dragon
INFO     Sampling battle 5
INFO     	        gliscor   poisonheal     toxicorb [earthquake, knockoff, protect, toxicspikes] ttype=water
INFO     	         latios     levitate  choicespecs [aurasphere, dracometeor, flipturn, lusterpurge] ttype=dragon
INFO     Sampling battle 6
INFO     	        gliscor   poisonheal     toxicorb [earthquake, knockoff, protect, toxicspikes] ttype=water
INFO     	         latios     levitate      souldew [calmmind, dracometeor, psyshock, recover] ttype=steel
INFO     Sampling battle 7
INFO     	        gliscor   poisonheal     toxicorb [earthquake, knockoff, protect, toxicspikes] ttype=water
INFO     	         latios     levitate      souldew [calmmind, dracometeor, psyshock, recover] ttype=steel
INFO     Sampling battle 8
INFO     	        gliscor   poisonheal     toxicorb [earthquake, knockoff, protect, toxic] ttype=water
INFO     	         latios     levitate      souldew [calmmind, dracometeor, psyshock, recover] ttype=steel
INFO     Sampling battle 9
INFO     	        gliscor   poisonheal     toxicorb [earthquake, knockoff, protect, toxic] ttype=water
INFO     	         latios     levitate      souldew [calmmind, dracometeor, psyshock, recover] ttype=steel
INFO     Sampling battle 10
INFO     	        gliscor   poisonheal     toxicorb [earthquake, knockoff, protect, toxic] ttype=water
INFO     	         latios     levitate      souldew [calmmind, dracometeor, psyshock, recover] ttype=steel
INFO     Sampling battle 11
INFO     	        gliscor   poisonheal     toxicorb [earthquake, knockoff, protect, toxic] ttype=water
INFO     	         latios     levitate      souldew [calmmind, dracometeor, psyshock, recover] ttype=steel
INFO     Sampling battle 12
INFO     	        gliscor   poisonheal     toxicorb [earthquake, knockoff, protect, toxic] ttype=water
INFO     	         latios     levitate      souldew [calmmind, dracometeor, psyshock, recover] ttype=steel
INFO     Sampling battle 13
INFO     	        gliscor   poisonheal     toxicorb [earthquake, knockoff, protect, toxic] ttype=water
INFO     	         latios     levitate      souldew [aurasphere, dracometeor, lusterpurge, recover] ttype=fighting
INFO     Sampling battle 14
INFO     	        gliscor   poisonheal     toxicorb [earthquake, knockoff, protect, toxic] ttype=water
INFO     	         latios     levitate  choicespecs [aurasphere, dracometeor, flipturn, lusterpurge] ttype=dragon
INFO     Sampling battle 15
INFO     	        gliscor   poisonheal     toxicorb [earthquake, knockoff, protect, toxic] ttype=water
INFO     	         latios     levitate  choicespecs [aurasphere, dracometeor, flipturn, lusterpurge] ttype=psychic
INFO     Searching for a move using MCTS...
INFO     Sampling 16 battles at 500ms each
INFO     Choice: outrage
INFO     gliscor already has the move protect. Decrementing the PP by 1
INFO     gliscor used two different moves - it cannot have a choice item
INFO     gliscor used a status-move. Adding `assaultvest` to impossible items
INFO     Setting gliscor's last used move: protect
INFO     gliscor used a protect move, set protect side condition to 2
INFO     roaringmoon already has the move outrage. Decrementing the PP by 1
INFO     roaringmoon used a dragon move, removing dragongem from possible items
INFO     Adding lockedmove to roaringmoon
INFO     Setting roaringmoon's last used move: outrage
INFO     roaringmoon used a damaging move - not guessing lifeorb anymore
INFO     Incremented lockedmove for user to 4
INFO     Setting protect to 1 for the opponent
INFO     gliscor has less than maxhp during upkeep, no longer guessing leftovers or blacksludge
INFO     
INFO     Turn: 32
INFO     loaded 9 player and 0 effective opponent priors
INFO     Sampling battle 0
INFO     	        gliscor   poisonheal     toxicorb [earthquake, knockoff, protect, toxicspikes] ttype=water
INFO     	         latios     levitate      souldew [calmmind, dracometeor, psyshock, recover] ttype=steel
INFO     Sampling battle 1
INFO     	        gliscor   poisonheal     toxicorb [earthquake, knockoff, protect, toxic] ttype=water
INFO     	         latios     levitate      souldew [calmmind, dracometeor, psyshock, recover] ttype=steel
INFO     Sampling battle 2
INFO     	        gliscor   poisonheal     toxicorb [earthquake, knockoff, protect, toxic] ttype=water
INFO     	         latios     levitate      souldew [calmmind, dracometeor, psyshock, recover] ttype=steel
INFO     Sampling battle 3
INFO     	        gliscor   poisonheal     toxicorb [earthquake, knockoff, protect, toxic] ttype=water
INFO     	         latios     levitate      souldew [aurasphere, dracometeor, lusterpurge, recover] ttype=fighting
INFO     Sampling battle 4
INFO     	        gliscor   poisonheal     toxicorb [earthquake, knockoff, protect, toxic] ttype=water
INFO     	         latios     levitate  choicespecs [aurasphere, dracometeor, flipturn, lusterpurge] ttype=steel
INFO     Sampling battle 5
INFO     	        gliscor   poisonheal     toxicorb [earthquake, knockoff, protect, toxic] ttype=water
INFO     	         latios     levitate      souldew [aurasphere, dracometeor, lusterpurge, recover] ttype=steel
INFO     Sampling battle 6
INFO     	        gliscor   poisonheal     toxicorb [earthquake, knockoff, protect, toxic] ttype=water
INFO     	         latios     levitate  choicespecs [aurasphere, dracometeor, flipturn, lusterpurge] ttype=dragon
INFO     Sampling battle 7
INFO     	        gliscor   poisonheal     toxicorb [earthquake, knockoff, protect, toxic] ttype=water
INFO     	         latios     levitate      souldew [calmmind, dracometeor, psyshock, recover] ttype=steel
INFO     Sampling battle 8
INFO     	        gliscor   poisonheal     toxicorb [earthquake, knockoff, protect, toxic] ttype=water
INFO     	         latios     levitate      souldew [calmmind, dracometeor, psyshock, recover] ttype=steel
INFO     Sampling battle 9
INFO     	        gliscor   poisonheal     toxicorb [earthquake, knockoff, protect, toxic] ttype=water
INFO     	         latios     levitate      souldew [calmmind, dracometeor, psyshock, recover] ttype=steel
INFO     Sampling battle 10
INFO     	        gliscor   poisonheal     toxicorb [earthquake, knockoff, protect, toxicspikes] ttype=water
INFO     	         latios     levitate      souldew [aurasphere, dracometeor, lusterpurge, recover] ttype=steel
INFO     Sampling battle 11
INFO     	        gliscor   poisonheal     toxicorb [earthquake, knockoff, protect, toxic] ttype=water
INFO     	         latios     levitate  choicespecs [aurasphere, dracometeor, flipturn, lusterpurge] ttype=psychic
INFO     Sampling battle 12
INFO     	        gliscor   poisonheal     toxicorb [earthquake, knockoff, protect, toxicspikes] ttype=water
INFO     	         latios     levitate      souldew [aurasphere, dracometeor, lusterpurge, recover] ttype=dragon
INFO     Sampling battle 13
INFO     	        gliscor   poisonheal     toxicorb [earthquake, knockoff, protect, toxic] ttype=water
INFO     	         latios     levitate  choicespecs [aurasphere, dracometeor, flipturn, lusterpurge] ttype=psychic
INFO     Sampling battle 14
INFO     	        gliscor   poisonheal     toxicorb [earthquake, knockoff, protect, toxic] ttype=water
INFO     	         latios     levitate  choicespecs [aurasphere, dracometeor, flipturn, lusterpurge] ttype=psychic
INFO     Sampling battle 15
INFO     	        gliscor   poisonheal     toxicorb [earthquake, knockoff, protect, toxicspikes] ttype=water
INFO     	         latios     levitate      souldew [calmmind, dracometeor, psyshock, recover] ttype=steel
INFO     Searching for a move using MCTS...
INFO     Sampling 16 battles at 500ms each
INFO     Choice: outrage
INFO     gliscor already has the move protect. Decrementing the PP by 1
INFO     gliscor used a status-move. Adding `assaultvest` to impossible items
INFO     Setting gliscor's last used move: protect
INFO     gliscor used a protect move, set protect side condition to 3
INFO     roaringmoon already has the move outrage. Decrementing the PP by 1
INFO     roaringmoon used a dragon move, removing dragongem from possible items
INFO     Adding lockedmove to roaringmoon
INFO     Setting roaringmoon's last used move: outrage
INFO     roaringmoon used a damaging move - not guessing lifeorb anymore
INFO     Incremented lockedmove for user to 5
INFO     Setting protect to 2 for the opponent
INFO     gliscor has less than maxhp during upkeep, no longer guessing leftovers or blacksludge
INFO     
INFO     Turn: 33
INFO     loaded 9 player and 0 effective opponent priors
INFO     Sampling battle 0
INFO     	        gliscor   poisonheal     toxicorb [earthquake, knockoff, protect, toxic] ttype=water
INFO     	         latios     levitate      souldew [aurasphere, dracometeor, lusterpurge, recover] ttype=steel
INFO     Sampling battle 1
INFO     	        gliscor   poisonheal     toxicorb [earthquake, knockoff, protect, toxic] ttype=water
INFO     	         latios     levitate  choicespecs [aurasphere, dracometeor, flipturn, lusterpurge] ttype=psychic
INFO     Sampling battle 2
INFO     	        gliscor   poisonheal     toxicorb [earthquake, knockoff, protect, toxicspikes] ttype=water
INFO     	         latios     levitate      souldew [aurasphere, dracometeor, lusterpurge, recover] ttype=dragon
INFO     Sampling battle 3
INFO     	        gliscor   poisonheal     toxicorb [earthquake, knockoff, protect, toxicspikes] ttype=water
INFO     	         latios     levitate  choicespecs [aurasphere, dracometeor, flipturn, lusterpurge] ttype=dragon
INFO     Sampling battle 4
INFO     	        gliscor   poisonheal     toxicorb [earthquake, knockoff, protect, toxicspikes] ttype=water
INFO     	         latios     levitate      souldew [calmmind, dracometeor, psyshock, recover] ttype=steel
INFO     Sampling battle 5
INFO     	        gliscor   poisonheal     toxicorb [earthquake, knockoff, protect, toxicspikes] ttype=water
INFO     	         latios     levitate      souldew [calmmind, dracometeor, psyshock, recover] ttype=steel
INFO     Sampling battle 6
INFO     	        gliscor   poisonheal     toxicorb [earthquake, knockoff, protect, toxic] ttype=water
INFO     	         latios     levitate  choicespecs [aurasphere, dracometeor, flipturn, lusterpurge] ttype=steel
INFO     Sampling battle 7
INFO     	        gliscor   poisonheal     toxicorb [earthquake, knockoff, protect, toxic] ttype=water
INFO     	         latios     levitate      souldew [aurasphere, dracometeor, lusterpurge, recover] ttype=fighting
INFO     Sampling battle 8
INFO     	        gliscor   poisonheal     toxicorb [earthquake, knockoff, protect, toxic] ttype=water
INFO     	         latios     levitate      souldew [calmmind, dracometeor, psyshock, recover] ttype=steel
INFO     Sampling battle 9
INFO     	        gliscor   poisonheal     toxicorb [earthquake, knockoff, protect, toxic] ttype=water
INFO     	         latios     levitate  choicespecs [aurasphere, dracometeor, flipturn, lusterpurge] ttype=dragon
INFO     Sampling battle 10
INFO     	        gliscor   poisonheal     toxicorb [earthquake, knockoff, protect, toxic] ttype=water
INFO     	         latios     levitate      souldew [calmmind, dracometeor, psyshock, recover] ttype=steel
INFO     Sampling battle 11
INFO     	        gliscor   poisonheal     toxicorb [earthquake, knockoff, protect, toxic] ttype=water
INFO     	         latios     levitate  choicespecs [aurasphere, dracometeor, flipturn, lusterpurge] ttype=psychic
INFO     Sampling battle 12
INFO     	        gliscor   poisonheal     toxicorb [earthquake, knockoff, protect, toxic] ttype=water
INFO     	         latios     levitate      souldew [calmmind, dracometeor, psyshock, recover] ttype=steel
INFO     Sampling battle 13
INFO     	        gliscor   poisonheal     toxicorb [earthquake, knockoff, protect, toxic] ttype=water
INFO     	         latios     levitate      souldew [calmmind, dracometeor, psyshock, recover] ttype=steel
INFO     Sampling battle 14
INFO     	        gliscor   poisonheal     toxicorb [earthquake, knockoff, protect, toxicspikes] ttype=water
INFO     	         latios     levitate      souldew [calmmind, dracometeor, psyshock, recover] ttype=steel
INFO     Sampling battle 15
INFO     	        gliscor   poisonheal     toxicorb [earthquake, knockoff, protect, toxicspikes] ttype=water
INFO     	         latios     levitate  choicespecs [aurasphere, dracometeor, flipturn, lusterpurge] ttype=psychic
INFO     Searching for a move using MCTS...
INFO     Sampling 16 battles at 500ms each
WARNING  final-choice override (%s): %s -> %s
INFO     Choice: knockoff
INFO     Updated gliscor's max speed to 213
INFO     roaringmoon already has the move knockoff. Decrementing the PP by 1
INFO     roaringmoon used a dark move, removing darkgem from possible items
INFO     Setting roaringmoon's last used move: knockoff
INFO     roaringmoon used a damaging move - not guessing lifeorb anymore
INFO     roaringmoon did 55.00000000000001% damage to gliscor with knockoff
INFO     Removing gliscor's item: toxicorb
INFO     Setting gliscor's removed item to toxicorb
INFO     Knockoff removed gliscor's item
INFO     gliscor used two different moves - it cannot have a choice item
INFO     gliscor used a ground move, removing groundgem from possible items
INFO     Setting gliscor's last used move: earthquake
INFO     gliscor used a damaging move - not guessing lifeorb anymore
INFO     gliscor did 46.67% damage to roaringmoon with earthquake
INFO     Incremented lockedmove for user to 6
INFO     Setting protect to 1 for the opponent
INFO     gliscor has less than maxhp during upkeep, no longer guessing leftovers or blacksludge
INFO     
INFO     Turn: 34
INFO     loaded 9 player and 0 effective opponent priors
INFO     Sampling battle 0
INFO     	        gliscor   poisonheal         None [earthquake, knockoff, protect, toxicspikes] ttype=water
INFO     	         latios     levitate      souldew [calmmind, dracometeor, psyshock, recover] ttype=steel
INFO     Sampling battle 1
INFO     	        gliscor   poisonheal         None [earthquake, knockoff, protect, toxic] ttype=water
INFO     	         latios     levitate      souldew [calmmind, dracometeor, psyshock, recover] ttype=steel
INFO     Sampling battle 2
INFO     	        gliscor   poisonheal         None [earthquake, knockoff, protect, toxicspikes] ttype=water
INFO     	         latios     levitate  choicespecs [aurasphere, dracometeor, flipturn, lusterpurge] ttype=psychic
INFO     Sampling battle 3
INFO     	        gliscor   poisonheal         None [earthquake, knockoff, protect, toxic] ttype=water
INFO     	         latios     levitate      souldew [calmmind, dracometeor, psyshock, recover] ttype=steel
INFO     Sampling battle 4
INFO     	        gliscor   poisonheal         None [earthquake, knockoff, protect, toxicspikes] ttype=water
INFO     	         latios     levitate      souldew [calmmind, dracometeor, psyshock, recover] ttype=steel
INFO     Sampling battle 5
INFO     	        gliscor   poisonheal         None [earthquake, knockoff, protect, toxicspikes] ttype=water
INFO     	         latios     levitate      souldew [calmmind, dracometeor, psyshock, recover] ttype=steel
INFO     Sampling battle 6
INFO     	        gliscor   poisonheal         None [earthquake, knockoff, protect, toxicspikes] ttype=water
INFO     	         latios     levitate      souldew [calmmind, dracometeor, psyshock, recover] ttype=steel
INFO     Sampling battle 7
INFO     	        gliscor   poisonheal         None [earthquake, knockoff, protect, toxicspikes] ttype=water
INFO     	         latios     levitate  choicespecs [aurasphere, dracometeor, flipturn, lusterpurge] ttype=steel
INFO     Sampling battle 8
INFO     	        gliscor   poisonheal         None [earthquake, knockoff, protect, toxicspikes] ttype=water
INFO     	         latios     levitate      souldew [aurasphere, dracometeor, lusterpurge, recover] ttype=steel
INFO     Sampling battle 9
INFO     	        gliscor   poisonheal         None [earthquake, knockoff, protect, toxicspikes] ttype=water
INFO     	         latios     levitate      souldew [aurasphere, dracometeor, lusterpurge, recover] ttype=dragon
INFO     Sampling battle 10
INFO     	        gliscor   poisonheal         None [earthquake, knockoff, protect, toxicspikes] ttype=water
INFO     	         latios     levitate  choicespecs [aurasphere, dracometeor, flipturn, lusterpurge] ttype=psychic
INFO     Sampling battle 11
INFO     	        gliscor   poisonheal         None [earthquake, knockoff, protect, toxic] ttype=water
INFO     	         latios     levitate      souldew [calmmind, dracometeor, psyshock, recover] ttype=steel
INFO     Sampling battle 12
INFO     	        gliscor   poisonheal         None [earthquake, knockoff, protect, toxicspikes] ttype=water
INFO     	         latios     levitate      souldew [aurasphere, dracometeor, lusterpurge, recover] ttype=steel
INFO     Sampling battle 13
INFO     	        gliscor   poisonheal         None [earthquake, knockoff, protect, toxicspikes] ttype=water
INFO     	         latios     levitate      souldew [aurasphere, dracometeor, lusterpurge, recover] ttype=dragon
INFO     Sampling battle 14
INFO     	        gliscor   poisonheal         None [earthquake, knockoff, protect, toxic] ttype=water
INFO     	         latios     levitate  choicespecs [aurasphere, dracometeor, flipturn, lusterpurge] ttype=psychic
INFO     Sampling battle 15
INFO     	        gliscor   poisonheal         None [earthquake, knockoff, protect, toxicspikes] ttype=water
INFO     	         latios     levitate  choicespecs [aurasphere, dracometeor, flipturn, lusterpurge] ttype=steel
INFO     Searching for a move using MCTS...
INFO     Sampling 16 battles at 500ms each
INFO     Choice: outrage
INFO     gliscor already has the move protect. Decrementing the PP by 1
INFO     gliscor used two different moves - it cannot have a choice item
INFO     gliscor used a status-move. Adding `assaultvest` to impossible items
INFO     Setting gliscor's last used move: protect
INFO     gliscor used a protect move, set protect side condition to 3
INFO     roaringmoon already has the move outrage. Decrementing the PP by 1
INFO     roaringmoon used a dragon move, removing dragongem from possible items
INFO     Adding lockedmove to roaringmoon
INFO     Setting roaringmoon's last used move: outrage
INFO     roaringmoon used a damaging move - not guessing lifeorb anymore
INFO     Incremented lockedmove for user to 7
INFO     Setting protect to 2 for the opponent
INFO     gliscor has less than maxhp during upkeep, no longer guessing leftovers or blacksludge
INFO     
INFO     Turn: 35
INFO     loaded 9 player and 0 effective opponent priors
INFO     Sampling battle 0
INFO     	        gliscor   poisonheal         None [earthquake, knockoff, protect, toxicspikes] ttype=water
INFO     	         latios     levitate      souldew [calmmind, dracometeor, psyshock, recover] ttype=steel
INFO     Sampling battle 1
INFO     	        gliscor   poisonheal         None [earthquake, knockoff, protect, toxic] ttype=water
INFO     	         latios     levitate  choicespecs [aurasphere, dracometeor, flipturn, lusterpurge] ttype=steel
INFO     Sampling battle 2
INFO     	        gliscor   poisonheal         None [earthquake, knockoff, protect, toxicspikes] ttype=water
INFO     	         latios     levitate      souldew [calmmind, dracometeor, psyshock, recover] ttype=steel
INFO     Sampling battle 3
INFO     	        gliscor   poisonheal         None [earthquake, knockoff, protect, toxicspikes] ttype=water
INFO     	         latios     levitate      souldew [aurasphere, dracometeor, lusterpurge, recover] ttype=steel
INFO     Sampling battle 4
INFO     	        gliscor   poisonheal         None [earthquake, knockoff, protect, toxic] ttype=water
INFO     	         latios     levitate      souldew [calmmind, dracometeor, psyshock, recover] ttype=steel
INFO     Sampling battle 5
INFO     	        gliscor   poisonheal         None [earthquake, knockoff, protect, toxicspikes] ttype=water
INFO     	         latios     levitate  choicespecs [aurasphere, dracometeor, flipturn, lusterpurge] ttype=dragon
INFO     Sampling battle 6
INFO     	        gliscor   poisonheal         None [earthquake, knockoff, protect, toxic] ttype=water
INFO     	         latios     levitate      souldew [aurasphere, dracometeor, lusterpurge, recover] ttype=dragon
INFO     Sampling battle 7
INFO     	        gliscor   poisonheal         None [earthquake, knockoff, protect, toxic] ttype=water
INFO     	         latios     levitate  choicespecs [aurasphere, dracometeor, flipturn, lusterpurge] ttype=steel
INFO     Sampling battle 8
INFO     	        gliscor   poisonheal         None [earthquake, knockoff, protect, toxic] ttype=water
INFO     	         latios     levitate  choicespecs [aurasphere, dracometeor, flipturn, lusterpurge] ttype=psychic
INFO     Sampling battle 9
INFO     	        gliscor   poisonheal         None [earthquake, knockoff, protect, toxicspikes] ttype=water
INFO     	         latios     levitate  choicespecs [aurasphere, dracometeor, flipturn, lusterpurge] ttype=steel
INFO     Sampling battle 10
INFO     	        gliscor   poisonheal         None [earthquake, knockoff, protect, toxic] ttype=water
INFO     	         latios     levitate  choicespecs [aurasphere, dracometeor, flipturn, lusterpurge] ttype=dragon
INFO     Sampling battle 11
INFO     	        gliscor   poisonheal         None [earthquake, knockoff, protect, toxic] ttype=water
INFO     	         latios     levitate      souldew [aurasphere, dracometeor, lusterpurge, recover] ttype=steel
INFO     Sampling battle 12
INFO     	        gliscor   poisonheal         None [earthquake, knockoff, protect, toxic] ttype=water
INFO     	         latios     levitate  choicespecs [aurasphere, dracometeor, flipturn, lusterpurge] ttype=dragon
INFO     Sampling battle 13
INFO     	        gliscor   poisonheal         None [earthquake, knockoff, protect, toxic] ttype=water
INFO     	         latios     levitate  choicespecs [aurasphere, dracometeor, flipturn, lusterpurge] ttype=steel
INFO     Sampling battle 14
INFO     	        gliscor   poisonheal         None [earthquake, knockoff, protect, toxicspikes] ttype=water
INFO     	         latios     levitate  choicespecs [aurasphere, dracometeor, flipturn, lusterpurge] ttype=dragon
INFO     Sampling battle 15
INFO     	        gliscor   poisonheal         None [earthquake, knockoff, protect, toxic] ttype=water
INFO     	         latios     levitate      souldew [aurasphere, dracometeor, lusterpurge, recover] ttype=steel
INFO     Searching for a move using MCTS...
INFO     Sampling 16 battles at 500ms each
INFO     Choice: outrage
INFO     gliscor already has the move protect. Decrementing the PP by 1
INFO     gliscor used a status-move. Adding `assaultvest` to impossible items
INFO     Setting gliscor's last used move: protect
INFO     gliscor used a protect move, set protect side condition to 4
INFO     roaringmoon already has the move outrage. Decrementing the PP by 1
INFO     roaringmoon used a dragon move, removing dragongem from possible items
INFO     Adding lockedmove to roaringmoon
INFO     Setting roaringmoon's last used move: outrage
INFO     roaringmoon used a damaging move - not guessing lifeorb anymore
INFO     Incremented lockedmove for user to 8
INFO     Setting protect to 3 for the opponent
INFO     gliscor has less than maxhp during upkeep, no longer guessing leftovers or blacksludge
INFO     
INFO     Turn: 36
INFO     loaded 9 player and 0 effective opponent priors
INFO     Sampling battle 0
INFO     	        gliscor   poisonheal         None [earthquake, knockoff, protect, toxic] ttype=water
INFO     	         latios     levitate  choicespecs [aurasphere, dracometeor, flipturn, lusterpurge] ttype=psychic
INFO     Sampling battle 1
INFO     	        gliscor   poisonheal         None [earthquake, knockoff, protect, toxic] ttype=water
INFO     	         latios     levitate      souldew [calmmind, dracometeor, psyshock, recover] ttype=steel
INFO     Sampling battle 2
INFO     	        gliscor   poisonheal         None [earthquake, knockoff, protect, toxicspikes] ttype=water
INFO     	         latios     levitate      souldew [aurasphere, dracometeor, lusterpurge, recover] ttype=fighting
INFO     Sampling battle 3
INFO     	        gliscor   poisonheal         None [earthquake, knockoff, protect, toxicspikes] ttype=water
INFO     	         latios     levitate      souldew [aurasphere, dracometeor, lusterpurge, recover] ttype=fighting
INFO     Sampling battle 4
INFO     	        gliscor   poisonheal         None [earthquake, knockoff, protect, toxic] ttype=water
INFO     	         latios     levitate  choicespecs [aurasphere, dracometeor, flipturn, lusterpurge] ttype=dragon
INFO     Sampling battle 5
INFO     	        gliscor   poisonheal         None [earthquake, knockoff, protect, toxicspikes] ttype=water
INFO     	         latios     levitate  choicespecs [aurasphere, dracometeor, flipturn, lusterpurge] ttype=steel
INFO     Sampling battle 6
INFO     	        gliscor   poisonheal         None [earthquake, knockoff, protect, toxic] ttype=water
INFO     	         latios     levitate      souldew [calmmind, dracometeor, psyshock, recover] ttype=steel
INFO     Sampling battle 7
INFO     	        gliscor   poisonheal         None [earthquake, knockoff, protect, toxic] ttype=water
INFO     	         latios     levitate  choicespecs [aurasphere, dracometeor, flipturn, lusterpurge] ttype=dragon
INFO     Sampling battle 8
INFO     	        gliscor   poisonheal         None [earthquake, knockoff, protect, toxicspikes] ttype=water
INFO     	         latios     levitate      souldew [aurasphere, dracometeor, lusterpurge, recover] ttype=fighting
INFO     Sampling battle 9
INFO     	        gliscor   poisonheal         None [earthquake, knockoff, protect, toxicspikes] ttype=water
INFO     	         latios     levitate      souldew [calmmind, dracometeor, psyshock, recover] ttype=steel
INFO     Sampling battle 10
INFO     	        gliscor   poisonheal         None [earthquake, knockoff, protect, toxicspikes] ttype=water
INFO     	         latios     levitate      souldew [calmmind, dracometeor, psyshock, recover] ttype=steel
INFO     Sampling battle 11
INFO     	        gliscor   poisonheal         None [earthquake, knockoff, protect, toxic] ttype=water
INFO     	         latios     levitate  choicespecs [aurasphere, dracometeor, flipturn, lusterpurge] ttype=psychic
INFO     Sampling battle 12
INFO     	        gliscor   poisonheal         None [earthquake, knockoff, protect, toxicspikes] ttype=water
INFO     	         latios     levitate  choicespecs [aurasphere, dracometeor, flipturn, lusterpurge] ttype=psychic
INFO     Sampling battle 13
INFO     	        gliscor   poisonheal         None [earthquake, knockoff, protect, toxic] ttype=water
INFO     	         latios     levitate      souldew [aurasphere, dracometeor, lusterpurge, recover] ttype=dragon
INFO     Sampling battle 14
INFO     	        gliscor   poisonheal         None [earthquake, knockoff, protect, toxicspikes] ttype=water
INFO     	         latios     levitate  choicespecs [aurasphere, dracometeor, flipturn, lusterpurge] ttype=dragon
INFO     Sampling battle 15
INFO     	        gliscor   poisonheal         None [earthquake, knockoff, protect, toxic] ttype=water
INFO     	         latios     levitate      souldew [calmmind, dracometeor, psyshock, recover] ttype=steel
INFO     Searching for a move using MCTS...
INFO     Sampling 16 battles at 500ms each
WARNING  final-choice override (%s): %s -> %s
INFO     Choice: ironhead-tera
INFO     roaringmoon terastallized. Tera type: dark, Original types: ['dragon', 'dark']
INFO     roaringmoon already has the move ironhead. Decrementing the PP by 1
INFO     roaringmoon used a steel move, removing steelgem from possible items
INFO     Setting roaringmoon's last used move: ironhead
INFO     roaringmoon used a damaging move - not guessing lifeorb anymore
INFO     roaringmoon did 20.0% damage to gliscor with ironhead
INFO     Incremented lockedmove for user to 9
INFO     Setting protect to 2 for the opponent
INFO     gliscor has less than maxhp during upkeep, no longer guessing leftovers or blacksludge
INFO     
INFO     Turn: 37
INFO     loaded 5 player and 0 effective opponent priors
INFO     Sampling battle 0
INFO     	        gliscor   poisonheal         None [earthquake, knockoff, protect, toxic] ttype=water
INFO     	         latios     levitate      souldew [calmmind, dracometeor, psyshock, recover] ttype=steel
INFO     Sampling battle 1
INFO     	        gliscor   poisonheal         None [earthquake, knockoff, protect, toxic] ttype=water
INFO     	         latios     levitate      souldew [calmmind, dracometeor, psyshock, recover] ttype=steel
INFO     Sampling battle 2
INFO     	        gliscor   poisonheal         None [earthquake, knockoff, protect, toxic] ttype=water
INFO     	         latios     levitate      souldew [calmmind, dracometeor, psyshock, recover] ttype=steel
INFO     Sampling battle 3
INFO     	        gliscor   poisonheal         None [earthquake, knockoff, protect, toxic] ttype=water
INFO     	         latios     levitate  choicespecs [aurasphere, dracometeor, flipturn, lusterpurge] ttype=steel
INFO     Sampling battle 4
INFO     	        gliscor   poisonheal         None [earthquake, knockoff, protect, toxic] ttype=water
INFO     	         latios     levitate      souldew [aurasphere, dracometeor, lusterpurge, recover] ttype=fighting
INFO     Sampling battle 5
INFO     	        gliscor   poisonheal         None [earthquake, knockoff, protect, toxic] ttype=water
INFO     	         latios     levitate  choicespecs [aurasphere, dracometeor, flipturn, lusterpurge] ttype=steel
INFO     Sampling battle 6
INFO     	        gliscor   poisonheal         None [earthquake, knockoff, protect, toxicspikes] ttype=water
INFO     	         latios     levitate      souldew [calmmind, dracometeor, psyshock, recover] ttype=steel
INFO     Sampling battle 7
INFO     	        gliscor   poisonheal         None [earthquake, knockoff, protect, toxic] ttype=water
INFO     	         latios     levitate      souldew [aurasphere, dracometeor, lusterpurge, recover] ttype=steel
INFO     Sampling battle 8
INFO     	        gliscor   poisonheal         None [earthquake, knockoff, protect, toxicspikes] ttype=water
INFO     	         latios     levitate      souldew [calmmind, dracometeor, psyshock, recover] ttype=steel
INFO     Sampling battle 9
INFO     	        gliscor   poisonheal         None [earthquake, knockoff, protect, toxic] ttype=water
INFO     	         latios     levitate  choicespecs [aurasphere, dracometeor, flipturn, lusterpurge] ttype=steel
INFO     Sampling battle 10
INFO     	        gliscor   poisonheal         None [earthquake, knockoff, protect, toxic] ttype=water
INFO     	         latios     levitate      souldew [calmmind, dracometeor, psyshock, recover] ttype=steel
INFO     Sampling battle 11
INFO     	        gliscor   poisonheal         None [earthquake, knockoff, protect, toxicspikes] ttype=water
INFO     	         latios     levitate      souldew [calmmind, dracometeor, psyshock, recover] ttype=steel
INFO     Sampling battle 12
INFO     	        gliscor   poisonheal         None [earthquake, knockoff, protect, toxic] ttype=water
INFO     	         latios     levitate      souldew [aurasphere, dracometeor, lusterpurge, recover] ttype=fighting
INFO     Sampling battle 13
INFO     	        gliscor   poisonheal         None [earthquake, knockoff, protect, toxicspikes] ttype=water
INFO     	         latios     levitate  choicespecs [aurasphere, dracometeor, flipturn, lusterpurge] ttype=dragon
INFO     Sampling battle 14
INFO     	        gliscor   poisonheal         None [earthquake, knockoff, protect, toxic] ttype=water
INFO     	         latios     levitate  choicespecs [aurasphere, dracometeor, flipturn, lusterpurge] ttype=psychic
INFO     Sampling battle 15
INFO     	        gliscor   poisonheal         None [earthquake, knockoff, protect, toxicspikes] ttype=water
INFO     	         latios     levitate      souldew [aurasphere, dracometeor, lusterpurge, recover] ttype=fighting
INFO     Searching for a move using MCTS...
INFO     Sampling 16 battles at 500ms each
INFO     Choice: outrage
INFO     roaringmoon already has the move outrage. Decrementing the PP by 1
INFO     roaringmoon used a dragon move, removing dragongem from possible items
INFO     Adding lockedmove to roaringmoon
INFO     Setting roaringmoon's last used move: outrage
INFO     roaringmoon used a damaging move - not guessing lifeorb anymore
INFO     roaringmoon did 42.0% damage to gliscor with outrage
INFO     Incremented lockedmove for user to 10
INFO     Setting protect to 1 for the opponent
INFO     gliscor has less than maxhp during upkeep, no longer guessing leftovers or blacksludge
INFO     Opponent has switched - clearing the last used move
INFO     
INFO     Turn: 38
INFO     loaded 1 player and 0 effective opponent priors
INFO     Sampling battle 0
INFO     	         latios     levitate  choicespecs [aurasphere, dracometeor, flipturn, lusterpurge] ttype=psychic
INFO     Sampling battle 1
INFO     	         latios     levitate      souldew [aurasphere, dracometeor, lusterpurge, recover] ttype=fighting
INFO     Sampling battle 2
INFO     	         latios     levitate      souldew [aurasphere, dracometeor, lusterpurge, recover] ttype=steel
INFO     Sampling battle 3
INFO     	         latios     levitate      souldew [aurasphere, dracometeor, lusterpurge, recover] ttype=fighting
INFO     Sampling battle 4
INFO     	         latios     levitate      souldew [aurasphere, dracometeor, lusterpurge, recover] ttype=steel
INFO     Sampling battle 5
INFO     	         latios     levitate      souldew [aurasphere, dracometeor, lusterpurge, recover] ttype=dragon
INFO     Sampling battle 6
INFO     	         latios     levitate      souldew [calmmind, dracometeor, psyshock, recover] ttype=steel
INFO     Sampling battle 7
INFO     	         latios     levitate  choicespecs [aurasphere, dracometeor, flipturn, lusterpurge] ttype=dragon
INFO     Sampling battle 8
INFO     	         latios     levitate      souldew [calmmind, dracometeor, psyshock, recover] ttype=steel
INFO     Sampling battle 9
INFO     	         latios     levitate      souldew [aurasphere, dracometeor, lusterpurge, recover] ttype=fighting
INFO     Sampling battle 10
INFO     	         latios     levitate      souldew [calmmind, dracometeor, psyshock, recover] ttype=steel
INFO     Sampling battle 11
INFO     	         latios     levitate  choicespecs [aurasphere, dracometeor, flipturn, lusterpurge] ttype=steel
INFO     Sampling battle 12
INFO     	         latios     levitate      souldew [aurasphere, dracometeor, lusterpurge, recover] ttype=fighting
INFO     Sampling battle 13
INFO     	         latios     levitate      souldew [calmmind, dracometeor, psyshock, recover] ttype=steel
INFO     Sampling battle 14
INFO     	         latios     levitate      souldew [calmmind, dracometeor, psyshock, recover] ttype=steel
INFO     Sampling battle 15
INFO     	         latios     levitate      souldew [aurasphere, dracometeor, lusterpurge, recover] ttype=fighting
INFO     Searching for a move using MCTS...
INFO     Sampling 16 battles at 500ms each
INFO     Choice: outrage
INFO     Updated latios's min speed to 213
INFO     latios already has the move dracometeor. Decrementing the PP by 1
INFO     latios used a dragon move, removing dragongem from possible items
INFO     Setting latios's last used move: dracometeor
INFO     latios used a damaging move - not guessing lifeorb anymore
INFO     latios did 22.220000000000002% damage to roaringmoon with dracometeor
INFO     latios's special-attack was unboosted by 2 to -2
INFO     Incremented lockedmove for user to 11
INFO     Setting protect to 0 for the opponent
INFO     latios has less than maxhp during upkeep, no longer guessing leftovers or blacksludge
INFO     loaded 1 player and 0 effective opponent priors
INFO     Sampling battle 0
INFO     	         latios     levitate  choicespecs [aurasphere, dracometeor, flipturn, lusterpurge] ttype=psychic
INFO     Sampling battle 1
INFO     	         latios     levitate  choicespecs [aurasphere, dracometeor, flipturn, lusterpurge] ttype=dragon
INFO     Sampling battle 2
INFO     	         latios     levitate  choicespecs [aurasphere, dracometeor, flipturn, lusterpurge] ttype=dragon
INFO     Sampling battle 3
INFO     	         latios     levitate      souldew [calmmind, dracometeor, psyshock, recover] ttype=steel
INFO     Sampling battle 4
INFO     	         latios     levitate      souldew [calmmind, dracometeor, psyshock, recover] ttype=steel
INFO     Sampling battle 5
INFO     	         latios     levitate  choicespecs [aurasphere, dracometeor, flipturn, lusterpurge] ttype=psychic
INFO     Sampling battle 6
INFO     	         latios     levitate  choicespecs [aurasphere, dracometeor, flipturn, lusterpurge] ttype=dragon
INFO     Sampling battle 7
INFO     	         latios     levitate      souldew [aurasphere, dracometeor, lusterpurge, recover] ttype=fighting
INFO     Sampling battle 8
INFO     	         latios     levitate      souldew [aurasphere, dracometeor, lusterpurge, recover] ttype=fighting
INFO     Sampling battle 9
INFO     	         latios     levitate      souldew [calmmind, dracometeor, psyshock, recover] ttype=steel
INFO     Sampling battle 10
INFO     	         latios     levitate      souldew [calmmind, dracometeor, psyshock, recover] ttype=steel
INFO     Sampling battle 11
INFO     	         latios     levitate      souldew [aurasphere, dracometeor, lusterpurge, recover] ttype=dragon
INFO     Sampling battle 12
INFO     	         latios     levitate  choicespecs [aurasphere, dracometeor, flipturn, lusterpurge] ttype=psychic
INFO     Sampling battle 13
INFO     	         latios     levitate      souldew [calmmind, dracometeor, psyshock, recover] ttype=steel
INFO     Sampling battle 14
INFO     	         latios     levitate      souldew [calmmind, dracometeor, psyshock, recover] ttype=steel
INFO     Sampling battle 15
INFO     	         latios     levitate  choicespecs [aurasphere, dracometeor, flipturn, lusterpurge] ttype=dragon
INFO     Searching for a move using MCTS...
INFO     Sampling 16 battles at 500ms each
INFO     Choice: switch cetitan
INFO     cetitan switched in, adding intimidate to impossible abilities
INFO     cetitan switched in, adding pressure to impossible abilities
INFO     cetitan switched in, adding neutralizinggas to impossible abilities
INFO     cetitan switched in, adding sandstream to impossible abilities
INFO     cetitan switched in, adding drought to impossible abilities
INFO     cetitan switched in, adding drizzle to impossible abilities
INFO     cetitan switched in, adding snowwarning to impossible abilities
INFO     cetitan switched in, adding boosterenergy to impossible items
INFO     cetitan switched in, adding airballoon to impossible items
INFO     
INFO     Turn: 39
INFO     loaded 4 player and 0 effective opponent priors
INFO     Sampling battle 0
INFO     	         latios     levitate      souldew [aurasphere, dracometeor, lusterpurge, recover] ttype=fighting
INFO     Sampling battle 1
INFO     	         latios     levitate      souldew [calmmind, dracometeor, psyshock, recover] ttype=steel
INFO     Sampling battle 2
INFO     	         latios     levitate      souldew [calmmind, dracometeor, psyshock, recover] ttype=steel
INFO     Sampling battle 3
INFO     	         latios     levitate      souldew [calmmind, dracometeor, psyshock, recover] ttype=steel
INFO     Sampling battle 4
INFO     	         latios     levitate  choicespecs [aurasphere, dracometeor, flipturn, lusterpurge] ttype=dragon
INFO     Sampling battle 5
INFO     	         latios     levitate      souldew [aurasphere, dracometeor, lusterpurge, recover] ttype=steel
INFO     Sampling battle 6
INFO     	         latios     levitate      souldew [calmmind, dracometeor, psyshock, recover] ttype=steel
INFO     Sampling battle 7
INFO     	         latios     levitate      souldew [aurasphere, dracometeor, lusterpurge, recover] ttype=dragon
INFO     Sampling battle 8
INFO     	         latios     levitate      souldew [aurasphere, dracometeor, lusterpurge, recover] ttype=steel
INFO     Sampling battle 9
INFO     	         latios     levitate      souldew [calmmind, dracometeor, psyshock, recover] ttype=steel
INFO     Sampling battle 10
INFO     	         latios     levitate      souldew [calmmind, dracometeor, psyshock, recover] ttype=steel
INFO     Sampling battle 11
INFO     	         latios     levitate      souldew [calmmind, dracometeor, psyshock, recover] ttype=steel
INFO     Sampling battle 12
INFO     	         latios     levitate      souldew [aurasphere, dracometeor, lusterpurge, recover] ttype=steel
INFO     Sampling battle 13
INFO     	         latios     levitate      souldew [calmmind, dracometeor, psyshock, recover] ttype=steel
INFO     Sampling battle 14
INFO     	         latios     levitate  choicespecs [aurasphere, dracometeor, flipturn, lusterpurge] ttype=psychic
INFO     Sampling battle 15
INFO     	         latios     levitate      souldew [aurasphere, dracometeor, lusterpurge, recover] ttype=dragon
INFO     Searching for a move using MCTS...
INFO     Sampling 16 battles at 500ms each
INFO     Choice: iceshard
INFO     Winner: lg00y174ef48
INFO     Won with team: None
INFO     W: 1	L: 0
