POKE_ENGINE_PROVENANCE {"distribution_version": "0.0.47", "editable": false, "isolated_import_root": "/Users/alityb/projects/metagross/.venv-foul-play/lib/python3.11/site-packages", "mcts_parameters": ["state", "duration_ms", "iterations", "threads", "s1_priors", "s2_priors", "c_puct", "seed"], "mode": "exact_pinned_experimental_runtime", "module_path": "/Users/alityb/projects/metagross/.venv-foul-play/lib/python3.11/site-packages/poke_engine/__init__.py", "native_path": "/Users/alityb/projects/metagross/.venv-foul-play/lib/python3.11/site-packages/poke_engine/poke_engine.cpython-311-darwin.so", "native_reveal_masks": true, "native_sha256": "79bea0e467b32e2958bd5d39595fd728a3068be2950085f7b18fa69943f30d71", "request_root_parameters": ["state", "request_actions", "duration_ms", "iterations", "threads", "s1_priors", "s2_priors", "c_puct", "seed"], "source_path": null}
INFO     Logging in...
INFO     Challenging lg00y0379187...
INFO     Initialized battle-gen9randombattle-5813 against: lg00y0379187
INFO     Loaded from cache: /Users/alityb/projects/metagross/srcs/vendor/foul-play/data/pkmn_sets_cache/gen9randombattle.json
INFO     Opponent has switched - clearing the last used move
INFO     deoxys switched in, adding intimidate to impossible abilities
INFO     deoxys switched in, adding pressure to impossible abilities
INFO     deoxys switched in, adding neutralizinggas to impossible abilities
INFO     deoxys switched in, adding sandstream to impossible abilities
INFO     deoxys switched in, adding drought to impossible abilities
INFO     deoxys switched in, adding drizzle to impossible abilities
INFO     deoxys switched in, adding snowwarning to impossible abilities
INFO     deoxys switched in, adding boosterenergy to impossible items
INFO     deoxys switched in, adding airballoon to impossible items
INFO     Setting deoxys's ability to pressure
INFO     
INFO     Turn: 1
INFO     loaded 13 player and 0 effective opponent priors
INFO     Sampling battle 0
INFO     	         deoxys     pressure      lifeorb [icebeam, knockoff, psychoboost, superpower] ttype=fighting
INFO     Sampling 5 unrevealed pokemon
INFO     	    walkingwake protosynthesis      lifeorb [dracometeor, flamethrower, hydrosteam, sunnyday] ttype=fire
INFO     	      rotomwash     levitate    leftovers [discharge, hydropump, painsplit, willowisp] ttype=steel
INFO     	       appletun     thickfat    leftovers [appleacid, dragonpulse, dragontail, recover] ttype=steel
INFO     	      pecharunt poisonpuppeteer    leftovers [malignantchain, partingshot, recover, shadowball] ttype=dark
INFO     	     houndstone       fluffy    leftovers [bodypress, poltergeist, rest, sleeptalk] ttype=fighting
INFO     Sampling battle 1
INFO     	         deoxys     pressure      lifeorb [icebeam, knockoff, psychoboost, superpower] ttype=dark
INFO     Sampling 5 unrevealed pokemon
INFO     	       gumshoos     stakeout   choiceband [doubleedge, earthquake, knockoff, uturn] ttype=normal
INFO     	         komala     comatose   choiceband [bodyslam, earthquake, knockoff, uturn] ttype=ghost
INFO     	   basculegionf adaptability  assaultvest [flipturn, hydropump, shadowball, wavecrash] ttype=water
INFO     	       ampharos       static  assaultvest [dazzlinggleam, discharge, dragontail, voltswitch] ttype=fairy
INFO     	       sneasler  poisontouch   choiceband [closecombat, direclaw, throatchop, uturn] ttype=fighting
INFO     Sampling battle 2
INFO     	         deoxys     pressure      lifeorb [icebeam, knockoff, psychoboost, superpower] ttype=dark
INFO     Sampling 5 unrevealed pokemon
INFO     	         furret        frisk      lifeorb [brickbreak, doubleedge, knockoff, tidyup] ttype=normal
INFO     	       venusaur  chlorophyll    leftovers [leechseed, sleeppowder, sludgebomb, substitute] ttype=water
INFO     	       gyarados        moxie heavydutyboots [dragondance, earthquake, temperflare, waterfall] ttype=ground
INFO     	       whiscash    oblivious    leftovers [earthquake, hydropump, icebeam, stealthrock] ttype=poison
INFO     	       koraidon orichalcumpulse   loadeddice [collisioncourse, flareblitz, scaleshot, swordsdance] ttype=fire
INFO     Sampling battle 3
INFO     	         deoxys     pressure      lifeorb [extremespeed, knockoff, psychoboost, superpower] ttype=psychic
INFO     Sampling 5 unrevealed pokemon
INFO     	   palkiaorigin     pressure lustrousglobe [fireblast, hydropump, spacialrend, thunderwave] ttype=dragon
INFO     	        kleavor    sharpness heavydutyboots [defog, stoneaxe, uturn, xscissor] ttype=bug
INFO     	         swalot   liquidooze    leftovers [earthquake, protect, sludgebomb, toxic] ttype=ground
INFO     	          golem       sturdy weaknesspolicy [earthquake, explosion, rockpolish, stoneedge] ttype=grass
INFO     	    oricoriopau       dancer heavydutyboots [hurricane, quiverdance, revelationdance, roost] ttype=ground
INFO     Sampling battle 4
INFO     	         deoxys     pressure      lifeorb [icebeam, knockoff, psychoboost, superpower] ttype=dark
INFO     Sampling 5 unrevealed pokemon
INFO     	       greninja      protean      lifeorb [darkpulse, gunkshot, hydropump, uturn] ttype=poison
INFO     	        wyrdeer   intimidate  assaultvest [bodyslam, earthquake, megahorn, psychicnoise] ttype=ground
INFO     	       mienshao  regenerator      lifeorb [closecombat, knockoff, poisonjab, swordsdance] ttype=dark
INFO     	      ceruledge    weakarmor heavydutyboots [bitterblade, closecombat, poltergeist, swordsdance] ttype=ghost
INFO     	         arceus    multitype      lifeorb [earthquake, extremespeed, recover, swordsdance] ttype=normal
INFO     Sampling battle 5
INFO     	         deoxys     pressure      lifeorb [extremespeed, knockoff, psychoboost, superpower] ttype=fighting
INFO     Sampling 5 unrevealed pokemon
INFO     	       glimmora  toxicdebris    powerherb [earthpower, energyball, meteorbeam, sludgewave] ttype=grass
INFO     	         tinglu vesselofruin    leftovers [earthquake, heavyslam, payback, spikes] ttype=steel
INFO     	 lilliganthisui       hustle     widelens [closecombat, leafblade, sleeppowder, victorydance] ttype=fighting
INFO     	     feraligatr   sheerforce      lifeorb [dragondance, icepunch, liquidation, trailblaze] ttype=water
INFO     	necrozmadawnwings   prismarmor      lifeorb [brickbreak, dragondance, moongeistbeam, photongeyser] ttype=fighting
INFO     Sampling battle 6
INFO     	         deoxys     pressure      lifeorb [icebeam, knockoff, psychoboost, superpower] ttype=psychic
INFO     Sampling 5 unrevealed pokemon
INFO     	      sinistcha    heatproof    leftovers [calmmind, matchagotcha, shadowball, strengthsap] ttype=steel
INFO     	     misdreavus     levitate     eviolite [calmmind, drainingkiss, shadowball, willowisp] ttype=fairy
INFO     	       glimmora  toxicdebris  assaultvest [earthpower, mortalspin, powergem, sludgewave] ttype=ground
INFO     	       jumpluff  infiltrator              [acrobatics, leechseed, strengthsap, substitute] ttype=steel
INFO     	        seviper  infiltrator    leftovers [earthquake, gunkshot, swordsdance, trailblaze] ttype=ground
INFO     Sampling battle 7
INFO     	         deoxys     pressure      lifeorb [icebeam, knockoff, psychoboost, superpower] ttype=dark
INFO     Sampling 5 unrevealed pokemon
INFO     	         swalot   liquidooze    leftovers [earthquake, gunkshot, knockoff, swordsdance] ttype=dark
INFO     	       bronzong     levitate  chestoberry [bodypress, irondefense, psychicnoise, rest] ttype=fighting
INFO     	       ironmoth   quarkdrive heavydutyboots [fireblast, morningsun, sludgewave, toxicspikes] ttype=fire
INFO     	    zapdosgalar      defiant   choiceband [bravebird, closecombat, knockoff, uturn] ttype=fighting
INFO     	        dugtrio    arenatrap      lifeorb [earthquake, stoneedge, suckerpunch, swordsdance] ttype=fairy
INFO     Sampling battle 8
INFO     	         deoxys     pressure      lifeorb [icebeam, knockoff, psychoboost, superpower] ttype=fighting
INFO     Sampling 5 unrevealed pokemon
INFO     	       drifblim     unburden  sitrusberry [airslash, calmmind, shadowball, strengthsap] ttype=fairy
INFO     	         plusle lightningrod      lifeorb [alluringvoice, encore, nastyplot, thunderbolt] ttype=fairy
INFO     	     screamtail protosynthesis    leftovers [dazzlinggleam, protect, thunderwave, wish] ttype=steel
INFO     	       gyarados   intimidate heavydutyboots [dragondance, earthquake, terablast, waterfall] ttype=flying
INFO     	       empoleon  competitive    leftovers [flipturn, roost, stealthrock, surf] ttype=grass
INFO     Sampling battle 9
INFO     	         deoxys     pressure      lifeorb [icebeam, knockoff, psychoboost, superpower] ttype=fighting
INFO     Sampling 5 unrevealed pokemon
INFO     	     shayminsky  serenegrace    leftovers [airslash, leechseed, seedflare, substitute] ttype=steel
INFO     	      mandibuzz     overcoat heavydutyboots [defog, foulplay, roost, toxic] ttype=steel
INFO     	       necrozma   prismarmor weaknesspolicy [dragondance, earthquake, knockoff, photongeyser] ttype=steel
INFO     	        urshifu   unseenfist      lifeorb [closecombat, poisonjab, swordsdance, wickedblow] ttype=fighting
INFO     	     irontreads   quarkdrive  assaultvest [earthquake, ironhead, knockoff, rapidspin] ttype=dragon
INFO     Sampling battle 10
INFO     	         deoxys     pressure      lifeorb [extremespeed, knockoff, psychoboost, superpower] ttype=dark
INFO     Sampling 5 unrevealed pokemon
INFO     	       chimecho     levitate    leftovers [calmmind, dazzlinggleam, psyshock, recover] ttype=steel
INFO     	       mudsdale      stamina    leftovers [earthquake, heavyslam, roar, stealthrock] ttype=steel
INFO     	       whiscash    oblivious      lifeorb [dragondance, earthquake, liquidation, stoneedge] ttype=steel
INFO     	ogerponwellspring  waterabsorb wellspringmask [ivycudgel, spikes, synthesis, woodhammer] ttype=water
INFO     	        kleavor    sharpness heavydutyboots [defog, stoneaxe, uturn, xscissor] ttype=rock
INFO     Sampling battle 11
INFO     	         deoxys     pressure      lifeorb [icebeam, knockoff, psychoboost, superpower] ttype=psychic
INFO     Sampling 5 unrevealed pokemon
INFO     	       overqwil   intimidate   loadeddice [crunch, gunkshot, scaleshot, swordsdance] ttype=dragon
INFO     	     feraligatr   sheerforce      lifeorb [crunch, dragondance, icepunch, liquidation] ttype=dragon
INFO     	     wigglytuff  competitive    leftovers [dazzlinggleam, knockoff, protect, wish] ttype=steel
INFO     	        drednaw    strongjaw    whiteherb [crunch, liquidation, shellsmash, stoneedge] ttype=dark
INFO     	        altaria  naturalcure heavydutyboots [bravebird, defog, roost, willowisp] ttype=steel
INFO     Sampling battle 12
INFO     	         deoxys     pressure      lifeorb [icebeam, knockoff, psychoboost, superpower] ttype=fighting
INFO     Sampling 5 unrevealed pokemon
INFO     	        toxapex  regenerator  rockyhelmet [haze, liquidation, recover, toxic] ttype=steel
INFO     	    stonjourner    powerspot      lifeorb [earthquake, heatcrash, rockpolish, stoneedge] ttype=ground
INFO     	 arceuselectric    multitype     zapplate [calmmind, icebeam, judgment, recover] ttype=electric
INFO     	       sawsbuck  serenegrace      lifeorb [headbutt, highhorsepower, hornleech, swordsdance] ttype=normal
INFO     	      primarina      torrent  choicespecs [flipturn, hydropump, moonblast, psychic] ttype=water
INFO     Sampling battle 13
INFO     	         deoxys     pressure      lifeorb [icebeam, knockoff, psychoboost, superpower] ttype=dark
INFO     Sampling 5 unrevealed pokemon
INFO     	 sandslashalola    slushrush      lifeorb [earthquake, iceshard, swordsdance, tripleaxel] ttype=ground
INFO     	       tornadus    prankster  choicespecs [bleakwindstorm, focusblast, grassknot, heatwave] ttype=flying
INFO     	necrozmadawnwings   prismarmor      lifeorb [brickbreak, dragondance, moongeistbeam, photongeyser] ttype=fighting
INFO     	      rampardos   sheerforce      lifeorb [earthquake, firepunch, rockslide, zenheadbutt] ttype=psychic
INFO     	        dipplin   stickyhold     eviolite [dragonpulse, dragontail, gigadrain, recover] ttype=steel
INFO     Sampling battle 14
INFO     	         deoxys     pressure      lifeorb [icebeam, knockoff, psychoboost, superpower] ttype=psychic
INFO     Sampling 5 unrevealed pokemon
INFO     	       ribombee   shielddust    focussash [bugbuzz, moonblast, stickyweb, uturn] ttype=ghost
INFO     	      ironhands   quarkdrive    leftovers [drainpunch, icepunch, swordsdance, thunderpunch] ttype=fighting
INFO     	      excadrill  moldbreaker  assaultvest [earthquake, ironhead, rapidspin, rockslide] ttype=water
INFO     	    dudunsparce      rattled    leftovers [boomburst, earthquake, roost, toxic] ttype=ghost
INFO     	         zarude    leafguard   choiceband [closecombat, knockoff, powerwhip, uturn] ttype=grass
INFO     Sampling battle 15
INFO     	         deoxys     pressure      lifeorb [icebeam, knockoff, psychoboost, superpower] ttype=fighting
INFO     Sampling 5 unrevealed pokemon
INFO     	     gothitelle    shadowtag    leftovers [calmmind, darkpulse, focusblast, psychicnoise] ttype=steel
INFO     	      palossand watercompaction    leftovers [earthpower, shadowball, shoreup, sludgebomb] ttype=poison
INFO     	       lurantis     contrary    leftovers [defog, leafstorm, superpower, synthesis] ttype=fighting
INFO     	enamorustherian     overcoat weaknesspolicy [agility, earthpower, moonblast, mysticalfire] ttype=ground
INFO     	         pawmot     ironfist      lifeorb [closecombat, doubleshock, icepunch, revivalblessing] ttype=electric
INFO     Sampling battle 16
INFO     	         deoxys     pressure      lifeorb [extremespeed, knockoff, psychoboost, superpower] ttype=dark
INFO     Sampling 5 unrevealed pokemon
INFO     	      piloswine     thickfat     eviolite [earthquake, iceshard, iciclecrash, roar] ttype=poison
INFO     	        florges   flowerveil    leftovers [calmmind, moonblast, synthesis, terablast] ttype=ground
INFO     	       magearna    soulheart    leftovers [flashcannon, fleurcannon, thunderwave, voltswitch] ttype=fairy
INFO     	        moltres    flamebody heavydutyboots [bravebird, fireblast, roost, uturn] ttype=steel
INFO     	       vaporeon  waterabsorb    leftovers [calmmind, protect, scald, wish] ttype=poison
INFO     Sampling battle 17
INFO     	         deoxys     pressure      lifeorb [icebeam, knockoff, psychoboost, superpower] ttype=psychic
INFO     Sampling 5 unrevealed pokemon
INFO     	    basculegion adaptability  assaultvest [aquajet, flipturn, shadowball, wavecrash] ttype=water
INFO     	      alomomola  regenerator    leftovers [flipturn, protect, scald, wish] ttype=steel
INFO     	         lunala shadowshield    leftovers [calmmind, focusblast, moongeistbeam, moonlight] ttype=fighting
INFO     	 electrodehisui   soundproof      lifeorb [leafstorm, taunt, thunderbolt, voltswitch] ttype=electric
INFO     	         flygon     levitate  choicescarf [earthquake, outrage, stoneedge, uturn] ttype=rock
INFO     Sampling battle 18
INFO     	         deoxys     pressure      lifeorb [extremespeed, knockoff, psychoboost, superpower] ttype=psychic
INFO     Sampling 5 unrevealed pokemon
INFO     	       miraidon hadronengine  choicespecs [dracometeor, electrodrift, overheat, voltswitch] ttype=electric
INFO     	 decidueyehisui      scrappy    leftovers [leafblade, roost, suckerpunch, triplearrows] ttype=water
INFO     	      sandslash     sandrush  assaultvest [earthquake, knockoff, rapidspin, stoneedge] ttype=dragon
INFO     	       swampert      torrent    leftovers [earthquake, flipturn, icebeam, yawn] ttype=steel
INFO     	      dunsparce  serenegrace     eviolite [bodyslam, coil, earthquake, roost] ttype=ground
INFO     Sampling battle 19
INFO     	         deoxys     pressure      lifeorb [extremespeed, knockoff, psychoboost, superpower] ttype=normal
INFO     Sampling 5 unrevealed pokemon
INFO     	      salamence   intimidate heavydutyboots [dragondance, dualwingbeat, outrage, roost] ttype=dragon
INFO     	 ninetalesalola  snowwarning    lightclay [auroraveil, blizzard, moonblast, nastyplot] ttype=water
INFO     	      piloswine     thickfat     eviolite [earthquake, iceshard, iciclecrash, stealthrock] ttype=dragon
INFO     	       lurantis     contrary    leftovers [knockoff, leafstorm, superpower, synthesis] ttype=fighting
INFO     	       ursaring    quickfeet     toxicorb [closecombat, crunch, facade, swordsdance] ttype=normal
INFO     Sampling battle 20
INFO     	         deoxys     pressure      lifeorb [icebeam, knockoff, psychoboost, superpower] ttype=fighting
INFO     Sampling 5 unrevealed pokemon
INFO     	       inteleon      torrent  choicespecs [hydropump, icebeam, scald, uturn] ttype=water
INFO     	      tyranitar   sandstream weaknesspolicy [dragondance, earthquake, knockoff, stoneedge] ttype=ghost
INFO     	   persianalola      furcoat      lifeorb [burningjealousy, darkpulse, nastyplot, thunderbolt] ttype=electric
INFO     	        beartic    slushrush heavydutyboots [closecombat, earthquake, iciclecrash, snowscape] ttype=fighting
INFO     	  articunogalar  competitive heavydutyboots [calmmind, freezingglare, hurricane, recover] ttype=steel
INFO     Sampling battle 21
INFO     	         deoxys     pressure      lifeorb [icebeam, knockoff, psychoboost, superpower] ttype=dark
INFO     Sampling 5 unrevealed pokemon
INFO     	     tentacruel   liquidooze    leftovers [rapidspin, sludgebomb, surf, toxic] ttype=grass
INFO     	    oricoriopau       dancer heavydutyboots [hurricane, quiverdance, revelationdance, roost] ttype=fighting
INFO     	       hariyama         guts     flameorb [bulletpunch, closecombat, facade, knockoff] ttype=normal
INFO     	        diancie    clearbody    leftovers [bodypress, diamondstorm, moonblast, stealthrock] ttype=fighting
INFO     	       quagsire      unaware    leftovers [earthquake, icebeam, recover, toxic] ttype=poison
INFO     Sampling battle 22
INFO     	         deoxys     pressure      lifeorb [extremespeed, knockoff, psychoboost, superpower] ttype=dark
INFO     Sampling 5 unrevealed pokemon
INFO     	        dondozo      unaware    leftovers [curse, rest, sleeptalk, wavecrash] ttype=fairy
INFO     	        torkoal      drought heavydutyboots [lavaplume, rapidspin, solarbeam, stealthrock] ttype=grass
INFO     	         raikou     pressure  choicespecs [scald, shadowball, thunderbolt, voltswitch] ttype=electric
INFO     	     scovillain  chlorophyll    leftovers [flamethrower, leechseed, protect, substitute] ttype=steel
INFO     	      blastoise      torrent    whiteherb [earthquake, hydropump, icebeam, shellsmash] ttype=ground
INFO     Sampling battle 23
INFO     	         deoxys     pressure      lifeorb [extremespeed, knockoff, psychoboost, superpower] ttype=fighting
INFO     Sampling 5 unrevealed pokemon
INFO     	    walkingwake protosynthesis      lifeorb [dracometeor, flamethrower, hydrosteam, sunnyday] ttype=fire
INFO     	      ninetales      drought heavydutyboots [fireblast, nastyplot, scorchingsands, solarbeam] ttype=grass
INFO     	      blastoise      torrent    whiteherb [earthquake, hydropump, icebeam, shellsmash] ttype=water
INFO     	      hitmontop   technician    leftovers [bulkup, closecombat, rapidspin, tripleaxel] ttype=ice
INFO     	         raichu lightningrod      lifeorb [alluringvoice, nastyplot, surf, thunderbolt] ttype=water
INFO     Sampling battle 24
INFO     	         deoxys     pressure      lifeorb [extremespeed, knockoff, psychoboost, superpower] ttype=normal
INFO     Sampling 5 unrevealed pokemon
INFO     	        ambipom   technician   choiceband [doubleedge, knockoff, lowkick, tripleaxel] ttype=ice
INFO     	  arcaninehisui     rockhead heavydutyboots [extremespeed, flareblitz, headsmash, morningsun] ttype=fire
INFO     	        manaphy    hydration    leftovers [energyball, icebeam, surf, tailglow] ttype=water
INFO     	     eelektross     levitate  assaultvest [discharge, flamethrower, gigadrain, uturn] ttype=steel
INFO     	       reshiram   turboblaze heavydutyboots [dragondance, flareblitz, outrage, stoneedge] ttype=fire
INFO     Sampling battle 25
INFO     	         deoxys     pressure      lifeorb [extremespeed, knockoff, psychoboost, superpower] ttype=fighting
INFO     Sampling 5 unrevealed pokemon
INFO     	       koraidon orichalcumpulse   choiceband [closecombat, flareblitz, outrage, uturn] ttype=fire
INFO     	      honchkrow        moxie heavydutyboots [bravebird, lashout, suckerpunch, thunderwave] ttype=flying
INFO     	       whiscash    oblivious      lifeorb [dragondance, earthquake, liquidation, stoneedge] ttype=ground
INFO     	       floatzel    waterveil    leftovers [bulkup, icespinner, taunt, wavecrash] ttype=steel
INFO     	       magcargo    weakarmor heavydutyboots [earthpower, fireblast, powergem, shellsmash] ttype=dragon
INFO     Sampling battle 26
INFO     	         deoxys     pressure      lifeorb [icebeam, knockoff, psychoboost, superpower] ttype=dark
INFO     Sampling 5 unrevealed pokemon
INFO     	      araquanid  waterbubble heavydutyboots [hydropump, leechlife, liquidation, stickyweb] ttype=ground
INFO     	       smeargle     owntempo    focussash [ceaselessedge, spore, stickyweb, whirlwind] ttype=ghost
INFO     	       dragalge adaptability  assaultvest [dracometeor, dragontail, focusblast, sludgewave] ttype=fighting
INFO     	        groudon      drought    leftovers [heatcrash, precipiceblades, swordsdance, thunderwave] ttype=fire
INFO     	        shiftry    windrider      lifeorb [knockoff, leafblade, lowkick, tailwind] ttype=fighting
INFO     Sampling battle 27
INFO     	         deoxys     pressure      lifeorb [icebeam, knockoff, psychoboost, superpower] ttype=psychic
INFO     Sampling 5 unrevealed pokemon
INFO     	      magmortar    flamebody heavydutyboots [earthquake, fireblast, thunderbolt, willowisp] ttype=electric
INFO     	         dodrio    earlybird   choiceband [bravebird, doubleedge, drillrun, knockoff] ttype=ground
INFO     	      tatsugiri   stormdrain heavydutyboots [dracometeor, hydropump, nastyplot, rapidspin] ttype=water
INFO     	      coalossal    flamebody heavydutyboots [flamethrower, rapidspin, spikes, stoneedge] ttype=water
INFO     	       lurantis     contrary  assaultvest [knockoff, leafstorm, leechlife, superpower] ttype=steel
INFO     Sampling battle 28
INFO     	         deoxys     pressure      lifeorb [icebeam, knockoff, psychoboost, superpower] ttype=dark
INFO     Sampling 5 unrevealed pokemon
INFO     	ogerponhearthflame  moldbreaker hearthflamemask [hornleech, ivycudgel, swordsdance, trailblaze] ttype=fire
INFO     	        pikachu lightningrod    lightball [fakeout, playrough, surf, volttackle] ttype=water
INFO     	       meowstic    prankster    leftovers [alluringvoice, psychicnoise, thunderwave, yawn] ttype=fairy
INFO     	       vigoroth  vitalspirit     eviolite [bodyslam, bulkup, earthquake, slackoff] ttype=ground
INFO     	       garchomp    roughskin  rockyhelmet [dragontail, earthquake, outrage, stealthrock] ttype=ground
INFO     Sampling battle 29
INFO     	         deoxys     pressure      lifeorb [icebeam, knockoff, psychoboost, superpower] ttype=fighting
INFO     Sampling 5 unrevealed pokemon
INFO     	       meloetta  serenegrace      lifeorb [closecombat, knockoff, relicsong, tripleaxel] ttype=dark
INFO     	      duraludon   lightmetal     eviolite [bodypress, dracometeor, flashcannon, stealthrock] ttype=fighting
INFO     	         komala     comatose  assaultvest [bodyslam, knockoff, rapidspin, uturn] ttype=ghost
INFO     	       samurott      torrent      lifeorb [liquidation, megahorn, sacredsword, swordsdance] ttype=water
INFO     	      rotomwash     levitate    leftovers [hydropump, nastyplot, painsplit, thunderbolt] ttype=electric
INFO     Sampling battle 30
INFO     	         deoxys     pressure      lifeorb [extremespeed, knockoff, psychoboost, superpower] ttype=dark
INFO     Sampling 5 unrevealed pokemon
INFO     	      abomasnow  snowwarning    lightclay [auroraveil, blizzard, earthquake, woodhammer] ttype=ghost
INFO     	        dewgong     thickfat  assaultvest [flipturn, knockoff, surf, tripleaxel] ttype=poison
INFO     	      indeedeef psychicsurge  choicespecs [dazzlinggleam, hypervoice, psychic, shadowball] ttype=fairy
INFO     	       koraidon orichalcumpulse   loadeddice [collisioncourse, flareblitz, scaleshot, swordsdance] ttype=fire
INFO     	       rayquaza      airlock heavydutyboots [dragonascent, dragondance, earthquake, outrage] ttype=steel
INFO     Sampling battle 31
INFO     	         deoxys     pressure      lifeorb [icebeam, knockoff, psychoboost, superpower] ttype=dark
INFO     Sampling 5 unrevealed pokemon
INFO     	    zapdosgalar      defiant      lifeorb [bravebird, bulkup, closecombat, knockoff] ttype=dark
INFO     	    fluttermane protosynthesis  choicespecs [moonblast, mysticalfire, psyshock, shadowball] ttype=fairy
INFO     	     irontreads   quarkdrive  assaultvest [earthquake, ironhead, rapidspin, voltswitch] ttype=water
INFO     	        ogerpon      defiant      lifeorb [ivycudgel, knockoff, superpower, swordsdance] ttype=grass
INFO     	       rotommow     levitate    leftovers [leafstorm, thunderbolt, voltswitch, willowisp] ttype=grass
INFO     Searching for a move using MCTS...
INFO     Sampling 32 battles at 250ms each
WARNING  poke-engine lacks request-level Tera permissions; final selector must filter roots
INFO     Choice: knockoff
INFO     Opponent has switched - clearing the last used move
INFO     vileplume switched in, adding intimidate to impossible abilities
INFO     vileplume switched in, adding pressure to impossible abilities
INFO     vileplume switched in, adding neutralizinggas to impossible abilities
INFO     vileplume switched in, adding sandstream to impossible abilities
INFO     vileplume switched in, adding drought to impossible abilities
INFO     vileplume switched in, adding drizzle to impossible abilities
INFO     vileplume switched in, adding snowwarning to impossible abilities
INFO     vileplume switched in, adding boosterenergy to impossible items
INFO     vileplume switched in, adding airballoon to impossible items
INFO     wigglytuff already has the move knockoff. Decrementing the PP by 1
INFO     wigglytuff used a dark move, removing darkgem from possible items
INFO     Setting wigglytuff's last used move: knockoff
INFO     wigglytuff used a damaging move - not guessing lifeorb anymore
INFO     wigglytuff did 26.0% damage to vileplume with knockoff
INFO     Removing vileplume's item: leftovers
INFO     Setting vileplume's removed item to leftovers
INFO     Knockoff removed vileplume's item
INFO     vileplume has less than maxhp during upkeep, no longer guessing leftovers or blacksludge
INFO     
INFO     Turn: 2
INFO     loaded 13 player and 0 effective opponent priors
INFO     Sampling battle 0
INFO     	      vileplume  effectspore         None [gigadrain, leechseed, sludgebomb, strengthsap] ttype=steel
INFO     	         deoxys     pressure      lifeorb [extremespeed, knockoff, psychoboost, superpower] ttype=fighting
INFO     Sampling 4 unrevealed pokemon
INFO     	        scrafty     shedskin    leftovers [bulkup, drainpunch, knockoff, rest] ttype=poison
INFO     	      clawitzer megalauncher  assaultvest [aurasphere, dragonpulse, uturn, waterpulse] ttype=dragon
INFO     	       mudsdale      stamina    leftovers [earthquake, heavyslam, roar, stealthrock] ttype=steel
INFO     	      rhyperior    solidrock  assaultvest [dragontail, earthquake, megahorn, stoneedge] ttype=dragon
INFO     Sampling battle 1
INFO     	      vileplume  effectspore         None [gigadrain, leechseed, sludgebomb, strengthsap] ttype=steel
INFO     	         deoxys     pressure      lifeorb [extremespeed, knockoff, psychoboost, superpower] ttype=psychic
INFO     Sampling 4 unrevealed pokemon
INFO     	 keldeoresolute    justified    leftovers [calmmind, hydropump, secretsword, substitute] ttype=steel
INFO     	       inteleon      torrent  choicespecs [hydropump, icebeam, scald, uturn] ttype=water
INFO     	        weezing     levitate    leftovers [fireblast, gunkshot, painsplit, willowisp] ttype=steel
INFO     	      electrode       static heavydutyboots [foulplay, taunt, thunderbolt, voltswitch] ttype=dark
INFO     Sampling battle 2
INFO     	      vileplume  effectspore         None [gigadrain, sleeppowder, sludgebomb, strengthsap] ttype=water
INFO     	         deoxys     pressure      lifeorb [extremespeed, knockoff, psychoboost, superpower] ttype=fighting
INFO     Sampling 4 unrevealed pokemon
INFO     	        lucario    justified      lifeorb [closecombat, extremespeed, meteormash, swordsdance] ttype=normal
INFO     	     scovillain  chlorophyll heavydutyboots [energyball, fireblast, stompingtantrum, sunnyday] ttype=ground
INFO     	          lokix   tintedlens silverpowder [firstimpression, knockoff, suckerpunch, uturn] ttype=bug
INFO     	       porygon2     download     eviolite [discharge, icebeam, recover, triattack] ttype=ghost
INFO     Sampling battle 3
INFO     	      vileplume  effectspore         None [gigadrain, sleeppowder, sludgebomb, strengthsap] ttype=steel
INFO     	         deoxys     pressure      lifeorb [extremespeed, knockoff, psychoboost, superpower] ttype=fighting
INFO     Sampling 4 unrevealed pokemon
INFO     	       skarmory       sturdy  rockyhelmet [bodypress, bravebird, roost, stealthrock] ttype=fighting
INFO     	       qwilfish   intimidate    leftovers [gunkshot, spikes, taunt, waterfall] ttype=grass
INFO     	      zamazenta dauntlessshield    leftovers [bodypress, irondefense, ironhead, stoneedge] ttype=steel
INFO     	       leavanny        swarm heavydutyboots [knockoff, leafblade, lunge, stickyweb] ttype=rock
INFO     Sampling battle 4
INFO     	      vileplume  effectspore         None [gigadrain, leechseed, sludgebomb, strengthsap] ttype=steel
INFO     	         deoxys     pressure      lifeorb [icebeam, knockoff, psychoboost, superpower] ttype=fighting
INFO     Sampling 4 unrevealed pokemon
INFO     	   arceusground    multitype   earthplate [earthquake, extremespeed, stoneedge, swordsdance] ttype=normal
INFO     	   avalugghisui       sturdy heavydutyboots [avalanche, bodypress, recover, stoneedge] ttype=poison
INFO     	      ironhands   quarkdrive  assaultvest [closecombat, fakeout, voltswitch, wildcharge] ttype=fighting
INFO     	        altaria  naturalcure heavydutyboots [bravebird, dragondance, earthquake, roost] ttype=ground
INFO     Sampling battle 5
INFO     	      vileplume  effectspore         None [gigadrain, sleeppowder, sludgebomb, strengthsap] ttype=steel
INFO     	         deoxys     pressure      lifeorb [extremespeed, knockoff, psychoboost, superpower] ttype=fighting
INFO     Sampling 4 unrevealed pokemon
INFO     	      hatterene  magicbounce    leftovers [calmmind, drainingkiss, mysticalfire, psyshock] ttype=steel
INFO     	      primarina  liquidvoice    leftovers [calmmind, drainingkiss, moonblast, psychicnoise] ttype=steel
INFO     	   brambleghast    windrider    leftovers [poltergeist, powerwhip, spikes, strengthsap] ttype=water
INFO     	       orthworm   eartheater  chestoberry [bodypress, coil, irontail, rest] ttype=fighting
INFO     Sampling battle 6
INFO     	      vileplume  effectspore         None [gigadrain, leechseed, sludgebomb, strengthsap] ttype=water
INFO     	         deoxys     pressure      lifeorb [extremespeed, knockoff, psychoboost, superpower] ttype=fighting
INFO     Sampling 4 unrevealed pokemon
INFO     	      cramorant  gulpmissile heavydutyboots [bravebird, defog, roost, surf] ttype=ground
INFO     	       houndoom    flashfire heavydutyboots [darkpulse, fireblast, sludgebomb, suckerpunch] ttype=poison
INFO     	       arcanine   intimidate heavydutyboots [extremespeed, flareblitz, morningsun, willowisp] ttype=normal
INFO     	       cyclizar  regenerator heavydutyboots [dracometeor, knockoff, rapidspin, shedtail] ttype=dragon
INFO     Sampling battle 7
INFO     	      vileplume  effectspore         None [gigadrain, sleeppowder, sludgebomb, strengthsap] ttype=steel
INFO     	         deoxys     pressure      lifeorb [icebeam, knockoff, psychoboost, superpower] ttype=dark
INFO     Sampling 4 unrevealed pokemon
INFO     	      terapagos    terashift heavydutyboots [calmmind, earthpower, rapidspin, terastarstorm] ttype=stellar
INFO     	    meowscarada      protean      lifeorb [flowertrick, knockoff, toxicspikes, tripleaxel] ttype=grass
INFO     	        scyther   technician heavydutyboots [bugbite, closecombat, dualwingbeat, swordsdance] ttype=fighting
INFO     	          minun   voltabsorb      lifeorb [alluringvoice, grassknot, nastyplot, thunderbolt] ttype=grass
INFO     Sampling battle 8
INFO     	      vileplume  effectspore         None [gigadrain, sleeppowder, sludgebomb, strengthsap] ttype=steel
INFO     	         deoxys     pressure      lifeorb [icebeam, knockoff, psychoboost, superpower] ttype=fighting
INFO     Sampling 4 unrevealed pokemon
INFO     	      greattusk protosynthesis    leftovers [bulkup, closecombat, earthquake, stoneedge] ttype=ground
INFO     	        luvdisc    swiftswim heavydutyboots [endeavor, flipturn, substitute, surf] ttype=ghost
INFO     	      araquanid  waterbubble heavydutyboots [leechlife, liquidation, mirrorcoat, stickyweb] ttype=ground
INFO     	        banette     insomnia      lifeorb [gunkshot, poltergeist, shadowsneak, swordsdance] ttype=poison
INFO     Sampling battle 9
INFO     	      vileplume  effectspore         None [gigadrain, sleeppowder, sludgebomb, strengthsap] ttype=steel
INFO     	         deoxys     pressure      lifeorb [extremespeed, knockoff, psychoboost, superpower] ttype=normal
INFO     Sampling 4 unrevealed pokemon
INFO     	      probopass   magnetpull    leftovers [bodypress, irondefense, powergem, thunderwave] ttype=fighting
INFO     	         eiscue      iceface  sitrusberry [bellydrum, icespinner, liquidation, terablast] ttype=ground
INFO     	     typhlosion        blaze  choicescarf [eruption, fireblast, focusblast, scorchingsands] ttype=fire
INFO     	  slowkinggalar  regenerator    leftovers [psychicnoise, slackoff, sludgebomb, toxicspikes] ttype=dark
INFO     Sampling battle 10
INFO     	      vileplume  effectspore         None [gigadrain, leechseed, sludgebomb, strengthsap] ttype=steel
INFO     	         deoxys     pressure      lifeorb [icebeam, knockoff, psychoboost, superpower] ttype=psychic
INFO     Sampling 4 unrevealed pokemon
INFO     	   palkiaorigin     pressure lustrousglobe [fireblast, hydropump, spacialrend, thunderwave] ttype=fire
INFO     	        falinks      defiant      lifeorb [closecombat, ironhead, knockoff, noretreat] ttype=dark
INFO     	        lucario    justified   choiceband [closecombat, extremespeed, meteormash, stoneedge] ttype=normal
INFO     	squawkabillywhite       hustle heavydutyboots [bravebird, foulplay, partingshot, quickattack] ttype=flying
INFO     Sampling battle 11
INFO     	      vileplume  effectspore         None [gigadrain, sleeppowder, sludgebomb, strengthsap] ttype=water
INFO     	         deoxys     pressure      lifeorb [extremespeed, knockoff, psychoboost, superpower] ttype=dark
INFO     Sampling 4 unrevealed pokemon
INFO     	     victreebel  chlorophyll      lifeorb [powerwhip, sludgewave, sunnyday, weatherball] ttype=fire
INFO     	     krookodile   intimidate  choicescarf [earthquake, gunkshot, knockoff, stoneedge] ttype=poison
INFO     	  calyrexshadow asonespectrier  choicespecs [astralbarrage, pollenpuff, psyshock, trick] ttype=ghost
INFO     	      magnezone   magnetpull  choicescarf [bodypress, flashcannon, thunderbolt, voltswitch] ttype=electric
INFO     Sampling battle 12
INFO     	      vileplume  effectspore         None [gigadrain, leechseed, sludgebomb, strengthsap] ttype=water
INFO     	         deoxys     pressure      lifeorb [icebeam, knockoff, psychoboost, superpower] ttype=dark
INFO     Sampling 4 unrevealed pokemon
INFO     	         goodra    sapsipper  assaultvest [dracometeor, earthquake, powerwhip, scald] ttype=water
INFO     	        dondozo      unaware    leftovers [curse, rest, sleeptalk, wavecrash] ttype=dragon
INFO     	       cyclizar  regenerator heavydutyboots [dracometeor, knockoff, rapidspin, shedtail] ttype=dragon
INFO     	        delphox        blaze  choicespecs [fireblast, focusblast, grassknot, psyshock] ttype=fighting
INFO     Sampling battle 13
INFO     	      vileplume  effectspore         None [gigadrain, leechseed, sludgebomb, strengthsap] ttype=steel
INFO     	         deoxys     pressure      lifeorb [icebeam, knockoff, psychoboost, superpower] ttype=dark
INFO     Sampling 4 unrevealed pokemon
INFO     	      mightyena   intimidate    leftovers [poisonfang, suckerpunch, taunt, throatchop] ttype=poison
INFO     	       qwilfish   intimidate heavydutyboots [flipturn, gunkshot, painsplit, thunderwave] ttype=grass
INFO     	       tinkaton  moldbreaker    leftovers [gigatonhammer, playrough, protect, swordsdance] ttype=steel
INFO     	    oinkolognef     thickfat    leftovers [bodyslam, curse, rest, sleeptalk] ttype=fairy
INFO     Sampling battle 14
INFO     	      vileplume  effectspore         None [gigadrain, leechseed, sludgebomb, strengthsap] ttype=steel
INFO     	         deoxys     pressure      lifeorb [icebeam, knockoff, psychoboost, superpower] ttype=fighting
INFO     Sampling 4 unrevealed pokemon
INFO     	   arceusdragon    multitype   dracoplate [extremespeed, flareblitz, outrage, swordsdance] ttype=fire
INFO     	       dragalge adaptability  assaultvest [dracometeor, dragontail, focusblast, sludgewave] ttype=fighting
INFO     	       swampert         damp    leftovers [earthquake, icebeam, knockoff, roar] ttype=steel
INFO     	        wyrdeer   intimidate  assaultvest [bodyslam, earthquake, megahorn, psychicnoise] ttype=ground
INFO     Sampling battle 15
INFO     	      vileplume  effectspore         None [gigadrain, leechseed, sludgebomb, strengthsap] ttype=water
INFO     	         deoxys     pressure      lifeorb [icebeam, knockoff, psychoboost, superpower] ttype=psychic
INFO     Sampling 4 unrevealed pokemon
INFO     	       glimmora  toxicdebris    focussash [earthpower, powergem, sludgewave, spikes] ttype=ground
INFO     	      rillaboom  grassysurge   choiceband [grassyglide, highhorsepower, uturn, woodhammer] ttype=grass
INFO     	       lumineon   stormdrain      lifeorb [alluringvoice, encore, hydropump, icebeam] ttype=water
INFO     	         tinglu vesselofruin    leftovers [earthquake, payback, ruination, stealthrock] ttype=ghost
INFO     Sampling battle 16
INFO     	      vileplume  effectspore         None [gigadrain, sleeppowder, sludgebomb, strengthsap] ttype=steel
INFO     	         deoxys     pressure      lifeorb [icebeam, knockoff, psychoboost, superpower] ttype=fighting
INFO     Sampling 4 unrevealed pokemon
INFO     	         zapdos       static heavydutyboots [discharge, heatwave, hurricane, roost] ttype=electric
INFO     	  braviaryhisui   sheerforce      lifeorb [agility, heatwave, hurricane, psychic] ttype=fire
INFO     	       blaziken   speedboost      lifeorb [closecombat, flareblitz, protect, swordsdance] ttype=fighting
INFO     	        pikachu lightningrod    lightball [knockoff, playrough, surf, volttackle] ttype=water
INFO     Sampling battle 17
INFO     	      vileplume  effectspore         None [gigadrain, leechseed, sludgebomb, strengthsap] ttype=steel
INFO     	         deoxys     pressure      lifeorb [extremespeed, knockoff, psychoboost, superpower] ttype=normal
INFO     Sampling 4 unrevealed pokemon
INFO     	      ceruledge    weakarmor heavydutyboots [bitterblade, closecombat, poltergeist, swordsdance] ttype=fighting
INFO     	   weezinggalar     levitate    leftovers [defog, fireblast, gunkshot, strangesteam] ttype=steel
INFO     	        urshifu   unseenfist      lifeorb [closecombat, poisonjab, swordsdance, wickedblow] ttype=dark
INFO     	        scyther   technician heavydutyboots [closecombat, defog, dualwingbeat, uturn] ttype=fighting
INFO     Sampling battle 18
INFO     	      vileplume  effectspore         None [gigadrain, sleeppowder, sludgebomb, strengthsap] ttype=steel
INFO     	         deoxys     pressure      lifeorb [extremespeed, knockoff, psychoboost, superpower] ttype=normal
INFO     Sampling 4 unrevealed pokemon
INFO     	        wugtrio        gooey   choiceband [aquajet, liquidation, stompingtantrum, throatchop] ttype=ground
INFO     	      eternatus     pressure  rockyhelmet [dynamaxcannon, fireblast, recover, sludgebomb] ttype=fire
INFO     	       ludicolo    swiftswim      lifeorb [gigadrain, hydropump, icebeam, raindance] ttype=grass
INFO     	      duraludon   lightmetal     eviolite [bodypress, dracometeor, flashcannon, thunderwave] ttype=fighting
INFO     Sampling battle 19
INFO     	      vileplume  effectspore         None [gigadrain, sleeppowder, sludgebomb, strengthsap] ttype=water
INFO     	         deoxys     pressure      lifeorb [icebeam, knockoff, psychoboost, superpower] ttype=psychic
INFO     Sampling 4 unrevealed pokemon
INFO     	       regirock    clearbody    leftovers [bodypress, irondefense, stoneedge, thunderwave] ttype=fighting
INFO     	     calyrexice asoneglastrier heavydutyboots [closecombat, glaciallance, highhorsepower, trickroom] ttype=ground
INFO     	       appletun     thickfat    leftovers [appleacid, dragonpulse, leechseed, recover] ttype=steel
INFO     	      excadrill  moldbreaker    leftovers [earthquake, ironhead, rapidspin, swordsdance] ttype=grass
INFO     Sampling battle 20
INFO     	      vileplume  effectspore         None [gigadrain, leechseed, sludgebomb, strengthsap] ttype=steel
INFO     	         deoxys     pressure      lifeorb [icebeam, knockoff, psychoboost, superpower] ttype=dark
INFO     Sampling 4 unrevealed pokemon
INFO     	         palkia     pressure  lustrousorb [dracometeor, fireblast, hydropump, thunderwave] ttype=fire
INFO     	     whimsicott    prankster heavydutyboots [gigadrain, moonblast, stunspore, uturn] ttype=steel
INFO     	   greninjabond   battlebond      lifeorb [darkpulse, gunkshot, hydropump, icebeam] ttype=water
INFO     	     arceusfire    multitype   flameplate [dragondance, earthquake, flareblitz, recover] ttype=fire
INFO     Sampling battle 21
INFO     	      vileplume  effectspore         None [gigadrain, leechseed, sludgebomb, strengthsap] ttype=water
INFO     	         deoxys     pressure      lifeorb [extremespeed, knockoff, psychoboost, superpower] ttype=fighting
INFO     Sampling 4 unrevealed pokemon
INFO     	     misdreavus     levitate     eviolite [calmmind, drainingkiss, shadowball, willowisp] ttype=fairy
INFO     	      blastoise      torrent    whiteherb [earthquake, hydropump, icebeam, shellsmash] ttype=water
INFO     	   moltresgalar      berserk weaknesspolicy [agility, fierywrath, hurricane, nastyplot] ttype=steel
INFO     	    ironjugulis   quarkdrive  choicespecs [darkpulse, fireblast, hurricane, uturn] ttype=dark
INFO     Sampling battle 22
INFO     	      vileplume  effectspore         None [gigadrain, sleeppowder, sludgebomb, strengthsap] ttype=water
INFO     	         deoxys     pressure      lifeorb [icebeam, knockoff, psychoboost, superpower] ttype=dark
INFO     Sampling 4 unrevealed pokemon
INFO     	      sandslash     sandrush  assaultvest [earthquake, knockoff, rapidspin, stoneedge] ttype=dragon
INFO     	     chesnaught  bulletproof    leftovers [bodypress, irondefense, synthesis, trailblaze] ttype=steel
INFO     	       maushold   technician     widelens [bite, encore, populationbomb, tidyup] ttype=ghost
INFO     	        bisharp      defiant     eviolite [ironhead, stealthrock, suckerpunch, throatchop] ttype=flying
INFO     Sampling battle 23
INFO     	      vileplume  effectspore         None [gigadrain, leechseed, sludgebomb, strengthsap] ttype=steel
INFO     	         deoxys     pressure      lifeorb [icebeam, knockoff, psychoboost, superpower] ttype=fighting
INFO     Sampling 4 unrevealed pokemon
INFO     	        gallade    sharpness   choiceband [leafblade, nightslash, psychocut, sacredsword] ttype=fighting
INFO     	tornadustherian  regenerator  assaultvest [bleakwindstorm, heatwave, knockoff, uturn] ttype=dark
INFO     	       frosmoth    icescales heavydutyboots [gigadrain, icebeam, quiverdance, terablast] ttype=ground
INFO     	      thundurus    prankster heavydutyboots [sludgewave, taunt, thunderbolt, thunderwave] ttype=steel
INFO     Sampling battle 24
INFO     	      vileplume  effectspore         None [gigadrain, sleeppowder, sludgebomb, strengthsap] ttype=steel
INFO     	         deoxys     pressure      lifeorb [extremespeed, knockoff, psychoboost, superpower] ttype=psychic
INFO     Sampling 4 unrevealed pokemon
INFO     	       clodsire  waterabsorb    leftovers [earthquake, poisonjab, recover, stealthrock] ttype=flying
INFO     	        altaria  naturalcure heavydutyboots [bravebird, dragondance, earthquake, roost] ttype=ground
INFO     	       frosmoth    icescales heavydutyboots [gigadrain, icebeam, quiverdance, terablast] ttype=ground
INFO     	    fluttermane protosynthesis  choicespecs [moonblast, psyshock, shadowball, thunderbolt] ttype=fairy
INFO     Sampling battle 25
INFO     	      vileplume  effectspore         None [gigadrain, leechseed, sludgebomb, strengthsap] ttype=steel
INFO     	         deoxys     pressure      lifeorb [extremespeed, knockoff, psychoboost, superpower] ttype=psychic
INFO     Sampling 4 unrevealed pokemon
INFO     	    goodrahisui    sapsipper  assaultvest [dracometeor, fireblast, heavyslam, thunderbolt] ttype=flying
INFO     	        sylveon     pixilate    leftovers [calmmind, hypervoice, protect, wish] ttype=steel
INFO     	       solgaleo fullmetalbody weaknesspolicy [closecombat, flamecharge, knockoff, sunsteelstrike] ttype=fighting
INFO     	    oinkolognef     thickfat    leftovers [curse, doubleedge, highhorsepower, lashout] ttype=ground
INFO     Sampling battle 26
INFO     	      vileplume  effectspore         None [gigadrain, leechseed, sludgebomb, strengthsap] ttype=steel
INFO     	         deoxys     pressure      lifeorb [icebeam, knockoff, psychoboost, superpower] ttype=psychic
INFO     Sampling 4 unrevealed pokemon
INFO     	      indeedeef psychicsurge      lifeorb [calmmind, dazzlinggleam, hypervoice, psyshock] ttype=fairy
INFO     	       clefable   magicguard      lifeorb [fireblast, moonblast, moonlight, thunderwave] ttype=steel
INFO     	      staraptor     reckless   choiceband [bravebird, closecombat, quickattack, uturn] ttype=flying
INFO     	    zapdosgalar      defiant  choicescarf [bravebird, closecombat, knockoff, uturn] ttype=fighting
INFO     Sampling battle 27
INFO     	      vileplume  effectspore         None [gigadrain, sleeppowder, sludgebomb, strengthsap] ttype=steel
INFO     	         deoxys     pressure      lifeorb [extremespeed, knockoff, psychoboost, superpower] ttype=psychic
INFO     Sampling 4 unrevealed pokemon
INFO     	      mightyena   intimidate  assaultvest [playrough, poisonfang, suckerpunch, throatchop] ttype=poison
INFO     	 sandslashalola    slushrush      lifeorb [earthquake, knockoff, swordsdance, tripleaxel] ttype=ground
INFO     	         comfey       triage    leftovers [calmmind, drainingkiss, synthesis, terablast] ttype=ground
INFO     	       vigoroth  vitalspirit     eviolite [bodyslam, bulkup, knockoff, slackoff] ttype=ghost
INFO     Sampling battle 28
INFO     	      vileplume  effectspore         None [gigadrain, leechseed, sludgebomb, strengthsap] ttype=water
INFO     	         deoxys     pressure      lifeorb [icebeam, knockoff, psychoboost, superpower] ttype=fighting
INFO     Sampling 4 unrevealed pokemon
INFO     	    corviknight     pressure  rockyhelmet [bodypress, bravebird, defog, roost] ttype=dragon
INFO     	       cobalion    justified    leftovers [bodypress, irondefense, ironhead, thunderwave] ttype=water
INFO     	      regigigas    slowstart    leftovers [bodyslam, knockoff, rest, sleeptalk] ttype=ghost
INFO     	       ludicolo    swiftswim  choicespecs [gigadrain, hydropump, icebeam, leafstorm] ttype=water
INFO     Sampling battle 29
INFO     	      vileplume  effectspore         None [gigadrain, sleeppowder, sludgebomb, strengthsap] ttype=water
INFO     	         deoxys     pressure      lifeorb [extremespeed, knockoff, psychoboost, superpower] ttype=normal
INFO     Sampling 4 unrevealed pokemon
INFO     	        torkoal      drought heavydutyboots [lavaplume, solarbeam, stealthrock, yawn] ttype=dragon
INFO     	      ironcrown   quarkdrive    leftovers [calmmind, focusblast, psyshock, tachyoncutter] ttype=fighting
INFO     	    corviknight  mirrorarmor    leftovers [bravebird, defog, roost, uturn] ttype=dragon
INFO     	      rampardos   sheerforce      lifeorb [earthquake, firepunch, rockslide, zenheadbutt] ttype=fire
INFO     Sampling battle 30
INFO     	      vileplume  effectspore         None [gigadrain, leechseed, sludgebomb, strengthsap] ttype=steel
INFO     	         deoxys     pressure      lifeorb [icebeam, knockoff, psychoboost, superpower] ttype=fighting
INFO     Sampling 4 unrevealed pokemon
INFO     	ogerponwellspring  waterabsorb wellspringmask [encore, ivycudgel, synthesis, woodhammer] ttype=water
INFO     	      girafarig    sapsipper     eviolite [dazzlinggleam, nastyplot, psyshock, thunderbolt] ttype=psychic
INFO     	          klawf   angershell     lumberry [highhorsepower, knockoff, stoneedge, swordsdance] ttype=dark
INFO     	       rayquaza      airlock   choiceband [dragonascent, earthquake, extremespeed, uturn] ttype=normal
INFO     Sampling battle 31
INFO     	      vileplume  effectspore         None [gigadrain, sleeppowder, sludgebomb, strengthsap] ttype=water
INFO     	         deoxys     pressure      lifeorb [extremespeed, knockoff, psychoboost, superpower] ttype=psychic
INFO     Sampling 4 unrevealed pokemon
INFO     	        calyrex      unnerve    leftovers [calmmind, gigadrain, leechseed, psyshock] ttype=steel
INFO     	        sableye    prankster    leftovers [encore, knockoff, recover, willowisp] ttype=poison
INFO     	      gastrodon   stormdrain    leftovers [earthquake, recover, sludgebomb, surf] ttype=poison
INFO     	          klawf  regenerator      lifeorb [crabhammer, knockoff, stealthrock, stoneedge] ttype=water
INFO     Searching for a move using MCTS...
INFO     Sampling 32 battles at 250ms each
INFO     Choice: fireblast
INFO     Updated vileplume's max speed to 141
INFO     wigglytuff already has the move fireblast. Decrementing the PP by 1
INFO     wigglytuff used a fire move, removing firegem from possible items
INFO     Setting wigglytuff's last used move: fireblast
INFO     wigglytuff used a damaging move - not guessing lifeorb anymore
INFO     wigglytuff did 67.0% damage to vileplume with fireblast
INFO     vileplume used a poison move, removing poisongem from possible items
INFO     Setting vileplume's last used move: sludgebomb
INFO     vileplume used a damaging move - not guessing lifeorb anymore
INFO     vileplume did 67.92% damage to wigglytuff with sludgebomb
INFO     wigglytuff got status: psn
INFO     No longer guessing lumberry because wigglytuff got status psn
INFO     Setting wigglytuff's item to: leftovers
INFO     vileplume has less than maxhp during upkeep, no longer guessing leftovers or blacksludge
INFO     
INFO     Turn: 3
INFO     loaded 13 player and 0 effective opponent priors
INFO     Sampling battle 0
INFO     	      vileplume  effectspore         None [gigadrain, leechseed, sludgebomb, strengthsap] ttype=steel
INFO     	         deoxys     pressure      lifeorb [extremespeed, knockoff, psychoboost, superpower] ttype=normal
INFO     Sampling 4 unrevealed pokemon
INFO     	         raichu lightningrod      lifeorb [alluringvoice, nastyplot, surf, thunderbolt] ttype=water
INFO     	     tentacruel   liquidooze    leftovers [rapidspin, sludgebomb, surf, toxicspikes] ttype=grass
INFO     	         plusle lightningrod      lifeorb [alluringvoice, grassknot, nastyplot, thunderbolt] ttype=fairy
INFO     	       landorus   sheerforce      lifeorb [earthpower, focusblast, rockslide, stealthrock] ttype=ground
INFO     Sampling battle 1
INFO     	      vileplume  effectspore         None [gigadrain, sleeppowder, sludgebomb, strengthsap] ttype=steel
INFO     	         deoxys     pressure      lifeorb [icebeam, knockoff, psychoboost, superpower] ttype=psychic
INFO     Sampling 4 unrevealed pokemon
INFO     	      duraludon   lightmetal     eviolite [bodypress, dracometeor, flashcannon, irondefense] ttype=fighting
INFO     	         tinglu vesselofruin    leftovers [earthquake, spikes, throatchop, whirlwind] ttype=poison
INFO     	        beartic    slushrush heavydutyboots [earthquake, iciclecrash, snowscape, swordsdance] ttype=ground
INFO     	      spiritomb  infiltrator   choiceband [foulplay, poltergeist, shadowsneak, suckerpunch] ttype=steel
INFO     Sampling battle 2
INFO     	      vileplume  effectspore         None [gigadrain, sleeppowder, sludgebomb, strengthsap] ttype=steel
INFO     	         deoxys     pressure      lifeorb [icebeam, knockoff, psychoboost, superpower] ttype=psychic
INFO     Sampling 4 unrevealed pokemon
INFO     	         espeon  magicbounce      lifeorb [alluringvoice, calmmind, psychic, shadowball] ttype=psychic
INFO     	      terapagos    terashift  chestoberry [calmmind, darkpulse, rest, terastarstorm] ttype=stellar
INFO     	       ironmoth   quarkdrive heavydutyboots [fierydance, sludgewave, toxicspikes, uturn] ttype=fire
INFO     	       sceptile     overgrow      lifeorb [earthquake, focusblast, leafstorm, shedtail] ttype=ground
INFO     Sampling battle 3
INFO     	      vileplume  effectspore         None [gigadrain, leechseed, sludgebomb, strengthsap] ttype=steel
INFO     	         deoxys     pressure      lifeorb [extremespeed, knockoff, psychoboost, superpower] ttype=normal
INFO     Sampling 4 unrevealed pokemon
INFO     	        zoroark     illusion  choicespecs [darkpulse, psychic, sludgebomb, trick] ttype=poison
INFO     	         kyurem     pressure   loadeddice [dragondance, iciclespear, scaleshot, terablast] ttype=ground
INFO     	      rampardos   sheerforce      lifeorb [earthquake, firepunch, rockslide, zenheadbutt] ttype=rock
INFO     	  arceuspsychic    multitype    mindplate [bodypress, cosmicpower, recover, storedpower] ttype=steel
INFO     Sampling battle 4
INFO     	      vileplume  effectspore         None [gigadrain, sleeppowder, sludgebomb, strengthsap] ttype=steel
INFO     	         deoxys     pressure      lifeorb [extremespeed, knockoff, psychoboost, superpower] ttype=psychic
INFO     Sampling 4 unrevealed pokemon
INFO     	    arceuswater    multitype  splashplate [icebeam, judgment, recover, willowisp] ttype=steel
INFO     	      ironhands   quarkdrive    leftovers [drainpunch, icepunch, swordsdance, wildcharge] ttype=fighting
INFO     	        mimikyu     disguise      lifeorb [playrough, shadowclaw, shadowsneak, swordsdance] ttype=fairy
INFO     	   persianalola      furcoat heavydutyboots [foulplay, partingshot, taunt, thunderwave] ttype=ghost
INFO     Sampling battle 5
INFO     	      vileplume  effectspore         None [gigadrain, leechseed, sludgebomb, strengthsap] ttype=steel
INFO     	         deoxys     pressure      lifeorb [icebeam, knockoff, psychoboost, superpower] ttype=fighting
INFO     Sampling 4 unrevealed pokemon
INFO     	       arcanine   intimidate heavydutyboots [closecombat, flareblitz, morningsun, roar] ttype=fighting
INFO     	 keldeoresolute    justified    leftovers [calmmind, secretsword, substitute, surf] ttype=steel
INFO     	         dodrio    earlybird   choiceband [bravebird, drillrun, knockoff, quickattack] ttype=ground
INFO     	     grimmsnarl    prankster    leftovers [partingshot, spiritbreak, suckerpunch, thunderwave] ttype=poison
INFO     Sampling battle 6
INFO     	      vileplume  effectspore         None [gigadrain, leechseed, sludgebomb, strengthsap] ttype=steel
INFO     	         deoxys     pressure      lifeorb [icebeam, knockoff, psychoboost, superpower] ttype=fighting
INFO     Sampling 4 unrevealed pokemon
INFO     	      spectrier    grimneigh      lifeorb [nastyplot, shadowball, terablast, willowisp] ttype=fighting
INFO     	        wugtrio        gooey   choiceband [aquajet, liquidation, stompingtantrum, throatchop] ttype=water
INFO     	        wochien tabletsofruin    leftovers [gigadrain, knockoff, leechseed, protect] ttype=poison
INFO     	       politoed      drizzle  chestoberry [hydropump, hypnosis, icebeam, rest] ttype=steel
INFO     Sampling battle 7
INFO     	      vileplume  effectspore         None [gigadrain, sleeppowder, sludgebomb, strengthsap] ttype=water
INFO     	         deoxys     pressure      lifeorb [icebeam, knockoff, psychoboost, superpower] ttype=dark
INFO     Sampling 4 unrevealed pokemon
INFO     	      rillaboom  grassysurge      lifeorb [grassyglide, highhorsepower, swordsdance, woodhammer] ttype=grass
INFO     	 arceuselectric    multitype     zapplate [calmmind, icebeam, judgment, recover] ttype=ice
INFO     	      duraludon   lightmetal     eviolite [bodypress, dracometeor, flashcannon, thunderwave] ttype=fighting
INFO     	 sandslashalola    slushrush      lifeorb [earthquake, knockoff, swordsdance, tripleaxel] ttype=ground
INFO     Sampling battle 8
INFO     	      vileplume  effectspore         None [gigadrain, leechseed, sludgebomb, strengthsap] ttype=water
INFO     	         deoxys     pressure      lifeorb [extremespeed, knockoff, psychoboost, superpower] ttype=fighting
INFO     Sampling 4 unrevealed pokemon
INFO     	       ironmoth   quarkdrive heavydutyboots [energyball, fierydance, sludgewave, toxicspikes] ttype=grass
INFO     	     gothitelle    shadowtag  choicescarf [darkpulse, focusblast, psychic, trick] ttype=fighting
INFO     	         kyurem     pressure  choicespecs [dracometeor, earthpower, freezedry, icebeam] ttype=ground
INFO     	     irontreads   quarkdrive    leftovers [earthquake, ironhead, rapidspin, stealthrock] ttype=water
INFO     Sampling battle 9
INFO     	      vileplume  effectspore         None [gigadrain, leechseed, sludgebomb, strengthsap] ttype=steel
INFO     	         deoxys     pressure      lifeorb [extremespeed, knockoff, psychoboost, superpower] ttype=fighting
INFO     Sampling 4 unrevealed pokemon
INFO     	        yanmega   speedboost heavydutyboots [airslash, bugbuzz, protect, terablast] ttype=ground
INFO     	         pyroar      unnerve heavydutyboots [fireblast, hypervoice, taunt, willowisp] ttype=fire
INFO     	         rhydon lightningrod     eviolite [earthquake, megahorn, stoneedge, swordsdance] ttype=grass
INFO     	      cryogonal     levitate heavydutyboots [flashcannon, freezedry, rapidspin, recover] ttype=steel
INFO     Sampling battle 10
INFO     	      vileplume  effectspore         None [gigadrain, sleeppowder, sludgebomb, strengthsap] ttype=water
INFO     	         deoxys     pressure      lifeorb [extremespeed, knockoff, psychoboost, superpower] ttype=psychic
INFO     Sampling 4 unrevealed pokemon
INFO     	   arceusdragon    multitype   dracoplate [calmmind, fireblast, judgment, recover] ttype=fire
INFO     	       cyclizar  regenerator heavydutyboots [dracometeor, rapidspin, shedtail, taunt] ttype=fairy
INFO     	        slaking       truant   choiceband [doubleedge, earthquake, gigaimpact, knockoff] ttype=ghost
INFO     	    slitherwing protosynthesis   choiceband [closecombat, earthquake, flareblitz, wildcharge] ttype=fighting
INFO     Sampling battle 11
INFO     	      vileplume  effectspore         None [gigadrain, leechseed, sludgebomb, strengthsap] ttype=water
INFO     	         deoxys     pressure      lifeorb [extremespeed, knockoff, psychoboost, superpower] ttype=fighting
INFO     Sampling 4 unrevealed pokemon
INFO     	      hitmontop   intimidate   choiceband [closecombat, earthquake, stoneedge, suckerpunch] ttype=steel
INFO     	       slowking  regenerator heavydutyboots [chillyreception, psyshock, scald, slackoff] ttype=dragon
INFO     	  samurotthisui    sharpness   choiceband [ceaselessedge, flipturn, razorshell, suckerpunch] ttype=poison
INFO     	         klefki    prankster    leftovers [magnetrise, playrough, spikes, thunderwave] ttype=water
INFO     Sampling battle 12
INFO     	      vileplume  effectspore         None [gigadrain, sleeppowder, sludgebomb, strengthsap] ttype=steel
INFO     	         deoxys     pressure      lifeorb [extremespeed, knockoff, psychoboost, superpower] ttype=dark
INFO     Sampling 4 unrevealed pokemon
INFO     	        sylveon     pixilate    leftovers [calmmind, hypervoice, protect, wish] ttype=steel
INFO     	        groudon      drought    leftovers [heatcrash, precipiceblades, spikes, willowisp] ttype=fire
INFO     	       mukalola  poisontouch  assaultvest [drainpunch, knockoff, poisonjab, shadowsneak] ttype=fighting
INFO     	   arceusflying    multitype     skyplate [calmmind, earthpower, judgment, recover] ttype=steel
INFO     Sampling battle 13
INFO     	      vileplume  effectspore         None [gigadrain, sleeppowder, sludgebomb, strengthsap] ttype=water
INFO     	         deoxys     pressure      lifeorb [extremespeed, knockoff, psychoboost, superpower] ttype=dark
INFO     Sampling 4 unrevealed pokemon
INFO     	         klefki    prankster    leftovers [dazzlinggleam, foulplay, spikes, thunderwave] ttype=flying
INFO     	zamazentacrowned dauntlessshield rustedshield [bodypress, heavyslam, irondefense, stoneedge] ttype=fighting
INFO     	   avalugghisui       sturdy heavydutyboots [avalanche, bodypress, recover, stoneedge] ttype=flying
INFO     	        slowbro  regenerator    leftovers [bodypress, irondefense, scald, slackoff] ttype=fighting
INFO     Sampling battle 14
INFO     	      vileplume  effectspore         None [gigadrain, leechseed, sludgebomb, strengthsap] ttype=water
INFO     	         deoxys     pressure      lifeorb [icebeam, knockoff, psychoboost, superpower] ttype=psychic
INFO     Sampling 4 unrevealed pokemon
INFO     	      armarouge    weakarmor    powerherb [armorcannon, energyball, meteorbeam, psyshock] ttype=grass
INFO     	     arceusrock    multitype   stoneplate [earthquake, recover, stoneedge, swordsdance] ttype=ground
INFO     	       hawlucha     unburden    whiteherb [acrobatics, closecombat, encore, swordsdance] ttype=fighting
INFO     	        gliscor   poisonheal     toxicorb [earthquake, knockoff, protect, toxicspikes] ttype=water
INFO     Sampling battle 15
INFO     	      vileplume  effectspore         None [gigadrain, sleeppowder, sludgebomb, strengthsap] ttype=water
INFO     	         deoxys     pressure      lifeorb [icebeam, knockoff, psychoboost, superpower] ttype=dark
INFO     Sampling 4 unrevealed pokemon
INFO     	        lanturn   voltabsorb heavydutyboots [scald, thunderbolt, thunderwave, voltswitch] ttype=flying
INFO     	  oricoriosensu       dancer heavydutyboots [hurricane, quiverdance, revelationdance, roost] ttype=fighting
INFO     	      bellossom  chlorophyll    leftovers [gigadrain, quiverdance, sludgebomb, strengthsap] ttype=poison
INFO     	         luxray         guts     flameorb [facade, playrough, supercellslam, trailblaze] ttype=normal
INFO     Searching for a move using MCTS...
INFO     Sampling 16 battles at 500ms each
INFO     Choice: dazzlinggleam
INFO     Opponent has switched - clearing the last used move
INFO     torkoal switched in, adding intimidate to impossible abilities
INFO     torkoal switched in, adding pressure to impossible abilities
INFO     torkoal switched in, adding neutralizinggas to impossible abilities
INFO     torkoal switched in, adding sandstream to impossible abilities
INFO     torkoal switched in, adding drought to impossible abilities
INFO     torkoal switched in, adding drizzle to impossible abilities
INFO     torkoal switched in, adding snowwarning to impossible abilities
INFO     torkoal switched in, adding boosterenergy to impossible items
INFO     torkoal switched in, adding airballoon to impossible items
INFO     Weather sunnyday is active
INFO     Weather turns remaining: 5
INFO     Setting torkoal ability to drought
INFO     wigglytuff already has the move dazzlinggleam. Decrementing the PP by 1
INFO     wigglytuff used a fairy move, removing fairygem from possible items
INFO     Setting wigglytuff's last used move: dazzlinggleam
INFO     wigglytuff used a damaging move - not guessing lifeorb anymore
INFO     wigglytuff did 22.0% damage to torkoal with dazzlinggleam
INFO     Weather sunnyday is active
INFO     Weather turns remaining: 4
INFO     Setting wigglytuff's item to: leftovers
INFO     torkoal has less than maxhp during upkeep, no longer guessing leftovers or blacksludge
INFO     
INFO     Turn: 4
INFO     loaded 13 player and 0 effective opponent priors
INFO     Sampling battle 0
INFO     	        torkoal      drought heavydutyboots [earthquake, fireblast, rapidspin, solarbeam] ttype=grass
INFO     	         deoxys     pressure      lifeorb [extremespeed, knockoff, psychoboost, superpower] ttype=psychic
INFO     	      vileplume  effectspore         None [gigadrain, sleeppowder, sludgebomb, strengthsap] ttype=water
INFO     Sampling 3 unrevealed pokemon
INFO     	        persian   technician    silkscarf [doubleedge, fakeout, knockoff, uturn] ttype=normal
INFO     	         zekrom     teravolt    leftovers [boltstrike, dragondance, outrage, substitute] ttype=electric
INFO     	 electrodehisui       static      lifeorb [leafstorm, thunderbolt, thunderwave, voltswitch] ttype=grass
INFO     Sampling battle 1
INFO     	        torkoal      drought heavydutyboots [lavaplume, rapidspin, solarbeam, yawn] ttype=grass
INFO     	         deoxys     pressure      lifeorb [extremespeed, knockoff, psychoboost, superpower] ttype=dark
INFO     	      vileplume  effectspore         None [gigadrain, leechseed, sludgebomb, strengthsap] ttype=steel
INFO     Sampling 3 unrevealed pokemon
INFO     	     victreebel  chlorophyll      lifeorb [poisonjab, powerwhip, suckerpunch, swordsdance] ttype=grass
INFO     	 oricoriopompom       dancer heavydutyboots [hurricane, quiverdance, revelationdance, roost] ttype=ground
INFO     	    dudunsparce      rattled    leftovers [boomburst, calmmind, roost, shadowball] ttype=ghost
INFO     Sampling battle 2
INFO     	        torkoal      drought heavydutyboots [earthquake, lavaplume, solarbeam, yawn] ttype=grass
INFO     	         deoxys     pressure      lifeorb [extremespeed, knockoff, psychoboost, superpower] ttype=dark
INFO     	      vileplume  effectspore         None [gigadrain, sleeppowder, sludgebomb, strengthsap] ttype=steel
INFO     Sampling 3 unrevealed pokemon
INFO     	       sunflora  chlorophyll  choicespecs [dazzlinggleam, earthpower, leafstorm, sludgebomb] ttype=poison
INFO     	      metagross    clearbody weaknesspolicy [agility, earthquake, heavyslam, psychicfangs] ttype=ground
INFO     	     toxtricity     punkrock  throatspray [boomburst, gunkshot, overdrive, shiftgear] ttype=normal
INFO     Sampling battle 3
INFO     	        torkoal      drought heavydutyboots [earthquake, lavaplume, rapidspin, solarbeam] ttype=grass
INFO     	         deoxys     pressure      lifeorb [extremespeed, knockoff, psychoboost, superpower] ttype=normal
INFO     	      vileplume  effectspore         None [gigadrain, sleeppowder, sludgebomb, strengthsap] ttype=steel
INFO     Sampling 3 unrevealed pokemon
INFO     	          lokix   tintedlens silverpowder [firstimpression, knockoff, suckerpunch, uturn] ttype=bug
INFO     	       tornadus    prankster heavydutyboots [bleakwindstorm, grassknot, heatwave, nastyplot] ttype=flying
INFO     	      rillaboom  grassysurge      lifeorb [grassyglide, highhorsepower, swordsdance, woodhammer] ttype=grass
INFO     Sampling battle 4
INFO     	        torkoal      drought heavydutyboots [lavaplume, rapidspin, stealthrock, yawn] ttype=grass
INFO     	         deoxys     pressure      lifeorb [icebeam, knockoff, psychoboost, superpower] ttype=psychic
INFO     	      vileplume  effectspore         None [gigadrain, leechseed, sludgebomb, strengthsap] ttype=steel
INFO     Sampling 3 unrevealed pokemon
INFO     	         goodra    sapsipper  assaultvest [dracometeor, powerwhip, scald, sludgebomb] ttype=poison
INFO     	squawkabillyyellow       hustle   choiceband [bravebird, doubleedge, foulplay, quickattack] ttype=normal
INFO     	    dudunsparce      rattled    leftovers [boomburst, calmmind, roost, shadowball] ttype=poison
INFO     Sampling battle 5
INFO     	        torkoal      drought heavydutyboots [lavaplume, solarbeam, stealthrock, yawn] ttype=grass
INFO     	         deoxys     pressure      lifeorb [extremespeed, knockoff, psychoboost, superpower] ttype=dark
INFO     	      vileplume  effectspore         None [gigadrain, leechseed, sludgebomb, strengthsap] ttype=steel
INFO     Sampling 3 unrevealed pokemon
INFO     	 electrodehisui   soundproof    leftovers [gigadrain, leechseed, substitute, thunderbolt] ttype=poison
INFO     	        avalugg       sturdy heavydutyboots [avalanche, bodypress, rapidspin, recover] ttype=fighting
INFO     	      palossand watercompaction    leftovers [earthpower, shadowball, shoreup, sludgebomb] ttype=water
INFO     Sampling battle 6
INFO     	        torkoal      drought heavydutyboots [lavaplume, rapidspin, solarbeam, yawn] ttype=grass
INFO     	         deoxys     pressure      lifeorb [icebeam, knockoff, psychoboost, superpower] ttype=psychic
INFO     	      vileplume  effectspore         None [gigadrain, sleeppowder, sludgebomb, strengthsap] ttype=steel
INFO     Sampling 3 unrevealed pokemon
INFO     	       hariyama         guts     flameorb [closecombat, facade, headlongrush, knockoff] ttype=normal
INFO     	    goodrahisui    sapsipper  assaultvest [dracometeor, heavyslam, hydropump, thunderbolt] ttype=water
INFO     	       rotommow     levitate  choicescarf [leafstorm, thunderbolt, trick, voltswitch] ttype=electric
INFO     Sampling battle 7
INFO     	        torkoal      drought heavydutyboots [lavaplume, rapidspin, stealthrock, yawn] ttype=grass
INFO     	         deoxys     pressure      lifeorb [icebeam, knockoff, psychoboost, superpower] ttype=fighting
INFO     	      vileplume  effectspore         None [gigadrain, sleeppowder, sludgebomb, strengthsap] ttype=steel
INFO     Sampling 3 unrevealed pokemon
INFO     	taurospaldeacombat   intimidate      lifeorb [bulkup, closecombat, stoneedge, throatchop] ttype=dark
INFO     	       overqwil   intimidate   loadeddice [crunch, gunkshot, scaleshot, swordsdance] ttype=dragon
INFO     	       sunflora  chlorophyll      lifeorb [earthpower, solarbeam, sunnyday, weatherball] ttype=fire
INFO     Sampling battle 8
INFO     	        torkoal      drought heavydutyboots [lavaplume, rapidspin, solarbeam, yawn] ttype=dragon
INFO     	         deoxys     pressure      lifeorb [icebeam, knockoff, psychoboost, superpower] ttype=dark
INFO     	      vileplume  effectspore         None [gigadrain, leechseed, sludgebomb, strengthsap] ttype=water
INFO     Sampling 3 unrevealed pokemon
INFO     	       sceptile     overgrow      lifeorb [earthquake, leafblade, rockslide, swordsdance] ttype=rock
INFO     	      rampardos   sheerforce      lifeorb [earthquake, firepunch, rockslide, zenheadbutt] ttype=rock
INFO     	        toxapex  regenerator    leftovers [haze, liquidation, recover, toxicspikes] ttype=steel
INFO     Sampling battle 9
INFO     	        torkoal      drought heavydutyboots [lavaplume, rapidspin, solarbeam, yawn] ttype=dragon
INFO     	         deoxys     pressure      lifeorb [icebeam, knockoff, psychoboost, superpower] ttype=dark
INFO     	      vileplume  effectspore         None [gigadrain, leechseed, sludgebomb, strengthsap] ttype=water
INFO     Sampling 3 unrevealed pokemon
INFO     	       ribombee   shielddust heavydutyboots [moonblast, stickyweb, stunspore, uturn] ttype=ghost
INFO     	      cinderace       libero   choiceband [gunkshot, highjumpkick, pyroball, uturn] ttype=fire
INFO     	         golurk      noguard      lifeorb [dynamicpunch, earthquake, poltergeist, stealthrock] ttype=ghost
INFO     Sampling battle 10
INFO     	        torkoal      drought heavydutyboots [lavaplume, solarbeam, stealthrock, yawn] ttype=grass
INFO     	         deoxys     pressure      lifeorb [icebeam, knockoff, psychoboost, superpower] ttype=dark
INFO     	      vileplume  effectspore         None [gigadrain, leechseed, sludgebomb, strengthsap] ttype=steel
INFO     Sampling 3 unrevealed pokemon
INFO     	       miraidon hadronengine      lifeorb [calmmind, dracometeor, dragonpulse, electrodrift] ttype=electric
INFO     	          klawf   angershell   expertbelt [crabhammer, knockoff, stoneedge, swordsdance] ttype=water
INFO     	        umbreon  synchronize    leftovers [foulplay, protect, toxic, wish] ttype=poison
INFO     Sampling battle 11
INFO     	        torkoal      drought heavydutyboots [lavaplume, solarbeam, stealthrock, yawn] ttype=grass
INFO     	         deoxys     pressure      lifeorb [extremespeed, knockoff, psychoboost, superpower] ttype=psychic
INFO     	      vileplume  effectspore         None [gigadrain, sleeppowder, sludgebomb, strengthsap] ttype=water
INFO     Sampling 3 unrevealed pokemon
INFO     	       espathra   speedboost    leftovers [calmmind, dazzlinggleam, roost, storedpower] ttype=fairy
INFO     	      mightyena   intimidate  assaultvest [crunch, playrough, poisonfang, suckerpunch] ttype=fairy
INFO     	       rayquaza      airlock heavydutyboots [dragonascent, dragondance, earthquake, outrage] ttype=steel
INFO     Sampling battle 12
INFO     	        torkoal      drought heavydutyboots [lavaplume, solarbeam, stealthrock, yawn] ttype=dragon
INFO     	         deoxys     pressure      lifeorb [icebeam, knockoff, psychoboost, superpower] ttype=psychic
INFO     	      vileplume  effectspore         None [gigadrain, sleeppowder, sludgebomb, strengthsap] ttype=steel
INFO     Sampling 3 unrevealed pokemon
INFO     	         plusle lightningrod      lifeorb [alluringvoice, grassknot, nastyplot, thunderbolt] ttype=grass
INFO     	       landorus   sheerforce      lifeorb [earthpower, psychic, rockslide, sludgewave] ttype=poison
INFO     	        palafin   zerotohero   choiceband [closecombat, flipturn, jetpunch, wavecrash] ttype=water
INFO     Sampling battle 13
INFO     	        torkoal      drought heavydutyboots [earthquake, fireblast, solarbeam, stealthrock] ttype=grass
INFO     	         deoxys     pressure      lifeorb [extremespeed, knockoff, psychoboost, superpower] ttype=fighting
INFO     	      vileplume  effectspore         None [gigadrain, leechseed, sludgebomb, strengthsap] ttype=water
INFO     Sampling 3 unrevealed pokemon
INFO     	           hooh  regenerator heavydutyboots [bravebird, earthquake, recover, sacredfire] ttype=ground
INFO     	         zacian intrepidsword   choiceband [closecombat, crunch, playrough, psychicfangs] ttype=fighting
INFO     	      regidrago   dragonsmaw  choicescarf [dracometeor, dragonenergy, earthquake, outrage] ttype=dragon
INFO     Sampling battle 14
INFO     	        torkoal      drought heavydutyboots [lavaplume, rapidspin, solarbeam, yawn] ttype=dragon
INFO     	         deoxys     pressure      lifeorb [icebeam, knockoff, psychoboost, superpower] ttype=dark
INFO     	      vileplume  effectspore         None [gigadrain, leechseed, sludgebomb, strengthsap] ttype=water
INFO     Sampling 3 unrevealed pokemon
INFO     	       torterra     overgrow   loadeddice [bulletseed, headlongrush, rockblast, shellsmash] ttype=ground
INFO     	   squawkabilly         guts     flameorb [bravebird, facade, protect, quickattack] ttype=normal
INFO     	            muk  poisontouch   choiceband [drainpunch, knockoff, poisonjab, shadowsneak] ttype=dark
INFO     Sampling battle 15
INFO     	        torkoal      drought heavydutyboots [earthquake, lavaplume, rapidspin, solarbeam] ttype=grass
INFO     	         deoxys     pressure      lifeorb [icebeam, knockoff, psychoboost, superpower] ttype=dark
INFO     	      vileplume  effectspore         None [gigadrain, sleeppowder, sludgebomb, strengthsap] ttype=water
INFO     Sampling 3 unrevealed pokemon
INFO     	    polteageist   cursedbody    whiteherb [shadowball, shellsmash, storedpower, strengthsap] ttype=psychic
INFO     	      excadrill  moldbreaker    leftovers [earthquake, ironhead, rapidspin, swordsdance] ttype=grass
INFO     	     hitmonchan     ironfist    leftovers [drainpunch, encore, knockoff, rapidspin] ttype=steel
INFO     Sampling battle 16
INFO     	        torkoal      drought heavydutyboots [earthquake, lavaplume, solarbeam, stealthrock] ttype=grass
INFO     	         deoxys     pressure      lifeorb [icebeam, knockoff, psychoboost, superpower] ttype=psychic
INFO     	      vileplume  effectspore         None [gigadrain, sleeppowder, sludgebomb, strengthsap] ttype=steel
INFO     Sampling 3 unrevealed pokemon
INFO     	taurospaldeacombat   intimidate   choiceband [closecombat, ironhead, stoneedge, throatchop] ttype=steel
INFO     	        spidops     stakeout heavydutyboots [knockoff, spikes, stickyweb, uturn] ttype=ghost
INFO     	       inteleon      torrent  choicespecs [hydropump, icebeam, scald, uturn] ttype=water
INFO     Sampling battle 17
INFO     	        torkoal      drought heavydutyboots [lavaplume, solarbeam, stealthrock, yawn] ttype=grass
INFO     	         deoxys     pressure      lifeorb [icebeam, knockoff, psychoboost, superpower] ttype=dark
INFO     	      vileplume  effectspore         None [gigadrain, leechseed, sludgebomb, strengthsap] ttype=steel
INFO     Sampling 3 unrevealed pokemon
INFO     	          lokix   tintedlens silverpowder [firstimpression, knockoff, suckerpunch, uturn] ttype=bug
INFO     	   dugtrioalola tanglinghair      lifeorb [earthquake, ironhead, stoneedge, swordsdance] ttype=steel
INFO     	      tyranitar   sandstream weaknesspolicy [dragondance, earthquake, knockoff, stoneedge] ttype=ghost
INFO     Sampling battle 18
INFO     	        torkoal      drought heavydutyboots [lavaplume, rapidspin, solarbeam, stealthrock] ttype=dragon
INFO     	         deoxys     pressure      lifeorb [icebeam, knockoff, psychoboost, superpower] ttype=fighting
INFO     	      vileplume  effectspore         None [gigadrain, sleeppowder, sludgebomb, strengthsap] ttype=water
INFO     Sampling 3 unrevealed pokemon
INFO     	       rayquaza      airlock heavydutyboots [dragonascent, earthquake, extremespeed, swordsdance] ttype=normal
INFO     	     pincurchin electricsurge    leftovers [recover, scald, thunderbolt, toxicspikes] ttype=water
INFO     	enamorustherian     overcoat  assaultvest [earthpower, moonblast, mysticalfire, superpower] ttype=ground
INFO     Sampling battle 19
INFO     	        torkoal      drought heavydutyboots [earthquake, fireblast, solarbeam, yawn] ttype=grass
INFO     	         deoxys     pressure      lifeorb [icebeam, knockoff, psychoboost, superpower] ttype=psychic
INFO     	      vileplume  effectspore         None [gigadrain, leechseed, sludgebomb, strengthsap] ttype=water
INFO     Sampling 3 unrevealed pokemon
INFO     	        zoroark     illusion  choicespecs [darkpulse, psychic, sludgebomb, uturn] ttype=poison
INFO     	         gengar   cursedbody      lifeorb [focusblast, nastyplot, shadowball, sludgewave] ttype=fighting
INFO     	        milotic  competitive    leftovers [dragontail, icebeam, recover, scald] ttype=steel
INFO     Sampling battle 20
INFO     	        torkoal      drought heavydutyboots [lavaplume, rapidspin, stealthrock, yawn] ttype=dragon
INFO     	         deoxys     pressure      lifeorb [extremespeed, knockoff, psychoboost, superpower] ttype=normal
INFO     	      vileplume  effectspore         None [gigadrain, sleeppowder, sludgebomb, strengthsap] ttype=water
INFO     Sampling 3 unrevealed pokemon
INFO     	 arceusfighting    multitype    fistplate [bodypress, irondefense, recover, shadowball] ttype=steel
INFO     	         raichu lightningrod  assaultvest [focusblast, nuzzle, surf, thunderbolt] ttype=water
INFO     	        golduck    cloudnine      lifeorb [grassknot, hydropump, icebeam, nastyplot] ttype=water
INFO     Sampling battle 21
INFO     	        torkoal      drought heavydutyboots [fireblast, solarbeam, stealthrock, yawn] ttype=grass
INFO     	         deoxys     pressure      lifeorb [extremespeed, knockoff, psychoboost, superpower] ttype=normal
INFO     	      vileplume  effectspore         None [gigadrain, sleeppowder, sludgebomb, strengthsap] ttype=steel
INFO     Sampling 3 unrevealed pokemon
INFO     	       drifblim     unburden  sitrusberry [airslash, calmmind, shadowball, strengthsap] ttype=dark
INFO     	      kingambit supremeoverlord    leftovers [ironhead, kowtowcleave, suckerpunch, swordsdance] ttype=dark
INFO     	   slowbrogalar  regenerator    leftovers [fireblast, psychic, shellsidearm, slackoff] ttype=poison
INFO     Sampling battle 22
INFO     	        torkoal      drought heavydutyboots [fireblast, rapidspin, solarbeam, yawn] ttype=grass
INFO     	         deoxys     pressure      lifeorb [extremespeed, knockoff, psychoboost, superpower] ttype=dark
INFO     	      vileplume  effectspore         None [gigadrain, sleeppowder, sludgebomb, strengthsap] ttype=steel
INFO     Sampling 3 unrevealed pokemon
INFO     	     toedscruel myceliummight    leftovers [earthpower, gigadrain, knockoff, spore] ttype=water
INFO     	       glimmora  toxicdebris    powerherb [earthpower, energyball, meteorbeam, sludgewave] ttype=grass
INFO     	       pelipper      drizzle  choicespecs [hurricane, hydropump, uturn, weatherball] ttype=flying
INFO     Sampling battle 23
INFO     	        torkoal      drought heavydutyboots [fireblast, rapidspin, solarbeam, yawn] ttype=grass
INFO     	         deoxys     pressure      lifeorb [icebeam, knockoff, psychoboost, superpower] ttype=fighting
INFO     	      vileplume  effectspore         None [gigadrain, leechseed, sludgebomb, strengthsap] ttype=water
INFO     Sampling 3 unrevealed pokemon
INFO     	         arceus    multitype      lifeorb [earthquake, extremespeed, shadowclaw, swordsdance] ttype=ghost
INFO     	 oricoriopompom       dancer heavydutyboots [hurricane, quiverdance, revelationdance, roost] ttype=ground
INFO     	         minior  shieldsdown    whiteherb [acrobatics, earthquake, powergem, shellsmash] ttype=water
INFO     Sampling battle 24
INFO     	        torkoal      drought heavydutyboots [lavaplume, rapidspin, solarbeam, yawn] ttype=grass
INFO     	         deoxys     pressure      lifeorb [extremespeed, knockoff, psychoboost, superpower] ttype=dark
INFO     	      vileplume  effectspore         None [gigadrain, sleeppowder, sludgebomb, strengthsap] ttype=water
INFO     Sampling 3 unrevealed pokemon
INFO     	         veluza    sharpness   choiceband [aquacutter, aquajet, nightslash, psychocut] ttype=dark
INFO     	     arceusfire    multitype   flameplate [dragondance, earthquake, flareblitz, recover] ttype=ground
INFO     	        ogerpon      defiant      lifeorb [ivycudgel, knockoff, superpower, swordsdance] ttype=grass
INFO     Sampling battle 25
INFO     	        torkoal      drought heavydutyboots [lavaplume, rapidspin, solarbeam, yawn] ttype=dragon
INFO     	         deoxys     pressure      lifeorb [icebeam, knockoff, psychoboost, superpower] ttype=dark
INFO     	      vileplume  effectspore         None [gigadrain, leechseed, sludgebomb, strengthsap] ttype=water
INFO     Sampling 3 unrevealed pokemon
INFO     	       delibird       hustle heavydutyboots [bravebird, drillrun, iceshard, icespinner] ttype=ground
INFO     	     oinkologne     thickfat    leftovers [bodyslam, curse, highhorsepower, lashout] ttype=ground
INFO     	 decidueyehisui      scrappy    leftovers [knockoff, leafblade, roost, triplearrows] ttype=steel
INFO     Sampling battle 26
INFO     	        torkoal      drought heavydutyboots [earthquake, fireblast, solarbeam, stealthrock] ttype=grass
INFO     	         deoxys     pressure      lifeorb [extremespeed, knockoff, psychoboost, superpower] ttype=fighting
INFO     	      vileplume  effectspore         None [gigadrain, sleeppowder, sludgebomb, strengthsap] ttype=steel
INFO     Sampling 3 unrevealed pokemon
INFO     	    ironjugulis   quarkdrive    powerherb [darkpulse, earthpower, hurricane, meteorbeam] ttype=dark
INFO     	      coalossal    flamebody heavydutyboots [overheat, spikes, stoneedge, willowisp] ttype=water
INFO     	ogerponwellspring  waterabsorb wellspringmask [ivycudgel, knockoff, powerwhip, swordsdance] ttype=water
INFO     Sampling battle 27
INFO     	        torkoal      drought heavydutyboots [lavaplume, rapidspin, solarbeam, stealthrock] ttype=grass
INFO     	         deoxys     pressure      lifeorb [icebeam, knockoff, psychoboost, superpower] ttype=psychic
INFO     	      vileplume  effectspore         None [gigadrain, leechseed, sludgebomb, strengthsap] ttype=water
INFO     Sampling 3 unrevealed pokemon
INFO     	       samurott      torrent  assaultvest [aquajet, hydropump, icebeam, sacredsword] ttype=water
INFO     	           uxie     levitate    leftovers [encore, psychicnoise, stealthrock, yawn] ttype=dark
INFO     	 electrodehisui   soundproof    leftovers [gigadrain, leechseed, substitute, thunderbolt] ttype=poison
INFO     Sampling battle 28
INFO     	        torkoal      drought heavydutyboots [lavaplume, rapidspin, solarbeam, yawn] ttype=grass
INFO     	         deoxys     pressure      lifeorb [extremespeed, knockoff, psychoboost, superpower] ttype=psychic
INFO     	      vileplume  effectspore         None [gigadrain, leechseed, sludgebomb, strengthsap] ttype=water
INFO     Sampling 3 unrevealed pokemon
INFO     	      charizard        blaze heavydutyboots [earthquake, flamethrower, hurricane, willowisp] ttype=fire
INFO     	    arceusfairy    multitype   pixieplate [calmmind, earthpower, judgment, recover] ttype=steel
INFO     	         golurk      noguard      lifeorb [dynamicpunch, earthquake, poltergeist, stealthrock] ttype=ghost
INFO     Sampling battle 29
INFO     	        torkoal      drought heavydutyboots [lavaplume, rapidspin, stealthrock, yawn] ttype=dragon
INFO     	         deoxys     pressure      lifeorb [icebeam, knockoff, psychoboost, superpower] ttype=fighting
INFO     	      vileplume  effectspore         None [gigadrain, leechseed, sludgebomb, strengthsap] ttype=steel
INFO     Sampling 3 unrevealed pokemon
INFO     	       pelipper      drizzle heavydutyboots [hurricane, hydropump, roost, uturn] ttype=water
INFO     	     hitmonchan     ironfist      lifeorb [drainpunch, knockoff, machpunch, swordsdance] ttype=fighting
INFO     	       indeedee psychicsurge  choicescarf [dazzlinggleam, expandingforce, healingwish, hypervoice] ttype=psychic
INFO     Sampling battle 30
INFO     	        torkoal      drought heavydutyboots [lavaplume, rapidspin, solarbeam, stealthrock] ttype=grass
INFO     	         deoxys     pressure      lifeorb [icebeam, knockoff, psychoboost, superpower] ttype=dark
INFO     	      vileplume  effectspore         None [gigadrain, sleeppowder, sludgebomb, strengthsap] ttype=steel
INFO     Sampling 3 unrevealed pokemon
INFO     	      glastrier chillingneigh   choiceband [closecombat, heavyslam, highhorsepower, iciclecrash] ttype=fighting
INFO     	      tyranitar   sandstream  assaultvest [dragontail, icebeam, knockoff, stoneedge] ttype=rock
INFO     	     bombirdier     bigpecks heavydutyboots [bravebird, knockoff, roost, suckerpunch] ttype=dark
INFO     Sampling battle 31
INFO     	        torkoal      drought heavydutyboots [earthquake, lavaplume, rapidspin, solarbeam] ttype=grass
INFO     	         deoxys     pressure      lifeorb [extremespeed, knockoff, psychoboost, superpower] ttype=dark
INFO     	      vileplume  effectspore         None [gigadrain, sleeppowder, sludgebomb, strengthsap] ttype=water
INFO     Sampling 3 unrevealed pokemon
INFO     	 ninetalesalola  snowwarning    lightclay [auroraveil, blizzard, moonblast, nastyplot] ttype=water
INFO     	      cresselia     levitate    leftovers [calmmind, moonlight, psyshock, thunderbolt] ttype=poison
INFO     	       cinccino   technician   loadeddice [bulletseed, tailslap, tidyup, tripleaxel] ttype=ice
INFO     Searching for a move using MCTS...
INFO     Sampling 32 battles at 250ms each
INFO     Choice: switch hydrapple
INFO     hydrapple switched in, adding intimidate to impossible abilities
INFO     hydrapple switched in, adding pressure to impossible abilities
INFO     hydrapple switched in, adding neutralizinggas to impossible abilities
INFO     hydrapple switched in, adding sandstream to impossible abilities
INFO     Not adding drought to hydrapple's impossible abilities because the weather would not have triggered
INFO     hydrapple switched in, adding drizzle to impossible abilities
INFO     hydrapple switched in, adding snowwarning to impossible abilities
INFO     hydrapple switched in, adding boosterenergy to impossible items
INFO     hydrapple switched in, adding airballoon to impossible items
INFO     torkoal used a status-move. Adding `assaultvest` to impossible items
INFO     Setting torkoal's last used move: stealthrock
INFO     Incremented side condition stealthrock to 1 for hydrapple
INFO     Weather sunnyday is active
INFO     Weather turns remaining: 3
INFO     torkoal has less than maxhp during upkeep, no longer guessing leftovers or blacksludge
INFO     
INFO     Turn: 5
INFO     loaded 13 player and 0 effective opponent priors
INFO     Sampling battle 0
INFO     	        torkoal      drought heavydutyboots [lavaplume, rapidspin, stealthrock, yawn] ttype=grass
INFO     	         deoxys     pressure      lifeorb [icebeam, knockoff, psychoboost, superpower] ttype=psychic
INFO     	      vileplume  effectspore         None [gigadrain, leechseed, sludgebomb, strengthsap] ttype=water
INFO     Sampling 3 unrevealed pokemon
INFO     	     copperajah   heavymetal   choiceband [heatcrash, heavyslam, stoneedge, supercellslam] ttype=fire
INFO     	     perrserker   toughclaws      lifeorb [closecombat, ironhead, knockoff, stealthrock] ttype=fighting
INFO     	       cloyster    skilllink    whiteherb [hydropump, iciclespear, rockblast, shellsmash] ttype=rock
INFO     Sampling battle 1
INFO     	        torkoal      drought heavydutyboots [fireblast, rapidspin, solarbeam, stealthrock] ttype=grass
INFO     	         deoxys     pressure      lifeorb [icebeam, knockoff, psychoboost, superpower] ttype=dark
INFO     	      vileplume  effectspore         None [gigadrain, leechseed, sludgebomb, strengthsap] ttype=steel
INFO     Sampling 3 unrevealed pokemon
INFO     	        toxapex  regenerator  rockyhelmet [haze, liquidation, recover, toxicspikes] ttype=flying
INFO     	      dragonite   multiscale heavydutyboots [dragondance, earthquake, outrage, terablast] ttype=flying
INFO     	         kommoo   soundproof   loadeddice [closecombat, ironhead, scaleshot, swordsdance] ttype=steel
INFO     Sampling battle 2
INFO     	        torkoal      drought heavydutyboots [lavaplume, rapidspin, stealthrock, yawn] ttype=dragon
INFO     	         deoxys     pressure      lifeorb [extremespeed, knockoff, psychoboost, superpower] ttype=normal
INFO     	      vileplume  effectspore         None [gigadrain, sleeppowder, sludgebomb, strengthsap] ttype=steel
INFO     Sampling 3 unrevealed pokemon
INFO     	      quaquaval        moxie      lifeorb [aquastep, closecombat, encore, swordsdance] ttype=steel
INFO     	        golduck    cloudnine    leftovers [encore, grassknot, hydropump, nastyplot] ttype=water
INFO     	     chandelure    flashfire  choicescarf [energyball, fireblast, shadowball, trick] ttype=grass
INFO     Sampling battle 3
INFO     	        torkoal      drought heavydutyboots [lavaplume, rapidspin, solarbeam, stealthrock] ttype=dragon
INFO     	         deoxys     pressure      lifeorb [icebeam, knockoff, psychoboost, superpower] ttype=fighting
INFO     	      vileplume  effectspore         None [gigadrain, leechseed, sludgebomb, strengthsap] ttype=steel
INFO     Sampling 3 unrevealed pokemon
INFO     	    stonjourner    powerspot      lifeorb [earthquake, heatcrash, stealthrock, stoneedge] ttype=ground
INFO     	        persian   technician    silkscarf [doubleedge, fakeout, knockoff, uturn] ttype=normal
INFO     	       sunflora  chlorophyll  choicespecs [dazzlinggleam, earthpower, leafstorm, sludgebomb] ttype=ground
INFO     Sampling battle 4
INFO     	        torkoal      drought heavydutyboots [lavaplume, solarbeam, stealthrock, yawn] ttype=dragon
INFO     	         deoxys     pressure      lifeorb [extremespeed, knockoff, psychoboost, superpower] ttype=normal
INFO     	      vileplume  effectspore         None [gigadrain, sleeppowder, sludgebomb, strengthsap] ttype=steel
INFO     Sampling 3 unrevealed pokemon
INFO     	      electrode   soundproof heavydutyboots [foulplay, thunderbolt, thunderwave, voltswitch] ttype=electric
INFO     	    walkingwake protosynthesis      lifeorb [dracometeor, flamethrower, hydrosteam, sunnyday] ttype=fire
INFO     	       vigoroth  vitalspirit     eviolite [bodyslam, bulkup, earthquake, slackoff] ttype=ground
INFO     Sampling battle 5
INFO     	        torkoal      drought heavydutyboots [earthquake, fireblast, solarbeam, stealthrock] ttype=grass
INFO     	         deoxys     pressure      lifeorb [icebeam, knockoff, psychoboost, superpower] ttype=psychic
INFO     	      vileplume  effectspore         None [gigadrain, leechseed, sludgebomb, strengthsap] ttype=steel
INFO     Sampling 3 unrevealed pokemon
INFO     	       delibird       hustle heavydutyboots [bravebird, drillrun, icespinner, spikes] ttype=ice
INFO     	     feraligatr   sheerforce      lifeorb [dragondance, icepunch, liquidation, trailblaze] ttype=water
INFO     	          ditto     imposter  choicescarf [transform] ttype=ghost
INFO     Sampling battle 6
INFO     	        torkoal      drought heavydutyboots [lavaplume, solarbeam, stealthrock, yawn] ttype=grass
INFO     	         deoxys     pressure      lifeorb [extremespeed, knockoff, psychoboost, superpower] ttype=normal
INFO     	      vileplume  effectspore         None [gigadrain, leechseed, sludgebomb, strengthsap] ttype=water
INFO     Sampling 3 unrevealed pokemon
INFO     	 giratinaorigin     levitate griseouscore [defog, dracometeor, poltergeist, willowisp] ttype=ghost
INFO     	        milotic  competitive    leftovers [dragontail, icebeam, recover, scald] ttype=dragon
INFO     	      farigiraf    sapsipper    leftovers [bodyslam, protect, psychicnoise, wish] ttype=fairy
INFO     Sampling battle 7
INFO     	        torkoal      drought heavydutyboots [lavaplume, rapidspin, solarbeam, stealthrock] ttype=dragon
INFO     	         deoxys     pressure      lifeorb [extremespeed, knockoff, psychoboost, superpower] ttype=dark
INFO     	      vileplume  effectspore         None [gigadrain, leechseed, sludgebomb, strengthsap] ttype=water
INFO     Sampling 3 unrevealed pokemon
INFO     	     typhlosion    flashfire  choicespecs [eruption, fireblast, focusblast, scorchingsands] ttype=fire
INFO     	        spidops     stakeout heavydutyboots [knockoff, spikes, stickyweb, uturn] ttype=ghost
INFO     	     perrserker   toughclaws   choiceband [closecombat, ironhead, knockoff, uturn] ttype=fighting
INFO     Sampling battle 8
INFO     	        torkoal      drought heavydutyboots [earthquake, lavaplume, solarbeam, stealthrock] ttype=grass
INFO     	         deoxys     pressure      lifeorb [icebeam, knockoff, psychoboost, superpower] ttype=psychic
INFO     	      vileplume  effectspore         None [gigadrain, sleeppowder, sludgebomb, strengthsap] ttype=water
INFO     Sampling 3 unrevealed pokemon
INFO     	      zamazenta dauntlessshield   choiceband [closecombat, crunch, psychicfangs, stoneedge] ttype=dark
INFO     	     eelektross     levitate  assaultvest [closecombat, discharge, flamethrower, uturn] ttype=steel
INFO     	necrozmadawnwings   prismarmor      lifeorb [brickbreak, dragondance, moongeistbeam, photongeyser] ttype=fighting
INFO     Sampling battle 9
INFO     	        torkoal      drought heavydutyboots [lavaplume, rapidspin, stealthrock, yawn] ttype=dragon
INFO     	         deoxys     pressure      lifeorb [icebeam, knockoff, psychoboost, superpower] ttype=dark
INFO     	      vileplume  effectspore         None [gigadrain, sleeppowder, sludgebomb, strengthsap] ttype=water
INFO     Sampling 3 unrevealed pokemon
INFO     	 lilliganthisui       hustle      lifeorb [closecombat, leafblade, sleeppowder, victorydance] ttype=fighting
INFO     	     perrserker   toughclaws      lifeorb [closecombat, ironhead, stealthrock, uturn] ttype=fighting
INFO     	      rampardos   sheerforce      lifeorb [earthquake, firepunch, rockslide, zenheadbutt] ttype=psychic
INFO     Sampling battle 10
INFO     	        torkoal      drought heavydutyboots [lavaplume, rapidspin, stealthrock, yawn] ttype=dragon
INFO     	         deoxys     pressure      lifeorb [icebeam, knockoff, psychoboost, superpower] ttype=fighting
INFO     	      vileplume  effectspore         None [gigadrain, sleeppowder, sludgebomb, strengthsap] ttype=water
INFO     Sampling 3 unrevealed pokemon
INFO     	      abomasnow  snowwarning    lightclay [auroraveil, blizzard, earthquake, iceshard] ttype=ghost
INFO     	      primarina  liquidvoice    leftovers [calmmind, drainingkiss, moonblast, psychicnoise] ttype=poison
INFO     	        ariados     insomnia heavydutyboots [megahorn, poisonjab, stickyweb, toxicspikes] ttype=ghost
INFO     Sampling battle 11
INFO     	        torkoal      drought heavydutyboots [lavaplume, rapidspin, solarbeam, stealthrock] ttype=grass
INFO     	         deoxys     pressure      lifeorb [extremespeed, knockoff, psychoboost, superpower] ttype=psychic
INFO     	      vileplume  effectspore         None [gigadrain, sleeppowder, sludgebomb, strengthsap] ttype=water
INFO     Sampling 3 unrevealed pokemon
INFO     	        dondozo      unaware    leftovers [curse, rest, sleeptalk, wavecrash] ttype=dragon
INFO     	     forretress       sturdy    leftovers [ironhead, rapidspin, spikes, thunderwave] ttype=water
INFO     	      crawdaunt adaptability      lifeorb [aquajet, crabhammer, dragondance, knockoff] ttype=water
INFO     Sampling battle 12
INFO     	        torkoal      drought heavydutyboots [earthquake, lavaplume, solarbeam, stealthrock] ttype=grass
INFO     	         deoxys     pressure      lifeorb [extremespeed, knockoff, psychoboost, superpower] ttype=normal
INFO     	      vileplume  effectspore         None [gigadrain, leechseed, sludgebomb, strengthsap] ttype=water
INFO     Sampling 3 unrevealed pokemon
INFO     	       sawsbuck  serenegrace      lifeorb [headbutt, highhorsepower, hornleech, swordsdance] ttype=normal
INFO     	      hitmonlee     unburden    whiteherb [closecombat, knockoff, stoneedge, swordsdance] ttype=dark
INFO     	      kingambit supremeoverlord    leftovers [ironhead, kowtowcleave, suckerpunch, swordsdance] ttype=flying
INFO     Sampling battle 13
INFO     	        torkoal      drought heavydutyboots [lavaplume, solarbeam, stealthrock, yawn] ttype=grass
INFO     	         deoxys     pressure      lifeorb [extremespeed, knockoff, psychoboost, superpower] ttype=psychic
INFO     	      vileplume  effectspore         None [gigadrain, leechseed, sludgebomb, strengthsap] ttype=water
INFO     Sampling 3 unrevealed pokemon
INFO     	        dipplin   stickyhold     eviolite [dragonpulse, dragontail, gigadrain, recover] ttype=steel
INFO     	      spiritomb  infiltrator    leftovers [foulplay, poltergeist, shadowsneak, toxic] ttype=poison
INFO     	       empoleon  competitive    leftovers [flipturn, knockoff, roost, surf] ttype=flying
INFO     Sampling battle 14
INFO     	        torkoal      drought heavydutyboots [earthquake, lavaplume, solarbeam, stealthrock] ttype=grass
INFO     	         deoxys     pressure      lifeorb [extremespeed, knockoff, psychoboost, superpower] ttype=dark
INFO     	      vileplume  effectspore         None [gigadrain, sleeppowder, sludgebomb, strengthsap] ttype=steel
INFO     Sampling 3 unrevealed pokemon
INFO     	            mew  synchronize      lifeorb [aurasphere, darkpulse, nastyplot, psyshock] ttype=dark
INFO     	        spidops     stakeout heavydutyboots [circlethrow, spikes, stickyweb, uturn] ttype=ghost
INFO     	       ursaring         guts     eviolite [bodyslam, earthquake, rest, sleeptalk] ttype=ghost
INFO     Sampling battle 15
INFO     	        torkoal      drought heavydutyboots [lavaplume, rapidspin, stealthrock, yawn] ttype=grass
INFO     	         deoxys     pressure      lifeorb [icebeam, knockoff, psychoboost, superpower] ttype=dark
INFO     	      vileplume  effectspore         None [gigadrain, leechseed, sludgebomb, strengthsap] ttype=steel
INFO     Sampling 3 unrevealed pokemon
INFO     	       appletun     thickfat    leftovers [appleacid, dragonpulse, leechseed, recover] ttype=steel
INFO     	      girafarig    sapsipper     eviolite [hypervoice, nastyplot, psyshock, thunderbolt] ttype=electric
INFO     	       dragalge adaptability    leftovers [dracometeor, focusblast, sludgewave, toxicspikes] ttype=fighting
INFO     Searching for a move using MCTS...
INFO     Sampling 16 battles at 500ms each
INFO     Choice: ficklebeam
INFO     Opponent has switched - clearing the last used move
INFO     Not adding drought to vileplume's impossible abilities because the weather would not have triggered
INFO     hydrapple already has the move ficklebeam. Decrementing the PP by 1
INFO     hydrapple used a dragon move, removing dragongem from possible items
INFO     Setting hydrapple's last used move: ficklebeam
INFO     hydrapple used a damaging move - not guessing lifeorb anymore
INFO     hydrapple did 7.000000000000001% damage to vileplume with ficklebeam
INFO     Setting hydrapple's item to: lifeorb
INFO     Weather sunnyday is active
INFO     Weather turns remaining: 2
INFO     vileplume has less than maxhp during upkeep, no longer guessing leftovers or blacksludge
INFO     Opponent has switched - clearing the last used move
INFO     ragingbolt switched in, adding intimidate to impossible abilities
INFO     ragingbolt switched in, adding pressure to impossible abilities
INFO     ragingbolt switched in, adding neutralizinggas to impossible abilities
INFO     ragingbolt switched in, adding sandstream to impossible abilities
INFO     Not adding drought to ragingbolt's impossible abilities because the weather would not have triggered
INFO     ragingbolt switched in, adding drizzle to impossible abilities
INFO     ragingbolt switched in, adding snowwarning to impossible abilities
INFO     ragingbolt switched in, adding boosterenergy to impossible items
INFO     ragingbolt switched in, adding airballoon to impossible items
INFO     Setting ragingbolt's ability to protosynthesis
INFO     Starting the volatile status protosynthesisspa on ragingbolt
INFO     
INFO     Turn: 6
INFO     loaded 13 player and 0 effective opponent priors
INFO     Sampling battle 0
INFO     	     ragingbolt protosynthesis  assaultvest [dracometeor, thunderbolt, thunderclap, voltswitch] ttype=electric
INFO     	         deoxys     pressure      lifeorb [extremespeed, knockoff, psychoboost, superpower] ttype=normal
INFO     	        torkoal      drought heavydutyboots [lavaplume, rapidspin, stealthrock, yawn] ttype=grass
INFO     Sampling 2 unrevealed pokemon
INFO     	        jolteon   voltabsorb    leftovers [calmmind, substitute, terablast, thunderbolt] ttype=ice
INFO     	    brutebonnet protosynthesis    leftovers [closecombat, crunch, spore, suckerpunch] ttype=fighting
INFO     Sampling battle 1
INFO     	     ragingbolt protosynthesis    leftovers [calmmind, dracometeor, thunderbolt, thunderclap] ttype=electric
INFO     	         deoxys     pressure      lifeorb [icebeam, knockoff, psychoboost, superpower] ttype=fighting
INFO     	        torkoal      drought heavydutyboots [lavaplume, rapidspin, solarbeam, stealthrock] ttype=grass
INFO     Sampling 2 unrevealed pokemon
INFO     	       illumise    prankster heavydutyboots [bugbuzz, encore, roost, thunderwave] ttype=water
INFO     	     ironthorns   quarkdrive  assaultvest [earthquake, stoneedge, voltswitch, wildcharge] ttype=flying
INFO     Sampling battle 2
INFO     	     ragingbolt protosynthesis    leftovers [calmmind, dracometeor, thunderbolt, thunderclap] ttype=electric
INFO     	         deoxys     pressure      lifeorb [icebeam, knockoff, psychoboost, superpower] ttype=psychic
INFO     	        torkoal      drought heavydutyboots [lavaplume, solarbeam, stealthrock, yawn] ttype=grass
INFO     Sampling 2 unrevealed pokemon
INFO     	       tinkaton  moldbreaker    leftovers [encore, gigatonhammer, playrough, thunderwave] ttype=water
INFO     	        slowbro  regenerator    leftovers [bodypress, irondefense, scald, slackoff] ttype=fighting
INFO     Sampling battle 3
INFO     	     ragingbolt protosynthesis    leftovers [calmmind, dracometeor, thunderbolt, thunderclap] ttype=fairy
INFO     	         deoxys     pressure      lifeorb [extremespeed, knockoff, psychoboost, superpower] ttype=normal
INFO     	        torkoal      drought heavydutyboots [lavaplume, solarbeam, stealthrock, yawn] ttype=dragon
INFO     Sampling 2 unrevealed pokemon
INFO     	     perrserker   toughclaws      lifeorb [closecombat, ironhead, knockoff, stealthrock] ttype=fighting
INFO     	       gyarados   intimidate heavydutyboots [dragondance, earthquake, stoneedge, waterfall] ttype=ground
INFO     Sampling battle 4
INFO     	     ragingbolt protosynthesis    leftovers [calmmind, dracometeor, thunderbolt, thunderclap] ttype=fairy
INFO     	         deoxys     pressure      lifeorb [extremespeed, knockoff, psychoboost, superpower] ttype=fighting
INFO     	        torkoal      drought heavydutyboots [earthquake, fireblast, solarbeam, stealthrock] ttype=grass
INFO     Sampling 2 unrevealed pokemon
INFO     	      tatsugiri   stormdrain heavydutyboots [dracometeor, nastyplot, rapidspin, surf] ttype=steel
INFO     	        jirachi  serenegrace    leftovers [bodyslam, ironhead, stealthrock, uturn] ttype=water
INFO     Sampling battle 5
INFO     	     ragingbolt protosynthesis  assaultvest [discharge, dracometeor, thunderclap, voltswitch] ttype=electric
INFO     	         deoxys     pressure      lifeorb [extremespeed, knockoff, psychoboost, superpower] ttype=psychic
INFO     	        torkoal      drought heavydutyboots [lavaplume, rapidspin, solarbeam, stealthrock] ttype=dragon
INFO     Sampling 2 unrevealed pokemon
INFO     	      bellossom  chlorophyll    leftovers [gigadrain, moonblast, quiverdance, strengthsap] ttype=fairy
INFO     	       espathra   speedboost  choicespecs [dazzlinggleam, luminacrash, shadowball, uturn] ttype=fairy
INFO     Sampling battle 6
INFO     	     ragingbolt protosynthesis  assaultvest [discharge, dracometeor, thunderclap, voltswitch] ttype=electric
INFO     	         deoxys     pressure      lifeorb [icebeam, knockoff, psychoboost, superpower] ttype=psychic
INFO     	        torkoal      drought heavydutyboots [earthquake, fireblast, solarbeam, stealthrock] ttype=grass
INFO     Sampling 2 unrevealed pokemon
INFO     	          klawf   angershell  sitrusberry [crabhammer, knockoff, stoneedge, swordsdance] ttype=dark
INFO     	       meowstic    prankster    lightclay [alluringvoice, lightscreen, psychicnoise, reflect] ttype=fairy
INFO     Sampling battle 7
INFO     	     ragingbolt protosynthesis    leftovers [calmmind, dracometeor, thunderbolt, thunderclap] ttype=fairy
INFO     	         deoxys     pressure      lifeorb [extremespeed, knockoff, psychoboost, superpower] ttype=dark
INFO     	        torkoal      drought heavydutyboots [lavaplume, solarbeam, stealthrock, yawn] ttype=grass
INFO     Sampling 2 unrevealed pokemon
INFO     	       inteleon      torrent  choicespecs [hydropump, icebeam, scald, uturn] ttype=water
INFO     	   crabominable     ironfist   choiceband [drainpunch, earthquake, icehammer, knockoff] ttype=ground
INFO     Sampling battle 8
INFO     	     ragingbolt protosynthesis  assaultvest [discharge, dracometeor, thunderclap, voltswitch] ttype=electric
INFO     	         deoxys     pressure      lifeorb [icebeam, knockoff, psychoboost, superpower] ttype=psychic
INFO     	        torkoal      drought heavydutyboots [lavaplume, rapidspin, solarbeam, stealthrock] ttype=grass
INFO     Sampling 2 unrevealed pokemon
INFO     	         goodra    sapsipper  assaultvest [dracometeor, earthquake, knockoff, powerwhip] ttype=steel
INFO     	necrozmadawnwings   prismarmor    leftovers [calmmind, moongeistbeam, moonlight, photongeyser] ttype=dark
INFO     Sampling battle 9
INFO     	     ragingbolt protosynthesis    leftovers [calmmind, dracometeor, thunderbolt, thunderclap] ttype=electric
INFO     	         deoxys     pressure      lifeorb [icebeam, knockoff, psychoboost, superpower] ttype=psychic
INFO     	        torkoal      drought heavydutyboots [lavaplume, rapidspin, stealthrock, yawn] ttype=grass
INFO     Sampling 2 unrevealed pokemon
INFO     	        shiftry    windrider      lifeorb [knockoff, leafblade, lowkick, tailwind] ttype=fighting
INFO     	       dusknoir        frisk      lifeorb [leechlife, painsplit, poltergeist, shadowsneak] ttype=ghost
INFO     Sampling battle 10
INFO     	     ragingbolt protosynthesis    leftovers [calmmind, dracometeor, thunderbolt, thunderclap] ttype=fairy
INFO     	         deoxys     pressure      lifeorb [extremespeed, knockoff, psychoboost, superpower] ttype=fighting
INFO     	        torkoal      drought heavydutyboots [lavaplume, solarbeam, stealthrock, yawn] ttype=grass
INFO     Sampling 2 unrevealed pokemon
INFO     	      gholdengo   goodasgold    leftovers [focusblast, makeitrain, nastyplot, shadowball] ttype=ghost
INFO     	     ironleaves   quarkdrive   choiceband [closecombat, leafblade, megahorn, psyblade] ttype=fighting
INFO     Sampling battle 11
INFO     	     ragingbolt protosynthesis    leftovers [calmmind, dracometeor, thunderbolt, thunderclap] ttype=fairy
INFO     	         deoxys     pressure      lifeorb [extremespeed, knockoff, psychoboost, superpower] ttype=psychic
INFO     	        torkoal      drought heavydutyboots [earthquake, lavaplume, solarbeam, stealthrock] ttype=grass
INFO     Sampling 2 unrevealed pokemon
INFO     	       ursaluna         guts     flameorb [facade, headlongrush, throatchop, trailblaze] ttype=normal
INFO     	        carbink    clearbody    leftovers [bodypress, irondefense, moonblast, rockpolish] ttype=fighting
INFO     Sampling battle 12
INFO     	     ragingbolt protosynthesis  assaultvest [discharge, dracometeor, thunderclap, voltswitch] ttype=electric
INFO     	         deoxys     pressure      lifeorb [extremespeed, knockoff, psychoboost, superpower] ttype=fighting
INFO     	        torkoal      drought heavydutyboots [lavaplume, solarbeam, stealthrock, yawn] ttype=grass
INFO     Sampling 2 unrevealed pokemon
INFO     	      sudowoodo     rockhead    leftovers [earthquake, headsmash, stealthrock, woodhammer] ttype=grass
INFO     	squawkabillyblue         guts     flameorb [bravebird, facade, protect, quickattack] ttype=normal
INFO     Sampling battle 13
INFO     	     ragingbolt protosynthesis  assaultvest [dracometeor, thunderbolt, thunderclap, voltswitch] ttype=electric
INFO     	         deoxys     pressure      lifeorb [extremespeed, knockoff, psychoboost, superpower] ttype=normal
INFO     	        torkoal      drought heavydutyboots [lavaplume, rapidspin, stealthrock, yawn] ttype=dragon
INFO     Sampling 2 unrevealed pokemon
INFO     	     perrserker   toughclaws   choiceband [closecombat, ironhead, knockoff, uturn] ttype=fighting
INFO     	    roaringmoon protosynthesis     lumberry [dragondance, ironhead, knockoff, outrage] ttype=dragon
INFO     Sampling battle 14
INFO     	     ragingbolt protosynthesis  assaultvest [discharge, dracometeor, thunderclap, voltswitch] ttype=electric
INFO     	         deoxys     pressure      lifeorb [extremespeed, knockoff, psychoboost, superpower] ttype=fighting
INFO     	        torkoal      drought heavydutyboots [lavaplume, rapidspin, stealthrock, yawn] ttype=grass
INFO     Sampling 2 unrevealed pokemon
INFO     	      arceusbug    multitype  insectplate [calmmind, fireblast, judgment, recover] ttype=fire
INFO     	       meowstic    prankster    lightclay [lightscreen, psychicnoise, reflect, thunderwave] ttype=fairy
INFO     Sampling battle 15
INFO     	     ragingbolt protosynthesis  assaultvest [dracometeor, thunderbolt, thunderclap, voltswitch] ttype=electric
INFO     	         deoxys     pressure      lifeorb [extremespeed, knockoff, psychoboost, superpower] ttype=dark
INFO     	        torkoal      drought heavydutyboots [lavaplume, solarbeam, stealthrock, yawn] ttype=dragon
INFO     Sampling 2 unrevealed pokemon
INFO     	      sudowoodo     rockhead   choiceband [earthquake, headsmash, suckerpunch, woodhammer] ttype=grass
INFO     	     ironleaves   quarkdrive   choiceband [closecombat, leafblade, megahorn, psyblade] ttype=fighting
INFO     Searching for a move using MCTS...
INFO     Sampling 16 battles at 500ms each
INFO     Choice: ficklebeam
INFO     Updated ragingbolt's min speed to 121
INFO     ragingbolt using calmmind makes it unlikely to have a choice item. Setting can_have_choice_item to False
INFO     ragingbolt used a status-move. Adding `assaultvest` to impossible items
INFO     Setting ragingbolt's last used move: calmmind
INFO     ragingbolt's special-attack was boosted by 1 to 1
INFO     ragingbolt's special-defense was boosted by 1 to 1
INFO     hydrapple already has the move ficklebeam. Decrementing the PP by 1
INFO     hydrapple used a dragon move, removing dragongem from possible items
INFO     Setting hydrapple's last used move: ficklebeam
INFO     hydrapple used a damaging move - not guessing lifeorb anymore
INFO     hydrapple did 57.99999999999999% damage to ragingbolt with ficklebeam
INFO     Setting hydrapple's item to: lifeorb
INFO     Weather sunnyday is active
INFO     Weather turns remaining: 1
INFO     ragingbolt has less than maxhp during upkeep, no longer guessing leftovers or blacksludge
INFO     
INFO     Turn: 7
INFO     loaded 13 player and 0 effective opponent priors
INFO     Sampling battle 0
INFO     	     ragingbolt protosynthesis    leftovers [calmmind, dracometeor, thunderbolt, thunderclap] ttype=fairy
INFO     	         deoxys     pressure      lifeorb [extremespeed, knockoff, psychoboost, superpower] ttype=psychic
INFO     	        torkoal      drought heavydutyboots [lavaplume, rapidspin, stealthrock, yawn] ttype=grass
INFO     Sampling 2 unrevealed pokemon
INFO     	       miraidon hadronengine  choicespecs [dracometeor, electrodrift, overheat, voltswitch] ttype=electric
INFO     	      cresselia     levitate    leftovers [calmmind, moonlight, psyshock, thunderbolt] ttype=poison
INFO     Sampling battle 1
INFO     	     ragingbolt protosynthesis    leftovers [calmmind, dracometeor, thunderbolt, thunderclap] ttype=electric
INFO     	         deoxys     pressure      lifeorb [extremespeed, knockoff, psychoboost, superpower] ttype=normal
INFO     	        torkoal      drought heavydutyboots [lavaplume, rapidspin, solarbeam, stealthrock] ttype=dragon
INFO     Sampling 2 unrevealed pokemon
INFO     	         veluza    sharpness  sitrusberry [aquacutter, filletaway, nightslash, psychocut] ttype=psychic
INFO     	ogerponcornerstone       sturdy cornerstonemask [encore, ivycudgel, powerwhip, synthesis] ttype=rock
INFO     Sampling battle 2
INFO     	     ragingbolt protosynthesis    leftovers [calmmind, dracometeor, thunderbolt, thunderclap] ttype=electric
INFO     	         deoxys     pressure      lifeorb [extremespeed, knockoff, psychoboost, superpower] ttype=fighting
INFO     	        torkoal      drought heavydutyboots [lavaplume, rapidspin, stealthrock, yawn] ttype=dragon
INFO     Sampling 2 unrevealed pokemon
INFO     	      rotomheat     levitate heavydutyboots [overheat, painsplit, thunderbolt, voltswitch] ttype=fire
INFO     	     houndstone       fluffy    leftovers [bodypress, poltergeist, rest, sleeptalk] ttype=fighting
INFO     Sampling battle 3
INFO     	     ragingbolt protosynthesis    leftovers [calmmind, dracometeor, thunderbolt, thunderclap] ttype=fairy
INFO     	         deoxys     pressure      lifeorb [extremespeed, knockoff, psychoboost, superpower] ttype=normal
INFO     	        torkoal      drought heavydutyboots [lavaplume, solarbeam, stealthrock, yawn] ttype=dragon
INFO     Sampling 2 unrevealed pokemon
INFO     	       magcargo    weakarmor heavydutyboots [earthpower, fireblast, powergem, shellsmash] ttype=grass
INFO     	      zamazenta dauntlessshield   choiceband [closecombat, crunch, ironhead, psychicfangs] ttype=fighting
INFO     Sampling battle 4
INFO     	     ragingbolt protosynthesis boosterenergy [calmmind, dragonpulse, thunderbolt, thunderclap] ttype=fairy
INFO     	         deoxys     pressure      lifeorb [icebeam, knockoff, psychoboost, superpower] ttype=dark
INFO     	        torkoal      drought heavydutyboots [lavaplume, rapidspin, stealthrock, yawn] ttype=grass
INFO     Sampling 2 unrevealed pokemon
INFO     	      rhyperior    solidrock  assaultvest [dragontail, earthquake, icepunch, stoneedge] ttype=steel
INFO     	    arceusfairy    multitype   pixieplate [calmmind, earthpower, judgment, recover] ttype=steel
INFO     Sampling battle 5
INFO     	     ragingbolt protosynthesis    leftovers [calmmind, dracometeor, thunderbolt, thunderclap] ttype=electric
INFO     	         deoxys     pressure      lifeorb [icebeam, knockoff, psychoboost, superpower] ttype=fighting
INFO     	        torkoal      drought heavydutyboots [fireblast, rapidspin, solarbeam, stealthrock] ttype=grass
INFO     Sampling 2 unrevealed pokemon
INFO     	       floatzel    waterveil   choiceband [crunch, flipturn, icespinner, wavecrash] ttype=water
INFO     	       vaporeon  waterabsorb    leftovers [icebeam, protect, scald, wish] ttype=ground
INFO     Sampling battle 6
INFO     	     ragingbolt protosynthesis    leftovers [calmmind, dracometeor, thunderbolt, thunderclap] ttype=fairy
INFO     	         deoxys     pressure      lifeorb [extremespeed, knockoff, psychoboost, superpower] ttype=fighting
INFO     	        torkoal      drought heavydutyboots [lavaplume, rapidspin, solarbeam, stealthrock] ttype=grass
INFO     Sampling 2 unrevealed pokemon
INFO     	      palossand watercompaction    leftovers [earthpower, shadowball, shoreup, sludgebomb] ttype=water
INFO     	         raikou     pressure  choicespecs [scald, shadowball, thunderbolt, voltswitch] ttype=electric
INFO     Sampling battle 7
INFO     	     ragingbolt protosynthesis    leftovers [calmmind, dracometeor, thunderbolt, thunderclap] ttype=fairy
INFO     	         deoxys     pressure      lifeorb [extremespeed, knockoff, psychoboost, superpower] ttype=dark
INFO     	        torkoal      drought heavydutyboots [lavaplume, rapidspin, stealthrock, yawn] ttype=grass
INFO     Sampling 2 unrevealed pokemon
INFO     	         swalot   liquidooze    leftovers [clearsmog, knockoff, sludgebomb, toxicspikes] ttype=dark
INFO     	     feraligatr   sheerforce      lifeorb [dragondance, icepunch, liquidation, trailblaze] ttype=grass
INFO     Sampling battle 8
INFO     	     ragingbolt protosynthesis boosterenergy [calmmind, dragonpulse, thunderbolt, thunderclap] ttype=electric
INFO     	         deoxys     pressure      lifeorb [icebeam, knockoff, psychoboost, superpower] ttype=dark
INFO     	        torkoal      drought heavydutyboots [earthquake, fireblast, solarbeam, stealthrock] ttype=grass
INFO     Sampling 2 unrevealed pokemon
INFO     	       virizion    justified      lifeorb [closecombat, leafblade, stoneedge, swordsdance] ttype=rock
INFO     	        weavile   pickpocket   choiceband [iceshard, knockoff, lowkick, tripleaxel] ttype=ice
INFO     Sampling battle 9
INFO     	     ragingbolt protosynthesis boosterenergy [calmmind, dragonpulse, thunderbolt, thunderclap] ttype=electric
INFO     	         deoxys     pressure      lifeorb [icebeam, knockoff, psychoboost, superpower] ttype=fighting
INFO     	        torkoal      drought heavydutyboots [earthquake, fireblast, solarbeam, stealthrock] ttype=grass
INFO     Sampling 2 unrevealed pokemon
INFO     	       camerupt    solidrock    leftovers [earthquake, overheat, stealthrock, willowisp] ttype=grass
INFO     	         zarude    leafguard  choicescarf [closecombat, knockoff, powerwhip, uturn] ttype=dark
INFO     Sampling battle 10
INFO     	     ragingbolt protosynthesis    leftovers [calmmind, dracometeor, thunderbolt, thunderclap] ttype=fairy
INFO     	         deoxys     pressure      lifeorb [icebeam, knockoff, psychoboost, superpower] ttype=fighting
INFO     	        torkoal      drought heavydutyboots [lavaplume, rapidspin, solarbeam, stealthrock] ttype=dragon
INFO     Sampling 2 unrevealed pokemon
INFO     	        delphox        blaze heavydutyboots [fireblast, focusblast, nastyplot, psyshock] ttype=fighting
INFO     	         kyogre      drizzle    leftovers [calmmind, icebeam, originpulse, thunder] ttype=dragon
INFO     Sampling battle 11
INFO     	     ragingbolt protosynthesis    leftovers [calmmind, dracometeor, thunderbolt, thunderclap] ttype=fairy
INFO     	         deoxys     pressure      lifeorb [icebeam, knockoff, psychoboost, superpower] ttype=dark
INFO     	        torkoal      drought heavydutyboots [lavaplume, solarbeam, stealthrock, yawn] ttype=grass
INFO     Sampling 2 unrevealed pokemon
INFO     	       swampert         damp    leftovers [earthquake, knockoff, stealthrock, yawn] ttype=poison
INFO     	          lokix   tintedlens silverpowder [firstimpression, knockoff, suckerpunch, uturn] ttype=bug
INFO     Sampling battle 12
INFO     	     ragingbolt protosynthesis    leftovers [calmmind, dracometeor, thunderbolt, thunderclap] ttype=electric
INFO     	         deoxys     pressure      lifeorb [icebeam, knockoff, psychoboost, superpower] ttype=dark
INFO     	        torkoal      drought heavydutyboots [lavaplume, solarbeam, stealthrock, yawn] ttype=grass
INFO     Sampling 2 unrevealed pokemon
INFO     	        luvdisc    swiftswim heavydutyboots [endeavor, substitute, surf, whirlpool] ttype=ghost
INFO     	       miraidon hadronengine      lifeorb [calmmind, dracometeor, dragonpulse, electrodrift] ttype=electric
INFO     Sampling battle 13
INFO     	     ragingbolt protosynthesis boosterenergy [calmmind, dragonpulse, thunderbolt, thunderclap] ttype=electric
INFO     	         deoxys     pressure      lifeorb [extremespeed, knockoff, psychoboost, superpower] ttype=dark
INFO     	        torkoal      drought heavydutyboots [lavaplume, rapidspin, solarbeam, stealthrock] ttype=dragon
INFO     Sampling 2 unrevealed pokemon
INFO     	        okidogi   toxicchain    leftovers [bulkup, drainpunch, gunkshot, knockoff] ttype=dark
INFO     	      mightyena   intimidate   choiceband [crunch, playrough, poisonfang, suckerpunch] ttype=poison
INFO     Sampling battle 14
INFO     	     ragingbolt protosynthesis    leftovers [calmmind, dracometeor, thunderbolt, thunderclap] ttype=electric
INFO     	         deoxys     pressure      lifeorb [extremespeed, knockoff, psychoboost, superpower] ttype=dark
INFO     	        torkoal      drought heavydutyboots [lavaplume, rapidspin, solarbeam, stealthrock] ttype=grass
INFO     Sampling 2 unrevealed pokemon
INFO     	      quaquaval        moxie    leftovers [aquastep, closecombat, rapidspin, roost] ttype=steel
INFO     	     ironthorns   quarkdrive  assaultvest [earthquake, stoneedge, voltswitch, wildcharge] ttype=water
INFO     Sampling battle 15
INFO     	     ragingbolt protosynthesis boosterenergy [calmmind, dragonpulse, thunderbolt, thunderclap] ttype=fairy
INFO     	         deoxys     pressure      lifeorb [icebeam, knockoff, psychoboost, superpower] ttype=psychic
INFO     	        torkoal      drought heavydutyboots [earthquake, lavaplume, solarbeam, stealthrock] ttype=grass
INFO     Sampling 2 unrevealed pokemon
INFO     	       indeedee psychicsurge      lifeorb [calmmind, dazzlinggleam, expandingforce, hypervoice] ttype=psychic
INFO     	       ribombee   shielddust    focussash [moonblast, stickyweb, stunspore, uturn] ttype=ghost
INFO     Searching for a move using MCTS...
INFO     Sampling 16 battles at 500ms each
INFO     Choice: ficklebeam
INFO     Updated ragingbolt's min speed to 121
INFO     ragingbolt used two different moves - it cannot have a choice item
INFO     ragingbolt used a dragon move, removing dragongem from possible items
INFO     Setting ragingbolt's last used move: dragonpulse
INFO     ragingbolt used a damaging move - not guessing lifeorb anymore
INFO     ragingbolt did 80.13% damage to hydrapple with dragonpulse
INFO     Weather none is active
INFO     Resetting weather source to None
INFO     Weather turns remaining: 5
INFO     Removing protosynthesisspa from ragingbolt
INFO     ragingbolt has less than maxhp during upkeep, no longer guessing leftovers or blacksludge
INFO     Removing ragingbolt's item: boosterenergy
INFO     Setting ragingbolt's removed item to boosterenergy
INFO     Setting ragingbolt's ability to protosynthesis
INFO     Starting the volatile status protosynthesisspa on ragingbolt
INFO     loaded 5 player and 0 effective opponent priors
INFO     Sampling battle 0
INFO     	     ragingbolt protosynthesis         None [calmmind, dragonpulse, thunderbolt, thunderclap] ttype=fairy
INFO     	         deoxys     pressure      lifeorb [icebeam, knockoff, psychoboost, superpower] ttype=psychic
INFO     	        torkoal      drought heavydutyboots [lavaplume, solarbeam, stealthrock, yawn] ttype=grass
INFO     Sampling 2 unrevealed pokemon
INFO     	     copperajah   sheerforce      lifeorb [ironhead, playrough, rockslide, stealthrock] ttype=fairy
INFO     	       virizion    justified      lifeorb [closecombat, leafblade, stoneedge, swordsdance] ttype=rock
INFO     Sampling battle 1
INFO     	     ragingbolt protosynthesis         None [calmmind, dragonpulse, thunderbolt, thunderclap] ttype=electric
INFO     	         deoxys     pressure      lifeorb [extremespeed, knockoff, psychoboost, superpower] ttype=normal
INFO     	        torkoal      drought heavydutyboots [lavaplume, solarbeam, stealthrock, yawn] ttype=grass
INFO     Sampling 2 unrevealed pokemon
INFO     	        volbeat    prankster heavydutyboots [encore, roost, thunderwave, uturn] ttype=water
INFO     	       porygonz adaptability      lifeorb [icebeam, nastyplot, thunderbolt, triattack] ttype=electric
INFO     Sampling battle 2
INFO     	     ragingbolt protosynthesis         None [calmmind, dragonpulse, thunderbolt, thunderclap] ttype=electric
INFO     	         deoxys     pressure      lifeorb [icebeam, knockoff, psychoboost, superpower] ttype=psychic
INFO     	        torkoal      drought heavydutyboots [lavaplume, solarbeam, stealthrock, yawn] ttype=grass
INFO     Sampling 2 unrevealed pokemon
INFO     	        yanmega   speedboost heavydutyboots [airslash, bugbuzz, protect, terablast] ttype=ground
INFO     	       camerupt    solidrock    leftovers [earthquake, overheat, roar, willowisp] ttype=grass
INFO     Sampling battle 3
INFO     	     ragingbolt protosynthesis         None [calmmind, dragonpulse, thunderbolt, thunderclap] ttype=electric
INFO     	         deoxys     pressure      lifeorb [extremespeed, knockoff, psychoboost, superpower] ttype=dark
INFO     	        torkoal      drought heavydutyboots [lavaplume, solarbeam, stealthrock, yawn] ttype=grass
INFO     Sampling 2 unrevealed pokemon
INFO     	       virizion    justified      lifeorb [closecombat, leafblade, stoneedge, swordsdance] ttype=rock
INFO     	      farigiraf    sapsipper    leftovers [bodyslam, protect, psychicnoise, wish] ttype=fairy
INFO     Sampling battle 4
INFO     	     ragingbolt protosynthesis         None [calmmind, dragonpulse, thunderbolt, thunderclap] ttype=fairy
INFO     	         deoxys     pressure      lifeorb [icebeam, knockoff, psychoboost, superpower] ttype=psychic
INFO     	        torkoal      drought heavydutyboots [lavaplume, rapidspin, solarbeam, stealthrock] ttype=grass
INFO     Sampling 2 unrevealed pokemon
INFO     	        calyrex      unnerve    leftovers [calmmind, encore, gigadrain, psychic] ttype=steel
INFO     	       alcremie    aromaveil    leftovers [alluringvoice, calmmind, recover, terablast] ttype=ground
INFO     Sampling battle 5
INFO     	     ragingbolt protosynthesis         None [calmmind, dragonpulse, thunderbolt, thunderclap] ttype=fairy
INFO     	         deoxys     pressure      lifeorb [extremespeed, knockoff, psychoboost, superpower] ttype=dark
INFO     	        torkoal      drought heavydutyboots [earthquake, fireblast, solarbeam, stealthrock] ttype=grass
INFO     Sampling 2 unrevealed pokemon
INFO     	   dugtrioalola tanglinghair      lifeorb [earthquake, ironhead, stealthrock, suckerpunch] ttype=ground
INFO     	    roaringmoon protosynthesis     lumberry [dragondance, earthquake, knockoff, outrage] ttype=ground
INFO     Sampling battle 6
INFO     	     ragingbolt protosynthesis         None [calmmind, dragonpulse, thunderbolt, thunderclap] ttype=fairy
INFO     	         deoxys     pressure      lifeorb [extremespeed, knockoff, psychoboost, superpower] ttype=fighting
INFO     	        torkoal      drought heavydutyboots [lavaplume, rapidspin, solarbeam, stealthrock] ttype=dragon
INFO     Sampling 2 unrevealed pokemon
INFO     	taurospaldeablaze   intimidate   choiceband [closecombat, flareblitz, stoneedge, wildcharge] ttype=fighting
INFO     	    brutebonnet protosynthesis    leftovers [crunch, seedbomb, spore, suckerpunch] ttype=poison
INFO     Sampling battle 7
INFO     	     ragingbolt protosynthesis         None [calmmind, dragonpulse, thunderbolt, thunderclap] ttype=fairy
INFO     	         deoxys     pressure      lifeorb [icebeam, knockoff, psychoboost, superpower] ttype=dark
INFO     	        torkoal      drought heavydutyboots [lavaplume, rapidspin, stealthrock, yawn] ttype=grass
INFO     Sampling 2 unrevealed pokemon
INFO     	       articuno     pressure heavydutyboots [bravebird, freezedry, roost, substitute] ttype=ground
INFO     	        sylveon     pixilate    leftovers [calmmind, hypervoice, protect, wish] ttype=steel
INFO     Sampling battle 8
INFO     	     ragingbolt protosynthesis         None [calmmind, dragonpulse, thunderbolt, thunderclap] ttype=fairy
INFO     	         deoxys     pressure      lifeorb [icebeam, knockoff, psychoboost, superpower] ttype=fighting
INFO     	        torkoal      drought heavydutyboots [lavaplume, rapidspin, stealthrock, yawn] ttype=grass
INFO     Sampling 2 unrevealed pokemon
INFO     	         glalie   innerfocus heavydutyboots [earthquake, freezedry, spikes, taunt] ttype=ground
INFO     	    zapdosgalar      defiant   choiceband [bravebird, closecombat, knockoff, uturn] ttype=fighting
INFO     Sampling battle 9
INFO     	     ragingbolt protosynthesis         None [calmmind, dragonpulse, thunderbolt, thunderclap] ttype=fairy
INFO     	         deoxys     pressure      lifeorb [icebeam, knockoff, psychoboost, superpower] ttype=dark
INFO     	        torkoal      drought heavydutyboots [lavaplume, solarbeam, stealthrock, yawn] ttype=grass
INFO     Sampling 2 unrevealed pokemon
INFO     	   palkiaorigin     pressure lustrousglobe [dracometeor, fireblast, hydropump, thunderwave] ttype=fire
INFO     	        pikachu lightningrod    lightball [knockoff, surf, voltswitch, volttackle] ttype=water
INFO     Sampling battle 10
INFO     	     ragingbolt protosynthesis         None [calmmind, dragonpulse, thunderbolt, thunderclap] ttype=electric
INFO     	         deoxys     pressure      lifeorb [extremespeed, knockoff, psychoboost, superpower] ttype=dark
INFO     	        torkoal      drought heavydutyboots [lavaplume, rapidspin, solarbeam, stealthrock] ttype=grass
INFO     Sampling 2 unrevealed pokemon
INFO     	        falinks      defiant      lifeorb [closecombat, ironhead, knockoff, noretreat] ttype=dark
INFO     	      araquanid  waterbubble heavydutyboots [hydropump, leechlife, liquidation, stickyweb] ttype=water
INFO     Sampling battle 11
INFO     	     ragingbolt protosynthesis         None [calmmind, dragonpulse, thunderbolt, thunderclap] ttype=electric
INFO     	         deoxys     pressure      lifeorb [extremespeed, knockoff, psychoboost, superpower] ttype=fighting
INFO     	        torkoal      drought heavydutyboots [lavaplume, rapidspin, stealthrock, yawn] ttype=grass
INFO     Sampling 2 unrevealed pokemon
INFO     	        donphan       sturdy    leftovers [earthquake, knockoff, rapidspin, stealthrock] ttype=water
INFO     	      primarina      torrent    leftovers [calmmind, drainingkiss, psychic, sparklingaria] ttype=fairy
INFO     Sampling battle 12
INFO     	     ragingbolt protosynthesis         None [calmmind, dragonpulse, thunderbolt, thunderclap] ttype=electric
INFO     	         deoxys     pressure      lifeorb [icebeam, knockoff, psychoboost, superpower] ttype=fighting
INFO     	        torkoal      drought heavydutyboots [lavaplume, rapidspin, solarbeam, stealthrock] ttype=grass
INFO     Sampling 2 unrevealed pokemon
INFO     	        manaphy    hydration    leftovers [energyball, hydropump, icebeam, tailglow] ttype=water
INFO     	        spidops     stakeout heavydutyboots [circlethrow, knockoff, spikes, stickyweb] ttype=ghost
INFO     Sampling battle 13
INFO     	     ragingbolt protosynthesis         None [calmmind, dragonpulse, thunderbolt, thunderclap] ttype=fairy
INFO     	         deoxys     pressure      lifeorb [extremespeed, knockoff, psychoboost, superpower] ttype=dark
INFO     	        torkoal      drought heavydutyboots [fireblast, rapidspin, solarbeam, stealthrock] ttype=grass
INFO     Sampling 2 unrevealed pokemon
INFO     	 arceusfighting    multitype    fistplate [bodypress, irondefense, recover, shadowball] ttype=steel
INFO     	       appletun     thickfat    leftovers [appleacid, dragonpulse, dragontail, recover] ttype=steel
INFO     Sampling battle 14
INFO     	     ragingbolt protosynthesis         None [calmmind, dragonpulse, thunderbolt, thunderclap] ttype=fairy
INFO     	         deoxys     pressure      lifeorb [extremespeed, knockoff, psychoboost, superpower] ttype=fighting
INFO     	        torkoal      drought heavydutyboots [lavaplume, rapidspin, stealthrock, yawn] ttype=dragon
INFO     Sampling 2 unrevealed pokemon
INFO     	        umbreon  synchronize    leftovers [foulplay, protect, toxic, wish] ttype=poison
INFO     	 ninetalesalola  snowwarning    lightclay [auroraveil, blizzard, moonblast, nastyplot] ttype=steel
INFO     Sampling battle 15
INFO     	     ragingbolt protosynthesis         None [calmmind, dragonpulse, thunderbolt, thunderclap] ttype=fairy
INFO     	         deoxys     pressure      lifeorb [extremespeed, knockoff, psychoboost, superpower] ttype=psychic
INFO     	        torkoal      drought heavydutyboots [lavaplume, rapidspin, solarbeam, stealthrock] ttype=dragon
INFO     Sampling 2 unrevealed pokemon
INFO     	       floatzel    waterveil    leftovers [bulkup, icespinner, taunt, wavecrash] ttype=steel
INFO     	       dusknoir        frisk   choiceband [leechlife, poltergeist, shadowsneak, trick] ttype=ghost
INFO     Searching for a move using MCTS...
INFO     Sampling 16 battles at 500ms each
INFO     Choice: switch ariados
INFO     ariados switched in, adding intimidate to impossible abilities
INFO     ariados switched in, adding pressure to impossible abilities
INFO     ariados switched in, adding neutralizinggas to impossible abilities
INFO     ariados switched in, adding sandstream to impossible abilities
INFO     ariados switched in, adding drought to impossible abilities
INFO     ariados switched in, adding drizzle to impossible abilities
INFO     ariados switched in, adding snowwarning to impossible abilities
INFO     ariados switched in, adding boosterenergy to impossible items
INFO     ariados switched in, adding airballoon to impossible items
INFO     
INFO     Turn: 8
INFO     loaded 12 player and 0 effective opponent priors
INFO     Sampling battle 0
INFO     	     ragingbolt protosynthesis         None [calmmind, dragonpulse, thunderbolt, thunderclap] ttype=fairy
INFO     	         deoxys     pressure      lifeorb [extremespeed, knockoff, psychoboost, superpower] ttype=dark
INFO     	        torkoal      drought heavydutyboots [lavaplume, solarbeam, stealthrock, yawn] ttype=grass
INFO     Sampling 2 unrevealed pokemon
INFO     	        groudon      drought    leftovers [heatcrash, precipiceblades, spikes, thunderwave] ttype=fire
INFO     	  qwilfishhisui   intimidate     eviolite [crunch, gunkshot, spikes, taunt] ttype=poison
INFO     Sampling battle 1
INFO     	     ragingbolt protosynthesis         None [calmmind, dragonpulse, thunderbolt, thunderclap] ttype=fairy
INFO     	         deoxys     pressure      lifeorb [extremespeed, knockoff, psychoboost, superpower] ttype=normal
INFO     	        torkoal      drought heavydutyboots [fireblast, solarbeam, stealthrock, yawn] ttype=grass
INFO     Sampling 2 unrevealed pokemon
INFO     	        bisharp      defiant     eviolite [ironhead, stealthrock, suckerpunch, throatchop] ttype=ghost
INFO     	       sawsbuck    sapsipper      lifeorb [doubleedge, highhorsepower, hornleech, swordsdance] ttype=normal
INFO     Sampling battle 2
INFO     	     ragingbolt protosynthesis         None [calmmind, dragonpulse, thunderbolt, thunderclap] ttype=electric
INFO     	         deoxys     pressure      lifeorb [icebeam, knockoff, psychoboost, superpower] ttype=fighting
INFO     	        torkoal      drought heavydutyboots [earthquake, fireblast, solarbeam, stealthrock] ttype=grass
INFO     Sampling 2 unrevealed pokemon
INFO     	taurospaldeablaze   intimidate   choiceband [closecombat, flareblitz, stoneedge, wildcharge] ttype=fighting
INFO     	      mismagius     levitate  choicespecs [dazzlinggleam, shadowball, thunderbolt, trick] ttype=ghost
INFO     Sampling battle 3
INFO     	     ragingbolt protosynthesis         None [calmmind, dragonpulse, thunderbolt, thunderclap] ttype=electric
INFO     	         deoxys     pressure      lifeorb [icebeam, knockoff, psychoboost, superpower] ttype=dark
INFO     	        torkoal      drought heavydutyboots [lavaplume, rapidspin, solarbeam, stealthrock] ttype=grass
INFO     Sampling 2 unrevealed pokemon
INFO     	       glimmora  toxicdebris    powerherb [earthpower, energyball, meteorbeam, sludgewave] ttype=grass
INFO     	      meowsticf  competitive      lifeorb [darkpulse, nastyplot, psychic, thunderbolt] ttype=dark
INFO     Sampling battle 4
INFO     	     ragingbolt protosynthesis         None [calmmind, dragonpulse, thunderbolt, thunderclap] ttype=electric
INFO     	         deoxys     pressure      lifeorb [extremespeed, knockoff, psychoboost, superpower] ttype=normal
INFO     	        torkoal      drought heavydutyboots [lavaplume, solarbeam, stealthrock, yawn] ttype=grass
INFO     Sampling 2 unrevealed pokemon
INFO     	       alcremie    aromaveil    leftovers [alluringvoice, calmmind, psyshock, recover] ttype=poison
INFO     	       dragalge adaptability  assaultvest [dracometeor, dragontail, focusblast, sludgewave] ttype=fighting
INFO     Sampling battle 5
INFO     	     ragingbolt protosynthesis         None [calmmind, dragonpulse, thunderbolt, thunderclap] ttype=fairy
INFO     	         deoxys     pressure      lifeorb [extremespeed, knockoff, psychoboost, superpower] ttype=normal
INFO     	        torkoal      drought heavydutyboots [lavaplume, rapidspin, stealthrock, yawn] ttype=grass
INFO     Sampling 2 unrevealed pokemon
INFO     	       swampert         damp    leftovers [earthquake, icebeam, knockoff, roar] ttype=poison
INFO     	     rotomfrost     levitate heavydutyboots [blizzard, nastyplot, thunderbolt, willowisp] ttype=electric
INFO     Sampling battle 6
INFO     	     ragingbolt protosynthesis         None [calmmind, dragonpulse, thunderbolt, thunderclap] ttype=electric
INFO     	         deoxys     pressure      lifeorb [extremespeed, knockoff, psychoboost, superpower] ttype=normal
INFO     	        torkoal      drought heavydutyboots [lavaplume, rapidspin, solarbeam, stealthrock] ttype=grass
INFO     Sampling 2 unrevealed pokemon
INFO     	      duraludon   lightmetal     eviolite [bodypress, dracometeor, flashcannon, thunderwave] ttype=fighting
INFO     	       cloyster    skilllink    whiteherb [hydropump, iciclespear, rockblast, shellsmash] ttype=rock
INFO     Sampling battle 7
INFO     	     ragingbolt protosynthesis         None [calmmind, dragonpulse, thunderbolt, thunderclap] ttype=fairy
INFO     	         deoxys     pressure      lifeorb [extremespeed, knockoff, psychoboost, superpower] ttype=fighting
INFO     	        torkoal      drought heavydutyboots [fireblast, solarbeam, stealthrock, yawn] ttype=grass
INFO     Sampling 2 unrevealed pokemon
INFO     	       sunflora  chlorophyll      lifeorb [earthpower, solarbeam, sunnyday, weatherball] ttype=fire
INFO     	      rotomwash     levitate  choicescarf [hydropump, thunderbolt, trick, voltswitch] ttype=steel
INFO     Sampling battle 8
INFO     	     ragingbolt protosynthesis         None [calmmind, dragonpulse, thunderbolt, thunderclap] ttype=electric
INFO     	         deoxys     pressure      lifeorb [extremespeed, knockoff, psychoboost, superpower] ttype=fighting
INFO     	        torkoal      drought heavydutyboots [lavaplume, rapidspin, solarbeam, stealthrock] ttype=dragon
INFO     Sampling 2 unrevealed pokemon
INFO     	 arceusfighting    multitype    fistplate [bodypress, cosmicpower, recover, storedpower] ttype=steel
INFO     	      ninetales      drought heavydutyboots [fireblast, nastyplot, scorchingsands, solarbeam] ttype=fire
INFO     Sampling battle 9
INFO     	     ragingbolt protosynthesis         None [calmmind, dragonpulse, thunderbolt, thunderclap] ttype=fairy
INFO     	         deoxys     pressure      lifeorb [icebeam, knockoff, psychoboost, superpower] ttype=dark
INFO     	        torkoal      drought heavydutyboots [lavaplume, rapidspin, stealthrock, yawn] ttype=grass
INFO     Sampling 2 unrevealed pokemon
INFO     	         emboar     reckless  assaultvest [closecombat, flareblitz, scald, wildcharge] ttype=water
INFO     	  samurotthisui    sharpness   choiceband [ceaselessedge, flipturn, razorshell, suckerpunch] ttype=water
INFO     Sampling battle 10
INFO     	     ragingbolt protosynthesis         None [calmmind, dragonpulse, thunderbolt, thunderclap] ttype=electric
INFO     	         deoxys     pressure      lifeorb [icebeam, knockoff, psychoboost, superpower] ttype=dark
INFO     	        torkoal      drought heavydutyboots [lavaplume, rapidspin, solarbeam, stealthrock] ttype=grass
INFO     Sampling 2 unrevealed pokemon
INFO     	       reshiram   turboblaze heavydutyboots [dragondance, flareblitz, outrage, stoneedge] ttype=dragon
INFO     	       ribombee   shielddust heavydutyboots [bugbuzz, moonblast, quiverdance, terablast] ttype=ground
INFO     Sampling battle 11
INFO     	     ragingbolt protosynthesis         None [calmmind, dragonpulse, thunderbolt, thunderclap] ttype=fairy
INFO     	         deoxys     pressure      lifeorb [extremespeed, knockoff, psychoboost, superpower] ttype=psychic
INFO     	        torkoal      drought heavydutyboots [lavaplume, rapidspin, solarbeam, stealthrock] ttype=grass
INFO     Sampling 2 unrevealed pokemon
INFO     	      volcarona    flamebody heavydutyboots [fierydance, gigadrain, quiverdance, terablast] ttype=ground
INFO     	  zaciancrowned intrepidsword  rustedsword [behemothblade, closecombat, playrough, swordsdance] ttype=fighting
INFO     Sampling battle 12
INFO     	     ragingbolt protosynthesis         None [calmmind, dragonpulse, thunderbolt, thunderclap] ttype=fairy
INFO     	         deoxys     pressure      lifeorb [icebeam, knockoff, psychoboost, superpower] ttype=dark
INFO     	        torkoal      drought heavydutyboots [lavaplume, rapidspin, stealthrock, yawn] ttype=grass
INFO     Sampling 2 unrevealed pokemon
INFO     	        snorlax     thickfat    leftovers [bodyslam, curse, rest, sleeptalk] ttype=poison
INFO     	taurospaldeacombat   intimidate      lifeorb [bulkup, closecombat, ironhead, throatchop] ttype=dark
INFO     Sampling battle 13
INFO     	     ragingbolt protosynthesis         None [calmmind, dragonpulse, thunderbolt, thunderclap] ttype=electric
INFO     	         deoxys     pressure      lifeorb [icebeam, knockoff, psychoboost, superpower] ttype=dark
INFO     	        torkoal      drought heavydutyboots [lavaplume, rapidspin, solarbeam, stealthrock] ttype=grass
INFO     Sampling 2 unrevealed pokemon
INFO     	          arbok   intimidate      lifeorb [gunkshot, knockoff, suckerpunch, toxicspikes] ttype=dark
INFO     	         latios     levitate      souldew [aurasphere, dracometeor, lusterpurge, recover] ttype=steel
INFO     Sampling battle 14
INFO     	     ragingbolt protosynthesis         None [calmmind, dragonpulse, thunderbolt, thunderclap] ttype=electric
INFO     	         deoxys     pressure      lifeorb [extremespeed, knockoff, psychoboost, superpower] ttype=psychic
INFO     	        torkoal      drought heavydutyboots [lavaplume, rapidspin, solarbeam, stealthrock] ttype=dragon
INFO     Sampling 2 unrevealed pokemon
INFO     	     toedscruel myceliummight  assaultvest [earthpower, knockoff, leafstorm, rapidspin] ttype=water
INFO     	      zamazenta dauntlessshield    leftovers [bodypress, crunch, irondefense, ironhead] ttype=fighting
INFO     Sampling battle 15
INFO     	     ragingbolt protosynthesis         None [calmmind, dragonpulse, thunderbolt, thunderclap] ttype=electric
INFO     	         deoxys     pressure      lifeorb [extremespeed, knockoff, psychoboost, superpower] ttype=normal
INFO     	        torkoal      drought heavydutyboots [earthquake, fireblast, solarbeam, stealthrock] ttype=grass
INFO     Sampling 2 unrevealed pokemon
INFO     	       drifblim    aftermath heavydutyboots [airslash, defog, shadowball, strengthsap] ttype=steel
INFO     	       quagsire      unaware    leftovers [earthquake, recover, spikes, toxic] ttype=fairy
INFO     Searching for a move using MCTS...
INFO     Sampling 16 battles at 500ms each
INFO     Choice: poisonjab
INFO     Updated ragingbolt's min speed to 130
INFO     ragingbolt used two different moves - it cannot have a choice item
INFO     ragingbolt used a electric move, removing electricgem from possible items
INFO     Setting ragingbolt's last used move: thunderbolt
INFO     ragingbolt used a damaging move - not guessing lifeorb anymore
INFO     ragingbolt did 80.84% damage to ariados with thunderbolt
INFO     ariados already has the move poisonjab. Decrementing the PP by 1
INFO     ariados used a poison move, removing poisongem from possible items
INFO     Setting ariados's last used move: poisonjab
INFO     ariados used a damaging move - not guessing lifeorb anymore
INFO     ariados did 31.0% damage to ragingbolt with poisonjab
INFO     ragingbolt got status: psn
INFO     No longer guessing lumberry because ragingbolt got status psn
INFO     Removing protosynthesisspa from ragingbolt
INFO     ragingbolt has less than maxhp during upkeep, no longer guessing leftovers or blacksludge
INFO     Opponent has switched - clearing the last used move
INFO     pelipper switched in, adding intimidate to impossible abilities
INFO     pelipper switched in, adding pressure to impossible abilities
INFO     pelipper switched in, adding neutralizinggas to impossible abilities
INFO     pelipper switched in, adding sandstream to impossible abilities
INFO     pelipper switched in, adding drought to impossible abilities
INFO     pelipper switched in, adding drizzle to impossible abilities
INFO     pelipper switched in, adding snowwarning to impossible abilities
INFO     pelipper switched in, adding boosterenergy to impossible items
INFO     pelipper switched in, adding airballoon to impossible items
INFO     Weather raindance is active
INFO     Weather turns remaining: 5
INFO     Setting pelipper ability to drizzle
INFO     
INFO     Turn: 9
INFO     loaded 12 player and 0 effective opponent priors
INFO     Sampling battle 0
INFO     	       pelipper      drizzle heavydutyboots [hurricane, hydropump, roost, uturn] ttype=water
INFO     	         deoxys     pressure      lifeorb [extremespeed, knockoff, psychoboost, superpower] ttype=psychic
INFO     	        torkoal      drought heavydutyboots [fireblast, rapidspin, solarbeam, stealthrock] ttype=grass
INFO     Sampling 1 unrevealed pokemon
INFO     	       tsareena queenlymajesty  choicescarf [highjumpkick, knockoff, powerwhip, uturn] ttype=fighting
INFO     Sampling battle 1
INFO     	       pelipper      drizzle heavydutyboots [hurricane, knockoff, roost, surf] ttype=water
INFO     	         deoxys     pressure      lifeorb [extremespeed, knockoff, psychoboost, superpower] ttype=dark
INFO     	        torkoal      drought heavydutyboots [lavaplume, rapidspin, solarbeam, stealthrock] ttype=dragon
INFO     Sampling 1 unrevealed pokemon
INFO     	      zebstrika    sapsipper      lifeorb [highhorsepower, overheat, supercellslam, voltswitch] ttype=ground
INFO     Sampling battle 2
INFO     	       pelipper      drizzle  choicespecs [hurricane, hydropump, uturn, weatherball] ttype=water
INFO     	         deoxys     pressure      lifeorb [extremespeed, knockoff, psychoboost, superpower] ttype=fighting
INFO     	        torkoal      drought heavydutyboots [lavaplume, solarbeam, stealthrock, yawn] ttype=grass
INFO     Sampling 1 unrevealed pokemon
INFO     	       swampert      torrent    leftovers [earthquake, flipturn, icebeam, stealthrock] ttype=steel
INFO     Sampling battle 3
INFO     	       pelipper      drizzle  choicespecs [hurricane, hydropump, uturn, weatherball] ttype=water
INFO     	         deoxys     pressure      lifeorb [extremespeed, knockoff, psychoboost, superpower] ttype=psychic
INFO     	        torkoal      drought heavydutyboots [lavaplume, rapidspin, solarbeam, stealthrock] ttype=grass
INFO     Sampling 1 unrevealed pokemon
INFO     	    ironvaliant   quarkdrive      lifeorb [calmmind, closecombat, moonblast, psychic] ttype=fighting
INFO     Sampling battle 4
INFO     	       pelipper      drizzle  choicespecs [hurricane, hydropump, uturn, weatherball] ttype=flying
INFO     	         deoxys     pressure      lifeorb [extremespeed, knockoff, psychoboost, superpower] ttype=psychic
INFO     	        torkoal      drought heavydutyboots [lavaplume, solarbeam, stealthrock, yawn] ttype=grass
INFO     Sampling 1 unrevealed pokemon
INFO     	     ironleaves   quarkdrive      lifeorb [closecombat, leafblade, psyblade, swordsdance] ttype=fighting
INFO     Sampling battle 5
INFO     	       pelipper      drizzle  choicespecs [hurricane, hydropump, uturn, weatherball] ttype=water
INFO     	         deoxys     pressure      lifeorb [extremespeed, knockoff, psychoboost, superpower] ttype=dark
INFO     	        torkoal      drought heavydutyboots [lavaplume, rapidspin, solarbeam, stealthrock] ttype=dragon
INFO     Sampling 1 unrevealed pokemon
INFO     	      hitmontop   intimidate  assaultvest [closecombat, earthquake, rapidspin, suckerpunch] ttype=steel
INFO     Sampling battle 6
INFO     	       pelipper      drizzle heavydutyboots [hurricane, knockoff, roost, surf] ttype=water
INFO     	         deoxys     pressure      lifeorb [icebeam, knockoff, psychoboost, superpower] ttype=dark
INFO     	        torkoal      drought heavydutyboots [lavaplume, solarbeam, stealthrock, yawn] ttype=grass
INFO     Sampling 1 unrevealed pokemon
INFO     	     screamtail protosynthesis    leftovers [dazzlinggleam, encore, protect, wish] ttype=poison
INFO     Sampling battle 7
INFO     	       pelipper      drizzle heavydutyboots [hurricane, roost, surf, uturn] ttype=water
INFO     	         deoxys     pressure      lifeorb [icebeam, knockoff, psychoboost, superpower] ttype=fighting
INFO     	        torkoal      drought heavydutyboots [earthquake, fireblast, solarbeam, stealthrock] ttype=grass
INFO     Sampling 1 unrevealed pokemon
INFO     	       rotomfan     levitate heavydutyboots [airslash, thunderbolt, voltswitch, willowisp] ttype=electric
INFO     Sampling battle 8
INFO     	       pelipper      drizzle heavydutyboots [hurricane, roost, surf, uturn] ttype=ground
INFO     	         deoxys     pressure      lifeorb [extremespeed, knockoff, psychoboost, superpower] ttype=normal
INFO     	        torkoal      drought heavydutyboots [lavaplume, rapidspin, solarbeam, stealthrock] ttype=grass
INFO     Sampling 1 unrevealed pokemon
INFO     	      ceruledge    weakarmor heavydutyboots [bitterblade, poltergeist, shadowsneak, swordsdance] ttype=ghost
INFO     Sampling battle 9
INFO     	       pelipper      drizzle  choicespecs [hurricane, hydropump, uturn, weatherball] ttype=flying
INFO     	         deoxys     pressure      lifeorb [extremespeed, knockoff, psychoboost, superpower] ttype=dark
INFO     	        torkoal      drought heavydutyboots [lavaplume, rapidspin, solarbeam, stealthrock] ttype=grass
INFO     Sampling 1 unrevealed pokemon
INFO     	   lycanrocdusk   toughclaws      lifeorb [accelerock, closecombat, stoneedge, swordsdance] ttype=fighting
INFO     Sampling battle 10
INFO     	       pelipper      drizzle  choicespecs [hurricane, hydropump, uturn, weatherball] ttype=water
INFO     	         deoxys     pressure      lifeorb [extremespeed, knockoff, psychoboost, superpower] ttype=normal
INFO     	        torkoal      drought heavydutyboots [lavaplume, solarbeam, stealthrock, yawn] ttype=grass
INFO     Sampling 1 unrevealed pokemon
INFO     	       hawlucha     unburden    whiteherb [acrobatics, bravebird, closecombat, swordsdance] ttype=fighting
INFO     Sampling battle 11
INFO     	       pelipper      drizzle  choicespecs [hurricane, hydropump, uturn, weatherball] ttype=flying
INFO     	         deoxys     pressure      lifeorb [extremespeed, knockoff, psychoboost, superpower] ttype=psychic
INFO     	        torkoal      drought heavydutyboots [lavaplume, rapidspin, solarbeam, stealthrock] ttype=grass
INFO     Sampling 1 unrevealed pokemon
INFO     	       ribombee   shielddust heavydutyboots [bugbuzz, moonblast, stickyweb, stunspore] ttype=ghost
INFO     Sampling battle 12
INFO     	       pelipper      drizzle  choicespecs [hurricane, hydropump, uturn, weatherball] ttype=flying
INFO     	         deoxys     pressure      lifeorb [icebeam, knockoff, psychoboost, superpower] ttype=psychic
INFO     	        torkoal      drought heavydutyboots [lavaplume, rapidspin, stealthrock, yawn] ttype=dragon
INFO     Sampling 1 unrevealed pokemon
INFO     	      coalossal    flamebody heavydutyboots [flamethrower, rapidspin, stoneedge, willowisp] ttype=water
INFO     Sampling battle 13
INFO     	       pelipper      drizzle  choicespecs [hurricane, hydropump, uturn, weatherball] ttype=flying
INFO     	         deoxys     pressure      lifeorb [icebeam, knockoff, psychoboost, superpower] ttype=fighting
INFO     	        torkoal      drought heavydutyboots [lavaplume, rapidspin, solarbeam, stealthrock] ttype=dragon
INFO     Sampling 1 unrevealed pokemon
INFO     	        jolteon   voltabsorb    leftovers [calmmind, substitute, terablast, thunderbolt] ttype=ice
INFO     Sampling battle 14
INFO     	       pelipper      drizzle heavydutyboots [hurricane, roost, surf, uturn] ttype=water
INFO     	         deoxys     pressure      lifeorb [icebeam, knockoff, psychoboost, superpower] ttype=psychic
INFO     	        torkoal      drought heavydutyboots [fireblast, rapidspin, solarbeam, stealthrock] ttype=grass
INFO     Sampling 1 unrevealed pokemon
INFO     	      mamoswine     thickfat   choiceband [earthquake, iceshard, iciclecrash, knockoff] ttype=ice
INFO     Sampling battle 15
INFO     	       pelipper      drizzle  choicespecs [hurricane, hydropump, uturn, weatherball] ttype=water
INFO     	         deoxys     pressure      lifeorb [icebeam, knockoff, psychoboost, superpower] ttype=psychic
INFO     	        torkoal      drought heavydutyboots [lavaplume, solarbeam, stealthrock, yawn] ttype=grass
INFO     Sampling 1 unrevealed pokemon
INFO     	 oricoriopompom       dancer heavydutyboots [hurricane, quiverdance, revelationdance, roost] ttype=ground
INFO     Searching for a move using MCTS...
INFO     Sampling 16 battles at 500ms each
INFO     Choice: poisonjab
INFO     Updated pelipper's min speed to 130
INFO     pelipper used a flying move, removing flyinggem from possible items
INFO     Setting pelipper's last used move: hurricane
INFO     pelipper used a damaging move - not guessing lifeorb anymore
INFO     pelipper did 19.16% damage to ariados with hurricane
INFO     Weather raindance is active
INFO     Weather turns remaining: 4
INFO     loaded 4 player and 0 effective opponent priors
INFO     Sampling battle 0
INFO     	       pelipper      drizzle  choicespecs [hurricane, hydropump, uturn, weatherball] ttype=water
INFO     	         deoxys     pressure      lifeorb [icebeam, knockoff, psychoboost, superpower] ttype=dark
INFO     	        torkoal      drought heavydutyboots [lavaplume, solarbeam, stealthrock, yawn] ttype=grass
INFO     Sampling 1 unrevealed pokemon
INFO     	squawkabillyblue         guts     flameorb [bravebird, facade, protect, quickattack] ttype=normal
INFO     Sampling battle 1
INFO     	       pelipper      drizzle  choicespecs [hurricane, hydropump, uturn, weatherball] ttype=flying
INFO     	         deoxys     pressure      lifeorb [icebeam, knockoff, psychoboost, superpower] ttype=dark
INFO     	        torkoal      drought heavydutyboots [lavaplume, rapidspin, stealthrock, yawn] ttype=dragon
INFO     Sampling 1 unrevealed pokemon
INFO     	         kommoo   soundproof   loadeddice [closecombat, ironhead, scaleshot, swordsdance] ttype=steel
INFO     Sampling battle 2
INFO     	       pelipper      drizzle heavydutyboots [hurricane, hydropump, knockoff, roost] ttype=ground
INFO     	         deoxys     pressure      lifeorb [extremespeed, knockoff, psychoboost, superpower] ttype=normal
INFO     	        torkoal      drought heavydutyboots [lavaplume, solarbeam, stealthrock, yawn] ttype=dragon
INFO     Sampling 1 unrevealed pokemon
INFO     	       politoed      drizzle  choicespecs [focusblast, hydropump, icebeam, weatherball] ttype=water
INFO     Sampling battle 3
INFO     	       pelipper      drizzle  choicespecs [hurricane, hydropump, uturn, weatherball] ttype=water
INFO     	         deoxys     pressure      lifeorb [icebeam, knockoff, psychoboost, superpower] ttype=psychic
INFO     	        torkoal      drought heavydutyboots [fireblast, rapidspin, solarbeam, stealthrock] ttype=grass
INFO     Sampling 1 unrevealed pokemon
INFO     	         pyroar      unnerve heavydutyboots [darkpulse, fireblast, hypervoice, taunt] ttype=fire
INFO     Sampling battle 4
INFO     	       pelipper      drizzle heavydutyboots [hurricane, knockoff, roost, surf] ttype=ground
INFO     	         deoxys     pressure      lifeorb [icebeam, knockoff, psychoboost, superpower] ttype=psychic
INFO     	        torkoal      drought heavydutyboots [lavaplume, solarbeam, stealthrock, yawn] ttype=dragon
INFO     Sampling 1 unrevealed pokemon
INFO     	     grimmsnarl    prankster    lightclay [lightscreen, reflect, spiritbreak, thunderwave] ttype=steel
INFO     Sampling battle 5
INFO     	       pelipper      drizzle heavydutyboots [hurricane, hydropump, knockoff, roost] ttype=ground
INFO     	         deoxys     pressure      lifeorb [extremespeed, knockoff, psychoboost, superpower] ttype=dark
INFO     	        torkoal      drought heavydutyboots [earthquake, lavaplume, solarbeam, stealthrock] ttype=grass
INFO     Sampling 1 unrevealed pokemon
INFO     	urshifurapidstrike   unseenfist  choicescarf [closecombat, icespinner, surgingstrikes, uturn] ttype=water
INFO     Sampling battle 6
INFO     	       pelipper      drizzle  choicespecs [hurricane, hydropump, uturn, weatherball] ttype=flying
INFO     	         deoxys     pressure      lifeorb [extremespeed, knockoff, psychoboost, superpower] ttype=dark
INFO     	        torkoal      drought heavydutyboots [lavaplume, rapidspin, stealthrock, yawn] ttype=grass
INFO     Sampling 1 unrevealed pokemon
INFO     	     misdreavus     levitate     eviolite [calmmind, drainingkiss, shadowball, willowisp] ttype=fairy
INFO     Sampling battle 7
INFO     	       pelipper      drizzle heavydutyboots [hurricane, hydropump, roost, uturn] ttype=ground
INFO     	         deoxys     pressure      lifeorb [extremespeed, knockoff, psychoboost, superpower] ttype=psychic
INFO     	        torkoal      drought heavydutyboots [lavaplume, solarbeam, stealthrock, yawn] ttype=grass
INFO     Sampling 1 unrevealed pokemon
INFO     	       venomoth   tintedlens heavydutyboots [bugbuzz, quiverdance, sleeppowder, sludgewave] ttype=steel
INFO     Sampling battle 8
INFO     	       pelipper      drizzle  choicespecs [hurricane, hydropump, uturn, weatherball] ttype=water
INFO     	         deoxys     pressure      lifeorb [icebeam, knockoff, psychoboost, superpower] ttype=fighting
INFO     	        torkoal      drought heavydutyboots [lavaplume, rapidspin, solarbeam, stealthrock] ttype=grass
INFO     Sampling 1 unrevealed pokemon
INFO     	      regigigas    slowstart    leftovers [bodyslam, knockoff, protect, substitute] ttype=poison
INFO     Sampling battle 9
INFO     	       pelipper      drizzle heavydutyboots [hurricane, roost, surf, uturn] ttype=water
INFO     	         deoxys     pressure      lifeorb [extremespeed, knockoff, psychoboost, superpower] ttype=psychic
INFO     	        torkoal      drought heavydutyboots [lavaplume, rapidspin, solarbeam, stealthrock] ttype=dragon
INFO     Sampling 1 unrevealed pokemon
INFO     	       greedent   cheekpouch  sitrusberry [doubleedge, earthquake, knockoff, swordsdance] ttype=ghost
INFO     Sampling battle 10
INFO     	       pelipper      drizzle heavydutyboots [hurricane, knockoff, roost, surf] ttype=water
INFO     	         deoxys     pressure      lifeorb [extremespeed, knockoff, psychoboost, superpower] ttype=normal
INFO     	        torkoal      drought heavydutyboots [lavaplume, rapidspin, stealthrock, yawn] ttype=grass
INFO     Sampling 1 unrevealed pokemon
INFO     	    fezandipiti   toxicchain    leftovers [gunkshot, playrough, swordsdance, terablast] ttype=ground
INFO     Sampling battle 11
INFO     	       pelipper      drizzle  choicespecs [hurricane, hydropump, uturn, weatherball] ttype=water
INFO     	         deoxys     pressure      lifeorb [icebeam, knockoff, psychoboost, superpower] ttype=psychic
INFO     	        torkoal      drought heavydutyboots [lavaplume, solarbeam, stealthrock, yawn] ttype=grass
INFO     Sampling 1 unrevealed pokemon
INFO     	       hawlucha     unburden    whiteherb [acrobatics, bravebird, closecombat, swordsdance] ttype=flying
INFO     Sampling battle 12
INFO     	       pelipper      drizzle heavydutyboots [hurricane, hydropump, knockoff, roost] ttype=water
INFO     	         deoxys     pressure      lifeorb [icebeam, knockoff, psychoboost, superpower] ttype=psychic
INFO     	        torkoal      drought heavydutyboots [lavaplume, rapidspin, solarbeam, stealthrock] ttype=dragon
INFO     Sampling 1 unrevealed pokemon
INFO     	        shiftry    windrider      lifeorb [knockoff, leafblade, suckerpunch, swordsdance] ttype=dark
INFO     Sampling battle 13
INFO     	       pelipper      drizzle heavydutyboots [hurricane, hydropump, knockoff, roost] ttype=water
INFO     	         deoxys     pressure      lifeorb [icebeam, knockoff, psychoboost, superpower] ttype=psychic
INFO     	        torkoal      drought heavydutyboots [lavaplume, solarbeam, stealthrock, yawn] ttype=dragon
INFO     Sampling 1 unrevealed pokemon
INFO     	         pawmot     ironfist      lifeorb [closecombat, doubleshock, icepunch, revivalblessing] ttype=electric
INFO     Sampling battle 14
INFO     	       pelipper      drizzle  choicespecs [hurricane, hydropump, uturn, weatherball] ttype=water
INFO     	         deoxys     pressure      lifeorb [icebeam, knockoff, psychoboost, superpower] ttype=fighting
INFO     	        torkoal      drought heavydutyboots [lavaplume, rapidspin, solarbeam, stealthrock] ttype=grass
INFO     Sampling 1 unrevealed pokemon
INFO     	        scyther   technician heavydutyboots [bugbite, closecombat, dualwingbeat, swordsdance] ttype=fighting
INFO     Sampling battle 15
INFO     	       pelipper      drizzle  choicespecs [hurricane, hydropump, uturn, weatherball] ttype=flying
INFO     	         deoxys     pressure      lifeorb [extremespeed, knockoff, psychoboost, superpower] ttype=normal
INFO     	        torkoal      drought heavydutyboots [lavaplume, rapidspin, stealthrock, yawn] ttype=grass
INFO     Sampling 1 unrevealed pokemon
INFO     	       garchomp    roughskin  rockyhelmet [earthquake, outrage, spikes, stealthrock] ttype=steel
INFO     Searching for a move using MCTS...
INFO     Sampling 16 battles at 500ms each
INFO     Choice: switch electrodehisui
INFO     electrodehisui switched in, adding intimidate to impossible abilities
INFO     electrodehisui switched in, adding pressure to impossible abilities
INFO     electrodehisui switched in, adding neutralizinggas to impossible abilities
INFO     electrodehisui switched in, adding sandstream to impossible abilities
INFO     electrodehisui switched in, adding drought to impossible abilities
INFO     Not adding drizzle to electrodehisui's impossible abilities because the weather would not have triggered
INFO     electrodehisui switched in, adding snowwarning to impossible abilities
INFO     electrodehisui switched in, adding boosterenergy to impossible items
INFO     electrodehisui switched in, adding airballoon to impossible items
INFO     
INFO     Turn: 10
INFO     loaded 11 player and 0 effective opponent priors
INFO     Sampling battle 0
INFO     	       pelipper      drizzle heavydutyboots [hurricane, hydropump, roost, uturn] ttype=ground
INFO     	         deoxys     pressure      lifeorb [extremespeed, knockoff, psychoboost, superpower] ttype=fighting
INFO     	        torkoal      drought heavydutyboots [earthquake, fireblast, solarbeam, stealthrock] ttype=grass
INFO     Sampling 1 unrevealed pokemon
INFO     	      palossand watercompaction    leftovers [earthpower, shadowball, shoreup, sludgebomb] ttype=water
INFO     Sampling battle 1
INFO     	       pelipper      drizzle heavydutyboots [hurricane, roost, surf, uturn] ttype=water
INFO     	         deoxys     pressure      lifeorb [icebeam, knockoff, psychoboost, superpower] ttype=fighting
INFO     	        torkoal      drought heavydutyboots [earthquake, lavaplume, solarbeam, stealthrock] ttype=grass
INFO     Sampling 1 unrevealed pokemon
INFO     	 ninetalesalola  snowwarning    lightclay [auroraveil, blizzard, freezedry, moonblast] ttype=water
INFO     Sampling battle 2
INFO     	       pelipper      drizzle  choicespecs [hurricane, hydropump, uturn, weatherball] ttype=water
INFO     	         deoxys     pressure      lifeorb [extremespeed, knockoff, psychoboost, superpower] ttype=psychic
INFO     	        torkoal      drought heavydutyboots [earthquake, lavaplume, solarbeam, stealthrock] ttype=grass
INFO     Sampling 1 unrevealed pokemon
INFO     	       necrozma   prismarmor    leftovers [calmmind, earthpower, moonlight, photongeyser] ttype=steel
INFO     Sampling battle 3
INFO     	       pelipper      drizzle heavydutyboots [hurricane, roost, surf, uturn] ttype=ground
INFO     	         deoxys     pressure      lifeorb [extremespeed, knockoff, psychoboost, superpower] ttype=normal
INFO     	        torkoal      drought heavydutyboots [lavaplume, solarbeam, stealthrock, yawn] ttype=grass
INFO     Sampling 1 unrevealed pokemon
INFO     	       koraidon orichalcumpulse   loadeddice [collisioncourse, flareblitz, scaleshot, swordsdance] ttype=fire
INFO     Sampling battle 4
INFO     	       pelipper      drizzle  choicespecs [hurricane, hydropump, uturn, weatherball] ttype=flying
INFO     	         deoxys     pressure      lifeorb [extremespeed, knockoff, psychoboost, superpower] ttype=dark
INFO     	        torkoal      drought heavydutyboots [earthquake, fireblast, solarbeam, stealthrock] ttype=grass
INFO     Sampling 1 unrevealed pokemon
INFO     	        sylveon     pixilate    leftovers [calmmind, hypervoice, protect, wish] ttype=steel
INFO     Sampling battle 5
INFO     	       pelipper      drizzle heavydutyboots [hurricane, hydropump, knockoff, roost] ttype=water
INFO     	         deoxys     pressure      lifeorb [extremespeed, knockoff, psychoboost, superpower] ttype=fighting
INFO     	        torkoal      drought heavydutyboots [lavaplume, rapidspin, solarbeam, stealthrock] ttype=grass
INFO     Sampling 1 unrevealed pokemon
INFO     	       regirock    clearbody    leftovers [bodypress, irondefense, stoneedge, thunderwave] ttype=fighting
INFO     Sampling battle 6
INFO     	       pelipper      drizzle  choicespecs [hurricane, hydropump, uturn, weatherball] ttype=water
INFO     	         deoxys     pressure      lifeorb [extremespeed, knockoff, psychoboost, superpower] ttype=fighting
INFO     	        torkoal      drought heavydutyboots [lavaplume, solarbeam, stealthrock, yawn] ttype=grass
INFO     Sampling 1 unrevealed pokemon
INFO     	     houndstone       fluffy   choiceband [bodypress, poltergeist, shadowsneak, trick] ttype=fighting
INFO     Sampling battle 7
INFO     	       pelipper      drizzle  choicespecs [hurricane, hydropump, uturn, weatherball] ttype=water
INFO     	         deoxys     pressure      lifeorb [icebeam, knockoff, psychoboost, superpower] ttype=dark
INFO     	        torkoal      drought heavydutyboots [lavaplume, rapidspin, stealthrock, yawn] ttype=dragon
INFO     Sampling 1 unrevealed pokemon
INFO     	        falinks      defiant      lifeorb [closecombat, ironhead, knockoff, noretreat] ttype=dark
INFO     Sampling battle 8
INFO     	       pelipper      drizzle heavydutyboots [hurricane, knockoff, roost, surf] ttype=ground
INFO     	         deoxys     pressure      lifeorb [extremespeed, knockoff, psychoboost, superpower] ttype=dark
INFO     	        torkoal      drought heavydutyboots [lavaplume, solarbeam, stealthrock, yawn] ttype=dragon
INFO     Sampling 1 unrevealed pokemon
INFO     	      mismagius     levitate    leftovers [dazzlinggleam, nastyplot, shadowball, substitute] ttype=fairy
INFO     Sampling battle 9
INFO     	       pelipper      drizzle  choicespecs [hurricane, hydropump, uturn, weatherball] ttype=flying
INFO     	         deoxys     pressure      lifeorb [extremespeed, knockoff, psychoboost, superpower] ttype=fighting
INFO     	        torkoal      drought heavydutyboots [lavaplume, rapidspin, solarbeam, stealthrock] ttype=grass
INFO     Sampling 1 unrevealed pokemon
INFO     	       giratina     pressure    leftovers [defog, dragontail, rest, shadowball] ttype=fairy
INFO     Sampling battle 10
INFO     	       pelipper      drizzle heavydutyboots [hurricane, hydropump, roost, uturn] ttype=ground
INFO     	         deoxys     pressure      lifeorb [icebeam, knockoff, psychoboost, superpower] ttype=fighting
INFO     	        torkoal      drought heavydutyboots [lavaplume, rapidspin, solarbeam, stealthrock] ttype=grass
INFO     Sampling 1 unrevealed pokemon
INFO     	    basculegion adaptability  assaultvest [aquajet, flipturn, shadowball, wavecrash] ttype=water
INFO     Sampling battle 11
INFO     	       pelipper      drizzle  choicespecs [hurricane, hydropump, uturn, weatherball] ttype=water
INFO     	         deoxys     pressure      lifeorb [icebeam, knockoff, psychoboost, superpower] ttype=fighting
INFO     	        torkoal      drought heavydutyboots [lavaplume, rapidspin, solarbeam, stealthrock] ttype=grass
INFO     Sampling 1 unrevealed pokemon
INFO     	    arceusgrass    multitype  meadowplate [calmmind, earthpower, icebeam, judgment] ttype=ground
INFO     Sampling battle 12
INFO     	       pelipper      drizzle  choicespecs [hurricane, hydropump, uturn, weatherball] ttype=water
INFO     	         deoxys     pressure      lifeorb [icebeam, knockoff, psychoboost, superpower] ttype=fighting
INFO     	        torkoal      drought heavydutyboots [earthquake, lavaplume, solarbeam, stealthrock] ttype=grass
INFO     Sampling 1 unrevealed pokemon
INFO     	      hippowdon   sandstream    leftovers [earthquake, slackoff, stoneedge, whirlwind] ttype=steel
INFO     Sampling battle 13
INFO     	       pelipper      drizzle heavydutyboots [hurricane, hydropump, roost, uturn] ttype=ground
INFO     	         deoxys     pressure      lifeorb [icebeam, knockoff, psychoboost, superpower] ttype=dark
INFO     	        torkoal      drought heavydutyboots [lavaplume, rapidspin, stealthrock, yawn] ttype=grass
INFO     Sampling 1 unrevealed pokemon
INFO     	       gumshoos     stakeout   choiceband [doubleedge, earthquake, knockoff, uturn] ttype=ground
INFO     Sampling battle 14
INFO     	       pelipper      drizzle  choicespecs [hurricane, hydropump, uturn, weatherball] ttype=water
INFO     	         deoxys     pressure      lifeorb [icebeam, knockoff, psychoboost, superpower] ttype=dark
INFO     	        torkoal      drought heavydutyboots [fireblast, rapidspin, solarbeam, stealthrock] ttype=grass
INFO     Sampling 1 unrevealed pokemon
INFO     	      revavroom       filter      lifeorb [gunkshot, highhorsepower, ironhead, shiftgear] ttype=ground
INFO     Sampling battle 15
INFO     	       pelipper      drizzle  choicespecs [hurricane, hydropump, uturn, weatherball] ttype=water
INFO     	         deoxys     pressure      lifeorb [extremespeed, knockoff, psychoboost, superpower] ttype=normal
INFO     	        torkoal      drought heavydutyboots [earthquake, lavaplume, solarbeam, stealthrock] ttype=grass
INFO     Sampling 1 unrevealed pokemon
INFO     	        sylveon     pixilate    leftovers [calmmind, hypervoice, protect, wish] ttype=steel
INFO     Searching for a move using MCTS...
INFO     Sampling 16 battles at 500ms each
INFO     Choice: thunderbolt
INFO     Opponent has switched - clearing the last used move
INFO     Not adding drizzle to torkoal's impossible abilities because the weather would not have triggered
INFO     Weather sunnyday is active
INFO     Weather turns remaining: 5
INFO     Setting torkoal ability to drought
INFO     electrodehisui already has the move thunderbolt. Decrementing the PP by 1
INFO     electrodehisui used a electric move, removing electricgem from possible items
INFO     Setting electrodehisui's last used move: thunderbolt
INFO     electrodehisui used a damaging move - not guessing lifeorb anymore
INFO     electrodehisui did 38.0% damage to torkoal with thunderbolt
INFO     Weather sunnyday is active
INFO     Weather turns remaining: 4
INFO     Setting electrodehisui's item to: leftovers
INFO     torkoal has less than maxhp during upkeep, no longer guessing leftovers or blacksludge
INFO     
INFO     Turn: 11
INFO     loaded 11 player and 0 effective opponent priors
INFO     Sampling battle 0
INFO     	        torkoal      drought heavydutyboots [lavaplume, solarbeam, stealthrock, yawn] ttype=grass
INFO     	         deoxys     pressure      lifeorb [icebeam, knockoff, psychoboost, superpower] ttype=psychic
INFO     	       pelipper      drizzle  choicespecs [hurricane, hydropump, uturn, weatherball] ttype=flying
INFO     Sampling 1 unrevealed pokemon
INFO     	       zangoose   toxicboost     toxicorb [closecombat, facade, knockoff, quickattack] ttype=normal
INFO     Sampling battle 1
INFO     	        torkoal      drought heavydutyboots [fireblast, solarbeam, stealthrock, yawn] ttype=grass
INFO     	         deoxys     pressure      lifeorb [extremespeed, knockoff, psychoboost, superpower] ttype=normal
INFO     	       pelipper      drizzle heavydutyboots [hurricane, roost, surf, uturn] ttype=water
INFO     Sampling 1 unrevealed pokemon
INFO     	      pecharunt poisonpuppeteer  rockyhelmet [malignantchain, partingshot, recover, shadowball] ttype=dark
INFO     Sampling battle 2
INFO     	        torkoal      drought heavydutyboots [fireblast, solarbeam, stealthrock, yawn] ttype=grass
INFO     	         deoxys     pressure      lifeorb [extremespeed, knockoff, psychoboost, superpower] ttype=psychic
INFO     	       pelipper      drizzle heavydutyboots [hurricane, hydropump, roost, uturn] ttype=ground
INFO     Sampling 1 unrevealed pokemon
INFO     	       ursaluna         guts     flameorb [facade, headlongrush, swordsdance, throatchop] ttype=normal
INFO     Sampling battle 3
INFO     	        torkoal      drought heavydutyboots [lavaplume, rapidspin, stealthrock, yawn] ttype=dragon
INFO     	         deoxys     pressure      lifeorb [icebeam, knockoff, psychoboost, superpower] ttype=fighting
INFO     	       pelipper      drizzle  choicespecs [hurricane, hydropump, uturn, weatherball] ttype=water
INFO     Sampling 1 unrevealed pokemon
INFO     	      primarina  liquidvoice    leftovers [calmmind, drainingkiss, moonblast, psychicnoise] ttype=fairy
INFO     Sampling battle 4
INFO     	        torkoal      drought heavydutyboots [lavaplume, solarbeam, stealthrock, yawn] ttype=dragon
INFO     	         deoxys     pressure      lifeorb [extremespeed, knockoff, psychoboost, superpower] ttype=fighting
INFO     	       pelipper      drizzle  choicespecs [hurricane, hydropump, uturn, weatherball] ttype=flying
INFO     Sampling 1 unrevealed pokemon
INFO     	        persian   technician    silkscarf [doubleedge, fakeout, knockoff, uturn] ttype=normal
INFO     Sampling battle 5
INFO     	        torkoal      drought heavydutyboots [lavaplume, rapidspin, solarbeam, stealthrock] ttype=dragon
INFO     	         deoxys     pressure      lifeorb [icebeam, knockoff, psychoboost, superpower] ttype=dark
INFO     	       pelipper      drizzle  choicespecs [hurricane, hydropump, uturn, weatherball] ttype=water
INFO     Sampling 1 unrevealed pokemon
INFO     	       sunflora  chlorophyll  choicespecs [dazzlinggleam, earthpower, leafstorm, sludgebomb] ttype=poison
INFO     Sampling battle 6
INFO     	        torkoal      drought heavydutyboots [lavaplume, rapidspin, solarbeam, stealthrock] ttype=dragon
INFO     	         deoxys     pressure      lifeorb [extremespeed, knockoff, psychoboost, superpower] ttype=dark
INFO     	       pelipper      drizzle heavydutyboots [hurricane, knockoff, roost, surf] ttype=ground
INFO     Sampling 1 unrevealed pokemon
INFO     	        toxapex  regenerator  rockyhelmet [haze, liquidation, recover, toxic] ttype=grass
INFO     Sampling battle 7
INFO     	        torkoal      drought heavydutyboots [lavaplume, rapidspin, stealthrock, yawn] ttype=grass
INFO     	         deoxys     pressure      lifeorb [icebeam, knockoff, psychoboost, superpower] ttype=psychic
INFO     	       pelipper      drizzle heavydutyboots [hurricane, hydropump, roost, uturn] ttype=water
INFO     Sampling 1 unrevealed pokemon
INFO     	       magearna    soulheart weaknesspolicy [fleurcannon, ironhead, shiftgear, terablast] ttype=ground
INFO     Sampling battle 8
INFO     	        torkoal      drought heavydutyboots [earthquake, lavaplume, solarbeam, stealthrock] ttype=grass
INFO     	         deoxys     pressure      lifeorb [icebeam, knockoff, psychoboost, superpower] ttype=psychic
INFO     	       pelipper      drizzle heavydutyboots [hurricane, roost, surf, uturn] ttype=ground
INFO     Sampling 1 unrevealed pokemon
INFO     	         flygon     levitate     lumberry [dragondance, earthquake, outrage, stoneedge] ttype=rock
INFO     Sampling battle 9
INFO     	        torkoal      drought heavydutyboots [lavaplume, solarbeam, stealthrock, yawn] ttype=grass
INFO     	         deoxys     pressure      lifeorb [icebeam, knockoff, psychoboost, superpower] ttype=dark
INFO     	       pelipper      drizzle heavydutyboots [hurricane, knockoff, roost, surf] ttype=water
INFO     Sampling 1 unrevealed pokemon
INFO     	        sableye    prankster    leftovers [encore, knockoff, recover, willowisp] ttype=poison
INFO     Sampling battle 10
INFO     	        torkoal      drought heavydutyboots [lavaplume, rapidspin, solarbeam, stealthrock] ttype=dragon
INFO     	         deoxys     pressure      lifeorb [extremespeed, knockoff, psychoboost, superpower] ttype=normal
INFO     	       pelipper      drizzle heavydutyboots [hurricane, hydropump, knockoff, roost] ttype=water
INFO     Sampling 1 unrevealed pokemon
INFO     	       inteleon      torrent  choicespecs [hydropump, icebeam, scald, uturn] ttype=water
INFO     Sampling battle 11
INFO     	        torkoal      drought heavydutyboots [lavaplume, rapidspin, solarbeam, stealthrock] ttype=grass
INFO     	         deoxys     pressure      lifeorb [extremespeed, knockoff, psychoboost, superpower] ttype=dark
INFO     	       pelipper      drizzle heavydutyboots [hurricane, hydropump, knockoff, roost] ttype=water
INFO     Sampling 1 unrevealed pokemon
INFO     	       samurott      torrent      lifeorb [aquajet, liquidation, megahorn, swordsdance] ttype=water
INFO     Sampling battle 12
INFO     	        torkoal      drought heavydutyboots [lavaplume, solarbeam, stealthrock, yawn] ttype=grass
INFO     	         deoxys     pressure      lifeorb [extremespeed, knockoff, psychoboost, superpower] ttype=fighting
INFO     	       pelipper      drizzle heavydutyboots [hurricane, hydropump, knockoff, roost] ttype=water
INFO     Sampling 1 unrevealed pokemon
INFO     	        toxapex  regenerator  rockyhelmet [haze, liquidation, recover, toxic] ttype=grass
INFO     Sampling battle 13
INFO     	        torkoal      drought heavydutyboots [lavaplume, rapidspin, stealthrock, yawn] ttype=dragon
INFO     	         deoxys     pressure      lifeorb [extremespeed, knockoff, psychoboost, superpower] ttype=psychic
INFO     	       pelipper      drizzle heavydutyboots [hurricane, roost, surf, uturn] ttype=ground
INFO     Sampling 1 unrevealed pokemon
INFO     	      duraludon   lightmetal     eviolite [bodypress, dracometeor, dragontail, flashcannon] ttype=fighting
INFO     Sampling battle 14
INFO     	        torkoal      drought heavydutyboots [lavaplume, solarbeam, stealthrock, yawn] ttype=grass
INFO     	         deoxys     pressure      lifeorb [icebeam, knockoff, psychoboost, superpower] ttype=dark
INFO     	       pelipper      drizzle heavydutyboots [hurricane, hydropump, roost, uturn] ttype=ground
INFO     Sampling 1 unrevealed pokemon
INFO     	     calyrexice asoneglastrier weaknesspolicy [agility, closecombat, glaciallance, highhorsepower] ttype=ground
INFO     Sampling battle 15
INFO     	        torkoal      drought heavydutyboots [lavaplume, rapidspin, stealthrock, yawn] ttype=grass
INFO     	         deoxys     pressure      lifeorb [icebeam, knockoff, psychoboost, superpower] ttype=psychic
INFO     	       pelipper      drizzle  choicespecs [hurricane, hydropump, uturn, weatherball] ttype=water
INFO     Sampling 1 unrevealed pokemon
INFO     	         eiscue      iceface  sitrusberry [bellydrum, icespinner, liquidation, terablast] ttype=ground
INFO     Searching for a move using MCTS...
INFO     Sampling 16 battles at 500ms each
INFO     Choice: thunderbolt-tera
INFO     Updated torkoal's max speed to 311
INFO     electrodehisui terastallized. Tera type: poison, Original types: ['electric', 'grass']
INFO     electrodehisui already has the move thunderbolt. Decrementing the PP by 1
INFO     electrodehisui used a electric move, removing electricgem from possible items
INFO     Setting electrodehisui's last used move: thunderbolt
INFO     electrodehisui used a damaging move - not guessing lifeorb anymore
INFO     electrodehisui did 38.0% damage to torkoal with thunderbolt
INFO     torkoal used a fire move, removing firegem from possible items
INFO     Setting torkoal's last used move: lavaplume
INFO     torkoal used a damaging move - not guessing lifeorb anymore
INFO     torkoal did 58.540000000000006% damage to electrodehisui with lavaplume
INFO     Weather sunnyday is active
INFO     Weather turns remaining: 3
INFO     Setting electrodehisui's item to: leftovers
INFO     torkoal has less than maxhp during upkeep, no longer guessing leftovers or blacksludge
INFO     
INFO     Turn: 12
INFO     loaded 7 player and 0 effective opponent priors
INFO     Sampling battle 0
INFO     	        torkoal      drought heavydutyboots [earthquake, lavaplume, solarbeam, stealthrock] ttype=grass
INFO     	         deoxys     pressure      lifeorb [icebeam, knockoff, psychoboost, superpower] ttype=fighting
INFO     	       pelipper      drizzle  choicespecs [hurricane, hydropump, uturn, weatherball] ttype=water
INFO     Sampling 1 unrevealed pokemon
INFO     	   lycanrocdusk   toughclaws   choiceband [accelerock, closecombat, stoneedge, throatchop] ttype=fighting
INFO     Sampling battle 1
INFO     	        torkoal      drought heavydutyboots [lavaplume, solarbeam, stealthrock, yawn] ttype=grass
INFO     	         deoxys     pressure      lifeorb [icebeam, knockoff, psychoboost, superpower] ttype=psychic
INFO     	       pelipper      drizzle heavydutyboots [hurricane, roost, surf, uturn] ttype=ground
INFO     Sampling 1 unrevealed pokemon
INFO     	         dodrio    earlybird heavydutyboots [bravebird, doubleedge, drillrun, swordsdance] ttype=normal
INFO     Sampling battle 2
INFO     	        torkoal      drought heavydutyboots [lavaplume, solarbeam, stealthrock, yawn] ttype=grass
INFO     	         deoxys     pressure      lifeorb [extremespeed, knockoff, psychoboost, superpower] ttype=dark
INFO     	       pelipper      drizzle  choicespecs [hurricane, hydropump, uturn, weatherball] ttype=water
INFO     Sampling 1 unrevealed pokemon
INFO     	       reshiram   turboblaze heavydutyboots [blueflare, dracometeor, dragontail, earthpower] ttype=fire
INFO     Sampling battle 3
INFO     	        torkoal      drought heavydutyboots [lavaplume, rapidspin, solarbeam, stealthrock] ttype=grass
INFO     	         deoxys     pressure      lifeorb [icebeam, knockoff, psychoboost, superpower] ttype=fighting
INFO     	       pelipper      drizzle  choicespecs [hurricane, hydropump, uturn, weatherball] ttype=water
INFO     Sampling 1 unrevealed pokemon
INFO     	       dusknoir        frisk    leftovers [focuspunch, painsplit, poltergeist, substitute] ttype=fighting
INFO     Sampling battle 4
INFO     	        torkoal      drought heavydutyboots [lavaplume, rapidspin, solarbeam, stealthrock] ttype=grass
INFO     	         deoxys     pressure      lifeorb [icebeam, knockoff, psychoboost, superpower] ttype=dark
INFO     	       pelipper      drizzle  choicespecs [hurricane, hydropump, uturn, weatherball] ttype=water
INFO     Sampling 1 unrevealed pokemon
INFO     	       venomoth   tintedlens heavydutyboots [bugbuzz, quiverdance, sleeppowder, sludgewave] ttype=water
INFO     Sampling battle 5
INFO     	        torkoal      drought heavydutyboots [lavaplume, rapidspin, solarbeam, stealthrock] ttype=dragon
INFO     	         deoxys     pressure      lifeorb [extremespeed, knockoff, psychoboost, superpower] ttype=normal
INFO     	       pelipper      drizzle  choicespecs [hurricane, hydropump, uturn, weatherball] ttype=water
INFO     Sampling 1 unrevealed pokemon
INFO     	      lilligant     owntempo      lifeorb [alluringvoice, petaldance, quiverdance, sleeppowder] ttype=grass
INFO     Sampling battle 6
INFO     	        torkoal      drought heavydutyboots [lavaplume, rapidspin, solarbeam, stealthrock] ttype=grass
INFO     	         deoxys     pressure      lifeorb [icebeam, knockoff, psychoboost, superpower] ttype=fighting
INFO     	       pelipper      drizzle heavydutyboots [hurricane, hydropump, roost, uturn] ttype=ground
INFO     Sampling 1 unrevealed pokemon
INFO     	      magnezone     analytic  choicescarf [bodypress, flashcannon, thunderbolt, voltswitch] ttype=flying
INFO     Sampling battle 7
INFO     	        torkoal      drought heavydutyboots [earthquake, lavaplume, solarbeam, stealthrock] ttype=grass
INFO     	         deoxys     pressure      lifeorb [icebeam, knockoff, psychoboost, superpower] ttype=dark
INFO     	       pelipper      drizzle heavydutyboots [hurricane, hydropump, roost, uturn] ttype=ground
INFO     Sampling 1 unrevealed pokemon
INFO     	         rhydon lightningrod     eviolite [earthquake, megahorn, stealthrock, stoneedge] ttype=grass
INFO     Sampling battle 8
INFO     	        torkoal      drought heavydutyboots [lavaplume, rapidspin, stealthrock, yawn] ttype=dragon
INFO     	         deoxys     pressure      lifeorb [icebeam, knockoff, psychoboost, superpower] ttype=dark
INFO     	       pelipper      drizzle heavydutyboots [hurricane, knockoff, roost, surf] ttype=ground
INFO     Sampling 1 unrevealed pokemon
INFO     	       virizion    justified      lifeorb [closecombat, leafblade, stoneedge, swordsdance] ttype=rock
INFO     Sampling battle 9
INFO     	        torkoal      drought heavydutyboots [lavaplume, rapidspin, stealthrock, yawn] ttype=dragon
INFO     	         deoxys     pressure      lifeorb [icebeam, knockoff, psychoboost, superpower] ttype=fighting
INFO     	       pelipper      drizzle heavydutyboots [hurricane, roost, surf, uturn] ttype=ground
INFO     Sampling 1 unrevealed pokemon
INFO     	       tornadus      defiant  choicespecs [bleakwindstorm, focusblast, heatwave, uturn] ttype=fighting
INFO     Sampling battle 10
INFO     	        torkoal      drought heavydutyboots [lavaplume, rapidspin, solarbeam, stealthrock] ttype=dragon
INFO     	         deoxys     pressure      lifeorb [icebeam, knockoff, psychoboost, superpower] ttype=fighting
INFO     	       pelipper      drizzle heavydutyboots [hurricane, hydropump, roost, uturn] ttype=water
INFO     Sampling 1 unrevealed pokemon
INFO     	       ribombee   shielddust heavydutyboots [bugbuzz, moonblast, quiverdance, terablast] ttype=ground
INFO     Sampling battle 11
INFO     	        torkoal      drought heavydutyboots [lavaplume, rapidspin, stealthrock, yawn] ttype=dragon
INFO     	         deoxys     pressure      lifeorb [extremespeed, knockoff, psychoboost, superpower] ttype=dark
INFO     	       pelipper      drizzle  choicespecs [hurricane, hydropump, uturn, weatherball] ttype=water
INFO     Sampling 1 unrevealed pokemon
INFO     	        jirachi  serenegrace    leftovers [ironhead, protect, uturn, wish] ttype=water
INFO     Sampling battle 12
INFO     	        torkoal      drought heavydutyboots [lavaplume, rapidspin, stealthrock, yawn] ttype=grass
INFO     	         deoxys     pressure      lifeorb [icebeam, knockoff, psychoboost, superpower] ttype=dark
INFO     	       pelipper      drizzle heavydutyboots [hurricane, hydropump, roost, uturn] ttype=ground
INFO     Sampling 1 unrevealed pokemon
INFO     	       cobalion    justified    leftovers [closecombat, ironhead, swordsdance, taunt] ttype=fighting
INFO     Sampling battle 13
INFO     	        torkoal      drought heavydutyboots [lavaplume, rapidspin, stealthrock, yawn] ttype=grass
INFO     	         deoxys     pressure      lifeorb [extremespeed, knockoff, psychoboost, superpower] ttype=normal
INFO     	       pelipper      drizzle heavydutyboots [hurricane, roost, surf, uturn] ttype=ground
INFO     Sampling 1 unrevealed pokemon
INFO     	        morpeko hungerswitch heavydutyboots [aurawheel, partingshot, protect, rapidspin] ttype=electric
INFO     Sampling battle 14
INFO     	        torkoal      drought heavydutyboots [lavaplume, rapidspin, stealthrock, yawn] ttype=dragon
INFO     	         deoxys     pressure      lifeorb [extremespeed, knockoff, psychoboost, superpower] ttype=normal
INFO     	       pelipper      drizzle heavydutyboots [hurricane, roost, surf, uturn] ttype=ground
INFO     Sampling 1 unrevealed pokemon
INFO     	         tauros   sheerforce      lifeorb [bodyslam, closecombat, throatchop, zenheadbutt] ttype=normal
INFO     Sampling battle 15
INFO     	        torkoal      drought heavydutyboots [lavaplume, solarbeam, stealthrock, yawn] ttype=grass
INFO     	         deoxys     pressure      lifeorb [icebeam, knockoff, psychoboost, superpower] ttype=fighting
INFO     	       pelipper      drizzle  choicespecs [hurricane, hydropump, uturn, weatherball] ttype=water
INFO     Sampling 1 unrevealed pokemon
INFO     	       gumshoos     stakeout   choiceband [doubleedge, earthquake, knockoff, uturn] ttype=ground
INFO     Searching for a move using MCTS...
INFO     Sampling 16 battles at 500ms each
INFO     Choice: thunderbolt
INFO     electrodehisui already has the move thunderbolt. Decrementing the PP by 1
INFO     electrodehisui used a electric move, removing electricgem from possible items
INFO     Setting electrodehisui's last used move: thunderbolt
INFO     electrodehisui used a damaging move - not guessing lifeorb anymore
INFO     electrodehisui did 2.0% damage to torkoal with thunderbolt
INFO     Weather sunnyday is active
INFO     Weather turns remaining: 2
INFO     Setting electrodehisui's item to: leftovers
INFO     torkoal has less than maxhp during upkeep, no longer guessing leftovers or blacksludge
INFO     Opponent has switched - clearing the last used move
INFO     ogerponwellspring switched in, adding intimidate to impossible abilities
INFO     ogerponwellspring switched in, adding pressure to impossible abilities
INFO     ogerponwellspring switched in, adding neutralizinggas to impossible abilities
INFO     ogerponwellspring switched in, adding sandstream to impossible abilities
INFO     Not adding drought to ogerponwellspring's impossible abilities because the weather would not have triggered
INFO     ogerponwellspring switched in, adding drizzle to impossible abilities
INFO     ogerponwellspring switched in, adding snowwarning to impossible abilities
INFO     ogerponwellspring switched in, adding boosterenergy to impossible items
INFO     ogerponwellspring switched in, adding airballoon to impossible items
INFO     
INFO     Turn: 13
INFO     loaded 7 player and 0 effective opponent priors
INFO     Sampling battle 0
INFO     	ogerponwellspring  waterabsorb wellspringmask [hornleech, ivycudgel, knockoff, swordsdance] ttype=water
INFO     	         deoxys     pressure      lifeorb [extremespeed, knockoff, psychoboost, superpower] ttype=psychic
INFO     	       pelipper      drizzle heavydutyboots [hurricane, knockoff, roost, surf] ttype=ground
INFO     Sampling battle 1
INFO     	ogerponwellspring  waterabsorb wellspringmask [ivycudgel, playrough, powerwhip, swordsdance] ttype=water
INFO     	         deoxys     pressure      lifeorb [icebeam, knockoff, psychoboost, superpower] ttype=psychic
INFO     	       pelipper      drizzle heavydutyboots [hurricane, hydropump, knockoff, roost] ttype=water
INFO     Sampling battle 2
INFO     	ogerponwellspring  waterabsorb wellspringmask [encore, ivycudgel, synthesis, woodhammer] ttype=water
INFO     	         deoxys     pressure      lifeorb [icebeam, knockoff, psychoboost, superpower] ttype=psychic
INFO     	       pelipper      drizzle heavydutyboots [hurricane, hydropump, roost, uturn] ttype=ground
INFO     Sampling battle 3
INFO     	ogerponwellspring  waterabsorb wellspringmask [ivycudgel, playrough, powerwhip, swordsdance] ttype=water
INFO     	         deoxys     pressure      lifeorb [icebeam, knockoff, psychoboost, superpower] ttype=fighting
INFO     	       pelipper      drizzle heavydutyboots [hurricane, roost, surf, uturn] ttype=water
INFO     Sampling battle 4
INFO     	ogerponwellspring  waterabsorb wellspringmask [ivycudgel, synthesis, uturn, woodhammer] ttype=water
INFO     	         deoxys     pressure      lifeorb [icebeam, knockoff, psychoboost, superpower] ttype=dark
INFO     	       pelipper      drizzle  choicespecs [hurricane, hydropump, uturn, weatherball] ttype=water
INFO     Sampling battle 5
INFO     	ogerponwellspring  waterabsorb wellspringmask [hornleech, ivycudgel, playrough, swordsdance] ttype=water
INFO     	         deoxys     pressure      lifeorb [extremespeed, knockoff, psychoboost, superpower] ttype=psychic
INFO     	       pelipper      drizzle heavydutyboots [hurricane, hydropump, roost, uturn] ttype=ground
INFO     Sampling battle 6
INFO     	ogerponwellspring  waterabsorb wellspringmask [ivycudgel, spikes, synthesis, woodhammer] ttype=water
INFO     	         deoxys     pressure      lifeorb [extremespeed, knockoff, psychoboost, superpower] ttype=psychic
INFO     	       pelipper      drizzle heavydutyboots [hurricane, knockoff, roost, surf] ttype=ground
INFO     Sampling battle 7
INFO     	ogerponwellspring  waterabsorb wellspringmask [ivycudgel, synthesis, uturn, woodhammer] ttype=water
INFO     	         deoxys     pressure      lifeorb [icebeam, knockoff, psychoboost, superpower] ttype=fighting
INFO     	       pelipper      drizzle  choicespecs [hurricane, hydropump, uturn, weatherball] ttype=water
INFO     Sampling battle 8
INFO     	ogerponwellspring  waterabsorb wellspringmask [encore, ivycudgel, synthesis, woodhammer] ttype=water
INFO     	         deoxys     pressure      lifeorb [extremespeed, knockoff, psychoboost, superpower] ttype=dark
INFO     	       pelipper      drizzle heavydutyboots [hurricane, hydropump, knockoff, roost] ttype=ground
INFO     Sampling battle 9
INFO     	ogerponwellspring  waterabsorb wellspringmask [ivycudgel, knockoff, powerwhip, swordsdance] ttype=water
INFO     	         deoxys     pressure      lifeorb [icebeam, knockoff, psychoboost, superpower] ttype=dark
INFO     	       pelipper      drizzle  choicespecs [hurricane, hydropump, uturn, weatherball] ttype=flying
INFO     Sampling battle 10
INFO     	ogerponwellspring  waterabsorb wellspringmask [ivycudgel, spikes, synthesis, woodhammer] ttype=water
INFO     	         deoxys     pressure      lifeorb [extremespeed, knockoff, psychoboost, superpower] ttype=psychic
INFO     	       pelipper      drizzle  choicespecs [hurricane, hydropump, uturn, weatherball] ttype=water
INFO     Sampling battle 11
INFO     	ogerponwellspring  waterabsorb wellspringmask [ivycudgel, playrough, powerwhip, swordsdance] ttype=water
INFO     	         deoxys     pressure      lifeorb [extremespeed, knockoff, psychoboost, superpower] ttype=dark
INFO     	       pelipper      drizzle  choicespecs [hurricane, hydropump, uturn, weatherball] ttype=water
INFO     Sampling battle 12
INFO     	ogerponwellspring  waterabsorb wellspringmask [ivycudgel, synthesis, uturn, woodhammer] ttype=water
INFO     	         deoxys     pressure      lifeorb [icebeam, knockoff, psychoboost, superpower] ttype=psychic
INFO     	       pelipper      drizzle  choicespecs [hurricane, hydropump, uturn, weatherball] ttype=flying
INFO     Sampling battle 13
INFO     	ogerponwellspring  waterabsorb wellspringmask [hornleech, ivycudgel, playrough, swordsdance] ttype=water
INFO     	         deoxys     pressure      lifeorb [extremespeed, knockoff, psychoboost, superpower] ttype=psychic
INFO     	       pelipper      drizzle heavydutyboots [hurricane, hydropump, knockoff, roost] ttype=ground
INFO     Sampling battle 14
INFO     	ogerponwellspring  waterabsorb wellspringmask [hornleech, ivycudgel, knockoff, swordsdance] ttype=water
INFO     	         deoxys     pressure      lifeorb [icebeam, knockoff, psychoboost, superpower] ttype=dark
INFO     	       pelipper      drizzle  choicespecs [hurricane, hydropump, uturn, weatherball] ttype=flying
INFO     Sampling battle 15
INFO     	ogerponwellspring  waterabsorb wellspringmask [ivycudgel, spikes, synthesis, woodhammer] ttype=water
INFO     	         deoxys     pressure      lifeorb [extremespeed, knockoff, psychoboost, superpower] ttype=psychic
INFO     	       pelipper      drizzle  choicespecs [hurricane, hydropump, uturn, weatherball] ttype=water
INFO     Searching for a move using MCTS...
INFO     Sampling 16 battles at 500ms each
INFO     Choice: thunderbolt
INFO     Updated ogerponwellspring's max speed to 311
INFO     electrodehisui already has the move thunderbolt. Decrementing the PP by 1
INFO     electrodehisui used a electric move, removing electricgem from possible items
INFO     Setting electrodehisui's last used move: thunderbolt
INFO     electrodehisui used a damaging move - not guessing lifeorb anymore
INFO     electrodehisui did 35.0% damage to ogerponwellspring with thunderbolt
INFO     ogerponwellspring using swordsdance makes it unlikely to have a choice item. Setting can_have_choice_item to False
INFO     ogerponwellspring used a status-move. Adding `assaultvest` to impossible items
INFO     Setting ogerponwellspring's last used move: swordsdance
INFO     ogerponwellspring's attack was boosted by 2 to 2
INFO     Weather sunnyday is active
INFO     Weather turns remaining: 1
INFO     Setting electrodehisui's item to: leftovers
INFO     ogerponwellspring has less than maxhp during upkeep, no longer guessing leftovers or blacksludge
INFO     
INFO     Turn: 14
INFO     loaded 7 player and 0 effective opponent priors
INFO     Sampling battle 0
INFO     	ogerponwellspring  waterabsorb wellspringmask [ivycudgel, playrough, powerwhip, swordsdance] ttype=water
INFO     	         deoxys     pressure      lifeorb [extremespeed, knockoff, psychoboost, superpower] ttype=dark
INFO     	       pelipper      drizzle  choicespecs [hurricane, hydropump, uturn, weatherball] ttype=water
INFO     Sampling battle 1
INFO     	ogerponwellspring  waterabsorb wellspringmask [ivycudgel, playrough, powerwhip, swordsdance] ttype=water
INFO     	         deoxys     pressure      lifeorb [icebeam, knockoff, psychoboost, superpower] ttype=psychic
INFO     	       pelipper      drizzle heavydutyboots [hurricane, knockoff, roost, surf] ttype=water
INFO     Sampling battle 2
INFO     	ogerponwellspring  waterabsorb wellspringmask [ivycudgel, playrough, powerwhip, swordsdance] ttype=water
INFO     	         deoxys     pressure      lifeorb [extremespeed, knockoff, psychoboost, superpower] ttype=normal
INFO     	       pelipper      drizzle  choicespecs [hurricane, hydropump, uturn, weatherball] ttype=water
INFO     Sampling battle 3
INFO     	ogerponwellspring  waterabsorb wellspringmask [ivycudgel, playrough, powerwhip, swordsdance] ttype=water
INFO     	         deoxys     pressure      lifeorb [extremespeed, knockoff, psychoboost, superpower] ttype=fighting
INFO     	       pelipper      drizzle heavydutyboots [hurricane, hydropump, roost, uturn] ttype=ground
INFO     Sampling battle 4
INFO     	ogerponwellspring  waterabsorb wellspringmask [hornleech, ivycudgel, playrough, swordsdance] ttype=water
INFO     	         deoxys     pressure      lifeorb [extremespeed, knockoff, psychoboost, superpower] ttype=normal
INFO     	       pelipper      drizzle heavydutyboots [hurricane, hydropump, knockoff, roost] ttype=water
INFO     Sampling battle 5
INFO     	ogerponwellspring  waterabsorb wellspringmask [hornleech, ivycudgel, playrough, swordsdance] ttype=water
INFO     	         deoxys     pressure      lifeorb [icebeam, knockoff, psychoboost, superpower] ttype=dark
INFO     	       pelipper      drizzle  choicespecs [hurricane, hydropump, uturn, weatherball] ttype=water
INFO     Sampling battle 6
INFO     	ogerponwellspring  waterabsorb wellspringmask [ivycudgel, playrough, powerwhip, swordsdance] ttype=water
INFO     	         deoxys     pressure      lifeorb [extremespeed, knockoff, psychoboost, superpower] ttype=fighting
INFO     	       pelipper      drizzle  choicespecs [hurricane, hydropump, uturn, weatherball] ttype=water
INFO     Sampling battle 7
INFO     	ogerponwellspring  waterabsorb wellspringmask [hornleech, ivycudgel, knockoff, swordsdance] ttype=water
INFO     	         deoxys     pressure      lifeorb [icebeam, knockoff, psychoboost, superpower] ttype=fighting
INFO     	       pelipper      drizzle heavydutyboots [hurricane, knockoff, roost, surf] ttype=ground
INFO     Sampling battle 8
INFO     	ogerponwellspring  waterabsorb wellspringmask [hornleech, ivycudgel, knockoff, swordsdance] ttype=water
INFO     	         deoxys     pressure      lifeorb [extremespeed, knockoff, psychoboost, superpower] ttype=normal
INFO     	       pelipper      drizzle heavydutyboots [hurricane, knockoff, roost, surf] ttype=ground
INFO     Sampling battle 9
INFO     	ogerponwellspring  waterabsorb wellspringmask [ivycudgel, knockoff, powerwhip, swordsdance] ttype=water
INFO     	         deoxys     pressure      lifeorb [icebeam, knockoff, psychoboost, superpower] ttype=psychic
INFO     	       pelipper      drizzle  choicespecs [hurricane, hydropump, uturn, weatherball] ttype=water
INFO     Sampling battle 10
INFO     	ogerponwellspring  waterabsorb wellspringmask [ivycudgel, knockoff, powerwhip, swordsdance] ttype=water
INFO     	         deoxys     pressure      lifeorb [icebeam, knockoff, psychoboost, superpower] ttype=dark
INFO     	       pelipper      drizzle heavydutyboots [hurricane, hydropump, knockoff, roost] ttype=ground
INFO     Sampling battle 11
INFO     	ogerponwellspring  waterabsorb wellspringmask [ivycudgel, playrough, powerwhip, swordsdance] ttype=water
INFO     	         deoxys     pressure      lifeorb [extremespeed, knockoff, psychoboost, superpower] ttype=fighting
INFO     	       pelipper      drizzle heavydutyboots [hurricane, hydropump, knockoff, roost] ttype=ground
INFO     Sampling battle 12
INFO     	ogerponwellspring  waterabsorb wellspringmask [hornleech, ivycudgel, knockoff, swordsdance] ttype=water
INFO     	         deoxys     pressure      lifeorb [extremespeed, knockoff, psychoboost, superpower] ttype=normal
INFO     	       pelipper      drizzle  choicespecs [hurricane, hydropump, uturn, weatherball] ttype=flying
INFO     Sampling battle 13
INFO     	ogerponwellspring  waterabsorb wellspringmask [hornleech, ivycudgel, knockoff, swordsdance] ttype=water
INFO     	         deoxys     pressure      lifeorb [extremespeed, knockoff, psychoboost, superpower] ttype=fighting
INFO     	       pelipper      drizzle  choicespecs [hurricane, hydropump, uturn, weatherball] ttype=water
INFO     Sampling battle 14
INFO     	ogerponwellspring  waterabsorb wellspringmask [ivycudgel, knockoff, powerwhip, swordsdance] ttype=water
INFO     	         deoxys     pressure      lifeorb [icebeam, knockoff, psychoboost, superpower] ttype=dark
INFO     	       pelipper      drizzle heavydutyboots [hurricane, hydropump, knockoff, roost] ttype=water
INFO     Sampling battle 15
INFO     	ogerponwellspring  waterabsorb wellspringmask [hornleech, ivycudgel, knockoff, swordsdance] ttype=water
INFO     	         deoxys     pressure      lifeorb [icebeam, knockoff, psychoboost, superpower] ttype=fighting
INFO     	       pelipper      drizzle heavydutyboots [hurricane, roost, surf, uturn] ttype=ground
INFO     Searching for a move using MCTS...
INFO     Sampling 16 battles at 500ms each
INFO     Choice: thunderbolt
INFO     Updated ogerponwellspring's max speed to 311
INFO     electrodehisui already has the move thunderbolt. Decrementing the PP by 1
INFO     electrodehisui used a electric move, removing electricgem from possible items
INFO     Setting electrodehisui's last used move: thunderbolt
INFO     electrodehisui used a damaging move - not guessing lifeorb anymore
INFO     electrodehisui did 38.0% damage to ogerponwellspring with thunderbolt
INFO     ogerponwellspring used two different moves - it cannot have a choice item
INFO     ogerponwellspring used a dark move, removing darkgem from possible items
INFO     Setting ogerponwellspring's last used move: knockoff
INFO     ogerponwellspring used a damaging move - not guessing lifeorb anymore
INFO     ogerponwellspring did 53.66% damage to electrodehisui with knockoff
INFO     Removing electrodehisui's item: leftovers
INFO     Setting electrodehisui's removed item to leftovers
INFO     Knockoff removed electrodehisui's item
INFO     Weather none is active
INFO     Resetting weather source to None
INFO     Weather turns remaining: 5
INFO     ogerponwellspring has less than maxhp during upkeep, no longer guessing leftovers or blacksludge
INFO     loaded 3 player and 0 effective opponent priors
INFO     Sampling battle 0
INFO     	ogerponwellspring  waterabsorb wellspringmask [ivycudgel, knockoff, powerwhip, swordsdance] ttype=water
INFO     	         deoxys     pressure      lifeorb [icebeam, knockoff, psychoboost, superpower] ttype=psychic
INFO     	       pelipper      drizzle heavydutyboots [hurricane, hydropump, roost, uturn] ttype=ground
INFO     Sampling battle 1
INFO     	ogerponwellspring  waterabsorb wellspringmask [hornleech, ivycudgel, knockoff, swordsdance] ttype=water
INFO     	         deoxys     pressure      lifeorb [extremespeed, knockoff, psychoboost, superpower] ttype=fighting
INFO     	       pelipper      drizzle  choicespecs [hurricane, hydropump, uturn, weatherball] ttype=flying
INFO     Sampling battle 2
INFO     	ogerponwellspring  waterabsorb wellspringmask [hornleech, ivycudgel, knockoff, swordsdance] ttype=water
INFO     	         deoxys     pressure      lifeorb [icebeam, knockoff, psychoboost, superpower] ttype=dark
INFO     	       pelipper      drizzle heavydutyboots [hurricane, knockoff, roost, surf] ttype=ground
INFO     Sampling battle 3
INFO     	ogerponwellspring  waterabsorb wellspringmask [ivycudgel, knockoff, powerwhip, swordsdance] ttype=water
INFO     	         deoxys     pressure      lifeorb [icebeam, knockoff, psychoboost, superpower] ttype=fighting
INFO     	       pelipper      drizzle heavydutyboots [hurricane, hydropump, knockoff, roost] ttype=ground
INFO     Sampling battle 4
INFO     	ogerponwellspring  waterabsorb wellspringmask [hornleech, ivycudgel, knockoff, swordsdance] ttype=water
INFO     	         deoxys     pressure      lifeorb [icebeam, knockoff, psychoboost, superpower] ttype=psychic
INFO     	       pelipper      drizzle  choicespecs [hurricane, hydropump, uturn, weatherball] ttype=water
INFO     Sampling battle 5
INFO     	ogerponwellspring  waterabsorb wellspringmask [ivycudgel, knockoff, powerwhip, swordsdance] ttype=water
INFO     	         deoxys     pressure      lifeorb [extremespeed, knockoff, psychoboost, superpower] ttype=normal
INFO     	       pelipper      drizzle  choicespecs [hurricane, hydropump, uturn, weatherball] ttype=water
INFO     Sampling battle 6
INFO     	ogerponwellspring  waterabsorb wellspringmask [hornleech, ivycudgel, knockoff, swordsdance] ttype=water
INFO     	         deoxys     pressure      lifeorb [extremespeed, knockoff, psychoboost, superpower] ttype=normal
INFO     	       pelipper      drizzle  choicespecs [hurricane, hydropump, uturn, weatherball] ttype=water
INFO     Sampling battle 7
INFO     	ogerponwellspring  waterabsorb wellspringmask [hornleech, ivycudgel, knockoff, swordsdance] ttype=water
INFO     	         deoxys     pressure      lifeorb [extremespeed, knockoff, psychoboost, superpower] ttype=psychic
INFO     	       pelipper      drizzle  choicespecs [hurricane, hydropump, uturn, weatherball] ttype=water
INFO     Sampling battle 8
INFO     	ogerponwellspring  waterabsorb wellspringmask [ivycudgel, knockoff, powerwhip, swordsdance] ttype=water
INFO     	         deoxys     pressure      lifeorb [icebeam, knockoff, psychoboost, superpower] ttype=fighting
INFO     	       pelipper      drizzle  choicespecs [hurricane, hydropump, uturn, weatherball] ttype=water
INFO     Sampling battle 9
INFO     	ogerponwellspring  waterabsorb wellspringmask [ivycudgel, knockoff, powerwhip, swordsdance] ttype=water
INFO     	         deoxys     pressure      lifeorb [icebeam, knockoff, psychoboost, superpower] ttype=psychic
INFO     	       pelipper      drizzle heavydutyboots [hurricane, knockoff, roost, surf] ttype=ground
INFO     Sampling battle 10
INFO     	ogerponwellspring  waterabsorb wellspringmask [hornleech, ivycudgel, knockoff, swordsdance] ttype=water
INFO     	         deoxys     pressure      lifeorb [extremespeed, knockoff, psychoboost, superpower] ttype=normal
INFO     	       pelipper      drizzle heavydutyboots [hurricane, roost, surf, uturn] ttype=water
INFO     Sampling battle 11
INFO     	ogerponwellspring  waterabsorb wellspringmask [hornleech, ivycudgel, knockoff, swordsdance] ttype=water
INFO     	         deoxys     pressure      lifeorb [extremespeed, knockoff, psychoboost, superpower] ttype=psychic
INFO     	       pelipper      drizzle  choicespecs [hurricane, hydropump, uturn, weatherball] ttype=water
INFO     Sampling battle 12
INFO     	ogerponwellspring  waterabsorb wellspringmask [ivycudgel, knockoff, powerwhip, swordsdance] ttype=water
INFO     	         deoxys     pressure      lifeorb [icebeam, knockoff, psychoboost, superpower] ttype=dark
INFO     	       pelipper      drizzle heavydutyboots [hurricane, roost, surf, uturn] ttype=ground
INFO     Sampling battle 13
INFO     	ogerponwellspring  waterabsorb wellspringmask [ivycudgel, knockoff, powerwhip, swordsdance] ttype=water
INFO     	         deoxys     pressure      lifeorb [extremespeed, knockoff, psychoboost, superpower] ttype=psychic
INFO     	       pelipper      drizzle  choicespecs [hurricane, hydropump, uturn, weatherball] ttype=water
INFO     Sampling battle 14
INFO     	ogerponwellspring  waterabsorb wellspringmask [hornleech, ivycudgel, knockoff, swordsdance] ttype=water
INFO     	         deoxys     pressure      lifeorb [icebeam, knockoff, psychoboost, superpower] ttype=psychic
INFO     	       pelipper      drizzle  choicespecs [hurricane, hydropump, uturn, weatherball] ttype=water
INFO     Sampling battle 15
INFO     	ogerponwellspring  waterabsorb wellspringmask [hornleech, ivycudgel, knockoff, swordsdance] ttype=water
INFO     	         deoxys     pressure      lifeorb [extremespeed, knockoff, psychoboost, superpower] ttype=normal
INFO     	       pelipper      drizzle heavydutyboots [hurricane, hydropump, roost, uturn] ttype=ground
INFO     Searching for a move using MCTS...
INFO     Sampling 16 battles at 500ms each
INFO     Choice: switch entei
INFO     entei switched in, adding intimidate to impossible abilities
INFO     entei switched in, adding pressure to impossible abilities
INFO     entei switched in, adding neutralizinggas to impossible abilities
INFO     entei switched in, adding sandstream to impossible abilities
INFO     entei switched in, adding drought to impossible abilities
INFO     entei switched in, adding drizzle to impossible abilities
INFO     entei switched in, adding snowwarning to impossible abilities
INFO     entei switched in, adding boosterenergy to impossible items
INFO     entei switched in, adding airballoon to impossible items
INFO     
INFO     Turn: 15
INFO     loaded 6 player and 0 effective opponent priors
INFO     Sampling battle 0
INFO     	ogerponwellspring  waterabsorb wellspringmask [hornleech, ivycudgel, knockoff, swordsdance] ttype=water
INFO     	         deoxys     pressure      lifeorb [extremespeed, knockoff, psychoboost, superpower] ttype=fighting
INFO     	       pelipper      drizzle heavydutyboots [hurricane, knockoff, roost, surf] ttype=water
INFO     Sampling battle 1
INFO     	ogerponwellspring  waterabsorb wellspringmask [hornleech, ivycudgel, knockoff, swordsdance] ttype=water
INFO     	         deoxys     pressure      lifeorb [icebeam, knockoff, psychoboost, superpower] ttype=psychic
INFO     	       pelipper      drizzle  choicespecs [hurricane, hydropump, uturn, weatherball] ttype=flying
INFO     Sampling battle 2
INFO     	ogerponwellspring  waterabsorb wellspringmask [ivycudgel, knockoff, powerwhip, swordsdance] ttype=water
INFO     	         deoxys     pressure      lifeorb [extremespeed, knockoff, psychoboost, superpower] ttype=fighting
INFO     	       pelipper      drizzle heavydutyboots [hurricane, knockoff, roost, surf] ttype=water
INFO     Sampling battle 3
INFO     	ogerponwellspring  waterabsorb wellspringmask [ivycudgel, knockoff, powerwhip, swordsdance] ttype=water
INFO     	         deoxys     pressure      lifeorb [extremespeed, knockoff, psychoboost, superpower] ttype=dark
INFO     	       pelipper      drizzle heavydutyboots [hurricane, hydropump, roost, uturn] ttype=ground
INFO     Sampling battle 4
INFO     	ogerponwellspring  waterabsorb wellspringmask [ivycudgel, knockoff, powerwhip, swordsdance] ttype=water
INFO     	         deoxys     pressure      lifeorb [extremespeed, knockoff, psychoboost, superpower] ttype=normal
INFO     	       pelipper      drizzle  choicespecs [hurricane, hydropump, uturn, weatherball] ttype=flying
INFO     Sampling battle 5
INFO     	ogerponwellspring  waterabsorb wellspringmask [ivycudgel, knockoff, powerwhip, swordsdance] ttype=water
INFO     	         deoxys     pressure      lifeorb [extremespeed, knockoff, psychoboost, superpower] ttype=normal
INFO     	       pelipper      drizzle heavydutyboots [hurricane, knockoff, roost, surf] ttype=ground
INFO     Sampling battle 6
INFO     	ogerponwellspring  waterabsorb wellspringmask [ivycudgel, knockoff, powerwhip, swordsdance] ttype=water
INFO     	         deoxys     pressure      lifeorb [extremespeed, knockoff, psychoboost, superpower] ttype=normal
INFO     	       pelipper      drizzle  choicespecs [hurricane, hydropump, uturn, weatherball] ttype=water
INFO     Sampling battle 7
INFO     	ogerponwellspring  waterabsorb wellspringmask [hornleech, ivycudgel, knockoff, swordsdance] ttype=water
INFO     	         deoxys     pressure      lifeorb [extremespeed, knockoff, psychoboost, superpower] ttype=dark
INFO     	       pelipper      drizzle heavydutyboots [hurricane, hydropump, knockoff, roost] ttype=water
INFO     Sampling battle 8
INFO     	ogerponwellspring  waterabsorb wellspringmask [hornleech, ivycudgel, knockoff, swordsdance] ttype=water
INFO     	         deoxys     pressure      lifeorb [extremespeed, knockoff, psychoboost, superpower] ttype=dark
INFO     	       pelipper      drizzle  choicespecs [hurricane, hydropump, uturn, weatherball] ttype=flying
INFO     Sampling battle 9
INFO     	ogerponwellspring  waterabsorb wellspringmask [hornleech, ivycudgel, knockoff, swordsdance] ttype=water
INFO     	         deoxys     pressure      lifeorb [extremespeed, knockoff, psychoboost, superpower] ttype=psychic
INFO     	       pelipper      drizzle  choicespecs [hurricane, hydropump, uturn, weatherball] ttype=flying
INFO     Sampling battle 10
INFO     	ogerponwellspring  waterabsorb wellspringmask [ivycudgel, knockoff, powerwhip, swordsdance] ttype=water
INFO     	         deoxys     pressure      lifeorb [extremespeed, knockoff, psychoboost, superpower] ttype=fighting
INFO     	       pelipper      drizzle heavydutyboots [hurricane, roost, surf, uturn] ttype=ground
INFO     Sampling battle 11
INFO     	ogerponwellspring  waterabsorb wellspringmask [ivycudgel, knockoff, powerwhip, swordsdance] ttype=water
INFO     	         deoxys     pressure      lifeorb [extremespeed, knockoff, psychoboost, superpower] ttype=psychic
INFO     	       pelipper      drizzle heavydutyboots [hurricane, knockoff, roost, surf] ttype=water
INFO     Sampling battle 12
INFO     	ogerponwellspring  waterabsorb wellspringmask [ivycudgel, knockoff, powerwhip, swordsdance] ttype=water
INFO     	         deoxys     pressure      lifeorb [extremespeed, knockoff, psychoboost, superpower] ttype=dark
INFO     	       pelipper      drizzle  choicespecs [hurricane, hydropump, uturn, weatherball] ttype=water
INFO     Sampling battle 13
INFO     	ogerponwellspring  waterabsorb wellspringmask [ivycudgel, knockoff, powerwhip, swordsdance] ttype=water
INFO     	         deoxys     pressure      lifeorb [extremespeed, knockoff, psychoboost, superpower] ttype=dark
INFO     	       pelipper      drizzle  choicespecs [hurricane, hydropump, uturn, weatherball] ttype=water
INFO     Sampling battle 14
INFO     	ogerponwellspring  waterabsorb wellspringmask [hornleech, ivycudgel, knockoff, swordsdance] ttype=water
INFO     	         deoxys     pressure      lifeorb [extremespeed, knockoff, psychoboost, superpower] ttype=fighting
INFO     	       pelipper      drizzle  choicespecs [hurricane, hydropump, uturn, weatherball] ttype=flying
INFO     Sampling battle 15
INFO     	ogerponwellspring  waterabsorb wellspringmask [ivycudgel, knockoff, powerwhip, swordsdance] ttype=water
INFO     	         deoxys     pressure      lifeorb [icebeam, knockoff, psychoboost, superpower] ttype=psychic
INFO     	       pelipper      drizzle heavydutyboots [hurricane, hydropump, knockoff, roost] ttype=ground
INFO     Searching for a move using MCTS...
INFO     Sampling 16 battles at 500ms each
INFO     Choice: extremespeed
INFO     Opponent has switched - clearing the last used move
INFO     Weather raindance is active
INFO     Weather turns remaining: 5
INFO     Setting pelipper ability to drizzle
INFO     entei already has the move extremespeed. Decrementing the PP by 1
INFO     entei used a normal move, removing normalgem from possible items
INFO     Setting entei's last used move: extremespeed
INFO     entei used a damaging move - not guessing lifeorb anymore
INFO     entei did 33.0% damage to pelipper with extremespeed
INFO     Weather raindance is active
INFO     Weather turns remaining: 4
INFO     pelipper has less than maxhp during upkeep, no longer guessing leftovers or blacksludge
INFO     
INFO     Turn: 16
INFO     loaded 3 player and 0 effective opponent priors
INFO     Sampling battle 0
INFO     	       pelipper      drizzle heavydutyboots [hurricane, roost, surf, uturn] ttype=ground
INFO     	         deoxys     pressure      lifeorb [extremespeed, knockoff, psychoboost, superpower] ttype=dark
INFO     	ogerponwellspring  waterabsorb wellspringmask [hornleech, ivycudgel, knockoff, swordsdance] ttype=water
INFO     Sampling battle 1
INFO     	       pelipper      drizzle  choicespecs [hurricane, hydropump, uturn, weatherball] ttype=water
INFO     	         deoxys     pressure      lifeorb [icebeam, knockoff, psychoboost, superpower] ttype=psychic
INFO     	ogerponwellspring  waterabsorb wellspringmask [ivycudgel, knockoff, powerwhip, swordsdance] ttype=water
INFO     Sampling battle 2
INFO     	       pelipper      drizzle  choicespecs [hurricane, hydropump, uturn, weatherball] ttype=water
INFO     	         deoxys     pressure      lifeorb [icebeam, knockoff, psychoboost, superpower] ttype=dark
INFO     	ogerponwellspring  waterabsorb wellspringmask [hornleech, ivycudgel, knockoff, swordsdance] ttype=water
INFO     Sampling battle 3
INFO     	       pelipper      drizzle  choicespecs [hurricane, hydropump, uturn, weatherball] ttype=water
INFO     	         deoxys     pressure      lifeorb [icebeam, knockoff, psychoboost, superpower] ttype=dark
INFO     	ogerponwellspring  waterabsorb wellspringmask [ivycudgel, knockoff, powerwhip, swordsdance] ttype=water
INFO     Sampling battle 4
INFO     	       pelipper      drizzle heavydutyboots [hurricane, hydropump, roost, uturn] ttype=ground
INFO     	         deoxys     pressure      lifeorb [icebeam, knockoff, psychoboost, superpower] ttype=psychic
INFO     	ogerponwellspring  waterabsorb wellspringmask [hornleech, ivycudgel, knockoff, swordsdance] ttype=water
INFO     Sampling battle 5
INFO     	       pelipper      drizzle  choicespecs [hurricane, hydropump, uturn, weatherball] ttype=water
INFO     	         deoxys     pressure      lifeorb [icebeam, knockoff, psychoboost, superpower] ttype=fighting
INFO     	ogerponwellspring  waterabsorb wellspringmask [hornleech, ivycudgel, knockoff, swordsdance] ttype=water
INFO     Sampling battle 6
INFO     	       pelipper      drizzle  choicespecs [hurricane, hydropump, uturn, weatherball] ttype=flying
INFO     	         deoxys     pressure      lifeorb [icebeam, knockoff, psychoboost, superpower] ttype=psychic
INFO     	ogerponwellspring  waterabsorb wellspringmask [ivycudgel, knockoff, powerwhip, swordsdance] ttype=water
INFO     Sampling battle 7
INFO     	       pelipper      drizzle heavydutyboots [hurricane, roost, surf, uturn] ttype=water
INFO     	         deoxys     pressure      lifeorb [extremespeed, knockoff, psychoboost, superpower] ttype=psychic
INFO     	ogerponwellspring  waterabsorb wellspringmask [hornleech, ivycudgel, knockoff, swordsdance] ttype=water
INFO     Sampling battle 8
INFO     	       pelipper      drizzle heavydutyboots [hurricane, hydropump, knockoff, roost] ttype=ground
INFO     	         deoxys     pressure      lifeorb [extremespeed, knockoff, psychoboost, superpower] ttype=dark
INFO     	ogerponwellspring  waterabsorb wellspringmask [hornleech, ivycudgel, knockoff, swordsdance] ttype=water
INFO     Sampling battle 9
INFO     	       pelipper      drizzle  choicespecs [hurricane, hydropump, uturn, weatherball] ttype=flying
INFO     	         deoxys     pressure      lifeorb [icebeam, knockoff, psychoboost, superpower] ttype=dark
INFO     	ogerponwellspring  waterabsorb wellspringmask [hornleech, ivycudgel, knockoff, swordsdance] ttype=water
INFO     Sampling battle 10
INFO     	       pelipper      drizzle heavydutyboots [hurricane, roost, surf, uturn] ttype=ground
INFO     	         deoxys     pressure      lifeorb [icebeam, knockoff, psychoboost, superpower] ttype=psychic
INFO     	ogerponwellspring  waterabsorb wellspringmask [ivycudgel, knockoff, powerwhip, swordsdance] ttype=water
INFO     Sampling battle 11
INFO     	       pelipper      drizzle  choicespecs [hurricane, hydropump, uturn, weatherball] ttype=water
INFO     	         deoxys     pressure      lifeorb [icebeam, knockoff, psychoboost, superpower] ttype=dark
INFO     	ogerponwellspring  waterabsorb wellspringmask [ivycudgel, knockoff, powerwhip, swordsdance] ttype=water
INFO     Sampling battle 12
INFO     	       pelipper      drizzle heavydutyboots [hurricane, knockoff, roost, surf] ttype=ground
INFO     	         deoxys     pressure      lifeorb [extremespeed, knockoff, psychoboost, superpower] ttype=fighting
INFO     	ogerponwellspring  waterabsorb wellspringmask [ivycudgel, knockoff, powerwhip, swordsdance] ttype=water
INFO     Sampling battle 13
INFO     	       pelipper      drizzle  choicespecs [hurricane, hydropump, uturn, weatherball] ttype=water
INFO     	         deoxys     pressure      lifeorb [icebeam, knockoff, psychoboost, superpower] ttype=psychic
INFO     	ogerponwellspring  waterabsorb wellspringmask [hornleech, ivycudgel, knockoff, swordsdance] ttype=water
INFO     Sampling battle 14
INFO     	       pelipper      drizzle heavydutyboots [hurricane, hydropump, knockoff, roost] ttype=ground
INFO     	         deoxys     pressure      lifeorb [icebeam, knockoff, psychoboost, superpower] ttype=fighting
INFO     	ogerponwellspring  waterabsorb wellspringmask [ivycudgel, knockoff, powerwhip, swordsdance] ttype=water
INFO     Sampling battle 15
INFO     	       pelipper      drizzle heavydutyboots [hurricane, roost, surf, uturn] ttype=ground
INFO     	         deoxys     pressure      lifeorb [icebeam, knockoff, psychoboost, superpower] ttype=dark
INFO     	ogerponwellspring  waterabsorb wellspringmask [hornleech, ivycudgel, knockoff, swordsdance] ttype=water
INFO     Searching for a move using MCTS...
INFO     Sampling 16 battles at 500ms each
INFO     Choice: extremespeed
INFO     entei already has the move extremespeed. Decrementing the PP by 1
INFO     entei used a normal move, removing normalgem from possible items
INFO     Setting entei's last used move: extremespeed
INFO     entei used a damaging move - not guessing lifeorb anymore
INFO     entei did 33.0% damage to pelipper with extremespeed
INFO     pelipper using roost makes it unlikely to have a choice item. Setting can_have_choice_item to False
INFO     pelipper used a status-move. Adding `assaultvest` to impossible items
INFO     Setting pelipper's last used move: roost
INFO     pelipper has acquired the 'roost' volatilestatus
INFO     Weather raindance is active
INFO     Weather turns remaining: 3
INFO     Removing 'roost' from pelipper's volatiles
INFO     pelipper has less than maxhp during upkeep, no longer guessing leftovers or blacksludge
INFO     
INFO     Turn: 17
INFO     loaded 3 player and 0 effective opponent priors
INFO     Sampling battle 0
INFO     	       pelipper      drizzle heavydutyboots [hurricane, hydropump, knockoff, roost] ttype=ground
INFO     	         deoxys     pressure      lifeorb [icebeam, knockoff, psychoboost, superpower] ttype=fighting
INFO     	ogerponwellspring  waterabsorb wellspringmask [ivycudgel, knockoff, powerwhip, swordsdance] ttype=water
INFO     Sampling battle 1
INFO     	       pelipper      drizzle heavydutyboots [hurricane, roost, surf, uturn] ttype=water
INFO     	         deoxys     pressure      lifeorb [icebeam, knockoff, psychoboost, superpower] ttype=dark
INFO     	ogerponwellspring  waterabsorb wellspringmask [ivycudgel, knockoff, powerwhip, swordsdance] ttype=water
INFO     Sampling battle 2
INFO     	       pelipper      drizzle heavydutyboots [hurricane, knockoff, roost, surf] ttype=water
INFO     	         deoxys     pressure      lifeorb [extremespeed, knockoff, psychoboost, superpower] ttype=dark
INFO     	ogerponwellspring  waterabsorb wellspringmask [ivycudgel, knockoff, powerwhip, swordsdance] ttype=water
INFO     Sampling battle 3
INFO     	       pelipper      drizzle heavydutyboots [hurricane, hydropump, roost, uturn] ttype=water
INFO     	         deoxys     pressure      lifeorb [icebeam, knockoff, psychoboost, superpower] ttype=dark
INFO     	ogerponwellspring  waterabsorb wellspringmask [hornleech, ivycudgel, knockoff, swordsdance] ttype=water
INFO     Sampling battle 4
INFO     	       pelipper      drizzle heavydutyboots [hurricane, roost, surf, uturn] ttype=water
INFO     	         deoxys     pressure      lifeorb [icebeam, knockoff, psychoboost, superpower] ttype=fighting
INFO     	ogerponwellspring  waterabsorb wellspringmask [ivycudgel, knockoff, powerwhip, swordsdance] ttype=water
INFO     Sampling battle 5
INFO     	       pelipper      drizzle heavydutyboots [hurricane, hydropump, knockoff, roost] ttype=ground
INFO     	         deoxys     pressure      lifeorb [icebeam, knockoff, psychoboost, superpower] ttype=psychic
INFO     	ogerponwellspring  waterabsorb wellspringmask [ivycudgel, knockoff, powerwhip, swordsdance] ttype=water
INFO     Sampling battle 6
INFO     	       pelipper      drizzle heavydutyboots [hurricane, hydropump, knockoff, roost] ttype=ground
INFO     	         deoxys     pressure      lifeorb [icebeam, knockoff, psychoboost, superpower] ttype=dark
INFO     	ogerponwellspring  waterabsorb wellspringmask [ivycudgel, knockoff, powerwhip, swordsdance] ttype=water
INFO     Sampling battle 7
INFO     	       pelipper      drizzle heavydutyboots [hurricane, roost, surf, uturn] ttype=ground
INFO     	         deoxys     pressure      lifeorb [extremespeed, knockoff, psychoboost, superpower] ttype=dark
INFO     	ogerponwellspring  waterabsorb wellspringmask [hornleech, ivycudgel, knockoff, swordsdance] ttype=water
INFO     Sampling battle 8
INFO     	       pelipper      drizzle heavydutyboots [hurricane, hydropump, roost, uturn] ttype=water
INFO     	         deoxys     pressure      lifeorb [icebeam, knockoff, psychoboost, superpower] ttype=psychic
INFO     	ogerponwellspring  waterabsorb wellspringmask [ivycudgel, knockoff, powerwhip, swordsdance] ttype=water
INFO     Sampling battle 9
INFO     	       pelipper      drizzle heavydutyboots [hurricane, hydropump, roost, uturn] ttype=water
INFO     	         deoxys     pressure      lifeorb [icebeam, knockoff, psychoboost, superpower] ttype=dark
INFO     	ogerponwellspring  waterabsorb wellspringmask [hornleech, ivycudgel, knockoff, swordsdance] ttype=water
INFO     Sampling battle 10
INFO     	       pelipper      drizzle heavydutyboots [hurricane, hydropump, roost, uturn] ttype=ground
INFO     	         deoxys     pressure      lifeorb [icebeam, knockoff, psychoboost, superpower] ttype=dark
INFO     	ogerponwellspring  waterabsorb wellspringmask [ivycudgel, knockoff, powerwhip, swordsdance] ttype=water
INFO     Sampling battle 11
INFO     	       pelipper      drizzle heavydutyboots [hurricane, hydropump, knockoff, roost] ttype=ground
INFO     	         deoxys     pressure      lifeorb [extremespeed, knockoff, psychoboost, superpower] ttype=fighting
INFO     	ogerponwellspring  waterabsorb wellspringmask [hornleech, ivycudgel, knockoff, swordsdance] ttype=water
INFO     Sampling battle 12
INFO     	       pelipper      drizzle heavydutyboots [hurricane, roost, surf, uturn] ttype=ground
INFO     	         deoxys     pressure      lifeorb [icebeam, knockoff, psychoboost, superpower] ttype=fighting
INFO     	ogerponwellspring  waterabsorb wellspringmask [ivycudgel, knockoff, powerwhip, swordsdance] ttype=water
INFO     Sampling battle 13
INFO     	       pelipper      drizzle heavydutyboots [hurricane, hydropump, roost, uturn] ttype=ground
INFO     	         deoxys     pressure      lifeorb [icebeam, knockoff, psychoboost, superpower] ttype=dark
INFO     	ogerponwellspring  waterabsorb wellspringmask [hornleech, ivycudgel, knockoff, swordsdance] ttype=water
INFO     Sampling battle 14
INFO     	       pelipper      drizzle heavydutyboots [hurricane, roost, surf, uturn] ttype=water
INFO     	         deoxys     pressure      lifeorb [icebeam, knockoff, psychoboost, superpower] ttype=psychic
INFO     	ogerponwellspring  waterabsorb wellspringmask [hornleech, ivycudgel, knockoff, swordsdance] ttype=water
INFO     Sampling battle 15
INFO     	       pelipper      drizzle heavydutyboots [hurricane, hydropump, knockoff, roost] ttype=water
INFO     	         deoxys     pressure      lifeorb [extremespeed, knockoff, psychoboost, superpower] ttype=dark
INFO     	ogerponwellspring  waterabsorb wellspringmask [ivycudgel, knockoff, powerwhip, swordsdance] ttype=water
INFO     Searching for a move using MCTS...
INFO     Sampling 16 battles at 500ms each
INFO     Choice: switch wigglytuff
INFO     wigglytuff switched in, adding intimidate to impossible abilities
INFO     wigglytuff switched in, adding pressure to impossible abilities
INFO     wigglytuff switched in, adding neutralizinggas to impossible abilities
INFO     wigglytuff switched in, adding sandstream to impossible abilities
INFO     wigglytuff switched in, adding drought to impossible abilities
INFO     Not adding drizzle to wigglytuff's impossible abilities because the weather would not have triggered
INFO     wigglytuff switched in, adding snowwarning to impossible abilities
INFO     wigglytuff switched in, adding boosterenergy to impossible items
INFO     wigglytuff switched in, adding airballoon to impossible items
INFO     pelipper used two different moves - it cannot have a choice item
INFO     pelipper used a water move, removing watergem from possible items
INFO     Setting pelipper's last used move: hydropump
INFO     pelipper used a damaging move - not guessing lifeorb anymore
INFO     pelipper did 6.84% damage to wigglytuff with hydropump
INFO     Weather raindance is active
INFO     Weather turns remaining: 2
INFO     pelipper has less than maxhp during upkeep, no longer guessing leftovers or blacksludge
INFO     loaded 2 player and 0 effective opponent priors
INFO     Sampling battle 0
INFO     	       pelipper      drizzle heavydutyboots [hurricane, hydropump, knockoff, roost] ttype=ground
INFO     	         deoxys     pressure      lifeorb [icebeam, knockoff, psychoboost, superpower] ttype=fighting
INFO     	ogerponwellspring  waterabsorb wellspringmask [hornleech, ivycudgel, knockoff, swordsdance] ttype=water
INFO     Sampling battle 1
INFO     	       pelipper      drizzle heavydutyboots [hurricane, hydropump, roost, uturn] ttype=ground
INFO     	         deoxys     pressure      lifeorb [icebeam, knockoff, psychoboost, superpower] ttype=psychic
INFO     	ogerponwellspring  waterabsorb wellspringmask [hornleech, ivycudgel, knockoff, swordsdance] ttype=water
INFO     Sampling battle 2
INFO     	       pelipper      drizzle heavydutyboots [hurricane, hydropump, knockoff, roost] ttype=water
INFO     	         deoxys     pressure      lifeorb [extremespeed, knockoff, psychoboost, superpower] ttype=dark
INFO     	ogerponwellspring  waterabsorb wellspringmask [ivycudgel, knockoff, powerwhip, swordsdance] ttype=water
INFO     Sampling battle 3
INFO     	       pelipper      drizzle heavydutyboots [hurricane, hydropump, knockoff, roost] ttype=water
INFO     	         deoxys     pressure      lifeorb [icebeam, knockoff, psychoboost, superpower] ttype=dark
INFO     	ogerponwellspring  waterabsorb wellspringmask [ivycudgel, knockoff, powerwhip, swordsdance] ttype=water
INFO     Sampling battle 4
INFO     	       pelipper      drizzle heavydutyboots [hurricane, hydropump, knockoff, roost] ttype=water
INFO     	         deoxys     pressure      lifeorb [extremespeed, knockoff, psychoboost, superpower] ttype=psychic
INFO     	ogerponwellspring  waterabsorb wellspringmask [ivycudgel, knockoff, powerwhip, swordsdance] ttype=water
INFO     Sampling battle 5
INFO     	       pelipper      drizzle heavydutyboots [hurricane, hydropump, roost, uturn] ttype=water
INFO     	         deoxys     pressure      lifeorb [extremespeed, knockoff, psychoboost, superpower] ttype=fighting
INFO     	ogerponwellspring  waterabsorb wellspringmask [ivycudgel, knockoff, powerwhip, swordsdance] ttype=water
INFO     Sampling battle 6
INFO     	       pelipper      drizzle heavydutyboots [hurricane, hydropump, roost, uturn] ttype=water
INFO     	         deoxys     pressure      lifeorb [icebeam, knockoff, psychoboost, superpower] ttype=psychic
INFO     	ogerponwellspring  waterabsorb wellspringmask [ivycudgel, knockoff, powerwhip, swordsdance] ttype=water
INFO     Sampling battle 7
INFO     	       pelipper      drizzle heavydutyboots [hurricane, hydropump, knockoff, roost] ttype=water
INFO     	         deoxys     pressure      lifeorb [icebeam, knockoff, psychoboost, superpower] ttype=dark
INFO     	ogerponwellspring  waterabsorb wellspringmask [ivycudgel, knockoff, powerwhip, swordsdance] ttype=water
INFO     Sampling battle 8
INFO     	       pelipper      drizzle heavydutyboots [hurricane, hydropump, roost, uturn] ttype=ground
INFO     	         deoxys     pressure      lifeorb [icebeam, knockoff, psychoboost, superpower] ttype=psychic
INFO     	ogerponwellspring  waterabsorb wellspringmask [ivycudgel, knockoff, powerwhip, swordsdance] ttype=water
INFO     Sampling battle 9
INFO     	       pelipper      drizzle heavydutyboots [hurricane, hydropump, roost, uturn] ttype=ground
INFO     	         deoxys     pressure      lifeorb [icebeam, knockoff, psychoboost, superpower] ttype=fighting
INFO     	ogerponwellspring  waterabsorb wellspringmask [ivycudgel, knockoff, powerwhip, swordsdance] ttype=water
INFO     Sampling battle 10
INFO     	       pelipper      drizzle heavydutyboots [hurricane, hydropump, knockoff, roost] ttype=water
INFO     	         deoxys     pressure      lifeorb [icebeam, knockoff, psychoboost, superpower] ttype=dark
INFO     	ogerponwellspring  waterabsorb wellspringmask [ivycudgel, knockoff, powerwhip, swordsdance] ttype=water
INFO     Sampling battle 11
INFO     	       pelipper      drizzle heavydutyboots [hurricane, hydropump, roost, uturn] ttype=water
INFO     	         deoxys     pressure      lifeorb [icebeam, knockoff, psychoboost, superpower] ttype=psychic
INFO     	ogerponwellspring  waterabsorb wellspringmask [hornleech, ivycudgel, knockoff, swordsdance] ttype=water
INFO     Sampling battle 12
INFO     	       pelipper      drizzle heavydutyboots [hurricane, hydropump, knockoff, roost] ttype=ground
INFO     	         deoxys     pressure      lifeorb [extremespeed, knockoff, psychoboost, superpower] ttype=normal
INFO     	ogerponwellspring  waterabsorb wellspringmask [hornleech, ivycudgel, knockoff, swordsdance] ttype=water
INFO     Sampling battle 13
INFO     	       pelipper      drizzle heavydutyboots [hurricane, hydropump, roost, uturn] ttype=water
INFO     	         deoxys     pressure      lifeorb [icebeam, knockoff, psychoboost, superpower] ttype=fighting
INFO     	ogerponwellspring  waterabsorb wellspringmask [ivycudgel, knockoff, powerwhip, swordsdance] ttype=water
INFO     Sampling battle 14
INFO     	       pelipper      drizzle heavydutyboots [hurricane, hydropump, knockoff, roost] ttype=water
INFO     	         deoxys     pressure      lifeorb [icebeam, knockoff, psychoboost, superpower] ttype=fighting
INFO     	ogerponwellspring  waterabsorb wellspringmask [hornleech, ivycudgel, knockoff, swordsdance] ttype=water
INFO     Sampling battle 15
INFO     	       pelipper      drizzle heavydutyboots [hurricane, hydropump, knockoff, roost] ttype=ground
INFO     	         deoxys     pressure      lifeorb [icebeam, knockoff, psychoboost, superpower] ttype=dark
INFO     	ogerponwellspring  waterabsorb wellspringmask [hornleech, ivycudgel, knockoff, swordsdance] ttype=water
INFO     Searching for a move using MCTS...
INFO     Sampling 16 battles at 500ms each
INFO     Choice: switch entei
INFO     Not adding drizzle to entei's impossible abilities because the weather would not have triggered
INFO     
INFO     Turn: 18
INFO     loaded 5 player and 0 effective opponent priors
INFO     Sampling battle 0
INFO     	       pelipper      drizzle heavydutyboots [hurricane, hydropump, knockoff, roost] ttype=ground
INFO     	         deoxys     pressure      lifeorb [extremespeed, knockoff, psychoboost, superpower] ttype=psychic
INFO     	ogerponwellspring  waterabsorb wellspringmask [ivycudgel, knockoff, powerwhip, swordsdance] ttype=water
INFO     Sampling battle 1
INFO     	       pelipper      drizzle heavydutyboots [hurricane, hydropump, knockoff, roost] ttype=ground
INFO     	         deoxys     pressure      lifeorb [extremespeed, knockoff, psychoboost, superpower] ttype=dark
INFO     	ogerponwellspring  waterabsorb wellspringmask [ivycudgel, knockoff, powerwhip, swordsdance] ttype=water
INFO     Sampling battle 2
INFO     	       pelipper      drizzle heavydutyboots [hurricane, hydropump, roost, uturn] ttype=ground
INFO     	         deoxys     pressure      lifeorb [extremespeed, knockoff, psychoboost, superpower] ttype=psychic
INFO     	ogerponwellspring  waterabsorb wellspringmask [ivycudgel, knockoff, powerwhip, swordsdance] ttype=water
INFO     Sampling battle 3
INFO     	       pelipper      drizzle heavydutyboots [hurricane, hydropump, roost, uturn] ttype=water
INFO     	         deoxys     pressure      lifeorb [icebeam, knockoff, psychoboost, superpower] ttype=dark
INFO     	ogerponwellspring  waterabsorb wellspringmask [hornleech, ivycudgel, knockoff, swordsdance] ttype=water
INFO     Sampling battle 4
INFO     	       pelipper      drizzle heavydutyboots [hurricane, hydropump, roost, uturn] ttype=ground
INFO     	         deoxys     pressure      lifeorb [extremespeed, knockoff, psychoboost, superpower] ttype=fighting
INFO     	ogerponwellspring  waterabsorb wellspringmask [ivycudgel, knockoff, powerwhip, swordsdance] ttype=water
INFO     Sampling battle 5
INFO     	       pelipper      drizzle heavydutyboots [hurricane, hydropump, knockoff, roost] ttype=water
INFO     	         deoxys     pressure      lifeorb [icebeam, knockoff, psychoboost, superpower] ttype=psychic
INFO     	ogerponwellspring  waterabsorb wellspringmask [hornleech, ivycudgel, knockoff, swordsdance] ttype=water
INFO     Sampling battle 6
INFO     	       pelipper      drizzle heavydutyboots [hurricane, hydropump, knockoff, roost] ttype=ground
INFO     	         deoxys     pressure      lifeorb [extremespeed, knockoff, psychoboost, superpower] ttype=psychic
INFO     	ogerponwellspring  waterabsorb wellspringmask [ivycudgel, knockoff, powerwhip, swordsdance] ttype=water
INFO     Sampling battle 7
INFO     	       pelipper      drizzle heavydutyboots [hurricane, hydropump, roost, uturn] ttype=ground
INFO     	         deoxys     pressure      lifeorb [icebeam, knockoff, psychoboost, superpower] ttype=fighting
INFO     	ogerponwellspring  waterabsorb wellspringmask [ivycudgel, knockoff, powerwhip, swordsdance] ttype=water
INFO     Sampling battle 8
INFO     	       pelipper      drizzle heavydutyboots [hurricane, hydropump, roost, uturn] ttype=water
INFO     	         deoxys     pressure      lifeorb [extremespeed, knockoff, psychoboost, superpower] ttype=normal
INFO     	ogerponwellspring  waterabsorb wellspringmask [ivycudgel, knockoff, powerwhip, swordsdance] ttype=water
INFO     Sampling battle 9
INFO     	       pelipper      drizzle heavydutyboots [hurricane, hydropump, knockoff, roost] ttype=water
INFO     	         deoxys     pressure      lifeorb [extremespeed, knockoff, psychoboost, superpower] ttype=dark
INFO     	ogerponwellspring  waterabsorb wellspringmask [hornleech, ivycudgel, knockoff, swordsdance] ttype=water
INFO     Sampling battle 10
INFO     	       pelipper      drizzle heavydutyboots [hurricane, hydropump, roost, uturn] ttype=ground
INFO     	         deoxys     pressure      lifeorb [icebeam, knockoff, psychoboost, superpower] ttype=fighting
INFO     	ogerponwellspring  waterabsorb wellspringmask [hornleech, ivycudgel, knockoff, swordsdance] ttype=water
INFO     Sampling battle 11
INFO     	       pelipper      drizzle heavydutyboots [hurricane, hydropump, roost, uturn] ttype=water
INFO     	         deoxys     pressure      lifeorb [icebeam, knockoff, psychoboost, superpower] ttype=dark
INFO     	ogerponwellspring  waterabsorb wellspringmask [ivycudgel, knockoff, powerwhip, swordsdance] ttype=water
INFO     Sampling battle 12
INFO     	       pelipper      drizzle heavydutyboots [hurricane, hydropump, roost, uturn] ttype=ground
INFO     	         deoxys     pressure      lifeorb [extremespeed, knockoff, psychoboost, superpower] ttype=psychic
INFO     	ogerponwellspring  waterabsorb wellspringmask [ivycudgel, knockoff, powerwhip, swordsdance] ttype=water
INFO     Sampling battle 13
INFO     	       pelipper      drizzle heavydutyboots [hurricane, hydropump, roost, uturn] ttype=ground
INFO     	         deoxys     pressure      lifeorb [icebeam, knockoff, psychoboost, superpower] ttype=dark
INFO     	ogerponwellspring  waterabsorb wellspringmask [ivycudgel, knockoff, powerwhip, swordsdance] ttype=water
INFO     Sampling battle 14
INFO     	       pelipper      drizzle heavydutyboots [hurricane, hydropump, roost, uturn] ttype=water
INFO     	         deoxys     pressure      lifeorb [icebeam, knockoff, psychoboost, superpower] ttype=psychic
INFO     	ogerponwellspring  waterabsorb wellspringmask [ivycudgel, knockoff, powerwhip, swordsdance] ttype=water
INFO     Sampling battle 15
INFO     	       pelipper      drizzle heavydutyboots [hurricane, hydropump, roost, uturn] ttype=water
INFO     	         deoxys     pressure      lifeorb [icebeam, knockoff, psychoboost, superpower] ttype=fighting
INFO     	ogerponwellspring  waterabsorb wellspringmask [hornleech, ivycudgel, knockoff, swordsdance] ttype=water
INFO     Searching for a move using MCTS...
INFO     Sampling 16 battles at 500ms each
INFO     Choice: stoneedge
INFO     Updated pelipper's max speed to 201
INFO     entei already has the move stoneedge. Decrementing the PP by 1
INFO     entei used a rock move, removing rockgem from possible items
INFO     Setting entei's last used move: stoneedge
INFO     entei used a damaging move - not guessing lifeorb anymore
INFO     entei did 74.0% damage to pelipper with stoneedge
INFO     pelipper already has the move hydropump. Decrementing the PP by 1
INFO     pelipper used a water move, removing watergem from possible items
INFO     Setting pelipper's last used move: hydropump
INFO     pelipper used a damaging move - not guessing lifeorb anymore
INFO     Weather raindance is active
INFO     Weather turns remaining: 1
INFO     pelipper has less than maxhp during upkeep, no longer guessing leftovers or blacksludge
INFO     
INFO     Turn: 19
INFO     loaded 2 player and 0 effective opponent priors
INFO     Sampling battle 0
INFO     	       pelipper      drizzle heavydutyboots [hurricane, hydropump, knockoff, roost] ttype=water
INFO     	         deoxys     pressure      lifeorb [icebeam, knockoff, psychoboost, superpower] ttype=psychic
INFO     	ogerponwellspring  waterabsorb wellspringmask [hornleech, ivycudgel, knockoff, swordsdance] ttype=water
INFO     Sampling battle 1
INFO     	       pelipper      drizzle heavydutyboots [hurricane, hydropump, roost, uturn] ttype=water
INFO     	         deoxys     pressure      lifeorb [icebeam, knockoff, psychoboost, superpower] ttype=dark
INFO     	ogerponwellspring  waterabsorb wellspringmask [ivycudgel, knockoff, powerwhip, swordsdance] ttype=water
INFO     Sampling battle 2
INFO     	       pelipper      drizzle heavydutyboots [hurricane, hydropump, roost, uturn] ttype=ground
INFO     	         deoxys     pressure      lifeorb [icebeam, knockoff, psychoboost, superpower] ttype=dark
INFO     	ogerponwellspring  waterabsorb wellspringmask [hornleech, ivycudgel, knockoff, swordsdance] ttype=water
INFO     Sampling battle 3
INFO     	       pelipper      drizzle heavydutyboots [hurricane, hydropump, knockoff, roost] ttype=water
INFO     	         deoxys     pressure      lifeorb [icebeam, knockoff, psychoboost, superpower] ttype=psychic
INFO     	ogerponwellspring  waterabsorb wellspringmask [hornleech, ivycudgel, knockoff, swordsdance] ttype=water
INFO     Sampling battle 4
INFO     	       pelipper      drizzle heavydutyboots [hurricane, hydropump, roost, uturn] ttype=ground
INFO     	         deoxys     pressure      lifeorb [icebeam, knockoff, psychoboost, superpower] ttype=dark
INFO     	ogerponwellspring  waterabsorb wellspringmask [hornleech, ivycudgel, knockoff, swordsdance] ttype=water
INFO     Sampling battle 5
INFO     	       pelipper      drizzle heavydutyboots [hurricane, hydropump, knockoff, roost] ttype=water
INFO     	         deoxys     pressure      lifeorb [icebeam, knockoff, psychoboost, superpower] ttype=fighting
INFO     	ogerponwellspring  waterabsorb wellspringmask [hornleech, ivycudgel, knockoff, swordsdance] ttype=water
INFO     Sampling battle 6
INFO     	       pelipper      drizzle heavydutyboots [hurricane, hydropump, knockoff, roost] ttype=ground
INFO     	         deoxys     pressure      lifeorb [extremespeed, knockoff, psychoboost, superpower] ttype=fighting
INFO     	ogerponwellspring  waterabsorb wellspringmask [hornleech, ivycudgel, knockoff, swordsdance] ttype=water
INFO     Sampling battle 7
INFO     	       pelipper      drizzle heavydutyboots [hurricane, hydropump, knockoff, roost] ttype=ground
INFO     	         deoxys     pressure      lifeorb [extremespeed, knockoff, psychoboost, superpower] ttype=normal
INFO     	ogerponwellspring  waterabsorb wellspringmask [ivycudgel, knockoff, powerwhip, swordsdance] ttype=water
INFO     Sampling battle 8
INFO     	       pelipper      drizzle heavydutyboots [hurricane, hydropump, knockoff, roost] ttype=water
INFO     	         deoxys     pressure      lifeorb [icebeam, knockoff, psychoboost, superpower] ttype=fighting
INFO     	ogerponwellspring  waterabsorb wellspringmask [hornleech, ivycudgel, knockoff, swordsdance] ttype=water
INFO     Sampling battle 9
INFO     	       pelipper      drizzle heavydutyboots [hurricane, hydropump, roost, uturn] ttype=ground
INFO     	         deoxys     pressure      lifeorb [extremespeed, knockoff, psychoboost, superpower] ttype=psychic
INFO     	ogerponwellspring  waterabsorb wellspringmask [ivycudgel, knockoff, powerwhip, swordsdance] ttype=water
INFO     Sampling battle 10
INFO     	       pelipper      drizzle heavydutyboots [hurricane, hydropump, roost, uturn] ttype=ground
INFO     	         deoxys     pressure      lifeorb [extremespeed, knockoff, psychoboost, superpower] ttype=normal
INFO     	ogerponwellspring  waterabsorb wellspringmask [hornleech, ivycudgel, knockoff, swordsdance] ttype=water
INFO     Sampling battle 11
INFO     	       pelipper      drizzle heavydutyboots [hurricane, hydropump, knockoff, roost] ttype=ground
INFO     	         deoxys     pressure      lifeorb [icebeam, knockoff, psychoboost, superpower] ttype=dark
INFO     	ogerponwellspring  waterabsorb wellspringmask [ivycudgel, knockoff, powerwhip, swordsdance] ttype=water
INFO     Sampling battle 12
INFO     	       pelipper      drizzle heavydutyboots [hurricane, hydropump, knockoff, roost] ttype=water
INFO     	         deoxys     pressure      lifeorb [extremespeed, knockoff, psychoboost, superpower] ttype=normal
INFO     	ogerponwellspring  waterabsorb wellspringmask [hornleech, ivycudgel, knockoff, swordsdance] ttype=water
INFO     Sampling battle 13
INFO     	       pelipper      drizzle heavydutyboots [hurricane, hydropump, roost, uturn] ttype=ground
INFO     	         deoxys     pressure      lifeorb [extremespeed, knockoff, psychoboost, superpower] ttype=dark
INFO     	ogerponwellspring  waterabsorb wellspringmask [hornleech, ivycudgel, knockoff, swordsdance] ttype=water
INFO     Sampling battle 14
INFO     	       pelipper      drizzle heavydutyboots [hurricane, hydropump, knockoff, roost] ttype=ground
INFO     	         deoxys     pressure      lifeorb [icebeam, knockoff, psychoboost, superpower] ttype=dark
INFO     	ogerponwellspring  waterabsorb wellspringmask [hornleech, ivycudgel, knockoff, swordsdance] ttype=water
INFO     Sampling battle 15
INFO     	       pelipper      drizzle heavydutyboots [hurricane, hydropump, roost, uturn] ttype=water
INFO     	         deoxys     pressure      lifeorb [icebeam, knockoff, psychoboost, superpower] ttype=dark
INFO     	ogerponwellspring  waterabsorb wellspringmask [ivycudgel, knockoff, powerwhip, swordsdance] ttype=water
INFO     Searching for a move using MCTS...
INFO     Sampling 16 battles at 500ms each
INFO     Choice: switch probopass
INFO     probopass switched in, adding intimidate to impossible abilities
INFO     probopass switched in, adding pressure to impossible abilities
INFO     probopass switched in, adding neutralizinggas to impossible abilities
INFO     probopass switched in, adding sandstream to impossible abilities
INFO     probopass switched in, adding drought to impossible abilities
INFO     Not adding drizzle to probopass's impossible abilities because the weather would not have triggered
INFO     probopass switched in, adding snowwarning to impossible abilities
INFO     probopass switched in, adding boosterenergy to impossible items
INFO     probopass switched in, adding airballoon to impossible items
INFO     pelipper already has the move hydropump. Decrementing the PP by 1
INFO     pelipper used a water move, removing watergem from possible items
INFO     Setting pelipper's last used move: hydropump
INFO     pelipper used a damaging move - not guessing lifeorb anymore
INFO     pelipper did 79.38% damage to probopass with hydropump
INFO     Weather none is active
INFO     Resetting weather source to None
INFO     Weather turns remaining: 5
INFO     pelipper has less than maxhp during upkeep, no longer guessing leftovers or blacksludge
INFO     
INFO     Turn: 20
INFO     loaded 5 player and 0 effective opponent priors
INFO     Sampling battle 0
INFO     	       pelipper      drizzle heavydutyboots [hurricane, hydropump, knockoff, roost] ttype=ground
INFO     	         deoxys     pressure      lifeorb [extremespeed, knockoff, psychoboost, superpower] ttype=psychic
INFO     	ogerponwellspring  waterabsorb wellspringmask [hornleech, ivycudgel, knockoff, swordsdance] ttype=water
INFO     Sampling battle 1
INFO     	       pelipper      drizzle heavydutyboots [hurricane, hydropump, roost, uturn] ttype=ground
INFO     	         deoxys     pressure      lifeorb [extremespeed, knockoff, psychoboost, superpower] ttype=normal
INFO     	ogerponwellspring  waterabsorb wellspringmask [hornleech, ivycudgel, knockoff, swordsdance] ttype=water
INFO     Sampling battle 2
INFO     	       pelipper      drizzle heavydutyboots [hurricane, hydropump, knockoff, roost] ttype=ground
INFO     	         deoxys     pressure      lifeorb [extremespeed, knockoff, psychoboost, superpower] ttype=normal
INFO     	ogerponwellspring  waterabsorb wellspringmask [hornleech, ivycudgel, knockoff, swordsdance] ttype=water
INFO     Sampling battle 3
INFO     	       pelipper      drizzle heavydutyboots [hurricane, hydropump, knockoff, roost] ttype=water
INFO     	         deoxys     pressure      lifeorb [extremespeed, knockoff, psychoboost, superpower] ttype=fighting
INFO     	ogerponwellspring  waterabsorb wellspringmask [ivycudgel, knockoff, powerwhip, swordsdance] ttype=water
INFO     Sampling battle 4
INFO     	       pelipper      drizzle heavydutyboots [hurricane, hydropump, knockoff, roost] ttype=ground
INFO     	         deoxys     pressure      lifeorb [icebeam, knockoff, psychoboost, superpower] ttype=fighting
INFO     	ogerponwellspring  waterabsorb wellspringmask [ivycudgel, knockoff, powerwhip, swordsdance] ttype=water
INFO     Sampling battle 5
INFO     	       pelipper      drizzle heavydutyboots [hurricane, hydropump, knockoff, roost] ttype=water
INFO     	         deoxys     pressure      lifeorb [extremespeed, knockoff, psychoboost, superpower] ttype=normal
INFO     	ogerponwellspring  waterabsorb wellspringmask [hornleech, ivycudgel, knockoff, swordsdance] ttype=water
INFO     Sampling battle 6
INFO     	       pelipper      drizzle heavydutyboots [hurricane, hydropump, knockoff, roost] ttype=ground
INFO     	         deoxys     pressure      lifeorb [extremespeed, knockoff, psychoboost, superpower] ttype=normal
INFO     	ogerponwellspring  waterabsorb wellspringmask [ivycudgel, knockoff, powerwhip, swordsdance] ttype=water
INFO     Sampling battle 7
INFO     	       pelipper      drizzle heavydutyboots [hurricane, hydropump, roost, uturn] ttype=water
INFO     	         deoxys     pressure      lifeorb [extremespeed, knockoff, psychoboost, superpower] ttype=normal
INFO     	ogerponwellspring  waterabsorb wellspringmask [hornleech, ivycudgel, knockoff, swordsdance] ttype=water
INFO     Sampling battle 8
INFO     	       pelipper      drizzle heavydutyboots [hurricane, hydropump, roost, uturn] ttype=water
INFO     	         deoxys     pressure      lifeorb [extremespeed, knockoff, psychoboost, superpower] ttype=normal
INFO     	ogerponwellspring  waterabsorb wellspringmask [ivycudgel, knockoff, powerwhip, swordsdance] ttype=water
INFO     Sampling battle 9
INFO     	       pelipper      drizzle heavydutyboots [hurricane, hydropump, knockoff, roost] ttype=water
INFO     	         deoxys     pressure      lifeorb [icebeam, knockoff, psychoboost, superpower] ttype=psychic
INFO     	ogerponwellspring  waterabsorb wellspringmask [hornleech, ivycudgel, knockoff, swordsdance] ttype=water
INFO     Sampling battle 10
INFO     	       pelipper      drizzle heavydutyboots [hurricane, hydropump, roost, uturn] ttype=ground
INFO     	         deoxys     pressure      lifeorb [icebeam, knockoff, psychoboost, superpower] ttype=psychic
INFO     	ogerponwellspring  waterabsorb wellspringmask [hornleech, ivycudgel, knockoff, swordsdance] ttype=water
INFO     Sampling battle 11
INFO     	       pelipper      drizzle heavydutyboots [hurricane, hydropump, roost, uturn] ttype=ground
INFO     	         deoxys     pressure      lifeorb [extremespeed, knockoff, psychoboost, superpower] ttype=dark
INFO     	ogerponwellspring  waterabsorb wellspringmask [ivycudgel, knockoff, powerwhip, swordsdance] ttype=water
INFO     Sampling battle 12
INFO     	       pelipper      drizzle heavydutyboots [hurricane, hydropump, roost, uturn] ttype=ground
INFO     	         deoxys     pressure      lifeorb [icebeam, knockoff, psychoboost, superpower] ttype=fighting
INFO     	ogerponwellspring  waterabsorb wellspringmask [ivycudgel, knockoff, powerwhip, swordsdance] ttype=water
INFO     Sampling battle 13
INFO     	       pelipper      drizzle heavydutyboots [hurricane, hydropump, knockoff, roost] ttype=water
INFO     	         deoxys     pressure      lifeorb [extremespeed, knockoff, psychoboost, superpower] ttype=psychic
INFO     	ogerponwellspring  waterabsorb wellspringmask [hornleech, ivycudgel, knockoff, swordsdance] ttype=water
INFO     Sampling battle 14
INFO     	       pelipper      drizzle heavydutyboots [hurricane, hydropump, roost, uturn] ttype=ground
INFO     	         deoxys     pressure      lifeorb [icebeam, knockoff, psychoboost, superpower] ttype=dark
INFO     	ogerponwellspring  waterabsorb wellspringmask [hornleech, ivycudgel, knockoff, swordsdance] ttype=water
INFO     Sampling battle 15
INFO     	       pelipper      drizzle heavydutyboots [hurricane, hydropump, knockoff, roost] ttype=water
INFO     	         deoxys     pressure      lifeorb [icebeam, knockoff, psychoboost, superpower] ttype=psychic
INFO     	ogerponwellspring  waterabsorb wellspringmask [ivycudgel, knockoff, powerwhip, swordsdance] ttype=water
INFO     Searching for a move using MCTS...
INFO     Sampling 16 battles at 500ms each
INFO     Choice: rest
INFO     Updated pelipper's min speed to 130
INFO     pelipper already has the move hydropump. Decrementing the PP by 1
INFO     pelipper used a water move, removing watergem from possible items
INFO     Setting pelipper's last used move: hydropump
INFO     pelipper used a damaging move - not guessing lifeorb anymore
INFO     pelipper did 14.399999999999999% damage to probopass with hydropump
INFO     pelipper has less than maxhp during upkeep, no longer guessing leftovers or blacksludge
INFO     loaded 1 player and 0 effective opponent priors
INFO     Sampling battle 0
INFO     	       pelipper      drizzle heavydutyboots [hurricane, hydropump, roost, uturn] ttype=ground
INFO     	         deoxys     pressure      lifeorb [icebeam, knockoff, psychoboost, superpower] ttype=psychic
INFO     	ogerponwellspring  waterabsorb wellspringmask [hornleech, ivycudgel, knockoff, swordsdance] ttype=water
INFO     Sampling battle 1
INFO     	       pelipper      drizzle heavydutyboots [hurricane, hydropump, roost, uturn] ttype=ground
INFO     	         deoxys     pressure      lifeorb [extremespeed, knockoff, psychoboost, superpower] ttype=normal
INFO     	ogerponwellspring  waterabsorb wellspringmask [ivycudgel, knockoff, powerwhip, swordsdance] ttype=water
INFO     Sampling battle 2
INFO     	       pelipper      drizzle heavydutyboots [hurricane, hydropump, roost, uturn] ttype=water
INFO     	         deoxys     pressure      lifeorb [extremespeed, knockoff, psychoboost, superpower] ttype=dark
INFO     	ogerponwellspring  waterabsorb wellspringmask [hornleech, ivycudgel, knockoff, swordsdance] ttype=water
INFO     Sampling battle 3
INFO     	       pelipper      drizzle heavydutyboots [hurricane, hydropump, knockoff, roost] ttype=water
INFO     	         deoxys     pressure      lifeorb [icebeam, knockoff, psychoboost, superpower] ttype=fighting
INFO     	ogerponwellspring  waterabsorb wellspringmask [hornleech, ivycudgel, knockoff, swordsdance] ttype=water
INFO     Sampling battle 4
INFO     	       pelipper      drizzle heavydutyboots [hurricane, hydropump, roost, uturn] ttype=water
INFO     	         deoxys     pressure      lifeorb [extremespeed, knockoff, psychoboost, superpower] ttype=dark
INFO     	ogerponwellspring  waterabsorb wellspringmask [ivycudgel, knockoff, powerwhip, swordsdance] ttype=water
INFO     Sampling battle 5
INFO     	       pelipper      drizzle heavydutyboots [hurricane, hydropump, knockoff, roost] ttype=ground
INFO     	         deoxys     pressure      lifeorb [icebeam, knockoff, psychoboost, superpower] ttype=dark
INFO     	ogerponwellspring  waterabsorb wellspringmask [hornleech, ivycudgel, knockoff, swordsdance] ttype=water
INFO     Sampling battle 6
INFO     	       pelipper      drizzle heavydutyboots [hurricane, hydropump, roost, uturn] ttype=ground
INFO     	         deoxys     pressure      lifeorb [icebeam, knockoff, psychoboost, superpower] ttype=psychic
INFO     	ogerponwellspring  waterabsorb wellspringmask [hornleech, ivycudgel, knockoff, swordsdance] ttype=water
INFO     Sampling battle 7
INFO     	       pelipper      drizzle heavydutyboots [hurricane, hydropump, knockoff, roost] ttype=ground
INFO     	         deoxys     pressure      lifeorb [extremespeed, knockoff, psychoboost, superpower] ttype=normal
INFO     	ogerponwellspring  waterabsorb wellspringmask [ivycudgel, knockoff, powerwhip, swordsdance] ttype=water
INFO     Sampling battle 8
INFO     	       pelipper      drizzle heavydutyboots [hurricane, hydropump, knockoff, roost] ttype=water
INFO     	         deoxys     pressure      lifeorb [extremespeed, knockoff, psychoboost, superpower] ttype=psychic
INFO     	ogerponwellspring  waterabsorb wellspringmask [hornleech, ivycudgel, knockoff, swordsdance] ttype=water
INFO     Sampling battle 9
INFO     	       pelipper      drizzle heavydutyboots [hurricane, hydropump, roost, uturn] ttype=water
INFO     	         deoxys     pressure      lifeorb [extremespeed, knockoff, psychoboost, superpower] ttype=fighting
INFO     	ogerponwellspring  waterabsorb wellspringmask [ivycudgel, knockoff, powerwhip, swordsdance] ttype=water
INFO     Sampling battle 10
INFO     	       pelipper      drizzle heavydutyboots [hurricane, hydropump, roost, uturn] ttype=ground
INFO     	         deoxys     pressure      lifeorb [icebeam, knockoff, psychoboost, superpower] ttype=psychic
INFO     	ogerponwellspring  waterabsorb wellspringmask [ivycudgel, knockoff, powerwhip, swordsdance] ttype=water
INFO     Sampling battle 11
INFO     	       pelipper      drizzle heavydutyboots [hurricane, hydropump, roost, uturn] ttype=water
INFO     	         deoxys     pressure      lifeorb [icebeam, knockoff, psychoboost, superpower] ttype=dark
INFO     	ogerponwellspring  waterabsorb wellspringmask [ivycudgel, knockoff, powerwhip, swordsdance] ttype=water
INFO     Sampling battle 12
INFO     	       pelipper      drizzle heavydutyboots [hurricane, hydropump, knockoff, roost] ttype=ground
INFO     	         deoxys     pressure      lifeorb [icebeam, knockoff, psychoboost, superpower] ttype=psychic
INFO     	ogerponwellspring  waterabsorb wellspringmask [ivycudgel, knockoff, powerwhip, swordsdance] ttype=water
INFO     Sampling battle 13
INFO     	       pelipper      drizzle heavydutyboots [hurricane, hydropump, knockoff, roost] ttype=water
INFO     	         deoxys     pressure      lifeorb [extremespeed, knockoff, psychoboost, superpower] ttype=dark
INFO     	ogerponwellspring  waterabsorb wellspringmask [ivycudgel, knockoff, powerwhip, swordsdance] ttype=water
INFO     Sampling battle 14
INFO     	       pelipper      drizzle heavydutyboots [hurricane, hydropump, knockoff, roost] ttype=water
INFO     	         deoxys     pressure      lifeorb [icebeam, knockoff, psychoboost, superpower] ttype=psychic
INFO     	ogerponwellspring  waterabsorb wellspringmask [ivycudgel, knockoff, powerwhip, swordsdance] ttype=water
INFO     Sampling battle 15
INFO     	       pelipper      drizzle heavydutyboots [hurricane, hydropump, knockoff, roost] ttype=water
INFO     	         deoxys     pressure      lifeorb [icebeam, knockoff, psychoboost, superpower] ttype=fighting
INFO     	ogerponwellspring  waterabsorb wellspringmask [hornleech, ivycudgel, knockoff, swordsdance] ttype=water
INFO     Searching for a move using MCTS...
INFO     Sampling 16 battles at 500ms each
INFO     Choice: switch entei
INFO     
INFO     Turn: 21
INFO     loaded 4 player and 0 effective opponent priors
INFO     Sampling battle 0
INFO     	       pelipper      drizzle heavydutyboots [hurricane, hydropump, knockoff, roost] ttype=ground
INFO     	         deoxys     pressure      lifeorb [extremespeed, knockoff, psychoboost, superpower] ttype=normal
INFO     	ogerponwellspring  waterabsorb wellspringmask [hornleech, ivycudgel, knockoff, swordsdance] ttype=water
INFO     Sampling battle 1
INFO     	       pelipper      drizzle heavydutyboots [hurricane, hydropump, roost, uturn] ttype=water
INFO     	         deoxys     pressure      lifeorb [icebeam, knockoff, psychoboost, superpower] ttype=fighting
INFO     	ogerponwellspring  waterabsorb wellspringmask [hornleech, ivycudgel, knockoff, swordsdance] ttype=water
INFO     Sampling battle 2
INFO     	       pelipper      drizzle heavydutyboots [hurricane, hydropump, roost, uturn] ttype=water
INFO     	         deoxys     pressure      lifeorb [icebeam, knockoff, psychoboost, superpower] ttype=psychic
INFO     	ogerponwellspring  waterabsorb wellspringmask [hornleech, ivycudgel, knockoff, swordsdance] ttype=water
INFO     Sampling battle 3
INFO     	       pelipper      drizzle heavydutyboots [hurricane, hydropump, knockoff, roost] ttype=ground
INFO     	         deoxys     pressure      lifeorb [icebeam, knockoff, psychoboost, superpower] ttype=psychic
INFO     	ogerponwellspring  waterabsorb wellspringmask [ivycudgel, knockoff, powerwhip, swordsdance] ttype=water
INFO     Sampling battle 4
INFO     	       pelipper      drizzle heavydutyboots [hurricane, hydropump, knockoff, roost] ttype=ground
INFO     	         deoxys     pressure      lifeorb [icebeam, knockoff, psychoboost, superpower] ttype=dark
INFO     	ogerponwellspring  waterabsorb wellspringmask [hornleech, ivycudgel, knockoff, swordsdance] ttype=water
INFO     Sampling battle 5
INFO     	       pelipper      drizzle heavydutyboots [hurricane, hydropump, knockoff, roost] ttype=water
INFO     	         deoxys     pressure      lifeorb [icebeam, knockoff, psychoboost, superpower] ttype=fighting
INFO     	ogerponwellspring  waterabsorb wellspringmask [hornleech, ivycudgel, knockoff, swordsdance] ttype=water
INFO     Sampling battle 6
INFO     	       pelipper      drizzle heavydutyboots [hurricane, hydropump, knockoff, roost] ttype=ground
INFO     	         deoxys     pressure      lifeorb [extremespeed, knockoff, psychoboost, superpower] ttype=normal
INFO     	ogerponwellspring  waterabsorb wellspringmask [ivycudgel, knockoff, powerwhip, swordsdance] ttype=water
INFO     Sampling battle 7
INFO     	       pelipper      drizzle heavydutyboots [hurricane, hydropump, knockoff, roost] ttype=ground
INFO     	         deoxys     pressure      lifeorb [icebeam, knockoff, psychoboost, superpower] ttype=fighting
INFO     	ogerponwellspring  waterabsorb wellspringmask [hornleech, ivycudgel, knockoff, swordsdance] ttype=water
INFO     Sampling battle 8
INFO     	       pelipper      drizzle heavydutyboots [hurricane, hydropump, roost, uturn] ttype=ground
INFO     	         deoxys     pressure      lifeorb [icebeam, knockoff, psychoboost, superpower] ttype=dark
INFO     	ogerponwellspring  waterabsorb wellspringmask [hornleech, ivycudgel, knockoff, swordsdance] ttype=water
INFO     Sampling battle 9
INFO     	       pelipper      drizzle heavydutyboots [hurricane, hydropump, knockoff, roost] ttype=water
INFO     	         deoxys     pressure      lifeorb [extremespeed, knockoff, psychoboost, superpower] ttype=dark
INFO     	ogerponwellspring  waterabsorb wellspringmask [ivycudgel, knockoff, powerwhip, swordsdance] ttype=water
INFO     Sampling battle 10
INFO     	       pelipper      drizzle heavydutyboots [hurricane, hydropump, knockoff, roost] ttype=water
INFO     	         deoxys     pressure      lifeorb [icebeam, knockoff, psychoboost, superpower] ttype=dark
INFO     	ogerponwellspring  waterabsorb wellspringmask [ivycudgel, knockoff, powerwhip, swordsdance] ttype=water
INFO     Sampling battle 11
INFO     	       pelipper      drizzle heavydutyboots [hurricane, hydropump, knockoff, roost] ttype=ground
INFO     	         deoxys     pressure      lifeorb [icebeam, knockoff, psychoboost, superpower] ttype=fighting
INFO     	ogerponwellspring  waterabsorb wellspringmask [hornleech, ivycudgel, knockoff, swordsdance] ttype=water
INFO     Sampling battle 12
INFO     	       pelipper      drizzle heavydutyboots [hurricane, hydropump, knockoff, roost] ttype=water
INFO     	         deoxys     pressure      lifeorb [icebeam, knockoff, psychoboost, superpower] ttype=dark
INFO     	ogerponwellspring  waterabsorb wellspringmask [hornleech, ivycudgel, knockoff, swordsdance] ttype=water
INFO     Sampling battle 13
INFO     	       pelipper      drizzle heavydutyboots [hurricane, hydropump, roost, uturn] ttype=water
INFO     	         deoxys     pressure      lifeorb [icebeam, knockoff, psychoboost, superpower] ttype=fighting
INFO     	ogerponwellspring  waterabsorb wellspringmask [ivycudgel, knockoff, powerwhip, swordsdance] ttype=water
INFO     Sampling battle 14
INFO     	       pelipper      drizzle heavydutyboots [hurricane, hydropump, knockoff, roost] ttype=ground
INFO     	         deoxys     pressure      lifeorb [extremespeed, knockoff, psychoboost, superpower] ttype=fighting
INFO     	ogerponwellspring  waterabsorb wellspringmask [ivycudgel, knockoff, powerwhip, swordsdance] ttype=water
INFO     Sampling battle 15
INFO     	       pelipper      drizzle heavydutyboots [hurricane, hydropump, roost, uturn] ttype=water
INFO     	         deoxys     pressure      lifeorb [extremespeed, knockoff, psychoboost, superpower] ttype=psychic
INFO     	ogerponwellspring  waterabsorb wellspringmask [hornleech, ivycudgel, knockoff, swordsdance] ttype=water
INFO     Searching for a move using MCTS...
INFO     Sampling 16 battles at 500ms each
INFO     Choice: extremespeed
INFO     pelipper terastallized. Tera type: ground, Original types: ['water', 'flying']
INFO     entei already has the move extremespeed. Decrementing the PP by 1
INFO     entei used a normal move, removing normalgem from possible items
INFO     Setting entei's last used move: extremespeed
INFO     entei used a damaging move - not guessing lifeorb anymore
INFO     entei did 10.0% damage to pelipper with extremespeed
INFO     pelipper has less than maxhp during upkeep, no longer guessing leftovers or blacksludge
INFO     Opponent has switched - clearing the last used move
INFO     ogerponwellspring switched in, adding drought to impossible abilities
INFO     
INFO     Turn: 22
INFO     loaded 1 player and 0 effective opponent priors
INFO     Sampling battle 0
INFO     	ogerponwellspring  waterabsorb wellspringmask [ivycudgel, knockoff, powerwhip, swordsdance] ttype=water
INFO     	         deoxys     pressure      lifeorb [extremespeed, knockoff, psychoboost, superpower] ttype=normal
INFO     Sampling battle 1
INFO     	ogerponwellspring  waterabsorb wellspringmask [ivycudgel, knockoff, powerwhip, swordsdance] ttype=water
INFO     	         deoxys     pressure      lifeorb [icebeam, knockoff, psychoboost, superpower] ttype=dark
INFO     Sampling battle 2
INFO     	ogerponwellspring  waterabsorb wellspringmask [ivycudgel, knockoff, powerwhip, swordsdance] ttype=water
INFO     	         deoxys     pressure      lifeorb [icebeam, knockoff, psychoboost, superpower] ttype=psychic
INFO     Sampling battle 3
INFO     	ogerponwellspring  waterabsorb wellspringmask [ivycudgel, knockoff, powerwhip, swordsdance] ttype=water
INFO     	         deoxys     pressure      lifeorb [extremespeed, knockoff, psychoboost, superpower] ttype=fighting
INFO     Sampling battle 4
INFO     	ogerponwellspring  waterabsorb wellspringmask [hornleech, ivycudgel, knockoff, swordsdance] ttype=water
INFO     	         deoxys     pressure      lifeorb [icebeam, knockoff, psychoboost, superpower] ttype=dark
INFO     Sampling battle 5
INFO     	ogerponwellspring  waterabsorb wellspringmask [ivycudgel, knockoff, powerwhip, swordsdance] ttype=water
INFO     	         deoxys     pressure      lifeorb [icebeam, knockoff, psychoboost, superpower] ttype=dark
INFO     Sampling battle 6
INFO     	ogerponwellspring  waterabsorb wellspringmask [ivycudgel, knockoff, powerwhip, swordsdance] ttype=water
INFO     	         deoxys     pressure      lifeorb [extremespeed, knockoff, psychoboost, superpower] ttype=normal
INFO     Sampling battle 7
INFO     	ogerponwellspring  waterabsorb wellspringmask [ivycudgel, knockoff, powerwhip, swordsdance] ttype=water
INFO     	         deoxys     pressure      lifeorb [extremespeed, knockoff, psychoboost, superpower] ttype=fighting
INFO     Sampling battle 8
INFO     	ogerponwellspring  waterabsorb wellspringmask [ivycudgel, knockoff, powerwhip, swordsdance] ttype=water
INFO     	         deoxys     pressure      lifeorb [extremespeed, knockoff, psychoboost, superpower] ttype=fighting
INFO     Sampling battle 9
INFO     	ogerponwellspring  waterabsorb wellspringmask [hornleech, ivycudgel, knockoff, swordsdance] ttype=water
INFO     	         deoxys     pressure      lifeorb [extremespeed, knockoff, psychoboost, superpower] ttype=dark
INFO     Sampling battle 10
INFO     	ogerponwellspring  waterabsorb wellspringmask [ivycudgel, knockoff, powerwhip, swordsdance] ttype=water
INFO     	         deoxys     pressure      lifeorb [icebeam, knockoff, psychoboost, superpower] ttype=psychic
INFO     Sampling battle 11
INFO     	ogerponwellspring  waterabsorb wellspringmask [ivycudgel, knockoff, powerwhip, swordsdance] ttype=water
INFO     	         deoxys     pressure      lifeorb [icebeam, knockoff, psychoboost, superpower] ttype=fighting
INFO     Sampling battle 12
INFO     	ogerponwellspring  waterabsorb wellspringmask [hornleech, ivycudgel, knockoff, swordsdance] ttype=water
INFO     	         deoxys     pressure      lifeorb [extremespeed, knockoff, psychoboost, superpower] ttype=normal
INFO     Sampling battle 13
INFO     	ogerponwellspring  waterabsorb wellspringmask [ivycudgel, knockoff, powerwhip, swordsdance] ttype=water
INFO     	         deoxys     pressure      lifeorb [icebeam, knockoff, psychoboost, superpower] ttype=fighting
INFO     Sampling battle 14
INFO     	ogerponwellspring  waterabsorb wellspringmask [hornleech, ivycudgel, knockoff, swordsdance] ttype=water
INFO     	         deoxys     pressure      lifeorb [icebeam, knockoff, psychoboost, superpower] ttype=psychic
INFO     Sampling battle 15
INFO     	ogerponwellspring  waterabsorb wellspringmask [hornleech, ivycudgel, knockoff, swordsdance] ttype=water
INFO     	         deoxys     pressure      lifeorb [icebeam, knockoff, psychoboost, superpower] ttype=psychic
INFO     Searching for a move using MCTS...
INFO     Sampling 16 battles at 500ms each
INFO     Choice: extremespeed
INFO     entei already has the move extremespeed. Decrementing the PP by 1
INFO     entei used a normal move, removing normalgem from possible items
INFO     Setting entei's last used move: extremespeed
INFO     entei used a damaging move - not guessing lifeorb anymore
INFO     entei did 27.0% damage to ogerponwellspring with extremespeed
INFO     ogerponwellspring has less than maxhp during upkeep, no longer guessing leftovers or blacksludge
INFO     Opponent has switched - clearing the last used move
INFO     Setting deoxys's ability to pressure
INFO     
INFO     Turn: 23
INFO     loaded 1 player and 0 effective opponent priors
INFO     Sampling battle 0
INFO     	         deoxys     pressure      lifeorb [icebeam, knockoff, psychoboost, superpower] ttype=fighting
INFO     Sampling battle 1
INFO     	         deoxys     pressure      lifeorb [icebeam, knockoff, psychoboost, superpower] ttype=fighting
INFO     Sampling battle 2
INFO     	         deoxys     pressure      lifeorb [extremespeed, knockoff, psychoboost, superpower] ttype=dark
INFO     Sampling battle 3
INFO     	         deoxys     pressure      lifeorb [extremespeed, knockoff, psychoboost, superpower] ttype=psychic
INFO     Sampling battle 4
INFO     	         deoxys     pressure      lifeorb [extremespeed, knockoff, psychoboost, superpower] ttype=psychic
INFO     Sampling battle 5
INFO     	         deoxys     pressure      lifeorb [icebeam, knockoff, psychoboost, superpower] ttype=psychic
INFO     Sampling battle 6
INFO     	         deoxys     pressure      lifeorb [icebeam, knockoff, psychoboost, superpower] ttype=dark
INFO     Sampling battle 7
INFO     	         deoxys     pressure      lifeorb [extremespeed, knockoff, psychoboost, superpower] ttype=fighting
INFO     Sampling battle 8
INFO     	         deoxys     pressure      lifeorb [icebeam, knockoff, psychoboost, superpower] ttype=dark
INFO     Sampling battle 9
INFO     	         deoxys     pressure      lifeorb [icebeam, knockoff, psychoboost, superpower] ttype=fighting
INFO     Sampling battle 10
INFO     	         deoxys     pressure      lifeorb [icebeam, knockoff, psychoboost, superpower] ttype=dark
INFO     Sampling battle 11
INFO     	         deoxys     pressure      lifeorb [icebeam, knockoff, psychoboost, superpower] ttype=dark
INFO     Sampling battle 12
INFO     	         deoxys     pressure      lifeorb [extremespeed, knockoff, psychoboost, superpower] ttype=dark
INFO     Sampling battle 13
INFO     	         deoxys     pressure      lifeorb [icebeam, knockoff, psychoboost, superpower] ttype=dark
INFO     Sampling battle 14
INFO     	         deoxys     pressure      lifeorb [extremespeed, knockoff, psychoboost, superpower] ttype=dark
INFO     Sampling battle 15
INFO     	         deoxys     pressure      lifeorb [icebeam, knockoff, psychoboost, superpower] ttype=fighting
INFO     Searching for a move using MCTS...
INFO     Sampling 16 battles at 500ms each
INFO     Choice: extremespeed
INFO     Winner: lg00y0379187
INFO     Lost with team: None
INFO     W: 0	L: 1
