DEBUG PRIOR_SERVER=http://127.0.0.1:9023
DEBUG OPP_PRIORS_ONLY=not set
INFO     Logging in (local server bypass)...
INFO     Successfully logged in
INFO     Waiting for a gen9randombattle challenge
INFO     Initialized battle-gen9randombattle-6254 against: lg00x170c81d
INFO     Loaded from cache: /Users/alityb/projects/metagross/srcs/vendor/foul-play/data/pkmn_sets_cache/gen9randombattle.json
INFO     Opponent has switched - clearing the last used move
INFO     zapdosgalar switched in, adding intimidate to impossible abilities
INFO     zapdosgalar switched in, adding pressure to impossible abilities
INFO     zapdosgalar switched in, adding neutralizinggas to impossible abilities
INFO     zapdosgalar switched in, adding sandstream to impossible abilities
INFO     zapdosgalar switched in, adding drought to impossible abilities
INFO     zapdosgalar switched in, adding drizzle to impossible abilities
INFO     zapdosgalar switched in, adding snowwarning to impossible abilities
INFO     zapdosgalar switched in, adding boosterenergy to impossible items
INFO     zapdosgalar switched in, adding airballoon to impossible items
INFO     
INFO     Turn: 1
INFO     root priors (13): {'bravebird': 0.927, 'bravebird-tera': 0.029, 'switch mew': 0.007, 'switch stonjourner': 0.007}
INFO     Sampling battle 0
INFO     	    zapdosgalar      defiant  choicescarf [bravebird, closecombat, knockoff, uturn] ttype=steel
INFO     Sampling 5 unrevealed pokemon
INFO     	       skuntank    aftermath      lifeorb [fireblast, gunkshot, knockoff, toxicspikes] ttype=dark
INFO     	    arceuswater    multitype  splashplate [icebeam, judgment, recover, willowisp] ttype=steel
INFO     	         gengar   cursedbody  choicespecs [focusblast, shadowball, sludgewave, trick] ttype=dark
INFO     	     wigglytuff  competitive    leftovers [dazzlinggleam, fireblast, knockoff, thunderwave] ttype=poison
INFO     	       articuno     pressure heavydutyboots [bravebird, freezedry, roost, substitute] ttype=ground
INFO     Sampling battle 1
INFO     	    zapdosgalar      defiant      lifeorb [bravebird, bulkup, closecombat, knockoff] ttype=steel
INFO     Sampling 5 unrevealed pokemon
INFO     	         zacian intrepidsword      lifeorb [closecombat, playrough, swordsdance, wildcharge] ttype=fighting
INFO     	    arceusfairy    multitype   pixieplate [calmmind, earthpower, judgment, recover] ttype=steel
INFO     	       venusaur     overgrow    leftovers [earthpower, energyball, sludgebomb, synthesis] ttype=steel
INFO     	        umbreon  synchronize    leftovers [foulplay, protect, toxic, wish] ttype=poison
INFO     	urshifurapidstrike   unseenfist      lifeorb [aquajet, closecombat, surgingstrikes, swordsdance] ttype=water
INFO     Sampling battle 2
INFO     	    zapdosgalar      defiant  choicescarf [bravebird, closecombat, knockoff, uturn] ttype=dark
INFO     Sampling 5 unrevealed pokemon
INFO     	        milotic  competitive    leftovers [dragontail, icebeam, recover, scald] ttype=dragon
INFO     	        mesprit     levitate  assaultvest [drainpunch, icebeam, knockoff, psychicnoise] ttype=fighting
INFO     	      eternatus     pressure    leftovers [dynamaxcannon, fireblast, recover, sludgebomb] ttype=dragon
INFO     	 arceuselectric    multitype     zapplate [calmmind, icebeam, judgment, recover] ttype=electric
INFO     	       gumshoos     stakeout   choiceband [doubleedge, earthquake, knockoff, uturn] ttype=normal
INFO     Sampling battle 3
INFO     	    zapdosgalar      defiant   choiceband [bravebird, closecombat, knockoff, uturn] ttype=dark
INFO     Sampling 5 unrevealed pokemon
INFO     	      probopass   magnetpull  chestoberry [bodypress, irondefense, powergem, rest] ttype=fighting
INFO     	          arbok   intimidate      lifeorb [earthquake, glare, gunkshot, knockoff] ttype=ground
INFO     	        ariados        swarm heavydutyboots [megahorn, poisonjab, stickyweb, suckerpunch] ttype=ghost
INFO     	         kyogre      drizzle  choicescarf [icebeam, originpulse, thunder, waterspout] ttype=water
INFO     	        gliscor   poisonheal     toxicorb [earthquake, protect, substitute, toxic] ttype=water
INFO     Sampling battle 4
INFO     	    zapdosgalar      defiant   choiceband [bravebird, closecombat, knockoff, uturn] ttype=dark
INFO     Sampling 5 unrevealed pokemon
INFO     	           uxie     levitate    leftovers [psychicnoise, stealthrock, thunderwave, uturn] ttype=steel
INFO     	    raichualola  surgesurfer  choicespecs [grassknot, psyshock, surf, thunderbolt] ttype=water
INFO     	        dipplin   stickyhold     eviolite [dragonpulse, gigadrain, recover, suckerpunch] ttype=steel
INFO     	      regieleki   transistor       magnet [rapidspin, terablast, thunderbolt, voltswitch] ttype=ice
INFO     	     baxcalibur thermalexchange   loadeddice [earthquake, iciclespear, scaleshot, swordsdance] ttype=dragon
INFO     Sampling battle 5
INFO     	    zapdosgalar      defiant      lifeorb [bravebird, bulkup, closecombat, knockoff] ttype=steel
INFO     Sampling 5 unrevealed pokemon
INFO     	       miraidon hadronengine      lifeorb [calmmind, dracometeor, dragonpulse, electrodrift] ttype=electric
INFO     	   greninjabond   battlebond      lifeorb [darkpulse, gunkshot, hydropump, icebeam] ttype=poison
INFO     	lycanrocmidnight      noguard      lifeorb [closecombat, knockoff, stoneedge, swordsdance] ttype=fighting
INFO     	       empoleon  competitive    leftovers [flipturn, roar, roost, surf] ttype=flying
INFO     	        sableye    prankster    leftovers [encore, knockoff, recover, willowisp] ttype=poison
INFO     Sampling battle 6
INFO     	    zapdosgalar      defiant      lifeorb [bravebird, bulkup, closecombat, knockoff] ttype=steel
INFO     Sampling 5 unrevealed pokemon
INFO     	         dialga     pressure    leftovers [dracometeor, fireblast, heavyslam, thunderwave] ttype=dragon
INFO     	       ampharos       static  assaultvest [dazzlinggleam, dragontail, thunderbolt, voltswitch] ttype=fairy
INFO     	      revavroom       filter      lifeorb [gunkshot, highhorsepower, ironhead, shiftgear] ttype=ground
INFO     	         latias     levitate      souldew [calmmind, dracometeor, psyshock, recover] ttype=steel
INFO     	        suicune     pressure    leftovers [calmmind, icebeam, scald, substitute] ttype=steel
INFO     Sampling battle 7
INFO     	    zapdosgalar      defiant  choicescarf [bravebird, closecombat, knockoff, uturn] ttype=dark
INFO     Sampling 5 unrevealed pokemon
INFO     	       magcargo    flamebody heavydutyboots [lavaplume, powergem, recover, stealthrock] ttype=grass
INFO     	        pikachu lightningrod    lightball [fakeout, surf, voltswitch, volttackle] ttype=water
INFO     	        mesprit     levitate    leftovers [drainpunch, knockoff, psychicnoise, thunderwave] ttype=dark
INFO     	        toxapex  regenerator  rockyhelmet [haze, liquidation, recover, toxicspikes] ttype=steel
INFO     	       medicham    purepower  choicescarf [closecombat, icepunch, poisonjab, zenheadbutt] ttype=fighting
INFO     Sampling battle 8
INFO     	    zapdosgalar      defiant      lifeorb [bravebird, bulkup, closecombat, knockoff] ttype=fighting
INFO     Sampling 5 unrevealed pokemon
INFO     	       cacturne  waterabsorb      lifeorb [knockoff, seedbomb, suckerpunch, swordsdance] ttype=dark
INFO     	      mandibuzz     overcoat heavydutyboots [defog, foulplay, roost, toxic] ttype=steel
INFO     	        slowbro  regenerator  rockyhelmet [psyshock, scald, slackoff, thunderwave] ttype=fairy
INFO     	      arceusice    multitype  icicleplate [calmmind, earthpower, judgment, recover] ttype=ground
INFO     	        banette     insomnia      lifeorb [gunkshot, poltergeist, shadowsneak, thunderwave] ttype=ghost
INFO     Sampling battle 9
INFO     	    zapdosgalar      defiant  choicescarf [bravebird, closecombat, knockoff, uturn] ttype=fighting
INFO     Sampling 5 unrevealed pokemon
INFO     	       illumise    prankster heavydutyboots [bugbuzz, encore, roost, thunderwave] ttype=steel
INFO     	taurospaldeablaze   intimidate   choiceband [closecombat, flareblitz, stoneedge, wildcharge] ttype=fighting
INFO     	         espeon  magicbounce  choicespecs [alluringvoice, psychic, shadowball, trick] ttype=psychic
INFO     	   avalugghisui       sturdy heavydutyboots [avalanche, bodypress, recover, stoneedge] ttype=ghost
INFO     	      duraludon   lightmetal     eviolite [bodypress, dracometeor, flashcannon, irondefense] ttype=fighting
INFO     Sampling battle 10
INFO     	    zapdosgalar      defiant   choiceband [bravebird, closecombat, knockoff, uturn] ttype=fighting
INFO     Sampling 5 unrevealed pokemon
INFO     	      arceusice    multitype  icicleplate [calmmind, earthpower, judgment, recover] ttype=ground
INFO     	      farigiraf    sapsipper    leftovers [bodyslam, protect, psychicnoise, wish] ttype=water
INFO     	       meowstic    prankster    lightclay [alluringvoice, lightscreen, psychicnoise, reflect] ttype=fairy
INFO     	       cacturne  waterabsorb      lifeorb [knockoff, leafstorm, suckerpunch, toxicspikes] ttype=poison
INFO     	        milotic  competitive    leftovers [dragontail, icebeam, recover, scald] ttype=steel
INFO     Sampling battle 11
INFO     	    zapdosgalar      defiant      lifeorb [bravebird, bulkup, closecombat, knockoff] ttype=dark
INFO     Sampling 5 unrevealed pokemon
INFO     	      quaquaval        moxie      lifeorb [aquastep, closecombat, knockoff, swordsdance] ttype=fighting
INFO     	       orthworm   eartheater    leftovers [bodypress, heavyslam, spikes, stealthrock] ttype=poison
INFO     	     kricketune   technician heavydutyboots [knockoff, pounce, stickyweb, taunt] ttype=ghost
INFO     	   deoxysattack     pressure      lifeorb [extremespeed, knockoff, psychoboost, superpower] ttype=fighting
INFO     	         phione    hydration    leftovers [grassknot, icebeam, scald, takeheart] ttype=grass
INFO     Sampling battle 12
INFO     	    zapdosgalar      defiant   choiceband [bravebird, closecombat, knockoff, uturn] ttype=fighting
INFO     Sampling 5 unrevealed pokemon
INFO     	       medicham    purepower   choiceband [bulletpunch, closecombat, trick, zenheadbutt] ttype=fighting
INFO     	necrozmadawnwings   prismarmor    leftovers [calmmind, moongeistbeam, moonlight, photongeyser] ttype=fairy
INFO     	    stonjourner    powerspot      lifeorb [earthquake, heatcrash, rockpolish, stoneedge] ttype=ground
INFO     	    arceussteel    multitype    ironplate [calmmind, earthpower, judgment, recover] ttype=ghost
INFO     	        cetitan     thickfat  sitrusberry [bellydrum, earthquake, iceshard, icespinner] ttype=ice
INFO     Sampling battle 13
INFO     	    zapdosgalar      defiant  choicescarf [bravebird, closecombat, knockoff, uturn] ttype=fighting
INFO     Sampling 5 unrevealed pokemon
INFO     	  arceuspsychic    multitype    mindplate [bodypress, cosmicpower, recover, storedpower] ttype=steel
INFO     	      mightyena   intimidate  assaultvest [crunch, playrough, poisonfang, superfang] ttype=fairy
INFO     	    raichualola  surgesurfer      lifeorb [grassknot, nastyplot, psyshock, thunderbolt] ttype=grass
INFO     	taurospaldeaaqua   intimidate      lifeorb [aquajet, bulkup, closecombat, liquidation] ttype=water
INFO     	        luvdisc    swiftswim heavydutyboots [endeavor, flipturn, substitute, surf] ttype=ground
INFO     Sampling battle 14
INFO     	    zapdosgalar      defiant      lifeorb [bravebird, bulkup, closecombat, knockoff] ttype=dark
INFO     Sampling 5 unrevealed pokemon
INFO     	      volcarona    flamebody heavydutyboots [fierydance, gigadrain, morningsun, quiverdance] ttype=steel
INFO     	     ironthorns   quarkdrive   airballoon [spikes, stealthrock, stoneedge, wildcharge] ttype=flying
INFO     	ursalunabloodmoon     mindseye    leftovers [bloodmoon, calmmind, moonlight, vacuumwave] ttype=ghost
INFO     	 electrodehisui    aftermath      lifeorb [gigadrain, thunderbolt, thunderwave, voltswitch] ttype=electric
INFO     	     forretress       sturdy    leftovers [ironhead, rapidspin, stealthrock, voltswitch] ttype=water
INFO     Sampling battle 15
INFO     	    zapdosgalar      defiant   choiceband [bravebird, closecombat, knockoff, uturn] ttype=steel
INFO     Sampling 5 unrevealed pokemon
INFO     	 decidueyehisui      scrappy    leftovers [knockoff, leafblade, roost, triplearrows] ttype=water
INFO     	       alcremie    aromaveil    leftovers [alluringvoice, calmmind, recover, terablast] ttype=ground
INFO     	           uxie     levitate    leftovers [knockoff, psychicnoise, stealthrock, thunderwave] ttype=dark
INFO     	      hatterene  magicbounce    leftovers [calmmind, drainingkiss, mysticalfire, psychic] ttype=steel
INFO     	          lokix   tintedlens silverpowder [firstimpression, knockoff, suckerpunch, uturn] ttype=bug
INFO     Sampling battle 16
INFO     	    zapdosgalar      defiant      lifeorb [bravebird, bulkup, closecombat, knockoff] ttype=steel
INFO     Sampling 5 unrevealed pokemon
INFO     	   arceusflying    multitype     skyplate [calmmind, earthpower, judgment, recover] ttype=ground
INFO     	        umbreon  synchronize    leftovers [foulplay, protect, toxic, wish] ttype=poison
INFO     	        carbink    clearbody    leftovers [bodypress, irondefense, moonblast, rockpolish] ttype=fighting
INFO     	         scizor   technician      lifeorb [bugbite, bulletpunch, knockoff, swordsdance] ttype=steel
INFO     	    meowscarada      protean   choiceband [flowertrick, knockoff, tripleaxel, uturn] ttype=dark
INFO     Sampling battle 17
INFO     	    zapdosgalar      defiant   choiceband [bravebird, closecombat, knockoff, uturn] ttype=steel
INFO     Sampling 5 unrevealed pokemon
INFO     	    gougingfire protosynthesis heavydutyboots [dragondance, heatcrash, morningsun, outrage] ttype=fairy
INFO     	      mamoswine     thickfat   choiceband [earthquake, iceshard, iciclecrash, knockoff] ttype=ground
INFO     	     arceusdark    multitype   dreadplate [calmmind, dazzlinggleam, judgment, recover] ttype=fairy
INFO     	       granbull   intimidate    leftovers [earthquake, encore, playrough, thunderwave] ttype=ground
INFO     	   slowbrogalar  regenerator      lifeorb [fireblast, psychic, shellsidearm, trickroom] ttype=psychic
INFO     Sampling battle 18
INFO     	    zapdosgalar      defiant      lifeorb [bravebird, bulkup, closecombat, knockoff] ttype=dark
INFO     Sampling 5 unrevealed pokemon
INFO     	       ursaluna         guts     flameorb [facade, headlongrush, throatchop, trailblaze] ttype=normal
INFO     	         zarude    leafguard      lifeorb [closecombat, knockoff, powerwhip, swordsdance] ttype=fighting
INFO     	          hypno     insomnia    leftovers [encore, knockoff, psychicnoise, thunderwave] ttype=fairy
INFO     	       ironmoth   quarkdrive heavydutyboots [energyball, fierydance, sludgewave, toxicspikes] ttype=grass
INFO     	     archaludon      stamina  assaultvest [bodypress, dracometeor, dragontail, flashcannon] ttype=fighting
INFO     Sampling battle 19
INFO     	    zapdosgalar      defiant      lifeorb [bravebird, bulkup, closecombat, knockoff] ttype=steel
INFO     Sampling 5 unrevealed pokemon
INFO     	        ambipom   technician    silkscarf [doubleedge, fakeout, knockoff, uturn] ttype=normal
INFO     	     irontreads   quarkdrive  assaultvest [earthquake, ironhead, knockoff, rapidspin] ttype=dragon
INFO     	     toedscruel myceliummight    leftovers [earthpower, knockoff, leafstorm, toxic] ttype=water
INFO     	        scyther   technician heavydutyboots [bugbite, closecombat, dualwingbeat, swordsdance] ttype=fighting
INFO     	    arceusghost    multitype  spookyplate [calmmind, focusblast, judgment, recover] ttype=dark
INFO     Sampling battle 20
INFO     	    zapdosgalar      defiant  choicescarf [bravebird, closecombat, knockoff, uturn] ttype=steel
INFO     Sampling 5 unrevealed pokemon
INFO     	      gholdengo   goodasgold    leftovers [focusblast, makeitrain, nastyplot, shadowball] ttype=ghost
INFO     	       ribombee   shielddust heavydutyboots [moonblast, stickyweb, stunspore, uturn] ttype=ghost
INFO     	       salazzle    corrosion heavydutyboots [fireblast, nastyplot, sludgewave, terablast] ttype=grass
INFO     	      honchkrow        moxie heavydutyboots [bravebird, heatwave, suckerpunch, uturn] ttype=dark
INFO     	   greninjabond   battlebond      lifeorb [darkpulse, gunkshot, hydropump, icebeam] ttype=poison
INFO     Sampling battle 21
INFO     	    zapdosgalar      defiant      lifeorb [bravebird, bulkup, closecombat, knockoff] ttype=fighting
INFO     Sampling 5 unrevealed pokemon
INFO     	          rotom     levitate      lifeorb [nastyplot, shadowball, thunderbolt, willowisp] ttype=ghost
INFO     	      hydreigon     levitate  choicespecs [darkpulse, dracometeor, flashcannon, uturn] ttype=steel
INFO     	       meowstic    prankster    lightclay [lightscreen, psychicnoise, reflect, thunderwave] ttype=fairy
INFO     	     toedscruel myceliummight    leftovers [earthpower, leafstorm, rapidspin, toxic] ttype=water
INFO     	       vaporeon  waterabsorb    leftovers [haze, protect, scald, wish] ttype=ground
INFO     Sampling battle 22
INFO     	    zapdosgalar      defiant  choicescarf [bravebird, closecombat, knockoff, uturn] ttype=fighting
INFO     Sampling 5 unrevealed pokemon
INFO     	    deoxysspeed     pressure      lifeorb [darkpulse, focusblast, nastyplot, psychoboost] ttype=dark
INFO     	       orthworm   eartheater  chestoberry [bodypress, coil, irontail, rest] ttype=fighting
INFO     	     masquerain   intimidate heavydutyboots [hurricane, stickyweb, stunspore, uturn] ttype=steel
INFO     	ursalunabloodmoon     mindseye    leftovers [bloodmoon, calmmind, moonlight, vacuumwave] ttype=poison
INFO     	   dugtrioalola tanglinghair      lifeorb [earthquake, ironhead, stealthrock, suckerpunch] ttype=steel
INFO     Sampling battle 23
INFO     	    zapdosgalar      defiant  choicescarf [bravebird, closecombat, knockoff, uturn] ttype=steel
INFO     Sampling 5 unrevealed pokemon
INFO     	        ambipom   technician   choiceband [doubleedge, knockoff, lowkick, tripleaxel] ttype=ice
INFO     	     shayminsky  serenegrace  choicespecs [airslash, dazzlinggleam, earthpower, seedflare] ttype=ground
INFO     	       ursaluna         guts     flameorb [facade, headlongrush, throatchop, trailblaze] ttype=normal
INFO     	      magnezone   magnetpull    leftovers [bodypress, flashcannon, irondefense, thunderbolt] ttype=fighting
INFO     	         mewtwo     pressure      lifeorb [aurasphere, fireblast, nastyplot, psystrike] ttype=fighting
INFO     Sampling battle 24
INFO     	    zapdosgalar      defiant   choiceband [bravebird, closecombat, knockoff, uturn] ttype=dark
INFO     Sampling 5 unrevealed pokemon
INFO     	   hoopaunbound     magician   choiceband [drainpunch, gunkshot, hyperspacefury, zenheadbutt] ttype=fighting
INFO     	     forretress       sturdy    leftovers [ironhead, rapidspin, spikes, thunderwave] ttype=water
INFO     	   arceuspoison    multitype   toxicplate [earthquake, gunkshot, liquidation, swordsdance] ttype=ground
INFO     	       meganium     overgrow    leftovers [energyball, knockoff, leechseed, synthesis] ttype=steel
INFO     	        cetitan   sheerforce      lifeorb [iceshard, iciclecrash, liquidation, superpower] ttype=water
INFO     Sampling battle 25
INFO     	    zapdosgalar      defiant      lifeorb [bravebird, bulkup, closecombat, knockoff] ttype=steel
INFO     Sampling 5 unrevealed pokemon
INFO     	taurospaldeacombat   intimidate      lifeorb [bulkup, closecombat, ironhead, throatchop] ttype=dark
INFO     	      regigigas    slowstart    leftovers [bodyslam, knockoff, protect, substitute] ttype=poison
INFO     	     grimmsnarl    prankster    lightclay [lightscreen, partingshot, reflect, spiritbreak] ttype=poison
INFO     	        heatran    flashfire   airballoon [earthpower, heavyslam, lavaplume, stealthrock] ttype=flying
INFO     	        wugtrio        gooey   choiceband [aquajet, liquidation, stompingtantrum, throatchop] ttype=ground
INFO     Sampling battle 26
INFO     	    zapdosgalar      defiant  choicescarf [bravebird, closecombat, knockoff, uturn] ttype=fighting
INFO     Sampling 5 unrevealed pokemon
INFO     	   hoopaunbound     magician   choiceband [drainpunch, gunkshot, hyperspacefury, trick] ttype=poison
INFO     	        wugtrio        gooey   choiceband [aquajet, liquidation, stompingtantrum, throatchop] ttype=water
INFO     	     galvantula compoundeyes heavydutyboots [bugbuzz, stickyweb, thunder, voltswitch] ttype=electric
INFO     	      honchkrow        moxie heavydutyboots [bravebird, lashout, suckerpunch, thunderwave] ttype=dark
INFO     	    goodrahisui    sapsipper  assaultvest [dracometeor, fireblast, heavyslam, thunderbolt] ttype=flying
INFO     Sampling battle 27
INFO     	    zapdosgalar      defiant      lifeorb [bravebird, bulkup, closecombat, knockoff] ttype=dark
INFO     Sampling 5 unrevealed pokemon
INFO     	      gardevoir        trace      lifeorb [calmmind, focusblast, moonblast, psyshock] ttype=fighting
INFO     	     houndstone       fluffy    leftovers [bodypress, poltergeist, rest, sleeptalk] ttype=fighting
INFO     	     electivire   motordrive      lifeorb [bulkup, earthquake, icepunch, supercellslam] ttype=ground
INFO     	      probopass   magnetpull    leftovers [bodypress, flashcannon, irondefense, thunderwave] ttype=fighting
INFO     	ogerponhearthflame  moldbreaker hearthflamemask [ivycudgel, knockoff, powerwhip, swordsdance] ttype=fire
INFO     Sampling battle 28
INFO     	    zapdosgalar      defiant  choicescarf [bravebird, closecombat, knockoff, uturn] ttype=dark
INFO     Sampling 5 unrevealed pokemon
INFO     	  calyrexshadow asonespectrier      lifeorb [astralbarrage, nastyplot, pollenpuff, psyshock] ttype=ghost
INFO     	        ambipom   technician   choiceband [doubleedge, knockoff, lowkick, tripleaxel] ttype=ice
INFO     	      abomasnow  snowwarning    lightclay [auroraveil, blizzard, earthquake, iceshard] ttype=water
INFO     	taurospaldeacombat   intimidate   choiceband [closecombat, ironhead, stoneedge, throatchop] ttype=dark
INFO     	         latios     levitate      souldew [aurasphere, dracometeor, lusterpurge, recover] ttype=steel
INFO     Sampling battle 29
INFO     	    zapdosgalar      defiant   choiceband [bravebird, closecombat, knockoff, uturn] ttype=fighting
INFO     Sampling 5 unrevealed pokemon
INFO     	       torterra     overgrow   loadeddice [bulletseed, headlongrush, rockblast, shellsmash] ttype=water
INFO     	       meloetta  serenegrace  choicespecs [focusblast, hypervoice, psyshock, uturn] ttype=normal
INFO     	      toxicroak      dryskin   choiceband [closecombat, gunkshot, knockoff, suckerpunch] ttype=dark
INFO     	   weezinggalar     levitate    leftovers [defog, gunkshot, strangesteam, willowisp] ttype=steel
INFO     	typhlosionhisui        blaze  choicescarf [eruption, fireblast, focusblast, shadowball] ttype=fire
INFO     Sampling battle 30
INFO     	    zapdosgalar      defiant   choiceband [bravebird, closecombat, knockoff, uturn] ttype=fighting
INFO     Sampling 5 unrevealed pokemon
INFO     	         zarude    leafguard   choiceband [closecombat, knockoff, powerwhip, uturn] ttype=grass
INFO     	         raikou     pressure  choicespecs [scald, shadowball, thunderbolt, voltswitch] ttype=water
INFO     	   arceusground    multitype   earthplate [dragondance, earthquake, recover, stoneedge] ttype=ground
INFO     	       swampert      torrent  assaultvest [earthquake, flipturn, icebeam, knockoff] ttype=steel
INFO     	        milotic  competitive    leftovers [haze, icebeam, recover, scald] ttype=steel
INFO     Sampling battle 31
INFO     	    zapdosgalar      defiant   choiceband [bravebird, closecombat, knockoff, uturn] ttype=fighting
INFO     Sampling 5 unrevealed pokemon
INFO     	       magearna    soulheart weaknesspolicy [fleurcannon, ironhead, shiftgear, terablast] ttype=ground
INFO     	       drifblim     unburden  sitrusberry [airslash, calmmind, shadowball, strengthsap] ttype=steel
INFO     	         palkia     pressure  lustrousorb [dracometeor, fireblast, hydropump, thunderwave] ttype=fire
INFO     	       greninja      protean      lifeorb [darkpulse, grassknot, gunkshot, hydropump] ttype=water
INFO     	     forretress       sturdy    leftovers [ironhead, rapidspin, spikes, thunderwave] ttype=water
INFO     Searching for a move using MCTS...
INFO     Sampling 32 battles at 250ms each
WARNING  poke-engine lacks request-level Tera permissions; final selector must filter roots
INFO     GUMBEL_ROOT ACTIVE (c_visit=%s c_scale=%s max_n=%s)
INFO     Choice: bravebird-tera
INFO     Updated zapdosgalar's min speed to 171
INFO     honchkrow terastallized. Tera type: flying, Original types: ['dark', 'flying']
INFO     zapdosgalar used a fighting move, removing fightinggem from possible items
INFO     Setting zapdosgalar's last used move: closecombat
INFO     zapdosgalar used a damaging move - not guessing lifeorb anymore
INFO     zapdosgalar did 39.1% damage to honchkrow with closecombat
INFO     zapdosgalar's defense was unboosted by 1 to -1
INFO     zapdosgalar's special-defense was unboosted by 1 to -1
INFO     Setting zapdosgalar's item to: lifeorb
INFO     honchkrow already has the move bravebird. Decrementing the PP by 1
INFO     honchkrow used a flying move, removing flyinggem from possible items
INFO     Setting honchkrow's last used move: bravebird
INFO     honchkrow used a damaging move - not guessing lifeorb anymore
INFO     honchkrow did 91.0% damage to zapdosgalar with bravebird
INFO     Setting honchkrow's ability to moxie
INFO     honchkrow's attack was boosted by 1 to 1
INFO     zapdosgalar has less than maxhp during upkeep, no longer guessing leftovers or blacksludge
INFO     Opponent has switched - clearing the last used move
INFO     charizard switched in, adding intimidate to impossible abilities
INFO     charizard switched in, adding pressure to impossible abilities
INFO     charizard switched in, adding neutralizinggas to impossible abilities
INFO     charizard switched in, adding sandstream to impossible abilities
INFO     charizard switched in, adding drought to impossible abilities
INFO     charizard switched in, adding drizzle to impossible abilities
INFO     charizard switched in, adding snowwarning to impossible abilities
INFO     charizard switched in, adding boosterenergy to impossible items
INFO     charizard switched in, adding airballoon to impossible items
INFO     
INFO     Turn: 2
INFO     root priors (9): {'switch basculegion': 0.439, 'switch stonjourner': 0.214, 'switch greninja': 0.201, 'switch furret': 0.054}
INFO     Sampling battle 0
INFO     	      charizard        blaze heavydutyboots [earthquake, flareblitz, outrage, swordsdance] ttype=dragon
INFO     Sampling 4 unrevealed pokemon
INFO     	      mightyena   intimidate    leftovers [poisonfang, suckerpunch, taunt, throatchop] ttype=poison
INFO     	    raichualola  surgesurfer      lifeorb [grassknot, nastyplot, psyshock, thunderbolt] ttype=grass
INFO     	         glalie   innerfocus heavydutyboots [earthquake, freezedry, spikes, taunt] ttype=water
INFO     	  zaciancrowned intrepidsword  rustedsword [behemothblade, closecombat, playrough, swordsdance] ttype=fighting
INFO     Sampling battle 1
INFO     	      charizard        blaze heavydutyboots [earthquake, flamethrower, hurricane, willowisp] ttype=ground
INFO     Sampling 4 unrevealed pokemon
INFO     	       vigoroth  vitalspirit     eviolite [bodyslam, bulkup, knockoff, slackoff] ttype=ghost
INFO     	 decidueyehisui      scrappy    leftovers [leafblade, roost, triplearrows, uturn] ttype=water
INFO     	       smeargle     owntempo    focussash [ceaselessedge, spore, stealthrock, stickyweb] ttype=ghost
INFO     	  zaciancrowned intrepidsword  rustedsword [behemothblade, closecombat, playrough, swordsdance] ttype=fighting
INFO     Sampling battle 2
INFO     	      charizard        blaze heavydutyboots [dragondance, earthquake, flareblitz, outrage] ttype=dragon
INFO     Sampling 4 unrevealed pokemon
INFO     	ursalunabloodmoon     mindseye    leftovers [bloodmoon, calmmind, moonlight, vacuumwave] ttype=fighting
INFO     	   basculegionf adaptability  assaultvest [flipturn, hydropump, shadowball, wavecrash] ttype=water
INFO     	    meowscarada      protean heavydutyboots [flowertrick, knockoff, toxicspikes, uturn] ttype=grass
INFO     	  arceuspsychic    multitype    mindplate [bodypress, cosmicpower, recover, storedpower] ttype=steel
INFO     Sampling battle 3
INFO     	      charizard        blaze heavydutyboots [dragondance, earthquake, flareblitz, outrage] ttype=dragon
INFO     Sampling 4 unrevealed pokemon
INFO     	         pyroar      unnerve heavydutyboots [fireblast, hypervoice, willowisp, workup] ttype=fire
INFO     	        spidops     stakeout heavydutyboots [circlethrow, knockoff, stickyweb, toxicspikes] ttype=ghost
INFO     	       ampharos       static  assaultvest [dazzlinggleam, focusblast, thunderbolt, voltswitch] ttype=fairy
INFO     	    brutebonnet protosynthesis    leftovers [crunch, seedbomb, spore, suckerpunch] ttype=dark
INFO     Sampling battle 4
INFO     	      charizard        blaze heavydutyboots [earthquake, flareblitz, outrage, swordsdance] ttype=ground
INFO     Sampling 4 unrevealed pokemon
INFO     	      bastiodon   soundproof  chestoberry [bodypress, foulplay, irondefense, rest] ttype=fighting
INFO     	         espeon  magicbounce  choicespecs [alluringvoice, psyshock, shadowball, trick] ttype=psychic
INFO     	        milotic  competitive    leftovers [haze, icebeam, recover, scald] ttype=dragon
INFO     	    fluttermane protosynthesis  choicespecs [moonblast, psyshock, shadowball, thunderbolt] ttype=fairy
INFO     Sampling battle 5
INFO     	      charizard        blaze heavydutyboots [earthquake, flamethrower, focusblast, hurricane] ttype=ground
INFO     Sampling 4 unrevealed pokemon
INFO     	       meganium     overgrow    leftovers [earthquake, knockoff, petalblizzard, swordsdance] ttype=ground
INFO     	 arceusfighting    multitype    fistplate [bodypress, irondefense, recover, shadowball] ttype=steel
INFO     	        jirachi  serenegrace    leftovers [ironhead, protect, psychic, wish] ttype=water
INFO     	 giratinaorigin     levitate griseouscore [defog, dracometeor, poltergeist, shadowsneak] ttype=fairy
INFO     Sampling battle 6
INFO     	      charizard        blaze heavydutyboots [dragondance, earthquake, flareblitz, outrage] ttype=ground
INFO     Sampling 4 unrevealed pokemon
INFO     	       greninja      protean      lifeorb [gunkshot, hydropump, spikes, uturn] ttype=poison
INFO     	      glastrier chillingneigh   choiceband [closecombat, heavyslam, highhorsepower, iciclecrash] ttype=ground
INFO     	      piloswine     thickfat     eviolite [earthquake, iceshard, iciclecrash, stealthrock] ttype=poison
INFO     	        wyrdeer   intimidate    leftovers [bodyslam, earthquake, psychicnoise, thunderwave] ttype=ground
INFO     Sampling battle 7
INFO     	      charizard        blaze heavydutyboots [dragondance, earthquake, flareblitz, outrage] ttype=ground
INFO     Sampling 4 unrevealed pokemon
INFO     	       appletun     thickfat    leftovers [appleacid, dracometeor, leechseed, recover] ttype=steel
INFO     	zamazentacrowned dauntlessshield rustedshield [bodypress, heavyslam, irondefense, stoneedge] ttype=fighting
INFO     	       tinkaton  moldbreaker    leftovers [gigatonhammer, knockoff, playrough, swordsdance] ttype=steel
INFO     	         goodra    sapsipper  assaultvest [dracometeor, earthquake, scald, sludgebomb] ttype=steel
INFO     Sampling battle 8
INFO     	      charizard        blaze heavydutyboots [flamethrower, focusblast, hurricane, willowisp] ttype=dragon
INFO     Sampling 4 unrevealed pokemon
INFO     	         regice    clearbody heavydutyboots [bodypress, icebeam, thunderbolt, thunderwave] ttype=electric
INFO     	      probopass   magnetpull  chestoberry [bodypress, irondefense, powergem, rest] ttype=fighting
INFO     	         veluza    sharpness  sitrusberry [aquacutter, filletaway, nightslash, psychocut] ttype=dark
INFO     	     houndstone       fluffy    leftovers [bodypress, poltergeist, rest, sleeptalk] ttype=fighting
INFO     Sampling battle 9
INFO     	      charizard        blaze heavydutyboots [earthquake, flareblitz, outrage, swordsdance] ttype=dragon
INFO     Sampling 4 unrevealed pokemon
INFO     	       cobalion    justified    leftovers [closecombat, ironhead, swordsdance, taunt] ttype=fighting
INFO     	        shaymin  naturalcure    leftovers [airslash, earthpower, seedflare, synthesis] ttype=ground
INFO     	       ludicolo    swiftswim  choicespecs [gigadrain, hydropump, icebeam, leafstorm] ttype=grass
INFO     	        dewgong     thickfat heavydutyboots [encore, knockoff, surf, tripleaxel] ttype=ground
INFO     Sampling battle 10
INFO     	      charizard        blaze heavydutyboots [earthquake, flamethrower, hurricane, willowisp] ttype=dragon
INFO     Sampling 4 unrevealed pokemon
INFO     	       sawsbuck    sapsipper      lifeorb [doubleedge, highhorsepower, hornleech, swordsdance] ttype=normal
INFO     	         eiscue      iceface  sitrusberry [bellydrum, icespinner, liquidation, terablast] ttype=ground
INFO     	        dondozo      unaware    leftovers [curse, rest, sleeptalk, wavecrash] ttype=fairy
INFO     	       clodsire      unaware    leftovers [earthquake, poisonjab, recover, toxicspikes] ttype=flying
INFO     Sampling battle 11
INFO     	      charizard        blaze heavydutyboots [flamethrower, focusblast, hurricane, willowisp] ttype=dragon
INFO     Sampling 4 unrevealed pokemon
INFO     	       tsareena queenlymajesty  choicescarf [highjumpkick, knockoff, powerwhip, tripleaxel] ttype=steel
INFO     	     toxtricity     punkrock  throatspray [boomburst, gunkshot, overdrive, shiftgear] ttype=normal
INFO     	        flareon         guts     toxicorb [facade, flareblitz, trailblaze, willowisp] ttype=normal
INFO     	      zamazenta dauntlessshield   choiceband [closecombat, crunch, ironhead, psychicfangs] ttype=steel
INFO     Sampling battle 12
INFO     	      charizard        blaze heavydutyboots [earthquake, flamethrower, hurricane, willowisp] ttype=fire
INFO     Sampling 4 unrevealed pokemon
INFO     	      terapagos    terashift  chestoberry [calmmind, earthpower, rest, terastarstorm] ttype=stellar
INFO     	        breloom   technician      lifeorb [bulletseed, machpunch, rocktomb, swordsdance] ttype=rock
INFO     	         comfey       triage    leftovers [calmmind, drainingkiss, taunt, terablast] ttype=ground
INFO     	       porygon2     download     eviolite [discharge, icebeam, recover, triattack] ttype=poison
INFO     Sampling battle 13
INFO     	      charizard        blaze heavydutyboots [earthquake, flamethrower, hurricane, willowisp] ttype=fire
INFO     Sampling 4 unrevealed pokemon
INFO     	       solgaleo fullmetalbody weaknesspolicy [earthquake, flamecharge, psychic, sunsteelstrike] ttype=ground
INFO     	     screamtail protosynthesis    leftovers [playrough, protect, thunderwave, wish] ttype=steel
INFO     	       magcargo    weakarmor heavydutyboots [earthpower, fireblast, powergem, shellsmash] ttype=grass
INFO     	      abomasnow  snowwarning    lightclay [auroraveil, blizzard, earthquake, iceshard] ttype=ghost
INFO     Sampling battle 14
INFO     	      charizard        blaze heavydutyboots [flamethrower, focusblast, hurricane, willowisp] ttype=dragon
INFO     Sampling 4 unrevealed pokemon
INFO     	lycanrocmidnight      noguard  choicescarf [closecombat, knockoff, playrough, stoneedge] ttype=fighting
INFO     	         zacian intrepidsword      lifeorb [closecombat, crunch, playrough, swordsdance] ttype=fighting
INFO     	        shiftry    windrider      lifeorb [knockoff, leafblade, lowkick, tailwind] ttype=fighting
INFO     	      tatsugiri   stormdrain heavydutyboots [dracometeor, nastyplot, rapidspin, surf] ttype=steel
INFO     Sampling battle 15
INFO     	      charizard        blaze heavydutyboots [earthquake, flamethrower, hurricane, willowisp] ttype=fire
INFO     Sampling 4 unrevealed pokemon
INFO     	       venomoth   tintedlens heavydutyboots [bugbuzz, quiverdance, sleeppowder, sludgewave] ttype=bug
INFO     	   dialgaorigin     pressure adamantcrystal [dracometeor, fireblast, heavyslam, stealthrock] ttype=steel
INFO     	ogerponcornerstone       sturdy cornerstonemask [ivycudgel, powerwhip, superpower, swordsdance] ttype=rock
INFO     	        kingdra    swiftswim      lifeorb [dracometeor, hurricane, raindance, wavecrash] ttype=water
INFO     Sampling battle 16
INFO     	      charizard        blaze heavydutyboots [earthquake, flamethrower, hurricane, willowisp] ttype=ground
INFO     Sampling 4 unrevealed pokemon
INFO     	      sudowoodo     rockhead    leftovers [earthquake, headsmash, stealthrock, woodhammer] ttype=rock
INFO     	      amoonguss  regenerator  rockyhelmet [gigadrain, sludgebomb, spore, stompingtantrum] ttype=steel
INFO     	      kingambit supremeoverlord    leftovers [ironhead, kowtowcleave, suckerpunch, swordsdance] ttype=flying
INFO     	     hitmonchan     ironfist    leftovers [drainpunch, encore, knockoff, rapidspin] ttype=steel
INFO     Sampling battle 17
INFO     	      charizard        blaze heavydutyboots [earthquake, flareblitz, outrage, swordsdance] ttype=dragon
INFO     Sampling 4 unrevealed pokemon
INFO     	      gholdengo   goodasgold  choicescarf [focusblast, makeitrain, shadowball, trick] ttype=fighting
INFO     	       ursaluna         guts     flameorb [facade, headlongrush, swordsdance, trailblaze] ttype=normal
INFO     	        shaymin  naturalcure    leftovers [airslash, leechseed, seedflare, substitute] ttype=steel
INFO     	      cryogonal     levitate heavydutyboots [freezedry, haze, rapidspin, recover] ttype=steel
INFO     Sampling battle 18
INFO     	      charizard        blaze heavydutyboots [earthquake, flareblitz, outrage, swordsdance] ttype=dragon
INFO     Sampling 4 unrevealed pokemon
INFO     	       venusaur  chlorophyll    leftovers [leechseed, sleeppowder, sludgebomb, substitute] ttype=water
INFO     	     rotomfrost     levitate heavydutyboots [blizzard, thunderbolt, voltswitch, willowisp] ttype=electric
INFO     	         flygon     levitate     lumberry [dragondance, earthquake, outrage, stoneedge] ttype=steel
INFO     	     pincurchin electricsurge    leftovers [discharge, recover, scald, toxicspikes] ttype=water
INFO     Sampling battle 19
INFO     	      charizard        blaze heavydutyboots [earthquake, flamethrower, focusblast, hurricane] ttype=dragon
INFO     Sampling 4 unrevealed pokemon
INFO     	       ursaluna         guts     flameorb [crunch, facade, headlongrush, swordsdance] ttype=normal
INFO     	taurospaldeablaze   intimidate   choiceband [closecombat, flareblitz, stoneedge, wildcharge] ttype=fighting
INFO     	        luvdisc    swiftswim heavydutyboots [endeavor, substitute, surf, whirlpool] ttype=ghost
INFO     	     mabosstiff     stakeout  choicescarf [crunch, playrough, psychicfangs, wildcharge] ttype=fairy
INFO     Sampling battle 20
INFO     	      charizard        blaze heavydutyboots [earthquake, flareblitz, outrage, swordsdance] ttype=dragon
INFO     Sampling 4 unrevealed pokemon
INFO     	 keldeoresolute    justified  choicescarf [airslash, flipturn, hydropump, secretsword] ttype=water
INFO     	       cacturne  waterabsorb      lifeorb [focusblast, knockoff, leafstorm, suckerpunch] ttype=poison
INFO     	        beartic    slushrush heavydutyboots [earthquake, iciclecrash, snowscape, swordsdance] ttype=ground
INFO     	   arceuspoison    multitype   toxicplate [earthquake, extremespeed, gunkshot, swordsdance] ttype=normal
INFO     Sampling battle 21
INFO     	      charizard        blaze heavydutyboots [earthquake, flamethrower, hurricane, willowisp] ttype=ground
INFO     Sampling 4 unrevealed pokemon
INFO     	      greattusk protosynthesis  assaultvest [closecombat, headlongrush, rapidspin, stoneedge] ttype=ground
INFO     	        kingdra    swiftswim      lifeorb [dracometeor, hurricane, raindance, wavecrash] ttype=water
INFO     	      hippowdon   sandstream    leftovers [earthquake, slackoff, stealthrock, stoneedge] ttype=steel
INFO     	       dachsbun wellbakedbody    leftovers [bodypress, playrough, protect, wish] ttype=steel
INFO     Sampling battle 22
INFO     	      charizard        blaze heavydutyboots [flamethrower, focusblast, hurricane, willowisp] ttype=dragon
INFO     Sampling 4 unrevealed pokemon
INFO     	        jirachi  serenegrace  choicescarf [healingwish, ironhead, psychic, uturn] ttype=water
INFO     	      farigiraf    sapsipper    leftovers [bodyslam, protect, psychicnoise, wish] ttype=fairy
INFO     	        scrafty     shedskin    leftovers [bulkup, drainpunch, knockoff, rest] ttype=poison
INFO     	      ninetales      drought heavydutyboots [fireblast, nastyplot, scorchingsands, solarbeam] ttype=grass
INFO     Sampling battle 23
INFO     	      charizard        blaze heavydutyboots [earthquake, flamethrower, focusblast, hurricane] ttype=ground
INFO     Sampling 4 unrevealed pokemon
INFO     	     wigglytuff  competitive    leftovers [alluringvoice, fireblast, knockoff, thunderwave] ttype=steel
INFO     	     sandaconda     shedskin    leftovers [coil, earthquake, glare, stoneedge] ttype=dragon
INFO     	      pachirisu   voltabsorb  assaultvest [nuzzle, superfang, thunderbolt, uturn] ttype=flying
INFO     	        gallade    sharpness      lifeorb [agility, nightslash, psychocut, sacredsword] ttype=fighting
INFO     Sampling battle 24
INFO     	      charizard        blaze heavydutyboots [earthquake, flamethrower, hurricane, willowisp] ttype=fire
INFO     Sampling 4 unrevealed pokemon
INFO     	    brutebonnet protosynthesis    leftovers [crunch, seedbomb, spore, suckerpunch] ttype=poison
INFO     	       miraidon hadronengine  choicespecs [dracometeor, electrodrift, overheat, voltswitch] ttype=electric
INFO     	        grumpig     thickfat    leftovers [earthpower, nastyplot, psyshock, shadowball] ttype=ground
INFO     	 sandslashalola    slushrush  assaultvest [earthquake, ironhead, rapidspin, tripleaxel] ttype=flying
INFO     Sampling battle 25
INFO     	      charizard        blaze heavydutyboots [dragondance, earthquake, flareblitz, outrage] ttype=dragon
INFO     Sampling 4 unrevealed pokemon
INFO     	     golemalola    galvanize      lifeorb [doubleedge, earthquake, rockpolish, stoneedge] ttype=flying
INFO     	       arcanine   intimidate heavydutyboots [closecombat, extremespeed, flareblitz, morningsun] ttype=fighting
INFO     	    raichualola  surgesurfer  choicespecs [alluringvoice, focusblast, psychic, thunderbolt] ttype=fairy
INFO     	   greninjabond   battlebond      lifeorb [darkpulse, gunkshot, hydropump, icebeam] ttype=water
INFO     Sampling battle 26
INFO     	      charizard        blaze heavydutyboots [dragondance, earthquake, flareblitz, outrage] ttype=dragon
INFO     Sampling 4 unrevealed pokemon
INFO     	       chienpao  swordofruin heavydutyboots [iciclecrash, sacredsword, swordsdance, throatchop] ttype=fighting
INFO     	       mienshao     reckless   choiceband [highjumpkick, knockoff, poisonjab, uturn] ttype=fighting
INFO     	      spectrier    grimneigh      lifeorb [nastyplot, shadowball, terablast, willowisp] ttype=fighting
INFO     	     typhlosion    flashfire  choicespecs [eruption, fireblast, focusblast, scorchingsands] ttype=fire
INFO     Sampling battle 27
INFO     	      charizard        blaze heavydutyboots [earthquake, flamethrower, focusblast, hurricane] ttype=ground
INFO     Sampling 4 unrevealed pokemon
INFO     	      magnezone     analytic  choicescarf [bodypress, flashcannon, thunderbolt, voltswitch] ttype=fighting
INFO     	       inteleon      torrent  choicespecs [hydropump, icebeam, scald, uturn] ttype=water
INFO     	      hydrapple  regenerator  assaultvest [dragontail, earthpower, ficklebeam, leafstorm] ttype=steel
INFO     	        diancie    clearbody    leftovers [calmmind, diamondstorm, drainingkiss, earthpower] ttype=fairy
INFO     Sampling battle 28
INFO     	      charizard        blaze heavydutyboots [earthquake, flamethrower, focusblast, hurricane] ttype=ground
INFO     Sampling 4 unrevealed pokemon
INFO     	      hippowdon   sandstream  rockyhelmet [earthquake, slackoff, stoneedge, whirlwind] ttype=rock
INFO     	       sawsbuck  serenegrace      lifeorb [headbutt, highhorsepower, hornleech, swordsdance] ttype=normal
INFO     	        palafin   zerotohero    leftovers [bulkup, drainpunch, icepunch, jetpunch] ttype=dragon
INFO     	       swampert         damp    leftovers [earthquake, icebeam, roar, stealthrock] ttype=steel
INFO     Sampling battle 29
INFO     	      charizard        blaze heavydutyboots [earthquake, flamethrower, hurricane, willowisp] ttype=fire
INFO     Sampling 4 unrevealed pokemon
INFO     	         zacian intrepidsword   choiceband [closecombat, crunch, playrough, psychicfangs] ttype=fighting
INFO     	      indeedeef psychicsurge  choicescarf [healingwish, hypervoice, psychic, shadowball] ttype=psychic
INFO     	        ariados        swarm heavydutyboots [megahorn, poisonjab, stickyweb, toxicspikes] ttype=ghost
INFO     	      infernape        blaze      lifeorb [closecombat, flareblitz, knockoff, swordsdance] ttype=fighting
INFO     Sampling battle 30
INFO     	      charizard        blaze heavydutyboots [flamethrower, focusblast, hurricane, willowisp] ttype=dragon
INFO     Sampling 4 unrevealed pokemon
INFO     	       sneasler  poisontouch   choiceband [closecombat, direclaw, throatchop, uturn] ttype=fighting
INFO     	         zarude    leafguard    leftovers [knockoff, powerwhip, swordsdance, synthesis] ttype=grass
INFO     	      hydreigon     levitate  choicespecs [darkpulse, dracometeor, fireblast, uturn] ttype=fire
INFO     	   weezinggalar     levitate    leftovers [defog, gunkshot, painsplit, strangesteam] ttype=steel
INFO     Sampling battle 31
INFO     	      charizard        blaze heavydutyboots [flamethrower, focusblast, hurricane, willowisp] ttype=fire
INFO     Sampling 4 unrevealed pokemon
INFO     	        grumpig     thickfat    leftovers [dazzlinggleam, nastyplot, psychic, shadowball] ttype=fairy
INFO     	       hariyama     thickfat  assaultvest [closecombat, heavyslam, knockoff, stoneedge] ttype=steel
INFO     	    arceusgrass    multitype  meadowplate [calmmind, fireblast, judgment, recover] ttype=fire
INFO     	    oinkolognef     thickfat    leftovers [curse, doubleedge, highhorsepower, lashout] ttype=ground
INFO     Searching for a move using MCTS...
INFO     Sampling 32 battles at 250ms each
INFO     Choice: suckerpunch
INFO     honchkrow already has the move suckerpunch. Decrementing the PP by 1
INFO     honchkrow used a dark move, removing darkgem from possible items
INFO     Setting honchkrow's last used move: suckerpunch
INFO     honchkrow used a damaging move - not guessing lifeorb anymore
INFO     honchkrow did 40.0% damage to charizard with suckerpunch
WARNING  Would remove all possibilities, not removing any
WARNING  actual_damage_dealt=108.4
INFO     Illusion ending for opponent
INFO     Resetting charizard's HP 162 to its value at switch-in: 271/271 (100.0%)
WARNING  zoroark, level 83 does not have the volatile status 'illusion'. Volatiles: []
INFO     zoroark used a poison move, removing poisongem from possible items
INFO     Setting zoroark's last used move: sludgebomb
INFO     zoroark used a damaging move - not guessing lifeorb anymore
INFO     zoroark did 35.58% damage to honchkrow with sludgebomb
INFO     Setting zoroark's item to: lifeorb
INFO     zoroark has less than maxhp during upkeep, no longer guessing leftovers or blacksludge
INFO     root priors (5): {'switch basculegion': 0.381, 'switch furret': 0.236, 'switch greninja': 0.183, 'switch stonjourner': 0.15}
INFO     Sampling battle 0
INFO     	        zoroark     illusion      lifeorb [darkpulse, focusblast, nastyplot, sludgebomb] ttype=poison
INFO     	      charizard        blaze heavydutyboots [flamethrower, focusblast, hurricane, willowisp] ttype=fire
INFO     Sampling 3 unrevealed pokemon
INFO     	      ironcrown   quarkdrive    leftovers [calmmind, focusblast, psyshock, tachyoncutter] ttype=fighting
INFO     	      alomomola  regenerator heavydutyboots [flipturn, protect, scald, wish] ttype=steel
INFO     	       reshiram   turboblaze heavydutyboots [dragondance, flareblitz, outrage, stoneedge] ttype=dragon
INFO     Sampling battle 1
INFO     	        zoroark     illusion      lifeorb [darkpulse, nastyplot, psychic, sludgebomb] ttype=poison
INFO     	      charizard        blaze heavydutyboots [dragondance, earthquake, flareblitz, outrage] ttype=ground
INFO     Sampling 3 unrevealed pokemon
INFO     	      poliwrath    swiftswim      lifeorb [closecombat, knockoff, liquidation, raindance] ttype=dark
INFO     	       froslass   cursedbody     widelens [poltergeist, spikes, taunt, tripleaxel] ttype=ghost
INFO     	           uxie     levitate    leftovers [psychicnoise, stealthrock, uturn, yawn] ttype=steel
INFO     Sampling battle 2
INFO     	        zoroark     illusion      lifeorb [darkpulse, focusblast, nastyplot, sludgebomb] ttype=poison
INFO     	      charizard        blaze heavydutyboots [dragondance, earthquake, flareblitz, outrage] ttype=ground
INFO     Sampling 3 unrevealed pokemon
INFO     	   dugtrioalola tanglinghair      lifeorb [earthquake, ironhead, suckerpunch, swordsdance] ttype=steel
INFO     	       torterra     overgrow   loadeddice [bulletseed, headlongrush, rockblast, shellsmash] ttype=rock
INFO     	       zangoose   toxicboost     toxicorb [facade, knockoff, quickattack, swordsdance] ttype=normal
INFO     Sampling battle 3
INFO     	        zoroark     illusion      lifeorb [darkpulse, encore, nastyplot, sludgebomb] ttype=poison
INFO     	      charizard        blaze heavydutyboots [dragondance, earthquake, flareblitz, outrage] ttype=ground
INFO     Sampling 3 unrevealed pokemon
INFO     	     chesnaught  bulletproof    leftovers [bodypress, irondefense, synthesis, trailblaze] ttype=steel
INFO     	    barraskewda    swiftswim   choiceband [closecombat, flipturn, psychicfangs, waterfall] ttype=water
INFO     	         gengar   cursedbody      lifeorb [encore, focusblast, shadowball, sludgewave] ttype=ghost
INFO     Sampling battle 4
INFO     	        zoroark     illusion      lifeorb [darkpulse, encore, nastyplot, sludgebomb] ttype=poison
INFO     	      charizard        blaze heavydutyboots [earthquake, flamethrower, hurricane, willowisp] ttype=dragon
INFO     Sampling 3 unrevealed pokemon
INFO     	     oinkologne     thickfat    leftovers [bodyslam, curse, highhorsepower, lashout] ttype=ground
INFO     	        sableye    prankster    leftovers [encore, knockoff, recover, thunderwave] ttype=steel
INFO     	        sylveon     pixilate    leftovers [calmmind, hypervoice, protect, wish] ttype=steel
INFO     Sampling battle 5
INFO     	        zoroark     illusion      lifeorb [darkpulse, nastyplot, psychic, sludgebomb] ttype=poison
INFO     	      charizard        blaze heavydutyboots [earthquake, flamethrower, focusblast, hurricane] ttype=ground
INFO     Sampling 3 unrevealed pokemon
INFO     	   lycanrocdusk   toughclaws   choiceband [accelerock, closecombat, psychicfangs, stoneedge] ttype=fighting
INFO     	    goodrahisui    sapsipper  assaultvest [dracometeor, heavyslam, hydropump, thunderbolt] ttype=water
INFO     	      hitmonlee     reckless   choiceband [highjumpkick, knockoff, machpunch, stoneedge] ttype=fighting
INFO     Sampling battle 6
INFO     	        zoroark     illusion      lifeorb [darkpulse, focusblast, nastyplot, sludgebomb] ttype=poison
INFO     	      charizard        blaze heavydutyboots [dragondance, earthquake, flareblitz, outrage] ttype=ground
INFO     Sampling 3 unrevealed pokemon
INFO     	      ironhands   quarkdrive    leftovers [drainpunch, icepunch, swordsdance, thunderpunch] ttype=steel
INFO     	    arceusghost    multitype  spookyplate [focusblast, judgment, recover, willowisp] ttype=fighting
INFO     	       whiscash    oblivious      lifeorb [dragondance, earthquake, liquidation, stoneedge] ttype=ground
INFO     Sampling battle 7
INFO     	        zoroark     illusion      lifeorb [darkpulse, focusblast, nastyplot, sludgebomb] ttype=poison
INFO     	      charizard        blaze heavydutyboots [dragondance, earthquake, flareblitz, outrage] ttype=ground
INFO     Sampling 3 unrevealed pokemon
INFO     	      sudowoodo     rockhead    leftovers [earthquake, headsmash, stealthrock, woodhammer] ttype=rock
INFO     	         lapras  waterabsorb   loadeddice [dragondance, earthquake, iciclespear, waterfall] ttype=ground
INFO     	         goodra    sapsipper  assaultvest [dracometeor, dragontail, earthquake, fireblast] ttype=steel
INFO     Sampling battle 8
INFO     	        zoroark     illusion      lifeorb [darkpulse, focusblast, nastyplot, sludgebomb] ttype=poison
INFO     	      charizard        blaze heavydutyboots [earthquake, flareblitz, outrage, swordsdance] ttype=ground
INFO     Sampling 3 unrevealed pokemon
INFO     	        avalugg       sturdy heavydutyboots [avalanche, bodypress, rapidspin, recover] ttype=fighting
INFO     	         rhydon lightningrod     eviolite [earthquake, megahorn, stoneedge, swordsdance] ttype=dragon
INFO     	      gardevoir        trace  choicescarf [moonblast, mysticalfire, psychic, trick] ttype=fire
INFO     Sampling battle 9
INFO     	        zoroark     illusion      lifeorb [darkpulse, focusblast, nastyplot, sludgebomb] ttype=poison
INFO     	      charizard        blaze heavydutyboots [dragondance, earthquake, flareblitz, outrage] ttype=ground
INFO     Sampling 3 unrevealed pokemon
INFO     	         rabsca  synchronize heavydutyboots [bugbuzz, earthpower, psychic, revivalblessing] ttype=steel
INFO     	     perrserker   toughclaws   choiceband [closecombat, ironhead, knockoff, uturn] ttype=fighting
INFO     	   dialgaorigin     pressure adamantcrystal [dracometeor, heavyslam, stealthrock, thunderwave] ttype=steel
INFO     Sampling battle 10
INFO     	        zoroark     illusion      lifeorb [darkpulse, focusblast, nastyplot, sludgebomb] ttype=poison
INFO     	      charizard        blaze heavydutyboots [earthquake, flamethrower, hurricane, willowisp] ttype=fire
INFO     Sampling 3 unrevealed pokemon
INFO     	      munkidori   toxicchain  choicespecs [focusblast, psyshock, sludgewave, uturn] ttype=poison
INFO     	        heatran    flashfire   airballoon [earthpower, heavyslam, lavaplume, stealthrock] ttype=flying
INFO     	   arceusdragon    multitype   dracoplate [dragondance, flareblitz, heavyslam, outrage] ttype=fire
INFO     Sampling battle 11
INFO     	        zoroark     illusion      lifeorb [darkpulse, encore, nastyplot, sludgebomb] ttype=poison
INFO     	      charizard        blaze heavydutyboots [earthquake, flamethrower, hurricane, willowisp] ttype=ground
INFO     Sampling 3 unrevealed pokemon
INFO     	       solgaleo fullmetalbody    leftovers [knockoff, morningsun, psychicfangs, sunsteelstrike] ttype=water
INFO     	      quaquaval        moxie      lifeorb [aquastep, closecombat, encore, swordsdance] ttype=water
INFO     	        jirachi  serenegrace    leftovers [bodyslam, ironhead, protect, wish] ttype=water
INFO     Sampling battle 12
INFO     	        zoroark     illusion      lifeorb [darkpulse, encore, nastyplot, sludgebomb] ttype=poison
INFO     	      charizard        blaze heavydutyboots [earthquake, flamethrower, hurricane, willowisp] ttype=fire
INFO     Sampling 3 unrevealed pokemon
INFO     	         emboar     reckless   choiceband [closecombat, flareblitz, knockoff, wildcharge] ttype=fire
INFO     	         espeon  magicbounce  choicespecs [alluringvoice, psyshock, shadowball, trick] ttype=psychic
INFO     	  calyrexshadow asonespectrier      lifeorb [astralbarrage, nastyplot, pollenpuff, psyshock] ttype=ghost
INFO     Sampling battle 13
INFO     	        zoroark     illusion      lifeorb [darkpulse, nastyplot, psychic, sludgebomb] ttype=poison
INFO     	      charizard        blaze heavydutyboots [dragondance, earthquake, flareblitz, outrage] ttype=dragon
INFO     Sampling 3 unrevealed pokemon
INFO     	     baxcalibur thermalexchange   choiceband [earthquake, glaiverush, iceshard, iciclecrash] ttype=ground
INFO     	        pikachu lightningrod    lightball [fakeout, playrough, surf, volttackle] ttype=water
INFO     	        lanturn   voltabsorb    leftovers [icebeam, scald, thunderbolt, thunderwave] ttype=flying
INFO     Sampling battle 14
INFO     	        zoroark     illusion      lifeorb [darkpulse, nastyplot, psychic, sludgebomb] ttype=poison
INFO     	      charizard        blaze heavydutyboots [earthquake, flamethrower, focusblast, hurricane] ttype=ground
INFO     Sampling 3 unrevealed pokemon
INFO     	  slowkinggalar  regenerator  assaultvest [futuresight, psychicnoise, sludgebomb, surf] ttype=water
INFO     	      lilligant     owntempo      lifeorb [alluringvoice, petaldance, quiverdance, sleeppowder] ttype=fairy
INFO     	     krookodile   intimidate    leftovers [bulkup, earthquake, gunkshot, knockoff] ttype=poison
INFO     Sampling battle 15
INFO     	        zoroark     illusion      lifeorb [darkpulse, focusblast, nastyplot, sludgebomb] ttype=poison
INFO     	      charizard        blaze heavydutyboots [flamethrower, focusblast, hurricane, willowisp] ttype=fire
INFO     Sampling 3 unrevealed pokemon
INFO     	       meganium     overgrow    leftovers [earthquake, knockoff, petalblizzard, swordsdance] ttype=steel
INFO     	    roaringmoon protosynthesis boosterenergy [acrobatics, dragondance, knockoff, outrage] ttype=flying
INFO     	      registeel    clearbody  chestoberry [bodypress, irondefense, ironhead, rest] ttype=fighting
INFO     Searching for a move using MCTS...
INFO     Sampling 16 battles at 500ms each
INFO     Choice: switch greninja
INFO     greninja switched in, adding intimidate to impossible abilities
INFO     greninja switched in, adding pressure to impossible abilities
INFO     greninja switched in, adding neutralizinggas to impossible abilities
INFO     greninja switched in, adding sandstream to impossible abilities
INFO     greninja switched in, adding drought to impossible abilities
INFO     greninja switched in, adding drizzle to impossible abilities
INFO     greninja switched in, adding snowwarning to impossible abilities
INFO     greninja switched in, adding boosterenergy to impossible items
INFO     greninja switched in, adding airballoon to impossible items
INFO     
INFO     Turn: 3
INFO     root priors (8): {'darkpulse': 0.484, 'icebeam': 0.289, 'hydropump': 0.22, 'uturn': 0.003}
INFO     Sampling battle 0
INFO     	        zoroark     illusion      lifeorb [darkpulse, focusblast, nastyplot, sludgebomb] ttype=poison
INFO     	      charizard        blaze heavydutyboots [earthquake, flamethrower, focusblast, hurricane] ttype=ground
INFO     Sampling 3 unrevealed pokemon
INFO     	        volbeat    prankster heavydutyboots [encore, lunge, roost, thunderwave] ttype=steel
INFO     	      blastoise      torrent    whiteherb [earthquake, hydropump, icebeam, shellsmash] ttype=water
INFO     	    raichualola  surgesurfer      lifeorb [alluringvoice, nastyplot, psyshock, thunderbolt] ttype=fairy
INFO     Sampling battle 1
INFO     	        zoroark     illusion      lifeorb [darkpulse, encore, nastyplot, sludgebomb] ttype=poison
INFO     	      charizard        blaze heavydutyboots [earthquake, flamethrower, focusblast, hurricane] ttype=fire
INFO     Sampling 3 unrevealed pokemon
INFO     	       skuntank    aftermath  assaultvest [fireblast, gunkshot, knockoff, suckerpunch] ttype=poison
INFO     	       whiscash    oblivious    leftovers [earthquake, hydropump, icebeam, spikes] ttype=poison
INFO     	 arceusfighting    multitype    fistplate [bodypress, irondefense, recover, shadowball] ttype=steel
INFO     Sampling battle 2
INFO     	        zoroark     illusion      lifeorb [darkpulse, nastyplot, psychic, sludgebomb] ttype=poison
INFO     	      charizard        blaze heavydutyboots [earthquake, flareblitz, outrage, swordsdance] ttype=ground
INFO     Sampling 3 unrevealed pokemon
INFO     	       leavanny  chlorophyll   loadeddice [bulletseed, knockoff, stickyweb, tripleaxel] ttype=ghost
INFO     	    brutebonnet protosynthesis    leftovers [closecombat, crunch, spore, suckerpunch] ttype=fighting
INFO     	   arceuspoison    multitype   toxicplate [dragondance, earthquake, gunkshot, liquidation] ttype=ground
INFO     Sampling battle 3
INFO     	        zoroark     illusion      lifeorb [darkpulse, nastyplot, psychic, sludgebomb] ttype=poison
INFO     	      charizard        blaze heavydutyboots [earthquake, flareblitz, outrage, swordsdance] ttype=ground
INFO     Sampling 3 unrevealed pokemon
INFO     	        mesprit     levitate  choicespecs [dazzlinggleam, psychic, thunderbolt, uturn] ttype=fairy
INFO     	        groudon      drought    leftovers [heatcrash, precipiceblades, swordsdance, thunderwave] ttype=fire
INFO     	      rotomheat     levitate heavydutyboots [overheat, painsplit, thunderbolt, voltswitch] ttype=steel
INFO     Sampling battle 4
INFO     	        zoroark     illusion      lifeorb [darkpulse, nastyplot, psychic, sludgebomb] ttype=poison
INFO     	      charizard        blaze heavydutyboots [earthquake, flareblitz, outrage, swordsdance] ttype=ground
INFO     Sampling 3 unrevealed pokemon
INFO     	    oinkolognef     thickfat    leftovers [bodyslam, curse, rest, sleeptalk] ttype=fairy
INFO     	      reuniclus   magicguard      lifeorb [calmmind, focusblast, psychic, recover] ttype=steel
INFO     	    arceuswater    multitype  splashplate [icebeam, judgment, recover, willowisp] ttype=steel
INFO     Sampling battle 5
INFO     	        zoroark     illusion      lifeorb [darkpulse, nastyplot, psychic, sludgebomb] ttype=poison
INFO     	      charizard        blaze heavydutyboots [flamethrower, focusblast, hurricane, willowisp] ttype=fire
INFO     Sampling 3 unrevealed pokemon
INFO     	      farigiraf    sapsipper    leftovers [bodyslam, protect, psychicnoise, wish] ttype=fairy
INFO     	       sunflora  chlorophyll      lifeorb [earthpower, solarbeam, sunnyday, weatherball] ttype=fire
INFO     	        dugtrio    arenatrap   choiceband [earthquake, stoneedge, suckerpunch, throatchop] ttype=ground
INFO     Sampling battle 6
INFO     	        zoroark     illusion      lifeorb [darkpulse, encore, nastyplot, sludgebomb] ttype=poison
INFO     	      charizard        blaze heavydutyboots [earthquake, flamethrower, hurricane, willowisp] ttype=fire
INFO     Sampling 3 unrevealed pokemon
INFO     	        sylveon     pixilate    leftovers [calmmind, hypervoice, protect, wish] ttype=steel
INFO     	        torkoal      drought heavydutyboots [earthquake, fireblast, rapidspin, solarbeam] ttype=grass
INFO     	necrozmaduskmane   prismarmor weaknesspolicy [dragondance, earthquake, photongeyser, sunsteelstrike] ttype=steel
INFO     Sampling battle 7
INFO     	        zoroark     illusion      lifeorb [darkpulse, focusblast, nastyplot, sludgebomb] ttype=poison
INFO     	      charizard        blaze heavydutyboots [earthquake, flareblitz, outrage, swordsdance] ttype=dragon
INFO     Sampling 3 unrevealed pokemon
INFO     	       clefable      unaware    leftovers [knockoff, moonblast, moonlight, stealthrock] ttype=poison
INFO     	        carbink       sturdy  chestoberry [bodypress, irondefense, moonblast, rest] ttype=fighting
INFO     	    arceuswater    multitype  splashplate [icebeam, judgment, recover, willowisp] ttype=steel
INFO     Sampling battle 8
INFO     	        zoroark     illusion      lifeorb [darkpulse, nastyplot, psychic, sludgebomb] ttype=poison
INFO     	      charizard        blaze heavydutyboots [earthquake, flareblitz, outrage, swordsdance] ttype=ground
INFO     Sampling 3 unrevealed pokemon
INFO     	      greattusk protosynthesis    leftovers [bulkup, closecombat, earthquake, stoneedge] ttype=ground
INFO     	      bastiodon   soundproof  chestoberry [bodypress, foulplay, irondefense, rest] ttype=fighting
INFO     	   dialgaorigin     pressure adamantcrystal [dracometeor, fireblast, flashcannon, thunderwave] ttype=steel
INFO     Sampling battle 9
INFO     	        zoroark     illusion      lifeorb [darkpulse, encore, nastyplot, sludgebomb] ttype=poison
INFO     	      charizard        blaze heavydutyboots [earthquake, flamethrower, focusblast, hurricane] ttype=fire
INFO     Sampling 3 unrevealed pokemon
INFO     	   lycanrocdusk   toughclaws      lifeorb [accelerock, closecombat, stoneedge, swordsdance] ttype=fighting
INFO     	   hoopaunbound     magician   choiceband [drainpunch, hyperspacefury, trick, zenheadbutt] ttype=fighting
INFO     	      excadrill  moldbreaker  assaultvest [earthquake, ironhead, rapidspin, rockslide] ttype=grass
INFO     Sampling battle 10
INFO     	        zoroark     illusion      lifeorb [darkpulse, nastyplot, psychic, sludgebomb] ttype=poison
INFO     	      charizard        blaze heavydutyboots [earthquake, flareblitz, outrage, swordsdance] ttype=dragon
INFO     Sampling 3 unrevealed pokemon
INFO     	taurospaldeacombat   intimidate      lifeorb [bulkup, closecombat, stoneedge, throatchop] ttype=dark
INFO     	    sandyshocks protosynthesis heavydutyboots [earthpower, stealthrock, thunderbolt, voltswitch] ttype=electric
INFO     	      meowsticf  competitive      lifeorb [alluringvoice, nastyplot, psychic, thunderbolt] ttype=electric
INFO     Sampling battle 11
INFO     	        zoroark     illusion      lifeorb [darkpulse, encore, nastyplot, sludgebomb] ttype=poison
INFO     	      charizard        blaze heavydutyboots [flamethrower, focusblast, hurricane, willowisp] ttype=dragon
INFO     Sampling 3 unrevealed pokemon
INFO     	         latios     levitate      souldew [aurasphere, dracometeor, lusterpurge, recover] ttype=dragon
INFO     	      mamoswine     thickfat   choiceband [earthquake, iceshard, iciclecrash, knockoff] ttype=ground
INFO     	        persian       limber   choiceband [doubleedge, knockoff, switcheroo, uturn] ttype=ghost
INFO     Sampling battle 12
INFO     	        zoroark     illusion      lifeorb [darkpulse, encore, nastyplot, sludgebomb] ttype=poison
INFO     	      charizard        blaze heavydutyboots [earthquake, flareblitz, outrage, swordsdance] ttype=dragon
INFO     Sampling 3 unrevealed pokemon
INFO     	taurospaldeacombat   intimidate   choiceband [closecombat, earthquake, stoneedge, throatchop] ttype=dark
INFO     	          hoopa     magician      lifeorb [focusblast, nastyplot, psyshock, shadowball] ttype=ghost
INFO     	   avalugghisui       sturdy heavydutyboots [avalanche, bodypress, recover, stoneedge] ttype=ghost
INFO     Sampling battle 13
INFO     	        zoroark     illusion      lifeorb [darkpulse, encore, nastyplot, sludgebomb] ttype=poison
INFO     	      charizard        blaze heavydutyboots [earthquake, flareblitz, outrage, swordsdance] ttype=ground
INFO     Sampling 3 unrevealed pokemon
INFO     	        sylveon     pixilate    leftovers [calmmind, hypervoice, protect, wish] ttype=steel
INFO     	       espathra   speedboost  choicespecs [dazzlinggleam, luminacrash, shadowball, uturn] ttype=psychic
INFO     	     houndstone       fluffy    leftovers [bodypress, poltergeist, rest, sleeptalk] ttype=fighting
INFO     Sampling battle 14
INFO     	        zoroark     illusion      lifeorb [darkpulse, encore, nastyplot, sludgebomb] ttype=poison
INFO     	      charizard        blaze heavydutyboots [dragondance, earthquake, flareblitz, outrage] ttype=ground
INFO     Sampling 3 unrevealed pokemon
INFO     	       ironmoth   quarkdrive heavydutyboots [energyball, fierydance, morningsun, sludgewave] ttype=fire
INFO     	      terapagos    terashift  chestoberry [calmmind, earthpower, rest, terastarstorm] ttype=stellar
INFO     	       ursaluna         guts     flameorb [facade, headlongrush, swordsdance, throatchop] ttype=normal
INFO     Sampling battle 15
INFO     	        zoroark     illusion      lifeorb [darkpulse, focusblast, nastyplot, sludgebomb] ttype=poison
INFO     	      charizard        blaze heavydutyboots [earthquake, flareblitz, outrage, swordsdance] ttype=dragon
INFO     Sampling 3 unrevealed pokemon
INFO     	     chesnaught  bulletproof    leftovers [bodypress, irondefense, synthesis, trailblaze] ttype=steel
INFO     	        toxapex  regenerator    leftovers [haze, liquidation, recover, toxicspikes] ttype=grass
INFO     	        grumpig     thickfat    leftovers [focusblast, nastyplot, psychic, shadowball] ttype=fighting
INFO     Searching for a move using MCTS...
INFO     Sampling 16 battles at 500ms each
INFO     Choice: icebeam
INFO     Opponent has switched - clearing the last used move
INFO     torkoal switched in, adding intimidate to impossible abilities
INFO     torkoal switched in, adding pressure to impossible abilities
INFO     torkoal switched in, adding neutralizinggas to impossible abilities
INFO     torkoal switched in, adding sandstream to impossible abilities
INFO     torkoal switched in, adding drought to impossible abilities
INFO     torkoal switched in, adding drizzle to impossible abilities
INFO     torkoal switched in, adding snowwarning to impossible abilities
INFO     torkoal switched in, adding boosterenergy to impossible items
INFO     torkoal switched in, adding airballoon to impossible items
INFO     Weather sunnyday is active
INFO     Weather turns remaining: 5
INFO     Setting torkoal ability to drought
INFO     greninja already has the move icebeam. Decrementing the PP by 1
INFO     greninja used a ice move, removing icegem from possible items
INFO     Setting greninja's last used move: icebeam
INFO     greninja used a damaging move - not guessing lifeorb anymore
INFO     greninja did 30.0% damage to torkoal with icebeam
INFO     Starting the volatile status typechange on greninja
INFO     Setting greninja's types to ['ice']
INFO     Weather sunnyday is active
INFO     Weather turns remaining: 4
INFO     torkoal has less than maxhp during upkeep, no longer guessing leftovers or blacksludge
INFO     
INFO     Turn: 4
INFO     root priors (5): {'switch basculegion': 0.417, 'switch stonjourner': 0.29, 'icebeam': 0.174, 'switch mew': 0.083}
INFO     Sampling battle 0
INFO     	        torkoal      drought heavydutyboots [lavaplume, rapidspin, solarbeam, yawn] ttype=dragon
INFO     	      charizard        blaze heavydutyboots [earthquake, flamethrower, focusblast, hurricane] ttype=ground
INFO     	        zoroark     illusion      lifeorb [darkpulse, encore, nastyplot, sludgebomb] ttype=poison
INFO     Sampling 2 unrevealed pokemon
INFO     	        darkrai    baddreams      lifeorb [darkpulse, focusblast, nastyplot, sludgebomb] ttype=poison
INFO     	      gardevoir        trace  choicescarf [healingwish, moonblast, mysticalfire, psychic] ttype=fire
INFO     Sampling battle 1
INFO     	        torkoal      drought heavydutyboots [lavaplume, rapidspin, solarbeam, yawn] ttype=dragon
INFO     	      charizard        blaze heavydutyboots [dragondance, earthquake, flareblitz, outrage] ttype=ground
INFO     	        zoroark     illusion      lifeorb [darkpulse, focusblast, nastyplot, sludgebomb] ttype=poison
INFO     Sampling 2 unrevealed pokemon
INFO     	      ironcrown   quarkdrive  choicespecs [focusblast, psyshock, tachyoncutter, voltswitch] ttype=steel
INFO     	       empoleon  competitive    leftovers [icebeam, roost, surf, yawn] ttype=flying
INFO     Sampling battle 2
INFO     	        torkoal      drought heavydutyboots [lavaplume, rapidspin, solarbeam, stealthrock] ttype=grass
INFO     	      charizard        blaze heavydutyboots [earthquake, flamethrower, focusblast, hurricane] ttype=dragon
INFO     	        zoroark     illusion      lifeorb [darkpulse, focusblast, nastyplot, sludgebomb] ttype=poison
INFO     Sampling 2 unrevealed pokemon
INFO     	     krookodile   intimidate    leftovers [bulkup, earthquake, gunkshot, knockoff] ttype=poison
INFO     	       porygon2     download     eviolite [discharge, icebeam, recover, triattack] ttype=poison
INFO     Sampling battle 3
INFO     	        torkoal      drought heavydutyboots [lavaplume, solarbeam, stealthrock, yawn] ttype=grass
INFO     	      charizard        blaze heavydutyboots [earthquake, flareblitz, outrage, swordsdance] ttype=dragon
INFO     	        zoroark     illusion      lifeorb [darkpulse, nastyplot, psychic, sludgebomb] ttype=poison
INFO     Sampling 2 unrevealed pokemon
INFO     	       arboliva      harvest  sitrusberry [hypervoice, leechseed, protect, substitute] ttype=water
INFO     	      munkidori   toxicchain      lifeorb [focusblast, nastyplot, psyshock, sludgewave] ttype=fighting
INFO     Sampling battle 4
INFO     	        torkoal      drought heavydutyboots [earthquake, fireblast, rapidspin, solarbeam] ttype=grass
INFO     	      charizard        blaze heavydutyboots [earthquake, flamethrower, focusblast, hurricane] ttype=fire
INFO     	        zoroark     illusion      lifeorb [darkpulse, nastyplot, psychic, sludgebomb] ttype=poison
INFO     Sampling 2 unrevealed pokemon
INFO     	      cryogonal     levitate heavydutyboots [icebeam, rapidspin, recover, terablast] ttype=electric
INFO     	necrozmadawnwings   prismarmor      lifeorb [brickbreak, dragondance, moongeistbeam, photongeyser] ttype=fighting
INFO     Sampling battle 5
INFO     	        torkoal      drought heavydutyboots [earthquake, fireblast, rapidspin, solarbeam] ttype=grass
INFO     	      charizard        blaze heavydutyboots [earthquake, flareblitz, outrage, swordsdance] ttype=dragon
INFO     	        zoroark     illusion      lifeorb [darkpulse, encore, nastyplot, sludgebomb] ttype=poison
INFO     Sampling 2 unrevealed pokemon
INFO     	   arceuspoison    multitype   toxicplate [dragondance, earthquake, flareblitz, gunkshot] ttype=ground
INFO     	          ditto     imposter  choicescarf [transform] ttype=steel
INFO     Sampling battle 6
INFO     	        torkoal      drought heavydutyboots [lavaplume, rapidspin, stealthrock, yawn] ttype=dragon
INFO     	      charizard        blaze heavydutyboots [earthquake, flamethrower, hurricane, willowisp] ttype=dragon
INFO     	        zoroark     illusion      lifeorb [darkpulse, nastyplot, psychic, sludgebomb] ttype=poison
INFO     Sampling 2 unrevealed pokemon
INFO     	       appletun     thickfat    leftovers [appleacid, dracometeor, dragontail, recover] ttype=steel
INFO     	    raichualola  surgesurfer  choicespecs [grassknot, psychic, surf, thunderbolt] ttype=grass
INFO     Sampling battle 7
INFO     	        torkoal      drought heavydutyboots [earthquake, lavaplume, solarbeam, stealthrock] ttype=grass
INFO     	      charizard        blaze heavydutyboots [earthquake, flareblitz, outrage, swordsdance] ttype=ground
INFO     	        zoroark     illusion      lifeorb [darkpulse, nastyplot, psychic, sludgebomb] ttype=poison
INFO     Sampling 2 unrevealed pokemon
INFO     	         zarude    leafguard      lifeorb [closecombat, knockoff, powerwhip, swordsdance] ttype=fighting
INFO     	        okidogi   toxicchain    leftovers [bulkup, drainpunch, gunkshot, knockoff] ttype=dark
INFO     Sampling battle 8
INFO     	        torkoal      drought heavydutyboots [earthquake, fireblast, solarbeam, yawn] ttype=grass
INFO     	      charizard        blaze heavydutyboots [earthquake, flareblitz, outrage, swordsdance] ttype=ground
INFO     	        zoroark     illusion      lifeorb [darkpulse, encore, nastyplot, sludgebomb] ttype=poison
INFO     Sampling 2 unrevealed pokemon
INFO     	      hitmontop   intimidate  assaultvest [closecombat, earthquake, rapidspin, stoneedge] ttype=steel
INFO     	      duraludon   lightmetal     eviolite [bodypress, dracometeor, flashcannon, thunderwave] ttype=fighting
INFO     Sampling battle 9
INFO     	        torkoal      drought heavydutyboots [lavaplume, solarbeam, stealthrock, yawn] ttype=dragon
INFO     	      charizard        blaze heavydutyboots [dragondance, earthquake, flareblitz, outrage] ttype=ground
INFO     	        zoroark     illusion      lifeorb [darkpulse, nastyplot, psychic, sludgebomb] ttype=poison
INFO     Sampling 2 unrevealed pokemon
INFO     	       lycanroc     sandrush   choiceband [accelerock, closecombat, crunch, stoneedge] ttype=fighting
INFO     	       overqwil   intimidate   choiceband [aquajet, crunch, gunkshot, liquidation] ttype=water
INFO     Sampling battle 10
INFO     	        torkoal      drought heavydutyboots [lavaplume, solarbeam, stealthrock, yawn] ttype=grass
INFO     	      charizard        blaze heavydutyboots [dragondance, earthquake, flareblitz, outrage] ttype=ground
INFO     	        zoroark     illusion      lifeorb [darkpulse, encore, nastyplot, sludgebomb] ttype=poison
INFO     Sampling 2 unrevealed pokemon
INFO     	      poliwrath    swiftswim      lifeorb [closecombat, knockoff, liquidation, raindance] ttype=fighting
INFO     	        ariados     insomnia heavydutyboots [megahorn, poisonjab, stickyweb, suckerpunch] ttype=ghost
INFO     Sampling battle 11
INFO     	        torkoal      drought heavydutyboots [lavaplume, rapidspin, solarbeam, stealthrock] ttype=grass
INFO     	      charizard        blaze heavydutyboots [earthquake, flareblitz, outrage, swordsdance] ttype=dragon
INFO     	        zoroark     illusion      lifeorb [darkpulse, focusblast, nastyplot, sludgebomb] ttype=poison
INFO     Sampling 2 unrevealed pokemon
INFO     	       floatzel    waterveil    leftovers [bulkup, icespinner, taunt, wavecrash] ttype=water
INFO     	      toxicroak      dryskin  choicescarf [closecombat, earthquake, gunkshot, knockoff] ttype=dark
INFO     Sampling battle 12
INFO     	        torkoal      drought heavydutyboots [lavaplume, rapidspin, solarbeam, stealthrock] ttype=grass
INFO     	      charizard        blaze heavydutyboots [earthquake, flareblitz, outrage, swordsdance] ttype=dragon
INFO     	        zoroark     illusion      lifeorb [darkpulse, focusblast, nastyplot, sludgebomb] ttype=poison
INFO     Sampling 2 unrevealed pokemon
INFO     	    ironboulder   quarkdrive      lifeorb [closecombat, mightycleave, swordsdance, zenheadbutt] ttype=fighting
INFO     	     forretress       sturdy    leftovers [bodypress, ironhead, rapidspin, spikes] ttype=fighting
INFO     Sampling battle 13
INFO     	        torkoal      drought heavydutyboots [lavaplume, rapidspin, stealthrock, yawn] ttype=grass
INFO     	      charizard        blaze heavydutyboots [earthquake, flamethrower, focusblast, hurricane] ttype=dragon
INFO     	        zoroark     illusion      lifeorb [darkpulse, focusblast, nastyplot, sludgebomb] ttype=poison
INFO     Sampling 2 unrevealed pokemon
INFO     	    roaringmoon protosynthesis boosterenergy [acrobatics, dragondance, knockoff, outrage] ttype=flying
INFO     	       slowking  regenerator heavydutyboots [chillyreception, psychicnoise, scald, slackoff] ttype=fairy
INFO     Sampling battle 14
INFO     	        torkoal      drought heavydutyboots [lavaplume, solarbeam, stealthrock, yawn] ttype=dragon
INFO     	      charizard        blaze heavydutyboots [flamethrower, focusblast, hurricane, willowisp] ttype=dragon
INFO     	        zoroark     illusion      lifeorb [darkpulse, focusblast, nastyplot, sludgebomb] ttype=poison
INFO     Sampling 2 unrevealed pokemon
INFO     	          minun   voltabsorb      lifeorb [alluringvoice, grassknot, nastyplot, thunderbolt] ttype=electric
INFO     	      gholdengo   goodasgold  choicescarf [focusblast, makeitrain, shadowball, trick] ttype=ghost
INFO     Sampling battle 15
INFO     	        torkoal      drought heavydutyboots [lavaplume, rapidspin, solarbeam, stealthrock] ttype=grass
INFO     	      charizard        blaze heavydutyboots [dragondance, earthquake, flareblitz, outrage] ttype=dragon
INFO     	        zoroark     illusion      lifeorb [darkpulse, encore, nastyplot, sludgebomb] ttype=poison
INFO     Sampling 2 unrevealed pokemon
INFO     	        okidogi   toxicchain  assaultvest [drainpunch, gunkshot, knockoff, psychicfangs] ttype=dark
INFO     	ogerponcornerstone       sturdy cornerstonemask [ivycudgel, powerwhip, spikes, synthesis] ttype=rock
INFO     Searching for a move using MCTS...
INFO     Sampling 16 battles at 500ms each
INFO     Choice: icebeam
INFO     Updated torkoal's max speed to 241
INFO     greninja already has the move icebeam. Decrementing the PP by 1
INFO     greninja used a ice move, removing icegem from possible items
INFO     Setting greninja's last used move: icebeam
INFO     greninja used a damaging move - not guessing lifeorb anymore
INFO     greninja did 30.0% damage to torkoal with icebeam
INFO     torkoal used a fire move, removing firegem from possible items
INFO     Setting torkoal's last used move: fireblast
INFO     torkoal used a damaging move - not guessing lifeorb anymore
INFO     torkoal did 100.0% damage to greninja with fireblast
INFO     Weather sunnyday is active
INFO     Weather turns remaining: 3
INFO     torkoal has less than maxhp during upkeep, no longer guessing leftovers or blacksludge
INFO     root priors (4): {'switch basculegion': 0.565, 'switch stonjourner': 0.365, 'switch furret': 0.048, 'switch mew': 0.022}
INFO     Sampling battle 0
INFO     	        torkoal      drought heavydutyboots [fireblast, rapidspin, solarbeam, yawn] ttype=grass
INFO     	      charizard        blaze heavydutyboots [dragondance, earthquake, flareblitz, outrage] ttype=dragon
INFO     	        zoroark     illusion      lifeorb [darkpulse, encore, nastyplot, sludgebomb] ttype=poison
INFO     Sampling 2 unrevealed pokemon
INFO     	      hydrapple  regenerator  assaultvest [dragontail, earthpower, ficklebeam, leafstorm] ttype=steel
INFO     	        calyrex      unnerve    leftovers [calmmind, encore, gigadrain, psyshock] ttype=steel
INFO     Sampling battle 1
INFO     	        torkoal      drought heavydutyboots [fireblast, rapidspin, solarbeam, stealthrock] ttype=grass
INFO     	      charizard        blaze heavydutyboots [dragondance, earthquake, flareblitz, outrage] ttype=ground
INFO     	        zoroark     illusion      lifeorb [darkpulse, focusblast, nastyplot, sludgebomb] ttype=poison
INFO     Sampling 2 unrevealed pokemon
INFO     	       sceptile     overgrow      lifeorb [earthquake, leafstorm, rockslide, shedtail] ttype=ground
INFO     	       whiscash    oblivious      lifeorb [dragondance, earthquake, liquidation, stoneedge] ttype=steel
INFO     Sampling battle 2
INFO     	        torkoal      drought heavydutyboots [earthquake, fireblast, solarbeam, yawn] ttype=grass
INFO     	      charizard        blaze heavydutyboots [earthquake, flamethrower, hurricane, willowisp] ttype=dragon
INFO     	        zoroark     illusion      lifeorb [darkpulse, nastyplot, psychic, sludgebomb] ttype=poison
INFO     Sampling 2 unrevealed pokemon
INFO     	      sinistcha    heatproof    leftovers [calmmind, matchagotcha, shadowball, strengthsap] ttype=steel
INFO     	  qwilfishhisui   intimidate     eviolite [crunch, gunkshot, taunt, toxicspikes] ttype=flying
INFO     Sampling battle 3
INFO     	        torkoal      drought heavydutyboots [earthquake, fireblast, rapidspin, solarbeam] ttype=grass
INFO     	      charizard        blaze heavydutyboots [earthquake, flamethrower, focusblast, hurricane] ttype=ground
INFO     	        zoroark     illusion      lifeorb [darkpulse, encore, nastyplot, sludgebomb] ttype=poison
INFO     Sampling 2 unrevealed pokemon
INFO     	        leafeon  chlorophyll    leftovers [doubleedge, leafblade, substitute, swordsdance] ttype=normal
INFO     	  qwilfishhisui   intimidate     eviolite [crunch, gunkshot, taunt, toxicspikes] ttype=flying
INFO     Sampling battle 4
INFO     	        torkoal      drought heavydutyboots [fireblast, rapidspin, solarbeam, yawn] ttype=grass
INFO     	      charizard        blaze heavydutyboots [dragondance, earthquake, flareblitz, outrage] ttype=dragon
INFO     	        zoroark     illusion      lifeorb [darkpulse, nastyplot, psychic, sludgebomb] ttype=poison
INFO     Sampling 2 unrevealed pokemon
INFO     	      hitmonlee     reckless  choicescarf [highjumpkick, knockoff, poisonjab, stoneedge] ttype=fighting
INFO     	         raichu lightningrod  assaultvest [alluringvoice, knockoff, surf, thunderbolt] ttype=water
INFO     Sampling battle 5
INFO     	        torkoal      drought heavydutyboots [earthquake, fireblast, solarbeam, stealthrock] ttype=grass
INFO     	      charizard        blaze heavydutyboots [earthquake, flareblitz, outrage, swordsdance] ttype=ground
INFO     	        zoroark     illusion      lifeorb [darkpulse, encore, nastyplot, sludgebomb] ttype=poison
INFO     Sampling 2 unrevealed pokemon
INFO     	       inteleon      torrent  choicespecs [hydropump, icebeam, scald, uturn] ttype=water
INFO     	        ariados     insomnia heavydutyboots [megahorn, poisonjab, stickyweb, toxicspikes] ttype=ghost
INFO     Sampling battle 6
INFO     	        torkoal      drought heavydutyboots [earthquake, fireblast, solarbeam, yawn] ttype=grass
INFO     	      charizard        blaze heavydutyboots [earthquake, flareblitz, outrage, swordsdance] ttype=dragon
INFO     	        zoroark     illusion      lifeorb [darkpulse, nastyplot, psychic, sludgebomb] ttype=poison
INFO     Sampling 2 unrevealed pokemon
INFO     	       greninja      protean      lifeorb [gunkshot, hydropump, icebeam, uturn] ttype=poison
INFO     	       ursaluna         guts     flameorb [facade, headlongrush, throatchop, trailblaze] ttype=normal
INFO     Sampling battle 7
INFO     	        torkoal      drought heavydutyboots [earthquake, fireblast, solarbeam, stealthrock] ttype=grass
INFO     	      charizard        blaze heavydutyboots [earthquake, flareblitz, outrage, swordsdance] ttype=dragon
INFO     	        zoroark     illusion      lifeorb [darkpulse, nastyplot, psychic, sludgebomb] ttype=poison
INFO     Sampling 2 unrevealed pokemon
INFO     	   deoxysattack     pressure      lifeorb [extremespeed, knockoff, psychoboost, superpower] ttype=fighting
INFO     	       lumineon   stormdrain      lifeorb [alluringvoice, encore, hydropump, icebeam] ttype=water
INFO     Sampling battle 8
INFO     	        torkoal      drought heavydutyboots [fireblast, rapidspin, solarbeam, yawn] ttype=grass
INFO     	      charizard        blaze heavydutyboots [earthquake, flamethrower, hurricane, willowisp] ttype=ground
INFO     	        zoroark     illusion      lifeorb [darkpulse, encore, nastyplot, sludgebomb] ttype=poison
INFO     Sampling 2 unrevealed pokemon
INFO     	 arceuselectric    multitype     zapplate [calmmind, icebeam, judgment, recover] ttype=ice
INFO     	       torterra     overgrow   loadeddice [bulletseed, headlongrush, rockblast, shellsmash] ttype=grass
INFO     Sampling battle 9
INFO     	        torkoal      drought heavydutyboots [fireblast, rapidspin, solarbeam, stealthrock] ttype=grass
INFO     	      charizard        blaze heavydutyboots [earthquake, flareblitz, outrage, swordsdance] ttype=dragon
INFO     	        zoroark     illusion      lifeorb [darkpulse, nastyplot, psychic, sludgebomb] ttype=poison
INFO     Sampling 2 unrevealed pokemon
INFO     	      poliwrath    swiftswim      lifeorb [closecombat, knockoff, liquidation, raindance] ttype=dark
INFO     	      zebstrika    sapsipper      lifeorb [highhorsepower, overheat, supercellslam, voltswitch] ttype=ground
INFO     Sampling battle 10
INFO     	        torkoal      drought heavydutyboots [fireblast, rapidspin, solarbeam, yawn] ttype=grass
INFO     	      charizard        blaze heavydutyboots [earthquake, flamethrower, focusblast, hurricane] ttype=ground
INFO     	        zoroark     illusion      lifeorb [darkpulse, encore, nastyplot, sludgebomb] ttype=poison
INFO     Sampling 2 unrevealed pokemon
INFO     	     forretress       sturdy    leftovers [ironhead, rapidspin, toxicspikes, voltswitch] ttype=water
INFO     	       sunflora  chlorophyll  choicespecs [dazzlinggleam, earthpower, leafstorm, sludgebomb] ttype=poison
INFO     Sampling battle 11
INFO     	        torkoal      drought heavydutyboots [fireblast, rapidspin, solarbeam, stealthrock] ttype=grass
INFO     	      charizard        blaze heavydutyboots [earthquake, flamethrower, focusblast, hurricane] ttype=dragon
INFO     	        zoroark     illusion      lifeorb [darkpulse, focusblast, nastyplot, sludgebomb] ttype=poison
INFO     Sampling 2 unrevealed pokemon
INFO     	       orthworm   eartheater    leftovers [bodypress, heavyslam, shedtail, stealthrock] ttype=ghost
INFO     	         zekrom     teravolt    leftovers [boltstrike, dragondance, outrage, substitute] ttype=grass
INFO     Sampling battle 12
INFO     	        torkoal      drought heavydutyboots [fireblast, rapidspin, solarbeam, stealthrock] ttype=grass
INFO     	      charizard        blaze heavydutyboots [earthquake, flamethrower, focusblast, hurricane] ttype=ground
INFO     	        zoroark     illusion      lifeorb [darkpulse, encore, nastyplot, sludgebomb] ttype=poison
INFO     Sampling 2 unrevealed pokemon
INFO     	      palossand watercompaction    leftovers [earthpower, shadowball, shoreup, stealthrock] ttype=poison
INFO     	       smeargle     owntempo    focussash [ceaselessedge, spore, stealthrock, stickyweb] ttype=ghost
INFO     Sampling battle 13
INFO     	        torkoal      drought heavydutyboots [earthquake, fireblast, solarbeam, stealthrock] ttype=grass
INFO     	      charizard        blaze heavydutyboots [earthquake, flamethrower, focusblast, hurricane] ttype=dragon
INFO     	        zoroark     illusion      lifeorb [darkpulse, nastyplot, psychic, sludgebomb] ttype=poison
INFO     Sampling 2 unrevealed pokemon
INFO     	      azumarill    hugepower   choiceband [aquajet, knockoff, liquidation, playrough] ttype=water
INFO     	    deoxysspeed     pressure      lifeorb [knockoff, psychoboost, stealthrock, superpower] ttype=fighting
INFO     Sampling battle 14
INFO     	        torkoal      drought heavydutyboots [fireblast, rapidspin, solarbeam, yawn] ttype=grass
INFO     	      charizard        blaze heavydutyboots [dragondance, earthquake, flareblitz, outrage] ttype=ground
INFO     	        zoroark     illusion      lifeorb [darkpulse, encore, nastyplot, sludgebomb] ttype=poison
INFO     Sampling 2 unrevealed pokemon
INFO     	        ambipom   technician   choiceband [doubleedge, knockoff, lowkick, tripleaxel] ttype=ice
INFO     	     grimmsnarl    prankster    lightclay [lightscreen, reflect, spiritbreak, thunderwave] ttype=poison
INFO     Sampling battle 15
INFO     	        torkoal      drought heavydutyboots [earthquake, fireblast, solarbeam, stealthrock] ttype=grass
INFO     	      charizard        blaze heavydutyboots [earthquake, flamethrower, focusblast, hurricane] ttype=ground
INFO     	        zoroark     illusion      lifeorb [darkpulse, focusblast, nastyplot, sludgebomb] ttype=poison
INFO     Sampling 2 unrevealed pokemon
INFO     	   crabominable     ironfist   choiceband [drainpunch, earthquake, gunkshot, icehammer] ttype=fighting
INFO     	       porygonz adaptability      lifeorb [agility, nastyplot, shadowball, terablast] ttype=fighting
INFO     Searching for a move using MCTS...
INFO     Sampling 16 battles at 500ms each
INFO     Choice: switch furret
INFO     greninja had it's type changed - changing its types back to ['water', 'dark']
INFO     furret switched in, adding intimidate to impossible abilities
INFO     furret switched in, adding pressure to impossible abilities
INFO     furret switched in, adding neutralizinggas to impossible abilities
INFO     furret switched in, adding sandstream to impossible abilities
INFO     Not adding drought to furret's impossible abilities because the weather would not have triggered
INFO     furret switched in, adding drizzle to impossible abilities
INFO     furret switched in, adding snowwarning to impossible abilities
INFO     furret switched in, adding boosterenergy to impossible items
INFO     furret switched in, adding airballoon to impossible items
INFO     Setting torkoal's item to heavydutyboots
INFO     
INFO     Turn: 5
INFO     root priors (7): {'doubleedge': 0.991, 'knockoff': 0.004, 'switch basculegion': 0.001, 'trick': 0.001}
INFO     Sampling battle 0
INFO     	        torkoal      drought heavydutyboots [earthquake, fireblast, solarbeam, stealthrock] ttype=grass
INFO     	      charizard        blaze heavydutyboots [earthquake, flamethrower, focusblast, hurricane] ttype=ground
INFO     	        zoroark     illusion      lifeorb [darkpulse, focusblast, nastyplot, sludgebomb] ttype=poison
INFO     Sampling 2 unrevealed pokemon
INFO     	        sylveon     pixilate    leftovers [calmmind, hypervoice, protect, wish] ttype=steel
INFO     	       meganium     overgrow    leftovers [earthquake, knockoff, petalblizzard, swordsdance] ttype=water
INFO     Sampling battle 1
INFO     	        torkoal      drought heavydutyboots [earthquake, fireblast, solarbeam, stealthrock] ttype=grass
INFO     	      charizard        blaze heavydutyboots [earthquake, flareblitz, outrage, swordsdance] ttype=ground
INFO     	        zoroark     illusion      lifeorb [darkpulse, encore, nastyplot, sludgebomb] ttype=poison
INFO     Sampling 2 unrevealed pokemon
INFO     	      trevenant  naturalcure      lifeorb [drainpunch, hornleech, poltergeist, rest] ttype=fighting
INFO     	         plusle lightningrod      lifeorb [alluringvoice, grassknot, nastyplot, thunderbolt] ttype=fairy
INFO     Sampling battle 2
INFO     	        torkoal      drought heavydutyboots [earthquake, fireblast, solarbeam, yawn] ttype=grass
INFO     	      charizard        blaze heavydutyboots [earthquake, flamethrower, focusblast, hurricane] ttype=dragon
INFO     	        zoroark     illusion      lifeorb [darkpulse, nastyplot, psychic, sludgebomb] ttype=poison
INFO     Sampling 2 unrevealed pokemon
INFO     	        golduck    cloudnine      lifeorb [grassknot, hydropump, icebeam, nastyplot] ttype=water
INFO     	      bastiodon   soundproof  chestoberry [bodypress, foulplay, irondefense, rest] ttype=fighting
INFO     Sampling battle 3
INFO     	        torkoal      drought heavydutyboots [earthquake, fireblast, rapidspin, solarbeam] ttype=grass
INFO     	      charizard        blaze heavydutyboots [flamethrower, focusblast, hurricane, willowisp] ttype=fire
INFO     	        zoroark     illusion      lifeorb [darkpulse, nastyplot, psychic, sludgebomb] ttype=poison
INFO     Sampling 2 unrevealed pokemon
INFO     	        diancie    clearbody    leftovers [calmmind, diamondstorm, drainingkiss, earthpower] ttype=fairy
INFO     	      rillaboom  grassysurge   choiceband [grassyglide, highhorsepower, uturn, woodhammer] ttype=grass
INFO     Sampling battle 4
INFO     	        torkoal      drought heavydutyboots [fireblast, rapidspin, solarbeam, stealthrock] ttype=grass
INFO     	      charizard        blaze heavydutyboots [earthquake, flamethrower, hurricane, willowisp] ttype=ground
INFO     	        zoroark     illusion      lifeorb [darkpulse, nastyplot, psychic, sludgebomb] ttype=poison
INFO     Sampling 2 unrevealed pokemon
INFO     	        luvdisc    swiftswim heavydutyboots [endeavor, flipturn, substitute, surf] ttype=ground
INFO     	      vileplume  effectspore    leftovers [gigadrain, leechseed, sludgebomb, strengthsap] ttype=water
INFO     Sampling battle 5
INFO     	        torkoal      drought heavydutyboots [earthquake, fireblast, solarbeam, yawn] ttype=grass
INFO     	      charizard        blaze heavydutyboots [dragondance, earthquake, flareblitz, outrage] ttype=dragon
INFO     	        zoroark     illusion      lifeorb [darkpulse, nastyplot, psychic, sludgebomb] ttype=poison
INFO     Sampling 2 unrevealed pokemon
INFO     	      meowsticf  competitive      lifeorb [alluringvoice, darkpulse, nastyplot, psychic] ttype=dark
INFO     	      gholdengo   goodasgold    leftovers [makeitrain, recover, shadowball, thunderwave] ttype=water
INFO     Sampling battle 6
INFO     	        torkoal      drought heavydutyboots [earthquake, fireblast, solarbeam, stealthrock] ttype=grass
INFO     	      charizard        blaze heavydutyboots [dragondance, earthquake, flareblitz, outrage] ttype=ground
INFO     	        zoroark     illusion      lifeorb [darkpulse, nastyplot, psychic, sludgebomb] ttype=poison
INFO     Sampling 2 unrevealed pokemon
INFO     	         tauros   sheerforce      lifeorb [bodyslam, closecombat, earthquake, throatchop] ttype=normal
INFO     	    oinkolognef     thickfat    leftovers [curse, doubleedge, highhorsepower, lashout] ttype=ground
INFO     Sampling battle 7
INFO     	        torkoal      drought heavydutyboots [earthquake, fireblast, solarbeam, stealthrock] ttype=grass
INFO     	      charizard        blaze heavydutyboots [earthquake, flareblitz, outrage, swordsdance] ttype=ground
INFO     	        zoroark     illusion      lifeorb [darkpulse, nastyplot, psychic, sludgebomb] ttype=poison
INFO     Sampling 2 unrevealed pokemon
INFO     	      reuniclus   magicguard      lifeorb [calmmind, focusblast, psyshock, recover] ttype=steel
INFO     	       orthworm   eartheater    leftovers [bodypress, heavyslam, spikes, stealthrock] ttype=ghost
INFO     Sampling battle 8
INFO     	        torkoal      drought heavydutyboots [fireblast, rapidspin, solarbeam, stealthrock] ttype=grass
INFO     	      charizard        blaze heavydutyboots [earthquake, flamethrower, hurricane, willowisp] ttype=ground
INFO     	        zoroark     illusion      lifeorb [darkpulse, nastyplot, psychic, sludgebomb] ttype=poison
INFO     Sampling 2 unrevealed pokemon
INFO     	      sinistcha    heatproof    leftovers [calmmind, matchagotcha, shadowball, strengthsap] ttype=steel
INFO     	    deoxysspeed     pressure    leftovers [psychoboost, spikes, stealthrock, superpower] ttype=ghost
INFO     Sampling battle 9
INFO     	        torkoal      drought heavydutyboots [earthquake, fireblast, solarbeam, yawn] ttype=grass
INFO     	      charizard        blaze heavydutyboots [earthquake, flamethrower, focusblast, hurricane] ttype=ground
INFO     	        zoroark     illusion      lifeorb [darkpulse, encore, nastyplot, sludgebomb] ttype=poison
INFO     Sampling 2 unrevealed pokemon
INFO     	     forretress       sturdy    leftovers [ironhead, rapidspin, toxicspikes, voltswitch] ttype=water
INFO     	       glimmora  toxicdebris    powerherb [earthpower, energyball, meteorbeam, sludgewave] ttype=grass
INFO     Sampling battle 10
INFO     	        torkoal      drought heavydutyboots [fireblast, solarbeam, stealthrock, yawn] ttype=grass
INFO     	      charizard        blaze heavydutyboots [dragondance, earthquake, flareblitz, outrage] ttype=ground
INFO     	        zoroark     illusion      lifeorb [darkpulse, encore, nastyplot, sludgebomb] ttype=poison
INFO     Sampling 2 unrevealed pokemon
INFO     	    arceuswater    multitype  splashplate [icebeam, judgment, recover, willowisp] ttype=steel
INFO     	      terrakion    justified   choiceband [closecombat, earthquake, quickattack, stoneedge] ttype=fighting
INFO     Sampling battle 11
INFO     	        torkoal      drought heavydutyboots [earthquake, fireblast, rapidspin, solarbeam] ttype=grass
INFO     	      charizard        blaze heavydutyboots [dragondance, earthquake, flareblitz, outrage] ttype=dragon
INFO     	        zoroark     illusion      lifeorb [darkpulse, nastyplot, psychic, sludgebomb] ttype=poison
INFO     Sampling 2 unrevealed pokemon
INFO     	      exeggutor      harvest  sitrusberry [calmmind, gigadrain, psychic, substitute] ttype=steel
INFO     	      excadrill  moldbreaker    leftovers [earthquake, ironhead, rapidspin, swordsdance] ttype=grass
INFO     Sampling battle 12
INFO     	        torkoal      drought heavydutyboots [fireblast, solarbeam, stealthrock, yawn] ttype=grass
INFO     	      charizard        blaze heavydutyboots [earthquake, flareblitz, outrage, swordsdance] ttype=ground
INFO     	        zoroark     illusion      lifeorb [darkpulse, nastyplot, psychic, sludgebomb] ttype=poison
INFO     Sampling 2 unrevealed pokemon
INFO     	       qwilfish   intimidate heavydutyboots [flipturn, gunkshot, painsplit, thunderwave] ttype=grass
INFO     	         komala     comatose   choiceband [bodyslam, earthquake, knockoff, uturn] ttype=ghost
INFO     Sampling battle 13
INFO     	        torkoal      drought heavydutyboots [earthquake, fireblast, rapidspin, solarbeam] ttype=grass
INFO     	      charizard        blaze heavydutyboots [earthquake, flamethrower, hurricane, willowisp] ttype=fire
INFO     	        zoroark     illusion      lifeorb [darkpulse, encore, nastyplot, sludgebomb] ttype=poison
INFO     Sampling 2 unrevealed pokemon
INFO     	   dialgaorigin     pressure adamantcrystal [dracometeor, fireblast, flashcannon, thunderwave] ttype=steel
INFO     	        breloom   technician      lifeorb [bulletseed, machpunch, rocktomb, spore] ttype=rock
INFO     Sampling battle 14
INFO     	        torkoal      drought heavydutyboots [earthquake, fireblast, solarbeam, yawn] ttype=grass
INFO     	      charizard        blaze heavydutyboots [earthquake, flamethrower, hurricane, willowisp] ttype=fire
INFO     	        zoroark     illusion      lifeorb [darkpulse, nastyplot, psychic, sludgebomb] ttype=poison
INFO     Sampling 2 unrevealed pokemon
INFO     	    sandyshocks protosynthesis heavydutyboots [earthpower, thunderbolt, thunderwave, voltswitch] ttype=electric
INFO     	        palafin   zerotohero    leftovers [bulkup, drainpunch, icepunch, jetpunch] ttype=steel
INFO     Sampling battle 15
INFO     	        torkoal      drought heavydutyboots [fireblast, rapidspin, solarbeam, stealthrock] ttype=grass
INFO     	      charizard        blaze heavydutyboots [earthquake, flamethrower, focusblast, hurricane] ttype=dragon
INFO     	        zoroark     illusion      lifeorb [darkpulse, nastyplot, psychic, sludgebomb] ttype=poison
INFO     Sampling 2 unrevealed pokemon
INFO     	      regidrago   dragonsmaw      lifeorb [dragonclaw, dragondance, earthquake, terablast] ttype=steel
INFO     	          hoopa     magician  choicescarf [focusblast, psychic, shadowball, trick] ttype=ghost
INFO     Searching for a move using MCTS...
INFO     Sampling 16 battles at 500ms each
INFO     Choice: doubleedge
INFO     furret already has the move doubleedge. Decrementing the PP by 1
INFO     furret used a normal move, removing normalgem from possible items
INFO     Setting furret's last used move: doubleedge
INFO     furret used a damaging move - not guessing lifeorb anymore
INFO     furret did 40.0% damage to torkoal with doubleedge
INFO     Weather sunnyday is active
INFO     Weather turns remaining: 2
INFO     torkoal has less than maxhp during upkeep, no longer guessing leftovers or blacksludge
INFO     Opponent has switched - clearing the last used move
INFO     Not adding drought to charizard's impossible abilities because the weather would not have triggered
INFO     
INFO     Turn: 6
INFO     root priors (4): {'switch basculegion': 0.581, 'doubleedge': 0.356, 'switch stonjourner': 0.05, 'switch mew': 0.012}
INFO     Sampling battle 0
INFO     	      charizard        blaze heavydutyboots [earthquake, flamethrower, focusblast, hurricane] ttype=fire
INFO     	        zoroark     illusion      lifeorb [darkpulse, nastyplot, psychic, sludgebomb] ttype=poison
INFO     Sampling 2 unrevealed pokemon
INFO     	      exeggutor      harvest  sitrusberry [leechseed, protect, psychicnoise, substitute] ttype=steel
INFO     	     sandaconda     shedskin   loadeddice [coil, earthquake, rockblast, scaleshot] ttype=dragon
INFO     Sampling battle 1
INFO     	      charizard        blaze heavydutyboots [earthquake, flamethrower, focusblast, hurricane] ttype=dragon
INFO     	        zoroark     illusion      lifeorb [darkpulse, nastyplot, psychic, sludgebomb] ttype=poison
INFO     Sampling 2 unrevealed pokemon
INFO     	      girafarig    sapsipper     eviolite [hypervoice, nastyplot, psyshock, thunderbolt] ttype=normal
INFO     	 exeggutoralola        frisk  choicespecs [dracometeor, flamethrower, gigadrain, leafstorm] ttype=fire
INFO     Sampling battle 2
INFO     	      charizard        blaze heavydutyboots [earthquake, flamethrower, focusblast, hurricane] ttype=ground
INFO     	        zoroark     illusion      lifeorb [darkpulse, encore, nastyplot, sludgebomb] ttype=poison
INFO     Sampling 2 unrevealed pokemon
INFO     	       tinkaton  moldbreaker    leftovers [gigatonhammer, playrough, protect, swordsdance] ttype=steel
INFO     	     ironthorns   quarkdrive boosterenergy [dragondance, earthquake, stoneedge, wildcharge] ttype=flying
INFO     Sampling battle 3
INFO     	      charizard        blaze heavydutyboots [flamethrower, focusblast, hurricane, willowisp] ttype=dragon
INFO     	        zoroark     illusion      lifeorb [darkpulse, focusblast, nastyplot, sludgebomb] ttype=poison
INFO     Sampling 2 unrevealed pokemon
INFO     	      gastrodon   stormdrain    leftovers [earthquake, recover, sludgebomb, surf] ttype=poison
INFO     	          azelf     levitate      lifeorb [fireblast, psychic, taunt, uturn] ttype=fire
INFO     Sampling battle 4
INFO     	      charizard        blaze heavydutyboots [dragondance, earthquake, flareblitz, outrage] ttype=dragon
INFO     	        zoroark     illusion      lifeorb [darkpulse, focusblast, nastyplot, sludgebomb] ttype=poison
INFO     Sampling 2 unrevealed pokemon
INFO     	        cetitan   sheerforce      lifeorb [iceshard, iciclecrash, liquidation, superpower] ttype=water
INFO     	  qwilfishhisui   intimidate     eviolite [crunch, gunkshot, taunt, toxicspikes] ttype=poison
INFO     Sampling battle 5
INFO     	      charizard        blaze heavydutyboots [dragondance, earthquake, flareblitz, outrage] ttype=ground
INFO     	        zoroark     illusion      lifeorb [darkpulse, focusblast, nastyplot, sludgebomb] ttype=poison
INFO     Sampling 2 unrevealed pokemon
INFO     	       swampert      torrent    leftovers [earthquake, flipturn, stealthrock, yawn] ttype=steel
INFO     	      mightyena   intimidate  assaultvest [playrough, poisonfang, suckerpunch, throatchop] ttype=poison
INFO     Sampling battle 6
INFO     	      charizard        blaze heavydutyboots [earthquake, flamethrower, hurricane, willowisp] ttype=ground
INFO     	        zoroark     illusion      lifeorb [darkpulse, focusblast, nastyplot, sludgebomb] ttype=poison
INFO     Sampling 2 unrevealed pokemon
INFO     	      hitmontop   technician    leftovers [bulkup, closecombat, rapidspin, tripleaxel] ttype=ice
INFO     	        shaymin  naturalcure    leftovers [airslash, leechseed, seedflare, substitute] ttype=steel
INFO     Sampling battle 7
INFO     	      charizard        blaze heavydutyboots [dragondance, earthquake, flareblitz, outrage] ttype=dragon
INFO     	        zoroark     illusion      lifeorb [darkpulse, nastyplot, psychic, sludgebomb] ttype=poison
INFO     Sampling 2 unrevealed pokemon
INFO     	      metagross    clearbody   choiceband [earthquake, heavyslam, knockoff, psychicfangs] ttype=water
INFO     	lycanrocmidnight      noguard      lifeorb [closecombat, stoneedge, suckerpunch, swordsdance] ttype=fighting
INFO     Sampling battle 8
INFO     	      charizard        blaze heavydutyboots [earthquake, flamethrower, focusblast, hurricane] ttype=dragon
INFO     	        zoroark     illusion      lifeorb [darkpulse, encore, nastyplot, sludgebomb] ttype=poison
INFO     Sampling 2 unrevealed pokemon
INFO     	   dialgaorigin     pressure adamantcrystal [dracometeor, dragontail, flashcannon, stealthrock] ttype=dragon
INFO     	       oranguru   innerfocus  choicespecs [hypervoice, psyshock, thunderbolt, trick] ttype=psychic
INFO     Sampling battle 9
INFO     	      charizard        blaze heavydutyboots [dragondance, earthquake, flareblitz, outrage] ttype=dragon
INFO     	        zoroark     illusion      lifeorb [darkpulse, encore, nastyplot, sludgebomb] ttype=poison
INFO     Sampling 2 unrevealed pokemon
INFO     	         kommoo   soundproof  throatspray [boomburst, clangingscales, clangoroussoul, drainpunch] ttype=normal
INFO     	       regirock    clearbody  chestoberry [bodypress, curse, rest, stoneedge] ttype=fighting
INFO     Sampling battle 10
INFO     	      charizard        blaze heavydutyboots [earthquake, flamethrower, focusblast, hurricane] ttype=dragon
INFO     	        zoroark     illusion      lifeorb [darkpulse, nastyplot, psychic, sludgebomb] ttype=poison
INFO     Sampling 2 unrevealed pokemon
INFO     	      mightyena   intimidate    leftovers [playrough, suckerpunch, taunt, throatchop] ttype=fairy
INFO     	       glimmora  toxicdebris    powerherb [earthpower, energyball, meteorbeam, sludgewave] ttype=grass
INFO     Sampling battle 11
INFO     	      charizard        blaze heavydutyboots [dragondance, earthquake, flareblitz, outrage] ttype=dragon
INFO     	        zoroark     illusion      lifeorb [darkpulse, focusblast, nastyplot, sludgebomb] ttype=poison
INFO     Sampling 2 unrevealed pokemon
INFO     	 decidueyehisui      scrappy    leftovers [knockoff, leafblade, roost, triplearrows] ttype=water
INFO     	      spectrier    grimneigh      lifeorb [nastyplot, shadowball, terablast, willowisp] ttype=fighting
INFO     Sampling battle 12
INFO     	      charizard        blaze heavydutyboots [earthquake, flamethrower, focusblast, hurricane] ttype=fire
INFO     	        zoroark     illusion      lifeorb [darkpulse, encore, nastyplot, sludgebomb] ttype=poison
INFO     Sampling 2 unrevealed pokemon
INFO     	      regidrago   dragonsmaw     lumberry [dracometeor, dragondance, earthquake, outrage] ttype=dragon
INFO     	        kleavor    sharpness  choicescarf [closecombat, stoneaxe, uturn, xscissor] ttype=fighting
INFO     Sampling battle 13
INFO     	      charizard        blaze heavydutyboots [earthquake, flareblitz, outrage, swordsdance] ttype=dragon
INFO     	        zoroark     illusion      lifeorb [darkpulse, nastyplot, psychic, sludgebomb] ttype=poison
INFO     Sampling 2 unrevealed pokemon
INFO     	        gallade    sharpness  choicescarf [leafblade, nightslash, psychocut, sacredsword] ttype=dark
INFO     	          hoopa     magician  choicescarf [focusblast, psychic, shadowball, trick] ttype=fighting
INFO     Sampling battle 14
INFO     	      charizard        blaze heavydutyboots [earthquake, flamethrower, hurricane, willowisp] ttype=dragon
INFO     	        zoroark     illusion      lifeorb [darkpulse, focusblast, nastyplot, sludgebomb] ttype=poison
INFO     Sampling 2 unrevealed pokemon
INFO     	    brutebonnet protosynthesis    leftovers [crunch, seedbomb, spore, suckerpunch] ttype=poison
INFO     	       cobalion    justified    leftovers [closecombat, ironhead, swordsdance, taunt] ttype=fighting
INFO     Sampling battle 15
INFO     	      charizard        blaze heavydutyboots [earthquake, flamethrower, hurricane, willowisp] ttype=fire
INFO     	        zoroark     illusion      lifeorb [darkpulse, nastyplot, psychic, sludgebomb] ttype=poison
INFO     Sampling 2 unrevealed pokemon
INFO     	       cyclizar  regenerator heavydutyboots [dracometeor, rapidspin, shedtail, taunt] ttype=ghost
INFO     	      kingambit supremeoverlord    leftovers [ironhead, kowtowcleave, suckerpunch, swordsdance] ttype=dark
INFO     Searching for a move using MCTS...
INFO     Sampling 16 battles at 500ms each
INFO     Choice: doubleedge
INFO     Updated charizard's max speed to 223
INFO     furret already has the move doubleedge. Decrementing the PP by 1
INFO     furret used a normal move, removing normalgem from possible items
INFO     Setting furret's last used move: doubleedge
INFO     furret used a damaging move - not guessing lifeorb anymore
INFO     furret did 78.0% damage to charizard with doubleedge
INFO     charizard used a fire move, removing firegem from possible items
INFO     Setting charizard's last used move: flamethrower
INFO     charizard used a damaging move - not guessing lifeorb anymore
INFO     charizard did 66.03% damage to furret with flamethrower
INFO     Weather sunnyday is active
INFO     Weather turns remaining: 1
INFO     charizard has less than maxhp during upkeep, no longer guessing leftovers or blacksludge
INFO     root priors (3): {'switch basculegion': 0.922, 'switch mew': 0.062, 'switch stonjourner': 0.015}
INFO     Sampling battle 0
INFO     	      charizard        blaze heavydutyboots [earthquake, flamethrower, focusblast, hurricane] ttype=dragon
INFO     	        zoroark     illusion      lifeorb [darkpulse, focusblast, nastyplot, sludgebomb] ttype=poison
INFO     Sampling 2 unrevealed pokemon
INFO     	        leafeon  chlorophyll      lifeorb [doubleedge, knockoff, leafblade, swordsdance] ttype=normal
INFO     	     houndstone       fluffy    leftovers [bodypress, poltergeist, shadowsneak, willowisp] ttype=fighting
INFO     Sampling battle 1
INFO     	      charizard        blaze heavydutyboots [earthquake, flamethrower, focusblast, hurricane] ttype=dragon
INFO     	        zoroark     illusion      lifeorb [darkpulse, focusblast, nastyplot, sludgebomb] ttype=poison
INFO     Sampling 2 unrevealed pokemon
INFO     	          hoopa     magician  choicescarf [focusblast, psychic, shadowball, trick] ttype=fighting
INFO     	         raichu lightningrod      lifeorb [alluringvoice, nastyplot, surf, thunderbolt] ttype=water
INFO     Sampling battle 2
INFO     	      charizard        blaze heavydutyboots [earthquake, flamethrower, focusblast, hurricane] ttype=ground
INFO     	        zoroark     illusion      lifeorb [darkpulse, encore, nastyplot, sludgebomb] ttype=poison
INFO     Sampling 2 unrevealed pokemon
INFO     	        dipplin   stickyhold     eviolite [dragonpulse, gigadrain, recover, suckerpunch] ttype=steel
INFO     	      gastrodon   stormdrain    leftovers [earthquake, recover, sludgebomb, stealthrock] ttype=poison
INFO     Sampling battle 3
INFO     	      charizard        blaze heavydutyboots [earthquake, flamethrower, hurricane, willowisp] ttype=fire
INFO     	        zoroark     illusion      lifeorb [darkpulse, encore, nastyplot, sludgebomb] ttype=poison
INFO     Sampling 2 unrevealed pokemon
INFO     	      toxicroak      dryskin   choiceband [closecombat, gunkshot, knockoff, suckerpunch] ttype=dark
INFO     	       cloyster    skilllink    whiteherb [drillrun, iciclespear, rockblast, shellsmash] ttype=ground
INFO     Sampling battle 4
INFO     	      charizard        blaze heavydutyboots [earthquake, flamethrower, hurricane, willowisp] ttype=dragon
INFO     	        zoroark     illusion      lifeorb [darkpulse, focusblast, nastyplot, sludgebomb] ttype=poison
INFO     Sampling 2 unrevealed pokemon
INFO     	  arceuspsychic    multitype    mindplate [bodypress, cosmicpower, recover, storedpower] ttype=steel
INFO     	ogerponcornerstone       sturdy cornerstonemask [ivycudgel, powerwhip, superpower, synthesis] ttype=rock
INFO     Sampling battle 5
INFO     	      charizard        blaze heavydutyboots [earthquake, flamethrower, hurricane, willowisp] ttype=ground
INFO     	        zoroark     illusion      lifeorb [darkpulse, encore, nastyplot, sludgebomb] ttype=poison
INFO     Sampling 2 unrevealed pokemon
INFO     	     electivire   motordrive      lifeorb [bulkup, earthquake, icepunch, supercellslam] ttype=ground
INFO     	    ironvaliant   quarkdrive      lifeorb [closecombat, knockoff, spiritbreak, swordsdance] ttype=dark
INFO     Sampling battle 6
INFO     	      charizard        blaze heavydutyboots [earthquake, flamethrower, hurricane, willowisp] ttype=dragon
INFO     	        zoroark     illusion      lifeorb [darkpulse, nastyplot, psychic, sludgebomb] ttype=poison
INFO     Sampling 2 unrevealed pokemon
INFO     	    fezandipiti   toxicchain    leftovers [beatup, gunkshot, moonblast, roost] ttype=steel
INFO     	        drednaw    strongjaw    whiteherb [crunch, liquidation, shellsmash, stoneedge] ttype=dark
INFO     Sampling battle 7
INFO     	      charizard        blaze heavydutyboots [flamethrower, focusblast, hurricane, willowisp] ttype=fire
INFO     	        zoroark     illusion      lifeorb [darkpulse, encore, nastyplot, sludgebomb] ttype=poison
INFO     Sampling 2 unrevealed pokemon
INFO     	     arceusdark    multitype   dreadplate [calmmind, dazzlinggleam, judgment, recover] ttype=fairy
INFO     	       meowstic    prankster    lightclay [lightscreen, psychicnoise, reflect, yawn] ttype=fairy
INFO     Sampling battle 8
INFO     	      charizard        blaze heavydutyboots [earthquake, flamethrower, hurricane, willowisp] ttype=dragon
INFO     	        zoroark     illusion      lifeorb [darkpulse, nastyplot, psychic, sludgebomb] ttype=poison
INFO     Sampling 2 unrevealed pokemon
INFO     	       bronzong     levitate    leftovers [bodypress, irondefense, ironhead, psychicnoise] ttype=fighting
INFO     	       cacturne  waterabsorb      lifeorb [focusblast, knockoff, leafstorm, suckerpunch] ttype=grass
INFO     Sampling battle 9
INFO     	      charizard        blaze heavydutyboots [earthquake, flamethrower, hurricane, willowisp] ttype=fire
INFO     	        zoroark     illusion      lifeorb [darkpulse, encore, nastyplot, sludgebomb] ttype=poison
INFO     Sampling 2 unrevealed pokemon
INFO     	         espeon  magicbounce      lifeorb [alluringvoice, calmmind, psyshock, shadowball] ttype=psychic
INFO     	       slowking  regenerator    leftovers [psychicnoise, scald, slackoff, thunderwave] ttype=fairy
INFO     Sampling battle 10
INFO     	      charizard        blaze heavydutyboots [earthquake, flamethrower, hurricane, willowisp] ttype=fire
INFO     	        zoroark     illusion      lifeorb [darkpulse, encore, nastyplot, sludgebomb] ttype=poison
INFO     Sampling 2 unrevealed pokemon
INFO     	   deoxysattack     pressure      lifeorb [extremespeed, knockoff, psychoboost, superpower] ttype=psychic
INFO     	    slitherwing protosynthesis heavydutyboots [closecombat, morningsun, uturn, willowisp] ttype=fire
INFO     Sampling battle 11
INFO     	      charizard        blaze heavydutyboots [flamethrower, focusblast, hurricane, willowisp] ttype=dragon
INFO     	        zoroark     illusion      lifeorb [darkpulse, nastyplot, psychic, sludgebomb] ttype=poison
INFO     Sampling 2 unrevealed pokemon
INFO     	        kleavor    sharpness heavydutyboots [closecombat, stoneaxe, swordsdance, xscissor] ttype=rock
INFO     	   hoopaunbound     magician  assaultvest [focusblast, gunkshot, hyperspacefury, psychic] ttype=poison
INFO     Sampling battle 12
INFO     	      charizard        blaze heavydutyboots [earthquake, flamethrower, hurricane, willowisp] ttype=ground
INFO     	        zoroark     illusion      lifeorb [darkpulse, encore, nastyplot, sludgebomb] ttype=poison
INFO     Sampling 2 unrevealed pokemon
INFO     	      dunsparce  serenegrace     eviolite [bodyslam, coil, earthquake, roost] ttype=ground
INFO     	      meowsticf  competitive      lifeorb [alluringvoice, nastyplot, psyshock, thunderbolt] ttype=fairy
INFO     Sampling battle 13
INFO     	      charizard        blaze heavydutyboots [earthquake, flamethrower, hurricane, willowisp] ttype=ground
INFO     	        zoroark     illusion      lifeorb [darkpulse, focusblast, nastyplot, sludgebomb] ttype=poison
INFO     Sampling 2 unrevealed pokemon
INFO     	      cresselia     levitate    leftovers [calmmind, moonlight, psyshock, thunderbolt] ttype=poison
INFO     	      munkidori   toxicchain  assaultvest [fakeout, psychicnoise, sludgewave, uturn] ttype=dark
INFO     Sampling battle 14
INFO     	      charizard        blaze heavydutyboots [earthquake, flamethrower, focusblast, hurricane] ttype=fire
INFO     	        zoroark     illusion      lifeorb [darkpulse, focusblast, nastyplot, sludgebomb] ttype=poison
INFO     Sampling 2 unrevealed pokemon
INFO     	          ditto     imposter  choicescarf [transform] ttype=steel
INFO     	        jirachi  serenegrace    leftovers [ironhead, protect, psychic, wish] ttype=water
INFO     Sampling battle 15
INFO     	      charizard        blaze heavydutyboots [earthquake, flamethrower, focusblast, hurricane] ttype=ground
INFO     	        zoroark     illusion      lifeorb [darkpulse, encore, nastyplot, sludgebomb] ttype=poison
INFO     Sampling 2 unrevealed pokemon
INFO     	       ampharos       static  assaultvest [dazzlinggleam, discharge, dragontail, voltswitch] ttype=fairy
INFO     	     annihilape      defiant    leftovers [bulkup, drainpunch, ragefist, taunt] ttype=ghost
INFO     Searching for a move using MCTS...
INFO     Sampling 16 battles at 500ms each
INFO     Choice: switch basculegion
INFO     basculegion switched in, adding intimidate to impossible abilities
INFO     basculegion switched in, adding pressure to impossible abilities
INFO     basculegion switched in, adding neutralizinggas to impossible abilities
INFO     basculegion switched in, adding sandstream to impossible abilities
INFO     Not adding drought to basculegion's impossible abilities because the weather would not have triggered
INFO     basculegion switched in, adding drizzle to impossible abilities
INFO     basculegion switched in, adding snowwarning to impossible abilities
INFO     basculegion switched in, adding boosterenergy to impossible items
INFO     basculegion switched in, adding airballoon to impossible items
INFO     
INFO     Turn: 7
INFO     root priors (6): {'aquajet': 0.695, 'flipturn': 0.195, 'wavecrash': 0.07, 'shadowball': 0.038}
INFO     Sampling battle 0
INFO     	      charizard        blaze heavydutyboots [flamethrower, focusblast, hurricane, willowisp] ttype=fire
INFO     	        zoroark     illusion      lifeorb [darkpulse, focusblast, nastyplot, sludgebomb] ttype=poison
INFO     Sampling 2 unrevealed pokemon
INFO     	          azelf     levitate  choicespecs [dazzlinggleam, fireblast, psyshock, uturn] ttype=psychic
INFO     	        chansey  naturalcure     eviolite [healbell, seismictoss, softboiled, thunderwave] ttype=ghost
INFO     Sampling battle 1
INFO     	      charizard        blaze heavydutyboots [flamethrower, focusblast, hurricane, willowisp] ttype=dragon
INFO     	        zoroark     illusion      lifeorb [darkpulse, nastyplot, psychic, sludgebomb] ttype=poison
INFO     Sampling 2 unrevealed pokemon
INFO     	         furret        frisk      lifeorb [brickbreak, doubleedge, knockoff, tidyup] ttype=ghost
INFO     	         goodra    sapsipper  assaultvest [dracometeor, fireblast, powerwhip, scald] ttype=fire
INFO     Sampling battle 2
INFO     	      charizard        blaze heavydutyboots [earthquake, flamethrower, focusblast, hurricane] ttype=dragon
INFO     	        zoroark     illusion      lifeorb [darkpulse, encore, nastyplot, sludgebomb] ttype=poison
INFO     Sampling 2 unrevealed pokemon
INFO     	 keldeoresolute    justified    leftovers [calmmind, hydropump, secretsword, substitute] ttype=steel
INFO     	        diancie    clearbody    leftovers [calmmind, diamondstorm, drainingkiss, earthpower] ttype=water
INFO     Sampling battle 3
INFO     	      charizard        blaze heavydutyboots [earthquake, flamethrower, focusblast, hurricane] ttype=ground
INFO     	        zoroark     illusion      lifeorb [darkpulse, focusblast, nastyplot, sludgebomb] ttype=poison
INFO     Sampling 2 unrevealed pokemon
INFO     	urshifurapidstrike   unseenfist      lifeorb [aquajet, closecombat, surgingstrikes, swordsdance] ttype=water
INFO     	    deoxysspeed     pressure      lifeorb [knockoff, psychoboost, superpower, taunt] ttype=ghost
INFO     Sampling battle 4
INFO     	      charizard        blaze heavydutyboots [earthquake, flamethrower, hurricane, willowisp] ttype=fire
INFO     	        zoroark     illusion      lifeorb [darkpulse, nastyplot, psychic, sludgebomb] ttype=poison
INFO     Sampling 2 unrevealed pokemon
INFO     	    barraskewda    swiftswim   choiceband [closecombat, flipturn, psychicfangs, waterfall] ttype=fighting
INFO     	       arboliva      harvest  sitrusberry [hypervoice, leechseed, protect, substitute] ttype=poison
INFO     Sampling battle 5
INFO     	      charizard        blaze heavydutyboots [earthquake, flamethrower, hurricane, willowisp] ttype=fire
INFO     	        zoroark     illusion      lifeorb [darkpulse, focusblast, nastyplot, sludgebomb] ttype=poison
INFO     Sampling 2 unrevealed pokemon
INFO     	        mesprit     levitate    leftovers [knockoff, psychicnoise, thunderwave, uturn] ttype=dark
INFO     	      palossand watercompaction    leftovers [earthpower, shadowball, shoreup, stealthrock] ttype=water
INFO     Sampling battle 6
INFO     	      charizard        blaze heavydutyboots [earthquake, flamethrower, hurricane, willowisp] ttype=ground
INFO     	        zoroark     illusion      lifeorb [darkpulse, nastyplot, psychic, sludgebomb] ttype=poison
INFO     Sampling 2 unrevealed pokemon
INFO     	        golduck    cloudnine  choicespecs [flipturn, grassknot, hydropump, icebeam] ttype=grass
INFO     	       tsareena queenlymajesty heavydutyboots [highjumpkick, powerwhip, synthesis, uturn] ttype=fighting
INFO     Sampling battle 7
INFO     	      charizard        blaze heavydutyboots [earthquake, flamethrower, focusblast, hurricane] ttype=fire
INFO     	        zoroark     illusion      lifeorb [darkpulse, encore, nastyplot, sludgebomb] ttype=poison
INFO     Sampling 2 unrevealed pokemon
INFO     	       medicham    purepower  choicescarf [closecombat, icepunch, trick, zenheadbutt] ttype=fighting
INFO     	     kricketune   technician heavydutyboots [knockoff, pounce, stickyweb, taunt] ttype=ghost
INFO     Sampling battle 8
INFO     	      charizard        blaze heavydutyboots [earthquake, flamethrower, focusblast, hurricane] ttype=dragon
INFO     	        zoroark     illusion      lifeorb [darkpulse, nastyplot, psychic, sludgebomb] ttype=poison
INFO     Sampling 2 unrevealed pokemon
INFO     	  slowkinggalar  regenerator    leftovers [fireblast, psyshock, slackoff, sludgebomb] ttype=dark
INFO     	    slitherwing protosynthesis boosterenergy [acrobatics, bulkup, closecombat, earthquake] ttype=flying
INFO     Sampling battle 9
INFO     	      charizard        blaze heavydutyboots [earthquake, flamethrower, hurricane, willowisp] ttype=fire
INFO     	        zoroark     illusion      lifeorb [darkpulse, nastyplot, psychic, sludgebomb] ttype=poison
INFO     Sampling 2 unrevealed pokemon
INFO     	       medicham    purepower   choiceband [bulletpunch, closecombat, trick, zenheadbutt] ttype=fighting
INFO     	       leavanny  chlorophyll   loadeddice [bulletseed, knockoff, stickyweb, tripleaxel] ttype=ghost
INFO     Sampling battle 10
INFO     	      charizard        blaze heavydutyboots [earthquake, flamethrower, focusblast, hurricane] ttype=dragon
INFO     	        zoroark     illusion      lifeorb [darkpulse, encore, nastyplot, sludgebomb] ttype=poison
INFO     Sampling 2 unrevealed pokemon
INFO     	       cinccino   technician   loadeddice [bulletseed, tailslap, tidyup, tripleaxel] ttype=normal
INFO     	    ironboulder   quarkdrive      lifeorb [closecombat, mightycleave, swordsdance, zenheadbutt] ttype=fighting
INFO     Sampling battle 11
INFO     	      charizard        blaze heavydutyboots [earthquake, flamethrower, hurricane, willowisp] ttype=dragon
INFO     	        zoroark     illusion      lifeorb [darkpulse, focusblast, nastyplot, sludgebomb] ttype=poison
INFO     Sampling 2 unrevealed pokemon
INFO     	      amoonguss  regenerator  rockyhelmet [gigadrain, sludgebomb, spore, stompingtantrum] ttype=steel
INFO     	       tsareena queenlymajesty      lifeorb [highjumpkick, powerwhip, synthesis, tripleaxel] ttype=fighting
INFO     Sampling battle 12
INFO     	      charizard        blaze heavydutyboots [earthquake, flamethrower, focusblast, hurricane] ttype=ground
INFO     	        zoroark     illusion      lifeorb [darkpulse, nastyplot, psychic, sludgebomb] ttype=poison
INFO     Sampling 2 unrevealed pokemon
INFO     	      passimian      defiant  choicescarf [closecombat, earthquake, gunkshot, knockoff] ttype=fighting
INFO     	      terapagos    terashift  chestoberry [calmmind, darkpulse, rest, terastarstorm] ttype=stellar
INFO     Sampling battle 13
INFO     	      charizard        blaze heavydutyboots [earthquake, flamethrower, hurricane, willowisp] ttype=fire
INFO     	        zoroark     illusion      lifeorb [darkpulse, nastyplot, psychic, sludgebomb] ttype=poison
INFO     Sampling 2 unrevealed pokemon
INFO     	     golemalola    galvanize   choiceband [doubleedge, earthquake, explosion, stoneedge] ttype=ground
INFO     	        bisharp      defiant     eviolite [ironhead, stealthrock, suckerpunch, throatchop] ttype=flying
INFO     Sampling battle 14
INFO     	      charizard        blaze heavydutyboots [flamethrower, focusblast, hurricane, willowisp] ttype=fire
INFO     	        zoroark     illusion      lifeorb [darkpulse, focusblast, nastyplot, sludgebomb] ttype=poison
INFO     Sampling 2 unrevealed pokemon
INFO     	       ribombee   shielddust    focussash [moonblast, stickyweb, stunspore, uturn] ttype=ghost
INFO     	      palossand watercompaction    leftovers [earthpower, shadowball, shoreup, stealthrock] ttype=poison
INFO     Sampling battle 15
INFO     	      charizard        blaze heavydutyboots [earthquake, flamethrower, hurricane, willowisp] ttype=fire
INFO     	        zoroark     illusion      lifeorb [darkpulse, nastyplot, psychic, sludgebomb] ttype=poison
INFO     Sampling 2 unrevealed pokemon
INFO     	        cetitan   sheerforce      lifeorb [iceshard, iciclecrash, liquidation, superpower] ttype=water
INFO     	       hariyama         guts     flameorb [bulletpunch, closecombat, facade, knockoff] ttype=normal
INFO     Searching for a move using MCTS...
INFO     Sampling 16 battles at 500ms each
INFO     Choice: aquajet
INFO     Opponent has switched - clearing the last used move
INFO     cacturne switched in, adding intimidate to impossible abilities
INFO     cacturne switched in, adding pressure to impossible abilities
INFO     cacturne switched in, adding neutralizinggas to impossible abilities
INFO     cacturne switched in, adding sandstream to impossible abilities
INFO     Not adding drought to cacturne's impossible abilities because the weather would not have triggered
INFO     cacturne switched in, adding drizzle to impossible abilities
INFO     cacturne switched in, adding snowwarning to impossible abilities
INFO     cacturne switched in, adding boosterenergy to impossible items
INFO     cacturne switched in, adding airballoon to impossible items
INFO     basculegion already has the move aquajet. Decrementing the PP by 1
INFO     basculegion used a water move, removing watergem from possible items
INFO     Setting basculegion's last used move: aquajet
INFO     basculegion used a damaging move - not guessing lifeorb anymore
INFO     Setting cacturne's ability to waterabsorb
INFO     Weather none is active
INFO     Resetting weather source to None
INFO     Weather turns remaining: 5
INFO     
INFO     Turn: 8
INFO     root priors (6): {'switch stonjourner': 0.995, 'aquajet': 0.001, 'flipturn': 0.001, 'shadowball': 0.001}
INFO     Sampling battle 0
INFO     	       cacturne  waterabsorb      lifeorb [knockoff, seedbomb, suckerpunch, swordsdance] ttype=dark
INFO     	        zoroark     illusion      lifeorb [darkpulse, encore, nastyplot, sludgebomb] ttype=poison
INFO     	      charizard        blaze heavydutyboots [earthquake, flamethrower, hurricane, willowisp] ttype=dragon
INFO     Sampling 1 unrevealed pokemon
INFO     	       vaporeon  waterabsorb    leftovers [icebeam, protect, scald, wish] ttype=poison
INFO     Sampling battle 1
INFO     	       cacturne  waterabsorb      lifeorb [knockoff, seedbomb, suckerpunch, swordsdance] ttype=dark
INFO     	        zoroark     illusion      lifeorb [darkpulse, encore, nastyplot, sludgebomb] ttype=poison
INFO     	      charizard        blaze heavydutyboots [earthquake, flamethrower, hurricane, willowisp] ttype=ground
INFO     Sampling 1 unrevealed pokemon
INFO     	     misdreavus     levitate     eviolite [calmmind, drainingkiss, shadowball, willowisp] ttype=fairy
INFO     Sampling battle 2
INFO     	       cacturne  waterabsorb      lifeorb [knockoff, seedbomb, suckerpunch, swordsdance] ttype=dark
INFO     	        zoroark     illusion      lifeorb [darkpulse, encore, nastyplot, sludgebomb] ttype=poison
INFO     	      charizard        blaze heavydutyboots [earthquake, flamethrower, focusblast, hurricane] ttype=ground
INFO     Sampling 1 unrevealed pokemon
INFO     	       zangoose   toxicboost     toxicorb [closecombat, facade, knockoff, quickattack] ttype=normal
INFO     Sampling battle 3
INFO     	       cacturne  waterabsorb      lifeorb [knockoff, seedbomb, suckerpunch, swordsdance] ttype=poison
INFO     	        zoroark     illusion      lifeorb [darkpulse, encore, nastyplot, sludgebomb] ttype=poison
INFO     	      charizard        blaze heavydutyboots [earthquake, flamethrower, focusblast, hurricane] ttype=ground
INFO     Sampling 1 unrevealed pokemon
INFO     	    ironboulder   quarkdrive boosterenergy [closecombat, mightycleave, swordsdance, zenheadbutt] ttype=fighting
INFO     Sampling battle 4
INFO     	       cacturne  waterabsorb      lifeorb [knockoff, seedbomb, suckerpunch, swordsdance] ttype=poison
INFO     	        zoroark     illusion      lifeorb [darkpulse, nastyplot, psychic, sludgebomb] ttype=poison
INFO     	      charizard        blaze heavydutyboots [flamethrower, focusblast, hurricane, willowisp] ttype=dragon
INFO     Sampling 1 unrevealed pokemon
INFO     	      alomomola  regenerator  rockyhelmet [flipturn, protect, scald, wish] ttype=poison
INFO     Sampling battle 5
INFO     	       cacturne  waterabsorb      lifeorb [knockoff, leafstorm, spikes, suckerpunch] ttype=dark
INFO     	        zoroark     illusion      lifeorb [darkpulse, focusblast, nastyplot, sludgebomb] ttype=poison
INFO     	      charizard        blaze heavydutyboots [earthquake, flamethrower, focusblast, hurricane] ttype=dragon
INFO     Sampling 1 unrevealed pokemon
INFO     	       alcremie    aromaveil    leftovers [alluringvoice, calmmind, recover, terablast] ttype=ground
INFO     Sampling battle 6
INFO     	       cacturne  waterabsorb      lifeorb [knockoff, leafstorm, suckerpunch, toxicspikes] ttype=dark
INFO     	        zoroark     illusion      lifeorb [darkpulse, encore, nastyplot, sludgebomb] ttype=poison
INFO     	      charizard        blaze heavydutyboots [earthquake, flamethrower, hurricane, willowisp] ttype=dragon
INFO     Sampling 1 unrevealed pokemon
INFO     	     screamtail protosynthesis    leftovers [dazzlinggleam, encore, protect, wish] ttype=steel
INFO     Sampling battle 7
INFO     	       cacturne  waterabsorb      lifeorb [knockoff, seedbomb, suckerpunch, swordsdance] ttype=dark
INFO     	        zoroark     illusion      lifeorb [darkpulse, focusblast, nastyplot, sludgebomb] ttype=poison
INFO     	      charizard        blaze heavydutyboots [earthquake, flamethrower, focusblast, hurricane] ttype=ground
INFO     Sampling 1 unrevealed pokemon
INFO     	      reuniclus   magicguard      lifeorb [calmmind, focusblast, psyshock, recover] ttype=steel
INFO     Sampling battle 8
INFO     	       cacturne  waterabsorb      lifeorb [knockoff, seedbomb, suckerpunch, swordsdance] ttype=dark
INFO     	        zoroark     illusion      lifeorb [darkpulse, nastyplot, psychic, sludgebomb] ttype=poison
INFO     	      charizard        blaze heavydutyboots [earthquake, flamethrower, hurricane, willowisp] ttype=fire
INFO     Sampling 1 unrevealed pokemon
INFO     	    basculegion adaptability  assaultvest [aquajet, flipturn, shadowball, wavecrash] ttype=water
INFO     Sampling battle 9
INFO     	       cacturne  waterabsorb      lifeorb [knockoff, seedbomb, suckerpunch, swordsdance] ttype=dark
INFO     	        zoroark     illusion      lifeorb [darkpulse, focusblast, nastyplot, sludgebomb] ttype=poison
INFO     	      charizard        blaze heavydutyboots [flamethrower, focusblast, hurricane, willowisp] ttype=fire
INFO     Sampling 1 unrevealed pokemon
INFO     	       cloyster    skilllink    whiteherb [hydropump, iciclespear, rockblast, shellsmash] ttype=ice
INFO     Sampling battle 10
INFO     	       cacturne  waterabsorb      lifeorb [knockoff, leafstorm, suckerpunch, toxicspikes] ttype=grass
INFO     	        zoroark     illusion      lifeorb [darkpulse, nastyplot, psychic, sludgebomb] ttype=poison
INFO     	      charizard        blaze heavydutyboots [flamethrower, focusblast, hurricane, willowisp] ttype=fire
INFO     Sampling 1 unrevealed pokemon
INFO     	         luxray   intimidate  assaultvest [playrough, throatchop, voltswitch, wildcharge] ttype=fairy
INFO     Sampling battle 11
INFO     	       cacturne  waterabsorb      lifeorb [knockoff, seedbomb, suckerpunch, swordsdance] ttype=poison
INFO     	        zoroark     illusion      lifeorb [darkpulse, encore, nastyplot, sludgebomb] ttype=poison
INFO     	      charizard        blaze heavydutyboots [flamethrower, focusblast, hurricane, willowisp] ttype=fire
INFO     Sampling 1 unrevealed pokemon
INFO     	      gastrodon   stormdrain    leftovers [earthquake, recover, sludgebomb, stealthrock] ttype=poison
INFO     Sampling battle 12
INFO     	       cacturne  waterabsorb      lifeorb [knockoff, seedbomb, suckerpunch, swordsdance] ttype=dark
INFO     	        zoroark     illusion      lifeorb [darkpulse, nastyplot, psychic, sludgebomb] ttype=poison
INFO     	      charizard        blaze heavydutyboots [earthquake, flamethrower, hurricane, willowisp] ttype=dragon
INFO     Sampling 1 unrevealed pokemon
INFO     	       inteleon      torrent  choicespecs [hydropump, icebeam, scald, uturn] ttype=water
INFO     Sampling battle 13
INFO     	       cacturne  waterabsorb      lifeorb [knockoff, seedbomb, suckerpunch, swordsdance] ttype=dark
INFO     	        zoroark     illusion      lifeorb [darkpulse, nastyplot, psychic, sludgebomb] ttype=poison
INFO     	      charizard        blaze heavydutyboots [earthquake, flamethrower, focusblast, hurricane] ttype=ground
INFO     Sampling 1 unrevealed pokemon
INFO     	      piloswine     thickfat     eviolite [earthquake, iciclecrash, roar, stealthrock] ttype=dragon
INFO     Sampling battle 14
INFO     	       cacturne  waterabsorb      lifeorb [knockoff, leafstorm, suckerpunch, toxicspikes] ttype=dark
INFO     	        zoroark     illusion      lifeorb [darkpulse, focusblast, nastyplot, sludgebomb] ttype=poison
INFO     	      charizard        blaze heavydutyboots [earthquake, flamethrower, focusblast, hurricane] ttype=fire
INFO     Sampling 1 unrevealed pokemon
INFO     	      rillaboom  grassysurge      lifeorb [grassyglide, knockoff, swordsdance, woodhammer] ttype=grass
INFO     Sampling battle 15
INFO     	       cacturne  waterabsorb      lifeorb [focusblast, knockoff, leafstorm, suckerpunch] ttype=dark
INFO     	        zoroark     illusion      lifeorb [darkpulse, nastyplot, psychic, sludgebomb] ttype=poison
INFO     	      charizard        blaze heavydutyboots [earthquake, flamethrower, hurricane, willowisp] ttype=dragon
INFO     Sampling 1 unrevealed pokemon
INFO     	           uxie     levitate    leftovers [psychicnoise, stealthrock, uturn, yawn] ttype=electric
INFO     Searching for a move using MCTS...
INFO     Sampling 16 battles at 500ms each
INFO     Choice: wavecrash
INFO     Updated cacturne's max speed to 171
INFO     basculegion already has the move wavecrash. Decrementing the PP by 1
INFO     basculegion used a water move, removing watergem from possible items
INFO     Setting basculegion's last used move: wavecrash
INFO     basculegion used a damaging move - not guessing lifeorb anymore
INFO     Setting cacturne's ability to waterabsorb
INFO     cacturne using swordsdance makes it unlikely to have a choice item. Setting can_have_choice_item to False
INFO     cacturne used a status-move. Adding `assaultvest` to impossible items
INFO     Setting cacturne's last used move: swordsdance
INFO     cacturne's attack was boosted by 2 to 2
INFO     
INFO     Turn: 9
INFO     root priors (6): {'flipturn': 0.72, 'switch stonjourner': 0.202, 'wavecrash': 0.069, 'shadowball': 0.006}
INFO     Sampling battle 0
INFO     	       cacturne  waterabsorb      lifeorb [knockoff, seedbomb, suckerpunch, swordsdance] ttype=poison
INFO     	        zoroark     illusion      lifeorb [darkpulse, nastyplot, psychic, sludgebomb] ttype=poison
INFO     	      charizard        blaze heavydutyboots [flamethrower, focusblast, hurricane, willowisp] ttype=fire
INFO     Sampling 1 unrevealed pokemon
INFO     	      decidueye     overgrow      lifeorb [leafblade, poltergeist, shadowsneak, swordsdance] ttype=ghost
INFO     Sampling battle 1
INFO     	       cacturne  waterabsorb      lifeorb [knockoff, seedbomb, suckerpunch, swordsdance] ttype=poison
INFO     	        zoroark     illusion      lifeorb [darkpulse, encore, nastyplot, sludgebomb] ttype=poison
INFO     	      charizard        blaze heavydutyboots [earthquake, flamethrower, hurricane, willowisp] ttype=fire
INFO     Sampling 1 unrevealed pokemon
INFO     	     ironthorns   quarkdrive   choiceband [earthquake, icepunch, stoneedge, wildcharge] ttype=water
INFO     Sampling battle 2
INFO     	       cacturne  waterabsorb      lifeorb [knockoff, seedbomb, suckerpunch, swordsdance] ttype=poison
INFO     	        zoroark     illusion      lifeorb [darkpulse, encore, nastyplot, sludgebomb] ttype=poison
INFO     	      charizard        blaze heavydutyboots [earthquake, flamethrower, hurricane, willowisp] ttype=fire
INFO     Sampling 1 unrevealed pokemon
INFO     	      abomasnow  snowwarning    lightclay [auroraveil, blizzard, earthquake, woodhammer] ttype=water
INFO     Sampling battle 3
INFO     	       cacturne  waterabsorb      lifeorb [knockoff, seedbomb, suckerpunch, swordsdance] ttype=poison
INFO     	        zoroark     illusion      lifeorb [darkpulse, nastyplot, psychic, sludgebomb] ttype=poison
INFO     	      charizard        blaze heavydutyboots [earthquake, flamethrower, hurricane, willowisp] ttype=dragon
INFO     Sampling 1 unrevealed pokemon
INFO     	      palossand watercompaction    leftovers [earthpower, shadowball, shoreup, stealthrock] ttype=water
INFO     Sampling battle 4
INFO     	       cacturne  waterabsorb      lifeorb [knockoff, seedbomb, suckerpunch, swordsdance] ttype=dark
INFO     	        zoroark     illusion      lifeorb [darkpulse, nastyplot, psychic, sludgebomb] ttype=poison
INFO     	      charizard        blaze heavydutyboots [earthquake, flamethrower, hurricane, willowisp] ttype=fire
INFO     Sampling 1 unrevealed pokemon
INFO     	       cinccino   technician   loadeddice [bulletseed, tailslap, tripleaxel, uturn] ttype=ice
INFO     Sampling battle 5
INFO     	       cacturne  waterabsorb      lifeorb [knockoff, seedbomb, suckerpunch, swordsdance] ttype=poison
INFO     	        zoroark     illusion      lifeorb [darkpulse, nastyplot, psychic, sludgebomb] ttype=poison
INFO     	      charizard        blaze heavydutyboots [earthquake, flamethrower, focusblast, hurricane] ttype=ground
INFO     Sampling 1 unrevealed pokemon
INFO     	          minun   voltabsorb      lifeorb [alluringvoice, grassknot, nastyplot, thunderbolt] ttype=fairy
INFO     Sampling battle 6
INFO     	       cacturne  waterabsorb      lifeorb [knockoff, seedbomb, suckerpunch, swordsdance] ttype=dark
INFO     	        zoroark     illusion      lifeorb [darkpulse, nastyplot, psychic, sludgebomb] ttype=poison
INFO     	      charizard        blaze heavydutyboots [earthquake, flamethrower, hurricane, willowisp] ttype=dragon
INFO     Sampling 1 unrevealed pokemon
INFO     	       meloetta  serenegrace      lifeorb [closecombat, knockoff, relicsong, tripleaxel] ttype=dark
INFO     Sampling battle 7
INFO     	       cacturne  waterabsorb      lifeorb [knockoff, seedbomb, suckerpunch, swordsdance] ttype=poison
INFO     	        zoroark     illusion      lifeorb [darkpulse, encore, nastyplot, sludgebomb] ttype=poison
INFO     	      charizard        blaze heavydutyboots [earthquake, flamethrower, focusblast, hurricane] ttype=dragon
INFO     Sampling 1 unrevealed pokemon
INFO     	     eelektross     levitate  assaultvest [discharge, dragontail, gigadrain, uturn] ttype=steel
INFO     Sampling battle 8
INFO     	       cacturne  waterabsorb      lifeorb [knockoff, seedbomb, suckerpunch, swordsdance] ttype=dark
INFO     	        zoroark     illusion      lifeorb [darkpulse, encore, nastyplot, sludgebomb] ttype=poison
INFO     	      charizard        blaze heavydutyboots [flamethrower, focusblast, hurricane, willowisp] ttype=dragon
INFO     Sampling 1 unrevealed pokemon
INFO     	       lycanroc     sandrush      lifeorb [closecombat, crunch, stoneedge, taunt] ttype=fighting
INFO     Sampling battle 9
INFO     	       cacturne  waterabsorb      lifeorb [knockoff, seedbomb, suckerpunch, swordsdance] ttype=dark
INFO     	        zoroark     illusion      lifeorb [darkpulse, focusblast, nastyplot, sludgebomb] ttype=poison
INFO     	      charizard        blaze heavydutyboots [earthquake, flamethrower, focusblast, hurricane] ttype=dragon
INFO     Sampling 1 unrevealed pokemon
INFO     	   basculegionf adaptability  assaultvest [flipturn, hydropump, shadowball, wavecrash] ttype=water
INFO     Sampling battle 10
INFO     	       cacturne  waterabsorb      lifeorb [knockoff, seedbomb, suckerpunch, swordsdance] ttype=dark
INFO     	        zoroark     illusion      lifeorb [darkpulse, focusblast, nastyplot, sludgebomb] ttype=poison
INFO     	      charizard        blaze heavydutyboots [earthquake, flamethrower, hurricane, willowisp] ttype=ground
INFO     Sampling 1 unrevealed pokemon
INFO     	         rabsca  synchronize heavydutyboots [bugbuzz, psychic, revivalblessing, trickroom] ttype=steel
INFO     Sampling battle 11
INFO     	       cacturne  waterabsorb      lifeorb [knockoff, seedbomb, suckerpunch, swordsdance] ttype=poison
INFO     	        zoroark     illusion      lifeorb [darkpulse, nastyplot, psychic, sludgebomb] ttype=poison
INFO     	      charizard        blaze heavydutyboots [earthquake, flamethrower, focusblast, hurricane] ttype=dragon
INFO     Sampling 1 unrevealed pokemon
INFO     	      toxicroak      dryskin      lifeorb [closecombat, earthquake, gunkshot, swordsdance] ttype=fighting
INFO     Sampling battle 12
INFO     	       cacturne  waterabsorb      lifeorb [knockoff, seedbomb, suckerpunch, swordsdance] ttype=dark
INFO     	        zoroark     illusion      lifeorb [darkpulse, nastyplot, psychic, sludgebomb] ttype=poison
INFO     	      charizard        blaze heavydutyboots [flamethrower, focusblast, hurricane, willowisp] ttype=fire
INFO     Sampling 1 unrevealed pokemon
INFO     	      rhyperior    solidrock weaknesspolicy [earthquake, icepunch, rockpolish, stoneedge] ttype=ground
INFO     Sampling battle 13
INFO     	       cacturne  waterabsorb      lifeorb [knockoff, seedbomb, suckerpunch, swordsdance] ttype=dark
INFO     	        zoroark     illusion      lifeorb [darkpulse, nastyplot, psychic, sludgebomb] ttype=poison
INFO     	      charizard        blaze heavydutyboots [earthquake, flamethrower, focusblast, hurricane] ttype=fire
INFO     Sampling 1 unrevealed pokemon
INFO     	       espathra   speedboost  choicespecs [dazzlinggleam, luminacrash, shadowball, uturn] ttype=psychic
INFO     Sampling battle 14
INFO     	       cacturne  waterabsorb      lifeorb [knockoff, seedbomb, suckerpunch, swordsdance] ttype=dark
INFO     	        zoroark     illusion      lifeorb [darkpulse, nastyplot, psychic, sludgebomb] ttype=poison
INFO     	      charizard        blaze heavydutyboots [flamethrower, focusblast, hurricane, willowisp] ttype=dragon
INFO     Sampling 1 unrevealed pokemon
INFO     	        avalugg       sturdy heavydutyboots [avalanche, bodypress, curse, recover] ttype=fighting
INFO     Sampling battle 15
INFO     	       cacturne  waterabsorb      lifeorb [knockoff, seedbomb, suckerpunch, swordsdance] ttype=dark
INFO     	        zoroark     illusion      lifeorb [darkpulse, nastyplot, psychic, sludgebomb] ttype=poison
INFO     	      charizard        blaze heavydutyboots [earthquake, flamethrower, focusblast, hurricane] ttype=dragon
INFO     Sampling 1 unrevealed pokemon
INFO     	     misdreavus     levitate     eviolite [calmmind, drainingkiss, shadowball, willowisp] ttype=fairy
INFO     Searching for a move using MCTS...
INFO     Sampling 16 battles at 500ms each
INFO     Choice: flipturn
INFO     Updated cacturne's max speed to 171
INFO     basculegion already has the move flipturn. Decrementing the PP by 1
INFO     basculegion used a water move, removing watergem from possible items
INFO     Setting basculegion's last used move: flipturn
INFO     basculegion used a damaging move - not guessing lifeorb anymore
INFO     Setting cacturne's ability to waterabsorb
INFO     cacturne used two different moves - it cannot have a choice item
INFO     cacturne used a dark move, removing darkgem from possible items
INFO     Setting cacturne's last used move: knockoff
INFO     cacturne used a damaging move - not guessing lifeorb anymore
INFO     cacturne did 100.0% damage to basculegion with knockoff
INFO     Removing basculegion's item: assaultvest
INFO     Setting basculegion's removed item to assaultvest
INFO     Knockoff removed basculegion's item
INFO     Setting cacturne's item to: lifeorb
INFO     cacturne has less than maxhp during upkeep, no longer guessing leftovers or blacksludge
INFO     root priors (2): {'switch stonjourner': 0.999, 'switch mew': 0.001}
INFO     Sampling battle 0
INFO     	       cacturne  waterabsorb      lifeorb [knockoff, seedbomb, suckerpunch, swordsdance] ttype=poison
INFO     	        zoroark     illusion      lifeorb [darkpulse, encore, nastyplot, sludgebomb] ttype=poison
INFO     	      charizard        blaze heavydutyboots [earthquake, flamethrower, hurricane, willowisp] ttype=ground
INFO     Sampling 1 unrevealed pokemon
INFO     	      hatterene  magicbounce  assaultvest [drainingkiss, mysticalfire, nuzzle, psychicnoise] ttype=fairy
INFO     Sampling battle 1
INFO     	       cacturne  waterabsorb      lifeorb [knockoff, seedbomb, suckerpunch, swordsdance] ttype=poison
INFO     	        zoroark     illusion      lifeorb [darkpulse, encore, nastyplot, sludgebomb] ttype=poison
INFO     	      charizard        blaze heavydutyboots [earthquake, flamethrower, hurricane, willowisp] ttype=ground
INFO     Sampling 1 unrevealed pokemon
INFO     	      garganacl purifyingsalt    leftovers [bodypress, protect, recover, saltcure] ttype=dragon
INFO     Sampling battle 2
INFO     	       cacturne  waterabsorb      lifeorb [knockoff, seedbomb, suckerpunch, swordsdance] ttype=poison
INFO     	        zoroark     illusion      lifeorb [darkpulse, encore, nastyplot, sludgebomb] ttype=poison
INFO     	      charizard        blaze heavydutyboots [flamethrower, focusblast, hurricane, willowisp] ttype=dragon
INFO     Sampling 1 unrevealed pokemon
INFO     	        ogerpon      defiant    leftovers [encore, ivycudgel, knockoff, synthesis] ttype=grass
INFO     Sampling battle 3
INFO     	       cacturne  waterabsorb      lifeorb [knockoff, seedbomb, suckerpunch, swordsdance] ttype=poison
INFO     	        zoroark     illusion      lifeorb [darkpulse, nastyplot, psychic, sludgebomb] ttype=poison
INFO     	      charizard        blaze heavydutyboots [earthquake, flamethrower, focusblast, hurricane] ttype=fire
INFO     Sampling 1 unrevealed pokemon
INFO     	      electrode       static heavydutyboots [explosion, taunt, thunderbolt, voltswitch] ttype=electric
INFO     Sampling battle 4
INFO     	       cacturne  waterabsorb      lifeorb [knockoff, seedbomb, suckerpunch, swordsdance] ttype=poison
INFO     	        zoroark     illusion      lifeorb [darkpulse, nastyplot, psychic, sludgebomb] ttype=poison
INFO     	      charizard        blaze heavydutyboots [earthquake, flamethrower, hurricane, willowisp] ttype=dragon
INFO     Sampling 1 unrevealed pokemon
INFO     	      hatterene  magicbounce    leftovers [calmmind, drainingkiss, mysticalfire, psychic] ttype=steel
INFO     Sampling battle 5
INFO     	       cacturne  waterabsorb      lifeorb [knockoff, seedbomb, suckerpunch, swordsdance] ttype=dark
INFO     	        zoroark     illusion      lifeorb [darkpulse, focusblast, nastyplot, sludgebomb] ttype=poison
INFO     	      charizard        blaze heavydutyboots [flamethrower, focusblast, hurricane, willowisp] ttype=dragon
INFO     Sampling 1 unrevealed pokemon
INFO     	         zacian intrepidsword   choiceband [closecombat, playrough, psychicfangs, wildcharge] ttype=fighting
INFO     Sampling battle 6
INFO     	       cacturne  waterabsorb      lifeorb [knockoff, seedbomb, suckerpunch, swordsdance] ttype=dark
INFO     	        zoroark     illusion      lifeorb [darkpulse, focusblast, nastyplot, sludgebomb] ttype=poison
INFO     	      charizard        blaze heavydutyboots [flamethrower, focusblast, hurricane, willowisp] ttype=dragon
INFO     Sampling 1 unrevealed pokemon
INFO     	       torterra     overgrow   loadeddice [bulletseed, headlongrush, rockblast, shellsmash] ttype=rock
INFO     Sampling battle 7
INFO     	       cacturne  waterabsorb      lifeorb [knockoff, seedbomb, suckerpunch, swordsdance] ttype=dark
INFO     	        zoroark     illusion      lifeorb [darkpulse, focusblast, nastyplot, sludgebomb] ttype=poison
INFO     	      charizard        blaze heavydutyboots [earthquake, flamethrower, hurricane, willowisp] ttype=ground
INFO     Sampling 1 unrevealed pokemon
INFO     	   slowbrogalar  regenerator      lifeorb [fireblast, psychic, shellsidearm, trickroom] ttype=psychic
INFO     Sampling battle 8
INFO     	       cacturne  waterabsorb      lifeorb [knockoff, seedbomb, suckerpunch, swordsdance] ttype=dark
INFO     	        zoroark     illusion      lifeorb [darkpulse, nastyplot, psychic, sludgebomb] ttype=poison
INFO     	      charizard        blaze heavydutyboots [earthquake, flamethrower, focusblast, hurricane] ttype=fire
INFO     Sampling 1 unrevealed pokemon
INFO     	          rotom     levitate      lifeorb [nastyplot, shadowball, thunderbolt, willowisp] ttype=ghost
INFO     Sampling battle 9
INFO     	       cacturne  waterabsorb      lifeorb [knockoff, seedbomb, suckerpunch, swordsdance] ttype=dark
INFO     	        zoroark     illusion      lifeorb [darkpulse, encore, nastyplot, sludgebomb] ttype=poison
INFO     	      charizard        blaze heavydutyboots [earthquake, flamethrower, hurricane, willowisp] ttype=fire
INFO     Sampling 1 unrevealed pokemon
INFO     	        persian       limber   choiceband [doubleedge, knockoff, switcheroo, uturn] ttype=ghost
INFO     Sampling battle 10
INFO     	       cacturne  waterabsorb      lifeorb [knockoff, seedbomb, suckerpunch, swordsdance] ttype=poison
INFO     	        zoroark     illusion      lifeorb [darkpulse, nastyplot, psychic, sludgebomb] ttype=poison
INFO     	      charizard        blaze heavydutyboots [earthquake, flamethrower, hurricane, willowisp] ttype=ground
INFO     Sampling 1 unrevealed pokemon
INFO     	      eternatus     pressure  rockyhelmet [dynamaxcannon, fireblast, recover, sludgebomb] ttype=fire
INFO     Sampling battle 11
INFO     	       cacturne  waterabsorb      lifeorb [knockoff, seedbomb, suckerpunch, swordsdance] ttype=poison
INFO     	        zoroark     illusion      lifeorb [darkpulse, encore, nastyplot, sludgebomb] ttype=poison
INFO     	      charizard        blaze heavydutyboots [flamethrower, focusblast, hurricane, willowisp] ttype=dragon
INFO     Sampling 1 unrevealed pokemon
INFO     	       cinccino   technician   loadeddice [bulletseed, tailslap, tidyup, tripleaxel] ttype=grass
INFO     Sampling battle 12
INFO     	       cacturne  waterabsorb      lifeorb [knockoff, seedbomb, suckerpunch, swordsdance] ttype=dark
INFO     	        zoroark     illusion      lifeorb [darkpulse, focusblast, nastyplot, sludgebomb] ttype=poison
INFO     	      charizard        blaze heavydutyboots [flamethrower, focusblast, hurricane, willowisp] ttype=dragon
INFO     Sampling 1 unrevealed pokemon
INFO     	       smeargle     owntempo    focussash [ceaselessedge, spore, stickyweb, whirlwind] ttype=ghost
INFO     Sampling battle 13
INFO     	       cacturne  waterabsorb      lifeorb [knockoff, seedbomb, suckerpunch, swordsdance] ttype=poison
INFO     	        zoroark     illusion      lifeorb [darkpulse, nastyplot, psychic, sludgebomb] ttype=poison
INFO     	      charizard        blaze heavydutyboots [earthquake, flamethrower, focusblast, hurricane] ttype=dragon
INFO     Sampling 1 unrevealed pokemon
INFO     	      mismagius     levitate  choicespecs [energyball, mysticalfire, shadowball, thunderbolt] ttype=fire
INFO     Sampling battle 14
INFO     	       cacturne  waterabsorb      lifeorb [knockoff, seedbomb, suckerpunch, swordsdance] ttype=poison
INFO     	        zoroark     illusion      lifeorb [darkpulse, encore, nastyplot, sludgebomb] ttype=poison
INFO     	      charizard        blaze heavydutyboots [earthquake, flamethrower, hurricane, willowisp] ttype=fire
INFO     Sampling 1 unrevealed pokemon
INFO     	      sinistcha    heatproof    leftovers [calmmind, matchagotcha, shadowball, strengthsap] ttype=steel
INFO     Sampling battle 15
INFO     	       cacturne  waterabsorb      lifeorb [knockoff, seedbomb, suckerpunch, swordsdance] ttype=dark
INFO     	        zoroark     illusion      lifeorb [darkpulse, focusblast, nastyplot, sludgebomb] ttype=poison
INFO     	      charizard        blaze heavydutyboots [earthquake, flamethrower, focusblast, hurricane] ttype=fire
INFO     Sampling 1 unrevealed pokemon
INFO     	        grumpig     thickfat  choicescarf [earthpower, focusblast, psychic, trick] ttype=fighting
INFO     Searching for a move using MCTS...
INFO     Sampling 16 battles at 500ms each
INFO     Choice: switch stonjourner
INFO     stonjourner switched in, adding intimidate to impossible abilities
INFO     stonjourner switched in, adding pressure to impossible abilities
INFO     stonjourner switched in, adding neutralizinggas to impossible abilities
INFO     stonjourner switched in, adding sandstream to impossible abilities
INFO     stonjourner switched in, adding drought to impossible abilities
INFO     stonjourner switched in, adding drizzle to impossible abilities
INFO     stonjourner switched in, adding snowwarning to impossible abilities
INFO     stonjourner switched in, adding boosterenergy to impossible items
INFO     stonjourner switched in, adding airballoon to impossible items
INFO     
INFO     Turn: 10
INFO     root priors (5): {'heatcrash': 0.823, 'stoneedge': 0.174, 'earthquake': 0.001, 'switch mew': 0.001}
INFO     Sampling battle 0
INFO     	       cacturne  waterabsorb      lifeorb [knockoff, seedbomb, suckerpunch, swordsdance] ttype=dark
INFO     	        zoroark     illusion      lifeorb [darkpulse, encore, nastyplot, sludgebomb] ttype=poison
INFO     	      charizard        blaze heavydutyboots [earthquake, flamethrower, focusblast, hurricane] ttype=ground
INFO     Sampling 1 unrevealed pokemon
INFO     	   dugtrioalola tanglinghair      lifeorb [earthquake, ironhead, stealthrock, stoneedge] ttype=steel
INFO     Sampling battle 1
INFO     	       cacturne  waterabsorb      lifeorb [knockoff, seedbomb, suckerpunch, swordsdance] ttype=poison
INFO     	        zoroark     illusion      lifeorb [darkpulse, focusblast, nastyplot, sludgebomb] ttype=poison
INFO     	      charizard        blaze heavydutyboots [flamethrower, focusblast, hurricane, willowisp] ttype=dragon
INFO     Sampling 1 unrevealed pokemon
INFO     	          arbok   intimidate    leftovers [coil, earthquake, gunkshot, suckerpunch] ttype=dark
INFO     Sampling battle 2
INFO     	       cacturne  waterabsorb      lifeorb [knockoff, seedbomb, suckerpunch, swordsdance] ttype=poison
INFO     	        zoroark     illusion      lifeorb [darkpulse, focusblast, nastyplot, sludgebomb] ttype=poison
INFO     	      charizard        blaze heavydutyboots [flamethrower, focusblast, hurricane, willowisp] ttype=fire
INFO     Sampling 1 unrevealed pokemon
INFO     	       dusknoir        frisk      lifeorb [earthquake, painsplit, poltergeist, shadowsneak] ttype=ghost
INFO     Sampling battle 3
INFO     	       cacturne  waterabsorb      lifeorb [knockoff, seedbomb, suckerpunch, swordsdance] ttype=dark
INFO     	        zoroark     illusion      lifeorb [darkpulse, nastyplot, psychic, sludgebomb] ttype=poison
INFO     	      charizard        blaze heavydutyboots [earthquake, flamethrower, hurricane, willowisp] ttype=fire
INFO     Sampling 1 unrevealed pokemon
INFO     	    polteageist   cursedbody    whiteherb [shadowball, shellsmash, storedpower, strengthsap] ttype=psychic
INFO     Sampling battle 4
INFO     	       cacturne  waterabsorb      lifeorb [knockoff, seedbomb, suckerpunch, swordsdance] ttype=dark
INFO     	        zoroark     illusion      lifeorb [darkpulse, focusblast, nastyplot, sludgebomb] ttype=poison
INFO     	      charizard        blaze heavydutyboots [earthquake, flamethrower, focusblast, hurricane] ttype=ground
INFO     Sampling 1 unrevealed pokemon
INFO     	       ampharos       static      lifeorb [agility, dazzlinggleam, focusblast, thunderbolt] ttype=electric
INFO     Sampling battle 5
INFO     	       cacturne  waterabsorb      lifeorb [knockoff, seedbomb, suckerpunch, swordsdance] ttype=poison
INFO     	        zoroark     illusion      lifeorb [darkpulse, encore, nastyplot, sludgebomb] ttype=poison
INFO     	      charizard        blaze heavydutyboots [earthquake, flamethrower, focusblast, hurricane] ttype=ground
INFO     Sampling 1 unrevealed pokemon
INFO     	          rotom     levitate  choicescarf [shadowball, thunderbolt, trick, voltswitch] ttype=electric
INFO     Sampling battle 6
INFO     	       cacturne  waterabsorb      lifeorb [knockoff, seedbomb, suckerpunch, swordsdance] ttype=dark
INFO     	        zoroark     illusion      lifeorb [darkpulse, nastyplot, psychic, sludgebomb] ttype=poison
INFO     	      charizard        blaze heavydutyboots [flamethrower, focusblast, hurricane, willowisp] ttype=fire
INFO     Sampling 1 unrevealed pokemon
INFO     	      trevenant      harvest  sitrusberry [drainpunch, poltergeist, protect, toxic] ttype=steel
INFO     Sampling battle 7
INFO     	       cacturne  waterabsorb      lifeorb [knockoff, seedbomb, suckerpunch, swordsdance] ttype=dark
INFO     	        zoroark     illusion      lifeorb [darkpulse, encore, nastyplot, sludgebomb] ttype=poison
INFO     	      charizard        blaze heavydutyboots [earthquake, flamethrower, hurricane, willowisp] ttype=ground
INFO     Sampling 1 unrevealed pokemon
INFO     	         scizor   technician    leftovers [bulletpunch, closecombat, defog, knockoff] ttype=steel
INFO     Sampling battle 8
INFO     	       cacturne  waterabsorb      lifeorb [knockoff, seedbomb, suckerpunch, swordsdance] ttype=poison
INFO     	        zoroark     illusion      lifeorb [darkpulse, nastyplot, psychic, sludgebomb] ttype=poison
INFO     	      charizard        blaze heavydutyboots [earthquake, flamethrower, hurricane, willowisp] ttype=fire
INFO     Sampling 1 unrevealed pokemon
INFO     	         lunala shadowshield    leftovers [calmmind, moongeistbeam, moonlight, psyshock] ttype=dark
INFO     Sampling battle 9
INFO     	       cacturne  waterabsorb      lifeorb [knockoff, seedbomb, suckerpunch, swordsdance] ttype=dark
INFO     	        zoroark     illusion      lifeorb [darkpulse, nastyplot, psychic, sludgebomb] ttype=poison
INFO     	      charizard        blaze heavydutyboots [earthquake, flamethrower, hurricane, willowisp] ttype=ground
INFO     Sampling 1 unrevealed pokemon
INFO     	    fluttermane protosynthesis  choicespecs [moonblast, mysticalfire, shadowball, thunderbolt] ttype=fairy
INFO     Sampling battle 10
INFO     	       cacturne  waterabsorb      lifeorb [knockoff, seedbomb, suckerpunch, swordsdance] ttype=dark
INFO     	        zoroark     illusion      lifeorb [darkpulse, focusblast, nastyplot, sludgebomb] ttype=poison
INFO     	      charizard        blaze heavydutyboots [flamethrower, focusblast, hurricane, willowisp] ttype=fire
INFO     Sampling 1 unrevealed pokemon
INFO     	     toedscruel myceliummight    leftovers [earthpower, gigadrain, rapidspin, toxic] ttype=water
INFO     Sampling battle 11
INFO     	       cacturne  waterabsorb      lifeorb [knockoff, seedbomb, suckerpunch, swordsdance] ttype=dark
INFO     	        zoroark     illusion      lifeorb [darkpulse, focusblast, nastyplot, sludgebomb] ttype=poison
INFO     	      charizard        blaze heavydutyboots [flamethrower, focusblast, hurricane, willowisp] ttype=dragon
INFO     Sampling 1 unrevealed pokemon
INFO     	ogerponcornerstone       sturdy cornerstonemask [ivycudgel, powerwhip, superpower, swordsdance] ttype=rock
INFO     Sampling battle 12
INFO     	       cacturne  waterabsorb      lifeorb [knockoff, seedbomb, suckerpunch, swordsdance] ttype=poison
INFO     	        zoroark     illusion      lifeorb [darkpulse, focusblast, nastyplot, sludgebomb] ttype=poison
INFO     	      charizard        blaze heavydutyboots [earthquake, flamethrower, focusblast, hurricane] ttype=fire
INFO     Sampling 1 unrevealed pokemon
INFO     	       sunflora  chlorophyll  choicespecs [dazzlinggleam, earthpower, leafstorm, sludgebomb] ttype=fairy
INFO     Sampling battle 13
INFO     	       cacturne  waterabsorb      lifeorb [knockoff, seedbomb, suckerpunch, swordsdance] ttype=dark
INFO     	        zoroark     illusion      lifeorb [darkpulse, nastyplot, psychic, sludgebomb] ttype=poison
INFO     	      charizard        blaze heavydutyboots [earthquake, flamethrower, focusblast, hurricane] ttype=ground
INFO     Sampling 1 unrevealed pokemon
INFO     	        wyrdeer   intimidate    leftovers [earthquake, megahorn, psychicnoise, thunderwave] ttype=ground
INFO     Sampling battle 14
INFO     	       cacturne  waterabsorb      lifeorb [knockoff, seedbomb, suckerpunch, swordsdance] ttype=poison
INFO     	        zoroark     illusion      lifeorb [darkpulse, focusblast, nastyplot, sludgebomb] ttype=poison
INFO     	      charizard        blaze heavydutyboots [earthquake, flamethrower, hurricane, willowisp] ttype=fire
INFO     Sampling 1 unrevealed pokemon
INFO     	       whiscash    oblivious      lifeorb [dragondance, earthquake, liquidation, stoneedge] ttype=steel
INFO     Sampling battle 15
INFO     	       cacturne  waterabsorb      lifeorb [knockoff, seedbomb, suckerpunch, swordsdance] ttype=poison
INFO     	        zoroark     illusion      lifeorb [darkpulse, nastyplot, psychic, sludgebomb] ttype=poison
INFO     	      charizard        blaze heavydutyboots [earthquake, flamethrower, focusblast, hurricane] ttype=fire
INFO     Sampling 1 unrevealed pokemon
INFO     	      regigigas    slowstart    leftovers [bodyslam, knockoff, rest, sleeptalk] ttype=ghost
INFO     Searching for a move using MCTS...
INFO     Sampling 16 battles at 500ms each
INFO     Choice: earthquake
INFO     Updated cacturne's max speed to 171
INFO     cacturne terastallized. Tera type: dark, Original types: ['grass', 'dark']
INFO     stonjourner already has the move earthquake. Decrementing the PP by 1
INFO     stonjourner used a ground move, removing groundgem from possible items
INFO     Setting stonjourner's last used move: earthquake
INFO     stonjourner used a damaging move - not guessing lifeorb anymore
INFO     stonjourner did 53.0% damage to cacturne with earthquake
INFO     Setting stonjourner's item to: lifeorb
INFO     cacturne used two different moves - it cannot have a choice item
INFO     cacturne used a grass move, removing grassgem from possible items
INFO     Setting cacturne's last used move: seedbomb
INFO     cacturne used a damaging move - not guessing lifeorb anymore
INFO     cacturne did 90.0% damage to stonjourner with seedbomb
INFO     Setting cacturne's item to: lifeorb
INFO     cacturne has less than maxhp during upkeep, no longer guessing leftovers or blacksludge
INFO     root priors (1): {'switch mew': 1.0}
INFO     Sampling battle 0
INFO     	       cacturne  waterabsorb      lifeorb [knockoff, seedbomb, suckerpunch, swordsdance] ttype=dark
INFO     	        zoroark     illusion      lifeorb [darkpulse, focusblast, nastyplot, sludgebomb] ttype=poison
INFO     	      charizard        blaze heavydutyboots [flamethrower, focusblast, hurricane, willowisp] ttype=dragon
INFO     Sampling 1 unrevealed pokemon
INFO     	         scizor   technician      lifeorb [bugbite, bulletpunch, knockoff, swordsdance] ttype=steel
INFO     Sampling battle 1
INFO     	       cacturne  waterabsorb      lifeorb [knockoff, seedbomb, suckerpunch, swordsdance] ttype=dark
INFO     	        zoroark     illusion      lifeorb [darkpulse, nastyplot, psychic, sludgebomb] ttype=poison
INFO     	      charizard        blaze heavydutyboots [earthquake, flamethrower, hurricane, willowisp] ttype=fire
INFO     Sampling 1 unrevealed pokemon
INFO     	         scizor   technician      lifeorb [bugbite, bulletpunch, knockoff, swordsdance] ttype=steel
INFO     Sampling battle 2
INFO     	       cacturne  waterabsorb      lifeorb [knockoff, seedbomb, suckerpunch, swordsdance] ttype=dark
INFO     	        zoroark     illusion      lifeorb [darkpulse, encore, nastyplot, sludgebomb] ttype=poison
INFO     	      charizard        blaze heavydutyboots [earthquake, flamethrower, focusblast, hurricane] ttype=ground
INFO     Sampling 1 unrevealed pokemon
INFO     	          hypno     insomnia    leftovers [encore, knockoff, psychicnoise, thunderwave] ttype=dark
INFO     Sampling battle 3
INFO     	       cacturne  waterabsorb      lifeorb [knockoff, seedbomb, suckerpunch, swordsdance] ttype=dark
INFO     	        zoroark     illusion      lifeorb [darkpulse, encore, nastyplot, sludgebomb] ttype=poison
INFO     	      charizard        blaze heavydutyboots [flamethrower, focusblast, hurricane, willowisp] ttype=dragon
INFO     Sampling 1 unrevealed pokemon
INFO     	        persian   technician    silkscarf [doubleedge, fakeout, knockoff, uturn] ttype=normal
INFO     Sampling battle 4
INFO     	       cacturne  waterabsorb      lifeorb [knockoff, seedbomb, suckerpunch, swordsdance] ttype=dark
INFO     	        zoroark     illusion      lifeorb [darkpulse, focusblast, nastyplot, sludgebomb] ttype=poison
INFO     	      charizard        blaze heavydutyboots [flamethrower, focusblast, hurricane, willowisp] ttype=fire
INFO     Sampling 1 unrevealed pokemon
INFO     	       mudsdale      stamina    leftovers [earthquake, heavyslam, roar, stealthrock] ttype=steel
INFO     Sampling battle 5
INFO     	       cacturne  waterabsorb      lifeorb [knockoff, seedbomb, suckerpunch, swordsdance] ttype=dark
INFO     	        zoroark     illusion      lifeorb [darkpulse, focusblast, nastyplot, sludgebomb] ttype=poison
INFO     	      charizard        blaze heavydutyboots [earthquake, flamethrower, hurricane, willowisp] ttype=ground
INFO     Sampling 1 unrevealed pokemon
INFO     	necrozmaduskmane   prismarmor weaknesspolicy [dragondance, earthquake, photongeyser, sunsteelstrike] ttype=water
INFO     Sampling battle 6
INFO     	       cacturne  waterabsorb      lifeorb [knockoff, seedbomb, suckerpunch, swordsdance] ttype=dark
INFO     	        zoroark     illusion      lifeorb [darkpulse, focusblast, nastyplot, sludgebomb] ttype=poison
INFO     	      charizard        blaze heavydutyboots [earthquake, flamethrower, hurricane, willowisp] ttype=fire
INFO     Sampling 1 unrevealed pokemon
INFO     	     forretress       sturdy    leftovers [bodypress, ironhead, rapidspin, stealthrock] ttype=water
INFO     Sampling battle 7
INFO     	       cacturne  waterabsorb      lifeorb [knockoff, seedbomb, suckerpunch, swordsdance] ttype=dark
INFO     	        zoroark     illusion      lifeorb [darkpulse, nastyplot, psychic, sludgebomb] ttype=poison
INFO     	      charizard        blaze heavydutyboots [earthquake, flamethrower, focusblast, hurricane] ttype=ground
INFO     Sampling 1 unrevealed pokemon
INFO     	       dachsbun wellbakedbody    leftovers [bodypress, playrough, protect, wish] ttype=steel
INFO     Sampling battle 8
INFO     	       cacturne  waterabsorb      lifeorb [knockoff, seedbomb, suckerpunch, swordsdance] ttype=dark
INFO     	        zoroark     illusion      lifeorb [darkpulse, encore, nastyplot, sludgebomb] ttype=poison
INFO     	      charizard        blaze heavydutyboots [earthquake, flamethrower, hurricane, willowisp] ttype=fire
INFO     Sampling 1 unrevealed pokemon
INFO     	    fezandipiti   toxicchain    leftovers [gunkshot, moonblast, roost, uturn] ttype=water
INFO     Sampling battle 9
INFO     	       cacturne  waterabsorb      lifeorb [knockoff, seedbomb, suckerpunch, swordsdance] ttype=dark
INFO     	        zoroark     illusion      lifeorb [darkpulse, focusblast, nastyplot, sludgebomb] ttype=poison
INFO     	      charizard        blaze heavydutyboots [earthquake, flamethrower, focusblast, hurricane] ttype=fire
INFO     Sampling 1 unrevealed pokemon
INFO     	       lycanroc     sandrush   choiceband [closecombat, crunch, psychicfangs, stoneedge] ttype=fighting
INFO     Sampling battle 10
INFO     	       cacturne  waterabsorb      lifeorb [knockoff, seedbomb, suckerpunch, swordsdance] ttype=dark
INFO     	        zoroark     illusion      lifeorb [darkpulse, focusblast, nastyplot, sludgebomb] ttype=poison
INFO     	      charizard        blaze heavydutyboots [earthquake, flamethrower, hurricane, willowisp] ttype=ground
INFO     Sampling 1 unrevealed pokemon
INFO     	      piloswine     thickfat     eviolite [earthquake, iciclecrash, roar, stealthrock] ttype=poison
INFO     Sampling battle 11
INFO     	       cacturne  waterabsorb      lifeorb [knockoff, seedbomb, suckerpunch, swordsdance] ttype=dark
INFO     	        zoroark     illusion      lifeorb [darkpulse, nastyplot, psychic, sludgebomb] ttype=poison
INFO     	      charizard        blaze heavydutyboots [earthquake, flamethrower, focusblast, hurricane] ttype=fire
INFO     Sampling 1 unrevealed pokemon
INFO     	         comfey       triage    leftovers [calmmind, drainingkiss, encore, terablast] ttype=ground
INFO     Sampling battle 12
INFO     	       cacturne  waterabsorb      lifeorb [knockoff, seedbomb, suckerpunch, swordsdance] ttype=dark
INFO     	        zoroark     illusion      lifeorb [darkpulse, nastyplot, psychic, sludgebomb] ttype=poison
INFO     	      charizard        blaze heavydutyboots [flamethrower, focusblast, hurricane, willowisp] ttype=dragon
INFO     Sampling 1 unrevealed pokemon
INFO     	       swampert         damp    leftovers [earthquake, knockoff, stealthrock, yawn] ttype=steel
INFO     Sampling battle 13
INFO     	       cacturne  waterabsorb      lifeorb [knockoff, seedbomb, suckerpunch, swordsdance] ttype=dark
INFO     	        zoroark     illusion      lifeorb [darkpulse, encore, nastyplot, sludgebomb] ttype=poison
INFO     	      charizard        blaze heavydutyboots [earthquake, flamethrower, hurricane, willowisp] ttype=fire
INFO     Sampling 1 unrevealed pokemon
INFO     	       glimmora  toxicdebris    powerherb [earthpower, energyball, meteorbeam, sludgewave] ttype=grass
INFO     Sampling battle 14
INFO     	       cacturne  waterabsorb      lifeorb [knockoff, seedbomb, suckerpunch, swordsdance] ttype=dark
INFO     	        zoroark     illusion      lifeorb [darkpulse, focusblast, nastyplot, sludgebomb] ttype=poison
INFO     	      charizard        blaze heavydutyboots [earthquake, flamethrower, hurricane, willowisp] ttype=dragon
INFO     Sampling 1 unrevealed pokemon
INFO     	       vaporeon  waterabsorb    leftovers [protect, roar, scald, wish] ttype=poison
INFO     Sampling battle 15
INFO     	       cacturne  waterabsorb      lifeorb [knockoff, seedbomb, suckerpunch, swordsdance] ttype=dark
INFO     	        zoroark     illusion      lifeorb [darkpulse, encore, nastyplot, sludgebomb] ttype=poison
INFO     	      charizard        blaze heavydutyboots [earthquake, flamethrower, focusblast, hurricane] ttype=fire
INFO     Sampling 1 unrevealed pokemon
INFO     	   basculegionf adaptability  choicespecs [flipturn, hydropump, icebeam, shadowball] ttype=water
INFO     Searching for a move using MCTS...
INFO     Sampling 16 battles at 500ms each
INFO     Choice: switch mew
INFO     mew switched in, adding intimidate to impossible abilities
INFO     mew switched in, adding pressure to impossible abilities
INFO     mew switched in, adding neutralizinggas to impossible abilities
INFO     mew switched in, adding sandstream to impossible abilities
INFO     mew switched in, adding drought to impossible abilities
INFO     mew switched in, adding drizzle to impossible abilities
INFO     mew switched in, adding snowwarning to impossible abilities
INFO     mew switched in, adding boosterenergy to impossible items
INFO     mew switched in, adding airballoon to impossible items
INFO     
INFO     Turn: 11
INFO     root priors (4): {'knockoff': 0.84, 'willowisp': 0.081, 'encore': 0.062, 'psychicnoise': 0.016}
INFO     Sampling battle 0
INFO     	       cacturne  waterabsorb      lifeorb [knockoff, seedbomb, suckerpunch, swordsdance] ttype=dark
INFO     	        zoroark     illusion      lifeorb [darkpulse, nastyplot, psychic, sludgebomb] ttype=poison
INFO     	      charizard        blaze heavydutyboots [earthquake, flamethrower, focusblast, hurricane] ttype=dragon
INFO     Sampling 1 unrevealed pokemon
INFO     	       quagsire      unaware    leftovers [earthquake, icebeam, recover, toxic] ttype=poison
INFO     Sampling battle 1
INFO     	       cacturne  waterabsorb      lifeorb [knockoff, seedbomb, suckerpunch, swordsdance] ttype=dark
INFO     	        zoroark     illusion      lifeorb [darkpulse, focusblast, nastyplot, sludgebomb] ttype=poison
INFO     	      charizard        blaze heavydutyboots [flamethrower, focusblast, hurricane, willowisp] ttype=dragon
INFO     Sampling 1 unrevealed pokemon
INFO     	         gogoat    sapsipper    leftovers [bulkup, earthquake, hornleech, milkdrink] ttype=ground
INFO     Sampling battle 2
INFO     	       cacturne  waterabsorb      lifeorb [knockoff, seedbomb, suckerpunch, swordsdance] ttype=dark
INFO     	        zoroark     illusion      lifeorb [darkpulse, focusblast, nastyplot, sludgebomb] ttype=poison
INFO     	      charizard        blaze heavydutyboots [earthquake, flamethrower, focusblast, hurricane] ttype=dragon
INFO     Sampling 1 unrevealed pokemon
INFO     	        jirachi  serenegrace    leftovers [drainpunch, ironhead, stealthrock, uturn] ttype=fighting
INFO     Sampling battle 3
INFO     	       cacturne  waterabsorb      lifeorb [knockoff, seedbomb, suckerpunch, swordsdance] ttype=dark
INFO     	        zoroark     illusion      lifeorb [darkpulse, focusblast, nastyplot, sludgebomb] ttype=poison
INFO     	      charizard        blaze heavydutyboots [earthquake, flamethrower, focusblast, hurricane] ttype=dragon
INFO     Sampling 1 unrevealed pokemon
INFO     	   weezinggalar     levitate    leftovers [defog, gunkshot, strangesteam, willowisp] ttype=steel
INFO     Sampling battle 4
INFO     	       cacturne  waterabsorb      lifeorb [knockoff, seedbomb, suckerpunch, swordsdance] ttype=dark
INFO     	        zoroark     illusion      lifeorb [darkpulse, encore, nastyplot, sludgebomb] ttype=poison
INFO     	      charizard        blaze heavydutyboots [earthquake, flamethrower, focusblast, hurricane] ttype=dragon
INFO     Sampling 1 unrevealed pokemon
INFO     	         gengar   cursedbody      lifeorb [focusblast, nastyplot, shadowball, sludgewave] ttype=dark
INFO     Sampling battle 5
INFO     	       cacturne  waterabsorb      lifeorb [knockoff, seedbomb, suckerpunch, swordsdance] ttype=dark
INFO     	        zoroark     illusion      lifeorb [darkpulse, focusblast, nastyplot, sludgebomb] ttype=poison
INFO     	      charizard        blaze heavydutyboots [earthquake, flamethrower, hurricane, willowisp] ttype=ground
INFO     Sampling 1 unrevealed pokemon
INFO     	       clefable      unaware    leftovers [calmmind, fireblast, moonblast, moonlight] ttype=steel
INFO     Sampling battle 6
INFO     	       cacturne  waterabsorb      lifeorb [knockoff, seedbomb, suckerpunch, swordsdance] ttype=dark
INFO     	        zoroark     illusion      lifeorb [darkpulse, encore, nastyplot, sludgebomb] ttype=poison
INFO     	      charizard        blaze heavydutyboots [earthquake, flamethrower, hurricane, willowisp] ttype=ground
INFO     Sampling 1 unrevealed pokemon
INFO     	      palossand watercompaction    leftovers [earthpower, shadowball, shoreup, stealthrock] ttype=poison
INFO     Sampling battle 7
INFO     	       cacturne  waterabsorb      lifeorb [knockoff, seedbomb, suckerpunch, swordsdance] ttype=dark
INFO     	        zoroark     illusion      lifeorb [darkpulse, nastyplot, psychic, sludgebomb] ttype=poison
INFO     	      charizard        blaze heavydutyboots [earthquake, flamethrower, hurricane, willowisp] ttype=fire
INFO     Sampling 1 unrevealed pokemon
INFO     	     houndstone       fluffy    leftovers [bodypress, poltergeist, rest, sleeptalk] ttype=fighting
INFO     Sampling battle 8
INFO     	       cacturne  waterabsorb      lifeorb [knockoff, seedbomb, suckerpunch, swordsdance] ttype=dark
INFO     	        zoroark     illusion      lifeorb [darkpulse, focusblast, nastyplot, sludgebomb] ttype=poison
INFO     	      charizard        blaze heavydutyboots [earthquake, flamethrower, hurricane, willowisp] ttype=ground
INFO     Sampling 1 unrevealed pokemon
INFO     	      metagross    clearbody weaknesspolicy [agility, earthquake, heavyslam, psychicfangs] ttype=ground
INFO     Sampling battle 9
INFO     	       cacturne  waterabsorb      lifeorb [knockoff, seedbomb, suckerpunch, swordsdance] ttype=dark
INFO     	        zoroark     illusion      lifeorb [darkpulse, encore, nastyplot, sludgebomb] ttype=poison
INFO     	      charizard        blaze heavydutyboots [earthquake, flamethrower, hurricane, willowisp] ttype=ground
INFO     Sampling 1 unrevealed pokemon
INFO     	necrozmadawnwings   prismarmor    leftovers [calmmind, moongeistbeam, moonlight, photongeyser] ttype=fairy
INFO     Sampling battle 10
INFO     	       cacturne  waterabsorb      lifeorb [knockoff, seedbomb, suckerpunch, swordsdance] ttype=dark
INFO     	        zoroark     illusion      lifeorb [darkpulse, focusblast, nastyplot, sludgebomb] ttype=poison
INFO     	      charizard        blaze heavydutyboots [flamethrower, focusblast, hurricane, willowisp] ttype=fire
INFO     Sampling 1 unrevealed pokemon
INFO     	         phione    hydration    leftovers [rest, scald, sleeptalk, takeheart] ttype=steel
INFO     Sampling battle 11
INFO     	       cacturne  waterabsorb      lifeorb [knockoff, seedbomb, suckerpunch, swordsdance] ttype=dark
INFO     	        zoroark     illusion      lifeorb [darkpulse, nastyplot, psychic, sludgebomb] ttype=poison
INFO     	      charizard        blaze heavydutyboots [flamethrower, focusblast, hurricane, willowisp] ttype=fire
INFO     Sampling 1 unrevealed pokemon
INFO     	       clefable   magicguard      lifeorb [fireblast, moonblast, moonlight, thunderwave] ttype=steel
INFO     Sampling battle 12
INFO     	       cacturne  waterabsorb      lifeorb [knockoff, seedbomb, suckerpunch, swordsdance] ttype=dark
INFO     	        zoroark     illusion      lifeorb [darkpulse, focusblast, nastyplot, sludgebomb] ttype=poison
INFO     	      charizard        blaze heavydutyboots [earthquake, flamethrower, hurricane, willowisp] ttype=ground
INFO     Sampling 1 unrevealed pokemon
INFO     	        persian       limber   choiceband [doubleedge, knockoff, switcheroo, uturn] ttype=normal
INFO     Sampling battle 13
INFO     	       cacturne  waterabsorb      lifeorb [knockoff, seedbomb, suckerpunch, swordsdance] ttype=dark
INFO     	        zoroark     illusion      lifeorb [darkpulse, focusblast, nastyplot, sludgebomb] ttype=poison
INFO     	      charizard        blaze heavydutyboots [earthquake, flamethrower, hurricane, willowisp] ttype=ground
INFO     Sampling 1 unrevealed pokemon
INFO     	    arceusghost    multitype  spookyplate [focusblast, judgment, recover, willowisp] ttype=fighting
INFO     Sampling battle 14
INFO     	       cacturne  waterabsorb      lifeorb [knockoff, seedbomb, suckerpunch, swordsdance] ttype=dark
INFO     	        zoroark     illusion      lifeorb [darkpulse, focusblast, nastyplot, sludgebomb] ttype=poison
INFO     	      charizard        blaze heavydutyboots [flamethrower, focusblast, hurricane, willowisp] ttype=fire
INFO     Sampling 1 unrevealed pokemon
INFO     	      mismagius     levitate    leftovers [nastyplot, shadowball, substitute, terablast] ttype=fighting
INFO     Sampling battle 15
INFO     	       cacturne  waterabsorb      lifeorb [knockoff, seedbomb, suckerpunch, swordsdance] ttype=dark
INFO     	        zoroark     illusion      lifeorb [darkpulse, nastyplot, psychic, sludgebomb] ttype=poison
INFO     	      charizard        blaze heavydutyboots [flamethrower, focusblast, hurricane, willowisp] ttype=fire
INFO     Sampling 1 unrevealed pokemon
INFO     	          arbok   intimidate    leftovers [coil, earthquake, gunkshot, suckerpunch] ttype=ground
INFO     Searching for a move using MCTS...
INFO     Sampling 16 battles at 500ms each
INFO     Choice: encore
INFO     cacturne used two different moves - it cannot have a choice item
INFO     cacturne used a dark move, removing darkgem from possible items
INFO     Setting cacturne's last used move: suckerpunch
INFO     cacturne used a damaging move - not guessing lifeorb anymore
INFO     mew already has the move encore. Decrementing the PP by 1
INFO     mew used a status-move. Adding `assaultvest` to impossible items
INFO     Setting mew's last used move: encore
INFO     Starting the volatile status encore on cacturne
INFO     cacturne has less than maxhp during upkeep, no longer guessing leftovers or blacksludge
INFO     
INFO     Turn: 12
INFO     root priors (4): {'knockoff': 0.665, 'willowisp': 0.294, 'encore': 0.021, 'psychicnoise': 0.02}
INFO     Sampling battle 0
INFO     	       cacturne  waterabsorb      lifeorb [knockoff, seedbomb, suckerpunch, swordsdance] ttype=dark
INFO     	        zoroark     illusion      lifeorb [darkpulse, focusblast, nastyplot, sludgebomb] ttype=poison
INFO     	      charizard        blaze heavydutyboots [earthquake, flamethrower, focusblast, hurricane] ttype=ground
INFO     Sampling 1 unrevealed pokemon
INFO     	            muk  poisontouch  assaultvest [drainpunch, gunkshot, knockoff, shadowsneak] ttype=dark
INFO     Sampling battle 1
INFO     	       cacturne  waterabsorb      lifeorb [knockoff, seedbomb, suckerpunch, swordsdance] ttype=dark
INFO     	        zoroark     illusion      lifeorb [darkpulse, encore, nastyplot, sludgebomb] ttype=poison
INFO     	      charizard        blaze heavydutyboots [earthquake, flamethrower, focusblast, hurricane] ttype=dragon
INFO     Sampling 1 unrevealed pokemon
INFO     	      rhyperior    solidrock   choiceband [earthquake, icepunch, megahorn, stoneedge] ttype=steel
INFO     Sampling battle 2
INFO     	       cacturne  waterabsorb      lifeorb [knockoff, seedbomb, suckerpunch, swordsdance] ttype=dark
INFO     	        zoroark     illusion      lifeorb [darkpulse, nastyplot, psychic, sludgebomb] ttype=poison
INFO     	      charizard        blaze heavydutyboots [earthquake, flamethrower, focusblast, hurricane] ttype=ground
INFO     Sampling 1 unrevealed pokemon
INFO     	   arceusground    multitype   earthplate [calmmind, fireblast, judgment, recover] ttype=ground
INFO     Sampling battle 3
INFO     	       cacturne  waterabsorb      lifeorb [knockoff, seedbomb, suckerpunch, swordsdance] ttype=dark
INFO     	        zoroark     illusion      lifeorb [darkpulse, encore, nastyplot, sludgebomb] ttype=poison
INFO     	      charizard        blaze heavydutyboots [earthquake, flamethrower, focusblast, hurricane] ttype=ground
INFO     Sampling 1 unrevealed pokemon
INFO     	        milotic  competitive    leftovers [haze, icebeam, recover, scald] ttype=steel
INFO     Sampling battle 4
INFO     	       cacturne  waterabsorb      lifeorb [knockoff, seedbomb, suckerpunch, swordsdance] ttype=dark
INFO     	        zoroark     illusion      lifeorb [darkpulse, focusblast, nastyplot, sludgebomb] ttype=poison
INFO     	      charizard        blaze heavydutyboots [earthquake, flamethrower, focusblast, hurricane] ttype=ground
INFO     Sampling 1 unrevealed pokemon
INFO     	        banette     insomnia      lifeorb [gunkshot, poltergeist, shadowsneak, thunderwave] ttype=poison
INFO     Sampling battle 5
INFO     	       cacturne  waterabsorb      lifeorb [knockoff, seedbomb, suckerpunch, swordsdance] ttype=dark
INFO     	        zoroark     illusion      lifeorb [darkpulse, nastyplot, psychic, sludgebomb] ttype=poison
INFO     	      charizard        blaze heavydutyboots [flamethrower, focusblast, hurricane, willowisp] ttype=fire
INFO     Sampling 1 unrevealed pokemon
INFO     	       chimecho     levitate    leftovers [calmmind, dazzlinggleam, psyshock, recover] ttype=electric
INFO     Sampling battle 6
INFO     	       cacturne  waterabsorb      lifeorb [knockoff, seedbomb, suckerpunch, swordsdance] ttype=dark
INFO     	        zoroark     illusion      lifeorb [darkpulse, encore, nastyplot, sludgebomb] ttype=poison
INFO     	      charizard        blaze heavydutyboots [flamethrower, focusblast, hurricane, willowisp] ttype=dragon
INFO     Sampling 1 unrevealed pokemon
INFO     	          minun   voltabsorb      lifeorb [encore, grassknot, nastyplot, thunderbolt] ttype=grass
INFO     Sampling battle 7
INFO     	       cacturne  waterabsorb      lifeorb [knockoff, seedbomb, suckerpunch, swordsdance] ttype=dark
INFO     	        zoroark     illusion      lifeorb [darkpulse, encore, nastyplot, sludgebomb] ttype=poison
INFO     	      charizard        blaze heavydutyboots [earthquake, flamethrower, focusblast, hurricane] ttype=fire
INFO     Sampling 1 unrevealed pokemon
INFO     	       rotommow     levitate  choicescarf [leafstorm, thunderbolt, trick, voltswitch] ttype=grass
INFO     Sampling battle 8
INFO     	       cacturne  waterabsorb      lifeorb [knockoff, seedbomb, suckerpunch, swordsdance] ttype=dark
INFO     	        zoroark     illusion      lifeorb [darkpulse, focusblast, nastyplot, sludgebomb] ttype=poison
INFO     	      charizard        blaze heavydutyboots [flamethrower, focusblast, hurricane, willowisp] ttype=fire
INFO     Sampling 1 unrevealed pokemon
INFO     	       inteleon      torrent  choicespecs [hydropump, icebeam, scald, uturn] ttype=water
INFO     Sampling battle 9
INFO     	       cacturne  waterabsorb      lifeorb [knockoff, seedbomb, suckerpunch, swordsdance] ttype=dark
INFO     	        zoroark     illusion      lifeorb [darkpulse, encore, nastyplot, sludgebomb] ttype=poison
INFO     	      charizard        blaze heavydutyboots [earthquake, flamethrower, hurricane, willowisp] ttype=dragon
INFO     Sampling 1 unrevealed pokemon
INFO     	        drednaw   shellarmor    whiteherb [earthquake, liquidation, shellsmash, stoneedge] ttype=water
INFO     Sampling battle 10
INFO     	       cacturne  waterabsorb      lifeorb [knockoff, seedbomb, suckerpunch, swordsdance] ttype=dark
INFO     	        zoroark     illusion      lifeorb [darkpulse, encore, nastyplot, sludgebomb] ttype=poison
INFO     	      charizard        blaze heavydutyboots [earthquake, flamethrower, focusblast, hurricane] ttype=ground
INFO     Sampling 1 unrevealed pokemon
INFO     	        slaking       truant   choiceband [doubleedge, earthquake, gigaimpact, knockoff] ttype=ghost
INFO     Sampling battle 11
INFO     	       cacturne  waterabsorb      lifeorb [knockoff, seedbomb, suckerpunch, swordsdance] ttype=dark
INFO     	        zoroark     illusion      lifeorb [darkpulse, focusblast, nastyplot, sludgebomb] ttype=poison
INFO     	      charizard        blaze heavydutyboots [earthquake, flamethrower, hurricane, willowisp] ttype=ground
INFO     Sampling 1 unrevealed pokemon
INFO     	          golem       sturdy weaknesspolicy [earthquake, explosion, rockpolish, stoneedge] ttype=steel
INFO     Sampling battle 12
INFO     	       cacturne  waterabsorb      lifeorb [knockoff, seedbomb, suckerpunch, swordsdance] ttype=dark
INFO     	        zoroark     illusion      lifeorb [darkpulse, focusblast, nastyplot, sludgebomb] ttype=poison
INFO     	      charizard        blaze heavydutyboots [earthquake, flamethrower, hurricane, willowisp] ttype=ground
INFO     Sampling 1 unrevealed pokemon
INFO     	    ironboulder   quarkdrive      lifeorb [closecombat, mightycleave, swordsdance, zenheadbutt] ttype=fighting
INFO     Sampling battle 13
INFO     	       cacturne  waterabsorb      lifeorb [knockoff, seedbomb, suckerpunch, swordsdance] ttype=dark
INFO     	        zoroark     illusion      lifeorb [darkpulse, focusblast, nastyplot, sludgebomb] ttype=poison
INFO     	      charizard        blaze heavydutyboots [earthquake, flamethrower, hurricane, willowisp] ttype=dragon
INFO     Sampling 1 unrevealed pokemon
INFO     	       greedent   cheekpouch  sitrusberry [doubleedge, earthquake, knockoff, swordsdance] ttype=ghost
INFO     Sampling battle 14
INFO     	       cacturne  waterabsorb      lifeorb [knockoff, seedbomb, suckerpunch, swordsdance] ttype=dark
INFO     	        zoroark     illusion      lifeorb [darkpulse, nastyplot, psychic, sludgebomb] ttype=poison
INFO     	      charizard        blaze heavydutyboots [earthquake, flamethrower, hurricane, willowisp] ttype=ground
INFO     Sampling 1 unrevealed pokemon
INFO     	     toedscruel myceliummight  assaultvest [earthpower, knockoff, leafstorm, rapidspin] ttype=water
INFO     Sampling battle 15
INFO     	       cacturne  waterabsorb      lifeorb [knockoff, seedbomb, suckerpunch, swordsdance] ttype=dark
INFO     	        zoroark     illusion      lifeorb [darkpulse, encore, nastyplot, sludgebomb] ttype=poison
INFO     	      charizard        blaze heavydutyboots [earthquake, flamethrower, hurricane, willowisp] ttype=ground
INFO     Sampling 1 unrevealed pokemon
INFO     	      magnezone   magnetpull  assaultvest [discharge, flashcannon, mirrorcoat, voltswitch] ttype=flying
INFO     Searching for a move using MCTS...
INFO     Sampling 16 battles at 500ms each
INFO     Choice: psychicnoise
INFO     Opponent has switched - clearing the last used move
INFO     deoxysdefense switched in, adding intimidate to impossible abilities
INFO     deoxysdefense switched in, adding pressure to impossible abilities
INFO     deoxysdefense switched in, adding neutralizinggas to impossible abilities
INFO     deoxysdefense switched in, adding sandstream to impossible abilities
INFO     deoxysdefense switched in, adding drought to impossible abilities
INFO     deoxysdefense switched in, adding drizzle to impossible abilities
INFO     deoxysdefense switched in, adding snowwarning to impossible abilities
INFO     deoxysdefense switched in, adding boosterenergy to impossible items
INFO     deoxysdefense switched in, adding airballoon to impossible items
INFO     mew already has the move psychicnoise. Decrementing the PP by 1
INFO     mew used a psychic move, removing psychicgem from possible items
INFO     Setting mew's last used move: psychicnoise
INFO     mew used a damaging move - not guessing lifeorb anymore
INFO     deoxysdefense was immune to psychicnoise when it shouldn't be - it is zoroark
INFO     zoroark has less than maxhp during upkeep, no longer guessing leftovers or blacksludge
INFO     
INFO     Turn: 13
INFO     root priors (4): {'knockoff': 0.784, 'willowisp': 0.106, 'psychicnoise': 0.098, 'encore': 0.012}
INFO     Sampling battle 0
INFO     	        zoroark     illusion      lifeorb [darkpulse, focusblast, nastyplot, sludgebomb] ttype=poison
INFO     	      charizard        blaze heavydutyboots [earthquake, flamethrower, focusblast, hurricane] ttype=dragon
INFO     	       cacturne  waterabsorb      lifeorb [knockoff, seedbomb, suckerpunch, swordsdance] ttype=dark
INFO     	  deoxysdefense     pressure    leftovers [cosmicpower, nightshade, recover, storedpower] ttype=steel
INFO     Sampling battle 1
INFO     	        zoroark     illusion      lifeorb [darkpulse, focusblast, nastyplot, sludgebomb] ttype=poison
INFO     	      charizard        blaze heavydutyboots [earthquake, flamethrower, focusblast, hurricane] ttype=dragon
INFO     	       cacturne  waterabsorb      lifeorb [knockoff, seedbomb, suckerpunch, swordsdance] ttype=dark
INFO     	  deoxysdefense     pressure    leftovers [cosmicpower, nightshade, recover, storedpower] ttype=steel
INFO     Sampling battle 2
INFO     	        zoroark     illusion      lifeorb [darkpulse, encore, nastyplot, sludgebomb] ttype=poison
INFO     	      charizard        blaze heavydutyboots [flamethrower, focusblast, hurricane, willowisp] ttype=dragon
INFO     	       cacturne  waterabsorb      lifeorb [knockoff, seedbomb, suckerpunch, swordsdance] ttype=dark
INFO     	  deoxysdefense     pressure  rockyhelmet [knockoff, psychicnoise, recover, teleport] ttype=dark
INFO     Sampling battle 3
INFO     	        zoroark     illusion      lifeorb [darkpulse, focusblast, nastyplot, sludgebomb] ttype=poison
INFO     	      charizard        blaze heavydutyboots [flamethrower, focusblast, hurricane, willowisp] ttype=fire
INFO     	       cacturne  waterabsorb      lifeorb [knockoff, seedbomb, suckerpunch, swordsdance] ttype=dark
INFO     	  deoxysdefense     pressure  rockyhelmet [psychicnoise, recover, stealthrock, teleport] ttype=steel
INFO     Sampling battle 4
INFO     	        zoroark     illusion      lifeorb [darkpulse, nastyplot, psychic, sludgebomb] ttype=poison
INFO     	      charizard        blaze heavydutyboots [earthquake, flamethrower, hurricane, willowisp] ttype=ground
INFO     	       cacturne  waterabsorb      lifeorb [knockoff, seedbomb, suckerpunch, swordsdance] ttype=dark
INFO     	  deoxysdefense     pressure  rockyhelmet [psychicnoise, recover, stealthrock, teleport] ttype=fairy
INFO     Sampling battle 5
INFO     	        zoroark     illusion      lifeorb [darkpulse, nastyplot, psychic, sludgebomb] ttype=poison
INFO     	      charizard        blaze heavydutyboots [flamethrower, focusblast, hurricane, willowisp] ttype=dragon
INFO     	       cacturne  waterabsorb      lifeorb [knockoff, seedbomb, suckerpunch, swordsdance] ttype=dark
INFO     	  deoxysdefense     pressure    leftovers [psychicnoise, recover, spikes, teleport] ttype=dark
INFO     Sampling battle 6
INFO     	        zoroark     illusion      lifeorb [darkpulse, focusblast, nastyplot, sludgebomb] ttype=poison
INFO     	      charizard        blaze heavydutyboots [earthquake, flamethrower, focusblast, hurricane] ttype=ground
INFO     	       cacturne  waterabsorb      lifeorb [knockoff, seedbomb, suckerpunch, swordsdance] ttype=dark
INFO     	  deoxysdefense     pressure  rockyhelmet [psychicnoise, recover, spikes, teleport] ttype=dark
INFO     Sampling battle 7
INFO     	        zoroark     illusion      lifeorb [darkpulse, focusblast, nastyplot, sludgebomb] ttype=poison
INFO     	      charizard        blaze heavydutyboots [earthquake, flamethrower, focusblast, hurricane] ttype=fire
INFO     	       cacturne  waterabsorb      lifeorb [knockoff, seedbomb, suckerpunch, swordsdance] ttype=dark
INFO     	  deoxysdefense     pressure    leftovers [knockoff, psychicnoise, recover, teleport] ttype=dark
INFO     Sampling battle 8
INFO     	        zoroark     illusion      lifeorb [darkpulse, nastyplot, psychic, sludgebomb] ttype=poison
INFO     	      charizard        blaze heavydutyboots [flamethrower, focusblast, hurricane, willowisp] ttype=fire
INFO     	       cacturne  waterabsorb      lifeorb [knockoff, seedbomb, suckerpunch, swordsdance] ttype=dark
INFO     	  deoxysdefense     pressure    leftovers [cosmicpower, nightshade, recover, storedpower] ttype=steel
INFO     Sampling battle 9
INFO     	        zoroark     illusion      lifeorb [darkpulse, focusblast, nastyplot, sludgebomb] ttype=poison
INFO     	      charizard        blaze heavydutyboots [earthquake, flamethrower, hurricane, willowisp] ttype=dragon
INFO     	       cacturne  waterabsorb      lifeorb [knockoff, seedbomb, suckerpunch, swordsdance] ttype=dark
INFO     	  deoxysdefense     pressure    leftovers [cosmicpower, nightshade, recover, storedpower] ttype=steel
INFO     Sampling battle 10
INFO     	        zoroark     illusion      lifeorb [darkpulse, nastyplot, psychic, sludgebomb] ttype=poison
INFO     	      charizard        blaze heavydutyboots [earthquake, flamethrower, focusblast, hurricane] ttype=dragon
INFO     	       cacturne  waterabsorb      lifeorb [knockoff, seedbomb, suckerpunch, swordsdance] ttype=dark
INFO     	  deoxysdefense     pressure    leftovers [cosmicpower, nightshade, recover, storedpower] ttype=steel
INFO     Sampling battle 11
INFO     	        zoroark     illusion      lifeorb [darkpulse, nastyplot, psychic, sludgebomb] ttype=poison
INFO     	      charizard        blaze heavydutyboots [earthquake, flamethrower, hurricane, willowisp] ttype=ground
INFO     	       cacturne  waterabsorb      lifeorb [knockoff, seedbomb, suckerpunch, swordsdance] ttype=dark
INFO     	  deoxysdefense     pressure    leftovers [cosmicpower, nightshade, recover, storedpower] ttype=steel
INFO     Sampling battle 12
INFO     	        zoroark     illusion      lifeorb [darkpulse, encore, nastyplot, sludgebomb] ttype=poison
INFO     	      charizard        blaze heavydutyboots [flamethrower, focusblast, hurricane, willowisp] ttype=dragon
INFO     	       cacturne  waterabsorb      lifeorb [knockoff, seedbomb, suckerpunch, swordsdance] ttype=dark
INFO     	  deoxysdefense     pressure    leftovers [cosmicpower, nightshade, recover, storedpower] ttype=steel
INFO     Sampling battle 13
INFO     	        zoroark     illusion      lifeorb [darkpulse, encore, nastyplot, sludgebomb] ttype=poison
INFO     	      charizard        blaze heavydutyboots [earthquake, flamethrower, focusblast, hurricane] ttype=dragon
INFO     	       cacturne  waterabsorb      lifeorb [knockoff, seedbomb, suckerpunch, swordsdance] ttype=dark
INFO     	  deoxysdefense     pressure    leftovers [cosmicpower, nightshade, recover, storedpower] ttype=steel
INFO     Sampling battle 14
INFO     	        zoroark     illusion      lifeorb [darkpulse, focusblast, nastyplot, sludgebomb] ttype=poison
INFO     	      charizard        blaze heavydutyboots [earthquake, flamethrower, hurricane, willowisp] ttype=dragon
INFO     	       cacturne  waterabsorb      lifeorb [knockoff, seedbomb, suckerpunch, swordsdance] ttype=dark
INFO     	  deoxysdefense     pressure    leftovers [cosmicpower, nightshade, recover, storedpower] ttype=steel
INFO     Sampling battle 15
INFO     	        zoroark     illusion      lifeorb [darkpulse, nastyplot, psychic, sludgebomb] ttype=poison
INFO     	      charizard        blaze heavydutyboots [earthquake, flamethrower, hurricane, willowisp] ttype=ground
INFO     	       cacturne  waterabsorb      lifeorb [knockoff, seedbomb, suckerpunch, swordsdance] ttype=dark
INFO     	  deoxysdefense     pressure    leftovers [cosmicpower, nightshade, recover, storedpower] ttype=steel
INFO     Searching for a move using MCTS...
INFO     Sampling 16 battles at 500ms each
INFO     Choice: encore
INFO     zoroark used a dark move, removing darkgem from possible items
INFO     Setting zoroark's last used move: darkpulse
INFO     zoroark used a damaging move - not guessing lifeorb anymore
INFO     zoroark did 75.84% damage to mew with darkpulse
INFO     Setting zoroark's item to: lifeorb
INFO     Setting mew's item to: leftovers
INFO     zoroark has less than maxhp during upkeep, no longer guessing leftovers or blacksludge
INFO     
INFO     Turn: 14
INFO     root priors (4): {'knockoff': 0.598, 'willowisp': 0.167, 'psychicnoise': 0.158, 'encore': 0.077}
INFO     Sampling battle 0
INFO     	        zoroark     illusion      lifeorb [darkpulse, focusblast, nastyplot, sludgebomb] ttype=poison
INFO     	      charizard        blaze heavydutyboots [earthquake, flamethrower, hurricane, willowisp] ttype=ground
INFO     	       cacturne  waterabsorb      lifeorb [knockoff, seedbomb, suckerpunch, swordsdance] ttype=dark
INFO     	  deoxysdefense     pressure    leftovers [cosmicpower, nightshade, recover, storedpower] ttype=steel
INFO     Sampling battle 1
INFO     	        zoroark     illusion      lifeorb [darkpulse, nastyplot, psychic, sludgebomb] ttype=poison
INFO     	      charizard        blaze heavydutyboots [earthquake, flamethrower, focusblast, hurricane] ttype=dragon
INFO     	       cacturne  waterabsorb      lifeorb [knockoff, seedbomb, suckerpunch, swordsdance] ttype=dark
INFO     	  deoxysdefense     pressure  rockyhelmet [psychicnoise, recover, stealthrock, teleport] ttype=dark
INFO     Sampling battle 2
INFO     	        zoroark     illusion      lifeorb [darkpulse, focusblast, nastyplot, sludgebomb] ttype=poison
INFO     	      charizard        blaze heavydutyboots [earthquake, flamethrower, focusblast, hurricane] ttype=dragon
INFO     	       cacturne  waterabsorb      lifeorb [knockoff, seedbomb, suckerpunch, swordsdance] ttype=dark
INFO     	  deoxysdefense     pressure    leftovers [cosmicpower, nightshade, recover, storedpower] ttype=steel
INFO     Sampling battle 3
INFO     	        zoroark     illusion      lifeorb [darkpulse, focusblast, nastyplot, sludgebomb] ttype=poison
INFO     	      charizard        blaze heavydutyboots [earthquake, flamethrower, hurricane, willowisp] ttype=ground
INFO     	       cacturne  waterabsorb      lifeorb [knockoff, seedbomb, suckerpunch, swordsdance] ttype=dark
INFO     	  deoxysdefense     pressure    leftovers [cosmicpower, nightshade, recover, storedpower] ttype=steel
INFO     Sampling battle 4
INFO     	        zoroark     illusion      lifeorb [darkpulse, focusblast, nastyplot, sludgebomb] ttype=poison
INFO     	      charizard        blaze heavydutyboots [flamethrower, focusblast, hurricane, willowisp] ttype=fire
INFO     	       cacturne  waterabsorb      lifeorb [knockoff, seedbomb, suckerpunch, swordsdance] ttype=dark
INFO     	  deoxysdefense     pressure    leftovers [knockoff, psychicnoise, recover, spikes] ttype=steel
INFO     Sampling battle 5
INFO     	        zoroark     illusion      lifeorb [darkpulse, focusblast, nastyplot, sludgebomb] ttype=poison
INFO     	      charizard        blaze heavydutyboots [earthquake, flamethrower, focusblast, hurricane] ttype=fire
INFO     	       cacturne  waterabsorb      lifeorb [knockoff, seedbomb, suckerpunch, swordsdance] ttype=dark
INFO     	  deoxysdefense     pressure    leftovers [cosmicpower, nightshade, recover, storedpower] ttype=steel
INFO     Sampling battle 6
INFO     	        zoroark     illusion      lifeorb [darkpulse, encore, nastyplot, sludgebomb] ttype=poison
INFO     	      charizard        blaze heavydutyboots [flamethrower, focusblast, hurricane, willowisp] ttype=fire
INFO     	       cacturne  waterabsorb      lifeorb [knockoff, seedbomb, suckerpunch, swordsdance] ttype=dark
INFO     	  deoxysdefense     pressure  rockyhelmet [knockoff, psychicnoise, recover, stealthrock] ttype=fairy
INFO     Sampling battle 7
INFO     	        zoroark     illusion      lifeorb [darkpulse, encore, nastyplot, sludgebomb] ttype=poison
INFO     	      charizard        blaze heavydutyboots [earthquake, flamethrower, focusblast, hurricane] ttype=ground
INFO     	       cacturne  waterabsorb      lifeorb [knockoff, seedbomb, suckerpunch, swordsdance] ttype=dark
INFO     	  deoxysdefense     pressure    leftovers [cosmicpower, nightshade, recover, storedpower] ttype=steel
INFO     Sampling battle 8
INFO     	        zoroark     illusion      lifeorb [darkpulse, encore, nastyplot, sludgebomb] ttype=poison
INFO     	      charizard        blaze heavydutyboots [earthquake, flamethrower, hurricane, willowisp] ttype=fire
INFO     	       cacturne  waterabsorb      lifeorb [knockoff, seedbomb, suckerpunch, swordsdance] ttype=dark
INFO     	  deoxysdefense     pressure    leftovers [cosmicpower, nightshade, recover, storedpower] ttype=steel
INFO     Sampling battle 9
INFO     	        zoroark     illusion      lifeorb [darkpulse, nastyplot, psychic, sludgebomb] ttype=poison
INFO     	      charizard        blaze heavydutyboots [flamethrower, focusblast, hurricane, willowisp] ttype=fire
INFO     	       cacturne  waterabsorb      lifeorb [knockoff, seedbomb, suckerpunch, swordsdance] ttype=dark
INFO     	  deoxysdefense     pressure    leftovers [psychicnoise, recover, spikes, stealthrock] ttype=steel
INFO     Sampling battle 10
INFO     	        zoroark     illusion      lifeorb [darkpulse, encore, nastyplot, sludgebomb] ttype=poison
INFO     	      charizard        blaze heavydutyboots [earthquake, flamethrower, focusblast, hurricane] ttype=ground
INFO     	       cacturne  waterabsorb      lifeorb [knockoff, seedbomb, suckerpunch, swordsdance] ttype=dark
INFO     	  deoxysdefense     pressure    leftovers [cosmicpower, nightshade, recover, storedpower] ttype=steel
INFO     Sampling battle 11
INFO     	        zoroark     illusion      lifeorb [darkpulse, focusblast, nastyplot, sludgebomb] ttype=poison
INFO     	      charizard        blaze heavydutyboots [flamethrower, focusblast, hurricane, willowisp] ttype=dragon
INFO     	       cacturne  waterabsorb      lifeorb [knockoff, seedbomb, suckerpunch, swordsdance] ttype=dark
INFO     	  deoxysdefense     pressure  rockyhelmet [knockoff, psychicnoise, recover, stealthrock] ttype=fairy
INFO     Sampling battle 12
INFO     	        zoroark     illusion      lifeorb [darkpulse, encore, nastyplot, sludgebomb] ttype=poison
INFO     	      charizard        blaze heavydutyboots [earthquake, flamethrower, focusblast, hurricane] ttype=fire
INFO     	       cacturne  waterabsorb      lifeorb [knockoff, seedbomb, suckerpunch, swordsdance] ttype=dark
INFO     	  deoxysdefense     pressure    leftovers [psychicnoise, recover, spikes, stealthrock] ttype=fairy
INFO     Sampling battle 13
INFO     	        zoroark     illusion      lifeorb [darkpulse, focusblast, nastyplot, sludgebomb] ttype=poison
INFO     	      charizard        blaze heavydutyboots [earthquake, flamethrower, hurricane, willowisp] ttype=ground
INFO     	       cacturne  waterabsorb      lifeorb [knockoff, seedbomb, suckerpunch, swordsdance] ttype=dark
INFO     	  deoxysdefense     pressure    leftovers [cosmicpower, nightshade, recover, storedpower] ttype=steel
INFO     Sampling battle 14
INFO     	        zoroark     illusion      lifeorb [darkpulse, nastyplot, psychic, sludgebomb] ttype=poison
INFO     	      charizard        blaze heavydutyboots [earthquake, flamethrower, focusblast, hurricane] ttype=dragon
INFO     	       cacturne  waterabsorb      lifeorb [knockoff, seedbomb, suckerpunch, swordsdance] ttype=dark
INFO     	  deoxysdefense     pressure  rockyhelmet [psychicnoise, recover, spikes, teleport] ttype=fairy
INFO     Sampling battle 15
INFO     	        zoroark     illusion      lifeorb [darkpulse, nastyplot, psychic, sludgebomb] ttype=poison
INFO     	      charizard        blaze heavydutyboots [earthquake, flamethrower, focusblast, hurricane] ttype=dragon
INFO     	       cacturne  waterabsorb      lifeorb [knockoff, seedbomb, suckerpunch, swordsdance] ttype=dark
INFO     	  deoxysdefense     pressure  rockyhelmet [knockoff, psychicnoise, recover, spikes] ttype=fairy
INFO     Searching for a move using MCTS...
INFO     Sampling 16 battles at 500ms each
INFO     Choice: encore
INFO     Winner: lg00x170c81d
INFO     Lost with team: None
INFO     W: 0	L: 1
