DEBUG PRIOR_SERVER=http://127.0.0.1:9024
DEBUG OPP_PRIORS_ONLY=not set
INFO     Logging in (local server bypass)...
INFO     Successfully logged in
INFO     Challenging lg00y0449e9a...
INFO     Initialized battle-gen9randombattle-6062 against: lg00y0449e9a
INFO     Loaded from cache: /Users/alityb/projects/metagross/srcs/vendor/foul-play/data/pkmn_sets_cache/gen9randombattle.json
INFO     Opponent has switched - clearing the last used move
INFO     chiyu switched in, adding intimidate to impossible abilities
INFO     chiyu switched in, adding pressure to impossible abilities
INFO     chiyu switched in, adding neutralizinggas to impossible abilities
INFO     chiyu switched in, adding sandstream to impossible abilities
INFO     chiyu switched in, adding drought to impossible abilities
INFO     chiyu switched in, adding drizzle to impossible abilities
INFO     chiyu switched in, adding snowwarning to impossible abilities
INFO     chiyu switched in, adding boosterenergy to impossible items
INFO     chiyu switched in, adding airballoon to impossible items
INFO     Setting chiyu's ability to beadsofruin
INFO     
INFO     Turn: 1
INFO     root priors (13): {'closecombat': 0.735, 'closecombat-tera': 0.146, 'relicsong': 0.048, 'switch lunala': 0.018}
INFO     Sampling battle 0
INFO     	          chiyu  beadsofruin  choicescarf [darkpulse, flamethrower, overheat, psychic] ttype=dark
INFO     Sampling 5 unrevealed pokemon
INFO     	      tyranitar   sandstream    leftovers [dragontail, knockoff, stealthrock, stoneedge] ttype=ghost
INFO     	        spidops     stakeout heavydutyboots [circlethrow, knockoff, stickyweb, uturn] ttype=ghost
INFO     	     shayminsky  serenegrace    leftovers [airslash, leechseed, seedflare, substitute] ttype=steel
INFO     	       basculin adaptability   choiceband [aquajet, doubleedge, flipturn, wavecrash] ttype=water
INFO     	       sawsbuck  serenegrace      lifeorb [headbutt, highhorsepower, hornleech, swordsdance] ttype=normal
INFO     Sampling battle 1
INFO     	          chiyu  beadsofruin  choicespecs [darkpulse, flamethrower, overheat, psychic] ttype=dark
INFO     Sampling 5 unrevealed pokemon
INFO     	   squawkabilly         guts     flameorb [bravebird, facade, quickattack, uturn] ttype=normal
INFO     	necrozmaduskmane   prismarmor weaknesspolicy [dragondance, earthquake, photongeyser, sunsteelstrike] ttype=steel
INFO     	       clodsire  waterabsorb    leftovers [earthquake, gunkshot, recover, spikes] ttype=steel
INFO     	       pelipper      drizzle  choicespecs [hurricane, hydropump, uturn, weatherball] ttype=water
INFO     	     victreebel  chlorophyll      lifeorb [powerwhip, sludgewave, sunnyday, weatherball] ttype=fire
INFO     Sampling battle 2
INFO     	          chiyu  beadsofruin  choicescarf [darkpulse, flamethrower, overheat, psychic] ttype=fire
INFO     Sampling 5 unrevealed pokemon
INFO     	      lilligant     owntempo      lifeorb [alluringvoice, petaldance, quiverdance, sleeppowder] ttype=fairy
INFO     	         minior  shieldsdown    whiteherb [acrobatics, earthquake, powergem, shellsmash] ttype=water
INFO     	      bellibolt electromorphosis    leftovers [muddywater, slackoff, thunderbolt, toxic] ttype=water
INFO     	    slitherwing protosynthesis heavydutyboots [closecombat, morningsun, uturn, willowisp] ttype=fire
INFO     	         deoxys     pressure      lifeorb [icebeam, knockoff, psychoboost, superpower] ttype=psychic
INFO     Sampling battle 3
INFO     	          chiyu  beadsofruin  choicespecs [darkpulse, flamethrower, overheat, psychic] ttype=fire
INFO     Sampling 5 unrevealed pokemon
INFO     	       chienpao  swordofruin   choiceband [crunch, iceshard, iciclecrash, sacredsword] ttype=fighting
INFO     	         furret        frisk      lifeorb [brickbreak, doubleedge, knockoff, tidyup] ttype=normal
INFO     	    fluttermane protosynthesis      lifeorb [calmmind, moonblast, shadowball, thunderbolt] ttype=ghost
INFO     	taurospaldeacombat   intimidate      lifeorb [bulkup, closecombat, stoneedge, throatchop] ttype=dark
INFO     	urshifurapidstrike   unseenfist      lifeorb [closecombat, icespinner, surgingstrikes, swordsdance] ttype=water
INFO     Sampling battle 4
INFO     	          chiyu  beadsofruin heavydutyboots [darkpulse, fireblast, nastyplot, willowisp] ttype=fire
INFO     Sampling 5 unrevealed pokemon
INFO     	     ironbundle   quarkdrive heavydutyboots [encore, flipturn, freezedry, hydropump] ttype=ice
INFO     	    kyuremblack     teravolt   loadeddice [dragondance, iciclespear, scaleshot, terablast] ttype=ground
INFO     	      vileplume  effectspore    leftovers [gigadrain, sleeppowder, sludgebomb, strengthsap] ttype=water
INFO     	      poliwrath  waterabsorb  assaultvest [circlethrow, closecombat, knockoff, liquidation] ttype=dark
INFO     	 giratinaorigin     levitate griseouscore [defog, dracometeor, dragontail, poltergeist] ttype=fairy
INFO     Sampling battle 5
INFO     	          chiyu  beadsofruin heavydutyboots [darkpulse, fireblast, nastyplot, psychic] ttype=fire
INFO     Sampling 5 unrevealed pokemon
INFO     	    sandyshocks protosynthesis heavydutyboots [earthpower, thunderbolt, thunderwave, voltswitch] ttype=electric
INFO     	        flamigo      scrappy      lifeorb [bravebird, closecombat, roost, swordsdance] ttype=fighting
INFO     	          lugia   multiscale heavydutyboots [aeroblast, calmmind, earthpower, recover] ttype=steel
INFO     	      hitmonlee     unburden    whiteherb [closecombat, knockoff, poisonjab, swordsdance] ttype=poison
INFO     	       ludicolo    swiftswim  choicespecs [gigadrain, hydropump, icebeam, leafstorm] ttype=water
INFO     Sampling battle 6
INFO     	          chiyu  beadsofruin heavydutyboots [darkpulse, fireblast, nastyplot, willowisp] ttype=dark
INFO     Sampling 5 unrevealed pokemon
INFO     	        kleavor    sharpness   choiceband [closecombat, stoneaxe, uturn, xscissor] ttype=fighting
INFO     	     chandelure    flashfire  choicescarf [energyball, fireblast, shadowball, trick] ttype=grass
INFO     	      zebstrika    sapsipper      lifeorb [highhorsepower, overheat, supercellslam, voltswitch] ttype=ground
INFO     	    polteageist   cursedbody    whiteherb [shadowball, shellsmash, strengthsap, terablast] ttype=fighting
INFO     	        slaking       truant   choiceband [doubleedge, earthquake, gigaimpact, knockoff] ttype=ghost
INFO     Sampling battle 7
INFO     	          chiyu  beadsofruin heavydutyboots [darkpulse, fireblast, nastyplot, willowisp] ttype=fire
INFO     Sampling 5 unrevealed pokemon
INFO     	       dragalge adaptability  choicespecs [dracometeor, flipturn, focusblast, sludgewave] ttype=fighting
INFO     	        haxorus  moldbreaker   loadeddice [earthquake, ironhead, scaleshot, swordsdance] ttype=steel
INFO     	      serperior     contrary      lifeorb [dragonpulse, glare, leafstorm, synthesis] ttype=grass
INFO     	            mew  synchronize    leftovers [knockoff, psychic, stealthrock, uturn] ttype=fairy
INFO     	         zacian intrepidsword   choiceband [closecombat, crunch, playrough, psychicfangs] ttype=fighting
INFO     Sampling battle 8
INFO     	          chiyu  beadsofruin heavydutyboots [darkpulse, fireblast, nastyplot, psychic] ttype=dark
INFO     Sampling 5 unrevealed pokemon
INFO     	       smeargle   technician     widelens [populationbomb, powertrip, shellsmash, spore] ttype=normal
INFO     	        calyrex      unnerve    leftovers [bodypress, gigadrain, leechseed, psyshock] ttype=steel
INFO     	      indeedeef psychicsurge  choicespecs [dazzlinggleam, hypervoice, psyshock, shadowball] ttype=fairy
INFO     	        dondozo      unaware    leftovers [curse, rest, sleeptalk, wavecrash] ttype=fairy
INFO     	      electrode   soundproof      lifeorb [taunt, terablast, thunderbolt, voltswitch] ttype=ice
INFO     Sampling battle 9
INFO     	          chiyu  beadsofruin  choicescarf [darkpulse, flamethrower, overheat, psychic] ttype=dark
INFO     Sampling 5 unrevealed pokemon
INFO     	    ironvaliant   quarkdrive      lifeorb [calmmind, closecombat, moonblast, psychic] ttype=steel
INFO     	         swalot   liquidooze    leftovers [earthquake, protect, sludgebomb, toxic] ttype=ground
INFO     	         deoxys     pressure      lifeorb [extremespeed, knockoff, psychoboost, superpower] ttype=dark
INFO     	  zaciancrowned intrepidsword  rustedsword [behemothblade, closecombat, playrough, swordsdance] ttype=fighting
INFO     	      trevenant  naturalcure      lifeorb [drainpunch, poltergeist, rest, woodhammer] ttype=fighting
INFO     Sampling battle 10
INFO     	          chiyu  beadsofruin heavydutyboots [darkpulse, fireblast, nastyplot, willowisp] ttype=fire
INFO     Sampling 5 unrevealed pokemon
INFO     	       jumpluff  infiltrator              [acrobatics, leechseed, strengthsap, substitute] ttype=steel
INFO     	    barraskewda    swiftswim   choiceband [closecombat, flipturn, throatchop, waterfall] ttype=fighting
INFO     	       porygon2     download     eviolite [discharge, icebeam, recover, triattack] ttype=electric
INFO     	        palafin   zerotohero    leftovers [bulkup, drainpunch, jetpunch, wavecrash] ttype=steel
INFO     	      indeedeef psychicsurge      lifeorb [calmmind, hypervoice, psychic, shadowball] ttype=psychic
INFO     Sampling battle 11
INFO     	          chiyu  beadsofruin  choicescarf [darkpulse, flamethrower, overheat, psychic] ttype=fire
INFO     Sampling 5 unrevealed pokemon
INFO     	       quagsire      unaware    leftovers [earthquake, recover, spikes, toxic] ttype=fairy
INFO     	     typhlosion    flashfire  choicespecs [eruption, fireblast, focusblast, scorchingsands] ttype=fire
INFO     	         deoxys     pressure      lifeorb [extremespeed, knockoff, psychoboost, superpower] ttype=psychic
INFO     	      blastoise      torrent    whiteherb [earthquake, hydropump, icebeam, shellsmash] ttype=water
INFO     	   arceusdragon    multitype   dracoplate [extremespeed, flareblitz, outrage, swordsdance] ttype=fire
INFO     Sampling battle 12
INFO     	          chiyu  beadsofruin  choicescarf [darkpulse, flamethrower, overheat, psychic] ttype=fire
INFO     Sampling 5 unrevealed pokemon
INFO     	        shaymin  naturalcure    leftovers [airslash, earthpower, seedflare, synthesis] ttype=steel
INFO     	ogerponhearthflame  moldbreaker hearthflamemask [ivycudgel, powerwhip, swordsdance, trailblaze] ttype=fire
INFO     	        noctowl   tintedlens heavydutyboots [calmmind, hurricane, hypervoice, roost] ttype=steel
INFO     	        persian   technician    silkscarf [doubleedge, fakeout, knockoff, uturn] ttype=normal
INFO     	  arceuspsychic    multitype    mindplate [bodypress, cosmicpower, recover, storedpower] ttype=steel
INFO     Sampling battle 13
INFO     	          chiyu  beadsofruin  choicespecs [darkpulse, flamethrower, overheat, psychic] ttype=dark
INFO     Sampling 5 unrevealed pokemon
INFO     	      dragapult  infiltrator  choicespecs [dracometeor, fireblast, shadowball, uturn] ttype=dragon
INFO     	      reuniclus   magicguard      lifeorb [calmmind, focusblast, psychic, recover] ttype=steel
INFO     	     hitmonchan     ironfist      lifeorb [drainpunch, knockoff, machpunch, swordsdance] ttype=dark
INFO     	      mamoswine     thickfat   choiceband [earthquake, iceshard, iciclecrash, knockoff] ttype=ice
INFO     	      armarouge    weakarmor  choicespecs [armorcannon, energyball, focusblast, psyshock] ttype=fire
INFO     Sampling battle 14
INFO     	          chiyu  beadsofruin heavydutyboots [darkpulse, fireblast, nastyplot, willowisp] ttype=fire
INFO     Sampling 5 unrevealed pokemon
INFO     	      hydrapple  regenerator      lifeorb [earthpower, ficklebeam, gigadrain, nastyplot] ttype=steel
INFO     	         phione    hydration    leftovers [grassknot, icebeam, scald, takeheart] ttype=grass
INFO     	       whiscash    oblivious      lifeorb [dragondance, earthquake, liquidation, stoneedge] ttype=ground
INFO     	        scyther   technician heavydutyboots [bugbite, closecombat, dualwingbeat, swordsdance] ttype=fighting
INFO     	         mewtwo     pressure      lifeorb [darkpulse, fireblast, nastyplot, psystrike] ttype=dark
INFO     Sampling battle 15
INFO     	          chiyu  beadsofruin heavydutyboots [darkpulse, fireblast, nastyplot, psychic] ttype=fire
INFO     Sampling 5 unrevealed pokemon
INFO     	        suicune     pressure    leftovers [calmmind, rest, scald, sleeptalk] ttype=dragon
INFO     	      mismagius     levitate  choicespecs [dazzlinggleam, mysticalfire, shadowball, trick] ttype=fire
INFO     	       alcremie    aromaveil    leftovers [alluringvoice, calmmind, psyshock, recover] ttype=poison
INFO     	       jumpluff  infiltrator              [acrobatics, leechseed, strengthsap, substitute] ttype=steel
INFO     	       magcargo    flamebody heavydutyboots [lavaplume, powergem, recover, yawn] ttype=dragon
INFO     Sampling battle 16
INFO     	          chiyu  beadsofruin  choicespecs [darkpulse, flamethrower, overheat, psychic] ttype=fire
INFO     Sampling 5 unrevealed pokemon
INFO     	squawkabillywhite       hustle   choiceband [bravebird, doubleedge, foulplay, quickattack] ttype=normal
INFO     	      passimian      defiant  choicescarf [closecombat, gunkshot, knockoff, rockslide] ttype=poison
INFO     	       dusknoir        frisk    leftovers [focuspunch, painsplit, poltergeist, substitute] ttype=fighting
INFO     	      clawitzer megalauncher  assaultvest [aurasphere, dragonpulse, uturn, waterpulse] ttype=dragon
INFO     	 arceusfighting    multitype    fistplate [bodypress, cosmicpower, recover, storedpower] ttype=steel
INFO     Sampling battle 17
INFO     	          chiyu  beadsofruin  choicescarf [darkpulse, flamethrower, overheat, psychic] ttype=fire
INFO     Sampling 5 unrevealed pokemon
INFO     	       chimecho     levitate    leftovers [healbell, knockoff, psychicnoise, recover] ttype=dark
INFO     	         zacian intrepidsword      lifeorb [closecombat, playrough, swordsdance, wildcharge] ttype=fighting
INFO     	       reshiram   turboblaze heavydutyboots [dragondance, flareblitz, outrage, stoneedge] ttype=fire
INFO     	         gengar   cursedbody      lifeorb [focusblast, nastyplot, shadowball, sludgewave] ttype=fighting
INFO     	    kyuremblack     teravolt   loadeddice [dragondance, iciclespear, scaleshot, terablast] ttype=ground
INFO     Sampling battle 18
INFO     	          chiyu  beadsofruin heavydutyboots [darkpulse, fireblast, nastyplot, psychic] ttype=dark
INFO     Sampling 5 unrevealed pokemon
INFO     	      gholdengo   goodasgold    leftovers [makeitrain, nastyplot, recover, shadowball] ttype=dark
INFO     	         palkia     pressure  choicespecs [dracometeor, fireblast, hydropump, spacialrend] ttype=water
INFO     	      honchkrow        moxie heavydutyboots [bravebird, heatwave, lashout, suckerpunch] ttype=flying
INFO     	    goodrahisui    sapsipper  assaultvest [dracometeor, earthquake, fireblast, heavyslam] ttype=ground
INFO     	       zangoose   toxicboost     toxicorb [facade, knockoff, quickattack, swordsdance] ttype=normal
INFO     Sampling battle 19
INFO     	          chiyu  beadsofruin heavydutyboots [darkpulse, fireblast, nastyplot, willowisp] ttype=fire
INFO     Sampling 5 unrevealed pokemon
INFO     	        suicune     pressure    leftovers [calmmind, protect, scald, substitute] ttype=steel
INFO     	       blaziken   speedboost      lifeorb [closecombat, flareblitz, stoneedge, swordsdance] ttype=fighting
INFO     	        drednaw    strongjaw    whiteherb [crunch, liquidation, shellsmash, stoneedge] ttype=dark
INFO     	      rillaboom  grassysurge   choiceband [grassyglide, knockoff, uturn, woodhammer] ttype=grass
INFO     	       hariyama         guts     flameorb [closecombat, facade, fakeout, knockoff] ttype=normal
INFO     Sampling battle 20
INFO     	          chiyu  beadsofruin  choicespecs [darkpulse, flamethrower, overheat, psychic] ttype=dark
INFO     Sampling 5 unrevealed pokemon
INFO     	      volcanion  waterabsorb heavydutyboots [earthpower, flamethrower, haze, steameruption] ttype=fire
INFO     	       vivillon compoundeyes heavydutyboots [bugbuzz, hurricane, quiverdance, sleeppowder] ttype=steel
INFO     	      primarina      torrent  choicespecs [flipturn, hydropump, moonblast, psychic] ttype=water
INFO     	      amoonguss  regenerator  rockyhelmet [clearsmog, gigadrain, sludgebomb, spore] ttype=steel
INFO     	          azelf     levitate  choicespecs [dazzlinggleam, fireblast, psyshock, uturn] ttype=fairy
INFO     Sampling battle 21
INFO     	          chiyu  beadsofruin  choicespecs [darkpulse, flamethrower, overheat, psychic] ttype=dark
INFO     Sampling 5 unrevealed pokemon
INFO     	        okidogi   toxicchain  assaultvest [drainpunch, gunkshot, knockoff, psychicfangs] ttype=dark
INFO     	       illumise    prankster heavydutyboots [bugbuzz, encore, roost, thunderwave] ttype=water
INFO     	       oranguru   innerfocus      lifeorb [hypervoice, nastyplot, psyshock, thunderbolt] ttype=normal
INFO     	        calyrex      unnerve    leftovers [bodypress, encore, leechseed, psychic] ttype=fighting
INFO     	       chienpao  swordofruin heavydutyboots [iceshard, iciclecrash, swordsdance, throatchop] ttype=dark
INFO     Sampling battle 22
INFO     	          chiyu  beadsofruin heavydutyboots [darkpulse, fireblast, nastyplot, psychic] ttype=dark
INFO     Sampling 5 unrevealed pokemon
INFO     	       floatzel    waterveil   choiceband [crunch, flipturn, icespinner, wavecrash] ttype=water
INFO     	      decidueye     overgrow      lifeorb [leafblade, poltergeist, shadowsneak, swordsdance] ttype=ghost
INFO     	   crabominable     ironfist   choiceband [drainpunch, earthquake, icehammer, knockoff] ttype=ground
INFO     	        wochien tabletsofruin    leftovers [gigadrain, knockoff, leechseed, protect] ttype=poison
INFO     	taurospaldeablaze      cudchew  sitrusberry [bulkup, closecombat, ragingbull, substitute] ttype=water
INFO     Sampling battle 23
INFO     	          chiyu  beadsofruin heavydutyboots [darkpulse, fireblast, nastyplot, psychic] ttype=dark
INFO     Sampling 5 unrevealed pokemon
INFO     	      eternatus     pressure  rockyhelmet [dynamaxcannon, flamethrower, recover, toxicspikes] ttype=water
INFO     	       dragalge adaptability  assaultvest [dracometeor, dragontail, focusblast, sludgewave] ttype=fighting
INFO     	       torterra     overgrow   loadeddice [bulletseed, headlongrush, rockblast, shellsmash] ttype=ground
INFO     	    polteageist   cursedbody    whiteherb [shadowball, shellsmash, storedpower, strengthsap] ttype=dark
INFO     	       ursaring    quickfeet     toxicorb [closecombat, facade, swordsdance, throatchop] ttype=normal
INFO     Sampling battle 24
INFO     	          chiyu  beadsofruin heavydutyboots [darkpulse, fireblast, nastyplot, psychic] ttype=fire
INFO     Sampling 5 unrevealed pokemon
INFO     	    fezandipiti   toxicchain    leftovers [beatup, gunkshot, moonblast, roost] ttype=water
INFO     	        dondozo      unaware    leftovers [curse, rest, sleeptalk, wavecrash] ttype=fairy
INFO     	      heracross        moxie   choiceband [closecombat, earthquake, megahorn, stoneedge] ttype=rock
INFO     	     baxcalibur thermalexchange heavydutyboots [dragondance, earthquake, glaiverush, iciclecrash] ttype=ground
INFO     	    roaringmoon protosynthesis     lumberry [dragondance, ironhead, knockoff, outrage] ttype=steel
INFO     Sampling battle 25
INFO     	          chiyu  beadsofruin  choicescarf [darkpulse, flamethrower, overheat, psychic] ttype=dark
INFO     Sampling 5 unrevealed pokemon
INFO     	      vileplume  effectspore    leftovers [gigadrain, leechseed, sludgebomb, strengthsap] ttype=steel
INFO     	       giratina     pressure    leftovers [rest, shadowball, sleeptalk, willowisp] ttype=fairy
INFO     	      passimian      defiant    leftovers [bulkup, drainpunch, gunkshot, knockoff] ttype=steel
INFO     	      cryogonal     levitate heavydutyboots [icebeam, rapidspin, recover, terablast] ttype=electric
INFO     	      piloswine     thickfat     eviolite [earthquake, iceshard, iciclecrash, stealthrock] ttype=poison
INFO     Sampling battle 26
INFO     	          chiyu  beadsofruin heavydutyboots [darkpulse, fireblast, nastyplot, psychic] ttype=dark
INFO     Sampling 5 unrevealed pokemon
INFO     	      volcarona    flamebody heavydutyboots [bugbuzz, fireblast, quiverdance, terablast] ttype=ground
INFO     	        weavile   pickpocket heavydutyboots [knockoff, lowkick, swordsdance, tripleaxel] ttype=fighting
INFO     	      passimian      defiant    leftovers [bulkup, drainpunch, gunkshot, knockoff] ttype=steel
INFO     	     forretress       sturdy    leftovers [ironhead, rapidspin, toxicspikes, voltswitch] ttype=water
INFO     	taurospaldeaaqua   intimidate      lifeorb [aquajet, bulkup, closecombat, liquidation] ttype=water
INFO     Sampling battle 27
INFO     	          chiyu  beadsofruin  choicespecs [darkpulse, flamethrower, overheat, psychic] ttype=fire
INFO     Sampling 5 unrevealed pokemon
INFO     	         kyogre      drizzle  choicescarf [icebeam, originpulse, thunder, waterspout] ttype=water
INFO     	     baxcalibur thermalexchange   loadeddice [earthquake, iciclespear, scaleshot, swordsdance] ttype=dragon
INFO     	      metagross    clearbody    leftovers [earthquake, heavyslam, psychicfangs, stealthrock] ttype=water
INFO     	        diancie    clearbody    leftovers [bodypress, diamondstorm, moonblast, stealthrock] ttype=fighting
INFO     	     chesnaught  bulletproof    leftovers [bodypress, irondefense, synthesis, trailblaze] ttype=steel
INFO     Sampling battle 28
INFO     	          chiyu  beadsofruin heavydutyboots [darkpulse, fireblast, nastyplot, psychic] ttype=dark
INFO     Sampling 5 unrevealed pokemon
INFO     	         espeon  magicbounce  choicespecs [alluringvoice, psyshock, shadowball, trick] ttype=fairy
INFO     	   zoroarkhisui     illusion  choicespecs [bittermalice, focusblast, hypervoice, uturn] ttype=fighting
INFO     	        toxapex  regenerator    leftovers [haze, liquidation, recover, toxic] ttype=flying
INFO     	squawkabillywhite       hustle heavydutyboots [bravebird, foulplay, partingshot, quickattack] ttype=flying
INFO     	      rotomheat     levitate heavydutyboots [discharge, overheat, painsplit, willowisp] ttype=steel
INFO     Sampling battle 29
INFO     	          chiyu  beadsofruin  choicescarf [darkpulse, flamethrower, overheat, psychic] ttype=dark
INFO     Sampling 5 unrevealed pokemon
INFO     	            muk  poisontouch    leftovers [gunkshot, knockoff, shadowsneak, toxicspikes] ttype=dark
INFO     	       lurantis     contrary  assaultvest [knockoff, leafstorm, leechlife, superpower] ttype=fighting
INFO     	        lanturn   voltabsorb    leftovers [icebeam, scald, thunderbolt, thunderwave] ttype=flying
INFO     	ogerponcornerstone       sturdy cornerstonemask [ivycudgel, powerwhip, superpower, synthesis] ttype=rock
INFO     	        chansey  naturalcure     eviolite [healbell, seismictoss, softboiled, thunderwave] ttype=dark
INFO     Sampling battle 30
INFO     	          chiyu  beadsofruin heavydutyboots [darkpulse, fireblast, nastyplot, willowisp] ttype=dark
INFO     Sampling 5 unrevealed pokemon
INFO     	        gallade    sharpness      lifeorb [agility, nightslash, psychocut, sacredsword] ttype=dark
INFO     	       koraidon orichalcumpulse   loadeddice [collisioncourse, flareblitz, scaleshot, swordsdance] ttype=fire
INFO     	  slowkinggalar  regenerator  assaultvest [fireblast, psychicnoise, sludgebomb, surf] ttype=dark
INFO     	squawkabillyyellow       hustle   choiceband [bravebird, doubleedge, foulplay, quickattack] ttype=normal
INFO     	         swalot   liquidooze    leftovers [clearsmog, encore, knockoff, sludgebomb] ttype=dark
INFO     Sampling battle 31
INFO     	          chiyu  beadsofruin  choicespecs [darkpulse, flamethrower, overheat, psychic] ttype=dark
INFO     Sampling 5 unrevealed pokemon
INFO     	       glimmora  toxicdebris    powerherb [earthpower, energyball, meteorbeam, sludgewave] ttype=grass
INFO     	         dodrio    earlybird heavydutyboots [bravebird, doubleedge, drillrun, swordsdance] ttype=ground
INFO     	     arceusfire    multitype   flameplate [extremespeed, flareblitz, recover, swordsdance] ttype=fire
INFO     	       porygon2     download     eviolite [recover, shadowball, terablast, thunderwave] ttype=fairy
INFO     	 keldeoresolute    justified  choicespecs [airslash, flipturn, hydropump, secretsword] ttype=water
INFO     Searching for a move using MCTS...
INFO     Sampling 32 battles at 250ms each
WARNING  poke-engine lacks request-level Tera permissions; final selector must filter roots
INFO     Policy 0: relicsong visited 60.38% avg_score=0.432 sample_chance_multiplier=0.031
INFO     Policy 1: closecombat-tera visited 49.05% avg_score=0.378 sample_chance_multiplier=0.031
INFO     Policy 2: closecombat visited 78.86% avg_score=0.5 sample_chance_multiplier=0.031
INFO     Policy 3: closecombat visited 73.09% avg_score=0.406 sample_chance_multiplier=0.031
INFO     Policy 4: closecombat visited 55.18% avg_score=0.469 sample_chance_multiplier=0.031
INFO     Policy 5: closecombat visited 76.28% avg_score=0.474 sample_chance_multiplier=0.031
INFO     Policy 6: closecombat visited 61.87% avg_score=0.445 sample_chance_multiplier=0.031
INFO     Policy 7: relicsong visited 46.15% avg_score=0.455 sample_chance_multiplier=0.031
INFO     Policy 8: closecombat visited 89.44% avg_score=0.494 sample_chance_multiplier=0.031
INFO     Policy 9: closecombat visited 77.49% avg_score=0.47 sample_chance_multiplier=0.031
INFO     Policy 10: closecombat visited 69.76% avg_score=0.465 sample_chance_multiplier=0.031
INFO     Policy 11: closecombat visited 75.33% avg_score=0.486 sample_chance_multiplier=0.031
INFO     Policy 12: closecombat visited 83.1% avg_score=0.491 sample_chance_multiplier=0.031
INFO     Policy 13: closecombat visited 36.99% avg_score=0.372 sample_chance_multiplier=0.031
INFO     Policy 14: closecombat visited 54.3% avg_score=0.463 sample_chance_multiplier=0.031
INFO     Policy 15: closecombat visited 70.17% avg_score=0.466 sample_chance_multiplier=0.031
INFO     Policy 16: closecombat visited 68.44% avg_score=0.394 sample_chance_multiplier=0.031
INFO     Policy 17: closecombat visited 74.13% avg_score=0.469 sample_chance_multiplier=0.031
INFO     Policy 18: closecombat visited 80.31% avg_score=0.501 sample_chance_multiplier=0.031
INFO     Policy 19: relicsong visited 58.77% avg_score=0.418 sample_chance_multiplier=0.031
INFO     Policy 20: closecombat visited 46.04% avg_score=0.39 sample_chance_multiplier=0.031
INFO     Policy 21: closecombat visited 48.08% avg_score=0.39 sample_chance_multiplier=0.031
INFO     Policy 22: closecombat visited 91.1% avg_score=0.49 sample_chance_multiplier=0.031
INFO     Policy 23: closecombat visited 73.12% avg_score=0.474 sample_chance_multiplier=0.031
INFO     Policy 24: closecombat visited 54.41% avg_score=0.461 sample_chance_multiplier=0.031
INFO     Policy 25: closecombat visited 61.05% avg_score=0.458 sample_chance_multiplier=0.031
INFO     Policy 26: closecombat visited 58.83% avg_score=0.457 sample_chance_multiplier=0.031
INFO     Policy 27: closecombat visited 72.25% avg_score=0.387 sample_chance_multiplier=0.031
INFO     Policy 28: closecombat visited 81.94% avg_score=0.491 sample_chance_multiplier=0.031
INFO     Policy 29: closecombat visited 46.74% avg_score=0.43 sample_chance_multiplier=0.031
INFO     Policy 30: closecombat visited 60.44% avg_score=0.461 sample_chance_multiplier=0.031
INFO     Policy 31: closecombat-tera visited 51.3% avg_score=0.399 sample_chance_multiplier=0.031
INFO     Considered Choices:
INFO     	62.249%: closecombat
INFO     Choice: closecombat
INFO     Opponent has switched - clearing the last used move
INFO     slaking switched in, adding intimidate to impossible abilities
INFO     slaking switched in, adding pressure to impossible abilities
INFO     slaking switched in, adding neutralizinggas to impossible abilities
INFO     slaking switched in, adding sandstream to impossible abilities
INFO     slaking switched in, adding drought to impossible abilities
INFO     slaking switched in, adding drizzle to impossible abilities
INFO     slaking switched in, adding snowwarning to impossible abilities
INFO     slaking switched in, adding boosterenergy to impossible items
INFO     slaking switched in, adding airballoon to impossible items
INFO     meloetta already has the move closecombat. Decrementing the PP by 1
INFO     meloetta used a fighting move, removing fightinggem from possible items
INFO     Setting meloetta's last used move: closecombat
INFO     meloetta used a damaging move - not guessing lifeorb anymore
INFO     meloetta did 44.0% damage to slaking with closecombat
INFO     meloetta's defense was unboosted by 1 to -1
INFO     meloetta's special-defense was unboosted by 1 to -1
INFO     Setting meloetta's item to: lifeorb
INFO     slaking has less than maxhp during upkeep, no longer guessing leftovers or blacksludge
INFO     
INFO     Turn: 2
INFO     root priors (13): {'switch misdreavus': 0.454, 'switch lunala': 0.152, 'switch brutebonnet': 0.11, 'switch arboliva': 0.093}
INFO     Sampling battle 0
INFO     	        slaking       truant   choiceband [doubleedge, earthquake, gigaimpact, knockoff] ttype=ghost
INFO     	          chiyu  beadsofruin  choicespecs [darkpulse, flamethrower, overheat, psychic] ttype=fire
INFO     Sampling 4 unrevealed pokemon
INFO     	     ragingbolt protosynthesis boosterenergy [calmmind, dragonpulse, thunderbolt, thunderclap] ttype=fairy
INFO     	      metagross    clearbody weaknesspolicy [agility, earthquake, heavyslam, psychicfangs] ttype=ground
INFO     	     ironleaves   quarkdrive   choiceband [closecombat, leafblade, megahorn, psyblade] ttype=fighting
INFO     	      vileplume  effectspore    leftovers [gigadrain, sleeppowder, sludgebomb, strengthsap] ttype=steel
INFO     Sampling battle 1
INFO     	        slaking       truant   choiceband [doubleedge, earthquake, gigaimpact, knockoff] ttype=ghost
INFO     	          chiyu  beadsofruin heavydutyboots [darkpulse, fireblast, nastyplot, willowisp] ttype=fire
INFO     Sampling 4 unrevealed pokemon
INFO     	taurospaldeacombat   intimidate   choiceband [closecombat, earthquake, ironhead, stoneedge] ttype=steel
INFO     	squawkabillywhite       hustle   choiceband [bravebird, doubleedge, foulplay, quickattack] ttype=flying
INFO     	         gengar   cursedbody      lifeorb [focusblast, shadowball, sludgewave, toxicspikes] ttype=fighting
INFO     	      blastoise      torrent    whiteherb [hydropump, icebeam, shellsmash, terablast] ttype=electric
INFO     Sampling battle 2
INFO     	        slaking       truant  choicescarf [doubleedge, earthquake, gigaimpact, knockoff] ttype=normal
INFO     	          chiyu  beadsofruin heavydutyboots [darkpulse, fireblast, nastyplot, psychic] ttype=fire
INFO     Sampling 4 unrevealed pokemon
INFO     	       ampharos       static  assaultvest [dazzlinggleam, discharge, dragontail, voltswitch] ttype=fairy
INFO     	      hatterene  magicbounce  assaultvest [drainingkiss, mysticalfire, nuzzle, psychic] ttype=fairy
INFO     	        donphan       sturdy    leftovers [earthquake, iceshard, rapidspin, stealthrock] ttype=dragon
INFO     	      volcanion  waterabsorb heavydutyboots [flamethrower, haze, sludgebomb, steameruption] ttype=fire
INFO     Sampling battle 3
INFO     	        slaking       truant   choiceband [doubleedge, earthquake, gigaimpact, knockoff] ttype=ghost
INFO     	          chiyu  beadsofruin heavydutyboots [darkpulse, fireblast, nastyplot, psychic] ttype=fire
INFO     Sampling 4 unrevealed pokemon
INFO     	  calyrexshadow asonespectrier      lifeorb [astralbarrage, nastyplot, pollenpuff, psyshock] ttype=ghost
INFO     	         gengar   cursedbody      lifeorb [encore, focusblast, shadowball, sludgewave] ttype=dark
INFO     	    dudunsparce      rattled    leftovers [boomburst, calmmind, roost, shadowball] ttype=poison
INFO     	       skuntank    aftermath      lifeorb [gunkshot, knockoff, suckerpunch, taunt] ttype=poison
INFO     Sampling battle 4
INFO     	        slaking       truant   choiceband [doubleedge, earthquake, gigaimpact, knockoff] ttype=ghost
INFO     	          chiyu  beadsofruin  choicespecs [darkpulse, flamethrower, overheat, psychic] ttype=dark
INFO     Sampling 4 unrevealed pokemon
INFO     	        moltres    flamebody heavydutyboots [bravebird, fireblast, roost, willowisp] ttype=steel
INFO     	        spidops     stakeout heavydutyboots [circlethrow, spikes, stickyweb, uturn] ttype=ghost
INFO     	       venusaur  chlorophyll    leftovers [leechseed, sleeppowder, sludgebomb, substitute] ttype=steel
INFO     	       skarmory       sturdy    leftovers [bodypress, bravebird, roost, stealthrock] ttype=dragon
INFO     Sampling battle 5
INFO     	        slaking       truant   choiceband [doubleedge, earthquake, gigaimpact, knockoff] ttype=ghost
INFO     	          chiyu  beadsofruin  choicespecs [darkpulse, flamethrower, overheat, psychic] ttype=dark
INFO     Sampling 4 unrevealed pokemon
INFO     	      rhyperior    solidrock weaknesspolicy [earthquake, megahorn, rockpolish, stoneedge] ttype=rock
INFO     	        diancie    clearbody    leftovers [calmmind, diamondstorm, drainingkiss, earthpower] ttype=water
INFO     	     galvantula compoundeyes heavydutyboots [bugbuzz, energyball, stickyweb, thunder] ttype=electric
INFO     	        slowbro  regenerator    leftovers [psychicnoise, scald, slackoff, thunderwave] ttype=fairy
INFO     Sampling battle 6
INFO     	        slaking       truant   choiceband [doubleedge, earthquake, gigaimpact, knockoff] ttype=ghost
INFO     	          chiyu  beadsofruin heavydutyboots [darkpulse, fireblast, nastyplot, willowisp] ttype=dark
INFO     Sampling 4 unrevealed pokemon
INFO     	      arceusbug    multitype  insectplate [calmmind, earthpower, judgment, recover] ttype=ground
INFO     	      alomomola  regenerator    leftovers [flipturn, protect, scald, wish] ttype=poison
INFO     	thundurustherian   voltabsorb  choicespecs [grassknot, sludgewave, thunderbolt, voltswitch] ttype=poison
INFO     	       alcremie    aromaveil    leftovers [alluringvoice, calmmind, recover, terablast] ttype=ground
INFO     Sampling battle 7
INFO     	        slaking       truant   choiceband [doubleedge, earthquake, gigaimpact, knockoff] ttype=normal
INFO     	          chiyu  beadsofruin heavydutyboots [darkpulse, fireblast, nastyplot, willowisp] ttype=dark
INFO     Sampling 4 unrevealed pokemon
INFO     	       politoed      drizzle  chestoberry [encore, icebeam, rest, surf] ttype=water
INFO     	       orthworm   eartheater  chestoberry [bodypress, coil, irontail, rest] ttype=electric
INFO     	          rotom     levitate      lifeorb [nastyplot, shadowball, thunderbolt, willowisp] ttype=ghost
INFO     	     forretress       sturdy    leftovers [ironhead, rapidspin, toxicspikes, voltswitch] ttype=water
INFO     Sampling battle 8
INFO     	        slaking       truant   choiceband [doubleedge, earthquake, gigaimpact, knockoff] ttype=ghost
INFO     	          chiyu  beadsofruin heavydutyboots [darkpulse, fireblast, nastyplot, willowisp] ttype=fire
INFO     Sampling 4 unrevealed pokemon
INFO     	          hypno     insomnia    leftovers [encore, knockoff, psychicnoise, thunderwave] ttype=dark
INFO     	     tentacruel   liquidooze    leftovers [rapidspin, sludgebomb, surf, toxicspikes] ttype=flying
INFO     	      primarina      torrent    leftovers [calmmind, drainingkiss, psychic, sparklingaria] ttype=poison
INFO     	         deoxys     pressure      lifeorb [icebeam, knockoff, psychoboost, superpower] ttype=fighting
INFO     Sampling battle 9
INFO     	        slaking       truant   choiceband [doubleedge, earthquake, gigaimpact, knockoff] ttype=normal
INFO     	          chiyu  beadsofruin heavydutyboots [darkpulse, fireblast, nastyplot, willowisp] ttype=dark
INFO     Sampling 4 unrevealed pokemon
INFO     	      cramorant  gulpmissile heavydutyboots [bravebird, defog, roost, surf] ttype=ground
INFO     	      kingambit supremeoverlord    leftovers [ironhead, kowtowcleave, suckerpunch, swordsdance] ttype=dark
INFO     	      tatsugiri   stormdrain heavydutyboots [dracometeor, hydropump, nastyplot, rapidspin] ttype=water
INFO     	       rotomfan     levitate heavydutyboots [airslash, nastyplot, thunderbolt, willowisp] ttype=steel
INFO     Sampling battle 10
INFO     	        slaking       truant   choiceband [doubleedge, earthquake, gigaimpact, knockoff] ttype=ground
INFO     	          chiyu  beadsofruin heavydutyboots [darkpulse, fireblast, nastyplot, willowisp] ttype=fire
INFO     Sampling 4 unrevealed pokemon
INFO     	      volcarona    flamebody heavydutyboots [fierydance, gigadrain, quiverdance, terablast] ttype=ground
INFO     	      rillaboom  grassysurge   choiceband [grassyglide, knockoff, uturn, woodhammer] ttype=grass
INFO     	      gardevoir        trace      lifeorb [calmmind, focusblast, moonblast, psyshock] ttype=fighting
INFO     	   basculegionf adaptability  choicespecs [flipturn, hydropump, icebeam, shadowball] ttype=water
INFO     Sampling battle 11
INFO     	        slaking       truant   choiceband [doubleedge, earthquake, gigaimpact, knockoff] ttype=ground
INFO     	          chiyu  beadsofruin  choicespecs [darkpulse, flamethrower, overheat, psychic] ttype=dark
INFO     Sampling 4 unrevealed pokemon
INFO     	    arceussteel    multitype    ironplate [earthquake, judgment, recover, willowisp] ttype=ghost
INFO     	 giratinaorigin     levitate griseouscore [defog, dracometeor, poltergeist, willowisp] ttype=dragon
INFO     	       pelipper      drizzle heavydutyboots [hurricane, hydropump, roost, uturn] ttype=water
INFO     	        carbink    clearbody  chestoberry [bodypress, irondefense, moonblast, rest] ttype=fighting
INFO     Sampling battle 12
INFO     	        slaking       truant  choicescarf [doubleedge, earthquake, gigaimpact, knockoff] ttype=normal
INFO     	          chiyu  beadsofruin heavydutyboots [darkpulse, fireblast, nastyplot, willowisp] ttype=dark
INFO     Sampling 4 unrevealed pokemon
INFO     	       oricorio       dancer heavydutyboots [hurricane, quiverdance, revelationdance, roost] ttype=ground
INFO     	      eternatus     pressure    powerherb [dynamaxcannon, fireblast, meteorbeam, sludgebomb] ttype=poison
INFO     	       dachsbun wellbakedbody    leftovers [bodypress, playrough, protect, wish] ttype=steel
INFO     	        weezing     levitate    leftovers [fireblast, painsplit, sludgebomb, willowisp] ttype=steel
INFO     Sampling battle 13
INFO     	        slaking       truant   choiceband [doubleedge, earthquake, gigaimpact, knockoff] ttype=ghost
INFO     	          chiyu  beadsofruin  choicescarf [darkpulse, flamethrower, overheat, psychic] ttype=dark
INFO     Sampling 4 unrevealed pokemon
INFO     	         regice    clearbody heavydutyboots [bodypress, icebeam, thunderbolt, thunderwave] ttype=electric
INFO     	     galvantula compoundeyes heavydutyboots [bugbuzz, stickyweb, thunder, voltswitch] ttype=electric
INFO     	       hawlucha     unburden    whiteherb [acrobatics, closecombat, encore, swordsdance] ttype=flying
INFO     	        ogerpon      defiant    leftovers [ivycudgel, knockoff, spikes, synthesis] ttype=grass
INFO     Sampling battle 14
INFO     	        slaking       truant  choicescarf [doubleedge, earthquake, gigaimpact, knockoff] ttype=normal
INFO     	          chiyu  beadsofruin  choicespecs [darkpulse, flamethrower, overheat, psychic] ttype=fire
INFO     Sampling 4 unrevealed pokemon
INFO     	    brutebonnet protosynthesis    leftovers [closecombat, crunch, spore, suckerpunch] ttype=poison
INFO     	      regieleki   transistor       magnet [rapidspin, terablast, thunderbolt, voltswitch] ttype=ice
INFO     	      quaquaval        moxie    leftovers [aquastep, closecombat, roost, swordsdance] ttype=steel
INFO     	  articunogalar  competitive heavydutyboots [calmmind, freezingglare, hurricane, recover] ttype=steel
INFO     Sampling battle 15
INFO     	        slaking       truant   choiceband [doubleedge, earthquake, gigaimpact, knockoff] ttype=ghost
INFO     	          chiyu  beadsofruin heavydutyboots [darkpulse, fireblast, nastyplot, psychic] ttype=fire
INFO     Sampling 4 unrevealed pokemon
INFO     	        gliscor   poisonheal     toxicorb [earthquake, knockoff, protect, toxic] ttype=water
INFO     	       dragalge adaptability    leftovers [dracometeor, focusblast, sludgewave, toxic] ttype=fighting
INFO     	        bruxish    strongjaw  choicescarf [crunch, icefang, psychicfangs, wavecrash] ttype=psychic
INFO     	     sandaconda     shedskin    leftovers [earthquake, glare, stealthrock, stoneedge] ttype=dragon
INFO     Sampling battle 16
INFO     	        slaking       truant   choiceband [doubleedge, earthquake, gigaimpact, knockoff] ttype=normal
INFO     	          chiyu  beadsofruin heavydutyboots [darkpulse, fireblast, nastyplot, willowisp] ttype=dark
INFO     Sampling 4 unrevealed pokemon
INFO     	  zaciancrowned intrepidsword  rustedsword [behemothblade, closecombat, playrough, swordsdance] ttype=fighting
INFO     	          entei   innerfocus   choiceband [extremespeed, flareblitz, sacredfire, stoneedge] ttype=normal
INFO     	        mesprit     levitate  assaultvest [icebeam, knockoff, psychicnoise, thunderbolt] ttype=dark
INFO     	       medicham    purepower   choiceband [bulletpunch, closecombat, icepunch, zenheadbutt] ttype=fighting
INFO     Sampling battle 17
INFO     	        slaking       truant   choiceband [doubleedge, earthquake, gigaimpact, knockoff] ttype=normal
INFO     	          chiyu  beadsofruin  choicespecs [darkpulse, flamethrower, overheat, psychic] ttype=fire
INFO     Sampling 4 unrevealed pokemon
INFO     	     annihilape      defiant    leftovers [bulkup, drainpunch, ragefist, taunt] ttype=water
INFO     	       whiscash    oblivious      lifeorb [dragondance, earthquake, liquidation, stoneedge] ttype=ground
INFO     	       mukalola  poisontouch  assaultvest [drainpunch, icepunch, knockoff, poisonjab] ttype=fighting
INFO     	       cinccino   technician   loadeddice [bulletseed, tailslap, tripleaxel, uturn] ttype=normal
INFO     Sampling battle 18
INFO     	        slaking       truant   choiceband [doubleedge, earthquake, gigaimpact, knockoff] ttype=ghost
INFO     	          chiyu  beadsofruin heavydutyboots [darkpulse, fireblast, nastyplot, psychic] ttype=dark
INFO     Sampling 4 unrevealed pokemon
INFO     	       porygon2     download     eviolite [discharge, icebeam, recover, triattack] ttype=poison
INFO     	      rotomwash     levitate    leftovers [discharge, hydropump, painsplit, voltswitch] ttype=electric
INFO     	        flapple       hustle     lumberry [dragondance, gravapple, outrage, terablast] ttype=fire
INFO     	    ironvaliant   quarkdrive      lifeorb [closecombat, knockoff, spiritbreak, swordsdance] ttype=fighting
INFO     Sampling battle 19
INFO     	        slaking       truant   choiceband [doubleedge, earthquake, gigaimpact, knockoff] ttype=ghost
INFO     	          chiyu  beadsofruin heavydutyboots [darkpulse, fireblast, nastyplot, psychic] ttype=fire
INFO     Sampling 4 unrevealed pokemon
INFO     	taurospaldeablaze      cudchew  sitrusberry [bulkup, closecombat, ragingbull, substitute] ttype=water
INFO     	      primarina  liquidvoice    leftovers [calmmind, drainingkiss, moonblast, psychicnoise] ttype=fairy
INFO     	       grafaiai  poisontouch  assaultvest [gunkshot, knockoff, superfang, uturn] ttype=dark
INFO     	        malamar     contrary  chestoberry [knockoff, psychocut, rest, superpower] ttype=steel
INFO     Sampling battle 20
INFO     	        slaking       truant   choiceband [doubleedge, earthquake, gigaimpact, knockoff] ttype=ghost
INFO     	          chiyu  beadsofruin  choicespecs [darkpulse, flamethrower, overheat, psychic] ttype=dark
INFO     Sampling 4 unrevealed pokemon
INFO     	       mudsdale      stamina    leftovers [earthquake, heavyslam, roar, stoneedge] ttype=steel
INFO     	      registeel    clearbody  chestoberry [bodypress, irondefense, ironhead, rest] ttype=fighting
INFO     	        falinks      defiant      lifeorb [closecombat, ironhead, knockoff, noretreat] ttype=dark
INFO     	      rotomheat     levitate heavydutyboots [discharge, overheat, voltswitch, willowisp] ttype=electric
INFO     Sampling battle 21
INFO     	        slaking       truant   choiceband [doubleedge, earthquake, gigaimpact, knockoff] ttype=ghost
INFO     	          chiyu  beadsofruin  choicespecs [darkpulse, flamethrower, overheat, psychic] ttype=fire
INFO     Sampling 4 unrevealed pokemon
INFO     	   arceusground    multitype   earthplate [dragondance, earthquake, recover, stoneedge] ttype=ground
INFO     	   palkiaorigin     pressure lustrousglobe [fireblast, hydropump, spacialrend, thunderwave] ttype=water
INFO     	       zangoose   toxicboost     toxicorb [facade, knockoff, quickattack, swordsdance] ttype=normal
INFO     	      bellibolt electromorphosis    leftovers [muddywater, slackoff, thunderbolt, toxic] ttype=water
INFO     Sampling battle 22
INFO     	        slaking       truant   choiceband [doubleedge, earthquake, gigaimpact, knockoff] ttype=ghost
INFO     	          chiyu  beadsofruin  choicescarf [darkpulse, flamethrower, overheat, psychic] ttype=dark
INFO     Sampling 4 unrevealed pokemon
INFO     	      excadrill  moldbreaker    leftovers [earthquake, ironhead, rapidspin, swordsdance] ttype=ground
INFO     	      ironhands   quarkdrive  assaultvest [closecombat, icepunch, thunderpunch, voltswitch] ttype=electric
INFO     	         mewtwo      unnerve      lifeorb [aurasphere, fireblast, nastyplot, psystrike] ttype=fighting
INFO     	        flapple       hustle     lumberry [dragondance, gravapple, outrage, terablast] ttype=fire
INFO     Sampling battle 23
INFO     	        slaking       truant   choiceband [doubleedge, earthquake, gigaimpact, knockoff] ttype=ground
INFO     	          chiyu  beadsofruin  choicescarf [darkpulse, flamethrower, overheat, psychic] ttype=dark
INFO     Sampling 4 unrevealed pokemon
INFO     	taurospaldeaaqua   intimidate   choiceband [aquajet, closecombat, stoneedge, wavecrash] ttype=water
INFO     	       landorus   sheerforce      lifeorb [earthpower, focusblast, nastyplot, sludgewave] ttype=poison
INFO     	        ogerpon      defiant   choiceband [ivycudgel, knockoff, superpower, uturn] ttype=grass
INFO     	        dugtrio    arenatrap   choiceband [earthquake, stoneedge, suckerpunch, throatchop] ttype=ground
INFO     Sampling battle 24
INFO     	        slaking       truant  choicescarf [doubleedge, earthquake, gigaimpact, knockoff] ttype=normal
INFO     	          chiyu  beadsofruin  choicespecs [darkpulse, flamethrower, overheat, psychic] ttype=fire
INFO     Sampling 4 unrevealed pokemon
INFO     	       gyarados        moxie heavydutyboots [dragondance, earthquake, terablast, waterfall] ttype=flying
INFO     	        heatran    flashfire   airballoon [earthpower, heavyslam, lavaplume, stealthrock] ttype=flying
INFO     	        flamigo      scrappy      lifeorb [bravebird, closecombat, roost, swordsdance] ttype=steel
INFO     	  deoxysdefense     pressure    leftovers [cosmicpower, nightshade, recover, storedpower] ttype=steel
INFO     Sampling battle 25
INFO     	        slaking       truant   choiceband [doubleedge, earthquake, gigaimpact, knockoff] ttype=normal
INFO     	          chiyu  beadsofruin  choicespecs [darkpulse, flamethrower, overheat, psychic] ttype=dark
INFO     Sampling 4 unrevealed pokemon
INFO     	  arcaninehisui     rockhead   choiceband [extremespeed, flareblitz, headsmash, wildcharge] ttype=normal
INFO     	urshifurapidstrike   unseenfist      lifeorb [closecombat, icespinner, surgingstrikes, swordsdance] ttype=water
INFO     	         palkia     pressure  choicescarf [dracometeor, fireblast, hydropump, spacialrend] ttype=water
INFO     	       dachsbun wellbakedbody    leftovers [bodypress, playrough, protect, wish] ttype=steel
INFO     Sampling battle 26
INFO     	        slaking       truant   choiceband [doubleedge, earthquake, gigaimpact, knockoff] ttype=ground
INFO     	          chiyu  beadsofruin heavydutyboots [darkpulse, fireblast, nastyplot, willowisp] ttype=fire
INFO     Sampling 4 unrevealed pokemon
INFO     	       drifblim     unburden  sitrusberry [airslash, calmmind, shadowball, strengthsap] ttype=fairy
INFO     	        flapple       hustle     widelens [dragondance, gravapple, outrage, suckerpunch] ttype=dragon
INFO     	   weezinggalar     levitate    leftovers [defog, fireblast, gunkshot, strangesteam] ttype=steel
INFO     	    arceusghost    multitype  spookyplate [focusblast, judgment, recover, willowisp] ttype=dark
INFO     Sampling battle 27
INFO     	        slaking       truant   choiceband [doubleedge, earthquake, gigaimpact, knockoff] ttype=normal
INFO     	          chiyu  beadsofruin  choicespecs [darkpulse, flamethrower, overheat, psychic] ttype=dark
INFO     Sampling 4 unrevealed pokemon
INFO     	       magearna    soulheart    leftovers [flashcannon, fleurcannon, painsplit, thunderwave] ttype=fairy
INFO     	squawkabillyyellow       hustle heavydutyboots [bravebird, doubleedge, partingshot, quickattack] ttype=flying
INFO     	        kingdra    swiftswim      lifeorb [dracometeor, hurricane, raindance, wavecrash] ttype=water
INFO     	         luxray         guts     flameorb [facade, playrough, supercellslam, trailblaze] ttype=normal
INFO     Sampling battle 28
INFO     	        slaking       truant   choiceband [doubleedge, earthquake, gigaimpact, knockoff] ttype=ground
INFO     	          chiyu  beadsofruin heavydutyboots [darkpulse, fireblast, nastyplot, psychic] ttype=dark
INFO     Sampling 4 unrevealed pokemon
INFO     	        toxapex  regenerator    leftovers [haze, liquidation, recover, toxicspikes] ttype=steel
INFO     	       grafaiai  poisontouch  assaultvest [gunkshot, knockoff, superfang, uturn] ttype=dark
INFO     	       drifblim     unburden  sitrusberry [airslash, calmmind, shadowball, strengthsap] ttype=dark
INFO     	enamorustherian     overcoat weaknesspolicy [agility, earthpower, moonblast, mysticalfire] ttype=ground
INFO     Sampling battle 29
INFO     	        slaking       truant  choicescarf [doubleedge, earthquake, gigaimpact, knockoff] ttype=normal
INFO     	          chiyu  beadsofruin  choicescarf [darkpulse, flamethrower, overheat, psychic] ttype=dark
INFO     Sampling 4 unrevealed pokemon
INFO     	       lycanroc     sandrush   choiceband [accelerock, closecombat, psychicfangs, stoneedge] ttype=fighting
INFO     	      charizard        blaze heavydutyboots [earthquake, flareblitz, outrage, swordsdance] ttype=ground
INFO     	       hawlucha     unburden    whiteherb [acrobatics, bravebird, closecombat, swordsdance] ttype=flying
INFO     	      zebstrika    sapsipper      lifeorb [highhorsepower, overheat, supercellslam, voltswitch] ttype=ground
INFO     Sampling battle 30
INFO     	        slaking       truant   choiceband [doubleedge, earthquake, gigaimpact, knockoff] ttype=ground
INFO     	          chiyu  beadsofruin  choicescarf [darkpulse, flamethrower, overheat, psychic] ttype=dark
INFO     Sampling 4 unrevealed pokemon
INFO     	      mamoswine     thickfat   choiceband [earthquake, iceshard, iciclecrash, knockoff] ttype=ground
INFO     	        manaphy    hydration    leftovers [energyball, hydropump, icebeam, tailglow] ttype=water
INFO     	        calyrex      unnerve    leftovers [calmmind, gigadrain, leechseed, psyshock] ttype=steel
INFO     	  articunogalar  competitive heavydutyboots [calmmind, freezingglare, hurricane, recover] ttype=steel
INFO     Sampling battle 31
INFO     	        slaking       truant   choiceband [doubleedge, earthquake, gigaimpact, knockoff] ttype=normal
INFO     	          chiyu  beadsofruin  choicespecs [darkpulse, flamethrower, overheat, psychic] ttype=fire
INFO     Sampling 4 unrevealed pokemon
INFO     	         golurk      noguard   choiceband [dynamicpunch, earthquake, poltergeist, stoneedge] ttype=ground
INFO     	        lucario   innerfocus      lifeorb [flashcannon, focusblast, nastyplot, vacuumwave] ttype=fighting
INFO     	    arceusgrass    multitype  meadowplate [calmmind, fireblast, judgment, recover] ttype=fire
INFO     	      azumarill    hugepower   choiceband [aquajet, icespinner, liquidation, playrough] ttype=water
INFO     Searching for a move using MCTS...
INFO     Sampling 32 battles at 250ms each
INFO     Policy 0: switch misdreavus visited 38.19% avg_score=0.398 sample_chance_multiplier=0.031
INFO     Policy 1: switch misdreavus visited 43.09% avg_score=0.398 sample_chance_multiplier=0.031
INFO     Policy 2: switch arboliva visited 75.69% avg_score=0.548 sample_chance_multiplier=0.031
INFO     Policy 3: switch misdreavus visited 45.38% avg_score=0.415 sample_chance_multiplier=0.031
INFO     Policy 4: switch misdreavus visited 38.46% avg_score=0.388 sample_chance_multiplier=0.031
INFO     Policy 5: switch misdreavus visited 41.56% avg_score=0.397 sample_chance_multiplier=0.031
INFO     Policy 6: switch misdreavus visited 42.63% avg_score=0.393 sample_chance_multiplier=0.031
INFO     Policy 7: switch misdreavus visited 42.14% avg_score=0.404 sample_chance_multiplier=0.031
INFO     Policy 8: switch misdreavus visited 41.37% avg_score=0.41 sample_chance_multiplier=0.031
INFO     Policy 9: switch misdreavus visited 41.5% avg_score=0.413 sample_chance_multiplier=0.031
INFO     Policy 10: switch misdreavus visited 39.75% avg_score=0.399 sample_chance_multiplier=0.031
INFO     Policy 11: switch misdreavus visited 40.71% avg_score=0.405 sample_chance_multiplier=0.031
INFO     Policy 12: switch arboliva visited 71.23% avg_score=0.543 sample_chance_multiplier=0.031
INFO     Policy 13: switch misdreavus visited 38.72% avg_score=0.399 sample_chance_multiplier=0.031
INFO     Policy 14: switch arboliva visited 37.48% avg_score=0.499 sample_chance_multiplier=0.031
INFO     Policy 15: switch misdreavus visited 43.48% avg_score=0.413 sample_chance_multiplier=0.031
INFO     Policy 16: switch misdreavus visited 42.34% avg_score=0.405 sample_chance_multiplier=0.031
INFO     Policy 17: switch misdreavus visited 41.32% avg_score=0.414 sample_chance_multiplier=0.031
INFO     Policy 18: switch misdreavus visited 43.83% avg_score=0.39 sample_chance_multiplier=0.031
INFO     Policy 19: switch misdreavus visited 43.91% avg_score=0.401 sample_chance_multiplier=0.031
INFO     Policy 20: switch misdreavus visited 46.4% avg_score=0.407 sample_chance_multiplier=0.031
INFO     Policy 21: switch misdreavus visited 45.8% avg_score=0.403 sample_chance_multiplier=0.031
INFO     Policy 22: switch misdreavus visited 40.76% avg_score=0.41 sample_chance_multiplier=0.031
INFO     Policy 23: switch misdreavus visited 41.65% avg_score=0.41 sample_chance_multiplier=0.031
INFO     Policy 24: switch arboliva visited 39.63% avg_score=0.49 sample_chance_multiplier=0.031
INFO     Policy 25: switch misdreavus visited 42.53% avg_score=0.41 sample_chance_multiplier=0.031
INFO     Policy 26: switch misdreavus visited 39.58% avg_score=0.4 sample_chance_multiplier=0.031
INFO     Policy 27: switch misdreavus visited 38.32% avg_score=0.37 sample_chance_multiplier=0.031
INFO     Policy 28: switch misdreavus visited 39.9% avg_score=0.397 sample_chance_multiplier=0.031
INFO     Policy 29: switch arboliva visited 69.58% avg_score=0.552 sample_chance_multiplier=0.031
INFO     Policy 30: switch misdreavus visited 39.54% avg_score=0.393 sample_chance_multiplier=0.031
INFO     Policy 31: switch misdreavus visited 42.59% avg_score=0.404 sample_chance_multiplier=0.031
INFO     Considered Choices:
INFO     	38.606%: switch misdreavus
INFO     	29.335%: switch arboliva
INFO     Choice: switch arboliva
INFO     arboliva switched in, adding intimidate to impossible abilities
INFO     arboliva switched in, adding pressure to impossible abilities
INFO     arboliva switched in, adding neutralizinggas to impossible abilities
INFO     arboliva switched in, adding sandstream to impossible abilities
INFO     arboliva switched in, adding drought to impossible abilities
INFO     arboliva switched in, adding drizzle to impossible abilities
INFO     arboliva switched in, adding snowwarning to impossible abilities
INFO     arboliva switched in, adding boosterenergy to impossible items
INFO     arboliva switched in, adding airballoon to impossible items
INFO     slaking used a normal move, removing normalgem from possible items
INFO     Setting slaking's last used move: gigaimpact
INFO     slaking used a damaging move - not guessing lifeorb anymore
INFO     Adding 'truant' to slaking's volatiles
INFO     slaking did 100.0% damage to arboliva with gigaimpact
INFO     slaking must recharge
INFO     slaking must recharge with truant, removing truant
INFO     Setting the field to grassyterrain
INFO     grassyterrain turns remaining: 4
INFO     slaking has less than maxhp during upkeep, no longer guessing leftovers or blacksludge
INFO     root priors (5): {'switch barraskewda': 0.432, 'switch brutebonnet': 0.255, 'switch lunala': 0.17, 'switch meloetta': 0.086}
INFO     Sampling battle 0
INFO     	        slaking       truant   choiceband [doubleedge, earthquake, gigaimpact, knockoff] ttype=ghost
INFO     	          chiyu  beadsofruin  choicespecs [darkpulse, flamethrower, overheat, psychic] ttype=dark
INFO     Sampling 4 unrevealed pokemon
INFO     	       ribombee   shielddust heavydutyboots [bugbuzz, moonblast, quiverdance, terablast] ttype=ground
INFO     	      metagross    clearbody   choiceband [bulletpunch, earthquake, heavyslam, knockoff] ttype=water
INFO     	         pyroar      unnerve heavydutyboots [fireblast, hypervoice, taunt, workup] ttype=fire
INFO     	         goodra    sapsipper  assaultvest [dracometeor, earthquake, fireblast, sludgebomb] ttype=poison
INFO     Sampling battle 1
INFO     	        slaking       truant   choiceband [doubleedge, earthquake, gigaimpact, knockoff] ttype=ground
INFO     	          chiyu  beadsofruin  choicescarf [darkpulse, flamethrower, overheat, psychic] ttype=fire
INFO     Sampling 4 unrevealed pokemon
INFO     	        diancie    clearbody    leftovers [bodypress, diamondstorm, moonblast, rockpolish] ttype=fighting
INFO     	      cramorant  gulpmissile heavydutyboots [bravebird, defog, roost, surf] ttype=ground
INFO     	        bisharp      defiant     eviolite [ironhead, suckerpunch, swordsdance, throatchop] ttype=flying
INFO     	        shaymin  naturalcure    leftovers [airslash, earthpower, seedflare, synthesis] ttype=steel
INFO     Sampling battle 2
INFO     	        slaking       truant   choiceband [doubleedge, earthquake, gigaimpact, knockoff] ttype=ground
INFO     	          chiyu  beadsofruin heavydutyboots [darkpulse, fireblast, nastyplot, willowisp] ttype=dark
INFO     Sampling 4 unrevealed pokemon
INFO     	      registeel    clearbody  chestoberry [bodypress, irondefense, ironhead, rest] ttype=fighting
INFO     	        haxorus  moldbreaker     lumberry [closecombat, dragondance, ironhead, outrage] ttype=steel
INFO     	       miraidon hadronengine      lifeorb [calmmind, dracometeor, dragonpulse, electrodrift] ttype=electric
INFO     	urshifurapidstrike   unseenfist   choiceband [aquajet, closecombat, icespinner, surgingstrikes] ttype=water
INFO     Sampling battle 3
INFO     	        slaking       truant   choiceband [doubleedge, earthquake, gigaimpact, knockoff] ttype=normal
INFO     	          chiyu  beadsofruin heavydutyboots [darkpulse, fireblast, nastyplot, willowisp] ttype=fire
INFO     Sampling 4 unrevealed pokemon
INFO     	      electrode   soundproof  assaultvest [explosion, foulplay, thunderbolt, voltswitch] ttype=electric
INFO     	         kommoo   soundproof  throatspray [boomburst, clangingscales, clangoroussoul, drainpunch] ttype=normal
INFO     	       vigoroth  vitalspirit     eviolite [bodyslam, bulkup, knockoff, slackoff] ttype=ghost
INFO     	thundurustherian   voltabsorb  choicespecs [grassknot, sludgewave, thunderbolt, voltswitch] ttype=poison
INFO     Sampling battle 4
INFO     	        slaking       truant   choiceband [doubleedge, earthquake, gigaimpact, knockoff] ttype=ground
INFO     	          chiyu  beadsofruin heavydutyboots [darkpulse, fireblast, nastyplot, willowisp] ttype=fire
INFO     Sampling 4 unrevealed pokemon
INFO     	       slowking  regenerator heavydutyboots [chillyreception, psychicnoise, scald, slackoff] ttype=fairy
INFO     	      sudowoodo     rockhead    leftovers [earthquake, headsmash, stealthrock, woodhammer] ttype=rock
INFO     	    ironboulder   quarkdrive boosterenergy [closecombat, mightycleave, swordsdance, zenheadbutt] ttype=fighting
INFO     	      hitmonlee     unburden    whiteherb [closecombat, knockoff, poisonjab, swordsdance] ttype=dark
INFO     Sampling battle 5
INFO     	        slaking       truant   choiceband [doubleedge, earthquake, gigaimpact, knockoff] ttype=ground
INFO     	          chiyu  beadsofruin heavydutyboots [darkpulse, fireblast, nastyplot, psychic] ttype=fire
INFO     Sampling 4 unrevealed pokemon
INFO     	       porygonz     download      lifeorb [icebeam, nastyplot, thunderbolt, triattack] ttype=electric
INFO     	        dedenne   cheekpouch  sitrusberry [dazzlinggleam, nuzzle, thunderbolt, uturn] ttype=flying
INFO     	      metagross    clearbody weaknesspolicy [agility, earthquake, heavyslam, knockoff] ttype=ground
INFO     	      dragonite   multiscale heavydutyboots [dragondance, earthquake, outrage, terablast] ttype=flying
INFO     Sampling battle 6
INFO     	        slaking       truant   choiceband [doubleedge, earthquake, gigaimpact, knockoff] ttype=ghost
INFO     	          chiyu  beadsofruin heavydutyboots [darkpulse, fireblast, nastyplot, psychic] ttype=fire
INFO     Sampling 4 unrevealed pokemon
INFO     	       overqwil   intimidate   choiceband [aquajet, crunch, gunkshot, liquidation] ttype=water
INFO     	       maushold   technician     widelens [bite, encore, populationbomb, tidyup] ttype=ghost
INFO     	       bronzong     levitate  chestoberry [bodypress, irondefense, ironhead, rest] ttype=fighting
INFO     	      trevenant      harvest  sitrusberry [drainpunch, poltergeist, protect, toxic] ttype=fighting
INFO     Sampling battle 7
INFO     	        slaking       truant   choiceband [doubleedge, earthquake, gigaimpact, knockoff] ttype=ground
INFO     	          chiyu  beadsofruin  choicescarf [darkpulse, flamethrower, overheat, psychic] ttype=dark
INFO     Sampling 4 unrevealed pokemon
INFO     	       politoed      drizzle    leftovers [encore, haze, hydropump, icebeam] ttype=steel
INFO     	         rabsca  synchronize heavydutyboots [bugbuzz, psychic, recover, revivalblessing] ttype=steel
INFO     	        carbink    clearbody  chestoberry [bodypress, irondefense, moonblast, rest] ttype=fighting
INFO     	         deoxys     pressure      lifeorb [extremespeed, knockoff, psychoboost, superpower] ttype=dark
INFO     Sampling battle 8
INFO     	        slaking       truant   choiceband [doubleedge, earthquake, gigaimpact, knockoff] ttype=normal
INFO     	          chiyu  beadsofruin  choicespecs [darkpulse, flamethrower, overheat, psychic] ttype=dark
INFO     Sampling 4 unrevealed pokemon
INFO     	      thundurus      defiant heavydutyboots [focusblast, nastyplot, terablast, thunderbolt] ttype=flying
INFO     	   palkiaorigin     pressure lustrousglobe [fireblast, hydropump, spacialrend, thunderwave] ttype=water
INFO     	        golduck    cloudnine    leftovers [encore, hydropump, icebeam, nastyplot] ttype=water
INFO     	      tyranitar   sandstream weaknesspolicy [dragondance, earthquake, knockoff, stoneedge] ttype=ghost
INFO     Sampling battle 9
INFO     	        slaking       truant   choiceband [doubleedge, earthquake, gigaimpact, knockoff] ttype=normal
INFO     	          chiyu  beadsofruin heavydutyboots [darkpulse, fireblast, nastyplot, willowisp] ttype=dark
INFO     Sampling 4 unrevealed pokemon
INFO     	      gastrodon   stormdrain    leftovers [earthquake, icebeam, recover, stealthrock] ttype=steel
INFO     	       rayquaza      airlock heavydutyboots [dragonascent, dragondance, earthquake, outrage] ttype=steel
INFO     	         luxray   intimidate  assaultvest [icefang, playrough, voltswitch, wildcharge] ttype=fairy
INFO     	      cramorant  gulpmissile heavydutyboots [bravebird, defog, roost, surf] ttype=ground
INFO     Sampling battle 10
INFO     	        slaking       truant   choiceband [doubleedge, earthquake, gigaimpact, knockoff] ttype=ground
INFO     	          chiyu  beadsofruin  choicescarf [darkpulse, flamethrower, overheat, psychic] ttype=dark
INFO     Sampling 4 unrevealed pokemon
INFO     	        kingdra       sniper     lumberry [dragondance, outrage, waterfall, wavecrash] ttype=water
INFO     	       lurantis     contrary  assaultvest [knockoff, leafstorm, leechlife, superpower] ttype=fighting
INFO     	       cacturne  waterabsorb      lifeorb [knockoff, seedbomb, suckerpunch, swordsdance] ttype=dark
INFO     	        diancie    clearbody  assaultvest [bodypress, diamondstorm, earthpower, moonblast] ttype=fighting
INFO     Sampling battle 11
INFO     	        slaking       truant   choiceband [doubleedge, earthquake, gigaimpact, knockoff] ttype=ghost
INFO     	          chiyu  beadsofruin  choicescarf [darkpulse, flamethrower, overheat, psychic] ttype=fire
INFO     Sampling 4 unrevealed pokemon
INFO     	  arcaninehisui     rockhead heavydutyboots [extremespeed, flareblitz, headsmash, morningsun] ttype=fire
INFO     	      rotomwash     levitate    leftovers [discharge, hydropump, painsplit, voltswitch] ttype=electric
INFO     	      thundurus      defiant heavydutyboots [focusblast, nastyplot, terablast, thunderbolt] ttype=flying
INFO     	       necrozma   prismarmor    leftovers [calmmind, earthpower, moonlight, photongeyser] ttype=fairy
INFO     Sampling battle 12
INFO     	        slaking       truant   choiceband [doubleedge, earthquake, gigaimpact, knockoff] ttype=ground
INFO     	          chiyu  beadsofruin heavydutyboots [darkpulse, fireblast, nastyplot, willowisp] ttype=fire
INFO     Sampling 4 unrevealed pokemon
INFO     	       dragalge adaptability  choicespecs [dracometeor, flipturn, focusblast, sludgewave] ttype=fighting
INFO     	      trevenant      harvest  sitrusberry [drainpunch, poltergeist, protect, toxic] ttype=dark
INFO     	         furret        frisk   choiceband [doubleedge, knockoff, trick, uturn] ttype=normal
INFO     	  oricoriosensu       dancer heavydutyboots [hurricane, quiverdance, revelationdance, roost] ttype=fighting
INFO     Sampling battle 13
INFO     	        slaking       truant   choiceband [doubleedge, earthquake, gigaimpact, knockoff] ttype=ground
INFO     	          chiyu  beadsofruin  choicespecs [darkpulse, flamethrower, overheat, psychic] ttype=fire
INFO     Sampling 4 unrevealed pokemon
INFO     	      gastrodon   stormdrain    leftovers [earthquake, recover, spikes, surf] ttype=poison
INFO     	      vileplume  effectspore    leftovers [gigadrain, leechseed, sludgebomb, strengthsap] ttype=water
INFO     	      araquanid  waterbubble heavydutyboots [hydropump, leechlife, liquidation, stickyweb] ttype=steel
INFO     	        gallade    sharpness      lifeorb [agility, nightslash, psychocut, sacredsword] ttype=fighting
INFO     Sampling battle 14
INFO     	        slaking       truant   choiceband [doubleedge, earthquake, gigaimpact, knockoff] ttype=ghost
INFO     	          chiyu  beadsofruin  choicespecs [darkpulse, flamethrower, overheat, psychic] ttype=fire
INFO     Sampling 4 unrevealed pokemon
INFO     	       hariyama         guts     flameorb [bulletpunch, closecombat, facade, knockoff] ttype=normal
INFO     	    arceusghost    multitype  spookyplate [focusblast, judgment, recover, willowisp] ttype=fighting
INFO     	         kommoo   soundproof   loadeddice [closecombat, ironhead, scaleshot, swordsdance] ttype=steel
INFO     	    corviknight  mirrorarmor  rockyhelmet [bravebird, defog, roost, uturn] ttype=dragon
INFO     Sampling battle 15
INFO     	        slaking       truant   choiceband [doubleedge, earthquake, gigaimpact, knockoff] ttype=ground
INFO     	          chiyu  beadsofruin  choicescarf [darkpulse, flamethrower, overheat, psychic] ttype=fire
INFO     Sampling 4 unrevealed pokemon
INFO     	     oinkologne     thickfat    leftovers [bodyslam, curse, highhorsepower, lashout] ttype=ground
INFO     	      sandslash     sandrush  assaultvest [earthquake, knockoff, rapidspin, stoneedge] ttype=steel
INFO     	      reuniclus   magicguard      lifeorb [calmmind, focusblast, psyshock, recover] ttype=fighting
INFO     	      bellossom  chlorophyll    leftovers [gigadrain, quiverdance, strengthsap, terablast] ttype=rock
INFO     Searching for a move using MCTS...
INFO     Sampling 16 battles at 500ms each
INFO     Policy 0: switch barraskewda visited 76.01% avg_score=0.548 sample_chance_multiplier=0.062
INFO     Policy 1: switch barraskewda visited 94.46% avg_score=0.528 sample_chance_multiplier=0.062
INFO     Policy 2: switch barraskewda visited 97.7% avg_score=0.578 sample_chance_multiplier=0.062
INFO     Policy 3: switch barraskewda visited 97.26% avg_score=0.558 sample_chance_multiplier=0.062
INFO     Policy 4: switch lunala visited 57.37% avg_score=0.536 sample_chance_multiplier=0.062
INFO     Policy 5: switch barraskewda visited 96.76% avg_score=0.531 sample_chance_multiplier=0.062
INFO     Policy 6: switch misdreavus visited 88.74% avg_score=0.518 sample_chance_multiplier=0.062
INFO     Policy 7: switch barraskewda visited 97.37% avg_score=0.57 sample_chance_multiplier=0.062
INFO     Policy 8: switch barraskewda visited 98.11% avg_score=0.592 sample_chance_multiplier=0.062
INFO     Policy 9: switch barraskewda visited 95.73% avg_score=0.531 sample_chance_multiplier=0.062
INFO     Policy 10: switch misdreavus visited 72.96% avg_score=0.512 sample_chance_multiplier=0.062
INFO     Policy 11: switch lunala visited 93.95% avg_score=0.552 sample_chance_multiplier=0.062
INFO     Policy 12: switch misdreavus visited 34.75% avg_score=0.534 sample_chance_multiplier=0.062
INFO     Policy 13: switch lunala visited 68.57% avg_score=0.473 sample_chance_multiplier=0.062
INFO     Policy 14: switch barraskewda visited 84.56% avg_score=0.433 sample_chance_multiplier=0.062
INFO     Policy 15: switch lunala visited 86.79% avg_score=0.514 sample_chance_multiplier=0.062
INFO     Considered Choices:
INFO     	61.194%: switch barraskewda
INFO     Choice: switch barraskewda
INFO     barraskewda switched in, adding intimidate to impossible abilities
INFO     barraskewda switched in, adding pressure to impossible abilities
INFO     barraskewda switched in, adding neutralizinggas to impossible abilities
INFO     barraskewda switched in, adding sandstream to impossible abilities
INFO     barraskewda switched in, adding drought to impossible abilities
INFO     barraskewda switched in, adding drizzle to impossible abilities
INFO     barraskewda switched in, adding snowwarning to impossible abilities
INFO     barraskewda switched in, adding boosterenergy to impossible items
INFO     barraskewda switched in, adding airballoon to impossible items
INFO     
INFO     Turn: 3
INFO     root priors (12): {'closecombat': 0.833, 'waterfall': 0.143, 'poisonjab': 0.011, 'flipturn': 0.004}
INFO     Sampling battle 0
INFO     	        slaking       truant   choiceband [doubleedge, earthquake, gigaimpact, knockoff] ttype=ghost
INFO     	          chiyu  beadsofruin heavydutyboots [darkpulse, fireblast, nastyplot, willowisp] ttype=dark
INFO     Sampling 4 unrevealed pokemon
INFO     	        toxapex  regenerator    leftovers [haze, liquidation, recover, toxic] ttype=flying
INFO     	       overqwil   intimidate      lifeorb [crunch, gunkshot, liquidation, swordsdance] ttype=water
INFO     	         eiscue      iceface  sitrusberry [bellydrum, icespinner, liquidation, zenheadbutt] ttype=water
INFO     	 oricoriopompom       dancer heavydutyboots [hurricane, quiverdance, revelationdance, roost] ttype=ground
INFO     Sampling battle 1
INFO     	        slaking       truant   choiceband [doubleedge, earthquake, gigaimpact, knockoff] ttype=ghost
INFO     	          chiyu  beadsofruin heavydutyboots [darkpulse, fireblast, nastyplot, willowisp] ttype=fire
INFO     Sampling 4 unrevealed pokemon
INFO     	       koraidon orichalcumpulse   choiceband [closecombat, flareblitz, outrage, uturn] ttype=fire
INFO     	    kilowattrel   voltabsorb heavydutyboots [discharge, hurricane, roost, uturn] ttype=water
INFO     	         pyroar      unnerve heavydutyboots [fireblast, hypervoice, taunt, workup] ttype=fire
INFO     	        manaphy    hydration    leftovers [energyball, icebeam, surf, tailglow] ttype=grass
INFO     Sampling battle 2
INFO     	        slaking       truant   choiceband [doubleedge, earthquake, gigaimpact, knockoff] ttype=normal
INFO     	          chiyu  beadsofruin  choicespecs [darkpulse, flamethrower, overheat, psychic] ttype=dark
INFO     Sampling 4 unrevealed pokemon
INFO     	      honchkrow        moxie heavydutyboots [bravebird, heatwave, suckerpunch, uturn] ttype=dark
INFO     	        ariados        swarm heavydutyboots [knockoff, megahorn, poisonjab, stickyweb] ttype=ghost
INFO     	  deoxysdefense     pressure  rockyhelmet [psychicnoise, recover, stealthrock, teleport] ttype=dark
INFO     	      indeedeef psychicsurge  choicescarf [healingwish, hypervoice, psychic, shadowball] ttype=psychic
INFO     Sampling battle 3
INFO     	        slaking       truant   choiceband [doubleedge, earthquake, gigaimpact, knockoff] ttype=normal
INFO     	          chiyu  beadsofruin heavydutyboots [darkpulse, fireblast, nastyplot, willowisp] ttype=dark
INFO     Sampling 4 unrevealed pokemon
INFO     	      mightyena   intimidate   choiceband [crunch, playrough, poisonfang, suckerpunch] ttype=fairy
INFO     	      amoonguss  regenerator    leftovers [clearsmog, gigadrain, sludgebomb, spore] ttype=water
INFO     	     toxtricity     punkrock  choicescarf [boomburst, overdrive, sludgewave, voltswitch] ttype=normal
INFO     	       indeedee psychicsurge  choicespecs [dazzlinggleam, expandingforce, hypervoice, shadowball] ttype=psychic
INFO     Sampling battle 4
INFO     	        slaking       truant   choiceband [doubleedge, earthquake, gigaimpact, knockoff] ttype=ground
INFO     	          chiyu  beadsofruin  choicescarf [darkpulse, flamethrower, overheat, psychic] ttype=dark
INFO     Sampling 4 unrevealed pokemon
INFO     	        volbeat    prankster heavydutyboots [encore, roost, thunderwave, uturn] ttype=water
INFO     	   crabominable     ironfist   choiceband [drainpunch, earthquake, icehammer, knockoff] ttype=ground
INFO     	       vikavolt     levitate heavydutyboots [bugbuzz, energyball, stickyweb, thunderbolt] ttype=electric
INFO     	        donphan       sturdy    leftovers [earthquake, iceshard, rapidspin, stealthrock] ttype=dragon
INFO     Sampling battle 5
INFO     	        slaking       truant   choiceband [doubleedge, earthquake, gigaimpact, knockoff] ttype=ground
INFO     	          chiyu  beadsofruin heavydutyboots [darkpulse, fireblast, nastyplot, willowisp] ttype=fire
INFO     Sampling 4 unrevealed pokemon
INFO     	      lilligant     owntempo      lifeorb [alluringvoice, petaldance, quiverdance, sleeppowder] ttype=grass
INFO     	      cinderace       libero heavydutyboots [courtchange, pyroball, uturn, willowisp] ttype=grass
INFO     	    corviknight  mirrorarmor    leftovers [bodypress, bravebird, defog, roost] ttype=dragon
INFO     	       porygonz adaptability      lifeorb [agility, nastyplot, shadowball, terablast] ttype=fighting
INFO     Sampling battle 6
INFO     	        slaking       truant   choiceband [doubleedge, earthquake, gigaimpact, knockoff] ttype=ground
INFO     	          chiyu  beadsofruin heavydutyboots [darkpulse, fireblast, nastyplot, willowisp] ttype=fire
INFO     Sampling 4 unrevealed pokemon
INFO     	      kingambit supremeoverlord    leftovers [ironhead, kowtowcleave, suckerpunch, swordsdance] ttype=flying
INFO     	        grumpig     thickfat    leftovers [dazzlinggleam, nastyplot, psychic, shadowball] ttype=fairy
INFO     	      dragapult  infiltrator  choicespecs [dracometeor, fireblast, shadowball, uturn] ttype=fire
INFO     	          minun   voltabsorb      lifeorb [alluringvoice, encore, nastyplot, thunderbolt] ttype=fairy
INFO     Sampling battle 7
INFO     	        slaking       truant   choiceband [doubleedge, earthquake, gigaimpact, knockoff] ttype=normal
INFO     	          chiyu  beadsofruin heavydutyboots [darkpulse, fireblast, nastyplot, psychic] ttype=dark
INFO     Sampling 4 unrevealed pokemon
INFO     	     toedscruel myceliummight  assaultvest [earthpower, knockoff, leafstorm, rapidspin] ttype=water
INFO     	       quagsire      unaware    leftovers [earthquake, icebeam, recover, toxic] ttype=steel
INFO     	    deoxysspeed     pressure      lifeorb [darkpulse, focusblast, nastyplot, psychoboost] ttype=fighting
INFO     	    kyuremblack     teravolt   loadeddice [dragondance, fusionbolt, iciclespear, scaleshot] ttype=electric
INFO     Sampling battle 8
INFO     	        slaking       truant   choiceband [doubleedge, earthquake, gigaimpact, knockoff] ttype=ground
INFO     	          chiyu  beadsofruin  choicespecs [darkpulse, flamethrower, overheat, psychic] ttype=fire
INFO     Sampling 4 unrevealed pokemon
INFO     	 decidueyehisui      scrappy    leftovers [defog, leafblade, roost, triplearrows] ttype=steel
INFO     	       hawlucha     unburden    whiteherb [bravebird, closecombat, swordsdance, throatchop] ttype=fighting
INFO     	        yanmega   tintedlens  choicespecs [airslash, bugbuzz, gigadrain, uturn] ttype=bug
INFO     	       maushold   technician     widelens [bite, encore, populationbomb, tidyup] ttype=normal
INFO     Sampling battle 9
INFO     	        slaking       truant   choiceband [doubleedge, earthquake, gigaimpact, knockoff] ttype=ground
INFO     	          chiyu  beadsofruin heavydutyboots [darkpulse, fireblast, nastyplot, willowisp] ttype=fire
INFO     Sampling 4 unrevealed pokemon
INFO     	    oricoriopau       dancer heavydutyboots [hurricane, quiverdance, revelationdance, roost] ttype=fighting
INFO     	      munkidori   toxicchain  assaultvest [fakeout, psychicnoise, sludgewave, uturn] ttype=dark
INFO     	   zoroarkhisui     illusion      lifeorb [focusblast, hypervoice, poltergeist, willowisp] ttype=fighting
INFO     	 arceusfighting    multitype    fistplate [bodypress, irondefense, recover, shadowball] ttype=steel
INFO     Sampling battle 10
INFO     	        slaking       truant   choiceband [doubleedge, earthquake, gigaimpact, knockoff] ttype=normal
INFO     	          chiyu  beadsofruin heavydutyboots [darkpulse, fireblast, nastyplot, psychic] ttype=fire
INFO     Sampling 4 unrevealed pokemon
INFO     	      ironhands   quarkdrive  assaultvest [closecombat, fakeout, voltswitch, wildcharge] ttype=fighting
INFO     	      ceruledge    weakarmor heavydutyboots [bitterblade, closecombat, poltergeist, swordsdance] ttype=fire
INFO     	       jumpluff  infiltrator              [acrobatics, leechseed, strengthsap, substitute] ttype=steel
INFO     	  arceuspsychic    multitype    mindplate [bodypress, cosmicpower, recover, storedpower] ttype=steel
INFO     Sampling battle 11
INFO     	        slaking       truant   choiceband [doubleedge, earthquake, gigaimpact, knockoff] ttype=normal
INFO     	          chiyu  beadsofruin heavydutyboots [darkpulse, fireblast, nastyplot, psychic] ttype=dark
INFO     Sampling 4 unrevealed pokemon
INFO     	squawkabillyyellow       hustle heavydutyboots [bravebird, doubleedge, partingshot, quickattack] ttype=normal
INFO     	 oricoriopompom       dancer heavydutyboots [hurricane, quiverdance, revelationdance, roost] ttype=ground
INFO     	      garganacl purifyingsalt    leftovers [bodypress, protect, recover, saltcure] ttype=dragon
INFO     	urshifurapidstrike   unseenfist   choiceband [aquajet, closecombat, icespinner, surgingstrikes] ttype=water
INFO     Sampling battle 12
INFO     	        slaking       truant   choiceband [doubleedge, earthquake, gigaimpact, knockoff] ttype=ghost
INFO     	          chiyu  beadsofruin heavydutyboots [darkpulse, fireblast, nastyplot, psychic] ttype=fire
INFO     Sampling 4 unrevealed pokemon
INFO     	      sandslash     sandrush    leftovers [earthquake, rapidspin, stoneedge, swordsdance] ttype=water
INFO     	      bellibolt electromorphosis    leftovers [muddywater, slackoff, thunderbolt, toxic] ttype=electric
INFO     	    arceussteel    multitype    ironplate [calmmind, earthpower, judgment, recover] ttype=ghost
INFO     	     forretress       sturdy    leftovers [ironhead, rapidspin, spikes, thunderwave] ttype=water
INFO     Sampling battle 13
INFO     	        slaking       truant   choiceband [doubleedge, earthquake, gigaimpact, knockoff] ttype=ghost
INFO     	          chiyu  beadsofruin heavydutyboots [darkpulse, fireblast, nastyplot, psychic] ttype=fire
INFO     Sampling 4 unrevealed pokemon
INFO     	       porygon2     download     eviolite [discharge, icebeam, recover, triattack] ttype=ghost
INFO     	    kilowattrel   voltabsorb heavydutyboots [hurricane, roost, thunderbolt, uturn] ttype=water
INFO     	       clodsire  waterabsorb    leftovers [curse, earthquake, gunkshot, recover] ttype=flying
INFO     	    basculegion adaptability  assaultvest [aquajet, flipturn, shadowball, wavecrash] ttype=water
INFO     Sampling battle 14
INFO     	        slaking       truant   choiceband [doubleedge, earthquake, gigaimpact, knockoff] ttype=ghost
INFO     	          chiyu  beadsofruin  choicespecs [darkpulse, flamethrower, overheat, psychic] ttype=dark
INFO     Sampling 4 unrevealed pokemon
INFO     	       empoleon  competitive    leftovers [knockoff, roar, roost, surf] ttype=flying
INFO     	       pelipper      drizzle heavydutyboots [hurricane, roost, surf, uturn] ttype=ground
INFO     	       illumise    prankster heavydutyboots [bugbuzz, encore, roost, thunderwave] ttype=steel
INFO     	      amoonguss  regenerator    leftovers [gigadrain, sludgebomb, spore, toxic] ttype=steel
INFO     Sampling battle 15
INFO     	        slaking       truant   choiceband [doubleedge, earthquake, gigaimpact, knockoff] ttype=ground
INFO     	          chiyu  beadsofruin  choicespecs [darkpulse, flamethrower, overheat, psychic] ttype=dark
INFO     Sampling 4 unrevealed pokemon
INFO     	      bellossom  chlorophyll    leftovers [gigadrain, moonblast, quiverdance, strengthsap] ttype=fairy
INFO     	        darkrai    baddreams      lifeorb [darkpulse, hypnosis, nastyplot, sludgebomb] ttype=poison
INFO     	        kingdra       sniper     lumberry [dragondance, ironhead, outrage, wavecrash] ttype=steel
INFO     	      toucannon      keeneye heavydutyboots [beakblast, boomburst, knockoff, roost] ttype=steel
INFO     Searching for a move using MCTS...
INFO     Sampling 16 battles at 500ms each
INFO     Policy 0: closecombat visited 88.68% avg_score=0.551 sample_chance_multiplier=0.062
INFO     Policy 1: closecombat visited 97.35% avg_score=0.613 sample_chance_multiplier=0.062
INFO     Policy 2: waterfall visited 88.93% avg_score=0.635 sample_chance_multiplier=0.062
INFO     Policy 3: closecombat visited 98.29% avg_score=0.63 sample_chance_multiplier=0.062
INFO     Policy 4: closecombat visited 80.37% avg_score=0.603 sample_chance_multiplier=0.062
INFO     Policy 5: closecombat visited 90.99% avg_score=0.595 sample_chance_multiplier=0.062
INFO     Policy 6: closecombat visited 68.78% avg_score=0.618 sample_chance_multiplier=0.062
INFO     Policy 7: closecombat visited 99.06% avg_score=0.723 sample_chance_multiplier=0.062
INFO     Policy 8: closecombat visited 97.76% avg_score=0.67 sample_chance_multiplier=0.062
INFO     Policy 9: closecombat visited 97.46% avg_score=0.682 sample_chance_multiplier=0.062
INFO     Policy 10: waterfall visited 77.97% avg_score=0.612 sample_chance_multiplier=0.062
INFO     Policy 11: closecombat visited 98.8% avg_score=0.702 sample_chance_multiplier=0.062
INFO     Policy 12: closecombat visited 98.97% avg_score=0.728 sample_chance_multiplier=0.062
INFO     Policy 13: closecombat visited 99.23% avg_score=0.725 sample_chance_multiplier=0.062
INFO     Policy 14: closecombat visited 99.07% avg_score=0.696 sample_chance_multiplier=0.062
INFO     Policy 15: closecombat visited 84.41% avg_score=0.556 sample_chance_multiplier=0.062
INFO     Considered Choices:
INFO     	83.257%: closecombat
INFO     Choice: closecombat
INFO     barraskewda already has the move closecombat. Decrementing the PP by 1
INFO     barraskewda used a fighting move, removing fightinggem from possible items
INFO     Setting barraskewda's last used move: closecombat
INFO     barraskewda used a damaging move - not guessing lifeorb anymore
INFO     barraskewda did 62.0% damage to slaking with closecombat
INFO     barraskewda's defense was unboosted by 1 to -1
INFO     barraskewda's special-defense was unboosted by 1 to -1
INFO     grassyterrain turns remaining: 3
INFO     slaking has less than maxhp during upkeep, no longer guessing leftovers or blacksludge
INFO     Opponent has switched - clearing the last used move
INFO     rayquaza switched in, adding intimidate to impossible abilities
INFO     rayquaza switched in, adding pressure to impossible abilities
INFO     rayquaza switched in, adding neutralizinggas to impossible abilities
INFO     rayquaza switched in, adding sandstream to impossible abilities
INFO     rayquaza switched in, adding drought to impossible abilities
INFO     rayquaza switched in, adding drizzle to impossible abilities
INFO     rayquaza switched in, adding snowwarning to impossible abilities
INFO     rayquaza switched in, adding boosterenergy to impossible items
INFO     rayquaza switched in, adding airballoon to impossible items
INFO     Setting rayquaza's ability to airlock
INFO     
INFO     Turn: 4
INFO     root priors (6): {'switch meloetta': 0.41, 'switch misdreavus': 0.269, 'switch lunala': 0.172, 'closecombat': 0.086}
INFO     Sampling battle 0
INFO     	       rayquaza      airlock   choiceband [dragonascent, earthquake, extremespeed, uturn] ttype=normal
INFO     	          chiyu  beadsofruin  choicescarf [darkpulse, flamethrower, overheat, psychic] ttype=fire
INFO     Sampling 3 unrevealed pokemon
INFO     	  deoxysdefense     pressure    leftovers [cosmicpower, nightshade, recover, storedpower] ttype=steel
INFO     	          lokix   tintedlens      lifeorb [knockoff, leechlife, suckerpunch, swordsdance] ttype=dark
INFO     	      garganacl purifyingsalt    leftovers [bodypress, recover, saltcure, stealthrock] ttype=ghost
INFO     Sampling battle 1
INFO     	       rayquaza      airlock heavydutyboots [dragonascent, dragondance, earthquake, outrage] ttype=flying
INFO     	          chiyu  beadsofruin  choicescarf [darkpulse, flamethrower, overheat, psychic] ttype=fire
INFO     Sampling 3 unrevealed pokemon
INFO     	     chandelure    flashfire  choicescarf [energyball, fireblast, shadowball, trick] ttype=grass
INFO     	         klefki    prankster    leftovers [dazzlinggleam, foulplay, spikes, thunderwave] ttype=flying
INFO     	        gallade    sharpness   choiceband [leafblade, nightslash, psychocut, sacredsword] ttype=grass
INFO     Sampling battle 2
INFO     	       rayquaza      airlock heavydutyboots [dragonascent, dragondance, earthquake, outrage] ttype=steel
INFO     	          chiyu  beadsofruin  choicespecs [darkpulse, flamethrower, overheat, psychic] ttype=fire
INFO     Sampling 3 unrevealed pokemon
INFO     	       meganium     overgrow    leftovers [dragontail, energyball, knockoff, synthesis] ttype=water
INFO     	      magnezone     analytic  assaultvest [bodypress, discharge, flashcannon, voltswitch] ttype=flying
INFO     	     sandaconda     shedskin   loadeddice [coil, earthquake, rockblast, scaleshot] ttype=dragon
INFO     Sampling battle 3
INFO     	       rayquaza      airlock   loadeddice [dragonascent, earthquake, scaleshot, swordsdance] ttype=dragon
INFO     	          chiyu  beadsofruin heavydutyboots [darkpulse, fireblast, nastyplot, willowisp] ttype=dark
INFO     Sampling 3 unrevealed pokemon
INFO     	            muk  poisontouch    leftovers [gunkshot, haze, icepunch, knockoff] ttype=dark
INFO     	     ironbundle   quarkdrive heavydutyboots [encore, flipturn, freezedry, hydropump] ttype=water
INFO     	    ironvaliant   quarkdrive      lifeorb [calmmind, closecombat, moonblast, psychic] ttype=fairy
INFO     Sampling battle 4
INFO     	       rayquaza      airlock heavydutyboots [dragonascent, earthquake, extremespeed, swordsdance] ttype=normal
INFO     	          chiyu  beadsofruin heavydutyboots [darkpulse, fireblast, nastyplot, willowisp] ttype=fire
INFO     Sampling 3 unrevealed pokemon
INFO     	      dunsparce  serenegrace     eviolite [bodyslam, coil, earthquake, roost] ttype=ground
INFO     	    arceusgrass    multitype  meadowplate [calmmind, fireblast, judgment, recover] ttype=fire
INFO     	        gurdurr         guts     eviolite [bulkup, drainpunch, knockoff, machpunch] ttype=steel
INFO     Sampling battle 5
INFO     	       rayquaza      airlock heavydutyboots [dragonascent, dragondance, earthquake, outrage] ttype=flying
INFO     	          chiyu  beadsofruin heavydutyboots [darkpulse, fireblast, nastyplot, psychic] ttype=fire
INFO     Sampling 3 unrevealed pokemon
INFO     	      registeel    clearbody  chestoberry [bodypress, irondefense, ironhead, rest] ttype=fighting
INFO     	   brambleghast    windrider    leftovers [leechseed, poltergeist, powerwhip, substitute] ttype=water
INFO     	       espathra   speedboost    leftovers [calmmind, dazzlinggleam, roost, storedpower] ttype=fairy
INFO     Sampling battle 6
INFO     	       rayquaza      airlock   loadeddice [dragonascent, earthquake, scaleshot, swordsdance] ttype=flying
INFO     	          chiyu  beadsofruin heavydutyboots [darkpulse, fireblast, nastyplot, psychic] ttype=dark
INFO     Sampling 3 unrevealed pokemon
INFO     	         kyurem     pressure   loadeddice [dragondance, iciclespear, scaleshot, terablast] ttype=ground
INFO     	        suicune     pressure    leftovers [calmmind, icebeam, scald, substitute] ttype=steel
INFO     	         luxray   intimidate  assaultvest [icefang, throatchop, voltswitch, wildcharge] ttype=electric
INFO     Sampling battle 7
INFO     	       rayquaza      airlock   choiceband [dragonascent, earthquake, extremespeed, uturn] ttype=normal
INFO     	          chiyu  beadsofruin heavydutyboots [darkpulse, fireblast, nastyplot, psychic] ttype=fire
INFO     Sampling 3 unrevealed pokemon
INFO     	       dachsbun wellbakedbody    leftovers [bodypress, playrough, protect, wish] ttype=steel
INFO     	urshifurapidstrike   unseenfist  choicescarf [closecombat, icespinner, surgingstrikes, uturn] ttype=water
INFO     	    oricoriopau       dancer heavydutyboots [hurricane, quiverdance, revelationdance, roost] ttype=fighting
INFO     Sampling battle 8
INFO     	       rayquaza      airlock   loadeddice [dragonascent, earthquake, scaleshot, swordsdance] ttype=flying
INFO     	          chiyu  beadsofruin heavydutyboots [darkpulse, fireblast, nastyplot, psychic] ttype=fire
INFO     Sampling 3 unrevealed pokemon
INFO     	      poliwrath  waterabsorb  assaultvest [circlethrow, closecombat, knockoff, liquidation] ttype=fighting
INFO     	     typhlosion        blaze  choicespecs [eruption, fireblast, focusblast, scorchingsands] ttype=fire
INFO     	         latios     levitate      souldew [calmmind, dracometeor, psyshock, recover] ttype=steel
INFO     Sampling battle 9
INFO     	       rayquaza      airlock   choiceband [dragonascent, earthquake, extremespeed, uturn] ttype=normal
INFO     	          chiyu  beadsofruin heavydutyboots [darkpulse, fireblast, nastyplot, willowisp] ttype=dark
INFO     Sampling 3 unrevealed pokemon
INFO     	      clawitzer megalauncher  assaultvest [darkpulse, dragonpulse, uturn, waterpulse] ttype=dragon
INFO     	       ampharos       static  assaultvest [dazzlinggleam, dragontail, thunderbolt, voltswitch] ttype=fairy
INFO     	        shaymin  naturalcure    leftovers [airslash, leechseed, seedflare, substitute] ttype=steel
INFO     Sampling battle 10
INFO     	       rayquaza      airlock   loadeddice [dragonascent, earthquake, scaleshot, swordsdance] ttype=dragon
INFO     	          chiyu  beadsofruin heavydutyboots [darkpulse, fireblast, nastyplot, psychic] ttype=dark
INFO     Sampling 3 unrevealed pokemon
INFO     	      honchkrow        moxie heavydutyboots [bravebird, lashout, suckerpunch, thunderwave] ttype=dark
INFO     	       qwilfish   intimidate    leftovers [gunkshot, spikes, taunt, waterfall] ttype=grass
INFO     	        seviper  infiltrator    leftovers [earthquake, gunkshot, swordsdance, trailblaze] ttype=grass
INFO     Sampling battle 11
INFO     	       rayquaza      airlock   choiceband [dragonascent, earthquake, extremespeed, uturn] ttype=normal
INFO     	          chiyu  beadsofruin heavydutyboots [darkpulse, fireblast, nastyplot, willowisp] ttype=dark
INFO     Sampling 3 unrevealed pokemon
INFO     	       meganium     overgrow    leftovers [earthquake, knockoff, petalblizzard, swordsdance] ttype=ground
INFO     	        shiftry    windrider      lifeorb [knockoff, leafblade, lowkick, tailwind] ttype=fighting
INFO     	       bronzong     levitate    leftovers [earthquake, ironhead, psychic, stealthrock] ttype=water
INFO     Sampling battle 12
INFO     	       rayquaza      airlock heavydutyboots [dragonascent, dragondance, earthquake, outrage] ttype=flying
INFO     	          chiyu  beadsofruin heavydutyboots [darkpulse, fireblast, nastyplot, willowisp] ttype=fire
INFO     Sampling 3 unrevealed pokemon
INFO     	      tatsugiri   stormdrain heavydutyboots [dracometeor, nastyplot, rapidspin, surf] ttype=steel
INFO     	        ambipom   technician    silkscarf [doubleedge, fakeout, knockoff, lowkick] ttype=normal
INFO     	    slitherwing protosynthesis heavydutyboots [closecombat, morningsun, uturn, willowisp] ttype=fire
INFO     Sampling battle 13
INFO     	       rayquaza      airlock   loadeddice [dragonascent, earthquake, scaleshot, swordsdance] ttype=dragon
INFO     	          chiyu  beadsofruin heavydutyboots [darkpulse, fireblast, nastyplot, psychic] ttype=dark
INFO     Sampling 3 unrevealed pokemon
INFO     	taurospaldeaaqua   intimidate      lifeorb [aquajet, bulkup, closecombat, liquidation] ttype=water
INFO     	         klefki    prankster    leftovers [magnetrise, playrough, spikes, thunderwave] ttype=water
INFO     	   arceusdragon    multitype   dracoplate [calmmind, fireblast, judgment, recover] ttype=fire
INFO     Sampling battle 14
INFO     	       rayquaza      airlock heavydutyboots [dragonascent, dragondance, earthquake, outrage] ttype=flying
INFO     	          chiyu  beadsofruin  choicescarf [darkpulse, flamethrower, overheat, psychic] ttype=fire
INFO     Sampling 3 unrevealed pokemon
INFO     	       politoed      drizzle  choicespecs [focusblast, hydropump, icebeam, weatherball] ttype=water
INFO     	     victreebel  chlorophyll      lifeorb [knockoff, powerwhip, sleeppowder, sludgewave] ttype=grass
INFO     	       ribombee   shielddust    focussash [bugbuzz, moonblast, stickyweb, stunspore] ttype=ghost
INFO     Sampling battle 15
INFO     	       rayquaza      airlock heavydutyboots [dragonascent, dragondance, earthquake, outrage] ttype=flying
INFO     	          chiyu  beadsofruin heavydutyboots [darkpulse, fireblast, nastyplot, willowisp] ttype=fire
INFO     Sampling 3 unrevealed pokemon
INFO     	        drednaw    strongjaw    whiteherb [crunch, liquidation, shellsmash, stoneedge] ttype=dark
INFO     	  slowkinggalar  regenerator  assaultvest [fireblast, futuresight, psychicnoise, sludgebomb] ttype=fairy
INFO     	     forretress       sturdy    leftovers [ironhead, rapidspin, stealthrock, toxicspikes] ttype=water
INFO     Sampling battle 16
INFO     	       rayquaza      airlock heavydutyboots [dragonascent, earthquake, extremespeed, swordsdance] ttype=normal
INFO     	          chiyu  beadsofruin  choicescarf [darkpulse, flamethrower, overheat, psychic] ttype=dark
INFO     Sampling 3 unrevealed pokemon
INFO     	        lucario   innerfocus      lifeorb [flashcannon, focusblast, nastyplot, vacuumwave] ttype=fighting
INFO     	     sandaconda     shedskin    leftovers [earthquake, glare, rest, stoneedge] ttype=water
INFO     	       leavanny  chlorophyll   loadeddice [bulletseed, knockoff, stickyweb, tripleaxel] ttype=rock
INFO     Sampling battle 17
INFO     	       rayquaza      airlock   loadeddice [dragonascent, earthquake, scaleshot, swordsdance] ttype=steel
INFO     	          chiyu  beadsofruin heavydutyboots [darkpulse, fireblast, nastyplot, willowisp] ttype=fire
INFO     Sampling 3 unrevealed pokemon
INFO     	        dewgong     thickfat heavydutyboots [encore, flipturn, hydropump, icebeam] ttype=grass
INFO     	       chimecho     levitate    leftovers [healbell, psychicnoise, recover, thunderwave] ttype=poison
INFO     	       skuntank    aftermath      lifeorb [gunkshot, knockoff, suckerpunch, taunt] ttype=dark
INFO     Sampling battle 18
INFO     	       rayquaza      airlock heavydutyboots [dragonascent, dragondance, earthquake, outrage] ttype=flying
INFO     	          chiyu  beadsofruin  choicespecs [darkpulse, flamethrower, overheat, psychic] ttype=dark
INFO     Sampling 3 unrevealed pokemon
INFO     	      serperior     contrary      lifeorb [dragonpulse, glare, leafstorm, synthesis] ttype=grass
INFO     	        palafin   zerotohero   choiceband [closecombat, flipturn, jetpunch, wavecrash] ttype=water
INFO     	     kricketune   technician heavydutyboots [knockoff, pounce, stickyweb, taunt] ttype=ghost
INFO     Sampling battle 19
INFO     	       rayquaza      airlock heavydutyboots [dragonascent, dragondance, earthquake, outrage] ttype=flying
INFO     	          chiyu  beadsofruin heavydutyboots [darkpulse, fireblast, nastyplot, psychic] ttype=dark
INFO     Sampling 3 unrevealed pokemon
INFO     	          arbok   intimidate      lifeorb [earthquake, gunkshot, suckerpunch, toxicspikes] ttype=ground
INFO     	       leavanny        swarm heavydutyboots [knockoff, leafblade, lunge, stickyweb] ttype=rock
INFO     	         kyogre      drizzle    leftovers [calmmind, icebeam, originpulse, thunder] ttype=electric
INFO     Sampling battle 20
INFO     	       rayquaza      airlock heavydutyboots [dragonascent, dragondance, earthquake, outrage] ttype=flying
INFO     	          chiyu  beadsofruin heavydutyboots [darkpulse, fireblast, nastyplot, psychic] ttype=dark
INFO     Sampling 3 unrevealed pokemon
INFO     	        moltres    flamebody heavydutyboots [bravebird, fireblast, roost, scorchingsands] ttype=ground
INFO     	      eternatus     pressure    leftovers [dynamaxcannon, flamethrower, recover, toxic] ttype=dragon
INFO     	    arceusfairy    multitype   pixieplate [calmmind, earthpower, judgment, recover] ttype=steel
INFO     Sampling battle 21
INFO     	       rayquaza      airlock heavydutyboots [dragonascent, dragondance, earthquake, outrage] ttype=flying
INFO     	          chiyu  beadsofruin heavydutyboots [darkpulse, fireblast, nastyplot, psychic] ttype=fire
INFO     Sampling 3 unrevealed pokemon
INFO     	     annihilape      defiant    leftovers [bulkup, drainpunch, ragefist, taunt] ttype=ghost
INFO     	     mabosstiff     stakeout   choiceband [crunch, playrough, psychicfangs, wildcharge] ttype=fairy
INFO     	         plusle lightningrod      lifeorb [alluringvoice, grassknot, nastyplot, thunderbolt] ttype=fairy
INFO     Sampling battle 22
INFO     	       rayquaza      airlock   loadeddice [dragonascent, earthquake, scaleshot, swordsdance] ttype=dragon
INFO     	          chiyu  beadsofruin heavydutyboots [darkpulse, fireblast, nastyplot, willowisp] ttype=fire
INFO     Sampling 3 unrevealed pokemon
INFO     	        persian       limber   choiceband [doubleedge, knockoff, switcheroo, uturn] ttype=normal
INFO     	         latios     levitate  choicespecs [aurasphere, dracometeor, flipturn, lusterpurge] ttype=psychic
INFO     	    zapdosgalar      defiant      lifeorb [bravebird, bulkup, closecombat, knockoff] ttype=steel
INFO     Sampling battle 23
INFO     	       rayquaza      airlock   choiceband [dragonascent, earthquake, extremespeed, uturn] ttype=normal
INFO     	          chiyu  beadsofruin  choicespecs [darkpulse, flamethrower, overheat, psychic] ttype=dark
INFO     Sampling 3 unrevealed pokemon
INFO     	      greattusk protosynthesis boosterenergy [bulkup, closecombat, earthquake, stoneedge] ttype=ground
INFO     	       pelipper      drizzle heavydutyboots [hurricane, roost, surf, uturn] ttype=water
INFO     	       politoed      drizzle  choicespecs [focusblast, hydropump, icebeam, weatherball] ttype=water
INFO     Sampling battle 24
INFO     	       rayquaza      airlock heavydutyboots [dragonascent, dragondance, earthquake, outrage] ttype=steel
INFO     	          chiyu  beadsofruin  choicescarf [darkpulse, flamethrower, overheat, psychic] ttype=dark
INFO     Sampling 3 unrevealed pokemon
INFO     	   deoxysattack     pressure      lifeorb [icebeam, knockoff, psychoboost, superpower] ttype=fighting
INFO     	    fezandipiti   toxicchain    leftovers [beatup, gunkshot, moonblast, roost] ttype=dark
INFO     	       blaziken   speedboost      lifeorb [closecombat, flareblitz, knockoff, swordsdance] ttype=dark
INFO     Sampling battle 25
INFO     	       rayquaza      airlock heavydutyboots [dragonascent, earthquake, extremespeed, swordsdance] ttype=normal
INFO     	          chiyu  beadsofruin  choicespecs [darkpulse, flamethrower, overheat, psychic] ttype=dark
INFO     Sampling 3 unrevealed pokemon
INFO     	     baxcalibur thermalexchange   loadeddice [earthquake, iciclespear, scaleshot, swordsdance] ttype=ground
INFO     	       hariyama     thickfat  assaultvest [bulletpunch, closecombat, heavyslam, knockoff] ttype=steel
INFO     	        luvdisc    swiftswim heavydutyboots [endeavor, flipturn, substitute, surf] ttype=ground
INFO     Sampling battle 26
INFO     	       rayquaza      airlock   loadeddice [dragonascent, earthquake, scaleshot, swordsdance] ttype=dragon
INFO     	          chiyu  beadsofruin heavydutyboots [darkpulse, fireblast, nastyplot, willowisp] ttype=dark
INFO     Sampling 3 unrevealed pokemon
INFO     	     sandaconda     shedskin   loadeddice [coil, earthquake, rockblast, scaleshot] ttype=dragon
INFO     	        diancie    clearbody    leftovers [calmmind, diamondstorm, drainingkiss, earthpower] ttype=water
INFO     	       mienshao     reckless   choiceband [highjumpkick, knockoff, poisonjab, stoneedge] ttype=fighting
INFO     Sampling battle 27
INFO     	       rayquaza      airlock heavydutyboots [dragonascent, dragondance, earthquake, outrage] ttype=steel
INFO     	          chiyu  beadsofruin heavydutyboots [darkpulse, fireblast, nastyplot, psychic] ttype=dark
INFO     Sampling 3 unrevealed pokemon
INFO     	 keldeoresolute    justified    leftovers [calmmind, secretsword, substitute, surf] ttype=steel
INFO     	        florges   flowerveil    leftovers [calmmind, moonblast, synthesis, terablast] ttype=ground
INFO     	     perrserker   toughclaws   choiceband [closecombat, ironhead, knockoff, uturn] ttype=fighting
INFO     Sampling battle 28
INFO     	       rayquaza      airlock heavydutyboots [dragonascent, dragondance, earthquake, outrage] ttype=steel
INFO     	          chiyu  beadsofruin  choicescarf [darkpulse, flamethrower, overheat, psychic] ttype=fire
INFO     Sampling 3 unrevealed pokemon
INFO     	      dragapult    clearbody      lifeorb [dragondance, dragondarts, fireblast, terablast] ttype=ghost
INFO     	        darkrai    baddreams    leftovers [darkpulse, nastyplot, sludgebomb, substitute] ttype=poison
INFO     	   arceusground    multitype   earthplate [dragondance, earthquake, recover, stoneedge] ttype=steel
INFO     Sampling battle 29
INFO     	       rayquaza      airlock heavydutyboots [dragonascent, dragondance, earthquake, outrage] ttype=steel
INFO     	          chiyu  beadsofruin  choicespecs [darkpulse, flamethrower, overheat, psychic] ttype=dark
INFO     Sampling 3 unrevealed pokemon
INFO     	        scrafty   intimidate    leftovers [dragondance, drainpunch, knockoff, poisonjab] ttype=poison
INFO     	      meowsticf  competitive      lifeorb [darkpulse, nastyplot, psychic, thunderbolt] ttype=electric
INFO     	          hypno     insomnia    leftovers [encore, knockoff, psychicnoise, toxic] ttype=fairy
INFO     Sampling battle 30
INFO     	       rayquaza      airlock heavydutyboots [dragonascent, dragondance, earthquake, outrage] ttype=steel
INFO     	          chiyu  beadsofruin heavydutyboots [darkpulse, fireblast, nastyplot, psychic] ttype=fire
INFO     Sampling 3 unrevealed pokemon
INFO     	       maushold   technician     widelens [bite, encore, populationbomb, tidyup] ttype=ghost
INFO     	      amoonguss  regenerator    leftovers [gigadrain, sludgebomb, spore, stompingtantrum] ttype=water
INFO     	        kingdra       sniper     lumberry [dragondance, ironhead, outrage, wavecrash] ttype=steel
INFO     Sampling battle 31
INFO     	       rayquaza      airlock   loadeddice [dragonascent, earthquake, scaleshot, swordsdance] ttype=dragon
INFO     	          chiyu  beadsofruin heavydutyboots [darkpulse, fireblast, nastyplot, psychic] ttype=fire
INFO     Sampling 3 unrevealed pokemon
INFO     	      terrakion    justified      lifeorb [closecombat, earthquake, stoneedge, swordsdance] ttype=ground
INFO     	    slitherwing protosynthesis boosterenergy [acrobatics, bulkup, closecombat, wildcharge] ttype=electric
INFO     	     feraligatr   sheerforce      lifeorb [crunch, dragondance, icepunch, liquidation] ttype=water
INFO     Searching for a move using MCTS...
INFO     Sampling 32 battles at 250ms each
INFO     Policy 0: switch misdreavus visited 70.27% avg_score=0.415 sample_chance_multiplier=0.031
INFO     Policy 1: switch misdreavus visited 86.39% avg_score=0.547 sample_chance_multiplier=0.031
INFO     Policy 2: switch misdreavus visited 78.96% avg_score=0.526 sample_chance_multiplier=0.031
INFO     Policy 3: switch misdreavus visited 64.38% avg_score=0.549 sample_chance_multiplier=0.031
INFO     Policy 4: switch lunala visited 34.99% avg_score=0.548 sample_chance_multiplier=0.031
INFO     Policy 5: switch misdreavus visited 68.93% avg_score=0.504 sample_chance_multiplier=0.031
INFO     Policy 6: switch meloetta visited 38.38% avg_score=0.518 sample_chance_multiplier=0.031
INFO     Policy 7: switch misdreavus visited 55.83% avg_score=0.427 sample_chance_multiplier=0.031
INFO     Policy 8: switch meloetta visited 48.02% avg_score=0.528 sample_chance_multiplier=0.031
INFO     Policy 9: switch misdreavus visited 58.89% avg_score=0.417 sample_chance_multiplier=0.031
INFO     Policy 10: switch misdreavus visited 61.01% avg_score=0.545 sample_chance_multiplier=0.031
INFO     Policy 11: switch misdreavus visited 70.47% avg_score=0.441 sample_chance_multiplier=0.031
INFO     Policy 12: switch misdreavus visited 82.22% avg_score=0.546 sample_chance_multiplier=0.031
INFO     Policy 13: switch misdreavus visited 59.27% avg_score=0.543 sample_chance_multiplier=0.031
INFO     Policy 14: switch misdreavus visited 74.9% avg_score=0.519 sample_chance_multiplier=0.031
INFO     Policy 15: switch misdreavus visited 55.51% avg_score=0.502 sample_chance_multiplier=0.031
INFO     Policy 16: switch misdreavus visited 66.34% avg_score=0.518 sample_chance_multiplier=0.031
INFO     Policy 17: switch misdreavus visited 49.14% avg_score=0.533 sample_chance_multiplier=0.031
INFO     Policy 18: switch misdreavus visited 72.86% avg_score=0.493 sample_chance_multiplier=0.031
INFO     Policy 19: switch misdreavus visited 79.41% avg_score=0.499 sample_chance_multiplier=0.031
INFO     Policy 20: switch misdreavus visited 85.22% avg_score=0.54 sample_chance_multiplier=0.031
INFO     Policy 21: switch misdreavus visited 85.48% avg_score=0.546 sample_chance_multiplier=0.031
INFO     Policy 22: switch misdreavus visited 56.17% avg_score=0.553 sample_chance_multiplier=0.031
INFO     Policy 23: switch misdreavus visited 41.61% avg_score=0.432 sample_chance_multiplier=0.031
INFO     Policy 24: switch misdreavus visited 59.04% avg_score=0.496 sample_chance_multiplier=0.031
INFO     Policy 25: switch misdreavus visited 49.41% avg_score=0.559 sample_chance_multiplier=0.031
INFO     Policy 26: switch misdreavus visited 62.52% avg_score=0.543 sample_chance_multiplier=0.031
INFO     Policy 27: switch misdreavus visited 85.06% avg_score=0.533 sample_chance_multiplier=0.031
INFO     Policy 28: switch misdreavus visited 82.39% avg_score=0.546 sample_chance_multiplier=0.031
INFO     Policy 29: switch misdreavus visited 85.26% avg_score=0.535 sample_chance_multiplier=0.031
INFO     Policy 30: switch misdreavus visited 83.83% avg_score=0.537 sample_chance_multiplier=0.031
INFO     Policy 31: switch misdreavus visited 69.84% avg_score=0.553 sample_chance_multiplier=0.031
INFO     Considered Choices:
INFO     	64.999%: switch misdreavus
INFO     Choice: switch misdreavus
INFO     misdreavus switched in, adding intimidate to impossible abilities
INFO     misdreavus switched in, adding pressure to impossible abilities
INFO     misdreavus switched in, adding neutralizinggas to impossible abilities
INFO     misdreavus switched in, adding sandstream to impossible abilities
INFO     misdreavus switched in, adding drought to impossible abilities
INFO     misdreavus switched in, adding drizzle to impossible abilities
INFO     misdreavus switched in, adding snowwarning to impossible abilities
INFO     misdreavus switched in, adding boosterenergy to impossible items
INFO     misdreavus switched in, adding airballoon to impossible items
INFO     rayquaza using dragondance makes it unlikely to have a choice item. Setting can_have_choice_item to False
INFO     rayquaza used a status-move. Adding `assaultvest` to impossible items
INFO     Setting rayquaza's last used move: dragondance
INFO     rayquaza's attack was boosted by 1 to 1
INFO     rayquaza's speed was boosted by 1 to 1
INFO     grassyterrain turns remaining: 2
INFO     
INFO     Turn: 5
INFO     root priors (12): {'willowisp': 0.77, 'drainingkiss': 0.193, 'shadowball': 0.01, 'willowisp-tera': 0.008}
INFO     Sampling battle 0
INFO     	       rayquaza      airlock heavydutyboots [dragonascent, dragondance, earthquake, outrage] ttype=steel
INFO     	          chiyu  beadsofruin heavydutyboots [darkpulse, fireblast, nastyplot, willowisp] ttype=fire
INFO     Sampling 3 unrevealed pokemon
INFO     	        bisharp      defiant     eviolite [ironhead, stealthrock, suckerpunch, throatchop] ttype=flying
INFO     	necrozmaduskmane   prismarmor weaknesspolicy [dragondance, earthquake, morningsun, sunsteelstrike] ttype=steel
INFO     	   brambleghast    windrider heavydutyboots [poltergeist, powerwhip, rapidspin, strengthsap] ttype=steel
INFO     Sampling battle 1
INFO     	       rayquaza      airlock heavydutyboots [dragonascent, dragondance, earthquake, outrage] ttype=flying
INFO     	          chiyu  beadsofruin  choicescarf [darkpulse, flamethrower, overheat, psychic] ttype=dark
INFO     Sampling 3 unrevealed pokemon
INFO     	      bellibolt electromorphosis    leftovers [muddywater, slackoff, thunderbolt, toxic] ttype=electric
INFO     	thundurustherian   voltabsorb  choicescarf [psychic, sludgewave, thunderbolt, voltswitch] ttype=electric
INFO     	       chimecho     levitate    leftovers [encore, psychicnoise, recover, thunderwave] ttype=poison
INFO     Sampling battle 2
INFO     	       rayquaza      airlock heavydutyboots [dragonascent, dragondance, earthquake, outrage] ttype=flying
INFO     	          chiyu  beadsofruin heavydutyboots [darkpulse, fireblast, nastyplot, willowisp] ttype=dark
INFO     Sampling 3 unrevealed pokemon
INFO     	       meganium     overgrow    leftovers [energyball, knockoff, leechseed, synthesis] ttype=water
INFO     	      gastrodon   stormdrain    leftovers [earthquake, recover, sludgebomb, surf] ttype=poison
INFO     	      cryogonal     levitate heavydutyboots [icebeam, rapidspin, recover, terablast] ttype=electric
INFO     Sampling battle 3
INFO     	       rayquaza      airlock heavydutyboots [dragonascent, dragondance, earthquake, outrage] ttype=steel
INFO     	          chiyu  beadsofruin heavydutyboots [darkpulse, fireblast, nastyplot, willowisp] ttype=dark
INFO     Sampling 3 unrevealed pokemon
INFO     	      bellossom  chlorophyll    leftovers [gigadrain, quiverdance, strengthsap, terablast] ttype=rock
INFO     	       regirock    clearbody    leftovers [bodypress, stealthrock, stoneedge, thunderwave] ttype=fighting
INFO     	         lunala shadowshield    leftovers [calmmind, moongeistbeam, moonlight, psyshock] ttype=fairy
INFO     Sampling battle 4
INFO     	       rayquaza      airlock heavydutyboots [dragonascent, dragondance, earthquake, outrage] ttype=steel
INFO     	          chiyu  beadsofruin  choicespecs [darkpulse, flamethrower, overheat, psychic] ttype=dark
INFO     Sampling 3 unrevealed pokemon
INFO     	        golduck    cloudnine  choicespecs [flipturn, grassknot, hydropump, icebeam] ttype=grass
INFO     	          hoopa     magician  choicescarf [focusblast, psyshock, shadowball, trick] ttype=fighting
INFO     	           hooh  regenerator heavydutyboots [bravebird, earthquake, recover, sacredfire] ttype=ground
INFO     Sampling battle 5
INFO     	       rayquaza      airlock heavydutyboots [dragonascent, dragondance, earthquake, outrage] ttype=steel
INFO     	          chiyu  beadsofruin  choicescarf [darkpulse, flamethrower, overheat, psychic] ttype=dark
INFO     Sampling 3 unrevealed pokemon
INFO     	        snorlax     thickfat    leftovers [bodyslam, curse, rest, sleeptalk] ttype=poison
INFO     	         lunala shadowshield    leftovers [calmmind, moonblast, moongeistbeam, moonlight] ttype=fairy
INFO     	       rotommow     levitate    leftovers [leafstorm, thunderbolt, voltswitch, willowisp] ttype=electric
INFO     Sampling battle 6
INFO     	       rayquaza      airlock heavydutyboots [dragonascent, dragondance, earthquake, outrage] ttype=steel
INFO     	          chiyu  beadsofruin  choicespecs [darkpulse, flamethrower, overheat, psychic] ttype=fire
INFO     Sampling 3 unrevealed pokemon
INFO     	       cloyster    skilllink    whiteherb [hydropump, iciclespear, rockblast, shellsmash] ttype=ice
INFO     	 arceuselectric    multitype     zapplate [calmmind, icebeam, judgment, recover] ttype=electric
INFO     	       dachsbun wellbakedbody    leftovers [bodypress, playrough, protect, wish] ttype=steel
INFO     Sampling battle 7
INFO     	       rayquaza      airlock heavydutyboots [dragonascent, dragondance, earthquake, outrage] ttype=flying
INFO     	          chiyu  beadsofruin  choicescarf [darkpulse, flamethrower, overheat, psychic] ttype=dark
INFO     Sampling 3 unrevealed pokemon
INFO     	      toxicroak      dryskin   choiceband [closecombat, gunkshot, knockoff, suckerpunch] ttype=dark
INFO     	        weavile   pickpocket heavydutyboots [iceshard, knockoff, swordsdance, tripleaxel] ttype=dark
INFO     	      spectrier    grimneigh      lifeorb [darkpulse, drainingkiss, nastyplot, shadowball] ttype=fairy
INFO     Sampling battle 8
INFO     	       rayquaza      airlock heavydutyboots [dragonascent, dragondance, earthquake, outrage] ttype=steel
INFO     	          chiyu  beadsofruin heavydutyboots [darkpulse, fireblast, nastyplot, willowisp] ttype=fire
INFO     Sampling 3 unrevealed pokemon
INFO     	        darkrai    baddreams    leftovers [darkpulse, nastyplot, sludgebomb, substitute] ttype=poison
INFO     	    deoxysspeed     pressure      lifeorb [knockoff, psychoboost, spikes, superpower] ttype=dark
INFO     	  calyrexshadow asonespectrier      lifeorb [astralbarrage, nastyplot, pollenpuff, psyshock] ttype=dark
INFO     Sampling battle 9
INFO     	       rayquaza      airlock heavydutyboots [dragonascent, dragondance, earthquake, outrage] ttype=flying
INFO     	          chiyu  beadsofruin heavydutyboots [darkpulse, fireblast, nastyplot, psychic] ttype=dark
INFO     Sampling 3 unrevealed pokemon
INFO     	     houndstone       fluffy    leftovers [bodypress, poltergeist, rest, sleeptalk] ttype=fighting
INFO     	      volcarona    flamebody heavydutyboots [fireblast, gigadrain, quiverdance, terablast] ttype=ground
INFO     	        snorlax     thickfat  chestoberry [bodyslam, curse, earthquake, rest] ttype=ground
INFO     Sampling battle 10
INFO     	       rayquaza      airlock heavydutyboots [dragonascent, dragondance, earthquake, outrage] ttype=flying
INFO     	          chiyu  beadsofruin heavydutyboots [darkpulse, fireblast, nastyplot, psychic] ttype=dark
INFO     Sampling 3 unrevealed pokemon
INFO     	       vikavolt     levitate heavydutyboots [bugbuzz, stickyweb, thunderbolt, voltswitch] ttype=electric
INFO     	    arceusfairy    multitype   pixieplate [calmmind, earthpower, judgment, recover] ttype=steel
INFO     	        mimikyu     disguise      lifeorb [drainpunch, playrough, shadowsneak, swordsdance] ttype=fighting
INFO     Sampling battle 11
INFO     	       rayquaza      airlock heavydutyboots [dragonascent, dragondance, earthquake, outrage] ttype=steel
INFO     	          chiyu  beadsofruin heavydutyboots [darkpulse, fireblast, nastyplot, willowisp] ttype=dark
INFO     Sampling 3 unrevealed pokemon
INFO     	       braviary      defiant heavydutyboots [bravebird, bulkup, closecombat, roost] ttype=fighting
INFO     	          azelf     levitate  assaultvest [explosion, fireblast, knockoff, psychic] ttype=fire
INFO     	      zebstrika    sapsipper      lifeorb [highhorsepower, overheat, supercellslam, voltswitch] ttype=ground
INFO     Sampling battle 12
INFO     	       rayquaza      airlock heavydutyboots [dragonascent, dragondance, earthquake, outrage] ttype=steel
INFO     	          chiyu  beadsofruin  choicescarf [darkpulse, flamethrower, overheat, psychic] ttype=dark
INFO     Sampling 3 unrevealed pokemon
INFO     	    kilowattrel   voltabsorb heavydutyboots [hurricane, roost, thunderbolt, uturn] ttype=steel
INFO     	         espeon  magicbounce      lifeorb [alluringvoice, calmmind, morningsun, psychic] ttype=psychic
INFO     	        blissey  naturalcure    leftovers [seismictoss, softboiled, stealthrock, thunderwave] ttype=ghost
INFO     Sampling battle 13
INFO     	       rayquaza      airlock heavydutyboots [dragonascent, dragondance, earthquake, outrage] ttype=steel
INFO     	          chiyu  beadsofruin heavydutyboots [darkpulse, fireblast, nastyplot, psychic] ttype=dark
INFO     Sampling 3 unrevealed pokemon
INFO     	      infernape        blaze  choicescarf [closecombat, flareblitz, gunkshot, stoneedge] ttype=fighting
INFO     	       sceptile     overgrow      lifeorb [earthquake, gigadrain, rockslide, shedtail] ttype=grass
INFO     	       maushold   technician     widelens [bite, encore, populationbomb, tidyup] ttype=ghost
INFO     Sampling battle 14
INFO     	       rayquaza      airlock heavydutyboots [dragonascent, dragondance, earthquake, outrage] ttype=flying
INFO     	          chiyu  beadsofruin  choicespecs [darkpulse, flamethrower, overheat, psychic] ttype=fire
INFO     Sampling 3 unrevealed pokemon
INFO     	        ambipom   technician   choiceband [doubleedge, knockoff, lowkick, tripleaxel] ttype=ice
INFO     	      gastrodon   stormdrain    leftovers [earthquake, recover, stealthrock, surf] ttype=poison
INFO     	       samurott      torrent  assaultvest [aquajet, hydropump, knockoff, megahorn] ttype=water
INFO     Sampling battle 15
INFO     	       rayquaza      airlock heavydutyboots [dragonascent, dragondance, earthquake, outrage] ttype=flying
INFO     	          chiyu  beadsofruin  choicescarf [darkpulse, flamethrower, overheat, psychic] ttype=fire
INFO     Sampling 3 unrevealed pokemon
INFO     	   crabominable     ironfist   choiceband [closecombat, earthquake, gunkshot, icehammer] ttype=fighting
INFO     	     hitmonchan     ironfist    leftovers [bulkup, drainpunch, knockoff, poisonjab] ttype=dark
INFO     	         zacian intrepidsword   choiceband [closecombat, playrough, psychicfangs, wildcharge] ttype=fighting
INFO     Searching for a move using MCTS...
INFO     Sampling 16 battles at 500ms each
INFO     Policy 0: willowisp visited 88.64% avg_score=0.616 sample_chance_multiplier=0.062
INFO     Policy 1: willowisp visited 91.61% avg_score=0.629 sample_chance_multiplier=0.062
INFO     Policy 2: willowisp visited 93.25% avg_score=0.622 sample_chance_multiplier=0.062
INFO     Policy 3: willowisp visited 54.97% avg_score=0.566 sample_chance_multiplier=0.062
INFO     Policy 4: willowisp visited 95.45% avg_score=0.639 sample_chance_multiplier=0.062
INFO     Policy 5: willowisp visited 91.26% avg_score=0.633 sample_chance_multiplier=0.062
INFO     Policy 6: willowisp visited 95.65% avg_score=0.63 sample_chance_multiplier=0.062
INFO     Policy 7: willowisp visited 92.06% avg_score=0.626 sample_chance_multiplier=0.062
INFO     Policy 8: willowisp visited 88.59% avg_score=0.631 sample_chance_multiplier=0.062
INFO     Policy 9: willowisp visited 63.3% avg_score=0.595 sample_chance_multiplier=0.062
INFO     Policy 10: willowisp visited 91.16% avg_score=0.62 sample_chance_multiplier=0.062
INFO     Policy 11: willowisp visited 95.43% avg_score=0.647 sample_chance_multiplier=0.062
INFO     Policy 12: willowisp visited 87.53% avg_score=0.628 sample_chance_multiplier=0.062
INFO     Policy 13: willowisp visited 96.15% avg_score=0.651 sample_chance_multiplier=0.062
INFO     Policy 14: willowisp visited 83.53% avg_score=0.606 sample_chance_multiplier=0.062
INFO     Policy 15: willowisp visited 91.17% avg_score=0.616 sample_chance_multiplier=0.062
INFO     Considered Choices:
INFO     	87.485%: willowisp
INFO     Choice: willowisp
INFO     Updated rayquaza's min speed to 136
INFO     rayquaza terastallized. Tera type: flying, Original types: ['dragon', 'flying']
INFO     rayquaza used two different moves - it cannot have a choice item
INFO     rayquaza used a flying move, removing flyinggem from possible items
INFO     Setting rayquaza's last used move: dragonascent
INFO     rayquaza used a damaging move - not guessing lifeorb anymore
INFO     rayquaza did 84.25% damage to misdreavus with dragonascent
INFO     rayquaza's defense was unboosted by 1 to -1
INFO     rayquaza's special-defense was unboosted by 1 to -1
INFO     misdreavus already has the move willowisp. Decrementing the PP by 1
INFO     misdreavus used a status-move. Adding `assaultvest` to impossible items
INFO     Setting misdreavus's last used move: willowisp
INFO     rayquaza got status: brn
INFO     No longer guessing lumberry because rayquaza got status brn
INFO     grassyterrain turns remaining: 1
INFO     rayquaza has less than maxhp during upkeep, no longer guessing leftovers or blacksludge
INFO     
INFO     Turn: 6
INFO     root priors (12): {'switch lunala': 0.327, 'drainingkiss': 0.237, 'shadowball': 0.175, 'drainingkiss-tera': 0.129}
INFO     Sampling battle 0
INFO     	       rayquaza      airlock heavydutyboots [dragonascent, dragondance, earthquake, outrage] ttype=flying
INFO     	          chiyu  beadsofruin heavydutyboots [darkpulse, fireblast, nastyplot, psychic] ttype=dark
INFO     Sampling 3 unrevealed pokemon
INFO     	     masquerain   intimidate heavydutyboots [bugbuzz, hurricane, hydropump, quiverdance] ttype=water
INFO     	       greedent   cheekpouch  sitrusberry [bodyslam, earthquake, knockoff, swordsdance] ttype=ground
INFO     	    arceusgrass    multitype  meadowplate [calmmind, earthpower, icebeam, judgment] ttype=ground
INFO     Sampling battle 1
INFO     	       rayquaza      airlock heavydutyboots [dragonascent, dragondance, earthquake, outrage] ttype=flying
INFO     	          chiyu  beadsofruin  choicespecs [darkpulse, flamethrower, overheat, psychic] ttype=fire
INFO     Sampling 3 unrevealed pokemon
INFO     	      cresselia     levitate    leftovers [calmmind, moonlight, psyshock, thunderbolt] ttype=electric
INFO     	    goodrahisui    sapsipper  assaultvest [dracometeor, fireblast, heavyslam, thunderbolt] ttype=flying
INFO     	      pecharunt poisonpuppeteer    leftovers [malignantchain, nastyplot, recover, shadowball] ttype=dark
INFO     Sampling battle 2
INFO     	       rayquaza      airlock heavydutyboots [dragonascent, dragondance, earthquake, outrage] ttype=flying
INFO     	          chiyu  beadsofruin heavydutyboots [darkpulse, fireblast, nastyplot, psychic] ttype=fire
INFO     Sampling 3 unrevealed pokemon
INFO     	       meowstic    prankster    lightclay [lightscreen, psychicnoise, reflect, thunderwave] ttype=fairy
INFO     	       bronzong     levitate  chestoberry [bodypress, irondefense, ironhead, rest] ttype=fighting
INFO     	      charizard        blaze heavydutyboots [dragondance, earthquake, flareblitz, outrage] ttype=dragon
INFO     Sampling battle 3
INFO     	       rayquaza      airlock heavydutyboots [dragonascent, dragondance, earthquake, outrage] ttype=flying
INFO     	          chiyu  beadsofruin heavydutyboots [darkpulse, fireblast, nastyplot, psychic] ttype=dark
INFO     Sampling 3 unrevealed pokemon
INFO     	      trevenant  naturalcure   choiceband [drainpunch, hornleech, poltergeist, woodhammer] ttype=fighting
INFO     	      probopass   magnetpull  chestoberry [bodypress, irondefense, powergem, rest] ttype=fighting
INFO     	       granbull   intimidate    leftovers [earthquake, playrough, roar, thunderwave] ttype=ground
INFO     Sampling battle 4
INFO     	       rayquaza      airlock heavydutyboots [dragonascent, dragondance, earthquake, outrage] ttype=flying
INFO     	          chiyu  beadsofruin  choicescarf [darkpulse, flamethrower, overheat, psychic] ttype=dark
INFO     Sampling 3 unrevealed pokemon
INFO     	         comfey       triage    leftovers [calmmind, drainingkiss, gigadrain, storedpower] ttype=steel
INFO     	      spiritomb  infiltrator    leftovers [foulplay, painsplit, poltergeist, shadowsneak] ttype=poison
INFO     	       magearna    soulheart    leftovers [calmmind, flashcannon, fleurcannon, shiftgear] ttype=fairy
INFO     Sampling battle 5
INFO     	       rayquaza      airlock heavydutyboots [dragonascent, dragondance, earthquake, outrage] ttype=flying
INFO     	          chiyu  beadsofruin heavydutyboots [darkpulse, fireblast, nastyplot, willowisp] ttype=dark
INFO     Sampling 3 unrevealed pokemon
INFO     	    walkingwake protosynthesis      lifeorb [dracometeor, flamethrower, hydrosteam, sunnyday] ttype=fire
INFO     	        shiftry    windrider heavydutyboots [defog, knockoff, leafstorm, suckerpunch] ttype=dark
INFO     	        pikachu lightningrod    lightball [fakeout, surf, voltswitch, volttackle] ttype=water
INFO     Sampling battle 6
INFO     	       rayquaza      airlock heavydutyboots [dragonascent, dragondance, earthquake, outrage] ttype=flying
INFO     	          chiyu  beadsofruin heavydutyboots [darkpulse, fireblast, nastyplot, psychic] ttype=dark
INFO     Sampling 3 unrevealed pokemon
INFO     	          minun   voltabsorb      lifeorb [alluringvoice, encore, nastyplot, thunderbolt] ttype=fairy
INFO     	  braviaryhisui   tintedlens  choicespecs [esperwing, hurricane, uturn, vacuumwave] ttype=fighting
INFO     	     feraligatr   sheerforce      lifeorb [dragondance, icepunch, liquidation, trailblaze] ttype=water
INFO     Sampling battle 7
INFO     	       rayquaza      airlock heavydutyboots [dragonascent, dragondance, earthquake, outrage] ttype=flying
INFO     	          chiyu  beadsofruin  choicespecs [darkpulse, flamethrower, overheat, psychic] ttype=fire
INFO     Sampling 3 unrevealed pokemon
INFO     	         glalie   innerfocus heavydutyboots [earthquake, freezedry, spikes, taunt] ttype=ground
INFO     	      hatterene  magicbounce  assaultvest [drainingkiss, mysticalfire, nuzzle, psychicnoise] ttype=steel
INFO     	      tatsugiri   stormdrain heavydutyboots [dracometeor, hydropump, nastyplot, rapidspin] ttype=steel
INFO     Sampling battle 8
INFO     	       rayquaza      airlock heavydutyboots [dragonascent, dragondance, earthquake, outrage] ttype=flying
INFO     	          chiyu  beadsofruin heavydutyboots [darkpulse, fireblast, nastyplot, psychic] ttype=dark
INFO     Sampling 3 unrevealed pokemon
INFO     	         lunala shadowshield    leftovers [calmmind, moongeistbeam, moonlight, psyshock] ttype=fairy
INFO     	  zaciancrowned intrepidsword  rustedsword [behemothblade, closecombat, playrough, swordsdance] ttype=fighting
INFO     	lycanrocmidnight      noguard      lifeorb [closecombat, knockoff, stoneedge, swordsdance] ttype=fighting
INFO     Sampling battle 9
INFO     	       rayquaza      airlock heavydutyboots [dragonascent, dragondance, earthquake, outrage] ttype=flying
INFO     	          chiyu  beadsofruin  choicespecs [darkpulse, flamethrower, overheat, psychic] ttype=fire
INFO     Sampling 3 unrevealed pokemon
INFO     	        groudon      drought    leftovers [heatcrash, precipiceblades, roar, spikes] ttype=fire
INFO     	      ceruledge    weakarmor heavydutyboots [bitterblade, closecombat, poltergeist, swordsdance] ttype=ghost
INFO     	         tauros   sheerforce      lifeorb [bodyslam, closecombat, earthquake, throatchop] ttype=ground
INFO     Sampling battle 10
INFO     	       rayquaza      airlock heavydutyboots [dragonascent, dragondance, earthquake, outrage] ttype=flying
INFO     	          chiyu  beadsofruin heavydutyboots [darkpulse, fireblast, nastyplot, willowisp] ttype=fire
INFO     Sampling 3 unrevealed pokemon
INFO     	       arcanine   intimidate heavydutyboots [extremespeed, flareblitz, morningsun, roar] ttype=normal
INFO     	  calyrexshadow asonespectrier  choicespecs [astralbarrage, pollenpuff, psyshock, trick] ttype=ghost
INFO     	 giratinaorigin     levitate griseouscore [dracometeor, dragontail, poltergeist, shadowsneak] ttype=steel
INFO     Sampling battle 11
INFO     	       rayquaza      airlock heavydutyboots [dragonascent, dragondance, earthquake, outrage] ttype=flying
INFO     	          chiyu  beadsofruin heavydutyboots [darkpulse, fireblast, nastyplot, psychic] ttype=dark
INFO     Sampling 3 unrevealed pokemon
INFO     	       delibird       hustle heavydutyboots [bravebird, drillrun, iceshard, icespinner] ttype=ground
INFO     	     feraligatr   sheerforce      lifeorb [crunch, dragondance, icepunch, liquidation] ttype=dark
INFO     	       cobalion    justified    leftovers [bodypress, irondefense, ironhead, thunderwave] ttype=water
INFO     Sampling battle 12
INFO     	       rayquaza      airlock heavydutyboots [dragonascent, dragondance, earthquake, outrage] ttype=flying
INFO     	          chiyu  beadsofruin heavydutyboots [darkpulse, fireblast, nastyplot, willowisp] ttype=dark
INFO     Sampling 3 unrevealed pokemon
INFO     	       cacturne  waterabsorb      lifeorb [knockoff, leafstorm, spikes, suckerpunch] ttype=poison
INFO     	     houndstone       fluffy   choiceband [bodypress, poltergeist, shadowsneak, trick] ttype=fighting
INFO     	  oricoriosensu       dancer heavydutyboots [hurricane, quiverdance, revelationdance, roost] ttype=fighting
INFO     Sampling battle 13
INFO     	       rayquaza      airlock heavydutyboots [dragonascent, dragondance, earthquake, outrage] ttype=flying
INFO     	          chiyu  beadsofruin heavydutyboots [darkpulse, fireblast, nastyplot, psychic] ttype=fire
INFO     Sampling 3 unrevealed pokemon
INFO     	      rampardos   sheerforce      lifeorb [earthquake, firepunch, rockslide, zenheadbutt] ttype=fire
INFO     	         swanna    hydration heavydutyboots [bravebird, defog, hydropump, roost] ttype=ground
INFO     	    sandyshocks protosynthesis    leftovers [earthpower, spikes, thunderbolt, thunderwave] ttype=grass
INFO     Sampling battle 14
INFO     	       rayquaza      airlock heavydutyboots [dragonascent, dragondance, earthquake, outrage] ttype=flying
INFO     	          chiyu  beadsofruin heavydutyboots [darkpulse, fireblast, nastyplot, psychic] ttype=dark
INFO     Sampling 3 unrevealed pokemon
INFO     	    corviknight     pressure  rockyhelmet [bodypress, bravebird, defog, roost] ttype=dragon
INFO     	  calyrexshadow asonespectrier      lifeorb [astralbarrage, nastyplot, pollenpuff, psyshock] ttype=ghost
INFO     	       tinkaton  moldbreaker    leftovers [gigatonhammer, playrough, protect, swordsdance] ttype=steel
INFO     Sampling battle 15
INFO     	       rayquaza      airlock heavydutyboots [dragonascent, dragondance, earthquake, outrage] ttype=flying
INFO     	          chiyu  beadsofruin  choicespecs [darkpulse, flamethrower, overheat, psychic] ttype=dark
INFO     Sampling 3 unrevealed pokemon
INFO     	       sawsbuck    sapsipper      lifeorb [doubleedge, highhorsepower, hornleech, swordsdance] ttype=ground
INFO     	       meowstic    prankster    lightclay [lightscreen, psychicnoise, reflect, yawn] ttype=fairy
INFO     	   hoopaunbound     magician   choiceband [gunkshot, hyperspacefury, trick, zenheadbutt] ttype=poison
INFO     Searching for a move using MCTS...
INFO     Sampling 16 battles at 500ms each
INFO     Policy 0: switch lunala visited 67.42% avg_score=0.418 sample_chance_multiplier=0.062
INFO     Policy 1: switch lunala visited 74.1% avg_score=0.435 sample_chance_multiplier=0.062
INFO     Policy 2: switch lunala visited 76.36% avg_score=0.444 sample_chance_multiplier=0.062
INFO     Policy 3: switch lunala visited 72.31% avg_score=0.428 sample_chance_multiplier=0.062
INFO     Policy 4: switch lunala visited 75.7% avg_score=0.436 sample_chance_multiplier=0.062
INFO     Policy 5: switch lunala visited 75.21% avg_score=0.446 sample_chance_multiplier=0.062
INFO     Policy 6: switch lunala visited 75.67% avg_score=0.443 sample_chance_multiplier=0.062
INFO     Policy 7: switch lunala visited 76.0% avg_score=0.433 sample_chance_multiplier=0.062
INFO     Policy 8: switch lunala visited 74.09% avg_score=0.417 sample_chance_multiplier=0.062
INFO     Policy 9: switch lunala visited 72.6% avg_score=0.426 sample_chance_multiplier=0.062
INFO     Policy 10: switch lunala visited 72.37% avg_score=0.435 sample_chance_multiplier=0.062
INFO     Policy 11: switch lunala visited 75.9% avg_score=0.439 sample_chance_multiplier=0.062
INFO     Policy 12: switch lunala visited 71.26% avg_score=0.433 sample_chance_multiplier=0.062
INFO     Policy 13: switch lunala visited 82.95% avg_score=0.453 sample_chance_multiplier=0.062
INFO     Policy 14: switch lunala visited 74.7% avg_score=0.434 sample_chance_multiplier=0.062
INFO     Policy 15: switch lunala visited 70.19% avg_score=0.424 sample_chance_multiplier=0.062
INFO     Considered Choices:
INFO     	74.177%: switch lunala
INFO     Choice: switch lunala
INFO     lunala switched in, adding intimidate to impossible abilities
INFO     lunala switched in, adding pressure to impossible abilities
INFO     lunala switched in, adding neutralizinggas to impossible abilities
INFO     lunala switched in, adding sandstream to impossible abilities
INFO     lunala switched in, adding drought to impossible abilities
INFO     lunala switched in, adding drizzle to impossible abilities
INFO     lunala switched in, adding snowwarning to impossible abilities
INFO     lunala switched in, adding boosterenergy to impossible items
INFO     lunala switched in, adding airballoon to impossible items
INFO     rayquaza already has the move dragonascent. Decrementing the PP by 1
INFO     rayquaza used a flying move, removing flyinggem from possible items
INFO     Setting rayquaza's last used move: dragonascent
INFO     rayquaza used a damaging move - not guessing lifeorb anymore
INFO     rayquaza did 26.3% damage to lunala with dragonascent
INFO     rayquaza's defense was unboosted by 1 to -2
INFO     rayquaza's special-defense was unboosted by 1 to -2
INFO     Setting lunala's item to: leftovers
INFO     Setting the field to None
INFO     rayquaza has less than maxhp during upkeep, no longer guessing leftovers or blacksludge
INFO     
INFO     Turn: 7
INFO     root priors (12): {'moongeistbeam': 0.465, 'calmmind': 0.314, 'psyshock': 0.187, 'moonlight': 0.024}
INFO     Sampling battle 0
INFO     	       rayquaza      airlock heavydutyboots [dragonascent, dragondance, earthquake, outrage] ttype=flying
INFO     	          chiyu  beadsofruin heavydutyboots [darkpulse, fireblast, nastyplot, psychic] ttype=fire
INFO     Sampling 3 unrevealed pokemon
INFO     	     talonflame    flamebody heavydutyboots [bravebird, overheat, roost, taunt] ttype=ground
INFO     	      crawdaunt adaptability      lifeorb [aquajet, crabhammer, dragondance, knockoff] ttype=water
INFO     	      heracross         guts     flameorb [closecombat, facade, knockoff, trailblaze] ttype=normal
INFO     Sampling battle 1
INFO     	       rayquaza      airlock heavydutyboots [dragonascent, dragondance, earthquake, outrage] ttype=flying
INFO     	          chiyu  beadsofruin  choicespecs [darkpulse, flamethrower, overheat, psychic] ttype=dark
INFO     Sampling 3 unrevealed pokemon
INFO     	       koraidon orichalcumpulse   choiceband [closecombat, flareblitz, outrage, uturn] ttype=fire
INFO     	        morpeko hungerswitch    leftovers [aurawheel, knockoff, protect, rapidspin] ttype=electric
INFO     	        jirachi  serenegrace    leftovers [bodyslam, ironhead, protect, wish] ttype=water
INFO     Sampling battle 2
INFO     	       rayquaza      airlock heavydutyboots [dragonascent, dragondance, earthquake, outrage] ttype=flying
INFO     	          chiyu  beadsofruin  choicespecs [darkpulse, flamethrower, overheat, psychic] ttype=fire
INFO     Sampling 3 unrevealed pokemon
INFO     	     baxcalibur thermalexchange heavydutyboots [dragondance, earthquake, glaiverush, iciclecrash] ttype=ground
INFO     	       qwilfish   intimidate    leftovers [gunkshot, spikes, thunderwave, waterfall] ttype=grass
INFO     	      gardevoir        trace  choicescarf [healingwish, moonblast, mysticalfire, psychic] ttype=fire
INFO     Sampling battle 3
INFO     	       rayquaza      airlock heavydutyboots [dragonascent, dragondance, earthquake, outrage] ttype=flying
INFO     	          chiyu  beadsofruin heavydutyboots [darkpulse, fireblast, nastyplot, willowisp] ttype=fire
INFO     Sampling 3 unrevealed pokemon
INFO     	       hawlucha     unburden    whiteherb [acrobatics, bravebird, closecombat, swordsdance] ttype=flying
INFO     	     toxtricity     punkrock  throatspray [boomburst, gunkshot, overdrive, shiftgear] ttype=normal
INFO     	       mudsdale      stamina    leftovers [earthquake, heavyslam, roar, stoneedge] ttype=steel
INFO     Sampling battle 4
INFO     	       rayquaza      airlock heavydutyboots [dragonascent, dragondance, earthquake, outrage] ttype=flying
INFO     	          chiyu  beadsofruin  choicespecs [darkpulse, flamethrower, overheat, psychic] ttype=dark
INFO     Sampling 3 unrevealed pokemon
INFO     	        cetitan   sheerforce      lifeorb [earthquake, iceshard, iciclecrash, liquidation] ttype=water
INFO     	       camerupt    solidrock    leftovers [earthquake, overheat, roar, stealthrock] ttype=grass
INFO     	      pecharunt poisonpuppeteer    leftovers [malignantchain, nastyplot, recover, shadowball] ttype=dark
INFO     Sampling battle 5
INFO     	       rayquaza      airlock heavydutyboots [dragonascent, dragondance, earthquake, outrage] ttype=flying
INFO     	          chiyu  beadsofruin  choicescarf [darkpulse, flamethrower, overheat, psychic] ttype=fire
INFO     Sampling 3 unrevealed pokemon
INFO     	        volbeat    prankster heavydutyboots [encore, roost, thunderwave, uturn] ttype=steel
INFO     	     annihilape      defiant    leftovers [bulkup, drainpunch, gunkshot, ragefist] ttype=water
INFO     	         kommoo   soundproof  throatspray [clangingscales, clangoroussoul, drainpunch, ironhead] ttype=steel
INFO     Sampling battle 6
INFO     	       rayquaza      airlock heavydutyboots [dragonascent, dragondance, earthquake, outrage] ttype=flying
INFO     	          chiyu  beadsofruin  choicespecs [darkpulse, flamethrower, overheat, psychic] ttype=dark
INFO     Sampling 3 unrevealed pokemon
INFO     	 giratinaorigin     levitate griseouscore [defog, dracometeor, poltergeist, willowisp] ttype=fairy
INFO     	        bisharp      defiant     eviolite [ironhead, stealthrock, suckerpunch, throatchop] ttype=ghost
INFO     	     whimsicott    prankster    leftovers [encore, leechseed, moonblast, substitute] ttype=steel
INFO     Sampling battle 7
INFO     	       rayquaza      airlock heavydutyboots [dragonascent, dragondance, earthquake, outrage] ttype=flying
INFO     	          chiyu  beadsofruin heavydutyboots [darkpulse, fireblast, nastyplot, psychic] ttype=fire
INFO     Sampling 3 unrevealed pokemon
INFO     	         klefki    prankster    leftovers [dazzlinggleam, foulplay, spikes, thunderwave] ttype=flying
INFO     	    arceusfairy    multitype   pixieplate [calmmind, earthpower, judgment, recover] ttype=steel
INFO     	      clawitzer megalauncher  choicespecs [aurasphere, dragonpulse, icebeam, waterpulse] ttype=fighting
INFO     Sampling battle 8
INFO     	       rayquaza      airlock heavydutyboots [dragonascent, dragondance, earthquake, outrage] ttype=flying
INFO     	          chiyu  beadsofruin heavydutyboots [darkpulse, fireblast, nastyplot, psychic] ttype=dark
INFO     Sampling 3 unrevealed pokemon
INFO     	       porygon2     download     eviolite [recover, shadowball, terablast, thunderwave] ttype=fighting
INFO     	      hippowdon   sandstream    leftovers [curse, earthquake, slackoff, stoneedge] ttype=rock
INFO     	        flamigo      scrappy      lifeorb [bravebird, closecombat, swordsdance, throatchop] ttype=steel
INFO     Sampling battle 9
INFO     	       rayquaza      airlock heavydutyboots [dragonascent, dragondance, earthquake, outrage] ttype=flying
INFO     	          chiyu  beadsofruin  choicescarf [darkpulse, flamethrower, overheat, psychic] ttype=fire
INFO     Sampling 3 unrevealed pokemon
INFO     	 keldeoresolute    justified    leftovers [calmmind, secretsword, substitute, surf] ttype=steel
INFO     	       koraidon orichalcumpulse   choiceband [closecombat, flareblitz, outrage, uturn] ttype=fire
INFO     	        beartic    slushrush heavydutyboots [closecombat, iciclecrash, snowscape, swordsdance] ttype=fighting
INFO     Sampling battle 10
INFO     	       rayquaza      airlock heavydutyboots [dragonascent, dragondance, earthquake, outrage] ttype=flying
INFO     	          chiyu  beadsofruin  choicescarf [darkpulse, flamethrower, overheat, psychic] ttype=fire
INFO     Sampling 3 unrevealed pokemon
INFO     	       oricorio       dancer heavydutyboots [hurricane, quiverdance, revelationdance, roost] ttype=ground
INFO     	    roaringmoon protosynthesis   choiceband [ironhead, knockoff, outrage, uturn] ttype=dragon
INFO     	       vaporeon  waterabsorb    leftovers [calmmind, protect, scald, wish] ttype=ghost
INFO     Sampling battle 11
INFO     	       rayquaza      airlock heavydutyboots [dragonascent, dragondance, earthquake, outrage] ttype=flying
INFO     	          chiyu  beadsofruin heavydutyboots [darkpulse, fireblast, nastyplot, psychic] ttype=fire
INFO     Sampling 3 unrevealed pokemon
INFO     	         lapras  waterabsorb   loadeddice [dragondance, earthquake, iciclespear, waterfall] ttype=ground
INFO     	         comfey       triage    leftovers [calmmind, drainingkiss, gigadrain, storedpower] ttype=fairy
INFO     	      spectrier    grimneigh    leftovers [drainingkiss, nastyplot, shadowball, substitute] ttype=fairy
INFO     Sampling battle 12
INFO     	       rayquaza      airlock heavydutyboots [dragonascent, dragondance, earthquake, outrage] ttype=flying
INFO     	          chiyu  beadsofruin  choicespecs [darkpulse, flamethrower, overheat, psychic] ttype=fire
INFO     Sampling 3 unrevealed pokemon
INFO     	        grumpig     thickfat    leftovers [dazzlinggleam, earthpower, nastyplot, psyshock] ttype=fairy
INFO     	       porygonz adaptability      lifeorb [agility, nastyplot, shadowball, terablast] ttype=fighting
INFO     	      pachirisu   voltabsorb heavydutyboots [discharge, encore, superfang, uturn] ttype=flying
INFO     Sampling battle 13
INFO     	       rayquaza      airlock heavydutyboots [dragonascent, dragondance, earthquake, outrage] ttype=flying
INFO     	          chiyu  beadsofruin  choicespecs [darkpulse, flamethrower, overheat, psychic] ttype=fire
INFO     Sampling 3 unrevealed pokemon
INFO     	       alcremie    aromaveil    leftovers [alluringvoice, calmmind, recover, terablast] ttype=ground
INFO     	tornadustherian  regenerator  choicespecs [bleakwindstorm, focusblast, heatwave, uturn] ttype=fire
INFO     	       politoed      drizzle    leftovers [encore, haze, icebeam, surf] ttype=water
INFO     Sampling battle 14
INFO     	       rayquaza      airlock heavydutyboots [dragonascent, dragondance, earthquake, outrage] ttype=flying
INFO     	          chiyu  beadsofruin  choicespecs [darkpulse, flamethrower, overheat, psychic] ttype=fire
INFO     Sampling 3 unrevealed pokemon
INFO     	        carbink       sturdy  chestoberry [bodypress, irondefense, moonblast, rest] ttype=fighting
INFO     	        flamigo      scrappy      lifeorb [bravebird, closecombat, roost, swordsdance] ttype=steel
INFO     	      lilligant  chlorophyll      lifeorb [gigadrain, quiverdance, sleeppowder, terablast] ttype=fire
INFO     Sampling battle 15
INFO     	       rayquaza      airlock heavydutyboots [dragonascent, dragondance, earthquake, outrage] ttype=flying
INFO     	          chiyu  beadsofruin  choicescarf [darkpulse, flamethrower, overheat, psychic] ttype=dark
INFO     Sampling 3 unrevealed pokemon
INFO     	  arceuspsychic    multitype    mindplate [bodypress, cosmicpower, recover, storedpower] ttype=steel
INFO     	      decidueye     overgrow      lifeorb [knockoff, leafstorm, roost, spiritshackle] ttype=grass
INFO     	       chienpao  swordofruin heavydutyboots [iciclecrash, sacredsword, swordsdance, throatchop] ttype=fighting
INFO     Searching for a move using MCTS...
INFO     Sampling 16 battles at 500ms each
INFO     Policy 0: moongeistbeam visited 37.79% avg_score=0.352 sample_chance_multiplier=0.062
INFO     Policy 1: moonlight visited 37.38% avg_score=0.366 sample_chance_multiplier=0.062
INFO     Policy 2: moonlight visited 61.09% avg_score=0.393 sample_chance_multiplier=0.062
INFO     Policy 3: moongeistbeam visited 46.23% avg_score=0.392 sample_chance_multiplier=0.062
INFO     Policy 4: moonlight visited 57.75% avg_score=0.4 sample_chance_multiplier=0.062
INFO     Policy 5: moonlight visited 77.02% avg_score=0.471 sample_chance_multiplier=0.062
INFO     Policy 6: moonlight visited 50.93% avg_score=0.39 sample_chance_multiplier=0.062
INFO     Policy 7: moongeistbeam visited 40.09% avg_score=0.386 sample_chance_multiplier=0.062
INFO     Policy 8: moonlight visited 42.03% avg_score=0.388 sample_chance_multiplier=0.062
INFO     Policy 9: moonlight visited 56.57% avg_score=0.421 sample_chance_multiplier=0.062
INFO     Policy 10: moonlight visited 51.47% avg_score=0.376 sample_chance_multiplier=0.062
INFO     Policy 11: moonlight visited 38.1% avg_score=0.398 sample_chance_multiplier=0.062
INFO     Policy 12: moonlight visited 51.59% avg_score=0.392 sample_chance_multiplier=0.062
INFO     Policy 13: moonlight visited 50.78% avg_score=0.391 sample_chance_multiplier=0.062
INFO     Policy 14: moonlight visited 53.07% avg_score=0.389 sample_chance_multiplier=0.062
INFO     Policy 15: moonlight visited 54.49% avg_score=0.428 sample_chance_multiplier=0.062
INFO     Considered Choices:
INFO     	48.884%: moonlight
INFO     Choice: moonlight
INFO     Updated rayquaza's min speed to 136
INFO     rayquaza already has the move dragonascent. Decrementing the PP by 1
INFO     rayquaza used a flying move, removing flyinggem from possible items
INFO     Setting rayquaza's last used move: dragonascent
INFO     rayquaza used a damaging move - not guessing lifeorb anymore
INFO     rayquaza did 48.05% damage to lunala with dragonascent
INFO     rayquaza's defense was unboosted by 1 to -3
INFO     rayquaza's special-defense was unboosted by 1 to -3
INFO     lunala already has the move moonlight. Decrementing the PP by 1
INFO     lunala used a status-move. Adding `assaultvest` to impossible items
INFO     Setting lunala's last used move: moonlight
INFO     Setting lunala's item to: leftovers
INFO     rayquaza has less than maxhp during upkeep, no longer guessing leftovers or blacksludge
INFO     
INFO     Turn: 8
INFO     root priors (12): {'moongeistbeam': 0.397, 'calmmind': 0.302, 'psyshock': 0.242, 'moonlight': 0.049}
INFO     Sampling battle 0
INFO     	       rayquaza      airlock heavydutyboots [dragonascent, dragondance, earthquake, outrage] ttype=flying
INFO     	          chiyu  beadsofruin heavydutyboots [darkpulse, fireblast, nastyplot, willowisp] ttype=fire
INFO     Sampling 3 unrevealed pokemon
INFO     	    walkingwake protosynthesis  choicespecs [dracometeor, flamethrower, flipturn, hydropump] ttype=fire
INFO     	        zoroark     illusion      lifeorb [darkpulse, nastyplot, psychic, sludgebomb] ttype=poison
INFO     	      vileplume  effectspore    leftovers [gigadrain, leechseed, sludgebomb, strengthsap] ttype=steel
INFO     Sampling battle 1
INFO     	       rayquaza      airlock heavydutyboots [dragonascent, dragondance, earthquake, outrage] ttype=flying
INFO     	          chiyu  beadsofruin heavydutyboots [darkpulse, fireblast, nastyplot, willowisp] ttype=fire
INFO     Sampling 3 unrevealed pokemon
INFO     	   arceusflying    multitype     skyplate [calmmind, earthpower, judgment, recover] ttype=ground
INFO     	          arbok   intimidate    leftovers [coil, earthquake, gunkshot, suckerpunch] ttype=dark
INFO     	     houndstone       fluffy  assaultvest [bodypress, playrough, poltergeist, shadowsneak] ttype=fairy
INFO     Sampling battle 2
INFO     	       rayquaza      airlock heavydutyboots [dragonascent, dragondance, earthquake, outrage] ttype=flying
INFO     	          chiyu  beadsofruin  choicespecs [darkpulse, flamethrower, overheat, psychic] ttype=dark
INFO     Sampling 3 unrevealed pokemon
INFO     	    roaringmoon protosynthesis boosterenergy [dragondance, ironhead, knockoff, outrage] ttype=steel
INFO     	     conkeldurr         guts     flameorb [closecombat, facade, knockoff, machpunch] ttype=normal
INFO     	        spidops     stakeout heavydutyboots [knockoff, stickyweb, toxicspikes, uturn] ttype=ghost
INFO     Sampling battle 3
INFO     	       rayquaza      airlock heavydutyboots [dragonascent, dragondance, earthquake, outrage] ttype=flying
INFO     	          chiyu  beadsofruin heavydutyboots [darkpulse, fireblast, nastyplot, psychic] ttype=dark
INFO     Sampling 3 unrevealed pokemon
INFO     	       medicham    purepower   choiceband [closecombat, icepunch, poisonjab, zenheadbutt] ttype=fighting
INFO     	      cinderace       libero heavydutyboots [courtchange, highjumpkick, pyroball, uturn] ttype=fighting
INFO     	       politoed      drizzle    leftovers [encore, haze, hydropump, icebeam] ttype=water
INFO     Sampling battle 4
INFO     	       rayquaza      airlock heavydutyboots [dragonascent, dragondance, earthquake, outrage] ttype=flying
INFO     	          chiyu  beadsofruin  choicespecs [darkpulse, flamethrower, overheat, psychic] ttype=dark
INFO     Sampling 3 unrevealed pokemon
INFO     	         eiscue      iceface  sitrusberry [bellydrum, icespinner, ironhead, liquidation] ttype=water
INFO     	        dugtrio    arenatrap      lifeorb [earthquake, stoneedge, suckerpunch, swordsdance] ttype=flying
INFO     	        donphan       sturdy   choiceband [earthquake, iceshard, icespinner, knockoff] ttype=steel
INFO     Sampling battle 5
INFO     	       rayquaza      airlock heavydutyboots [dragonascent, dragondance, earthquake, outrage] ttype=flying
INFO     	          chiyu  beadsofruin heavydutyboots [darkpulse, fireblast, nastyplot, psychic] ttype=fire
INFO     Sampling 3 unrevealed pokemon
INFO     	  calyrexshadow asonespectrier  choicespecs [astralbarrage, pollenpuff, psyshock, trick] ttype=dark
INFO     	       whiscash    oblivious    leftovers [earthquake, hydropump, icebeam, stealthrock] ttype=steel
INFO     	      palossand watercompaction    leftovers [earthpower, shadowball, shoreup, stealthrock] ttype=water
INFO     Sampling battle 6
INFO     	       rayquaza      airlock heavydutyboots [dragonascent, dragondance, earthquake, outrage] ttype=flying
INFO     	          chiyu  beadsofruin heavydutyboots [darkpulse, fireblast, nastyplot, psychic] ttype=dark
INFO     Sampling 3 unrevealed pokemon
INFO     	      kingambit supremeoverlord    leftovers [ironhead, kowtowcleave, suckerpunch, swordsdance] ttype=dark
INFO     	        pikachu lightningrod    lightball [playrough, surf, voltswitch, volttackle] ttype=water
INFO     	     screamtail protosynthesis    leftovers [encore, playrough, protect, wish] ttype=poison
INFO     Sampling battle 7
INFO     	       rayquaza      airlock heavydutyboots [dragonascent, dragondance, earthquake, outrage] ttype=flying
INFO     	          chiyu  beadsofruin heavydutyboots [darkpulse, fireblast, nastyplot, psychic] ttype=fire
INFO     Sampling 3 unrevealed pokemon
INFO     	        florges   flowerveil    leftovers [calmmind, moonblast, synthesis, terablast] ttype=ground
INFO     	       gyarados        moxie heavydutyboots [dragondance, earthquake, temperflare, waterfall] ttype=ground
INFO     	     grimmsnarl    prankster    leftovers [partingshot, spiritbreak, suckerpunch, thunderwave] ttype=poison
INFO     Sampling battle 8
INFO     	       rayquaza      airlock heavydutyboots [dragonascent, dragondance, earthquake, outrage] ttype=flying
INFO     	          chiyu  beadsofruin heavydutyboots [darkpulse, fireblast, nastyplot, willowisp] ttype=fire
INFO     Sampling 3 unrevealed pokemon
INFO     	squawkabillywhite       hustle heavydutyboots [bravebird, doubleedge, partingshot, quickattack] ttype=flying
INFO     	       mudsdale      stamina    leftovers [earthquake, heavyslam, roar, stealthrock] ttype=steel
INFO     	       basculin adaptability   choiceband [aquajet, doubleedge, flipturn, wavecrash] ttype=water
INFO     Sampling battle 9
INFO     	       rayquaza      airlock heavydutyboots [dragonascent, dragondance, earthquake, outrage] ttype=flying
INFO     	          chiyu  beadsofruin heavydutyboots [darkpulse, fireblast, nastyplot, psychic] ttype=fire
INFO     Sampling 3 unrevealed pokemon
INFO     	      bastiodon   soundproof  chestoberry [bodypress, foulplay, irondefense, rest] ttype=fighting
INFO     	      arceusbug    multitype  insectplate [calmmind, earthpower, judgment, recover] ttype=ground
INFO     	      decidueye     overgrow      lifeorb [leafblade, poltergeist, shadowsneak, swordsdance] ttype=ghost
INFO     Sampling battle 10
INFO     	       rayquaza      airlock heavydutyboots [dragonascent, dragondance, earthquake, outrage] ttype=flying
INFO     	          chiyu  beadsofruin heavydutyboots [darkpulse, fireblast, nastyplot, willowisp] ttype=dark
INFO     Sampling 3 unrevealed pokemon
INFO     	        darkrai    baddreams    leftovers [darkpulse, nastyplot, sludgebomb, substitute] ttype=poison
INFO     	      dragapult  infiltrator  choicespecs [dracometeor, fireblast, shadowball, uturn] ttype=ghost
INFO     	      cinderace       libero   choiceband [gunkshot, highjumpkick, pyroball, uturn] ttype=fire
INFO     Sampling battle 11
INFO     	       rayquaza      airlock heavydutyboots [dragonascent, dragondance, earthquake, outrage] ttype=flying
INFO     	          chiyu  beadsofruin  choicescarf [darkpulse, flamethrower, overheat, psychic] ttype=dark
INFO     Sampling 3 unrevealed pokemon
INFO     	        mesprit     levitate  choicescarf [dazzlinggleam, psychic, shadowball, trick] ttype=fairy
INFO     	       chienpao  swordofruin   choiceband [crunch, iceshard, iciclecrash, sacredsword] ttype=fighting
INFO     	     ironleaves   quarkdrive   choiceband [closecombat, leafblade, megahorn, psyblade] ttype=fighting
INFO     Sampling battle 12
INFO     	       rayquaza      airlock heavydutyboots [dragonascent, dragondance, earthquake, outrage] ttype=flying
INFO     	          chiyu  beadsofruin  choicescarf [darkpulse, flamethrower, overheat, psychic] ttype=fire
INFO     Sampling 3 unrevealed pokemon
INFO     	       whiscash    oblivious    leftovers [earthquake, hydropump, spikes, stealthrock] ttype=ghost
INFO     	  braviaryhisui   tintedlens  choicespecs [esperwing, hurricane, uturn, vacuumwave] ttype=fairy
INFO     	         klefki    prankster    leftovers [dazzlinggleam, foulplay, spikes, thunderwave] ttype=flying
INFO     Sampling battle 13
INFO     	       rayquaza      airlock heavydutyboots [dragonascent, dragondance, earthquake, outrage] ttype=flying
INFO     	          chiyu  beadsofruin  choicespecs [darkpulse, flamethrower, overheat, psychic] ttype=fire
INFO     Sampling 3 unrevealed pokemon
INFO     	      ironcrown   quarkdrive  choicespecs [focusblast, psyshock, tachyoncutter, voltswitch] ttype=steel
INFO     	      armarouge    weakarmor  choicespecs [armorcannon, energyball, focusblast, psyshock] ttype=fire
INFO     	       zangoose   toxicboost     toxicorb [closecombat, facade, knockoff, swordsdance] ttype=normal
INFO     Sampling battle 14
INFO     	       rayquaza      airlock heavydutyboots [dragonascent, dragondance, earthquake, outrage] ttype=flying
INFO     	          chiyu  beadsofruin heavydutyboots [darkpulse, fireblast, nastyplot, willowisp] ttype=dark
INFO     Sampling 3 unrevealed pokemon
INFO     	      palossand watercompaction    leftovers [earthpower, shadowball, shoreup, stealthrock] ttype=poison
INFO     	      armarouge    weakarmor  choicespecs [armorcannon, energyball, focusblast, psyshock] ttype=grass
INFO     	       samurott      torrent  assaultvest [aquajet, grassknot, hydropump, icebeam] ttype=water
INFO     Sampling battle 15
INFO     	       rayquaza      airlock heavydutyboots [dragonascent, dragondance, earthquake, outrage] ttype=flying
INFO     	          chiyu  beadsofruin  choicespecs [darkpulse, flamethrower, overheat, psychic] ttype=dark
INFO     Sampling 3 unrevealed pokemon
INFO     	       swampert      torrent    leftovers [earthquake, flipturn, stealthrock, yawn] ttype=steel
INFO     	ogerponwellspring  waterabsorb wellspringmask [ivycudgel, playrough, powerwhip, swordsdance] ttype=water
INFO     	        leafeon  chlorophyll    leftovers [knockoff, leafblade, substitute, swordsdance] ttype=dark
INFO     Searching for a move using MCTS...
INFO     Sampling 16 battles at 500ms each
INFO     Policy 0: moonlight visited 42.21% avg_score=0.369 sample_chance_multiplier=0.062
INFO     Policy 1: moonlight visited 41.66% avg_score=0.361 sample_chance_multiplier=0.062
INFO     Policy 2: moonlight visited 28.31% avg_score=0.314 sample_chance_multiplier=0.062
INFO     Policy 3: moongeistbeam visited 40.75% avg_score=0.376 sample_chance_multiplier=0.062
INFO     Policy 4: moonlight visited 51.65% avg_score=0.367 sample_chance_multiplier=0.062
INFO     Policy 5: moonlight visited 40.24% avg_score=0.375 sample_chance_multiplier=0.062
INFO     Policy 6: moonlight visited 43.23% avg_score=0.369 sample_chance_multiplier=0.062
INFO     Policy 7: moonlight visited 36.22% avg_score=0.35 sample_chance_multiplier=0.062
INFO     Policy 8: moonlight visited 45.61% avg_score=0.355 sample_chance_multiplier=0.062
INFO     Policy 9: moonlight visited 40.37% avg_score=0.363 sample_chance_multiplier=0.062
INFO     Policy 10: moonlight visited 47.58% avg_score=0.364 sample_chance_multiplier=0.062
INFO     Policy 11: moonlight visited 47.14% avg_score=0.365 sample_chance_multiplier=0.062
INFO     Policy 12: moonlight visited 57.07% avg_score=0.392 sample_chance_multiplier=0.062
INFO     Policy 13: moonlight visited 38.78% avg_score=0.35 sample_chance_multiplier=0.062
INFO     Policy 14: moonlight visited 40.88% avg_score=0.367 sample_chance_multiplier=0.062
INFO     Policy 15: moonlight visited 53.4% avg_score=0.351 sample_chance_multiplier=0.062
INFO     Considered Choices:
INFO     	42.852%: moonlight
INFO     Choice: moonlight
INFO     Opponent has switched - clearing the last used move
INFO     Setting chiyu's ability to beadsofruin
INFO     lunala already has the move moonlight. Decrementing the PP by 1
INFO     lunala used a status-move. Adding `assaultvest` to impossible items
INFO     Setting lunala's last used move: moonlight
INFO     
INFO     Turn: 9
INFO     root priors (12): {'switch meloetta': 0.306, 'switch barraskewda': 0.195, 'calmmind': 0.174, 'switch brutebonnet': 0.143}
INFO     Sampling battle 0
INFO     	          chiyu  beadsofruin heavydutyboots [darkpulse, fireblast, nastyplot, willowisp] ttype=dark
INFO     	       rayquaza      airlock heavydutyboots [dragonascent, dragondance, earthquake, outrage] ttype=flying
INFO     Sampling 3 unrevealed pokemon
INFO     	        carbink    clearbody  chestoberry [bodypress, irondefense, moonblast, rest] ttype=fighting
INFO     	      metagross    clearbody weaknesspolicy [agility, earthquake, heavyslam, psychicfangs] ttype=ground
INFO     	         zapdos       static heavydutyboots [discharge, heatwave, hurricane, roost] ttype=electric
INFO     Sampling battle 1
INFO     	          chiyu  beadsofruin  choicespecs [darkpulse, flamethrower, overheat, psychic] ttype=dark
INFO     	       rayquaza      airlock heavydutyboots [dragonascent, dragondance, earthquake, outrage] ttype=flying
INFO     Sampling 3 unrevealed pokemon
INFO     	        shiftry    windrider heavydutyboots [defog, knockoff, leafstorm, suckerpunch] ttype=dark
INFO     	      vileplume  effectspore    leftovers [gigadrain, sleeppowder, sludgebomb, strengthsap] ttype=steel
INFO     	   weezinggalar     levitate    leftovers [defog, fireblast, gunkshot, strangesteam] ttype=steel
INFO     Sampling battle 2
INFO     	          chiyu  beadsofruin heavydutyboots [darkpulse, fireblast, nastyplot, willowisp] ttype=fire
INFO     	       rayquaza      airlock heavydutyboots [dragonascent, dragondance, earthquake, outrage] ttype=flying
INFO     Sampling 3 unrevealed pokemon
INFO     	        wyrdeer   intimidate    leftovers [earthquake, megahorn, psychicnoise, thunderwave] ttype=ground
INFO     	    deoxysspeed     pressure      lifeorb [darkpulse, focusblast, nastyplot, psychoboost] ttype=psychic
INFO     	         kommoo   soundproof   loadeddice [closecombat, ironhead, scaleshot, swordsdance] ttype=steel
INFO     Sampling battle 3
INFO     	          chiyu  beadsofruin heavydutyboots [darkpulse, fireblast, nastyplot, psychic] ttype=dark
INFO     	       rayquaza      airlock heavydutyboots [dragonascent, dragondance, earthquake, outrage] ttype=flying
INFO     Sampling 3 unrevealed pokemon
INFO     	       alcremie    aromaveil    leftovers [alluringvoice, calmmind, psyshock, recover] ttype=poison
INFO     	        wugtrio        gooey   choiceband [aquajet, liquidation, stompingtantrum, throatchop] ttype=ground
INFO     	     grimmsnarl    prankster    leftovers [spiritbreak, suckerpunch, taunt, thunderwave] ttype=steel
INFO     Sampling battle 4
INFO     	          chiyu  beadsofruin heavydutyboots [darkpulse, fireblast, nastyplot, willowisp] ttype=dark
INFO     	       rayquaza      airlock heavydutyboots [dragonascent, dragondance, earthquake, outrage] ttype=flying
INFO     Sampling 3 unrevealed pokemon
INFO     	      serperior     contrary      lifeorb [glare, leafstorm, synthesis, terablast] ttype=fire
INFO     	    roaringmoon protosynthesis     lumberry [dragondance, ironhead, knockoff, outrage] ttype=steel
INFO     	        sylveon     pixilate    leftovers [calmmind, hypervoice, protect, wish] ttype=steel
INFO     Sampling battle 5
INFO     	          chiyu  beadsofruin heavydutyboots [darkpulse, fireblast, nastyplot, psychic] ttype=fire
INFO     	       rayquaza      airlock heavydutyboots [dragonascent, dragondance, earthquake, outrage] ttype=flying
INFO     Sampling 3 unrevealed pokemon
INFO     	       oranguru   innerfocus    leftovers [focusblast, nastyplot, psyshock, thunderbolt] ttype=electric
INFO     	   lycanrocdusk   toughclaws      lifeorb [closecombat, psychicfangs, stoneedge, swordsdance] ttype=fighting
INFO     	       skuntank    aftermath      lifeorb [gunkshot, knockoff, suckerpunch, taunt] ttype=poison
INFO     Sampling battle 6
INFO     	          chiyu  beadsofruin heavydutyboots [darkpulse, fireblast, nastyplot, willowisp] ttype=fire
INFO     	       rayquaza      airlock heavydutyboots [dragonascent, dragondance, earthquake, outrage] ttype=flying
INFO     Sampling 3 unrevealed pokemon
INFO     	         zekrom     teravolt    leftovers [boltstrike, dragondance, outrage, substitute] ttype=fairy
INFO     	    kilowattrel   voltabsorb heavydutyboots [hurricane, roost, thunderbolt, uturn] ttype=steel
INFO     	      regigigas    slowstart    leftovers [bodyslam, knockoff, protect, substitute] ttype=poison
INFO     Sampling battle 7
INFO     	          chiyu  beadsofruin  choicespecs [darkpulse, flamethrower, overheat, psychic] ttype=fire
INFO     	       rayquaza      airlock heavydutyboots [dragonascent, dragondance, earthquake, outrage] ttype=flying
INFO     Sampling 3 unrevealed pokemon
INFO     	       sceptile     overgrow      lifeorb [focusblast, leafstorm, rockslide, shedtail] ttype=steel
INFO     	     oinkologne     thickfat    leftovers [bodyslam, curse, highhorsepower, lashout] ttype=ground
INFO     	      pecharunt poisonpuppeteer  rockyhelmet [malignantchain, partingshot, recover, shadowball] ttype=dark
INFO     Sampling battle 8
INFO     	          chiyu  beadsofruin heavydutyboots [darkpulse, fireblast, nastyplot, psychic] ttype=fire
INFO     	       rayquaza      airlock heavydutyboots [dragonascent, dragondance, earthquake, outrage] ttype=flying
INFO     Sampling 3 unrevealed pokemon
INFO     	       oricorio       dancer heavydutyboots [hurricane, quiverdance, revelationdance, roost] ttype=ground
INFO     	         latios     levitate      souldew [calmmind, dracometeor, psyshock, recover] ttype=steel
INFO     	        ambipom   technician   choiceband [doubleedge, knockoff, lowkick, tripleaxel] ttype=ice
INFO     Sampling battle 9
INFO     	          chiyu  beadsofruin  choicespecs [darkpulse, flamethrower, overheat, psychic] ttype=dark
INFO     	       rayquaza      airlock heavydutyboots [dragonascent, dragondance, earthquake, outrage] ttype=flying
INFO     Sampling 3 unrevealed pokemon
INFO     	  arceuspsychic    multitype    mindplate [bodypress, cosmicpower, recover, storedpower] ttype=steel
INFO     	   slowbrogalar  regenerator    leftovers [fireblast, psychic, shellsidearm, slackoff] ttype=dark
INFO     	         plusle lightningrod      lifeorb [alluringvoice, grassknot, nastyplot, thunderbolt] ttype=fairy
INFO     Sampling battle 10
INFO     	          chiyu  beadsofruin heavydutyboots [darkpulse, fireblast, nastyplot, willowisp] ttype=dark
INFO     	       rayquaza      airlock heavydutyboots [dragonascent, dragondance, earthquake, outrage] ttype=flying
INFO     Sampling 3 unrevealed pokemon
INFO     	        grumpig     thickfat  choicescarf [focusblast, psychic, shadowball, trick] ttype=ghost
INFO     	     hitmonchan     ironfist    leftovers [bulkup, drainpunch, knockoff, poisonjab] ttype=dark
INFO     	     gothitelle    shadowtag    leftovers [calmmind, darkpulse, focusblast, psychicnoise] ttype=fairy
INFO     Sampling battle 11
INFO     	          chiyu  beadsofruin  choicespecs [darkpulse, flamethrower, overheat, psychic] ttype=dark
INFO     	       rayquaza      airlock heavydutyboots [dragonascent, dragondance, earthquake, outrage] ttype=flying
INFO     Sampling 3 unrevealed pokemon
INFO     	      meowsticf  competitive      lifeorb [alluringvoice, darkpulse, nastyplot, psyshock] ttype=dark
INFO     	       vigoroth  vitalspirit     eviolite [bodyslam, bulkup, earthquake, slackoff] ttype=ground
INFO     	    ironboulder   quarkdrive      lifeorb [closecombat, mightycleave, swordsdance, zenheadbutt] ttype=fighting
INFO     Sampling battle 12
INFO     	          chiyu  beadsofruin  choicespecs [darkpulse, flamethrower, overheat, psychic] ttype=fire
INFO     	       rayquaza      airlock heavydutyboots [dragonascent, dragondance, earthquake, outrage] ttype=flying
INFO     Sampling 3 unrevealed pokemon
INFO     	   deoxysattack     pressure      lifeorb [extremespeed, knockoff, psychoboost, superpower] ttype=dark
INFO     	        gurdurr         guts     eviolite [defog, drainpunch, knockoff, machpunch] ttype=steel
INFO     	       gyarados        moxie heavydutyboots [dragondance, earthquake, temperflare, waterfall] ttype=ground
INFO     Sampling battle 13
INFO     	          chiyu  beadsofruin  choicespecs [darkpulse, flamethrower, overheat, psychic] ttype=fire
INFO     	       rayquaza      airlock heavydutyboots [dragonascent, dragondance, earthquake, outrage] ttype=flying
INFO     Sampling 3 unrevealed pokemon
INFO     	      mightyena   intimidate    leftovers [crunch, playrough, suckerpunch, taunt] ttype=fairy
INFO     	      alomomola  regenerator heavydutyboots [flipturn, protect, scald, wish] ttype=poison
INFO     	       alcremie    aromaveil    leftovers [alluringvoice, calmmind, recover, terablast] ttype=ground
INFO     Sampling battle 14
INFO     	          chiyu  beadsofruin heavydutyboots [darkpulse, fireblast, nastyplot, willowisp] ttype=fire
INFO     	       rayquaza      airlock heavydutyboots [dragonascent, dragondance, earthquake, outrage] ttype=flying
INFO     Sampling 3 unrevealed pokemon
INFO     	    walkingwake protosynthesis      lifeorb [dracometeor, flamethrower, hydrosteam, sunnyday] ttype=fire
INFO     	       vikavolt     levitate heavydutyboots [bugbuzz, discharge, stickyweb, voltswitch] ttype=electric
INFO     	      greattusk protosynthesis    leftovers [closecombat, headlongrush, rapidspin, stealthrock] ttype=steel
INFO     Sampling battle 15
INFO     	          chiyu  beadsofruin  choicespecs [darkpulse, flamethrower, overheat, psychic] ttype=dark
INFO     	       rayquaza      airlock heavydutyboots [dragonascent, dragondance, earthquake, outrage] ttype=flying
INFO     Sampling 3 unrevealed pokemon
INFO     	         rabsca  synchronize heavydutyboots [bugbuzz, earthpower, psychic, revivalblessing] ttype=steel
INFO     	        blissey  naturalcure    leftovers [healbell, seismictoss, softboiled, thunderwave] ttype=ghost
INFO     	          arbok   intimidate    leftovers [coil, earthquake, gunkshot, suckerpunch] ttype=ground
INFO     Sampling battle 16
INFO     	          chiyu  beadsofruin heavydutyboots [darkpulse, fireblast, nastyplot, psychic] ttype=dark
INFO     	       rayquaza      airlock heavydutyboots [dragonascent, dragondance, earthquake, outrage] ttype=flying
INFO     Sampling 3 unrevealed pokemon
INFO     	   arceusground    multitype   earthplate [earthquake, extremespeed, stoneedge, swordsdance] ttype=normal
INFO     	taurospaldeablaze      cudchew  sitrusberry [bulkup, closecombat, ragingbull, substitute] ttype=water
INFO     	        spidops     stakeout heavydutyboots [knockoff, spikes, stickyweb, uturn] ttype=ghost
INFO     Sampling battle 17
INFO     	          chiyu  beadsofruin  choicespecs [darkpulse, flamethrower, overheat, psychic] ttype=fire
INFO     	       rayquaza      airlock heavydutyboots [dragonascent, dragondance, earthquake, outrage] ttype=flying
INFO     Sampling 3 unrevealed pokemon
INFO     	     gothitelle    shadowtag  choicescarf [darkpulse, focusblast, psychic, trick] ttype=psychic
INFO     	        bruxish    strongjaw   choiceband [aquajet, crunch, psychicfangs, wavecrash] ttype=dark
INFO     	     krookodile   intimidate    leftovers [bulkup, earthquake, gunkshot, knockoff] ttype=poison
INFO     Sampling battle 18
INFO     	          chiyu  beadsofruin heavydutyboots [darkpulse, fireblast, nastyplot, willowisp] ttype=fire
INFO     	       rayquaza      airlock heavydutyboots [dragonascent, dragondance, earthquake, outrage] ttype=flying
INFO     Sampling 3 unrevealed pokemon
INFO     	      gastrodon   stormdrain    leftovers [earthquake, icebeam, recover, surf] ttype=poison
INFO     	       mienshao  regenerator  assaultvest [closecombat, fakeout, knockoff, uturn] ttype=dark
INFO     	         gogoat    sapsipper    leftovers [bulkup, hornleech, milkdrink, rockslide] ttype=water
INFO     Sampling battle 19
INFO     	          chiyu  beadsofruin  choicespecs [darkpulse, flamethrower, overheat, psychic] ttype=dark
INFO     	       rayquaza      airlock heavydutyboots [dragonascent, dragondance, earthquake, outrage] ttype=flying
INFO     Sampling 3 unrevealed pokemon
INFO     	       meowstic    prankster    lightclay [lightscreen, psychicnoise, reflect, thunderwave] ttype=fairy
INFO     	    zapdosgalar      defiant  choicescarf [bravebird, closecombat, knockoff, uturn] ttype=fighting
INFO     	        shiftry    windrider      lifeorb [knockoff, leafblade, suckerpunch, swordsdance] ttype=poison
INFO     Sampling battle 20
INFO     	          chiyu  beadsofruin heavydutyboots [darkpulse, fireblast, nastyplot, psychic] ttype=dark
INFO     	       rayquaza      airlock heavydutyboots [dragonascent, dragondance, earthquake, outrage] ttype=flying
INFO     Sampling 3 unrevealed pokemon
INFO     	        calyrex      unnerve    leftovers [bodypress, encore, gigadrain, psychic] ttype=steel
INFO     	      rampardos   sheerforce  choicescarf [earthquake, firepunch, headsmash, rockslide] ttype=ground
INFO     	        golduck    cloudnine  choicespecs [flipturn, grassknot, hydropump, icebeam] ttype=grass
INFO     Sampling battle 21
INFO     	          chiyu  beadsofruin heavydutyboots [darkpulse, fireblast, nastyplot, psychic] ttype=fire
INFO     	       rayquaza      airlock heavydutyboots [dragonascent, dragondance, earthquake, outrage] ttype=flying
INFO     Sampling 3 unrevealed pokemon
INFO     	        kingdra       sniper     lumberry [dragondance, outrage, waterfall, wavecrash] ttype=water
INFO     	          lugia   multiscale heavydutyboots [aeroblast, calmmind, earthpower, recover] ttype=ground
INFO     	        bisharp      defiant     eviolite [ironhead, suckerpunch, swordsdance, throatchop] ttype=ghost
INFO     Sampling battle 22
INFO     	          chiyu  beadsofruin  choicescarf [darkpulse, flamethrower, overheat, psychic] ttype=dark
INFO     	       rayquaza      airlock heavydutyboots [dragonascent, dragondance, earthquake, outrage] ttype=flying
INFO     Sampling 3 unrevealed pokemon
INFO     	      toucannon      keeneye heavydutyboots [beakblast, boomburst, roost, uturn] ttype=steel
INFO     	      regidrago   dragonsmaw     lumberry [dracometeor, dragondance, earthquake, outrage] ttype=dragon
INFO     	   lycanrocdusk   toughclaws   choiceband [accelerock, closecombat, stoneedge, throatchop] ttype=fighting
INFO     Sampling battle 23
INFO     	          chiyu  beadsofruin  choicespecs [darkpulse, flamethrower, overheat, psychic] ttype=dark
INFO     	       rayquaza      airlock heavydutyboots [dragonascent, dragondance, earthquake, outrage] ttype=flying
INFO     Sampling 3 unrevealed pokemon
INFO     	       empoleon  competitive    leftovers [icebeam, roost, stealthrock, surf] ttype=flying
INFO     	         lunala shadowshield    leftovers [calmmind, moongeistbeam, moonlight, psyshock] ttype=dark
INFO     	    arceusgrass    multitype  meadowplate [calmmind, fireblast, judgment, recover] ttype=fire
INFO     Sampling battle 24
INFO     	          chiyu  beadsofruin  choicescarf [darkpulse, flamethrower, overheat, psychic] ttype=dark
INFO     	       rayquaza      airlock heavydutyboots [dragonascent, dragondance, earthquake, outrage] ttype=flying
INFO     Sampling 3 unrevealed pokemon
INFO     	     victreebel  chlorophyll      lifeorb [knockoff, powerwhip, sludgewave, strengthsap] ttype=grass
INFO     	         deoxys     pressure      lifeorb [extremespeed, knockoff, psychoboost, superpower] ttype=psychic
INFO     	squawkabillyblue         guts     flameorb [bravebird, facade, quickattack, uturn] ttype=normal
INFO     Sampling battle 25
INFO     	          chiyu  beadsofruin  choicespecs [darkpulse, flamethrower, overheat, psychic] ttype=dark
INFO     	       rayquaza      airlock heavydutyboots [dragonascent, dragondance, earthquake, outrage] ttype=flying
INFO     Sampling 3 unrevealed pokemon
INFO     	       vivillon compoundeyes heavydutyboots [bugbuzz, hurricane, quiverdance, sleeppowder] ttype=flying
INFO     	         zacian intrepidsword      lifeorb [closecombat, crunch, playrough, swordsdance] ttype=fighting
INFO     	   arceusdragon    multitype   dracoplate [flareblitz, heavyslam, outrage, swordsdance] ttype=fire
INFO     Sampling battle 26
INFO     	          chiyu  beadsofruin  choicespecs [darkpulse, flamethrower, overheat, psychic] ttype=dark
INFO     	       rayquaza      airlock heavydutyboots [dragonascent, dragondance, earthquake, outrage] ttype=flying
INFO     Sampling 3 unrevealed pokemon
INFO     	        mimikyu     disguise      lifeorb [playrough, shadowclaw, shadowsneak, swordsdance] ttype=ghost
INFO     	        sylveon     pixilate    leftovers [calmmind, hypervoice, protect, wish] ttype=steel
INFO     	   crabominable     ironfist  assaultvest [drainpunch, earthquake, icehammer, knockoff] ttype=fighting
INFO     Sampling battle 27
INFO     	          chiyu  beadsofruin  choicespecs [darkpulse, flamethrower, overheat, psychic] ttype=fire
INFO     	       rayquaza      airlock heavydutyboots [dragonascent, dragondance, earthquake, outrage] ttype=flying
INFO     Sampling 3 unrevealed pokemon
INFO     	      primarina      torrent  choicespecs [flipturn, hydropump, moonblast, psychic] ttype=water
INFO     	        dugtrio    arenatrap   choiceband [earthquake, stoneedge, suckerpunch, throatchop] ttype=dark
INFO     	     oinkologne     thickfat    leftovers [curse, doubleedge, highhorsepower, lashout] ttype=ground
INFO     Sampling battle 28
INFO     	          chiyu  beadsofruin  choicespecs [darkpulse, flamethrower, overheat, psychic] ttype=fire
INFO     	       rayquaza      airlock heavydutyboots [dragonascent, dragondance, earthquake, outrage] ttype=flying
INFO     Sampling 3 unrevealed pokemon
INFO     	tornadustherian  regenerator  choicespecs [bleakwindstorm, focusblast, grassknot, heatwave] ttype=fighting
INFO     	      girafarig    sapsipper     eviolite [dazzlinggleam, nastyplot, psyshock, shadowball] ttype=psychic
INFO     	         emboar     reckless    leftovers [bulkup, drainpunch, flareblitz, trailblaze] ttype=grass
INFO     Sampling battle 29
INFO     	          chiyu  beadsofruin  choicespecs [darkpulse, flamethrower, overheat, psychic] ttype=dark
INFO     	       rayquaza      airlock heavydutyboots [dragonascent, dragondance, earthquake, outrage] ttype=flying
INFO     Sampling 3 unrevealed pokemon
INFO     	       vigoroth  vitalspirit     eviolite [bodyslam, bulkup, earthquake, slackoff] ttype=ground
INFO     	         zacian intrepidsword   choiceband [closecombat, crunch, playrough, psychicfangs] ttype=fighting
INFO     	       salazzle    corrosion heavydutyboots [fireblast, nastyplot, sludgewave, terablast] ttype=grass
INFO     Sampling battle 30
INFO     	          chiyu  beadsofruin  choicescarf [darkpulse, flamethrower, overheat, psychic] ttype=fire
INFO     	       rayquaza      airlock heavydutyboots [dragonascent, dragondance, earthquake, outrage] ttype=flying
INFO     Sampling 3 unrevealed pokemon
INFO     	       sunflora  chlorophyll      lifeorb [earthpower, solarbeam, sunnyday, weatherball] ttype=fire
INFO     	    zapdosgalar      defiant  choicescarf [bravebird, closecombat, knockoff, uturn] ttype=steel
INFO     	      pachirisu   voltabsorb heavydutyboots [discharge, encore, superfang, uturn] ttype=flying
INFO     Sampling battle 31
INFO     	          chiyu  beadsofruin heavydutyboots [darkpulse, fireblast, nastyplot, willowisp] ttype=fire
INFO     	       rayquaza      airlock heavydutyboots [dragonascent, dragondance, earthquake, outrage] ttype=flying
INFO     Sampling 3 unrevealed pokemon
INFO     	taurospaldeablaze   intimidate   choiceband [closecombat, flareblitz, stoneedge, wildcharge] ttype=fighting
INFO     	         dialga     pressure    leftovers [dracometeor, heavyslam, stealthrock, thunderwave] ttype=flying
INFO     	       delibird       hustle heavydutyboots [bravebird, drillrun, iceshard, icespinner] ttype=ground
INFO     Searching for a move using MCTS...
INFO     Sampling 32 battles at 250ms each
INFO     Policy 0: calmmind-tera visited 50.19% avg_score=0.335 sample_chance_multiplier=0.031
INFO     Policy 1: calmmind-tera visited 83.25% avg_score=0.368 sample_chance_multiplier=0.031
INFO     Policy 2: calmmind-tera visited 49.66% avg_score=0.32 sample_chance_multiplier=0.031
INFO     Policy 3: switch barraskewda visited 46.63% avg_score=0.333 sample_chance_multiplier=0.031
INFO     Policy 4: calmmind-tera visited 31.5% avg_score=0.329 sample_chance_multiplier=0.031
INFO     Policy 5: switch barraskewda visited 59.67% avg_score=0.341 sample_chance_multiplier=0.031
INFO     Policy 6: calmmind-tera visited 58.87% avg_score=0.334 sample_chance_multiplier=0.031
INFO     Policy 7: calmmind-tera visited 77.4% avg_score=0.339 sample_chance_multiplier=0.031
INFO     Policy 8: switch barraskewda visited 73.06% avg_score=0.355 sample_chance_multiplier=0.031
INFO     Policy 9: calmmind-tera visited 86.37% avg_score=0.395 sample_chance_multiplier=0.031
INFO     Policy 10: calmmind-tera visited 49.58% avg_score=0.341 sample_chance_multiplier=0.031
INFO     Policy 11: calmmind-tera visited 72.03% avg_score=0.337 sample_chance_multiplier=0.031
INFO     Policy 12: calmmind-tera visited 78.22% avg_score=0.366 sample_chance_multiplier=0.031
INFO     Policy 13: calmmind-tera visited 71.68% avg_score=0.303 sample_chance_multiplier=0.031
INFO     Policy 14: calmmind-tera visited 54.43% avg_score=0.342 sample_chance_multiplier=0.031
INFO     Policy 15: calmmind-tera visited 78.56% avg_score=0.343 sample_chance_multiplier=0.031
INFO     Policy 16: switch barraskewda visited 62.1% avg_score=0.35 sample_chance_multiplier=0.031
INFO     Policy 17: calmmind-tera visited 46.91% avg_score=0.313 sample_chance_multiplier=0.031
INFO     Policy 18: calmmind-tera visited 61.77% avg_score=0.332 sample_chance_multiplier=0.031
INFO     Policy 19: calmmind-tera visited 76.49% avg_score=0.331 sample_chance_multiplier=0.031
INFO     Policy 20: calmmind-tera visited 43.45% avg_score=0.339 sample_chance_multiplier=0.031
INFO     Policy 21: calmmind-tera visited 57.35% avg_score=0.331 sample_chance_multiplier=0.031
INFO     Policy 22: calmmind-tera visited 80.56% avg_score=0.401 sample_chance_multiplier=0.031
INFO     Policy 23: calmmind-tera visited 84.01% avg_score=0.356 sample_chance_multiplier=0.031
INFO     Policy 24: calmmind-tera visited 31.54% avg_score=0.319 sample_chance_multiplier=0.031
INFO     Policy 25: calmmind-tera visited 54.87% avg_score=0.313 sample_chance_multiplier=0.031
INFO     Policy 26: calmmind-tera visited 74.26% avg_score=0.328 sample_chance_multiplier=0.031
INFO     Policy 27: calmmind-tera visited 74.28% avg_score=0.348 sample_chance_multiplier=0.031
INFO     Policy 28: calmmind-tera visited 76.54% avg_score=0.337 sample_chance_multiplier=0.031
INFO     Policy 29: calmmind-tera visited 49.71% avg_score=0.31 sample_chance_multiplier=0.031
INFO     Policy 30: calmmind-tera visited 80.09% avg_score=0.417 sample_chance_multiplier=0.031
INFO     Policy 31: calmmind-tera visited 51.83% avg_score=0.336 sample_chance_multiplier=0.031
INFO     Considered Choices:
INFO     	57.178%: calmmind-tera
INFO     Choice: calmmind-tera
INFO     Updated chiyu's min speed to 177
INFO     lunala terastallized. Tera type: dark, Original types: ['psychic', 'ghost']
INFO     chiyu used a dark move, removing darkgem from possible items
INFO     Setting chiyu's last used move: darkpulse
INFO     chiyu used a damaging move - not guessing lifeorb anymore
INFO     chiyu did 10.39% damage to lunala with darkpulse
INFO     lunala already has the move calmmind. Decrementing the PP by 1
INFO     lunala using calmmind makes it unlikely to have a choice item. Setting can_have_choice_item to False
INFO     lunala used a status-move. Adding `assaultvest` to impossible items
INFO     Setting lunala's last used move: calmmind
INFO     lunala's special-attack was boosted by 1 to 1
INFO     lunala's special-defense was boosted by 1 to 1
INFO     Setting lunala's item to: leftovers
INFO     
INFO     Turn: 10
INFO     root priors (8): {'moongeistbeam': 0.674, 'calmmind': 0.243, 'psyshock': 0.075, 'moonlight': 0.004}
INFO     Sampling battle 0
INFO     	          chiyu  beadsofruin heavydutyboots [darkpulse, fireblast, nastyplot, psychic] ttype=fire
INFO     	       rayquaza      airlock heavydutyboots [dragonascent, dragondance, earthquake, outrage] ttype=flying
INFO     Sampling 3 unrevealed pokemon
INFO     	     baxcalibur thermalexchange   choiceband [earthquake, glaiverush, iceshard, iciclecrash] ttype=dragon
INFO     	        luvdisc    swiftswim heavydutyboots [endeavor, substitute, surf, whirlpool] ttype=ground
INFO     	       skarmory       sturdy    leftovers [bodypress, bravebird, roost, stealthrock] ttype=fighting
INFO     Sampling battle 1
INFO     	          chiyu  beadsofruin heavydutyboots [darkpulse, fireblast, nastyplot, psychic] ttype=dark
INFO     	       rayquaza      airlock heavydutyboots [dragonascent, dragondance, earthquake, outrage] ttype=flying
INFO     Sampling 3 unrevealed pokemon
INFO     	       qwilfish   intimidate    leftovers [destinybond, gunkshot, toxicspikes, waterfall] ttype=grass
INFO     	lycanrocmidnight      noguard      lifeorb [closecombat, stoneedge, suckerpunch, swordsdance] ttype=fighting
INFO     	    fluttermane protosynthesis  choicespecs [moonblast, mysticalfire, shadowball, thunderbolt] ttype=fairy
INFO     Sampling battle 2
INFO     	          chiyu  beadsofruin heavydutyboots [darkpulse, fireblast, nastyplot, willowisp] ttype=dark
INFO     	       rayquaza      airlock heavydutyboots [dragonascent, dragondance, earthquake, outrage] ttype=flying
INFO     Sampling 3 unrevealed pokemon
INFO     	   lycanrocdusk   toughclaws      lifeorb [closecombat, psychicfangs, stoneedge, swordsdance] ttype=fighting
INFO     	      alomomola  regenerator heavydutyboots [flipturn, protect, scald, wish] ttype=poison
INFO     	       basculin adaptability   choiceband [aquajet, doubleedge, flipturn, wavecrash] ttype=water
INFO     Sampling battle 3
INFO     	          chiyu  beadsofruin heavydutyboots [darkpulse, fireblast, nastyplot, willowisp] ttype=dark
INFO     	       rayquaza      airlock heavydutyboots [dragonascent, dragondance, earthquake, outrage] ttype=flying
INFO     Sampling 3 unrevealed pokemon
INFO     	      amoonguss  regenerator    leftovers [clearsmog, gigadrain, sludgebomb, spore] ttype=water
INFO     	       slowking  regenerator heavydutyboots [chillyreception, psyshock, scald, slackoff] ttype=fairy
INFO     	     copperajah   heavymetal   choiceband [earthquake, heavyslam, supercellslam, superpower] ttype=flying
INFO     Sampling battle 4
INFO     	          chiyu  beadsofruin  choicescarf [darkpulse, flamethrower, overheat, psychic] ttype=fire
INFO     	       rayquaza      airlock heavydutyboots [dragonascent, dragondance, earthquake, outrage] ttype=flying
INFO     Sampling 3 unrevealed pokemon
INFO     	   lycanrocdusk   toughclaws   choiceband [accelerock, closecombat, psychicfangs, stoneedge] ttype=fighting
INFO     	       glimmora  toxicdebris    powerherb [earthpower, energyball, meteorbeam, sludgewave] ttype=grass
INFO     	        volbeat    prankster heavydutyboots [encore, roost, thunderwave, uturn] ttype=water
INFO     Sampling battle 5
INFO     	          chiyu  beadsofruin  choicescarf [darkpulse, flamethrower, overheat, psychic] ttype=fire
INFO     	       rayquaza      airlock heavydutyboots [dragonascent, dragondance, earthquake, outrage] ttype=flying
INFO     Sampling 3 unrevealed pokemon
INFO     	       froslass   cursedbody     widelens [poltergeist, taunt, tripleaxel, willowisp] ttype=ice
INFO     	        dondozo      unaware    leftovers [curse, rest, sleeptalk, wavecrash] ttype=fairy
INFO     	         zarude    leafguard    leftovers [knockoff, powerwhip, swordsdance, synthesis] ttype=grass
INFO     Sampling battle 6
INFO     	          chiyu  beadsofruin  choicescarf [darkpulse, flamethrower, overheat, psychic] ttype=dark
INFO     	       rayquaza      airlock heavydutyboots [dragonascent, dragondance, earthquake, outrage] ttype=flying
INFO     Sampling 3 unrevealed pokemon
INFO     	    kyuremwhite   turboblaze  choicespecs [dracometeor, freezedry, fusionflare, icebeam] ttype=dragon
INFO     	          minun   voltabsorb      lifeorb [encore, grassknot, nastyplot, thunderbolt] ttype=electric
INFO     	     wigglytuff  competitive    leftovers [alluringvoice, fireblast, knockoff, thunderwave] ttype=steel
INFO     Sampling battle 7
INFO     	          chiyu  beadsofruin  choicescarf [darkpulse, flamethrower, overheat, psychic] ttype=dark
INFO     	       rayquaza      airlock heavydutyboots [dragonascent, dragondance, earthquake, outrage] ttype=flying
INFO     Sampling 3 unrevealed pokemon
INFO     	      indeedeef psychicsurge  choicespecs [dazzlinggleam, hypervoice, psyshock, shadowball] ttype=fairy
INFO     	     victreebel  chlorophyll      lifeorb [powerwhip, sleeppowder, sludgewave, strengthsap] ttype=steel
INFO     	 keldeoresolute    justified  choicespecs [airslash, hydropump, secretsword, vacuumwave] ttype=fighting
INFO     Sampling battle 8
INFO     	          chiyu  beadsofruin heavydutyboots [darkpulse, fireblast, nastyplot, willowisp] ttype=dark
INFO     	       rayquaza      airlock heavydutyboots [dragonascent, dragondance, earthquake, outrage] ttype=flying
INFO     Sampling 3 unrevealed pokemon
INFO     	        ogerpon      defiant      lifeorb [ivycudgel, knockoff, superpower, swordsdance] ttype=grass
INFO     	      bellossom  chlorophyll    leftovers [gigadrain, moonblast, quiverdance, strengthsap] ttype=fairy
INFO     	       skarmory       sturdy    leftovers [bodypress, bravebird, roost, spikes] ttype=dragon
INFO     Sampling battle 9
INFO     	          chiyu  beadsofruin  choicescarf [darkpulse, flamethrower, overheat, psychic] ttype=dark
INFO     	       rayquaza      airlock heavydutyboots [dragonascent, dragondance, earthquake, outrage] ttype=flying
INFO     Sampling 3 unrevealed pokemon
INFO     	      mamoswine     thickfat      lifeorb [earthquake, iceshard, iciclecrash, stealthrock] ttype=ice
INFO     	 keldeoresolute    justified    leftovers [calmmind, hydropump, secretsword, substitute] ttype=steel
INFO     	   slowbrogalar  regenerator  assaultvest [earthquake, fireblast, psychic, shellsidearm] ttype=ground
INFO     Sampling battle 10
INFO     	          chiyu  beadsofruin heavydutyboots [darkpulse, fireblast, nastyplot, psychic] ttype=fire
INFO     	       rayquaza      airlock heavydutyboots [dragonascent, dragondance, earthquake, outrage] ttype=flying
INFO     Sampling 3 unrevealed pokemon
INFO     	  deoxysdefense     pressure  rockyhelmet [psychicnoise, recover, spikes, teleport] ttype=fairy
INFO     	       clefable      unaware    leftovers [knockoff, moonblast, moonlight, stealthrock] ttype=steel
INFO     	   avalugghisui       sturdy heavydutyboots [avalanche, bodypress, recover, stoneedge] ttype=poison
INFO     Sampling battle 11
INFO     	          chiyu  beadsofruin heavydutyboots [darkpulse, fireblast, nastyplot, psychic] ttype=fire
INFO     	       rayquaza      airlock heavydutyboots [dragonascent, dragondance, earthquake, outrage] ttype=flying
INFO     Sampling 3 unrevealed pokemon
INFO     	        noctowl   tintedlens heavydutyboots [calmmind, hurricane, hypervoice, roost] ttype=steel
INFO     	taurospaldeaaqua   intimidate   choiceband [aquajet, closecombat, stoneedge, wavecrash] ttype=water
INFO     	     irontreads   quarkdrive  assaultvest [earthquake, ironhead, knockoff, rapidspin] ttype=dragon
INFO     Sampling battle 12
INFO     	          chiyu  beadsofruin  choicescarf [darkpulse, flamethrower, overheat, psychic] ttype=fire
INFO     	       rayquaza      airlock heavydutyboots [dragonascent, dragondance, earthquake, outrage] ttype=flying
INFO     Sampling 3 unrevealed pokemon
INFO     	     arceusrock    multitype   stoneplate [earthquake, recover, stoneedge, swordsdance] ttype=ground
INFO     	         raichu lightningrod  assaultvest [alluringvoice, grassknot, nuzzle, thunderbolt] ttype=grass
INFO     	      hippowdon   sandstream    leftovers [earthquake, slackoff, stealthrock, whirlwind] ttype=rock
INFO     Sampling battle 13
INFO     	          chiyu  beadsofruin heavydutyboots [darkpulse, fireblast, nastyplot, willowisp] ttype=dark
INFO     	       rayquaza      airlock heavydutyboots [dragonascent, dragondance, earthquake, outrage] ttype=flying
INFO     Sampling 3 unrevealed pokemon
INFO     	        lucario   innerfocus      lifeorb [flashcannon, focusblast, nastyplot, vacuumwave] ttype=fighting
INFO     	     hitmonchan     ironfist      lifeorb [drainpunch, knockoff, machpunch, swordsdance] ttype=fighting
INFO     	     pincurchin electricsurge    leftovers [recover, scald, thunderbolt, toxicspikes] ttype=water
INFO     Sampling battle 14
INFO     	          chiyu  beadsofruin  choicescarf [darkpulse, flamethrower, overheat, psychic] ttype=fire
INFO     	       rayquaza      airlock heavydutyboots [dragonascent, dragondance, earthquake, outrage] ttype=flying
INFO     Sampling 3 unrevealed pokemon
INFO     	      hatterene  magicbounce  assaultvest [drainingkiss, mysticalfire, nuzzle, psychic] ttype=steel
INFO     	    arceusfairy    multitype   pixieplate [calmmind, earthpower, judgment, recover] ttype=ground
INFO     	taurospaldeaaqua      cudchew  sitrusberry [bulkup, closecombat, liquidation, substitute] ttype=water
INFO     Sampling battle 15
INFO     	          chiyu  beadsofruin  choicescarf [darkpulse, flamethrower, overheat, psychic] ttype=dark
INFO     	       rayquaza      airlock heavydutyboots [dragonascent, dragondance, earthquake, outrage] ttype=flying
INFO     Sampling 3 unrevealed pokemon
INFO     	ogerponcornerstone       sturdy cornerstonemask [ivycudgel, powerwhip, spikes, synthesis] ttype=rock
INFO     	       dachsbun wellbakedbody    leftovers [playrough, protect, wish, yawn] ttype=steel
INFO     	       venomoth   tintedlens heavydutyboots [bugbuzz, quiverdance, sleeppowder, sludgewave] ttype=bug
INFO     Searching for a move using MCTS...
INFO     Sampling 16 battles at 500ms each
INFO     Policy 0: calmmind visited 90.83% avg_score=0.525 sample_chance_multiplier=0.062
INFO     Policy 1: calmmind visited 65.94% avg_score=0.489 sample_chance_multiplier=0.062
INFO     Policy 2: calmmind visited 90.66% avg_score=0.526 sample_chance_multiplier=0.062
INFO     Policy 3: calmmind visited 90.74% avg_score=0.523 sample_chance_multiplier=0.062
INFO     Policy 4: calmmind visited 71.51% avg_score=0.607 sample_chance_multiplier=0.062
INFO     Policy 5: moongeistbeam visited 56.74% avg_score=0.381 sample_chance_multiplier=0.062
INFO     Policy 6: moongeistbeam visited 55.9% avg_score=0.555 sample_chance_multiplier=0.062
INFO     Policy 7: calmmind visited 82.1% avg_score=0.6 sample_chance_multiplier=0.062
INFO     Policy 8: calmmind visited 89.9% avg_score=0.517 sample_chance_multiplier=0.062
INFO     Policy 9: calmmind visited 59.41% avg_score=0.651 sample_chance_multiplier=0.062
INFO     Policy 10: calmmind visited 68.28% avg_score=0.488 sample_chance_multiplier=0.062
INFO     Policy 11: calmmind visited 90.43% avg_score=0.513 sample_chance_multiplier=0.062
INFO     Policy 12: moongeistbeam visited 77.03% avg_score=0.598 sample_chance_multiplier=0.062
INFO     Policy 13: calmmind visited 87.42% avg_score=0.515 sample_chance_multiplier=0.062
INFO     Policy 14: calmmind visited 82.6% avg_score=0.608 sample_chance_multiplier=0.062
INFO     Policy 15: moongeistbeam visited 74.35% avg_score=0.609 sample_chance_multiplier=0.062
INFO     Considered Choices:
INFO     	67.617%: calmmind
INFO     Choice: calmmind
INFO     Updated chiyu's min speed to 177
INFO     chiyu used two different moves - it cannot have a choice item
INFO     chiyu used a fire move, removing firegem from possible items
INFO     Setting chiyu's last used move: fireblast
INFO     chiyu used a damaging move - not guessing lifeorb anymore
INFO     chiyu did 39.94% damage to lunala with fireblast
INFO     lunala already has the move calmmind. Decrementing the PP by 1
INFO     lunala using calmmind makes it unlikely to have a choice item. Setting can_have_choice_item to False
INFO     lunala used a status-move. Adding `assaultvest` to impossible items
INFO     Setting lunala's last used move: calmmind
INFO     lunala's special-attack was boosted by 1 to 2
INFO     lunala's special-defense was boosted by 1 to 2
INFO     Setting lunala's item to: leftovers
INFO     
INFO     Turn: 11
INFO     root priors (8): {'moonlight': 0.502, 'moongeistbeam': 0.414, 'psyshock': 0.042, 'calmmind': 0.038}
INFO     Sampling battle 0
INFO     	          chiyu  beadsofruin heavydutyboots [darkpulse, fireblast, nastyplot, willowisp] ttype=fire
INFO     	       rayquaza      airlock heavydutyboots [dragonascent, dragondance, earthquake, outrage] ttype=flying
INFO     Sampling 3 unrevealed pokemon
INFO     	        luvdisc    swiftswim heavydutyboots [endeavor, flipturn, substitute, surf] ttype=ground
INFO     	      spiritomb  infiltrator    leftovers [foulplay, poltergeist, shadowsneak, willowisp] ttype=poison
INFO     	      arceusbug    multitype  insectplate [calmmind, earthpower, judgment, recover] ttype=ground
INFO     Sampling battle 1
INFO     	          chiyu  beadsofruin heavydutyboots [darkpulse, fireblast, nastyplot, willowisp] ttype=fire
INFO     	       rayquaza      airlock heavydutyboots [dragonascent, dragondance, earthquake, outrage] ttype=flying
INFO     Sampling 3 unrevealed pokemon
INFO     	      coalossal    flamebody heavydutyboots [flamethrower, rapidspin, stealthrock, stoneedge] ttype=water
INFO     	       ampharos       static  assaultvest [dazzlinggleam, focusblast, thunderbolt, voltswitch] ttype=fairy
INFO     	         palkia     pressure  lustrousorb [dracometeor, fireblast, hydropump, thunderwave] ttype=dragon
INFO     Sampling battle 2
INFO     	          chiyu  beadsofruin heavydutyboots [darkpulse, fireblast, nastyplot, psychic] ttype=fire
INFO     	       rayquaza      airlock heavydutyboots [dragonascent, dragondance, earthquake, outrage] ttype=flying
INFO     Sampling 3 unrevealed pokemon
INFO     	      coalossal    flamebody heavydutyboots [overheat, rapidspin, stoneedge, willowisp] ttype=grass
INFO     	        carbink       sturdy    leftovers [bodypress, irondefense, moonblast, rockpolish] ttype=fighting
INFO     	     wigglytuff  competitive    leftovers [alluringvoice, fireblast, knockoff, thunderwave] ttype=poison
INFO     Sampling battle 3
INFO     	          chiyu  beadsofruin heavydutyboots [darkpulse, fireblast, nastyplot, psychic] ttype=fire
INFO     	       rayquaza      airlock heavydutyboots [dragonascent, dragondance, earthquake, outrage] ttype=flying
INFO     Sampling 3 unrevealed pokemon
INFO     	 lilliganthisui       hustle      lifeorb [closecombat, icespinner, leafblade, victorydance] ttype=steel
INFO     	  qwilfishhisui   intimidate     eviolite [crunch, gunkshot, spikes, toxicspikes] ttype=poison
INFO     	       rotomfan     levitate heavydutyboots [airslash, nastyplot, thunderbolt, willowisp] ttype=electric
INFO     Sampling battle 4
INFO     	          chiyu  beadsofruin heavydutyboots [darkpulse, fireblast, nastyplot, psychic] ttype=dark
INFO     	       rayquaza      airlock heavydutyboots [dragonascent, dragondance, earthquake, outrage] ttype=flying
INFO     Sampling 3 unrevealed pokemon
INFO     	       chienpao  swordofruin   choiceband [crunch, iceshard, iciclecrash, sacredsword] ttype=fighting
INFO     	      spectrier    grimneigh      lifeorb [darkpulse, drainingkiss, nastyplot, shadowball] ttype=fairy
INFO     	        gallade    sharpness   choiceband [leafblade, nightslash, psychocut, sacredsword] ttype=dark
INFO     Sampling battle 5
INFO     	          chiyu  beadsofruin heavydutyboots [darkpulse, fireblast, nastyplot, psychic] ttype=dark
INFO     	       rayquaza      airlock heavydutyboots [dragonascent, dragondance, earthquake, outrage] ttype=flying
INFO     Sampling 3 unrevealed pokemon
INFO     	       cloyster    skilllink    whiteherb [hydropump, iciclespear, rockblast, shellsmash] ttype=rock
INFO     	  qwilfishhisui   intimidate     eviolite [crunch, gunkshot, spikes, toxicspikes] ttype=flying
INFO     	   weezinggalar     levitate    leftovers [defog, gunkshot, painsplit, strangesteam] ttype=steel
INFO     Sampling battle 6
INFO     	          chiyu  beadsofruin heavydutyboots [darkpulse, fireblast, nastyplot, willowisp] ttype=fire
INFO     	       rayquaza      airlock heavydutyboots [dragonascent, dragondance, earthquake, outrage] ttype=flying
INFO     Sampling 3 unrevealed pokemon
INFO     	       dragalge adaptability    leftovers [dracometeor, focusblast, sludgewave, toxic] ttype=fighting
INFO     	       sawsbuck  serenegrace      lifeorb [headbutt, highhorsepower, hornleech, swordsdance] ttype=normal
INFO     	         klefki    prankster    leftovers [dazzlinggleam, foulplay, spikes, thunderwave] ttype=flying
INFO     Sampling battle 7
INFO     	          chiyu  beadsofruin heavydutyboots [darkpulse, fireblast, nastyplot, willowisp] ttype=fire
INFO     	       rayquaza      airlock heavydutyboots [dragonascent, dragondance, earthquake, outrage] ttype=flying
INFO     Sampling 3 unrevealed pokemon
INFO     	necrozmaduskmane   prismarmor weaknesspolicy [dragondance, earthquake, morningsun, sunsteelstrike] ttype=steel
INFO     	       smeargle   technician     widelens [populationbomb, powertrip, shellsmash, spore] ttype=normal
INFO     	     ragingbolt protosynthesis boosterenergy [calmmind, dragonpulse, thunderbolt, thunderclap] ttype=fairy
INFO     Sampling battle 8
INFO     	          chiyu  beadsofruin heavydutyboots [darkpulse, fireblast, nastyplot, willowisp] ttype=dark
INFO     	       rayquaza      airlock heavydutyboots [dragonascent, dragondance, earthquake, outrage] ttype=flying
INFO     Sampling 3 unrevealed pokemon
INFO     	     houndstone       fluffy  assaultvest [bodypress, playrough, poltergeist, shadowsneak] ttype=fighting
INFO     	   hoopaunbound     magician  choicescarf [focusblast, hyperspacefury, psychic, trick] ttype=fighting
INFO     	       lurantis     contrary    leftovers [knockoff, leafstorm, superpower, synthesis] ttype=fighting
INFO     Sampling battle 9
INFO     	          chiyu  beadsofruin heavydutyboots [darkpulse, fireblast, nastyplot, psychic] ttype=dark
INFO     	       rayquaza      airlock heavydutyboots [dragonascent, dragondance, earthquake, outrage] ttype=flying
INFO     Sampling 3 unrevealed pokemon
INFO     	       qwilfish   intimidate    leftovers [destinybond, gunkshot, spikes, waterfall] ttype=grass
INFO     	      bellibolt electromorphosis    leftovers [muddywater, slackoff, thunderbolt, voltswitch] ttype=electric
INFO     	      honchkrow        moxie heavydutyboots [bravebird, heatwave, suckerpunch, uturn] ttype=dark
INFO     Sampling battle 10
INFO     	          chiyu  beadsofruin heavydutyboots [darkpulse, fireblast, nastyplot, willowisp] ttype=dark
INFO     	       rayquaza      airlock heavydutyboots [dragonascent, dragondance, earthquake, outrage] ttype=flying
INFO     Sampling 3 unrevealed pokemon
INFO     	     copperajah   sheerforce      lifeorb [earthquake, ironhead, playrough, superpower] ttype=fairy
INFO     	       braviary      defiant heavydutyboots [bravebird, bulkup, closecombat, roost] ttype=fighting
INFO     	        dedenne   cheekpouch  sitrusberry [dazzlinggleam, superfang, thunderbolt, uturn] ttype=flying
INFO     Sampling battle 11
INFO     	          chiyu  beadsofruin heavydutyboots [darkpulse, fireblast, nastyplot, willowisp] ttype=dark
INFO     	       rayquaza      airlock heavydutyboots [dragonascent, dragondance, earthquake, outrage] ttype=flying
INFO     Sampling 3 unrevealed pokemon
INFO     	  samurotthisui    sharpness      lifeorb [ceaselessedge, razorshell, sacredsword, swordsdance] ttype=poison
INFO     	     gothitelle    shadowtag    leftovers [calmmind, darkpulse, psychicnoise, thunderbolt] ttype=ground
INFO     	        suicune     pressure    leftovers [calmmind, icebeam, scald, substitute] ttype=dragon
INFO     Sampling battle 12
INFO     	          chiyu  beadsofruin heavydutyboots [darkpulse, fireblast, nastyplot, willowisp] ttype=dark
INFO     	       rayquaza      airlock heavydutyboots [dragonascent, dragondance, earthquake, outrage] ttype=flying
INFO     Sampling 3 unrevealed pokemon
INFO     	       camerupt    solidrock    leftovers [earthquake, overheat, stealthrock, willowisp] ttype=grass
INFO     	thundurustherian   voltabsorb heavydutyboots [focusblast, nastyplot, terablast, thunderbolt] ttype=flying
INFO     	      vileplume  effectspore    leftovers [gigadrain, leechseed, sludgebomb, strengthsap] ttype=water
INFO     Sampling battle 13
INFO     	          chiyu  beadsofruin heavydutyboots [darkpulse, fireblast, nastyplot, willowisp] ttype=dark
INFO     	       rayquaza      airlock heavydutyboots [dragonascent, dragondance, earthquake, outrage] ttype=flying
INFO     Sampling 3 unrevealed pokemon
INFO     	         veluza    sharpness  sitrusberry [aquacutter, filletaway, nightslash, psychocut] ttype=psychic
INFO     	     arceusrock    multitype   stoneplate [calmmind, earthpower, judgment, recover] ttype=dragon
INFO     	         swalot   liquidooze    leftovers [earthquake, protect, sludgebomb, toxic] ttype=ground
INFO     Sampling battle 14
INFO     	          chiyu  beadsofruin heavydutyboots [darkpulse, fireblast, nastyplot, psychic] ttype=fire
INFO     	       rayquaza      airlock heavydutyboots [dragonascent, dragondance, earthquake, outrage] ttype=flying
INFO     Sampling 3 unrevealed pokemon
INFO     	       articuno     pressure heavydutyboots [bravebird, freezedry, roost, substitute] ttype=ground
INFO     	taurospaldeacombat   intimidate   choiceband [closecombat, earthquake, ironhead, stoneedge] ttype=fighting
INFO     	      primarina  liquidvoice    leftovers [calmmind, drainingkiss, moonblast, psychicnoise] ttype=poison
INFO     Sampling battle 15
INFO     	          chiyu  beadsofruin heavydutyboots [darkpulse, fireblast, nastyplot, willowisp] ttype=fire
INFO     	       rayquaza      airlock heavydutyboots [dragonascent, dragondance, earthquake, outrage] ttype=flying
INFO     Sampling 3 unrevealed pokemon
INFO     	        lanturn   voltabsorb heavydutyboots [scald, thunderbolt, thunderwave, voltswitch] ttype=flying
INFO     	       frosmoth    icescales heavydutyboots [gigadrain, hurricane, icebeam, quiverdance] ttype=water
INFO     	        wochien tabletsofruin    leftovers [knockoff, leechseed, protect, stunspore] ttype=poison
INFO     Searching for a move using MCTS...
INFO     Sampling 16 battles at 500ms each
INFO     Policy 0: moonlight visited 92.41% avg_score=0.536 sample_chance_multiplier=0.062
INFO     Policy 1: moonlight visited 91.62% avg_score=0.531 sample_chance_multiplier=0.062
INFO     Policy 2: moongeistbeam visited 56.0% avg_score=0.467 sample_chance_multiplier=0.062
INFO     Policy 3: moonlight visited 87.47% avg_score=0.496 sample_chance_multiplier=0.062
INFO     Policy 4: moonlight visited 75.85% avg_score=0.411 sample_chance_multiplier=0.062
INFO     Policy 5: moonlight visited 86.47% avg_score=0.503 sample_chance_multiplier=0.062
INFO     Policy 6: moonlight visited 87.41% avg_score=0.496 sample_chance_multiplier=0.062
INFO     Policy 7: moonlight visited 92.48% avg_score=0.515 sample_chance_multiplier=0.062
INFO     Policy 8: moonlight visited 92.23% avg_score=0.529 sample_chance_multiplier=0.062
INFO     Policy 9: moonlight visited 89.97% avg_score=0.513 sample_chance_multiplier=0.062
INFO     Policy 10: moonlight visited 90.03% avg_score=0.359 sample_chance_multiplier=0.062
INFO     Policy 11: moonlight visited 90.65% avg_score=0.516 sample_chance_multiplier=0.062
INFO     Policy 12: moonlight visited 92.87% avg_score=0.539 sample_chance_multiplier=0.062
INFO     Policy 13: moonlight visited 92.03% avg_score=0.536 sample_chance_multiplier=0.062
INFO     Policy 14: moonlight visited 91.59% avg_score=0.522 sample_chance_multiplier=0.062
INFO     Policy 15: moonlight visited 48.66% avg_score=0.424 sample_chance_multiplier=0.062
INFO     Considered Choices:
INFO     	84.011%: moonlight
INFO     Choice: moonlight
INFO     Updated chiyu's min speed to 177
INFO     chiyu already has the move fireblast. Decrementing the PP by 1
INFO     chiyu used a fire move, removing firegem from possible items
INFO     Setting chiyu's last used move: fireblast
INFO     chiyu used a damaging move - not guessing lifeorb anymore
INFO     chiyu did 27.27% damage to lunala with fireblast
INFO     lunala already has the move moonlight. Decrementing the PP by 1
INFO     lunala used a status-move. Adding `assaultvest` to impossible items
INFO     Setting lunala's last used move: moonlight
INFO     Setting lunala's item to: leftovers
INFO     
INFO     Turn: 12
INFO     root priors (8): {'moongeistbeam': 0.718, 'calmmind': 0.175, 'psyshock': 0.095, 'moonlight': 0.008}
INFO     Sampling battle 0
INFO     	          chiyu  beadsofruin heavydutyboots [darkpulse, fireblast, nastyplot, psychic] ttype=dark
INFO     	       rayquaza      airlock heavydutyboots [dragonascent, dragondance, earthquake, outrage] ttype=flying
INFO     Sampling 3 unrevealed pokemon
INFO     	        ariados     insomnia heavydutyboots [knockoff, megahorn, poisonjab, stickyweb] ttype=ghost
INFO     	       cinccino   technician   loadeddice [bulletseed, tailslap, tripleaxel, uturn] ttype=ice
INFO     	     houndstone       fluffy    leftovers [bodypress, poltergeist, roar, shadowsneak] ttype=fighting
INFO     Sampling battle 1
INFO     	          chiyu  beadsofruin heavydutyboots [darkpulse, fireblast, nastyplot, willowisp] ttype=dark
INFO     	       rayquaza      airlock heavydutyboots [dragonascent, dragondance, earthquake, outrage] ttype=flying
INFO     Sampling 3 unrevealed pokemon
INFO     	      kingambit supremeoverlord    leftovers [ironhead, kowtowcleave, suckerpunch, swordsdance] ttype=dark
INFO     	         zapdos       static heavydutyboots [discharge, heatwave, hurricane, roost] ttype=steel
INFO     	        gallade    sharpness  choicescarf [leafblade, nightslash, psychocut, sacredsword] ttype=fighting
INFO     Sampling battle 2
INFO     	          chiyu  beadsofruin heavydutyboots [darkpulse, fireblast, nastyplot, psychic] ttype=fire
INFO     	       rayquaza      airlock heavydutyboots [dragonascent, dragondance, earthquake, outrage] ttype=flying
INFO     Sampling 3 unrevealed pokemon
INFO     	  calyrexshadow asonespectrier  choicespecs [astralbarrage, pollenpuff, psyshock, trick] ttype=ghost
INFO     	         latios     levitate      souldew [aurasphere, dracometeor, lusterpurge, recover] ttype=fighting
INFO     	      quaquaval        moxie      lifeorb [aquastep, closecombat, swordsdance, tripleaxel] ttype=steel
INFO     Sampling battle 3
INFO     	          chiyu  beadsofruin heavydutyboots [darkpulse, fireblast, nastyplot, willowisp] ttype=dark
INFO     	       rayquaza      airlock heavydutyboots [dragonascent, dragondance, earthquake, outrage] ttype=flying
INFO     Sampling 3 unrevealed pokemon
INFO     	        delphox        blaze  choicespecs [fireblast, focusblast, grassknot, psyshock] ttype=fire
INFO     	taurospaldeacombat   intimidate      lifeorb [bulkup, closecombat, stoneedge, throatchop] ttype=dark
INFO     	     hitmonchan     ironfist  assaultvest [drainpunch, knockoff, poisonjab, rapidspin] ttype=steel
INFO     Sampling battle 4
INFO     	          chiyu  beadsofruin heavydutyboots [darkpulse, fireblast, nastyplot, willowisp] ttype=fire
INFO     	       rayquaza      airlock heavydutyboots [dragonascent, dragondance, earthquake, outrage] ttype=flying
INFO     Sampling 3 unrevealed pokemon
INFO     	     ragingbolt protosynthesis    leftovers [calmmind, dracometeor, thunderbolt, thunderclap] ttype=fairy
INFO     	      spectrier    grimneigh    leftovers [darkpulse, nastyplot, shadowball, substitute] ttype=dark
INFO     	     talonflame    flamebody heavydutyboots [bravebird, overheat, roost, willowisp] ttype=ground
INFO     Sampling battle 5
INFO     	          chiyu  beadsofruin heavydutyboots [darkpulse, fireblast, nastyplot, psychic] ttype=dark
INFO     	       rayquaza      airlock heavydutyboots [dragonascent, dragondance, earthquake, outrage] ttype=flying
INFO     Sampling 3 unrevealed pokemon
INFO     	       glimmora  toxicdebris    powerherb [earthpower, energyball, meteorbeam, sludgewave] ttype=grass
INFO     	         lapras  waterabsorb   loadeddice [dragondance, earthquake, iciclespear, waterfall] ttype=ground
INFO     	        manaphy    hydration    leftovers [energyball, hydropump, icebeam, tailglow] ttype=water
INFO     Sampling battle 6
INFO     	          chiyu  beadsofruin heavydutyboots [darkpulse, fireblast, nastyplot, psychic] ttype=dark
INFO     	       rayquaza      airlock heavydutyboots [dragonascent, dragondance, earthquake, outrage] ttype=flying
INFO     Sampling 3 unrevealed pokemon
INFO     	        flareon         guts     toxicorb [facade, flareblitz, trailblaze, willowisp] ttype=normal
INFO     	        ambipom   technician    silkscarf [doubleedge, fakeout, knockoff, uturn] ttype=normal
INFO     	      hitmontop   intimidate  assaultvest [closecombat, earthquake, rapidspin, stoneedge] ttype=steel
INFO     Sampling battle 7
INFO     	          chiyu  beadsofruin heavydutyboots [darkpulse, fireblast, nastyplot, psychic] ttype=dark
INFO     	       rayquaza      airlock heavydutyboots [dragonascent, dragondance, earthquake, outrage] ttype=flying
INFO     Sampling 3 unrevealed pokemon
INFO     	      blastoise      torrent    whiteherb [earthquake, hydropump, icebeam, shellsmash] ttype=ground
INFO     	      arceusbug    multitype  insectplate [calmmind, earthpower, judgment, recover] ttype=ground
INFO     	      duraludon   lightmetal     eviolite [bodypress, dracometeor, flashcannon, irondefense] ttype=fighting
INFO     Sampling battle 8
INFO     	          chiyu  beadsofruin heavydutyboots [darkpulse, fireblast, nastyplot, psychic] ttype=fire
INFO     	       rayquaza      airlock heavydutyboots [dragonascent, dragondance, earthquake, outrage] ttype=flying
INFO     Sampling 3 unrevealed pokemon
INFO     	         minior  shieldsdown    whiteherb [acrobatics, earthquake, powergem, shellsmash] ttype=flying
INFO     	      munkidori   toxicchain  assaultvest [fakeout, psychicnoise, sludgewave, uturn] ttype=dark
INFO     	     ironthorns   quarkdrive   airballoon [icepunch, stealthrock, stoneedge, wildcharge] ttype=flying
INFO     Sampling battle 9
INFO     	          chiyu  beadsofruin heavydutyboots [darkpulse, fireblast, nastyplot, psychic] ttype=fire
INFO     	       rayquaza      airlock heavydutyboots [dragonascent, dragondance, earthquake, outrage] ttype=flying
INFO     Sampling 3 unrevealed pokemon
INFO     	    raichualola  surgesurfer      lifeorb [alluringvoice, nastyplot, psyshock, thunderbolt] ttype=fairy
INFO     	     arceusrock    multitype   stoneplate [dragondance, earthquake, recover, stoneedge] ttype=ground
INFO     	       espathra   speedboost  choicespecs [dazzlinggleam, luminacrash, shadowball, uturn] ttype=fairy
INFO     Sampling battle 10
INFO     	          chiyu  beadsofruin heavydutyboots [darkpulse, fireblast, nastyplot, willowisp] ttype=dark
INFO     	       rayquaza      airlock heavydutyboots [dragonascent, dragondance, earthquake, outrage] ttype=flying
INFO     Sampling 3 unrevealed pokemon
INFO     	  braviaryhisui   tintedlens heavydutyboots [defog, esperwing, hurricane, roost] ttype=fairy
INFO     	          azelf     levitate      lifeorb [fireblast, psychic, taunt, uturn] ttype=fire
INFO     	      spectrier    grimneigh    leftovers [drainingkiss, nastyplot, shadowball, substitute] ttype=fairy
INFO     Sampling battle 11
INFO     	          chiyu  beadsofruin heavydutyboots [darkpulse, fireblast, nastyplot, willowisp] ttype=fire
INFO     	       rayquaza      airlock heavydutyboots [dragonascent, dragondance, earthquake, outrage] ttype=flying
INFO     Sampling 3 unrevealed pokemon
INFO     	       tinkaton  moldbreaker    leftovers [encore, gigatonhammer, playrough, thunderwave] ttype=water
INFO     	      araquanid  waterbubble heavydutyboots [hydropump, leechlife, liquidation, stickyweb] ttype=steel
INFO     	          azelf     levitate      lifeorb [fireblast, knockoff, psychic, taunt] ttype=fire
INFO     Sampling battle 12
INFO     	          chiyu  beadsofruin heavydutyboots [darkpulse, fireblast, nastyplot, psychic] ttype=fire
INFO     	       rayquaza      airlock heavydutyboots [dragonascent, dragondance, earthquake, outrage] ttype=flying
INFO     Sampling 3 unrevealed pokemon
INFO     	     copperajah   sheerforce      lifeorb [earthquake, ironhead, playrough, stealthrock] ttype=fairy
INFO     	          minun   voltabsorb      lifeorb [alluringvoice, grassknot, nastyplot, thunderbolt] ttype=grass
INFO     	tornadustherian  regenerator  choicespecs [bleakwindstorm, focusblast, grassknot, uturn] ttype=flying
INFO     Sampling battle 13
INFO     	          chiyu  beadsofruin heavydutyboots [darkpulse, fireblast, nastyplot, willowisp] ttype=fire
INFO     	       rayquaza      airlock heavydutyboots [dragonascent, dragondance, earthquake, outrage] ttype=flying
INFO     Sampling 3 unrevealed pokemon
INFO     	taurospaldeablaze      cudchew  sitrusberry [bulkup, closecombat, ragingbull, substitute] ttype=water
INFO     	    kyuremblack     teravolt   loadeddice [dragondance, iciclespear, scaleshot, terablast] ttype=ground
INFO     	        malamar     contrary  chestoberry [knockoff, psychocut, rest, superpower] ttype=steel
INFO     Sampling battle 14
INFO     	          chiyu  beadsofruin heavydutyboots [darkpulse, fireblast, nastyplot, willowisp] ttype=dark
INFO     	       rayquaza      airlock heavydutyboots [dragonascent, dragondance, earthquake, outrage] ttype=flying
INFO     Sampling 3 unrevealed pokemon
INFO     	      farigiraf    sapsipper    leftovers [bodyslam, protect, psychicnoise, wish] ttype=fairy
INFO     	     krookodile   intimidate    leftovers [bulkup, earthquake, gunkshot, knockoff] ttype=poison
INFO     	      regieleki   transistor       magnet [explosion, rapidspin, thunderbolt, voltswitch] ttype=electric
INFO     Sampling battle 15
INFO     	          chiyu  beadsofruin heavydutyboots [darkpulse, fireblast, nastyplot, psychic] ttype=fire
INFO     	       rayquaza      airlock heavydutyboots [dragonascent, dragondance, earthquake, outrage] ttype=flying
INFO     Sampling 3 unrevealed pokemon
INFO     	        groudon      drought    leftovers [heatcrash, precipiceblades, roar, thunderwave] ttype=fire
INFO     	       salazzle    corrosion    leftovers [flamethrower, protect, substitute, toxic] ttype=flying
INFO     	      mismagius     levitate    leftovers [nastyplot, shadowball, substitute, terablast] ttype=fighting
INFO     Searching for a move using MCTS...
INFO     Sampling 16 battles at 500ms each
INFO     Policy 0: calmmind visited 88.42% avg_score=0.556 sample_chance_multiplier=0.062
INFO     Policy 1: moongeistbeam visited 42.43% avg_score=0.451 sample_chance_multiplier=0.062
INFO     Policy 2: moongeistbeam visited 43.55% avg_score=0.454 sample_chance_multiplier=0.062
INFO     Policy 3: moongeistbeam visited 42.39% avg_score=0.444 sample_chance_multiplier=0.062
INFO     Policy 4: calmmind visited 84.62% avg_score=0.614 sample_chance_multiplier=0.062
INFO     Policy 5: calmmind visited 86.07% avg_score=0.608 sample_chance_multiplier=0.062
INFO     Policy 6: moongeistbeam visited 52.04% avg_score=0.466 sample_chance_multiplier=0.062
INFO     Policy 7: calmmind visited 85.38% avg_score=0.595 sample_chance_multiplier=0.062
INFO     Policy 8: calmmind visited 85.63% avg_score=0.609 sample_chance_multiplier=0.062
INFO     Policy 9: calmmind visited 88.81% avg_score=0.613 sample_chance_multiplier=0.062
INFO     Policy 10: calmmind visited 82.57% avg_score=0.605 sample_chance_multiplier=0.062
INFO     Policy 11: moongeistbeam visited 81.81% avg_score=0.493 sample_chance_multiplier=0.062
INFO     Policy 12: calmmind visited 69.63% avg_score=0.533 sample_chance_multiplier=0.062
INFO     Policy 13: moongeistbeam visited 36.0% avg_score=0.46 sample_chance_multiplier=0.062
INFO     Policy 14: calmmind visited 69.57% avg_score=0.443 sample_chance_multiplier=0.062
INFO     Policy 15: calmmind visited 90.25% avg_score=0.624 sample_chance_multiplier=0.062
INFO     Considered Choices:
INFO     	62.712%: calmmind
INFO     Choice: calmmind
INFO     Updated chiyu's min speed to 177
INFO     chiyu already has the move darkpulse. Decrementing the PP by 1
INFO     chiyu used two different moves - it cannot have a choice item
INFO     chiyu used a dark move, removing darkgem from possible items
INFO     Setting chiyu's last used move: darkpulse
INFO     chiyu used a damaging move - not guessing lifeorb anymore
INFO     chiyu did 10.39% damage to lunala with darkpulse
INFO     lunala already has the move calmmind. Decrementing the PP by 1
INFO     lunala using calmmind makes it unlikely to have a choice item. Setting can_have_choice_item to False
INFO     lunala used a status-move. Adding `assaultvest` to impossible items
INFO     Setting lunala's last used move: calmmind
INFO     lunala's special-attack was boosted by 1 to 3
INFO     lunala's special-defense was boosted by 1 to 3
INFO     Setting lunala's item to: leftovers
INFO     
INFO     Turn: 13
INFO     root priors (8): {'moongeistbeam': 0.764, 'calmmind': 0.084, 'moonlight': 0.079, 'psyshock': 0.068}
INFO     Sampling battle 0
INFO     	          chiyu  beadsofruin heavydutyboots [darkpulse, fireblast, nastyplot, psychic] ttype=dark
INFO     	       rayquaza      airlock heavydutyboots [dragonascent, dragondance, earthquake, outrage] ttype=flying
INFO     Sampling 3 unrevealed pokemon
INFO     	        gallade    sharpness      lifeorb [agility, nightslash, psychocut, sacredsword] ttype=dark
INFO     	    arceuswater    multitype  splashplate [calmmind, judgment, recover, willowisp] ttype=steel
INFO     	       tinkaton  moldbreaker    leftovers [encore, gigatonhammer, knockoff, playrough] ttype=water
INFO     Sampling battle 1
INFO     	          chiyu  beadsofruin heavydutyboots [darkpulse, fireblast, nastyplot, psychic] ttype=dark
INFO     	       rayquaza      airlock heavydutyboots [dragonascent, dragondance, earthquake, outrage] ttype=flying
INFO     Sampling 3 unrevealed pokemon
INFO     	         mewtwo     pressure      lifeorb [aurasphere, darkpulse, nastyplot, psystrike] ttype=dark
INFO     	       greedent   cheekpouch  sitrusberry [bodyslam, earthquake, knockoff, swordsdance] ttype=ghost
INFO     	     galvantula compoundeyes heavydutyboots [bugbuzz, stickyweb, thunder, voltswitch] ttype=electric
INFO     Sampling battle 2
INFO     	          chiyu  beadsofruin heavydutyboots [darkpulse, fireblast, nastyplot, willowisp] ttype=fire
INFO     	       rayquaza      airlock heavydutyboots [dragonascent, dragondance, earthquake, outrage] ttype=flying
INFO     Sampling 3 unrevealed pokemon
INFO     	        kleavor    sharpness heavydutyboots [defog, stoneaxe, uturn, xscissor] ttype=bug
INFO     	     tentacruel   liquidooze    leftovers [rapidspin, sludgebomb, surf, toxicspikes] ttype=flying
INFO     	        darkrai    baddreams      lifeorb [darkpulse, focusblast, nastyplot, sludgebomb] ttype=poison
INFO     Sampling battle 3
INFO     	          chiyu  beadsofruin heavydutyboots [darkpulse, fireblast, nastyplot, psychic] ttype=fire
INFO     	       rayquaza      airlock heavydutyboots [dragonascent, dragondance, earthquake, outrage] ttype=flying
INFO     Sampling 3 unrevealed pokemon
INFO     	thundurustherian   voltabsorb heavydutyboots [grassknot, nastyplot, psychic, thunderbolt] ttype=electric
INFO     	     ironthorns   quarkdrive   airballoon [earthquake, spikes, stoneedge, wildcharge] ttype=grass
INFO     	       venusaur  chlorophyll    leftovers [earthpower, knockoff, sludgebomb, synthesis] ttype=water
INFO     Sampling battle 4
INFO     	          chiyu  beadsofruin heavydutyboots [darkpulse, fireblast, nastyplot, psychic] ttype=fire
INFO     	       rayquaza      airlock heavydutyboots [dragonascent, dragondance, earthquake, outrage] ttype=flying
INFO     Sampling 3 unrevealed pokemon
INFO     	       porygon2     download     eviolite [discharge, icebeam, recover, triattack] ttype=ghost
INFO     	   basculegionf adaptability  choicespecs [flipturn, hydropump, icebeam, shadowball] ttype=water
INFO     	     forretress       sturdy    leftovers [bodypress, ironhead, rapidspin, spikes] ttype=water
INFO     Sampling battle 5
INFO     	          chiyu  beadsofruin heavydutyboots [darkpulse, fireblast, nastyplot, willowisp] ttype=fire
INFO     	       rayquaza      airlock heavydutyboots [dragonascent, dragondance, earthquake, outrage] ttype=flying
INFO     Sampling 3 unrevealed pokemon
INFO     	zamazentacrowned dauntlessshield rustedshield [bodypress, heavyslam, irondefense, stoneedge] ttype=fighting
INFO     	        moltres    flamebody heavydutyboots [bravebird, fireblast, roost, scorchingsands] ttype=steel
INFO     	    basculegion adaptability  assaultvest [aquajet, flipturn, shadowball, wavecrash] ttype=water
INFO     Sampling battle 6
INFO     	          chiyu  beadsofruin heavydutyboots [darkpulse, fireblast, nastyplot, psychic] ttype=dark
INFO     	       rayquaza      airlock heavydutyboots [dragonascent, dragondance, earthquake, outrage] ttype=flying
INFO     Sampling 3 unrevealed pokemon
INFO     	         arceus    multitype      lifeorb [earthquake, extremespeed, recover, swordsdance] ttype=normal
INFO     	      thundurus    prankster heavydutyboots [focusblast, grassknot, taunt, thunderbolt] ttype=grass
INFO     	    sandyshocks protosynthesis    leftovers [earthpower, spikes, stealthrock, thunderbolt] ttype=ground
INFO     Sampling battle 7
INFO     	          chiyu  beadsofruin heavydutyboots [darkpulse, fireblast, nastyplot, willowisp] ttype=fire
INFO     	       rayquaza      airlock heavydutyboots [dragonascent, dragondance, earthquake, outrage] ttype=flying
INFO     Sampling 3 unrevealed pokemon
INFO     	     archaludon      stamina  assaultvest [bodypress, dracometeor, dragontail, flashcannon] ttype=fighting
INFO     	       tsareena queenlymajesty heavydutyboots [highjumpkick, powerwhip, synthesis, uturn] ttype=fighting
INFO     	    arceusgrass    multitype  meadowplate [calmmind, fireblast, judgment, recover] ttype=fire
INFO     Sampling battle 8
INFO     	          chiyu  beadsofruin heavydutyboots [darkpulse, fireblast, nastyplot, willowisp] ttype=dark
INFO     	       rayquaza      airlock heavydutyboots [dragonascent, dragondance, earthquake, outrage] ttype=flying
INFO     Sampling 3 unrevealed pokemon
INFO     	     oinkologne     thickfat    leftovers [bodyslam, curse, highhorsepower, lashout] ttype=ground
INFO     	         swalot   liquidooze    leftovers [clearsmog, encore, knockoff, sludgebomb] ttype=dark
INFO     	         espeon  magicbounce  choicespecs [alluringvoice, psyshock, shadowball, trick] ttype=fairy
INFO     Sampling battle 9
INFO     	          chiyu  beadsofruin heavydutyboots [darkpulse, fireblast, nastyplot, willowisp] ttype=dark
INFO     	       rayquaza      airlock heavydutyboots [dragonascent, dragondance, earthquake, outrage] ttype=flying
INFO     Sampling 3 unrevealed pokemon
INFO     	        pikachu lightningrod    lightball [knockoff, playrough, surf, volttackle] ttype=water
INFO     	       tinkaton  moldbreaker    leftovers [gigatonhammer, playrough, stealthrock, thunderwave] ttype=water
INFO     	        mesprit     levitate    leftovers [drainpunch, psychicnoise, thunderbolt, thunderwave] ttype=fighting
INFO     Sampling battle 10
INFO     	          chiyu  beadsofruin heavydutyboots [darkpulse, fireblast, nastyplot, psychic] ttype=dark
INFO     	       rayquaza      airlock heavydutyboots [dragonascent, dragondance, earthquake, outrage] ttype=flying
INFO     Sampling 3 unrevealed pokemon
INFO     	         komala     comatose  assaultvest [bodyslam, knockoff, rapidspin, uturn] ttype=ghost
INFO     	          azelf     levitate      lifeorb [dazzlinggleam, fireblast, nastyplot, psychic] ttype=fairy
INFO     	      rotomwash     levitate    leftovers [hydropump, nastyplot, thunderbolt, willowisp] ttype=steel
INFO     Sampling battle 11
INFO     	          chiyu  beadsofruin heavydutyboots [darkpulse, fireblast, nastyplot, willowisp] ttype=dark
INFO     	       rayquaza      airlock heavydutyboots [dragonascent, dragondance, earthquake, outrage] ttype=flying
INFO     Sampling 3 unrevealed pokemon
INFO     	      magnezone     analytic    leftovers [bodypress, discharge, flashcannon, irondefense] ttype=fighting
INFO     	       slowking  regenerator heavydutyboots [chillyreception, psychicnoise, scald, slackoff] ttype=dragon
INFO     	       basculin adaptability   choiceband [aquajet, doubleedge, flipturn, wavecrash] ttype=water
INFO     Sampling battle 12
INFO     	          chiyu  beadsofruin heavydutyboots [darkpulse, fireblast, nastyplot, willowisp] ttype=dark
INFO     	       rayquaza      airlock heavydutyboots [dragonascent, dragondance, earthquake, outrage] ttype=flying
INFO     Sampling 3 unrevealed pokemon
INFO     	      bastiodon   soundproof  chestoberry [bodypress, foulplay, irondefense, rest] ttype=fighting
INFO     	       camerupt    solidrock    leftovers [earthquake, overheat, stealthrock, willowisp] ttype=grass
INFO     	necrozmadawnwings   prismarmor      lifeorb [brickbreak, dragondance, moongeistbeam, photongeyser] ttype=fighting
INFO     Sampling battle 13
INFO     	          chiyu  beadsofruin heavydutyboots [darkpulse, fireblast, nastyplot, willowisp] ttype=dark
INFO     	       rayquaza      airlock heavydutyboots [dragonascent, dragondance, earthquake, outrage] ttype=flying
INFO     Sampling 3 unrevealed pokemon
INFO     	      thundurus    prankster heavydutyboots [grassknot, sludgewave, taunt, thunderbolt] ttype=grass
INFO     	necrozmadawnwings   prismarmor      lifeorb [brickbreak, dragondance, moongeistbeam, photongeyser] ttype=fighting
INFO     	       swampert         damp    leftovers [earthquake, icebeam, knockoff, yawn] ttype=steel
INFO     Sampling battle 14
INFO     	          chiyu  beadsofruin heavydutyboots [darkpulse, fireblast, nastyplot, psychic] ttype=dark
INFO     	       rayquaza      airlock heavydutyboots [dragonascent, dragondance, earthquake, outrage] ttype=flying
INFO     Sampling 3 unrevealed pokemon
INFO     	 electrodehisui   soundproof    leftovers [gigadrain, leechseed, substitute, thunderbolt] ttype=poison
INFO     	      amoonguss  regenerator    leftovers [gigadrain, sludgebomb, spore, toxic] ttype=steel
INFO     	           hooh  regenerator heavydutyboots [bravebird, earthquake, recover, sacredfire] ttype=ground
INFO     Sampling battle 15
INFO     	          chiyu  beadsofruin heavydutyboots [darkpulse, fireblast, nastyplot, willowisp] ttype=fire
INFO     	       rayquaza      airlock heavydutyboots [dragonascent, dragondance, earthquake, outrage] ttype=flying
INFO     Sampling 3 unrevealed pokemon
INFO     	        spidops     stakeout heavydutyboots [knockoff, spikes, stickyweb, uturn] ttype=ghost
INFO     	     toxtricity     punkrock  choicescarf [boomburst, overdrive, sludgewave, voltswitch] ttype=normal
INFO     	         rhydon lightningrod     eviolite [earthquake, megahorn, stealthrock, stoneedge] ttype=water
INFO     Searching for a move using MCTS...
INFO     Sampling 16 battles at 500ms each
INFO     Policy 0: moongeistbeam visited 42.16% avg_score=0.508 sample_chance_multiplier=0.062
INFO     Policy 1: moongeistbeam visited 93.09% avg_score=0.518 sample_chance_multiplier=0.062
INFO     Policy 2: moonlight visited 84.25% avg_score=0.494 sample_chance_multiplier=0.062
INFO     Policy 3: moongeistbeam visited 99.3% avg_score=0.682 sample_chance_multiplier=0.062
INFO     Policy 4: moongeistbeam visited 95.32% avg_score=0.531 sample_chance_multiplier=0.062
INFO     Policy 5: moongeistbeam visited 65.39% avg_score=0.384 sample_chance_multiplier=0.062
INFO     Policy 6: moongeistbeam visited 98.24% avg_score=0.61 sample_chance_multiplier=0.062
INFO     Policy 7: calmmind visited 73.32% avg_score=0.543 sample_chance_multiplier=0.062
INFO     Policy 8: moongeistbeam visited 94.91% avg_score=0.557 sample_chance_multiplier=0.062
INFO     Policy 9: moonlight visited 48.53% avg_score=0.519 sample_chance_multiplier=0.062
INFO     Policy 10: moongeistbeam visited 98.04% avg_score=0.605 sample_chance_multiplier=0.062
INFO     Policy 11: moonlight visited 80.99% avg_score=0.518 sample_chance_multiplier=0.062
INFO     Policy 12: moongeistbeam visited 99.01% avg_score=0.63 sample_chance_multiplier=0.062
INFO     Policy 13: moongeistbeam visited 99.34% avg_score=0.683 sample_chance_multiplier=0.062
INFO     Policy 14: moongeistbeam visited 99.24% avg_score=0.676 sample_chance_multiplier=0.062
INFO     Policy 15: moongeistbeam visited 95.98% avg_score=0.572 sample_chance_multiplier=0.062
INFO     Considered Choices:
INFO     	72.2%: moongeistbeam
INFO     Choice: moongeistbeam
INFO     Opponent has switched - clearing the last used move
INFO     ursaring switched in, adding intimidate to impossible abilities
INFO     ursaring switched in, adding pressure to impossible abilities
INFO     ursaring switched in, adding neutralizinggas to impossible abilities
INFO     ursaring switched in, adding sandstream to impossible abilities
INFO     ursaring switched in, adding drought to impossible abilities
INFO     ursaring switched in, adding drizzle to impossible abilities
INFO     ursaring switched in, adding snowwarning to impossible abilities
INFO     ursaring switched in, adding boosterenergy to impossible items
INFO     ursaring switched in, adding airballoon to impossible items
INFO     lunala already has the move moongeistbeam. Decrementing the PP by 1
INFO     lunala used a ghost move, removing ghostgem from possible items
INFO     Setting lunala's last used move: moongeistbeam
INFO     lunala used a damaging move - not guessing lifeorb anymore
INFO     Setting lunala's item to: leftovers
INFO     
INFO     Turn: 14
INFO     root priors (8): {'psyshock': 0.622, 'moongeistbeam': 0.367, 'switch barraskewda': 0.002, 'moonlight': 0.002}
INFO     Sampling battle 0
INFO     	       ursaring         guts     eviolite [bodyslam, earthquake, rest, sleeptalk] ttype=ground
INFO     	       rayquaza      airlock heavydutyboots [dragonascent, dragondance, earthquake, outrage] ttype=flying
INFO     	          chiyu  beadsofruin heavydutyboots [darkpulse, fireblast, nastyplot, willowisp] ttype=fire
INFO     Sampling 2 unrevealed pokemon
INFO     	     electivire   motordrive      lifeorb [earthquake, knockoff, supercellslam, voltswitch] ttype=dark
INFO     	   arceusdragon    multitype   dracoplate [flareblitz, heavyslam, outrage, swordsdance] ttype=fire
INFO     Sampling battle 1
INFO     	       ursaring         guts     eviolite [bodyslam, earthquake, rest, sleeptalk] ttype=ghost
INFO     	       rayquaza      airlock heavydutyboots [dragonascent, dragondance, earthquake, outrage] ttype=flying
INFO     	          chiyu  beadsofruin heavydutyboots [darkpulse, fireblast, nastyplot, willowisp] ttype=fire
INFO     Sampling 2 unrevealed pokemon
INFO     	   deoxysattack     pressure      lifeorb [icebeam, knockoff, psychoboost, superpower] ttype=psychic
INFO     	      mismagius     levitate    leftovers [nastyplot, shadowball, substitute, terablast] ttype=fighting
INFO     Sampling battle 2
INFO     	       ursaring         guts     eviolite [bodyslam, earthquake, rest, sleeptalk] ttype=ghost
INFO     	       rayquaza      airlock heavydutyboots [dragonascent, dragondance, earthquake, outrage] ttype=flying
INFO     	          chiyu  beadsofruin heavydutyboots [darkpulse, fireblast, nastyplot, psychic] ttype=dark
INFO     Sampling 2 unrevealed pokemon
INFO     	      gardevoir        trace  choicescarf [moonblast, mysticalfire, psyshock, trick] ttype=fire
INFO     	       inteleon      torrent  choicespecs [hydropump, icebeam, scald, uturn] ttype=water
INFO     Sampling battle 3
INFO     	       ursaring         guts     eviolite [bodyslam, earthquake, rest, sleeptalk] ttype=ground
INFO     	       rayquaza      airlock heavydutyboots [dragonascent, dragondance, earthquake, outrage] ttype=flying
INFO     	          chiyu  beadsofruin heavydutyboots [darkpulse, fireblast, nastyplot, willowisp] ttype=fire
INFO     Sampling 2 unrevealed pokemon
INFO     	        moltres    flamebody heavydutyboots [bravebird, fireblast, roost, scorchingsands] ttype=ground
INFO     	 giratinaorigin     levitate griseouscore [dracometeor, poltergeist, shadowsneak, willowisp] ttype=ghost
INFO     Sampling battle 4
INFO     	       ursaring         guts     eviolite [bodyslam, earthquake, rest, sleeptalk] ttype=ground
INFO     	       rayquaza      airlock heavydutyboots [dragonascent, dragondance, earthquake, outrage] ttype=flying
INFO     	          chiyu  beadsofruin heavydutyboots [darkpulse, fireblast, nastyplot, willowisp] ttype=dark
INFO     Sampling 2 unrevealed pokemon
INFO     	        wugtrio        gooey   choiceband [aquajet, liquidation, stompingtantrum, throatchop] ttype=ground
INFO     	      blastoise      torrent    whiteherb [earthquake, hydropump, icebeam, shellsmash] ttype=ground
INFO     Sampling battle 5
INFO     	       ursaring         guts     eviolite [bodyslam, earthquake, rest, sleeptalk] ttype=ghost
INFO     	       rayquaza      airlock heavydutyboots [dragonascent, dragondance, earthquake, outrage] ttype=flying
INFO     	          chiyu  beadsofruin heavydutyboots [darkpulse, fireblast, nastyplot, willowisp] ttype=dark
INFO     Sampling 2 unrevealed pokemon
INFO     	         espeon  magicbounce      lifeorb [alluringvoice, morningsun, psychic, shadowball] ttype=psychic
INFO     	  oricoriosensu       dancer heavydutyboots [hurricane, quiverdance, revelationdance, roost] ttype=fighting
INFO     Sampling battle 6
INFO     	       ursaring         guts     eviolite [bodyslam, rest, sleeptalk, throatchop] ttype=ghost
INFO     	       rayquaza      airlock heavydutyboots [dragonascent, dragondance, earthquake, outrage] ttype=flying
INFO     	          chiyu  beadsofruin heavydutyboots [darkpulse, fireblast, nastyplot, willowisp] ttype=dark
INFO     Sampling 2 unrevealed pokemon
INFO     	    raichualola  surgesurfer      lifeorb [alluringvoice, nastyplot, psyshock, thunderbolt] ttype=fairy
INFO     	      lilligant  chlorophyll      lifeorb [gigadrain, quiverdance, sleeppowder, terablast] ttype=rock
INFO     Sampling battle 7
INFO     	       ursaring         guts     eviolite [bodyslam, earthquake, rest, sleeptalk] ttype=ground
INFO     	       rayquaza      airlock heavydutyboots [dragonascent, dragondance, earthquake, outrage] ttype=flying
INFO     	          chiyu  beadsofruin heavydutyboots [darkpulse, fireblast, nastyplot, willowisp] ttype=dark
INFO     Sampling 2 unrevealed pokemon
INFO     	      eternatus     pressure  rockyhelmet [dynamaxcannon, flamethrower, recover, toxic] ttype=water
INFO     	        scyther   technician heavydutyboots [closecombat, defog, dualwingbeat, uturn] ttype=fighting
INFO     Sampling battle 8
INFO     	       ursaring         guts     eviolite [bodyslam, earthquake, rest, sleeptalk] ttype=ghost
INFO     	       rayquaza      airlock heavydutyboots [dragonascent, dragondance, earthquake, outrage] ttype=flying
INFO     	          chiyu  beadsofruin heavydutyboots [darkpulse, fireblast, nastyplot, willowisp] ttype=fire
INFO     Sampling 2 unrevealed pokemon
INFO     	      infernape        blaze      lifeorb [closecombat, flareblitz, stoneedge, swordsdance] ttype=fighting
INFO     	        shaymin  naturalcure    leftovers [airslash, leechseed, seedflare, substitute] ttype=steel
INFO     Sampling battle 9
INFO     	       ursaring         guts     eviolite [bodyslam, earthquake, rest, sleeptalk] ttype=ghost
INFO     	       rayquaza      airlock heavydutyboots [dragonascent, dragondance, earthquake, outrage] ttype=flying
INFO     	          chiyu  beadsofruin heavydutyboots [darkpulse, fireblast, nastyplot, willowisp] ttype=fire
INFO     Sampling 2 unrevealed pokemon
INFO     	      metagross    clearbody weaknesspolicy [agility, earthquake, heavyslam, psychicfangs] ttype=ground
INFO     	         zekrom     teravolt    leftovers [boltstrike, dragondance, outrage, substitute] ttype=electric
INFO     Sampling battle 10
INFO     	       ursaring         guts     eviolite [bodyslam, earthquake, rest, sleeptalk] ttype=ground
INFO     	       rayquaza      airlock heavydutyboots [dragonascent, dragondance, earthquake, outrage] ttype=flying
INFO     	          chiyu  beadsofruin heavydutyboots [darkpulse, fireblast, nastyplot, psychic] ttype=fire
INFO     Sampling 2 unrevealed pokemon
INFO     	       vaporeon  waterabsorb    leftovers [calmmind, protect, scald, wish] ttype=poison
INFO     	         zekrom     teravolt    leftovers [boltstrike, dragondance, outrage, substitute] ttype=steel
INFO     Sampling battle 11
INFO     	       ursaring         guts     eviolite [bodyslam, earthquake, rest, sleeptalk] ttype=ghost
INFO     	       rayquaza      airlock heavydutyboots [dragonascent, dragondance, earthquake, outrage] ttype=flying
INFO     	          chiyu  beadsofruin heavydutyboots [darkpulse, fireblast, nastyplot, psychic] ttype=fire
INFO     Sampling 2 unrevealed pokemon
INFO     	      spectrier    grimneigh      lifeorb [darkpulse, drainingkiss, nastyplot, shadowball] ttype=fairy
INFO     	        flareon         guts     toxicorb [facade, flareblitz, quickattack, trailblaze] ttype=normal
INFO     Sampling battle 12
INFO     	       ursaring         guts     eviolite [bodyslam, earthquake, rest, sleeptalk] ttype=ghost
INFO     	       rayquaza      airlock heavydutyboots [dragonascent, dragondance, earthquake, outrage] ttype=flying
INFO     	          chiyu  beadsofruin heavydutyboots [darkpulse, fireblast, nastyplot, psychic] ttype=fire
INFO     Sampling 2 unrevealed pokemon
INFO     	         latios     levitate  choicespecs [aurasphere, dracometeor, flipturn, lusterpurge] ttype=steel
INFO     	          lugia   multiscale heavydutyboots [aeroblast, calmmind, earthpower, recover] ttype=ground
INFO     Sampling battle 13
INFO     	       ursaring         guts     eviolite [bodyslam, earthquake, rest, sleeptalk] ttype=ghost
INFO     	       rayquaza      airlock heavydutyboots [dragonascent, dragondance, earthquake, outrage] ttype=flying
INFO     	          chiyu  beadsofruin heavydutyboots [darkpulse, fireblast, nastyplot, psychic] ttype=dark
INFO     Sampling 2 unrevealed pokemon
INFO     	       ribombee   shielddust heavydutyboots [bugbuzz, moonblast, stickyweb, stunspore] ttype=ghost
INFO     	      munkidori   toxicchain  choicespecs [focusblast, psyshock, sludgewave, uturn] ttype=fighting
INFO     Sampling battle 14
INFO     	       ursaring         guts     eviolite [bodyslam, rest, sleeptalk, throatchop] ttype=ghost
INFO     	       rayquaza      airlock heavydutyboots [dragonascent, dragondance, earthquake, outrage] ttype=flying
INFO     	          chiyu  beadsofruin heavydutyboots [darkpulse, fireblast, nastyplot, willowisp] ttype=fire
INFO     Sampling 2 unrevealed pokemon
INFO     	      meowsticf  competitive      lifeorb [darkpulse, nastyplot, psyshock, thunderbolt] ttype=dark
INFO     	 arceuselectric    multitype     zapplate [calmmind, icebeam, judgment, recover] ttype=ice
INFO     Sampling battle 15
INFO     	       ursaring         guts     eviolite [bodyslam, earthquake, rest, sleeptalk] ttype=ground
INFO     	       rayquaza      airlock heavydutyboots [dragonascent, dragondance, earthquake, outrage] ttype=flying
INFO     	          chiyu  beadsofruin heavydutyboots [darkpulse, fireblast, nastyplot, willowisp] ttype=dark
INFO     Sampling 2 unrevealed pokemon
INFO     	    deoxysspeed     pressure      lifeorb [knockoff, psychoboost, superpower, taunt] ttype=fighting
INFO     	      regidrago   dragonsmaw  choicescarf [dracometeor, dragonenergy, earthquake, outrage] ttype=dragon
INFO     Searching for a move using MCTS...
INFO     Sampling 16 battles at 500ms each
INFO     Policy 0: psyshock visited 95.5% avg_score=0.509 sample_chance_multiplier=0.062
INFO     Policy 1: calmmind visited 35.29% avg_score=0.462 sample_chance_multiplier=0.062
INFO     Policy 2: psyshock visited 96.38% avg_score=0.552 sample_chance_multiplier=0.062
INFO     Policy 3: psyshock visited 96.49% avg_score=0.559 sample_chance_multiplier=0.062
INFO     Policy 4: psyshock visited 97.17% avg_score=0.525 sample_chance_multiplier=0.062
INFO     Policy 5: psyshock visited 96.14% avg_score=0.565 sample_chance_multiplier=0.062
INFO     Policy 6: psyshock visited 95.65% avg_score=0.566 sample_chance_multiplier=0.062
INFO     Policy 7: psyshock visited 97.32% avg_score=0.529 sample_chance_multiplier=0.062
INFO     Policy 8: moonlight visited 71.83% avg_score=0.44 sample_chance_multiplier=0.062
INFO     Policy 9: psyshock visited 96.37% avg_score=0.546 sample_chance_multiplier=0.062
INFO     Policy 10: psyshock visited 96.2% avg_score=0.548 sample_chance_multiplier=0.062
INFO     Policy 11: psyshock visited 96.67% avg_score=0.522 sample_chance_multiplier=0.062
INFO     Policy 12: psyshock visited 96.19% avg_score=0.555 sample_chance_multiplier=0.062
INFO     Policy 13: psyshock visited 96.37% avg_score=0.561 sample_chance_multiplier=0.062
INFO     Policy 14: psyshock visited 95.87% avg_score=0.563 sample_chance_multiplier=0.062
INFO     Policy 15: calmmind visited 52.45% avg_score=0.466 sample_chance_multiplier=0.062
INFO     Considered Choices:
INFO     	83.51%: psyshock
INFO     Choice: psyshock
INFO     Opponent has switched - clearing the last used move
INFO     Setting chiyu's ability to beadsofruin
INFO     lunala already has the move psyshock. Decrementing the PP by 1
INFO     lunala used a psychic move, removing psychicgem from possible items
INFO     Setting lunala's last used move: psyshock
INFO     lunala used a damaging move - not guessing lifeorb anymore
INFO     Setting lunala's item to: leftovers
INFO     
INFO     Turn: 15
INFO     root priors (8): {'moongeistbeam': 0.732, 'psyshock': 0.222, 'calmmind': 0.034, 'moonlight': 0.008}
INFO     Sampling battle 0
INFO     	          chiyu  beadsofruin heavydutyboots [darkpulse, fireblast, nastyplot, willowisp] ttype=fire
INFO     	       rayquaza      airlock heavydutyboots [dragonascent, dragondance, earthquake, outrage] ttype=flying
INFO     	       ursaring         guts     eviolite [bodyslam, earthquake, rest, sleeptalk] ttype=ground
INFO     Sampling 2 unrevealed pokemon
INFO     	         swanna    hydration heavydutyboots [bravebird, defog, hydropump, roost] ttype=ground
INFO     	       koraidon orichalcumpulse   loadeddice [collisioncourse, flareblitz, scaleshot, swordsdance] ttype=fire
INFO     Sampling battle 1
INFO     	          chiyu  beadsofruin heavydutyboots [darkpulse, fireblast, nastyplot, psychic] ttype=fire
INFO     	       rayquaza      airlock heavydutyboots [dragonascent, dragondance, earthquake, outrage] ttype=flying
INFO     	       ursaring         guts     eviolite [bodyslam, rest, sleeptalk, throatchop] ttype=ghost
INFO     Sampling 2 unrevealed pokemon
INFO     	        kingdra       sniper     lumberry [dragondance, ironhead, outrage, wavecrash] ttype=steel
INFO     	       magearna    soulheart weaknesspolicy [fleurcannon, ironhead, shiftgear, terablast] ttype=ground
INFO     Sampling battle 2
INFO     	          chiyu  beadsofruin heavydutyboots [darkpulse, fireblast, nastyplot, willowisp] ttype=dark
INFO     	       rayquaza      airlock heavydutyboots [dragonascent, dragondance, earthquake, outrage] ttype=flying
INFO     	       ursaring         guts     eviolite [bodyslam, rest, sleeptalk, throatchop] ttype=ghost
INFO     Sampling 2 unrevealed pokemon
INFO     	        falinks      defiant      lifeorb [closecombat, ironhead, knockoff, noretreat] ttype=dark
INFO     	       bronzong     levitate    leftovers [earthquake, ironhead, psychicnoise, stealthrock] ttype=water
INFO     Sampling battle 3
INFO     	          chiyu  beadsofruin heavydutyboots [darkpulse, fireblast, nastyplot, psychic] ttype=fire
INFO     	       rayquaza      airlock heavydutyboots [dragonascent, dragondance, earthquake, outrage] ttype=flying
INFO     	       ursaring         guts     eviolite [bodyslam, rest, sleeptalk, throatchop] ttype=ghost
INFO     Sampling 2 unrevealed pokemon
INFO     	        flareon         guts     toxicorb [facade, flareblitz, quickattack, trailblaze] ttype=normal
INFO     	     electivire   motordrive      lifeorb [earthquake, flamethrower, supercellslam, voltswitch] ttype=ground
INFO     Sampling battle 4
INFO     	          chiyu  beadsofruin heavydutyboots [darkpulse, fireblast, nastyplot, willowisp] ttype=fire
INFO     	       rayquaza      airlock heavydutyboots [dragonascent, dragondance, earthquake, outrage] ttype=flying
INFO     	       ursaring         guts     eviolite [bodyslam, earthquake, rest, sleeptalk] ttype=ghost
INFO     Sampling 2 unrevealed pokemon
INFO     	        luvdisc    swiftswim heavydutyboots [endeavor, substitute, surf, whirlpool] ttype=ghost
INFO     	     pincurchin electricsurge    leftovers [discharge, recover, scald, toxicspikes] ttype=water
INFO     Sampling battle 5
INFO     	          chiyu  beadsofruin heavydutyboots [darkpulse, fireblast, nastyplot, willowisp] ttype=dark
INFO     	       rayquaza      airlock heavydutyboots [dragonascent, dragondance, earthquake, outrage] ttype=flying
INFO     	       ursaring         guts     eviolite [bodyslam, earthquake, rest, sleeptalk] ttype=ghost
INFO     Sampling 2 unrevealed pokemon
INFO     	    ironjugulis   quarkdrive  choicespecs [darkpulse, earthpower, hurricane, hydropump] ttype=dark
INFO     	       lumineon   stormdrain heavydutyboots [encore, hydropump, icebeam, uturn] ttype=dragon
INFO     Sampling battle 6
INFO     	          chiyu  beadsofruin heavydutyboots [darkpulse, fireblast, nastyplot, psychic] ttype=fire
INFO     	       rayquaza      airlock heavydutyboots [dragonascent, dragondance, earthquake, outrage] ttype=flying
INFO     	       ursaring         guts     eviolite [bodyslam, earthquake, rest, sleeptalk] ttype=ghost
INFO     Sampling 2 unrevealed pokemon
INFO     	       bronzong     levitate    leftovers [earthquake, hypnosis, ironhead, psychicnoise] ttype=water
INFO     	      azumarill    hugepower  sitrusberry [aquajet, bellydrum, liquidation, playrough] ttype=water
INFO     Sampling battle 7
INFO     	          chiyu  beadsofruin heavydutyboots [darkpulse, fireblast, nastyplot, psychic] ttype=fire
INFO     	       rayquaza      airlock heavydutyboots [dragonascent, dragondance, earthquake, outrage] ttype=flying
INFO     	       ursaring         guts     eviolite [bodyslam, earthquake, rest, sleeptalk] ttype=ground
INFO     Sampling 2 unrevealed pokemon
INFO     	      eternatus     pressure  rockyhelmet [dynamaxcannon, fireblast, recover, sludgebomb] ttype=fire
INFO     	thundurustherian   voltabsorb heavydutyboots [focusblast, nastyplot, terablast, thunderbolt] ttype=flying
INFO     Sampling battle 8
INFO     	          chiyu  beadsofruin heavydutyboots [darkpulse, fireblast, nastyplot, willowisp] ttype=fire
INFO     	       rayquaza      airlock heavydutyboots [dragonascent, dragondance, earthquake, outrage] ttype=flying
INFO     	       ursaring         guts     eviolite [bodyslam, earthquake, rest, sleeptalk] ttype=ghost
INFO     Sampling 2 unrevealed pokemon
INFO     	   moltresgalar      berserk  chestoberry [fierywrath, hurricane, nastyplot, rest] ttype=steel
INFO     	 lilliganthisui       hustle     widelens [closecombat, icespinner, leafblade, victorydance] ttype=steel
INFO     Sampling battle 9
INFO     	          chiyu  beadsofruin heavydutyboots [darkpulse, fireblast, nastyplot, psychic] ttype=fire
INFO     	       rayquaza      airlock heavydutyboots [dragonascent, dragondance, earthquake, outrage] ttype=flying
INFO     	       ursaring         guts     eviolite [bodyslam, earthquake, rest, sleeptalk] ttype=ghost
INFO     Sampling 2 unrevealed pokemon
INFO     	       rotommow     levitate    leftovers [leafstorm, nastyplot, thunderbolt, willowisp] ttype=grass
INFO     	         palkia     pressure  lustrousorb [fireblast, hydropump, spacialrend, thunderwave] ttype=fire
INFO     Sampling battle 10
INFO     	          chiyu  beadsofruin heavydutyboots [darkpulse, fireblast, nastyplot, willowisp] ttype=dark
INFO     	       rayquaza      airlock heavydutyboots [dragonascent, dragondance, earthquake, outrage] ttype=flying
INFO     	       ursaring         guts     eviolite [bodyslam, earthquake, rest, sleeptalk] ttype=ghost
INFO     Sampling 2 unrevealed pokemon
INFO     	      vespiquen     pressure heavydutyboots [airslash, roost, spikes, toxic] ttype=steel
INFO     	       medicham    purepower  choicescarf [closecombat, poisonjab, trick, zenheadbutt] ttype=fighting
INFO     Sampling battle 11
INFO     	          chiyu  beadsofruin heavydutyboots [darkpulse, fireblast, nastyplot, psychic] ttype=fire
INFO     	       rayquaza      airlock heavydutyboots [dragonascent, dragondance, earthquake, outrage] ttype=flying
INFO     	       ursaring         guts     eviolite [bodyslam, earthquake, rest, sleeptalk] ttype=ground
INFO     Sampling 2 unrevealed pokemon
INFO     	      blastoise      torrent    whiteherb [hydropump, icebeam, shellsmash, terablast] ttype=grass
INFO     	      sandslash     sandrush    leftovers [earthquake, knockoff, rapidspin, spikes] ttype=steel
INFO     Sampling battle 12
INFO     	          chiyu  beadsofruin heavydutyboots [darkpulse, fireblast, nastyplot, willowisp] ttype=dark
INFO     	       rayquaza      airlock heavydutyboots [dragonascent, dragondance, earthquake, outrage] ttype=flying
INFO     	       ursaring         guts     eviolite [bodyslam, earthquake, rest, sleeptalk] ttype=ground
INFO     Sampling 2 unrevealed pokemon
INFO     	        slowbro  regenerator    leftovers [bodypress, irondefense, scald, slackoff] ttype=fighting
INFO     	     misdreavus     levitate     eviolite [calmmind, drainingkiss, shadowball, willowisp] ttype=fairy
INFO     Sampling battle 13
INFO     	          chiyu  beadsofruin heavydutyboots [darkpulse, fireblast, nastyplot, willowisp] ttype=dark
INFO     	       rayquaza      airlock heavydutyboots [dragonascent, dragondance, earthquake, outrage] ttype=flying
INFO     	       ursaring         guts     eviolite [bodyslam, earthquake, rest, sleeptalk] ttype=ground
INFO     Sampling 2 unrevealed pokemon
INFO     	         deoxys     pressure      lifeorb [icebeam, knockoff, psychoboost, superpower] ttype=fighting
INFO     	         zacian intrepidsword      lifeorb [closecombat, crunch, playrough, swordsdance] ttype=fighting
INFO     Sampling battle 14
INFO     	          chiyu  beadsofruin heavydutyboots [darkpulse, fireblast, nastyplot, willowisp] ttype=fire
INFO     	       rayquaza      airlock heavydutyboots [dragonascent, dragondance, earthquake, outrage] ttype=flying
INFO     	       ursaring         guts     eviolite [bodyslam, earthquake, rest, sleeptalk] ttype=ghost
INFO     Sampling 2 unrevealed pokemon
INFO     	    corviknight     pressure  rockyhelmet [bravebird, defog, roost, uturn] ttype=dragon
INFO     	       reshiram   turboblaze heavydutyboots [dragondance, flareblitz, outrage, stoneedge] ttype=dragon
INFO     Sampling battle 15
INFO     	          chiyu  beadsofruin heavydutyboots [darkpulse, fireblast, nastyplot, psychic] ttype=fire
INFO     	       rayquaza      airlock heavydutyboots [dragonascent, dragondance, earthquake, outrage] ttype=flying
INFO     	       ursaring         guts     eviolite [bodyslam, earthquake, rest, sleeptalk] ttype=ghost
INFO     Sampling 2 unrevealed pokemon
INFO     	     bombirdier rockypayload  choicescarf [bravebird, knockoff, stoneedge, uturn] ttype=rock
INFO     	     conkeldurr         guts     flameorb [closecombat, facade, knockoff, machpunch] ttype=normal
INFO     Searching for a move using MCTS...
INFO     Sampling 16 battles at 500ms each
INFO     Policy 0: moongeistbeam visited 81.46% avg_score=0.555 sample_chance_multiplier=0.062
INFO     Policy 1: moongeistbeam visited 96.57% avg_score=0.57 sample_chance_multiplier=0.062
INFO     Policy 2: moongeistbeam visited 96.22% avg_score=0.577 sample_chance_multiplier=0.062
INFO     Policy 3: moongeistbeam visited 79.26% avg_score=0.53 sample_chance_multiplier=0.062
INFO     Policy 4: moongeistbeam visited 96.83% avg_score=0.575 sample_chance_multiplier=0.062
INFO     Policy 5: moongeistbeam visited 95.13% avg_score=0.541 sample_chance_multiplier=0.062
INFO     Policy 6: moongeistbeam visited 96.52% avg_score=0.567 sample_chance_multiplier=0.062
INFO     Policy 7: moongeistbeam visited 95.94% avg_score=0.586 sample_chance_multiplier=0.062
INFO     Policy 8: moongeistbeam visited 87.0% avg_score=0.492 sample_chance_multiplier=0.062
INFO     Policy 9: moongeistbeam visited 96.25% avg_score=0.577 sample_chance_multiplier=0.062
INFO     Policy 10: moongeistbeam visited 87.4% avg_score=0.551 sample_chance_multiplier=0.062
INFO     Policy 11: moongeistbeam visited 96.32% avg_score=0.571 sample_chance_multiplier=0.062
INFO     Policy 12: moongeistbeam visited 96.06% avg_score=0.569 sample_chance_multiplier=0.062
INFO     Policy 13: moongeistbeam visited 81.92% avg_score=0.533 sample_chance_multiplier=0.062
INFO     Policy 14: moongeistbeam visited 96.89% avg_score=0.567 sample_chance_multiplier=0.062
INFO     Policy 15: moongeistbeam visited 88.2% avg_score=0.526 sample_chance_multiplier=0.062
INFO     Considered Choices:
INFO     	91.747%: moongeistbeam
INFO     Choice: moongeistbeam
INFO     Updated chiyu's min speed to 177
INFO     chiyu using nastyplot makes it unlikely to have a choice item. Setting can_have_choice_item to False
INFO     chiyu used a status-move. Adding `assaultvest` to impossible items
INFO     Setting chiyu's last used move: nastyplot
INFO     chiyu's special-attack was boosted by 2 to 2
INFO     lunala already has the move moongeistbeam. Decrementing the PP by 1
INFO     lunala used a ghost move, removing ghostgem from possible items
INFO     Setting lunala's last used move: moongeistbeam
INFO     lunala used a damaging move - not guessing lifeorb anymore
INFO     lunala did 51.0% damage to chiyu with moongeistbeam
INFO     Setting lunala's item to: leftovers
INFO     chiyu has less than maxhp during upkeep, no longer guessing leftovers or blacksludge
INFO     
INFO     Turn: 16
INFO     root priors (8): {'moongeistbeam': 0.805, 'psyshock': 0.182, 'calmmind': 0.006, 'moonlight': 0.003}
INFO     Sampling battle 0
INFO     	          chiyu  beadsofruin heavydutyboots [darkpulse, fireblast, nastyplot, psychic] ttype=fire
INFO     	       rayquaza      airlock heavydutyboots [dragonascent, dragondance, earthquake, outrage] ttype=flying
INFO     	       ursaring         guts     eviolite [bodyslam, rest, sleeptalk, throatchop] ttype=ghost
INFO     Sampling 2 unrevealed pokemon
INFO     	     typhlosion        blaze  choicespecs [eruption, fireblast, focusblast, scorchingsands] ttype=fire
INFO     	       miraidon hadronengine  choicespecs [dracometeor, electrodrift, overheat, voltswitch] ttype=electric
INFO     Sampling battle 1
INFO     	          chiyu  beadsofruin heavydutyboots [darkpulse, fireblast, nastyplot, willowisp] ttype=dark
INFO     	       rayquaza      airlock heavydutyboots [dragonascent, dragondance, earthquake, outrage] ttype=flying
INFO     	       ursaring         guts     eviolite [bodyslam, earthquake, rest, sleeptalk] ttype=ground
INFO     Sampling 2 unrevealed pokemon
INFO     	      volcarona        swarm heavydutyboots [bugbuzz, fierydance, gigadrain, quiverdance] ttype=fire
INFO     	       mienshao     reckless   choiceband [highjumpkick, knockoff, stoneedge, uturn] ttype=fighting
INFO     Sampling battle 2
INFO     	          chiyu  beadsofruin heavydutyboots [darkpulse, fireblast, nastyplot, willowisp] ttype=dark
INFO     	       rayquaza      airlock heavydutyboots [dragonascent, dragondance, earthquake, outrage] ttype=flying
INFO     	       ursaring         guts     eviolite [bodyslam, earthquake, rest, sleeptalk] ttype=ground
INFO     Sampling 2 unrevealed pokemon
INFO     	          entei   innerfocus   choiceband [extremespeed, flareblitz, sacredfire, stompingtantrum] ttype=normal
INFO     	      rillaboom  grassysurge   choiceband [grassyglide, highhorsepower, uturn, woodhammer] ttype=grass
INFO     Sampling battle 3
INFO     	          chiyu  beadsofruin heavydutyboots [darkpulse, fireblast, nastyplot, willowisp] ttype=fire
INFO     	       rayquaza      airlock heavydutyboots [dragonascent, dragondance, earthquake, outrage] ttype=flying
INFO     	       ursaring         guts     eviolite [bodyslam, earthquake, rest, sleeptalk] ttype=ghost
INFO     Sampling 2 unrevealed pokemon
INFO     	       ironmoth   quarkdrive heavydutyboots [energyball, fierydance, morningsun, sludgewave] ttype=grass
INFO     	       dachsbun wellbakedbody    leftovers [playrough, protect, wish, yawn] ttype=steel
INFO     Sampling battle 4
INFO     	          chiyu  beadsofruin heavydutyboots [darkpulse, fireblast, nastyplot, psychic] ttype=fire
INFO     	       rayquaza      airlock heavydutyboots [dragonascent, dragondance, earthquake, outrage] ttype=flying
INFO     	       ursaring         guts     eviolite [bodyslam, rest, sleeptalk, throatchop] ttype=ghost
INFO     Sampling 2 unrevealed pokemon
INFO     	         plusle lightningrod      lifeorb [alluringvoice, grassknot, nastyplot, thunderbolt] ttype=electric
INFO     	  arceuspsychic    multitype    mindplate [bodypress, cosmicpower, recover, storedpower] ttype=steel
INFO     Sampling battle 5
INFO     	          chiyu  beadsofruin heavydutyboots [darkpulse, fireblast, nastyplot, willowisp] ttype=dark
INFO     	       rayquaza      airlock heavydutyboots [dragonascent, dragondance, earthquake, outrage] ttype=flying
INFO     	       ursaring         guts     eviolite [bodyslam, rest, sleeptalk, throatchop] ttype=ghost
INFO     Sampling 2 unrevealed pokemon
INFO     	       camerupt    solidrock    leftovers [earthquake, overheat, roar, stealthrock] ttype=grass
INFO     	         plusle lightningrod      lifeorb [alluringvoice, grassknot, nastyplot, thunderbolt] ttype=electric
INFO     Sampling battle 6
INFO     	          chiyu  beadsofruin heavydutyboots [darkpulse, fireblast, nastyplot, willowisp] ttype=dark
INFO     	       rayquaza      airlock heavydutyboots [dragonascent, dragondance, earthquake, outrage] ttype=flying
INFO     	       ursaring         guts     eviolite [bodyslam, earthquake, rest, sleeptalk] ttype=ground
INFO     Sampling 2 unrevealed pokemon
INFO     	          lokix   tintedlens silverpowder [firstimpression, knockoff, suckerpunch, uturn] ttype=bug
INFO     	        groudon      drought    leftovers [heatcrash, precipiceblades, swordsdance, thunderwave] ttype=fire
INFO     Sampling battle 7
INFO     	          chiyu  beadsofruin heavydutyboots [darkpulse, fireblast, nastyplot, psychic] ttype=dark
INFO     	       rayquaza      airlock heavydutyboots [dragonascent, dragondance, earthquake, outrage] ttype=flying
INFO     	       ursaring         guts     eviolite [bodyslam, earthquake, rest, sleeptalk] ttype=ground
INFO     Sampling 2 unrevealed pokemon
INFO     	    slitherwing protosynthesis boosterenergy [bulkup, closecombat, flamecharge, wildcharge] ttype=electric
INFO     	       granbull   intimidate    leftovers [earthquake, encore, playrough, thunderwave] ttype=ground
INFO     Sampling battle 8
INFO     	          chiyu  beadsofruin heavydutyboots [darkpulse, fireblast, nastyplot, willowisp] ttype=dark
INFO     	       rayquaza      airlock heavydutyboots [dragonascent, dragondance, earthquake, outrage] ttype=flying
INFO     	       ursaring         guts     eviolite [bodyslam, earthquake, rest, sleeptalk] ttype=ghost
INFO     Sampling 2 unrevealed pokemon
INFO     	    fezandipiti   toxicchain    leftovers [beatup, gunkshot, moonblast, roost] ttype=dark
INFO     	      mismagius     levitate      lifeorb [mysticalfire, nastyplot, shadowball, thunderbolt] ttype=electric
INFO     Sampling battle 9
INFO     	          chiyu  beadsofruin heavydutyboots [darkpulse, fireblast, nastyplot, psychic] ttype=dark
INFO     	       rayquaza      airlock heavydutyboots [dragonascent, dragondance, earthquake, outrage] ttype=flying
INFO     	       ursaring         guts     eviolite [bodyslam, rest, sleeptalk, throatchop] ttype=ghost
INFO     Sampling 2 unrevealed pokemon
INFO     	         raikou     pressure    leftovers [calmmind, scald, shadowball, thunderbolt] ttype=electric
INFO     	      hatterene  magicbounce  assaultvest [drainingkiss, mysticalfire, nuzzle, psychic] ttype=steel
INFO     Sampling battle 10
INFO     	          chiyu  beadsofruin heavydutyboots [darkpulse, fireblast, nastyplot, psychic] ttype=fire
INFO     	       rayquaza      airlock heavydutyboots [dragonascent, dragondance, earthquake, outrage] ttype=flying
INFO     	       ursaring         guts     eviolite [bodyslam, earthquake, rest, sleeptalk] ttype=ghost
INFO     Sampling 2 unrevealed pokemon
INFO     	  qwilfishhisui   intimidate     eviolite [crunch, gunkshot, spikes, taunt] ttype=flying
INFO     	       virizion    justified      lifeorb [closecombat, leafblade, stoneedge, swordsdance] ttype=rock
INFO     Sampling battle 11
INFO     	          chiyu  beadsofruin heavydutyboots [darkpulse, fireblast, nastyplot, psychic] ttype=dark
INFO     	       rayquaza      airlock heavydutyboots [dragonascent, dragondance, earthquake, outrage] ttype=flying
INFO     	       ursaring         guts     eviolite [bodyslam, earthquake, rest, sleeptalk] ttype=ground
INFO     Sampling 2 unrevealed pokemon
INFO     	       skuntank    aftermath  assaultvest [fireblast, gunkshot, knockoff, suckerpunch] ttype=poison
INFO     	      poliwrath    swiftswim      lifeorb [closecombat, knockoff, liquidation, raindance] ttype=dark
INFO     Sampling battle 12
INFO     	          chiyu  beadsofruin heavydutyboots [darkpulse, fireblast, nastyplot, willowisp] ttype=dark
INFO     	       rayquaza      airlock heavydutyboots [dragonascent, dragondance, earthquake, outrage] ttype=flying
INFO     	       ursaring         guts     eviolite [bodyslam, earthquake, rest, sleeptalk] ttype=ghost
INFO     Sampling 2 unrevealed pokemon
INFO     	    arceusgrass    multitype  meadowplate [calmmind, fireblast, judgment, recover] ttype=fire
INFO     	       lumineon   stormdrain heavydutyboots [encore, hydropump, icebeam, uturn] ttype=steel
INFO     Sampling battle 13
INFO     	          chiyu  beadsofruin heavydutyboots [darkpulse, fireblast, nastyplot, willowisp] ttype=dark
INFO     	       rayquaza      airlock heavydutyboots [dragonascent, dragondance, earthquake, outrage] ttype=flying
INFO     	       ursaring         guts     eviolite [bodyslam, rest, sleeptalk, throatchop] ttype=ghost
INFO     Sampling 2 unrevealed pokemon
INFO     	        dondozo      unaware    leftovers [curse, rest, sleeptalk, wavecrash] ttype=fairy
INFO     	        falinks      defiant      lifeorb [closecombat, ironhead, knockoff, noretreat] ttype=dark
INFO     Sampling battle 14
INFO     	          chiyu  beadsofruin heavydutyboots [darkpulse, fireblast, nastyplot, psychic] ttype=fire
INFO     	       rayquaza      airlock heavydutyboots [dragonascent, dragondance, earthquake, outrage] ttype=flying
INFO     	       ursaring         guts     eviolite [bodyslam, earthquake, rest, sleeptalk] ttype=ground
INFO     Sampling 2 unrevealed pokemon
INFO     	         gengar   cursedbody      lifeorb [focusblast, shadowball, sludgewave, willowisp] ttype=fighting
INFO     	        weezing     levitate    leftovers [fireblast, gunkshot, painsplit, toxicspikes] ttype=steel
INFO     Sampling battle 15
INFO     	          chiyu  beadsofruin heavydutyboots [darkpulse, fireblast, nastyplot, psychic] ttype=fire
INFO     	       rayquaza      airlock heavydutyboots [dragonascent, dragondance, earthquake, outrage] ttype=flying
INFO     	       ursaring         guts     eviolite [bodyslam, earthquake, rest, sleeptalk] ttype=ground
INFO     Sampling 2 unrevealed pokemon
INFO     	      zebstrika    sapsipper      lifeorb [highhorsepower, overheat, supercellslam, voltswitch] ttype=ground
INFO     	ogerponwellspring  waterabsorb wellspringmask [hornleech, ivycudgel, knockoff, swordsdance] ttype=water
INFO     Searching for a move using MCTS...
INFO     Sampling 16 battles at 500ms each
INFO     Policy 0: moongeistbeam visited 97.43% avg_score=0.719 sample_chance_multiplier=0.062
INFO     Policy 1: moongeistbeam visited 41.41% avg_score=0.536 sample_chance_multiplier=0.062
INFO     Policy 2: psyshock visited 75.12% avg_score=0.562 sample_chance_multiplier=0.062
INFO     Policy 3: moongeistbeam visited 95.02% avg_score=0.626 sample_chance_multiplier=0.062
INFO     Policy 4: moongeistbeam visited 97.79% avg_score=0.722 sample_chance_multiplier=0.062
INFO     Policy 5: moongeistbeam visited 97.25% avg_score=0.714 sample_chance_multiplier=0.062
INFO     Policy 6: calmmind visited 66.27% avg_score=0.589 sample_chance_multiplier=0.062
INFO     Policy 7: psyshock visited 66.11% avg_score=0.569 sample_chance_multiplier=0.062
INFO     Policy 8: moongeistbeam visited 97.66% avg_score=0.723 sample_chance_multiplier=0.062
INFO     Policy 9: moongeistbeam visited 97.75% avg_score=0.716 sample_chance_multiplier=0.062
INFO     Policy 10: calmmind visited 45.37% avg_score=0.581 sample_chance_multiplier=0.062
INFO     Policy 11: moongeistbeam visited 87.7% avg_score=0.656 sample_chance_multiplier=0.062
INFO     Policy 12: moongeistbeam visited 97.47% avg_score=0.706 sample_chance_multiplier=0.062
INFO     Policy 13: moongeistbeam visited 93.15% avg_score=0.681 sample_chance_multiplier=0.062
INFO     Policy 14: moongeistbeam visited 97.64% avg_score=0.729 sample_chance_multiplier=0.062
INFO     Policy 15: moongeistbeam visited 97.86% avg_score=0.713 sample_chance_multiplier=0.062
INFO     Considered Choices:
INFO     	75.601%: moongeistbeam
INFO     Choice: moongeistbeam
INFO     chiyu already has the move darkpulse. Decrementing the PP by 1
INFO     chiyu used two different moves - it cannot have a choice item
INFO     chiyu used a dark move, removing darkgem from possible items
INFO     Setting chiyu's last used move: darkpulse
INFO     chiyu used a damaging move - not guessing lifeorb anymore
INFO     chiyu did 8.12% damage to lunala with darkpulse
INFO     Setting lunala's item to: leftovers
INFO     chiyu has less than maxhp during upkeep, no longer guessing leftovers or blacksludge
INFO     
INFO     Turn: 17
INFO     root priors (8): {'moongeistbeam': 0.78, 'psyshock': 0.198, 'calmmind': 0.014, 'moonlight': 0.003}
INFO     Sampling battle 0
INFO     	          chiyu  beadsofruin heavydutyboots [darkpulse, fireblast, nastyplot, willowisp] ttype=fire
INFO     	       rayquaza      airlock heavydutyboots [dragonascent, dragondance, earthquake, outrage] ttype=flying
INFO     	       ursaring         guts     eviolite [bodyslam, earthquake, rest, sleeptalk] ttype=ground
INFO     Sampling 2 unrevealed pokemon
INFO     	          arbok   intimidate    leftovers [coil, earthquake, gunkshot, trailblaze] ttype=grass
INFO     	         rabsca  synchronize heavydutyboots [bugbuzz, psychic, revivalblessing, trickroom] ttype=steel
INFO     Sampling battle 1
INFO     	          chiyu  beadsofruin heavydutyboots [darkpulse, fireblast, nastyplot, willowisp] ttype=dark
INFO     	       rayquaza      airlock heavydutyboots [dragonascent, dragondance, earthquake, outrage] ttype=flying
INFO     	       ursaring         guts     eviolite [bodyslam, rest, sleeptalk, throatchop] ttype=ghost
INFO     Sampling 2 unrevealed pokemon
INFO     	        dedenne   cheekpouch  sitrusberry [dazzlinggleam, superfang, thunderbolt, uturn] ttype=flying
INFO     	    basculegion adaptability  assaultvest [aquajet, flipturn, shadowball, wavecrash] ttype=water
INFO     Sampling battle 2
INFO     	          chiyu  beadsofruin heavydutyboots [darkpulse, fireblast, nastyplot, psychic] ttype=fire
INFO     	       rayquaza      airlock heavydutyboots [dragonascent, dragondance, earthquake, outrage] ttype=flying
INFO     	       ursaring         guts     eviolite [bodyslam, earthquake, rest, sleeptalk] ttype=ground
INFO     Sampling 2 unrevealed pokemon
INFO     	        flamigo      scrappy   choiceband [bravebird, closecombat, throatchop, uturn] ttype=fighting
INFO     	    fluttermane protosynthesis      lifeorb [calmmind, moonblast, mysticalfire, shadowball] ttype=ghost
INFO     Sampling battle 3
INFO     	          chiyu  beadsofruin heavydutyboots [darkpulse, fireblast, nastyplot, psychic] ttype=fire
INFO     	       rayquaza      airlock heavydutyboots [dragonascent, dragondance, earthquake, outrage] ttype=flying
INFO     	       ursaring         guts     eviolite [bodyslam, rest, sleeptalk, throatchop] ttype=ghost
INFO     Sampling 2 unrevealed pokemon
INFO     	      hatterene  magicbounce  assaultvest [drainingkiss, mysticalfire, nuzzle, psychicnoise] ttype=fairy
INFO     	      vileplume  effectspore    leftovers [gigadrain, sleeppowder, sludgebomb, strengthsap] ttype=steel
INFO     Sampling battle 4
INFO     	          chiyu  beadsofruin heavydutyboots [darkpulse, fireblast, nastyplot, willowisp] ttype=fire
INFO     	       rayquaza      airlock heavydutyboots [dragonascent, dragondance, earthquake, outrage] ttype=flying
INFO     	       ursaring         guts     eviolite [bodyslam, earthquake, rest, sleeptalk] ttype=ground
INFO     Sampling 2 unrevealed pokemon
INFO     	       quagsire      unaware    leftovers [earthquake, recover, spikes, toxic] ttype=fairy
INFO     	        volbeat    prankster heavydutyboots [encore, lunge, roost, thunderwave] ttype=steel
INFO     Sampling battle 5
INFO     	          chiyu  beadsofruin heavydutyboots [darkpulse, fireblast, nastyplot, psychic] ttype=fire
INFO     	       rayquaza      airlock heavydutyboots [dragonascent, dragondance, earthquake, outrage] ttype=flying
INFO     	       ursaring         guts     eviolite [bodyslam, earthquake, rest, sleeptalk] ttype=ground
INFO     Sampling 2 unrevealed pokemon
INFO     	       pelipper      drizzle  choicespecs [hurricane, hydropump, uturn, weatherball] ttype=flying
INFO     	 decidueyehisui      scrappy    leftovers [leafblade, roost, swordsdance, triplearrows] ttype=water
INFO     Sampling battle 6
INFO     	          chiyu  beadsofruin heavydutyboots [darkpulse, fireblast, nastyplot, psychic] ttype=dark
INFO     	       rayquaza      airlock heavydutyboots [dragonascent, dragondance, earthquake, outrage] ttype=flying
INFO     	       ursaring         guts     eviolite [bodyslam, rest, sleeptalk, throatchop] ttype=ghost
INFO     Sampling 2 unrevealed pokemon
INFO     	      thundurus    prankster heavydutyboots [focusblast, sludgewave, thunderbolt, thunderwave] ttype=steel
INFO     	         phione    hydration    leftovers [grassknot, icebeam, scald, takeheart] ttype=grass
INFO     Sampling battle 7
INFO     	          chiyu  beadsofruin heavydutyboots [darkpulse, fireblast, nastyplot, willowisp] ttype=dark
INFO     	       rayquaza      airlock heavydutyboots [dragonascent, dragondance, earthquake, outrage] ttype=flying
INFO     	       ursaring         guts     eviolite [bodyslam, earthquake, rest, sleeptalk] ttype=ground
INFO     Sampling 2 unrevealed pokemon
INFO     	taurospaldeacombat   intimidate      lifeorb [bulkup, closecombat, earthquake, throatchop] ttype=fighting
INFO     	       quagsire      unaware    leftovers [earthquake, recover, spikes, toxic] ttype=steel
INFO     Sampling battle 8
INFO     	          chiyu  beadsofruin heavydutyboots [darkpulse, fireblast, nastyplot, psychic] ttype=dark
INFO     	       rayquaza      airlock heavydutyboots [dragonascent, dragondance, earthquake, outrage] ttype=flying
INFO     	       ursaring         guts     eviolite [bodyslam, rest, sleeptalk, throatchop] ttype=ghost
INFO     Sampling 2 unrevealed pokemon
INFO     	      revavroom       filter      lifeorb [gunkshot, highhorsepower, ironhead, shiftgear] ttype=ground
INFO     	 oricoriopompom       dancer heavydutyboots [hurricane, quiverdance, revelationdance, roost] ttype=ground
INFO     Sampling battle 9
INFO     	          chiyu  beadsofruin heavydutyboots [darkpulse, fireblast, nastyplot, willowisp] ttype=dark
INFO     	       rayquaza      airlock heavydutyboots [dragonascent, dragondance, earthquake, outrage] ttype=flying
INFO     	       ursaring         guts     eviolite [bodyslam, rest, sleeptalk, throatchop] ttype=ghost
INFO     Sampling 2 unrevealed pokemon
INFO     	       necrozma   prismarmor weaknesspolicy [dragondance, earthquake, knockoff, photongeyser] ttype=dark
INFO     	        delphox        blaze  choicescarf [fireblast, focusblast, grassknot, psyshock] ttype=fighting
INFO     Sampling battle 10
INFO     	          chiyu  beadsofruin heavydutyboots [darkpulse, fireblast, nastyplot, willowisp] ttype=fire
INFO     	       rayquaza      airlock heavydutyboots [dragonascent, dragondance, earthquake, outrage] ttype=flying
INFO     	       ursaring         guts     eviolite [bodyslam, earthquake, rest, sleeptalk] ttype=ghost
INFO     Sampling 2 unrevealed pokemon
INFO     	        mimikyu     disguise      lifeorb [playrough, shadowclaw, shadowsneak, swordsdance] ttype=ghost
INFO     	       espathra   speedboost    leftovers [calmmind, dazzlinggleam, roost, storedpower] ttype=fairy
INFO     Sampling battle 11
INFO     	          chiyu  beadsofruin heavydutyboots [darkpulse, fireblast, nastyplot, willowisp] ttype=dark
INFO     	       rayquaza      airlock heavydutyboots [dragonascent, dragondance, earthquake, outrage] ttype=flying
INFO     	       ursaring         guts     eviolite [bodyslam, earthquake, rest, sleeptalk] ttype=ground
INFO     Sampling 2 unrevealed pokemon
INFO     	       mukalola  poisontouch  assaultvest [drainpunch, gunkshot, knockoff, shadowsneak] ttype=fighting
INFO     	          entei   innerfocus   choiceband [extremespeed, flareblitz, sacredfire, stoneedge] ttype=normal
INFO     Sampling battle 12
INFO     	          chiyu  beadsofruin heavydutyboots [darkpulse, fireblast, nastyplot, psychic] ttype=dark
INFO     	       rayquaza      airlock heavydutyboots [dragonascent, dragondance, earthquake, outrage] ttype=flying
INFO     	       ursaring         guts     eviolite [bodyslam, earthquake, rest, sleeptalk] ttype=ghost
INFO     Sampling 2 unrevealed pokemon
INFO     	        mesprit     levitate  assaultvest [drainpunch, knockoff, psychicnoise, thunderbolt] ttype=fighting
INFO     	       tornadus      defiant  choicespecs [bleakwindstorm, grassknot, heatwave, uturn] ttype=fire
INFO     Sampling battle 13
INFO     	          chiyu  beadsofruin heavydutyboots [darkpulse, fireblast, nastyplot, willowisp] ttype=dark
INFO     	       rayquaza      airlock heavydutyboots [dragonascent, dragondance, earthquake, outrage] ttype=flying
INFO     	       ursaring         guts     eviolite [bodyslam, earthquake, rest, sleeptalk] ttype=ground
INFO     Sampling 2 unrevealed pokemon
INFO     	         swanna    hydration heavydutyboots [bravebird, defog, hydropump, roost] ttype=ground
INFO     	 lilliganthisui       hustle      lifeorb [closecombat, icespinner, leafblade, victorydance] ttype=steel
INFO     Sampling battle 14
INFO     	          chiyu  beadsofruin heavydutyboots [darkpulse, fireblast, nastyplot, psychic] ttype=dark
INFO     	       rayquaza      airlock heavydutyboots [dragonascent, dragondance, earthquake, outrage] ttype=flying
INFO     	       ursaring         guts     eviolite [bodyslam, earthquake, rest, sleeptalk] ttype=ground
INFO     Sampling 2 unrevealed pokemon
INFO     	 decidueyehisui      scrappy    leftovers [defog, leafblade, roost, triplearrows] ttype=steel
INFO     	      gardevoir        trace  choicescarf [healingwish, moonblast, mysticalfire, psychic] ttype=fire
INFO     Sampling battle 15
INFO     	          chiyu  beadsofruin heavydutyboots [darkpulse, fireblast, nastyplot, willowisp] ttype=fire
INFO     	       rayquaza      airlock heavydutyboots [dragonascent, dragondance, earthquake, outrage] ttype=flying
INFO     	       ursaring         guts     eviolite [bodyslam, earthquake, rest, sleeptalk] ttype=ground
INFO     Sampling 2 unrevealed pokemon
INFO     	    raichualola  surgesurfer      lifeorb [alluringvoice, nastyplot, psyshock, thunderbolt] ttype=fairy
INFO     	       glimmora  toxicdebris   airballoon [earthpower, powergem, sludgewave, stealthrock] ttype=ground
INFO     Searching for a move using MCTS...
INFO     Sampling 16 battles at 500ms each
INFO     Policy 0: moongeistbeam visited 98.31% avg_score=0.681 sample_chance_multiplier=0.062
INFO     Policy 1: moongeistbeam visited 97.6% avg_score=0.695 sample_chance_multiplier=0.062
INFO     Policy 2: psyshock visited 90.89% avg_score=0.545 sample_chance_multiplier=0.062
INFO     Policy 3: moongeistbeam visited 97.57% avg_score=0.692 sample_chance_multiplier=0.062
INFO     Policy 4: calmmind visited 75.83% avg_score=0.574 sample_chance_multiplier=0.062
INFO     Policy 5: moongeistbeam visited 97.81% avg_score=0.683 sample_chance_multiplier=0.062
INFO     Policy 6: moongeistbeam visited 98.22% avg_score=0.697 sample_chance_multiplier=0.062
INFO     Policy 7: calmmind visited 80.34% avg_score=0.567 sample_chance_multiplier=0.062
INFO     Policy 8: calmmind visited 78.15% avg_score=0.614 sample_chance_multiplier=0.062
INFO     Policy 9: moongeistbeam visited 97.49% avg_score=0.689 sample_chance_multiplier=0.062
INFO     Policy 10: moonlight visited 45.06% avg_score=0.512 sample_chance_multiplier=0.062
INFO     Policy 11: calmmind visited 49.25% avg_score=0.486 sample_chance_multiplier=0.062
INFO     Policy 12: moongeistbeam visited 97.99% avg_score=0.676 sample_chance_multiplier=0.062
INFO     Policy 13: calmmind visited 70.47% avg_score=0.603 sample_chance_multiplier=0.062
INFO     Policy 14: moongeistbeam visited 98.16% avg_score=0.677 sample_chance_multiplier=0.062
INFO     Policy 15: moongeistbeam visited 97.81% avg_score=0.692 sample_chance_multiplier=0.062
INFO     Considered Choices:
INFO     	63.92%: moongeistbeam
INFO     Choice: moongeistbeam
INFO     Updated chiyu's min speed to 177
INFO     chiyu already has the move fireblast. Decrementing the PP by 1
INFO     chiyu used two different moves - it cannot have a choice item
INFO     chiyu used a fire move, removing firegem from possible items
INFO     Setting chiyu's last used move: fireblast
INFO     chiyu used a damaging move - not guessing lifeorb anymore
INFO     lunala already has the move moongeistbeam. Decrementing the PP by 1
INFO     lunala used a ghost move, removing ghostgem from possible items
INFO     Setting lunala's last used move: moongeistbeam
INFO     lunala used a damaging move - not guessing lifeorb anymore
INFO     lunala did 49.0% damage to chiyu with moongeistbeam
INFO     Setting lunala's item to: leftovers
INFO     chiyu has less than maxhp during upkeep, no longer guessing leftovers or blacksludge
INFO     Opponent has switched - clearing the last used move
INFO     latias switched in, adding intimidate to impossible abilities
INFO     latias switched in, adding pressure to impossible abilities
INFO     latias switched in, adding neutralizinggas to impossible abilities
INFO     latias switched in, adding sandstream to impossible abilities
INFO     latias switched in, adding drought to impossible abilities
INFO     latias switched in, adding drizzle to impossible abilities
INFO     latias switched in, adding snowwarning to impossible abilities
INFO     latias switched in, adding boosterenergy to impossible items
INFO     latias switched in, adding airballoon to impossible items
INFO     
INFO     Turn: 18
INFO     root priors (8): {'moongeistbeam': 0.702, 'psyshock': 0.269, 'calmmind': 0.022, 'moonlight': 0.003}
INFO     Sampling battle 0
INFO     	         latias     levitate      souldew [calmmind, dracometeor, psyshock, recover] ttype=steel
INFO     	       rayquaza      airlock heavydutyboots [dragonascent, dragondance, earthquake, outrage] ttype=flying
INFO     	       ursaring         guts     eviolite [bodyslam, earthquake, rest, sleeptalk] ttype=ground
INFO     Sampling 1 unrevealed pokemon
INFO     	      hippowdon   sandstream    leftovers [earthquake, slackoff, stoneedge, whirlwind] ttype=rock
INFO     Sampling battle 1
INFO     	         latias     levitate      souldew [calmmind, dracometeor, psyshock, recover] ttype=steel
INFO     	       rayquaza      airlock heavydutyboots [dragonascent, dragondance, earthquake, outrage] ttype=flying
INFO     	       ursaring         guts     eviolite [bodyslam, earthquake, rest, sleeptalk] ttype=ground
INFO     Sampling 1 unrevealed pokemon
INFO     	       clodsire      unaware    leftovers [earthquake, poisonjab, recover, toxicspikes] ttype=steel
INFO     Sampling battle 2
INFO     	         latias     levitate      souldew [calmmind, dracometeor, psyshock, recover] ttype=steel
INFO     	       rayquaza      airlock heavydutyboots [dragonascent, dragondance, earthquake, outrage] ttype=flying
INFO     	       ursaring         guts     eviolite [bodyslam, earthquake, rest, sleeptalk] ttype=ground
INFO     Sampling 1 unrevealed pokemon
INFO     	         espeon  magicbounce      lifeorb [alluringvoice, calmmind, morningsun, psyshock] ttype=fairy
INFO     Sampling battle 3
INFO     	         latias     levitate      souldew [calmmind, dracometeor, psyshock, recover] ttype=steel
INFO     	       rayquaza      airlock heavydutyboots [dragonascent, dragondance, earthquake, outrage] ttype=flying
INFO     	       ursaring         guts     eviolite [bodyslam, earthquake, rest, sleeptalk] ttype=ghost
INFO     Sampling 1 unrevealed pokemon
INFO     	      meowsticf  competitive      lifeorb [alluringvoice, darkpulse, nastyplot, psyshock] ttype=fairy
INFO     Sampling battle 4
INFO     	         latias     levitate      souldew [calmmind, dracometeor, psyshock, recover] ttype=steel
INFO     	       rayquaza      airlock heavydutyboots [dragonascent, dragondance, earthquake, outrage] ttype=flying
INFO     	       ursaring         guts     eviolite [bodyslam, rest, sleeptalk, throatchop] ttype=ghost
INFO     Sampling 1 unrevealed pokemon
INFO     	         phione    hydration    leftovers [rest, scald, sleeptalk, takeheart] ttype=dragon
INFO     Sampling battle 5
INFO     	         latias     levitate      souldew [calmmind, dracometeor, psyshock, recover] ttype=steel
INFO     	       rayquaza      airlock heavydutyboots [dragonascent, dragondance, earthquake, outrage] ttype=flying
INFO     	       ursaring         guts     eviolite [bodyslam, rest, sleeptalk, throatchop] ttype=ghost
INFO     Sampling 1 unrevealed pokemon
INFO     	      spectrier    grimneigh    leftovers [drainingkiss, nastyplot, shadowball, substitute] ttype=fairy
INFO     Sampling battle 6
INFO     	         latias     levitate      souldew [calmmind, dracometeor, psyshock, recover] ttype=steel
INFO     	       rayquaza      airlock heavydutyboots [dragonascent, dragondance, earthquake, outrage] ttype=flying
INFO     	       ursaring         guts     eviolite [bodyslam, earthquake, rest, sleeptalk] ttype=ghost
INFO     Sampling 1 unrevealed pokemon
INFO     	       rotommow     levitate    leftovers [leafstorm, nastyplot, thunderbolt, willowisp] ttype=electric
INFO     Sampling battle 7
INFO     	         latias     levitate      souldew [calmmind, dracometeor, psyshock, recover] ttype=steel
INFO     	       rayquaza      airlock heavydutyboots [dragonascent, dragondance, earthquake, outrage] ttype=flying
INFO     	       ursaring         guts     eviolite [bodyslam, earthquake, rest, sleeptalk] ttype=ghost
INFO     Sampling 1 unrevealed pokemon
INFO     	     gothitelle    shadowtag    leftovers [calmmind, focusblast, psychicnoise, thunderbolt] ttype=fairy
INFO     Sampling battle 8
INFO     	         latias     levitate      souldew [calmmind, dracometeor, psyshock, recover] ttype=steel
INFO     	       rayquaza      airlock heavydutyboots [dragonascent, dragondance, earthquake, outrage] ttype=flying
INFO     	       ursaring         guts     eviolite [bodyslam, earthquake, rest, sleeptalk] ttype=ground
INFO     Sampling 1 unrevealed pokemon
INFO     	         veluza    sharpness   choiceband [aquacutter, aquajet, nightslash, psychocut] ttype=water
INFO     Sampling battle 9
INFO     	         latias     levitate      souldew [calmmind, dracometeor, psyshock, recover] ttype=steel
INFO     	       rayquaza      airlock heavydutyboots [dragonascent, dragondance, earthquake, outrage] ttype=flying
INFO     	       ursaring         guts     eviolite [bodyslam, earthquake, rest, sleeptalk] ttype=ground
INFO     Sampling 1 unrevealed pokemon
INFO     	        palafin   zerotohero    leftovers [bulkup, drainpunch, icepunch, jetpunch] ttype=steel
INFO     Sampling battle 10
INFO     	         latias     levitate      souldew [calmmind, dracometeor, psyshock, recover] ttype=steel
INFO     	       rayquaza      airlock heavydutyboots [dragonascent, dragondance, earthquake, outrage] ttype=flying
INFO     	       ursaring         guts     eviolite [bodyslam, rest, sleeptalk, throatchop] ttype=ghost
INFO     Sampling 1 unrevealed pokemon
INFO     	       lumineon   stormdrain      lifeorb [alluringvoice, encore, hydropump, icebeam] ttype=water
INFO     Sampling battle 11
INFO     	         latias     levitate      souldew [calmmind, dracometeor, psyshock, recover] ttype=steel
INFO     	       rayquaza      airlock heavydutyboots [dragonascent, dragondance, earthquake, outrage] ttype=flying
INFO     	       ursaring         guts     eviolite [bodyslam, earthquake, rest, sleeptalk] ttype=ground
INFO     Sampling 1 unrevealed pokemon
INFO     	      bellibolt electromorphosis    leftovers [muddywater, slackoff, thunderbolt, toxic] ttype=electric
INFO     Sampling battle 12
INFO     	         latias     levitate      souldew [calmmind, dracometeor, psyshock, recover] ttype=steel
INFO     	       rayquaza      airlock heavydutyboots [dragonascent, dragondance, earthquake, outrage] ttype=flying
INFO     	       ursaring         guts     eviolite [bodyslam, earthquake, rest, sleeptalk] ttype=ground
INFO     Sampling 1 unrevealed pokemon
INFO     	        ariados     insomnia heavydutyboots [megahorn, poisonjab, stickyweb, suckerpunch] ttype=ghost
INFO     Sampling battle 13
INFO     	         latias     levitate      souldew [calmmind, dracometeor, psyshock, recover] ttype=steel
INFO     	       rayquaza      airlock heavydutyboots [dragonascent, dragondance, earthquake, outrage] ttype=flying
INFO     	       ursaring         guts     eviolite [bodyslam, rest, sleeptalk, throatchop] ttype=ghost
INFO     Sampling 1 unrevealed pokemon
INFO     	       magearna    soulheart    leftovers [calmmind, flashcannon, fleurcannon, shiftgear] ttype=fairy
INFO     Sampling battle 14
INFO     	         latias     levitate      souldew [calmmind, dracometeor, psyshock, recover] ttype=steel
INFO     	       rayquaza      airlock heavydutyboots [dragonascent, dragondance, earthquake, outrage] ttype=flying
INFO     	       ursaring         guts     eviolite [bodyslam, earthquake, rest, sleeptalk] ttype=ground
INFO     Sampling 1 unrevealed pokemon
INFO     	   basculegionf adaptability  choicespecs [flipturn, hydropump, icebeam, shadowball] ttype=water
INFO     Sampling battle 15
INFO     	         latias     levitate      souldew [calmmind, dracometeor, psyshock, recover] ttype=steel
INFO     	       rayquaza      airlock heavydutyboots [dragonascent, dragondance, earthquake, outrage] ttype=flying
INFO     	       ursaring         guts     eviolite [bodyslam, earthquake, rest, sleeptalk] ttype=ground
INFO     Sampling 1 unrevealed pokemon
INFO     	  slowkinggalar  regenerator heavydutyboots [chillyreception, psyshock, slackoff, sludgebomb] ttype=dark
INFO     Searching for a move using MCTS...
INFO     Sampling 16 battles at 500ms each
INFO     Policy 0: psyshock visited 90.04% avg_score=0.615 sample_chance_multiplier=0.062
INFO     Policy 1: psyshock visited 90.99% avg_score=0.612 sample_chance_multiplier=0.062
INFO     Policy 2: psyshock visited 93.11% avg_score=0.655 sample_chance_multiplier=0.062
INFO     Policy 3: psyshock visited 92.24% avg_score=0.647 sample_chance_multiplier=0.062
INFO     Policy 4: psyshock visited 90.69% avg_score=0.655 sample_chance_multiplier=0.062
INFO     Policy 5: psyshock visited 91.67% avg_score=0.664 sample_chance_multiplier=0.062
INFO     Policy 6: psyshock visited 91.44% avg_score=0.651 sample_chance_multiplier=0.062
INFO     Policy 7: psyshock visited 90.24% avg_score=0.666 sample_chance_multiplier=0.062
INFO     Policy 8: psyshock visited 90.88% avg_score=0.64 sample_chance_multiplier=0.062
INFO     Policy 9: psyshock visited 91.48% avg_score=0.654 sample_chance_multiplier=0.062
INFO     Policy 10: psyshock visited 89.84% avg_score=0.649 sample_chance_multiplier=0.062
INFO     Policy 11: psyshock visited 89.86% avg_score=0.638 sample_chance_multiplier=0.062
INFO     Policy 12: psyshock visited 91.0% avg_score=0.653 sample_chance_multiplier=0.062
INFO     Policy 13: psyshock visited 88.45% avg_score=0.623 sample_chance_multiplier=0.062
INFO     Policy 14: psyshock visited 91.45% avg_score=0.651 sample_chance_multiplier=0.062
INFO     Policy 15: psyshock visited 92.15% avg_score=0.651 sample_chance_multiplier=0.062
INFO     Considered Choices:
INFO     	90.97%: psyshock
INFO     Choice: psyshock
INFO     Updated latias's min speed to 177
INFO     latias using recover makes it unlikely to have a choice item. Setting can_have_choice_item to False
INFO     latias used a status-move. Adding `assaultvest` to impossible items
INFO     Setting latias's last used move: recover
INFO     lunala already has the move psyshock. Decrementing the PP by 1
INFO     lunala used a psychic move, removing psychicgem from possible items
INFO     Setting lunala's last used move: psyshock
INFO     lunala used a damaging move - not guessing lifeorb anymore
INFO     lunala did 40.0% damage to latias with psyshock
INFO     latias has less than maxhp during upkeep, no longer guessing leftovers or blacksludge
INFO     
INFO     Turn: 19
INFO     root priors (8): {'psyshock': 0.755, 'moongeistbeam': 0.232, 'calmmind': 0.008, 'switch meloetta': 0.001}
INFO     Sampling battle 0
INFO     	         latias     levitate      souldew [calmmind, dracometeor, psyshock, recover] ttype=steel
INFO     	       rayquaza      airlock heavydutyboots [dragonascent, dragondance, earthquake, outrage] ttype=flying
INFO     	       ursaring         guts     eviolite [bodyslam, earthquake, rest, sleeptalk] ttype=ground
INFO     Sampling 1 unrevealed pokemon
INFO     	         rabsca  synchronize heavydutyboots [bugbuzz, psychic, recover, revivalblessing] ttype=steel
INFO     Sampling battle 1
INFO     	         latias     levitate      souldew [calmmind, dracometeor, psyshock, recover] ttype=steel
INFO     	       rayquaza      airlock heavydutyboots [dragonascent, dragondance, earthquake, outrage] ttype=flying
INFO     	       ursaring         guts     eviolite [bodyslam, rest, sleeptalk, throatchop] ttype=ghost
INFO     Sampling 1 unrevealed pokemon
INFO     	  oricoriosensu       dancer heavydutyboots [hurricane, quiverdance, revelationdance, roost] ttype=fighting
INFO     Sampling battle 2
INFO     	         latias     levitate      souldew [calmmind, dracometeor, psyshock, recover] ttype=steel
INFO     	       rayquaza      airlock heavydutyboots [dragonascent, dragondance, earthquake, outrage] ttype=flying
INFO     	       ursaring         guts     eviolite [bodyslam, earthquake, rest, sleeptalk] ttype=ground
INFO     Sampling 1 unrevealed pokemon
INFO     	     houndstone       fluffy  assaultvest [bodypress, playrough, poltergeist, shadowsneak] ttype=fighting
INFO     Sampling battle 3
INFO     	         latias     levitate      souldew [calmmind, dracometeor, psyshock, recover] ttype=steel
INFO     	       rayquaza      airlock heavydutyboots [dragonascent, dragondance, earthquake, outrage] ttype=flying
INFO     	       ursaring         guts     eviolite [bodyslam, earthquake, rest, sleeptalk] ttype=ground
INFO     Sampling 1 unrevealed pokemon
INFO     	       sneasler  poisontouch   choiceband [closecombat, direclaw, throatchop, uturn] ttype=dark
INFO     Sampling battle 4
INFO     	         latias     levitate      souldew [calmmind, dracometeor, psyshock, recover] ttype=steel
INFO     	       rayquaza      airlock heavydutyboots [dragonascent, dragondance, earthquake, outrage] ttype=flying
INFO     	       ursaring         guts     eviolite [bodyslam, earthquake, rest, sleeptalk] ttype=ghost
INFO     Sampling 1 unrevealed pokemon
INFO     	        torkoal      drought heavydutyboots [earthquake, fireblast, solarbeam, stealthrock] ttype=grass
INFO     Sampling battle 5
INFO     	         latias     levitate      souldew [calmmind, dracometeor, psyshock, recover] ttype=steel
INFO     	       rayquaza      airlock heavydutyboots [dragonascent, dragondance, earthquake, outrage] ttype=flying
INFO     	       ursaring         guts     eviolite [bodyslam, earthquake, rest, sleeptalk] ttype=ground
INFO     Sampling 1 unrevealed pokemon
INFO     	        dugtrio    arenatrap   choiceband [earthquake, stoneedge, suckerpunch, throatchop] ttype=ground
INFO     Sampling battle 6
INFO     	         latias     levitate      souldew [calmmind, dracometeor, psyshock, recover] ttype=steel
INFO     	       rayquaza      airlock heavydutyboots [dragonascent, dragondance, earthquake, outrage] ttype=flying
INFO     	       ursaring         guts     eviolite [bodyslam, earthquake, rest, sleeptalk] ttype=ground
INFO     Sampling 1 unrevealed pokemon
INFO     	      toxicroak      dryskin      lifeorb [closecombat, gunkshot, knockoff, swordsdance] ttype=dark
INFO     Sampling battle 7
INFO     	         latias     levitate      souldew [calmmind, dracometeor, psyshock, recover] ttype=steel
INFO     	       rayquaza      airlock heavydutyboots [dragonascent, dragondance, earthquake, outrage] ttype=flying
INFO     	       ursaring         guts     eviolite [bodyslam, earthquake, rest, sleeptalk] ttype=ground
INFO     Sampling 1 unrevealed pokemon
INFO     	         kyogre      drizzle  choicescarf [icebeam, originpulse, thunder, waterspout] ttype=water
INFO     Sampling battle 8
INFO     	         latias     levitate      souldew [calmmind, dracometeor, psyshock, recover] ttype=steel
INFO     	       rayquaza      airlock heavydutyboots [dragonascent, dragondance, earthquake, outrage] ttype=flying
INFO     	       ursaring         guts     eviolite [bodyslam, earthquake, rest, sleeptalk] ttype=ghost
INFO     Sampling 1 unrevealed pokemon
INFO     	      azumarill    hugepower   choiceband [aquajet, knockoff, liquidation, playrough] ttype=water
INFO     Sampling battle 9
INFO     	         latias     levitate      souldew [calmmind, dracometeor, psyshock, recover] ttype=steel
INFO     	       rayquaza      airlock heavydutyboots [dragonascent, dragondance, earthquake, outrage] ttype=flying
INFO     	       ursaring         guts     eviolite [bodyslam, earthquake, rest, sleeptalk] ttype=ground
INFO     Sampling 1 unrevealed pokemon
INFO     	        palafin   zerotohero   choiceband [closecombat, flipturn, jetpunch, wavecrash] ttype=water
INFO     Sampling battle 10
INFO     	         latias     levitate      souldew [calmmind, dracometeor, psyshock, recover] ttype=steel
INFO     	       rayquaza      airlock heavydutyboots [dragonascent, dragondance, earthquake, outrage] ttype=flying
INFO     	       ursaring         guts     eviolite [bodyslam, earthquake, rest, sleeptalk] ttype=ground
INFO     Sampling 1 unrevealed pokemon
INFO     	     scovillain  chlorophyll    leftovers [flamethrower, leechseed, protect, substitute] ttype=steel
INFO     Sampling battle 11
INFO     	         latias     levitate      souldew [calmmind, dracometeor, psyshock, recover] ttype=steel
INFO     	       rayquaza      airlock heavydutyboots [dragonascent, dragondance, earthquake, outrage] ttype=flying
INFO     	       ursaring         guts     eviolite [bodyslam, earthquake, rest, sleeptalk] ttype=ground
INFO     Sampling 1 unrevealed pokemon
INFO     	         scizor   technician      lifeorb [bugbite, bulletpunch, knockoff, swordsdance] ttype=steel
INFO     Sampling battle 12
INFO     	         latias     levitate      souldew [calmmind, dracometeor, psyshock, recover] ttype=steel
INFO     	       rayquaza      airlock heavydutyboots [dragonascent, dragondance, earthquake, outrage] ttype=flying
INFO     	       ursaring         guts     eviolite [bodyslam, earthquake, rest, sleeptalk] ttype=ground
INFO     Sampling 1 unrevealed pokemon
INFO     	   arceuspoison    multitype   toxicplate [earthquake, extremespeed, gunkshot, swordsdance] ttype=ground
INFO     Sampling battle 13
INFO     	         latias     levitate      souldew [calmmind, dracometeor, psyshock, recover] ttype=steel
INFO     	       rayquaza      airlock heavydutyboots [dragonascent, dragondance, earthquake, outrage] ttype=flying
INFO     	       ursaring         guts     eviolite [bodyslam, earthquake, rest, sleeptalk] ttype=ground
INFO     Sampling 1 unrevealed pokemon
INFO     	      rotomheat     levitate heavydutyboots [discharge, overheat, voltswitch, willowisp] ttype=electric
INFO     Sampling battle 14
INFO     	         latias     levitate      souldew [calmmind, dracometeor, psyshock, recover] ttype=steel
INFO     	       rayquaza      airlock heavydutyboots [dragonascent, dragondance, earthquake, outrage] ttype=flying
INFO     	       ursaring         guts     eviolite [bodyslam, earthquake, rest, sleeptalk] ttype=ground
INFO     Sampling 1 unrevealed pokemon
INFO     	       pelipper      drizzle  choicespecs [hurricane, hydropump, uturn, weatherball] ttype=water
INFO     Sampling battle 15
INFO     	         latias     levitate      souldew [calmmind, dracometeor, psyshock, recover] ttype=steel
INFO     	       rayquaza      airlock heavydutyboots [dragonascent, dragondance, earthquake, outrage] ttype=flying
INFO     	       ursaring         guts     eviolite [bodyslam, earthquake, rest, sleeptalk] ttype=ground
INFO     Sampling 1 unrevealed pokemon
INFO     	       chimecho     levitate    leftovers [calmmind, dazzlinggleam, psyshock, recover] ttype=steel
INFO     Searching for a move using MCTS...
INFO     Sampling 16 battles at 500ms each
INFO     Policy 0: psyshock visited 90.41% avg_score=0.608 sample_chance_multiplier=0.062
INFO     Policy 1: psyshock visited 89.01% avg_score=0.624 sample_chance_multiplier=0.062
INFO     Policy 2: psyshock visited 90.21% avg_score=0.618 sample_chance_multiplier=0.062
INFO     Policy 3: psyshock visited 88.41% avg_score=0.574 sample_chance_multiplier=0.062
INFO     Policy 4: psyshock visited 90.68% avg_score=0.614 sample_chance_multiplier=0.062
INFO     Policy 5: psyshock visited 95.14% avg_score=0.638 sample_chance_multiplier=0.062
INFO     Policy 6: psyshock visited 89.5% avg_score=0.574 sample_chance_multiplier=0.062
INFO     Policy 7: psyshock visited 89.84% avg_score=0.614 sample_chance_multiplier=0.062
INFO     Policy 8: psyshock visited 92.53% avg_score=0.589 sample_chance_multiplier=0.062
INFO     Policy 9: psyshock visited 91.09% avg_score=0.615 sample_chance_multiplier=0.062
INFO     Policy 10: psyshock visited 89.86% avg_score=0.606 sample_chance_multiplier=0.062
INFO     Policy 11: psyshock visited 89.49% avg_score=0.591 sample_chance_multiplier=0.062
INFO     Policy 12: psyshock visited 91.53% avg_score=0.619 sample_chance_multiplier=0.062
INFO     Policy 13: psyshock visited 90.64% avg_score=0.614 sample_chance_multiplier=0.062
INFO     Policy 14: psyshock visited 91.01% avg_score=0.615 sample_chance_multiplier=0.062
INFO     Policy 15: psyshock visited 88.68% avg_score=0.604 sample_chance_multiplier=0.062
INFO     Considered Choices:
INFO     	90.503%: psyshock
INFO     Choice: psyshock
INFO     Opponent has switched - clearing the last used move
INFO     Setting rayquaza's ability to airlock
INFO     lunala already has the move psyshock. Decrementing the PP by 1
INFO     lunala used a psychic move, removing psychicgem from possible items
INFO     Setting lunala's last used move: psyshock
INFO     lunala used a damaging move - not guessing lifeorb anymore
INFO     lunala did 83.0% damage to rayquaza with psyshock
INFO     rayquaza has less than maxhp during upkeep, no longer guessing leftovers or blacksludge
INFO     Opponent has switched - clearing the last used move
INFO     serperior switched in, adding intimidate to impossible abilities
INFO     serperior switched in, adding pressure to impossible abilities
INFO     serperior switched in, adding neutralizinggas to impossible abilities
INFO     serperior switched in, adding sandstream to impossible abilities
INFO     serperior switched in, adding drought to impossible abilities
INFO     serperior switched in, adding drizzle to impossible abilities
INFO     serperior switched in, adding snowwarning to impossible abilities
INFO     serperior switched in, adding boosterenergy to impossible items
INFO     serperior switched in, adding airballoon to impossible items
INFO     
INFO     Turn: 20
INFO     root priors (8): {'psyshock': 0.761, 'moongeistbeam': 0.233, 'moonlight': 0.001, 'switch barraskewda': 0.001}
INFO     Sampling battle 0
INFO     	      serperior     contrary      lifeorb [dragonpulse, glare, leafstorm, synthesis] ttype=dragon
INFO     	       ursaring         guts     eviolite [bodyslam, earthquake, rest, sleeptalk] ttype=ground
INFO     	         latias     levitate      souldew [calmmind, dracometeor, psyshock, recover] ttype=steel
INFO     Sampling battle 1
INFO     	      serperior     contrary    leftovers [dragonpulse, leafstorm, leechseed, substitute] ttype=grass
INFO     	       ursaring         guts     eviolite [bodyslam, earthquake, rest, sleeptalk] ttype=ground
INFO     	         latias     levitate      souldew [calmmind, dracometeor, psyshock, recover] ttype=steel
INFO     Sampling battle 2
INFO     	      serperior     contrary    leftovers [leafstorm, leechseed, substitute, terablast] ttype=rock
INFO     	       ursaring         guts     eviolite [bodyslam, earthquake, rest, sleeptalk] ttype=ground
INFO     	         latias     levitate      souldew [calmmind, dracometeor, psyshock, recover] ttype=steel
INFO     Sampling battle 3
INFO     	      serperior     contrary      lifeorb [glare, leafstorm, synthesis, terablast] ttype=fire
INFO     	       ursaring         guts     eviolite [bodyslam, earthquake, rest, sleeptalk] ttype=ground
INFO     	         latias     levitate      souldew [calmmind, dracometeor, psyshock, recover] ttype=steel
INFO     Sampling battle 4
INFO     	      serperior     contrary    leftovers [leafstorm, leechseed, substitute, terablast] ttype=fire
INFO     	       ursaring         guts     eviolite [bodyslam, earthquake, rest, sleeptalk] ttype=ghost
INFO     	         latias     levitate      souldew [calmmind, dracometeor, psyshock, recover] ttype=steel
INFO     Sampling battle 5
INFO     	      serperior     contrary    leftovers [leafstorm, leechseed, substitute, terablast] ttype=rock
INFO     	       ursaring         guts     eviolite [bodyslam, rest, sleeptalk, throatchop] ttype=ghost
INFO     	         latias     levitate      souldew [calmmind, dracometeor, psyshock, recover] ttype=steel
INFO     Sampling battle 6
INFO     	      serperior     contrary      lifeorb [dragonpulse, glare, leafstorm, synthesis] ttype=dragon
INFO     	       ursaring         guts     eviolite [bodyslam, earthquake, rest, sleeptalk] ttype=ground
INFO     	         latias     levitate      souldew [calmmind, dracometeor, psyshock, recover] ttype=steel
INFO     Sampling battle 7
INFO     	      serperior     contrary    leftovers [dragonpulse, leafstorm, leechseed, substitute] ttype=dragon
INFO     	       ursaring         guts     eviolite [bodyslam, rest, sleeptalk, throatchop] ttype=ghost
INFO     	         latias     levitate      souldew [calmmind, dracometeor, psyshock, recover] ttype=steel
INFO     Sampling battle 8
INFO     	      serperior     contrary      lifeorb [dragonpulse, glare, leafstorm, synthesis] ttype=dragon
INFO     	       ursaring         guts     eviolite [bodyslam, earthquake, rest, sleeptalk] ttype=ground
INFO     	         latias     levitate      souldew [calmmind, dracometeor, psyshock, recover] ttype=steel
INFO     Sampling battle 9
INFO     	      serperior     contrary      lifeorb [glare, leafstorm, synthesis, terablast] ttype=rock
INFO     	       ursaring         guts     eviolite [bodyslam, rest, sleeptalk, throatchop] ttype=ghost
INFO     	         latias     levitate      souldew [calmmind, dracometeor, psyshock, recover] ttype=steel
INFO     Sampling battle 10
INFO     	      serperior     contrary    leftovers [leafstorm, leechseed, substitute, terablast] ttype=rock
INFO     	       ursaring         guts     eviolite [bodyslam, earthquake, rest, sleeptalk] ttype=ground
INFO     	         latias     levitate      souldew [calmmind, dracometeor, psyshock, recover] ttype=steel
INFO     Sampling battle 11
INFO     	      serperior     contrary    leftovers [leafstorm, leechseed, substitute, terablast] ttype=rock
INFO     	       ursaring         guts     eviolite [bodyslam, rest, sleeptalk, throatchop] ttype=ghost
INFO     	         latias     levitate      souldew [calmmind, dracometeor, psyshock, recover] ttype=steel
INFO     Sampling battle 12
INFO     	      serperior     contrary      lifeorb [glare, leafstorm, synthesis, terablast] ttype=rock
INFO     	       ursaring         guts     eviolite [bodyslam, earthquake, rest, sleeptalk] ttype=ground
INFO     	         latias     levitate      souldew [calmmind, dracometeor, psyshock, recover] ttype=steel
INFO     Sampling battle 13
INFO     	      serperior     contrary      lifeorb [glare, leafstorm, synthesis, terablast] ttype=fire
INFO     	       ursaring         guts     eviolite [bodyslam, rest, sleeptalk, throatchop] ttype=ghost
INFO     	         latias     levitate      souldew [calmmind, dracometeor, psyshock, recover] ttype=steel
INFO     Sampling battle 14
INFO     	      serperior     contrary      lifeorb [glare, leafstorm, synthesis, terablast] ttype=rock
INFO     	       ursaring         guts     eviolite [bodyslam, rest, sleeptalk, throatchop] ttype=ghost
INFO     	         latias     levitate      souldew [calmmind, dracometeor, psyshock, recover] ttype=steel
INFO     Sampling battle 15
INFO     	      serperior     contrary      lifeorb [glare, leafstorm, synthesis, terablast] ttype=fire
INFO     	       ursaring         guts     eviolite [bodyslam, earthquake, rest, sleeptalk] ttype=ghost
INFO     	         latias     levitate      souldew [calmmind, dracometeor, psyshock, recover] ttype=steel
INFO     Searching for a move using MCTS...
INFO     Sampling 16 battles at 500ms each
INFO     Policy 0: psyshock visited 94.69% avg_score=0.599 sample_chance_multiplier=0.062
INFO     Policy 1: moongeistbeam visited 83.83% avg_score=0.564 sample_chance_multiplier=0.062
INFO     Policy 2: moongeistbeam visited 81.87% avg_score=0.565 sample_chance_multiplier=0.062
INFO     Policy 3: psyshock visited 90.33% avg_score=0.6 sample_chance_multiplier=0.062
INFO     Policy 4: moongeistbeam visited 81.59% avg_score=0.563 sample_chance_multiplier=0.062
INFO     Policy 5: moongeistbeam visited 77.59% avg_score=0.559 sample_chance_multiplier=0.062
INFO     Policy 6: psyshock visited 90.56% avg_score=0.599 sample_chance_multiplier=0.062
INFO     Policy 7: moongeistbeam visited 76.59% avg_score=0.559 sample_chance_multiplier=0.062
INFO     Policy 8: psyshock visited 94.24% avg_score=0.598 sample_chance_multiplier=0.062
INFO     Policy 9: psyshock visited 95.07% avg_score=0.611 sample_chance_multiplier=0.062
INFO     Policy 10: moongeistbeam visited 82.28% avg_score=0.564 sample_chance_multiplier=0.062
INFO     Policy 11: moongeistbeam visited 77.33% avg_score=0.559 sample_chance_multiplier=0.062
INFO     Policy 12: psyshock visited 88.64% avg_score=0.598 sample_chance_multiplier=0.062
INFO     Policy 13: psyshock visited 95.93% avg_score=0.613 sample_chance_multiplier=0.062
INFO     Policy 14: psyshock visited 94.77% avg_score=0.615 sample_chance_multiplier=0.062
INFO     Policy 15: psyshock visited 88.66% avg_score=0.599 sample_chance_multiplier=0.062
INFO     Considered Choices:
INFO     	60.729%: psyshock
INFO     Choice: psyshock
INFO     Updated serperior's min speed to 177
INFO     serperior used a status-move. Adding `assaultvest` to impossible items
INFO     Setting serperior's last used move: leechseed
INFO     Starting the volatile status leechseed on lunala
INFO     lunala already has the move psyshock. Decrementing the PP by 1
INFO     lunala used a psychic move, removing psychicgem from possible items
INFO     Setting lunala's last used move: psyshock
INFO     lunala used a damaging move - not guessing lifeorb anymore
INFO     lunala did 87.0% damage to serperior with psyshock
INFO     Setting serperior's item to: leftovers
INFO     serperior has less than maxhp during upkeep, no longer guessing leftovers or blacksludge
INFO     
INFO     Turn: 21
INFO     root priors (8): {'psyshock': 0.849, 'moongeistbeam': 0.143, 'switch barraskewda': 0.002, 'switch misdreavus': 0.001}
INFO     Sampling battle 0
INFO     	      serperior     contrary    leftovers [dragonpulse, leafstorm, leechseed, substitute] ttype=water
INFO     	       ursaring         guts     eviolite [bodyslam, earthquake, rest, sleeptalk] ttype=ground
INFO     	         latias     levitate      souldew [calmmind, dracometeor, psyshock, recover] ttype=steel
INFO     Sampling battle 1
INFO     	      serperior     contrary    leftovers [dragonpulse, leafstorm, leechseed, substitute] ttype=grass
INFO     	       ursaring         guts     eviolite [bodyslam, earthquake, rest, sleeptalk] ttype=ground
INFO     	         latias     levitate      souldew [calmmind, dracometeor, psyshock, recover] ttype=steel
INFO     Sampling battle 2
INFO     	      serperior     contrary    leftovers [leafstorm, leechseed, substitute, terablast] ttype=fire
INFO     	       ursaring         guts     eviolite [bodyslam, earthquake, rest, sleeptalk] ttype=ground
INFO     	         latias     levitate      souldew [calmmind, dracometeor, psyshock, recover] ttype=steel
INFO     Sampling battle 3
INFO     	      serperior     contrary    leftovers [dragonpulse, leafstorm, leechseed, substitute] ttype=grass
INFO     	       ursaring         guts     eviolite [bodyslam, earthquake, rest, sleeptalk] ttype=ground
INFO     	         latias     levitate      souldew [calmmind, dracometeor, psyshock, recover] ttype=steel
INFO     Sampling battle 4
INFO     	      serperior     contrary    leftovers [leafstorm, leechseed, substitute, terablast] ttype=rock
INFO     	       ursaring         guts     eviolite [bodyslam, earthquake, rest, sleeptalk] ttype=ground
INFO     	         latias     levitate      souldew [calmmind, dracometeor, psyshock, recover] ttype=steel
INFO     Sampling battle 5
INFO     	      serperior     contrary    leftovers [dragonpulse, leafstorm, leechseed, substitute] ttype=grass
INFO     	       ursaring         guts     eviolite [bodyslam, earthquake, rest, sleeptalk] ttype=ground
INFO     	         latias     levitate      souldew [calmmind, dracometeor, psyshock, recover] ttype=steel
INFO     Sampling battle 6
INFO     	      serperior     contrary    leftovers [leafstorm, leechseed, substitute, terablast] ttype=fire
INFO     	       ursaring         guts     eviolite [bodyslam, earthquake, rest, sleeptalk] ttype=ground
INFO     	         latias     levitate      souldew [calmmind, dracometeor, psyshock, recover] ttype=steel
INFO     Sampling battle 7
INFO     	      serperior     contrary    leftovers [dragonpulse, leafstorm, leechseed, substitute] ttype=water
INFO     	       ursaring         guts     eviolite [bodyslam, rest, sleeptalk, throatchop] ttype=ghost
INFO     	         latias     levitate      souldew [calmmind, dracometeor, psyshock, recover] ttype=steel
INFO     Sampling battle 8
INFO     	      serperior     contrary    leftovers [dragonpulse, leafstorm, leechseed, substitute] ttype=grass
INFO     	       ursaring         guts     eviolite [bodyslam, earthquake, rest, sleeptalk] ttype=ground
INFO     	         latias     levitate      souldew [calmmind, dracometeor, psyshock, recover] ttype=steel
INFO     Sampling battle 9
INFO     	      serperior     contrary    leftovers [leafstorm, leechseed, substitute, terablast] ttype=fire
INFO     	       ursaring         guts     eviolite [bodyslam, earthquake, rest, sleeptalk] ttype=ground
INFO     	         latias     levitate      souldew [calmmind, dracometeor, psyshock, recover] ttype=steel
INFO     Sampling battle 10
INFO     	      serperior     contrary    leftovers [dragonpulse, leafstorm, leechseed, substitute] ttype=water
INFO     	       ursaring         guts     eviolite [bodyslam, earthquake, rest, sleeptalk] ttype=ghost
INFO     	         latias     levitate      souldew [calmmind, dracometeor, psyshock, recover] ttype=steel
INFO     Sampling battle 11
INFO     	      serperior     contrary    leftovers [dragonpulse, leafstorm, leechseed, substitute] ttype=dragon
INFO     	       ursaring         guts     eviolite [bodyslam, earthquake, rest, sleeptalk] ttype=ground
INFO     	         latias     levitate      souldew [calmmind, dracometeor, psyshock, recover] ttype=steel
INFO     Sampling battle 12
INFO     	      serperior     contrary    leftovers [dragonpulse, leafstorm, leechseed, substitute] ttype=water
INFO     	       ursaring         guts     eviolite [bodyslam, earthquake, rest, sleeptalk] ttype=ghost
INFO     	         latias     levitate      souldew [calmmind, dracometeor, psyshock, recover] ttype=steel
INFO     Sampling battle 13
INFO     	      serperior     contrary    leftovers [dragonpulse, leafstorm, leechseed, substitute] ttype=grass
INFO     	       ursaring         guts     eviolite [bodyslam, earthquake, rest, sleeptalk] ttype=ground
INFO     	         latias     levitate      souldew [calmmind, dracometeor, psyshock, recover] ttype=steel
INFO     Sampling battle 14
INFO     	      serperior     contrary    leftovers [dragonpulse, leafstorm, leechseed, substitute] ttype=water
INFO     	       ursaring         guts     eviolite [bodyslam, earthquake, rest, sleeptalk] ttype=ground
INFO     	         latias     levitate      souldew [calmmind, dracometeor, psyshock, recover] ttype=steel
INFO     Sampling battle 15
INFO     	      serperior     contrary    leftovers [leafstorm, leechseed, substitute, terablast] ttype=fire
INFO     	       ursaring         guts     eviolite [bodyslam, rest, sleeptalk, throatchop] ttype=ghost
INFO     	         latias     levitate      souldew [calmmind, dracometeor, psyshock, recover] ttype=steel
INFO     Searching for a move using MCTS...
INFO     Sampling 16 battles at 500ms each
INFO     Policy 0: psyshock visited 89.77% avg_score=0.401 sample_chance_multiplier=0.062
INFO     Policy 1: psyshock visited 87.35% avg_score=0.401 sample_chance_multiplier=0.062
INFO     Policy 2: psyshock visited 88.61% avg_score=0.402 sample_chance_multiplier=0.062
INFO     Policy 3: psyshock visited 88.29% avg_score=0.4 sample_chance_multiplier=0.062
INFO     Policy 4: psyshock visited 86.85% avg_score=0.4 sample_chance_multiplier=0.062
INFO     Policy 5: psyshock visited 87.23% avg_score=0.401 sample_chance_multiplier=0.062
INFO     Policy 6: psyshock visited 87.8% avg_score=0.401 sample_chance_multiplier=0.062
INFO     Policy 7: psyshock visited 92.8% avg_score=0.418 sample_chance_multiplier=0.062
INFO     Policy 8: psyshock visited 90.57% avg_score=0.405 sample_chance_multiplier=0.062
INFO     Policy 9: psyshock visited 86.52% avg_score=0.404 sample_chance_multiplier=0.062
INFO     Policy 10: psyshock visited 91.27% avg_score=0.403 sample_chance_multiplier=0.062
INFO     Policy 11: psyshock visited 90.68% avg_score=0.404 sample_chance_multiplier=0.062
INFO     Policy 12: psyshock visited 92.21% avg_score=0.406 sample_chance_multiplier=0.062
INFO     Policy 13: psyshock visited 86.01% avg_score=0.404 sample_chance_multiplier=0.062
INFO     Policy 14: psyshock visited 90.15% avg_score=0.407 sample_chance_multiplier=0.062
INFO     Policy 15: psyshock visited 88.17% avg_score=0.417 sample_chance_multiplier=0.062
INFO     Considered Choices:
INFO     	89.017%: psyshock
INFO     Choice: psyshock
INFO     Opponent has switched - clearing the last used move
INFO     lunala already has the move psyshock. Decrementing the PP by 1
INFO     lunala used a psychic move, removing psychicgem from possible items
INFO     Setting lunala's last used move: psyshock
INFO     lunala used a damaging move - not guessing lifeorb anymore
INFO     lunala did 52.0% damage to ursaring with psyshock
INFO     Setting lunala's item to: leftovers
INFO     ursaring has less than maxhp during upkeep, no longer guessing leftovers or blacksludge
INFO     
INFO     Turn: 22
INFO     root priors (8): {'psyshock': 0.624, 'moongeistbeam': 0.369, 'switch barraskewda': 0.002, 'switch meloetta': 0.001}
INFO     Sampling battle 0
INFO     	       ursaring         guts     eviolite [bodyslam, earthquake, rest, sleeptalk] ttype=ground
INFO     	         latias     levitate      souldew [calmmind, dracometeor, psyshock, recover] ttype=steel
INFO     	      serperior     contrary    leftovers [dragonpulse, leafstorm, leechseed, substitute] ttype=grass
INFO     Sampling battle 1
INFO     	       ursaring         guts     eviolite [bodyslam, earthquake, rest, sleeptalk] ttype=ground
INFO     	         latias     levitate      souldew [calmmind, dracometeor, psyshock, recover] ttype=steel
INFO     	      serperior     contrary    leftovers [dragonpulse, leafstorm, leechseed, substitute] ttype=water
INFO     Sampling battle 2
INFO     	       ursaring         guts     eviolite [bodyslam, earthquake, rest, sleeptalk] ttype=ghost
INFO     	         latias     levitate      souldew [calmmind, dracometeor, psyshock, recover] ttype=steel
INFO     	      serperior     contrary    leftovers [leafstorm, leechseed, substitute, terablast] ttype=rock
INFO     Sampling battle 3
INFO     	       ursaring         guts     eviolite [bodyslam, earthquake, rest, sleeptalk] ttype=ghost
INFO     	         latias     levitate      souldew [calmmind, dracometeor, psyshock, recover] ttype=steel
INFO     	      serperior     contrary    leftovers [dragonpulse, leafstorm, leechseed, substitute] ttype=grass
INFO     Sampling battle 4
INFO     	       ursaring         guts     eviolite [bodyslam, earthquake, rest, sleeptalk] ttype=ground
INFO     	         latias     levitate      souldew [calmmind, dracometeor, psyshock, recover] ttype=steel
INFO     	      serperior     contrary    leftovers [dragonpulse, leafstorm, leechseed, substitute] ttype=dragon
INFO     Sampling battle 5
INFO     	       ursaring         guts     eviolite [bodyslam, rest, sleeptalk, throatchop] ttype=ghost
INFO     	         latias     levitate      souldew [calmmind, dracometeor, psyshock, recover] ttype=steel
INFO     	      serperior     contrary    leftovers [leafstorm, leechseed, substitute, terablast] ttype=fire
INFO     Sampling battle 6
INFO     	       ursaring         guts     eviolite [bodyslam, rest, sleeptalk, throatchop] ttype=ghost
INFO     	         latias     levitate      souldew [calmmind, dracometeor, psyshock, recover] ttype=steel
INFO     	      serperior     contrary    leftovers [leafstorm, leechseed, substitute, terablast] ttype=fire
INFO     Sampling battle 7
INFO     	       ursaring         guts     eviolite [bodyslam, earthquake, rest, sleeptalk] ttype=ghost
INFO     	         latias     levitate      souldew [calmmind, dracometeor, psyshock, recover] ttype=steel
INFO     	      serperior     contrary    leftovers [dragonpulse, leafstorm, leechseed, substitute] ttype=water
INFO     Sampling battle 8
INFO     	       ursaring         guts     eviolite [bodyslam, earthquake, rest, sleeptalk] ttype=ghost
INFO     	         latias     levitate      souldew [calmmind, dracometeor, psyshock, recover] ttype=steel
INFO     	      serperior     contrary    leftovers [dragonpulse, leafstorm, leechseed, substitute] ttype=water
INFO     Sampling battle 9
INFO     	       ursaring         guts     eviolite [bodyslam, earthquake, rest, sleeptalk] ttype=ground
INFO     	         latias     levitate      souldew [calmmind, dracometeor, psyshock, recover] ttype=steel
INFO     	      serperior     contrary    leftovers [dragonpulse, leafstorm, leechseed, substitute] ttype=grass
INFO     Sampling battle 10
INFO     	       ursaring         guts     eviolite [bodyslam, earthquake, rest, sleeptalk] ttype=ground
INFO     	         latias     levitate      souldew [calmmind, dracometeor, psyshock, recover] ttype=steel
INFO     	      serperior     contrary    leftovers [dragonpulse, leafstorm, leechseed, substitute] ttype=dragon
INFO     Sampling battle 11
INFO     	       ursaring         guts     eviolite [bodyslam, earthquake, rest, sleeptalk] ttype=ground
INFO     	         latias     levitate      souldew [calmmind, dracometeor, psyshock, recover] ttype=steel
INFO     	      serperior     contrary    leftovers [leafstorm, leechseed, substitute, terablast] ttype=fire
INFO     Sampling battle 12
INFO     	       ursaring         guts     eviolite [bodyslam, earthquake, rest, sleeptalk] ttype=ground
INFO     	         latias     levitate      souldew [calmmind, dracometeor, psyshock, recover] ttype=steel
INFO     	      serperior     contrary    leftovers [dragonpulse, leafstorm, leechseed, substitute] ttype=dragon
INFO     Sampling battle 13
INFO     	       ursaring         guts     eviolite [bodyslam, earthquake, rest, sleeptalk] ttype=ghost
INFO     	         latias     levitate      souldew [calmmind, dracometeor, psyshock, recover] ttype=steel
INFO     	      serperior     contrary    leftovers [dragonpulse, leafstorm, leechseed, substitute] ttype=water
INFO     Sampling battle 14
INFO     	       ursaring         guts     eviolite [bodyslam, earthquake, rest, sleeptalk] ttype=ghost
INFO     	         latias     levitate      souldew [calmmind, dracometeor, psyshock, recover] ttype=steel
INFO     	      serperior     contrary    leftovers [dragonpulse, leafstorm, leechseed, substitute] ttype=dragon
INFO     Sampling battle 15
INFO     	       ursaring         guts     eviolite [bodyslam, earthquake, rest, sleeptalk] ttype=ghost
INFO     	         latias     levitate      souldew [calmmind, dracometeor, psyshock, recover] ttype=steel
INFO     	      serperior     contrary    leftovers [leafstorm, leechseed, substitute, terablast] ttype=fire
INFO     Searching for a move using MCTS...
INFO     Sampling 16 battles at 500ms each
INFO     Policy 0: psyshock visited 61.93% avg_score=0.31 sample_chance_multiplier=0.062
INFO     Policy 1: psyshock visited 62.09% avg_score=0.309 sample_chance_multiplier=0.062
INFO     Policy 2: psyshock visited 62.7% avg_score=0.309 sample_chance_multiplier=0.062
INFO     Policy 3: psyshock visited 62.73% avg_score=0.309 sample_chance_multiplier=0.062
INFO     Policy 4: psyshock visited 62.53% avg_score=0.308 sample_chance_multiplier=0.062
INFO     Policy 5: psyshock visited 73.48% avg_score=0.345 sample_chance_multiplier=0.062
INFO     Policy 6: psyshock visited 73.79% avg_score=0.347 sample_chance_multiplier=0.062
INFO     Policy 7: psyshock visited 62.65% avg_score=0.309 sample_chance_multiplier=0.062
INFO     Policy 8: psyshock visited 63.17% avg_score=0.308 sample_chance_multiplier=0.062
INFO     Policy 9: psyshock visited 62.82% avg_score=0.307 sample_chance_multiplier=0.062
INFO     Policy 10: psyshock visited 62.76% avg_score=0.306 sample_chance_multiplier=0.062
INFO     Policy 11: psyshock visited 63.37% avg_score=0.305 sample_chance_multiplier=0.062
INFO     Policy 12: psyshock visited 61.65% avg_score=0.313 sample_chance_multiplier=0.062
INFO     Policy 13: psyshock visited 62.8% avg_score=0.307 sample_chance_multiplier=0.062
INFO     Policy 14: psyshock visited 61.49% avg_score=0.309 sample_chance_multiplier=0.062
INFO     Policy 15: psyshock visited 62.2% avg_score=0.308 sample_chance_multiplier=0.062
INFO     Considered Choices:
INFO     	63.884%: psyshock
INFO     Choice: psyshock
INFO     Updated ursaring's max speed to 177
INFO     lunala already has the move psyshock. Decrementing the PP by 1
INFO     lunala used a psychic move, removing psychicgem from possible items
INFO     Setting lunala's last used move: psyshock
INFO     lunala used a damaging move - not guessing lifeorb anymore
INFO     lunala did 51.0% damage to ursaring with psyshock
INFO     ursaring used a status-move. Adding `assaultvest` to impossible items
INFO     Setting ursaring's last used move: rest
INFO     Setting rest_turns to 3 for ursaring
INFO     ursaring got status: slp
INFO     No longer guessing lumberry because ursaring got status slp
INFO     Setting lunala's item to: leftovers
INFO     
INFO     Turn: 23
INFO     root priors (8): {'psyshock': 0.732, 'moongeistbeam': 0.258, 'switch barraskewda': 0.003, 'moonlight': 0.002}
INFO     Sampling battle 0
INFO     	       ursaring         guts     eviolite [bodyslam, rest, sleeptalk, throatchop] ttype=ghost
INFO     	         latias     levitate      souldew [calmmind, dracometeor, psyshock, recover] ttype=steel
INFO     	      serperior     contrary    leftovers [leafstorm, leechseed, substitute, terablast] ttype=fire
INFO     Sampling battle 1
INFO     	       ursaring         guts     eviolite [bodyslam, rest, sleeptalk, throatchop] ttype=ghost
INFO     	         latias     levitate      souldew [calmmind, dracometeor, psyshock, recover] ttype=steel
INFO     	      serperior     contrary    leftovers [dragonpulse, leafstorm, leechseed, substitute] ttype=grass
INFO     Sampling battle 2
INFO     	       ursaring         guts     eviolite [bodyslam, earthquake, rest, sleeptalk] ttype=ground
INFO     	         latias     levitate      souldew [calmmind, dracometeor, psyshock, recover] ttype=steel
INFO     	      serperior     contrary    leftovers [dragonpulse, leafstorm, leechseed, substitute] ttype=dragon
INFO     Sampling battle 3
INFO     	       ursaring         guts     eviolite [bodyslam, earthquake, rest, sleeptalk] ttype=ghost
INFO     	         latias     levitate      souldew [calmmind, dracometeor, psyshock, recover] ttype=steel
INFO     	      serperior     contrary    leftovers [leafstorm, leechseed, substitute, terablast] ttype=rock
INFO     Sampling battle 4
INFO     	       ursaring         guts     eviolite [bodyslam, earthquake, rest, sleeptalk] ttype=ground
INFO     	         latias     levitate      souldew [calmmind, dracometeor, psyshock, recover] ttype=steel
INFO     	      serperior     contrary    leftovers [leafstorm, leechseed, substitute, terablast] ttype=rock
INFO     Sampling battle 5
INFO     	       ursaring         guts     eviolite [bodyslam, earthquake, rest, sleeptalk] ttype=ground
INFO     	         latias     levitate      souldew [calmmind, dracometeor, psyshock, recover] ttype=steel
INFO     	      serperior     contrary    leftovers [dragonpulse, leafstorm, leechseed, substitute] ttype=water
INFO     Sampling battle 6
INFO     	       ursaring         guts     eviolite [bodyslam, rest, sleeptalk, throatchop] ttype=ghost
INFO     	         latias     levitate      souldew [calmmind, dracometeor, psyshock, recover] ttype=steel
INFO     	      serperior     contrary    leftovers [dragonpulse, leafstorm, leechseed, substitute] ttype=water
INFO     Sampling battle 7
INFO     	       ursaring         guts     eviolite [bodyslam, earthquake, rest, sleeptalk] ttype=ground
INFO     	         latias     levitate      souldew [calmmind, dracometeor, psyshock, recover] ttype=steel
INFO     	      serperior     contrary    leftovers [dragonpulse, leafstorm, leechseed, substitute] ttype=dragon
INFO     Sampling battle 8
INFO     	       ursaring         guts     eviolite [bodyslam, rest, sleeptalk, throatchop] ttype=ghost
INFO     	         latias     levitate      souldew [calmmind, dracometeor, psyshock, recover] ttype=steel
INFO     	      serperior     contrary    leftovers [leafstorm, leechseed, substitute, terablast] ttype=fire
INFO     Sampling battle 9
INFO     	       ursaring         guts     eviolite [bodyslam, earthquake, rest, sleeptalk] ttype=ghost
INFO     	         latias     levitate      souldew [calmmind, dracometeor, psyshock, recover] ttype=steel
INFO     	      serperior     contrary    leftovers [dragonpulse, leafstorm, leechseed, substitute] ttype=dragon
INFO     Sampling battle 10
INFO     	       ursaring         guts     eviolite [bodyslam, earthquake, rest, sleeptalk] ttype=ground
INFO     	         latias     levitate      souldew [calmmind, dracometeor, psyshock, recover] ttype=steel
INFO     	      serperior     contrary    leftovers [dragonpulse, leafstorm, leechseed, substitute] ttype=water
INFO     Sampling battle 11
INFO     	       ursaring         guts     eviolite [bodyslam, earthquake, rest, sleeptalk] ttype=ground
INFO     	         latias     levitate      souldew [calmmind, dracometeor, psyshock, recover] ttype=steel
INFO     	      serperior     contrary    leftovers [leafstorm, leechseed, substitute, terablast] ttype=fire
INFO     Sampling battle 12
INFO     	       ursaring         guts     eviolite [bodyslam, earthquake, rest, sleeptalk] ttype=ground
INFO     	         latias     levitate      souldew [calmmind, dracometeor, psyshock, recover] ttype=steel
INFO     	      serperior     contrary    leftovers [dragonpulse, leafstorm, leechseed, substitute] ttype=grass
INFO     Sampling battle 13
INFO     	       ursaring         guts     eviolite [bodyslam, earthquake, rest, sleeptalk] ttype=ground
INFO     	         latias     levitate      souldew [calmmind, dracometeor, psyshock, recover] ttype=steel
INFO     	      serperior     contrary    leftovers [dragonpulse, leafstorm, leechseed, substitute] ttype=dragon
INFO     Sampling battle 14
INFO     	       ursaring         guts     eviolite [bodyslam, rest, sleeptalk, throatchop] ttype=ghost
INFO     	         latias     levitate      souldew [calmmind, dracometeor, psyshock, recover] ttype=steel
INFO     	      serperior     contrary    leftovers [dragonpulse, leafstorm, leechseed, substitute] ttype=dragon
INFO     Sampling battle 15
INFO     	       ursaring         guts     eviolite [bodyslam, earthquake, rest, sleeptalk] ttype=ground
INFO     	         latias     levitate      souldew [calmmind, dracometeor, psyshock, recover] ttype=steel
INFO     	      serperior     contrary    leftovers [dragonpulse, leafstorm, leechseed, substitute] ttype=water
INFO     Searching for a move using MCTS...
INFO     Sampling 16 battles at 500ms each
INFO     Policy 0: psyshock visited 96.13% avg_score=0.385 sample_chance_multiplier=0.062
INFO     Policy 1: psyshock visited 96.86% avg_score=0.389 sample_chance_multiplier=0.062
INFO     Policy 2: psyshock visited 95.91% avg_score=0.32 sample_chance_multiplier=0.062
INFO     Policy 3: psyshock visited 94.18% avg_score=0.316 sample_chance_multiplier=0.062
INFO     Policy 4: psyshock visited 94.08% avg_score=0.319 sample_chance_multiplier=0.062
INFO     Policy 5: psyshock visited 94.33% avg_score=0.32 sample_chance_multiplier=0.062
INFO     Policy 6: psyshock visited 96.57% avg_score=0.388 sample_chance_multiplier=0.062
INFO     Policy 7: psyshock visited 95.48% avg_score=0.321 sample_chance_multiplier=0.062
INFO     Policy 8: psyshock visited 96.24% avg_score=0.382 sample_chance_multiplier=0.062
INFO     Policy 9: psyshock visited 95.12% avg_score=0.321 sample_chance_multiplier=0.062
INFO     Policy 10: psyshock visited 94.68% avg_score=0.32 sample_chance_multiplier=0.062
INFO     Policy 11: psyshock visited 94.61% avg_score=0.317 sample_chance_multiplier=0.062
INFO     Policy 12: psyshock visited 95.08% avg_score=0.321 sample_chance_multiplier=0.062
INFO     Policy 13: psyshock visited 95.59% avg_score=0.321 sample_chance_multiplier=0.062
INFO     Policy 14: psyshock visited 96.11% avg_score=0.387 sample_chance_multiplier=0.062
INFO     Policy 15: psyshock visited 94.62% avg_score=0.319 sample_chance_multiplier=0.062
INFO     Considered Choices:
INFO     	95.349%: psyshock
INFO     Choice: psyshock
INFO     lunala already has the move psyshock. Decrementing the PP by 1
INFO     lunala used a psychic move, removing psychicgem from possible items
INFO     Setting lunala's last used move: psyshock
INFO     lunala used a damaging move - not guessing lifeorb anymore
INFO     lunala did 54.0% damage to ursaring with psyshock
INFO     ursaring got 'cant' from sleep
INFO     Decrementing ursaring's rest_turns to 2
INFO     ursaring used two different moves - it cannot have a choice item
INFO     ursaring used a status-move. Adding `assaultvest` to impossible items
INFO     Setting ursaring's last used move: sleeptalk
INFO     Added unrevealed bodyslam to ursaring's moves because it was called by sleeptalk
INFO     ursaring did 66.56% damage to lunala with bodyslam
INFO     Setting lunala's item to: leftovers
INFO     ursaring has less than maxhp during upkeep, no longer guessing leftovers or blacksludge
INFO     
INFO     Turn: 24
INFO     root priors (8): {'psyshock': 0.626, 'moongeistbeam': 0.285, 'moonlight': 0.067, 'switch barraskewda': 0.007}
INFO     Sampling battle 0
INFO     	       ursaring         guts     eviolite [bodyslam, earthquake, rest, sleeptalk] ttype=ghost
INFO     	         latias     levitate      souldew [calmmind, dracometeor, psyshock, recover] ttype=steel
INFO     	      serperior     contrary    leftovers [dragonpulse, leafstorm, leechseed, substitute] ttype=dragon
INFO     Sampling battle 1
INFO     	       ursaring         guts     eviolite [bodyslam, earthquake, rest, sleeptalk] ttype=ground
INFO     	         latias     levitate      souldew [calmmind, dracometeor, psyshock, recover] ttype=steel
INFO     	      serperior     contrary    leftovers [leafstorm, leechseed, substitute, terablast] ttype=rock
INFO     Sampling battle 2
INFO     	       ursaring         guts     eviolite [bodyslam, earthquake, rest, sleeptalk] ttype=ground
INFO     	         latias     levitate      souldew [calmmind, dracometeor, psyshock, recover] ttype=steel
INFO     	      serperior     contrary    leftovers [dragonpulse, leafstorm, leechseed, substitute] ttype=grass
INFO     Sampling battle 3
INFO     	       ursaring         guts     eviolite [bodyslam, earthquake, rest, sleeptalk] ttype=ground
INFO     	         latias     levitate      souldew [calmmind, dracometeor, psyshock, recover] ttype=steel
INFO     	      serperior     contrary    leftovers [dragonpulse, leafstorm, leechseed, substitute] ttype=dragon
INFO     Sampling battle 4
INFO     	       ursaring         guts     eviolite [bodyslam, rest, sleeptalk, throatchop] ttype=ghost
INFO     	         latias     levitate      souldew [calmmind, dracometeor, psyshock, recover] ttype=steel
INFO     	      serperior     contrary    leftovers [leafstorm, leechseed, substitute, terablast] ttype=fire
INFO     Sampling battle 5
INFO     	       ursaring         guts     eviolite [bodyslam, rest, sleeptalk, throatchop] ttype=ghost
INFO     	         latias     levitate      souldew [calmmind, dracometeor, psyshock, recover] ttype=steel
INFO     	      serperior     contrary    leftovers [leafstorm, leechseed, substitute, terablast] ttype=rock
INFO     Sampling battle 6
INFO     	       ursaring         guts     eviolite [bodyslam, earthquake, rest, sleeptalk] ttype=ground
INFO     	         latias     levitate      souldew [calmmind, dracometeor, psyshock, recover] ttype=steel
INFO     	      serperior     contrary    leftovers [leafstorm, leechseed, substitute, terablast] ttype=rock
INFO     Sampling battle 7
INFO     	       ursaring         guts     eviolite [bodyslam, earthquake, rest, sleeptalk] ttype=ground
INFO     	         latias     levitate      souldew [calmmind, dracometeor, psyshock, recover] ttype=steel
INFO     	      serperior     contrary    leftovers [dragonpulse, leafstorm, leechseed, substitute] ttype=dragon
INFO     Sampling battle 8
INFO     	       ursaring         guts     eviolite [bodyslam, earthquake, rest, sleeptalk] ttype=ground
INFO     	         latias     levitate      souldew [calmmind, dracometeor, psyshock, recover] ttype=steel
INFO     	      serperior     contrary    leftovers [leafstorm, leechseed, substitute, terablast] ttype=fire
INFO     Sampling battle 9
INFO     	       ursaring         guts     eviolite [bodyslam, rest, sleeptalk, throatchop] ttype=ghost
INFO     	         latias     levitate      souldew [calmmind, dracometeor, psyshock, recover] ttype=steel
INFO     	      serperior     contrary    leftovers [leafstorm, leechseed, substitute, terablast] ttype=rock
INFO     Sampling battle 10
INFO     	       ursaring         guts     eviolite [bodyslam, earthquake, rest, sleeptalk] ttype=ghost
INFO     	         latias     levitate      souldew [calmmind, dracometeor, psyshock, recover] ttype=steel
INFO     	      serperior     contrary    leftovers [leafstorm, leechseed, substitute, terablast] ttype=rock
INFO     Sampling battle 11
INFO     	       ursaring         guts     eviolite [bodyslam, earthquake, rest, sleeptalk] ttype=ground
INFO     	         latias     levitate      souldew [calmmind, dracometeor, psyshock, recover] ttype=steel
INFO     	      serperior     contrary    leftovers [leafstorm, leechseed, substitute, terablast] ttype=fire
INFO     Sampling battle 12
INFO     	       ursaring         guts     eviolite [bodyslam, earthquake, rest, sleeptalk] ttype=ground
INFO     	         latias     levitate      souldew [calmmind, dracometeor, psyshock, recover] ttype=steel
INFO     	      serperior     contrary    leftovers [leafstorm, leechseed, substitute, terablast] ttype=fire
INFO     Sampling battle 13
INFO     	       ursaring         guts     eviolite [bodyslam, rest, sleeptalk, throatchop] ttype=ghost
INFO     	         latias     levitate      souldew [calmmind, dracometeor, psyshock, recover] ttype=steel
INFO     	      serperior     contrary    leftovers [dragonpulse, leafstorm, leechseed, substitute] ttype=water
INFO     Sampling battle 14
INFO     	       ursaring         guts     eviolite [bodyslam, earthquake, rest, sleeptalk] ttype=ground
INFO     	         latias     levitate      souldew [calmmind, dracometeor, psyshock, recover] ttype=steel
INFO     	      serperior     contrary    leftovers [leafstorm, leechseed, substitute, terablast] ttype=rock
INFO     Sampling battle 15
INFO     	       ursaring         guts     eviolite [bodyslam, earthquake, rest, sleeptalk] ttype=ghost
INFO     	         latias     levitate      souldew [calmmind, dracometeor, psyshock, recover] ttype=steel
INFO     	      serperior     contrary    leftovers [leafstorm, leechseed, substitute, terablast] ttype=fire
INFO     Searching for a move using MCTS...
INFO     Sampling 16 battles at 500ms each
INFO     Policy 0: psyshock visited 94.18% avg_score=0.32 sample_chance_multiplier=0.062
INFO     Policy 1: psyshock visited 94.09% avg_score=0.316 sample_chance_multiplier=0.062
INFO     Policy 2: psyshock visited 94.34% avg_score=0.322 sample_chance_multiplier=0.062
INFO     Policy 3: psyshock visited 94.35% avg_score=0.323 sample_chance_multiplier=0.062
INFO     Policy 4: psyshock visited 90.7% avg_score=0.312 sample_chance_multiplier=0.062
INFO     Policy 5: psyshock visited 89.42% avg_score=0.311 sample_chance_multiplier=0.062
INFO     Policy 6: psyshock visited 93.99% avg_score=0.316 sample_chance_multiplier=0.062
INFO     Policy 7: psyshock visited 94.63% avg_score=0.32 sample_chance_multiplier=0.062
INFO     Policy 8: psyshock visited 94.23% avg_score=0.316 sample_chance_multiplier=0.062
INFO     Policy 9: psyshock visited 89.41% avg_score=0.309 sample_chance_multiplier=0.062
INFO     Policy 10: psyshock visited 94.34% avg_score=0.315 sample_chance_multiplier=0.062
INFO     Policy 11: psyshock visited 94.17% avg_score=0.316 sample_chance_multiplier=0.062
INFO     Policy 12: psyshock visited 94.22% avg_score=0.315 sample_chance_multiplier=0.062
INFO     Policy 13: psyshock visited 89.87% avg_score=0.315 sample_chance_multiplier=0.062
INFO     Policy 14: psyshock visited 94.19% avg_score=0.316 sample_chance_multiplier=0.062
INFO     Policy 15: psyshock visited 94.32% avg_score=0.315 sample_chance_multiplier=0.062
INFO     Considered Choices:
INFO     	93.154%: psyshock
INFO     Choice: psyshock
INFO     Opponent has switched - clearing the last used move
INFO     lunala already has the move psyshock. Decrementing the PP by 1
INFO     lunala used a psychic move, removing psychicgem from possible items
INFO     Setting lunala's last used move: psyshock
INFO     lunala used a damaging move - not guessing lifeorb anymore
INFO     lunala did 40.0% damage to latias with psyshock
INFO     Setting lunala's item to: leftovers
INFO     latias has less than maxhp during upkeep, no longer guessing leftovers or blacksludge
INFO     root priors (4): {'switch barraskewda': 0.56, 'switch brutebonnet': 0.252, 'switch meloetta': 0.159, 'switch misdreavus': 0.028}
INFO     Sampling battle 0
INFO     	         latias     levitate      souldew [calmmind, dracometeor, psyshock, recover] ttype=steel
INFO     	      serperior     contrary    leftovers [dragonpulse, leafstorm, leechseed, substitute] ttype=dragon
INFO     	       ursaring         guts     eviolite [bodyslam, earthquake, rest, sleeptalk] ttype=ground
INFO     Sampling battle 1
INFO     	         latias     levitate      souldew [calmmind, dracometeor, psyshock, recover] ttype=steel
INFO     	      serperior     contrary    leftovers [dragonpulse, leafstorm, leechseed, substitute] ttype=dragon
INFO     	       ursaring         guts     eviolite [bodyslam, earthquake, rest, sleeptalk] ttype=ghost
INFO     Sampling battle 2
INFO     	         latias     levitate      souldew [calmmind, dracometeor, psyshock, recover] ttype=steel
INFO     	      serperior     contrary    leftovers [dragonpulse, leafstorm, leechseed, substitute] ttype=water
INFO     	       ursaring         guts     eviolite [bodyslam, earthquake, rest, sleeptalk] ttype=ghost
INFO     Sampling battle 3
INFO     	         latias     levitate      souldew [calmmind, dracometeor, psyshock, recover] ttype=steel
INFO     	      serperior     contrary    leftovers [dragonpulse, leafstorm, leechseed, substitute] ttype=dragon
INFO     	       ursaring         guts     eviolite [bodyslam, earthquake, rest, sleeptalk] ttype=ground
INFO     Sampling battle 4
INFO     	         latias     levitate      souldew [calmmind, dracometeor, psyshock, recover] ttype=steel
INFO     	      serperior     contrary    leftovers [dragonpulse, leafstorm, leechseed, substitute] ttype=dragon
INFO     	       ursaring         guts     eviolite [bodyslam, earthquake, rest, sleeptalk] ttype=ghost
INFO     Sampling battle 5
INFO     	         latias     levitate      souldew [calmmind, dracometeor, psyshock, recover] ttype=steel
INFO     	      serperior     contrary    leftovers [dragonpulse, leafstorm, leechseed, substitute] ttype=dragon
INFO     	       ursaring         guts     eviolite [bodyslam, earthquake, rest, sleeptalk] ttype=ground
INFO     Sampling battle 6
INFO     	         latias     levitate      souldew [calmmind, dracometeor, psyshock, recover] ttype=steel
INFO     	      serperior     contrary    leftovers [leafstorm, leechseed, substitute, terablast] ttype=fire
INFO     	       ursaring         guts     eviolite [bodyslam, earthquake, rest, sleeptalk] ttype=ground
INFO     Sampling battle 7
INFO     	         latias     levitate      souldew [calmmind, dracometeor, psyshock, recover] ttype=steel
INFO     	      serperior     contrary    leftovers [leafstorm, leechseed, substitute, terablast] ttype=rock
INFO     	       ursaring         guts     eviolite [bodyslam, earthquake, rest, sleeptalk] ttype=ground
INFO     Sampling battle 8
INFO     	         latias     levitate      souldew [calmmind, dracometeor, psyshock, recover] ttype=steel
INFO     	      serperior     contrary    leftovers [dragonpulse, leafstorm, leechseed, substitute] ttype=water
INFO     	       ursaring         guts     eviolite [bodyslam, earthquake, rest, sleeptalk] ttype=ghost
INFO     Sampling battle 9
INFO     	         latias     levitate      souldew [calmmind, dracometeor, psyshock, recover] ttype=steel
INFO     	      serperior     contrary    leftovers [leafstorm, leechseed, substitute, terablast] ttype=fire
INFO     	       ursaring         guts     eviolite [bodyslam, earthquake, rest, sleeptalk] ttype=ground
INFO     Sampling battle 10
INFO     	         latias     levitate      souldew [calmmind, dracometeor, psyshock, recover] ttype=steel
INFO     	      serperior     contrary    leftovers [dragonpulse, leafstorm, leechseed, substitute] ttype=water
INFO     	       ursaring         guts     eviolite [bodyslam, rest, sleeptalk, throatchop] ttype=ghost
INFO     Sampling battle 11
INFO     	         latias     levitate      souldew [calmmind, dracometeor, psyshock, recover] ttype=steel
INFO     	      serperior     contrary    leftovers [dragonpulse, leafstorm, leechseed, substitute] ttype=grass
INFO     	       ursaring         guts     eviolite [bodyslam, earthquake, rest, sleeptalk] ttype=ground
INFO     Sampling battle 12
INFO     	         latias     levitate      souldew [calmmind, dracometeor, psyshock, recover] ttype=steel
INFO     	      serperior     contrary    leftovers [leafstorm, leechseed, substitute, terablast] ttype=fire
INFO     	       ursaring         guts     eviolite [bodyslam, earthquake, rest, sleeptalk] ttype=ghost
INFO     Sampling battle 13
INFO     	         latias     levitate      souldew [calmmind, dracometeor, psyshock, recover] ttype=steel
INFO     	      serperior     contrary    leftovers [leafstorm, leechseed, substitute, terablast] ttype=rock
INFO     	       ursaring         guts     eviolite [bodyslam, rest, sleeptalk, throatchop] ttype=ghost
INFO     Sampling battle 14
INFO     	         latias     levitate      souldew [calmmind, dracometeor, psyshock, recover] ttype=steel
INFO     	      serperior     contrary    leftovers [leafstorm, leechseed, substitute, terablast] ttype=rock
INFO     	       ursaring         guts     eviolite [bodyslam, earthquake, rest, sleeptalk] ttype=ground
INFO     Sampling battle 15
INFO     	         latias     levitate      souldew [calmmind, dracometeor, psyshock, recover] ttype=steel
INFO     	      serperior     contrary    leftovers [dragonpulse, leafstorm, leechseed, substitute] ttype=grass
INFO     	       ursaring         guts     eviolite [bodyslam, rest, sleeptalk, throatchop] ttype=ghost
INFO     Searching for a move using MCTS...
INFO     Sampling 16 battles at 500ms each
INFO     Policy 0: switch barraskewda visited 85.15% avg_score=0.6 sample_chance_multiplier=0.062
INFO     Policy 1: switch barraskewda visited 85.09% avg_score=0.601 sample_chance_multiplier=0.062
INFO     Policy 2: switch barraskewda visited 86.15% avg_score=0.603 sample_chance_multiplier=0.062
INFO     Policy 3: switch barraskewda visited 81.0% avg_score=0.6 sample_chance_multiplier=0.062
INFO     Policy 4: switch barraskewda visited 85.44% avg_score=0.599 sample_chance_multiplier=0.062
INFO     Policy 5: switch barraskewda visited 81.65% avg_score=0.599 sample_chance_multiplier=0.062
INFO     Policy 6: switch barraskewda visited 88.2% avg_score=0.595 sample_chance_multiplier=0.062
INFO     Policy 7: switch barraskewda visited 85.47% avg_score=0.594 sample_chance_multiplier=0.062
INFO     Policy 8: switch barraskewda visited 81.32% avg_score=0.595 sample_chance_multiplier=0.062
INFO     Policy 9: switch barraskewda visited 85.48% avg_score=0.587 sample_chance_multiplier=0.062
INFO     Policy 10: switch brutebonnet visited 81.52% avg_score=0.588 sample_chance_multiplier=0.062
INFO     Policy 11: switch barraskewda visited 80.75% avg_score=0.597 sample_chance_multiplier=0.062
INFO     Policy 12: switch barraskewda visited 85.82% avg_score=0.588 sample_chance_multiplier=0.062
INFO     Policy 13: switch brutebonnet visited 77.83% avg_score=0.578 sample_chance_multiplier=0.062
INFO     Policy 14: switch barraskewda visited 84.26% avg_score=0.59 sample_chance_multiplier=0.062
INFO     Policy 15: switch brutebonnet visited 78.6% avg_score=0.573 sample_chance_multiplier=0.062
INFO     Considered Choices:
INFO     	71.724%: switch barraskewda
INFO     Choice: switch barraskewda
INFO     
INFO     Turn: 25
INFO     root priors (7): {'poisonjab': 0.675, 'waterfall': 0.281, 'closecombat': 0.038, 'flipturn': 0.003}
INFO     Sampling battle 0
INFO     	         latias     levitate      souldew [calmmind, dracometeor, psyshock, recover] ttype=steel
INFO     	      serperior     contrary    leftovers [dragonpulse, leafstorm, leechseed, substitute] ttype=grass
INFO     	       ursaring         guts     eviolite [bodyslam, rest, sleeptalk, throatchop] ttype=ghost
INFO     Sampling battle 1
INFO     	         latias     levitate      souldew [calmmind, dracometeor, psyshock, recover] ttype=steel
INFO     	      serperior     contrary    leftovers [leafstorm, leechseed, substitute, terablast] ttype=rock
INFO     	       ursaring         guts     eviolite [bodyslam, earthquake, rest, sleeptalk] ttype=ground
INFO     Sampling battle 2
INFO     	         latias     levitate      souldew [calmmind, dracometeor, psyshock, recover] ttype=steel
INFO     	      serperior     contrary    leftovers [leafstorm, leechseed, substitute, terablast] ttype=rock
INFO     	       ursaring         guts     eviolite [bodyslam, earthquake, rest, sleeptalk] ttype=ground
INFO     Sampling battle 3
INFO     	         latias     levitate      souldew [calmmind, dracometeor, psyshock, recover] ttype=steel
INFO     	      serperior     contrary    leftovers [dragonpulse, leafstorm, leechseed, substitute] ttype=grass
INFO     	       ursaring         guts     eviolite [bodyslam, earthquake, rest, sleeptalk] ttype=ground
INFO     Sampling battle 4
INFO     	         latias     levitate      souldew [calmmind, dracometeor, psyshock, recover] ttype=steel
INFO     	      serperior     contrary    leftovers [dragonpulse, leafstorm, leechseed, substitute] ttype=dragon
INFO     	       ursaring         guts     eviolite [bodyslam, earthquake, rest, sleeptalk] ttype=ghost
INFO     Sampling battle 5
INFO     	         latias     levitate      souldew [calmmind, dracometeor, psyshock, recover] ttype=steel
INFO     	      serperior     contrary    leftovers [leafstorm, leechseed, substitute, terablast] ttype=fire
INFO     	       ursaring         guts     eviolite [bodyslam, earthquake, rest, sleeptalk] ttype=ground
INFO     Sampling battle 6
INFO     	         latias     levitate      souldew [calmmind, dracometeor, psyshock, recover] ttype=steel
INFO     	      serperior     contrary    leftovers [dragonpulse, leafstorm, leechseed, substitute] ttype=dragon
INFO     	       ursaring         guts     eviolite [bodyslam, earthquake, rest, sleeptalk] ttype=ground
INFO     Sampling battle 7
INFO     	         latias     levitate      souldew [calmmind, dracometeor, psyshock, recover] ttype=steel
INFO     	      serperior     contrary    leftovers [dragonpulse, leafstorm, leechseed, substitute] ttype=dragon
INFO     	       ursaring         guts     eviolite [bodyslam, earthquake, rest, sleeptalk] ttype=ground
INFO     Sampling battle 8
INFO     	         latias     levitate      souldew [calmmind, dracometeor, psyshock, recover] ttype=steel
INFO     	      serperior     contrary    leftovers [leafstorm, leechseed, substitute, terablast] ttype=fire
INFO     	       ursaring         guts     eviolite [bodyslam, earthquake, rest, sleeptalk] ttype=ghost
INFO     Sampling battle 9
INFO     	         latias     levitate      souldew [calmmind, dracometeor, psyshock, recover] ttype=steel
INFO     	      serperior     contrary    leftovers [dragonpulse, leafstorm, leechseed, substitute] ttype=dragon
INFO     	       ursaring         guts     eviolite [bodyslam, earthquake, rest, sleeptalk] ttype=ground
INFO     Sampling battle 10
INFO     	         latias     levitate      souldew [calmmind, dracometeor, psyshock, recover] ttype=steel
INFO     	      serperior     contrary    leftovers [dragonpulse, leafstorm, leechseed, substitute] ttype=water
INFO     	       ursaring         guts     eviolite [bodyslam, rest, sleeptalk, throatchop] ttype=ghost
INFO     Sampling battle 11
INFO     	         latias     levitate      souldew [calmmind, dracometeor, psyshock, recover] ttype=steel
INFO     	      serperior     contrary    leftovers [dragonpulse, leafstorm, leechseed, substitute] ttype=water
INFO     	       ursaring         guts     eviolite [bodyslam, earthquake, rest, sleeptalk] ttype=ground
INFO     Sampling battle 12
INFO     	         latias     levitate      souldew [calmmind, dracometeor, psyshock, recover] ttype=steel
INFO     	      serperior     contrary    leftovers [dragonpulse, leafstorm, leechseed, substitute] ttype=grass
INFO     	       ursaring         guts     eviolite [bodyslam, earthquake, rest, sleeptalk] ttype=ghost
INFO     Sampling battle 13
INFO     	         latias     levitate      souldew [calmmind, dracometeor, psyshock, recover] ttype=steel
INFO     	      serperior     contrary    leftovers [dragonpulse, leafstorm, leechseed, substitute] ttype=dragon
INFO     	       ursaring         guts     eviolite [bodyslam, earthquake, rest, sleeptalk] ttype=ground
INFO     Sampling battle 14
INFO     	         latias     levitate      souldew [calmmind, dracometeor, psyshock, recover] ttype=steel
INFO     	      serperior     contrary    leftovers [leafstorm, leechseed, substitute, terablast] ttype=fire
INFO     	       ursaring         guts     eviolite [bodyslam, earthquake, rest, sleeptalk] ttype=ground
INFO     Sampling battle 15
INFO     	         latias     levitate      souldew [calmmind, dracometeor, psyshock, recover] ttype=steel
INFO     	      serperior     contrary    leftovers [dragonpulse, leafstorm, leechseed, substitute] ttype=grass
INFO     	       ursaring         guts     eviolite [bodyslam, rest, sleeptalk, throatchop] ttype=ghost
INFO     Searching for a move using MCTS...
INFO     Sampling 16 battles at 500ms each
INFO     Policy 0: poisonjab visited 92.22% avg_score=0.574 sample_chance_multiplier=0.062
INFO     Policy 1: poisonjab visited 93.11% avg_score=0.608 sample_chance_multiplier=0.062
INFO     Policy 2: poisonjab visited 93.6% avg_score=0.608 sample_chance_multiplier=0.062
INFO     Policy 3: poisonjab visited 94.09% avg_score=0.614 sample_chance_multiplier=0.062
INFO     Policy 4: poisonjab visited 93.53% avg_score=0.614 sample_chance_multiplier=0.062
INFO     Policy 5: poisonjab visited 94.27% avg_score=0.609 sample_chance_multiplier=0.062
INFO     Policy 6: poisonjab visited 93.69% avg_score=0.613 sample_chance_multiplier=0.062
INFO     Policy 7: poisonjab visited 93.7% avg_score=0.612 sample_chance_multiplier=0.062
INFO     Policy 8: poisonjab visited 93.37% avg_score=0.606 sample_chance_multiplier=0.062
INFO     Policy 9: poisonjab visited 93.07% avg_score=0.613 sample_chance_multiplier=0.062
INFO     Policy 10: poisonjab visited 91.33% avg_score=0.57 sample_chance_multiplier=0.062
INFO     Policy 11: poisonjab visited 93.63% avg_score=0.614 sample_chance_multiplier=0.062
INFO     Policy 12: poisonjab visited 93.68% avg_score=0.613 sample_chance_multiplier=0.062
INFO     Policy 13: poisonjab visited 93.14% avg_score=0.613 sample_chance_multiplier=0.062
INFO     Policy 14: poisonjab visited 92.9% avg_score=0.606 sample_chance_multiplier=0.062
INFO     Policy 15: poisonjab visited 90.19% avg_score=0.569 sample_chance_multiplier=0.062
INFO     Considered Choices:
INFO     	93.094%: poisonjab
INFO     Choice: poisonjab
INFO     Opponent has switched - clearing the last used move
INFO     barraskewda already has the move poisonjab. Decrementing the PP by 1
INFO     barraskewda used a poison move, removing poisongem from possible items
INFO     Setting barraskewda's last used move: poisonjab
INFO     barraskewda used a damaging move - not guessing lifeorb anymore
INFO     barraskewda did 24.0% damage to ursaring with poisonjab
INFO     ursaring has less than maxhp during upkeep, no longer guessing leftovers or blacksludge
INFO     
INFO     Turn: 26
INFO     root priors (4): {'switch meloetta': 0.379, 'poisonjab': 0.239, 'switch brutebonnet': 0.204, 'switch misdreavus': 0.177}
INFO     Sampling battle 0
INFO     	       ursaring         guts     eviolite [bodyslam, earthquake, rest, sleeptalk] ttype=ground
INFO     	      serperior     contrary    leftovers [leafstorm, leechseed, substitute, terablast] ttype=rock
INFO     	         latias     levitate      souldew [calmmind, dracometeor, psyshock, recover] ttype=steel
INFO     Sampling battle 1
INFO     	       ursaring         guts     eviolite [bodyslam, rest, sleeptalk, throatchop] ttype=ghost
INFO     	      serperior     contrary    leftovers [dragonpulse, leafstorm, leechseed, substitute] ttype=dragon
INFO     	         latias     levitate      souldew [calmmind, dracometeor, psyshock, recover] ttype=steel
INFO     Sampling battle 2
INFO     	       ursaring         guts     eviolite [bodyslam, earthquake, rest, sleeptalk] ttype=ground
INFO     	      serperior     contrary    leftovers [dragonpulse, leafstorm, leechseed, substitute] ttype=dragon
INFO     	         latias     levitate      souldew [calmmind, dracometeor, psyshock, recover] ttype=steel
INFO     Sampling battle 3
INFO     	       ursaring         guts     eviolite [bodyslam, rest, sleeptalk, throatchop] ttype=ghost
INFO     	      serperior     contrary    leftovers [dragonpulse, leafstorm, leechseed, substitute] ttype=water
INFO     	         latias     levitate      souldew [calmmind, dracometeor, psyshock, recover] ttype=steel
INFO     Sampling battle 4
INFO     	       ursaring         guts     eviolite [bodyslam, earthquake, rest, sleeptalk] ttype=ground
INFO     	      serperior     contrary    leftovers [dragonpulse, leafstorm, leechseed, substitute] ttype=water
INFO     	         latias     levitate      souldew [calmmind, dracometeor, psyshock, recover] ttype=steel
INFO     Sampling battle 5
INFO     	       ursaring         guts     eviolite [bodyslam, earthquake, rest, sleeptalk] ttype=ground
INFO     	      serperior     contrary    leftovers [leafstorm, leechseed, substitute, terablast] ttype=fire
INFO     	         latias     levitate      souldew [calmmind, dracometeor, psyshock, recover] ttype=steel
INFO     Sampling battle 6
INFO     	       ursaring         guts     eviolite [bodyslam, rest, sleeptalk, throatchop] ttype=ghost
INFO     	      serperior     contrary    leftovers [dragonpulse, leafstorm, leechseed, substitute] ttype=dragon
INFO     	         latias     levitate      souldew [calmmind, dracometeor, psyshock, recover] ttype=steel
INFO     Sampling battle 7
INFO     	       ursaring         guts     eviolite [bodyslam, earthquake, rest, sleeptalk] ttype=ground
INFO     	      serperior     contrary    leftovers [leafstorm, leechseed, substitute, terablast] ttype=rock
INFO     	         latias     levitate      souldew [calmmind, dracometeor, psyshock, recover] ttype=steel
INFO     Sampling battle 8
INFO     	       ursaring         guts     eviolite [bodyslam, earthquake, rest, sleeptalk] ttype=ground
INFO     	      serperior     contrary    leftovers [leafstorm, leechseed, substitute, terablast] ttype=rock
INFO     	         latias     levitate      souldew [calmmind, dracometeor, psyshock, recover] ttype=steel
INFO     Sampling battle 9
INFO     	       ursaring         guts     eviolite [bodyslam, earthquake, rest, sleeptalk] ttype=ghost
INFO     	      serperior     contrary    leftovers [dragonpulse, leafstorm, leechseed, substitute] ttype=water
INFO     	         latias     levitate      souldew [calmmind, dracometeor, psyshock, recover] ttype=steel
INFO     Sampling battle 10
INFO     	       ursaring         guts     eviolite [bodyslam, earthquake, rest, sleeptalk] ttype=ground
INFO     	      serperior     contrary    leftovers [leafstorm, leechseed, substitute, terablast] ttype=rock
INFO     	         latias     levitate      souldew [calmmind, dracometeor, psyshock, recover] ttype=steel
INFO     Sampling battle 11
INFO     	       ursaring         guts     eviolite [bodyslam, rest, sleeptalk, throatchop] ttype=ghost
INFO     	      serperior     contrary    leftovers [dragonpulse, leafstorm, leechseed, substitute] ttype=water
INFO     	         latias     levitate      souldew [calmmind, dracometeor, psyshock, recover] ttype=steel
INFO     Sampling battle 12
INFO     	       ursaring         guts     eviolite [bodyslam, earthquake, rest, sleeptalk] ttype=ghost
INFO     	      serperior     contrary    leftovers [dragonpulse, leafstorm, leechseed, substitute] ttype=grass
INFO     	         latias     levitate      souldew [calmmind, dracometeor, psyshock, recover] ttype=steel
INFO     Sampling battle 13
INFO     	       ursaring         guts     eviolite [bodyslam, earthquake, rest, sleeptalk] ttype=ground
INFO     	      serperior     contrary    leftovers [dragonpulse, leafstorm, leechseed, substitute] ttype=grass
INFO     	         latias     levitate      souldew [calmmind, dracometeor, psyshock, recover] ttype=steel
INFO     Sampling battle 14
INFO     	       ursaring         guts     eviolite [bodyslam, earthquake, rest, sleeptalk] ttype=ground
INFO     	      serperior     contrary    leftovers [dragonpulse, leafstorm, leechseed, substitute] ttype=dragon
INFO     	         latias     levitate      souldew [calmmind, dracometeor, psyshock, recover] ttype=steel
INFO     Sampling battle 15
INFO     	       ursaring         guts     eviolite [bodyslam, earthquake, rest, sleeptalk] ttype=ground
INFO     	      serperior     contrary    leftovers [leafstorm, leechseed, substitute, terablast] ttype=fire
INFO     	         latias     levitate      souldew [calmmind, dracometeor, psyshock, recover] ttype=steel
INFO     Searching for a move using MCTS...
INFO     Sampling 16 battles at 500ms each
INFO     Policy 0: poisonjab visited 98.61% avg_score=0.734 sample_chance_multiplier=0.062
INFO     Policy 1: poisonjab visited 98.74% avg_score=0.739 sample_chance_multiplier=0.062
INFO     Policy 2: poisonjab visited 98.56% avg_score=0.74 sample_chance_multiplier=0.062
INFO     Policy 3: poisonjab visited 98.68% avg_score=0.731 sample_chance_multiplier=0.062
INFO     Policy 4: poisonjab visited 98.52% avg_score=0.737 sample_chance_multiplier=0.062
INFO     Policy 5: poisonjab visited 98.62% avg_score=0.738 sample_chance_multiplier=0.062
INFO     Policy 6: poisonjab visited 98.74% avg_score=0.737 sample_chance_multiplier=0.062
INFO     Policy 7: poisonjab visited 98.62% avg_score=0.736 sample_chance_multiplier=0.062
INFO     Policy 8: poisonjab visited 98.26% avg_score=0.713 sample_chance_multiplier=0.062
INFO     Policy 9: poisonjab visited 98.27% avg_score=0.716 sample_chance_multiplier=0.062
INFO     Policy 10: poisonjab visited 98.31% avg_score=0.714 sample_chance_multiplier=0.062
INFO     Policy 11: poisonjab visited 98.47% avg_score=0.715 sample_chance_multiplier=0.062
INFO     Policy 12: poisonjab visited 98.34% avg_score=0.723 sample_chance_multiplier=0.062
INFO     Policy 13: poisonjab visited 98.25% avg_score=0.718 sample_chance_multiplier=0.062
INFO     Policy 14: poisonjab visited 98.23% avg_score=0.716 sample_chance_multiplier=0.062
INFO     Policy 15: poisonjab visited 98.35% avg_score=0.718 sample_chance_multiplier=0.062
INFO     Considered Choices:
INFO     	98.474%: poisonjab
INFO     Choice: poisonjab
INFO     barraskewda already has the move poisonjab. Decrementing the PP by 1
INFO     barraskewda used a poison move, removing poisongem from possible items
INFO     Setting barraskewda's last used move: poisonjab
INFO     barraskewda used a damaging move - not guessing lifeorb anymore
INFO     barraskewda did 24.0% damage to ursaring with poisonjab
INFO     ursaring got 'cant' from sleep
INFO     Decrementing ursaring's rest_turns to 1
INFO     ursaring already has the move sleeptalk. Decrementing the PP by 1
INFO     ursaring used two different moves - it cannot have a choice item
INFO     ursaring used a status-move. Adding `assaultvest` to impossible items
INFO     Setting ursaring's last used move: sleeptalk
INFO     Added unrevealed earthquake to ursaring's moves because it was called by sleeptalk
INFO     ursaring did 82.25% damage to barraskewda with earthquake
INFO     ursaring has less than maxhp during upkeep, no longer guessing leftovers or blacksludge
INFO     
INFO     Turn: 27
INFO     root priors (4): {'poisonjab': 0.986, 'switch brutebonnet': 0.006, 'switch meloetta': 0.005, 'switch misdreavus': 0.003}
INFO     opp priors (10): {'rest': 0.318, 'bodyslam': 0.305, 'sleeptalk': 0.128, 'rest-tera': 0.098}
INFO     Sampling battle 0
INFO     	       ursaring         guts     eviolite [bodyslam, earthquake, rest, sleeptalk] ttype=ground
INFO     	      serperior     contrary    leftovers [dragonpulse, leafstorm, leechseed, substitute] ttype=dragon
INFO     	         latias     levitate      souldew [calmmind, dracometeor, psyshock, recover] ttype=steel
INFO     Sampling battle 1
INFO     	       ursaring         guts     eviolite [bodyslam, earthquake, rest, sleeptalk] ttype=ground
INFO     	      serperior     contrary    leftovers [dragonpulse, leafstorm, leechseed, substitute] ttype=water
INFO     	         latias     levitate      souldew [calmmind, dracometeor, psyshock, recover] ttype=steel
INFO     Sampling battle 2
INFO     	       ursaring         guts     eviolite [bodyslam, earthquake, rest, sleeptalk] ttype=ghost
INFO     	      serperior     contrary    leftovers [leafstorm, leechseed, substitute, terablast] ttype=rock
INFO     	         latias     levitate      souldew [calmmind, dracometeor, psyshock, recover] ttype=steel
INFO     Sampling battle 3
INFO     	       ursaring         guts     eviolite [bodyslam, earthquake, rest, sleeptalk] ttype=ghost
INFO     	      serperior     contrary    leftovers [dragonpulse, leafstorm, leechseed, substitute] ttype=dragon
INFO     	         latias     levitate      souldew [calmmind, dracometeor, psyshock, recover] ttype=steel
INFO     Sampling battle 4
INFO     	       ursaring         guts     eviolite [bodyslam, earthquake, rest, sleeptalk] ttype=ground
INFO     	      serperior     contrary    leftovers [leafstorm, leechseed, substitute, terablast] ttype=rock
INFO     	         latias     levitate      souldew [calmmind, dracometeor, psyshock, recover] ttype=steel
INFO     Sampling battle 5
INFO     	       ursaring         guts     eviolite [bodyslam, earthquake, rest, sleeptalk] ttype=ground
INFO     	      serperior     contrary    leftovers [dragonpulse, leafstorm, leechseed, substitute] ttype=water
INFO     	         latias     levitate      souldew [calmmind, dracometeor, psyshock, recover] ttype=steel
INFO     Sampling battle 6
INFO     	       ursaring         guts     eviolite [bodyslam, earthquake, rest, sleeptalk] ttype=ghost
INFO     	      serperior     contrary    leftovers [leafstorm, leechseed, substitute, terablast] ttype=rock
INFO     	         latias     levitate      souldew [calmmind, dracometeor, psyshock, recover] ttype=steel
INFO     Sampling battle 7
INFO     	       ursaring         guts     eviolite [bodyslam, earthquake, rest, sleeptalk] ttype=ghost
INFO     	      serperior     contrary    leftovers [dragonpulse, leafstorm, leechseed, substitute] ttype=water
INFO     	         latias     levitate      souldew [calmmind, dracometeor, psyshock, recover] ttype=steel
INFO     Sampling battle 8
INFO     	       ursaring         guts     eviolite [bodyslam, earthquake, rest, sleeptalk] ttype=ghost
INFO     	      serperior     contrary    leftovers [dragonpulse, leafstorm, leechseed, substitute] ttype=water
INFO     	         latias     levitate      souldew [calmmind, dracometeor, psyshock, recover] ttype=steel
INFO     Sampling battle 9
INFO     	       ursaring         guts     eviolite [bodyslam, earthquake, rest, sleeptalk] ttype=ground
INFO     	      serperior     contrary    leftovers [leafstorm, leechseed, substitute, terablast] ttype=rock
INFO     	         latias     levitate      souldew [calmmind, dracometeor, psyshock, recover] ttype=steel
INFO     Sampling battle 10
INFO     	       ursaring         guts     eviolite [bodyslam, earthquake, rest, sleeptalk] ttype=ghost
INFO     	      serperior     contrary    leftovers [leafstorm, leechseed, substitute, terablast] ttype=fire
INFO     	         latias     levitate      souldew [calmmind, dracometeor, psyshock, recover] ttype=steel
INFO     Sampling battle 11
INFO     	       ursaring         guts     eviolite [bodyslam, earthquake, rest, sleeptalk] ttype=ground
INFO     	      serperior     contrary    leftovers [dragonpulse, leafstorm, leechseed, substitute] ttype=water
INFO     	         latias     levitate      souldew [calmmind, dracometeor, psyshock, recover] ttype=steel
INFO     Sampling battle 12
INFO     	       ursaring         guts     eviolite [bodyslam, earthquake, rest, sleeptalk] ttype=ghost
INFO     	      serperior     contrary    leftovers [leafstorm, leechseed, substitute, terablast] ttype=fire
INFO     	         latias     levitate      souldew [calmmind, dracometeor, psyshock, recover] ttype=steel
INFO     Sampling battle 13
INFO     	       ursaring         guts     eviolite [bodyslam, earthquake, rest, sleeptalk] ttype=ghost
INFO     	      serperior     contrary    leftovers [dragonpulse, leafstorm, leechseed, substitute] ttype=water
INFO     	         latias     levitate      souldew [calmmind, dracometeor, psyshock, recover] ttype=steel
INFO     Sampling battle 14
INFO     	       ursaring         guts     eviolite [bodyslam, earthquake, rest, sleeptalk] ttype=ground
INFO     	      serperior     contrary    leftovers [leafstorm, leechseed, substitute, terablast] ttype=rock
INFO     	         latias     levitate      souldew [calmmind, dracometeor, psyshock, recover] ttype=steel
INFO     Sampling battle 15
INFO     	       ursaring         guts     eviolite [bodyslam, earthquake, rest, sleeptalk] ttype=ground
INFO     	      serperior     contrary    leftovers [dragonpulse, leafstorm, leechseed, substitute] ttype=water
INFO     	         latias     levitate      souldew [calmmind, dracometeor, psyshock, recover] ttype=steel
INFO     Searching for a move using MCTS...
INFO     Sampling 16 battles at 500ms each
INFO     Policy 0: poisonjab visited 99.99% avg_score=0.968 sample_chance_multiplier=0.062
INFO     Policy 1: poisonjab visited 99.99% avg_score=0.969 sample_chance_multiplier=0.062
INFO     Policy 2: poisonjab visited 99.99% avg_score=0.968 sample_chance_multiplier=0.062
INFO     Policy 3: poisonjab visited 99.99% avg_score=0.968 sample_chance_multiplier=0.062
INFO     Policy 4: poisonjab visited 99.99% avg_score=0.969 sample_chance_multiplier=0.062
INFO     Policy 5: poisonjab visited 99.99% avg_score=0.968 sample_chance_multiplier=0.062
INFO     Policy 6: poisonjab visited 99.99% avg_score=0.968 sample_chance_multiplier=0.062
INFO     Policy 7: poisonjab visited 99.99% avg_score=0.967 sample_chance_multiplier=0.062
INFO     Policy 8: poisonjab visited 99.99% avg_score=0.968 sample_chance_multiplier=0.062
INFO     Policy 9: poisonjab visited 99.99% avg_score=0.97 sample_chance_multiplier=0.062
INFO     Policy 10: poisonjab visited 99.99% avg_score=0.97 sample_chance_multiplier=0.062
INFO     Policy 11: poisonjab visited 99.99% avg_score=0.969 sample_chance_multiplier=0.062
INFO     Policy 12: poisonjab visited 99.99% avg_score=0.97 sample_chance_multiplier=0.062
INFO     Policy 13: poisonjab visited 99.99% avg_score=0.969 sample_chance_multiplier=0.062
INFO     Policy 14: poisonjab visited 99.99% avg_score=0.969 sample_chance_multiplier=0.062
INFO     Policy 15: poisonjab visited 99.99% avg_score=0.97 sample_chance_multiplier=0.062
INFO     Considered Choices:
INFO     	99.991%: poisonjab
INFO     Choice: poisonjab
INFO     Opponent has switched - clearing the last used move
INFO     barraskewda already has the move poisonjab. Decrementing the PP by 1
INFO     barraskewda used a poison move, removing poisongem from possible items
INFO     Setting barraskewda's last used move: poisonjab
INFO     barraskewda used a damaging move - not guessing lifeorb anymore
INFO     barraskewda did 35.0% damage to serperior with poisonjab
INFO     serperior has less than maxhp during upkeep, no longer guessing leftovers or blacksludge
INFO     Opponent has switched - clearing the last used move
INFO     
INFO     Turn: 28
INFO     root priors (4): {'poisonjab': 0.843, 'switch meloetta': 0.082, 'switch brutebonnet': 0.059, 'switch misdreavus': 0.015}
INFO     Sampling battle 0
INFO     	         latias     levitate      souldew [calmmind, dracometeor, psyshock, recover] ttype=steel
INFO     	       ursaring         guts     eviolite [bodyslam, earthquake, rest, sleeptalk] ttype=ground
INFO     Sampling battle 1
INFO     	         latias     levitate      souldew [calmmind, dracometeor, psyshock, recover] ttype=steel
INFO     	       ursaring         guts     eviolite [bodyslam, earthquake, rest, sleeptalk] ttype=ground
INFO     Sampling battle 2
INFO     	         latias     levitate      souldew [calmmind, dracometeor, psyshock, recover] ttype=steel
INFO     	       ursaring         guts     eviolite [bodyslam, earthquake, rest, sleeptalk] ttype=ground
INFO     Sampling battle 3
INFO     	         latias     levitate      souldew [calmmind, dracometeor, psyshock, recover] ttype=steel
INFO     	       ursaring         guts     eviolite [bodyslam, earthquake, rest, sleeptalk] ttype=ground
INFO     Sampling battle 4
INFO     	         latias     levitate      souldew [calmmind, dracometeor, psyshock, recover] ttype=steel
INFO     	       ursaring         guts     eviolite [bodyslam, earthquake, rest, sleeptalk] ttype=ghost
INFO     Sampling battle 5
INFO     	         latias     levitate      souldew [calmmind, dracometeor, psyshock, recover] ttype=steel
INFO     	       ursaring         guts     eviolite [bodyslam, earthquake, rest, sleeptalk] ttype=ghost
INFO     Sampling battle 6
INFO     	         latias     levitate      souldew [calmmind, dracometeor, psyshock, recover] ttype=steel
INFO     	       ursaring         guts     eviolite [bodyslam, earthquake, rest, sleeptalk] ttype=ghost
INFO     Sampling battle 7
INFO     	         latias     levitate      souldew [calmmind, dracometeor, psyshock, recover] ttype=steel
INFO     	       ursaring         guts     eviolite [bodyslam, earthquake, rest, sleeptalk] ttype=ground
INFO     Sampling battle 8
INFO     	         latias     levitate      souldew [calmmind, dracometeor, psyshock, recover] ttype=steel
INFO     	       ursaring         guts     eviolite [bodyslam, earthquake, rest, sleeptalk] ttype=ghost
INFO     Sampling battle 9
INFO     	         latias     levitate      souldew [calmmind, dracometeor, psyshock, recover] ttype=steel
INFO     	       ursaring         guts     eviolite [bodyslam, earthquake, rest, sleeptalk] ttype=ghost
INFO     Sampling battle 10
INFO     	         latias     levitate      souldew [calmmind, dracometeor, psyshock, recover] ttype=steel
INFO     	       ursaring         guts     eviolite [bodyslam, earthquake, rest, sleeptalk] ttype=ground
INFO     Sampling battle 11
INFO     	         latias     levitate      souldew [calmmind, dracometeor, psyshock, recover] ttype=steel
INFO     	       ursaring         guts     eviolite [bodyslam, earthquake, rest, sleeptalk] ttype=ground
INFO     Sampling battle 12
INFO     	         latias     levitate      souldew [calmmind, dracometeor, psyshock, recover] ttype=steel
INFO     	       ursaring         guts     eviolite [bodyslam, earthquake, rest, sleeptalk] ttype=ground
INFO     Sampling battle 13
INFO     	         latias     levitate      souldew [calmmind, dracometeor, psyshock, recover] ttype=steel
INFO     	       ursaring         guts     eviolite [bodyslam, earthquake, rest, sleeptalk] ttype=ghost
INFO     Sampling battle 14
INFO     	         latias     levitate      souldew [calmmind, dracometeor, psyshock, recover] ttype=steel
INFO     	       ursaring         guts     eviolite [bodyslam, earthquake, rest, sleeptalk] ttype=ground
INFO     Sampling battle 15
INFO     	         latias     levitate      souldew [calmmind, dracometeor, psyshock, recover] ttype=steel
INFO     	       ursaring         guts     eviolite [bodyslam, earthquake, rest, sleeptalk] ttype=ground
INFO     Searching for a move using MCTS...
INFO     Sampling 16 battles at 500ms each
INFO     Policy 0: poisonjab visited 99.93% avg_score=0.998 sample_chance_multiplier=0.062
INFO     Policy 1: poisonjab visited 99.93% avg_score=0.998 sample_chance_multiplier=0.062
INFO     Policy 2: poisonjab visited 99.93% avg_score=0.999 sample_chance_multiplier=0.062
INFO     Policy 3: poisonjab visited 99.93% avg_score=0.998 sample_chance_multiplier=0.062
INFO     Policy 4: poisonjab visited 99.93% avg_score=0.998 sample_chance_multiplier=0.062
INFO     Policy 5: poisonjab visited 99.93% avg_score=0.998 sample_chance_multiplier=0.062
INFO     Policy 6: poisonjab visited 99.93% avg_score=0.998 sample_chance_multiplier=0.062
INFO     Policy 7: poisonjab visited 99.93% avg_score=0.999 sample_chance_multiplier=0.062
INFO     Policy 8: poisonjab visited 99.93% avg_score=0.998 sample_chance_multiplier=0.062
INFO     Policy 9: poisonjab visited 99.93% avg_score=0.998 sample_chance_multiplier=0.062
INFO     Policy 10: poisonjab visited 99.93% avg_score=0.998 sample_chance_multiplier=0.062
INFO     Policy 11: poisonjab visited 99.93% avg_score=0.998 sample_chance_multiplier=0.062
INFO     Policy 12: poisonjab visited 99.93% avg_score=0.998 sample_chance_multiplier=0.062
INFO     Policy 13: poisonjab visited 99.93% avg_score=0.998 sample_chance_multiplier=0.062
INFO     Policy 14: poisonjab visited 99.93% avg_score=0.999 sample_chance_multiplier=0.062
INFO     Policy 15: poisonjab visited 99.93% avg_score=0.998 sample_chance_multiplier=0.062
INFO     Considered Choices:
INFO     	99.928%: poisonjab
INFO     Choice: poisonjab
INFO     Opponent has switched - clearing the last used move
INFO     barraskewda already has the move poisonjab. Decrementing the PP by 1
INFO     barraskewda used a poison move, removing poisongem from possible items
INFO     Setting barraskewda's last used move: poisonjab
INFO     barraskewda used a damaging move - not guessing lifeorb anymore
INFO     barraskewda did 11.0% damage to ursaring with poisonjab
INFO     ursaring has less than maxhp during upkeep, no longer guessing leftovers or blacksludge
INFO     Opponent has switched - clearing the last used move
INFO     
INFO     Turn: 29
INFO     root priors (4): {'poisonjab': 0.991, 'switch brutebonnet': 0.004, 'switch meloetta': 0.004, 'switch misdreavus': 0.001}
INFO     Sampling battle 0
INFO     	         latias     levitate      souldew [calmmind, dracometeor, psyshock, recover] ttype=steel
INFO     Sampling battle 1
INFO     	         latias     levitate      souldew [calmmind, dracometeor, psyshock, recover] ttype=steel
INFO     Sampling battle 2
INFO     	         latias     levitate      souldew [calmmind, dracometeor, psyshock, recover] ttype=steel
INFO     Sampling battle 3
INFO     	         latias     levitate      souldew [calmmind, dracometeor, psyshock, recover] ttype=steel
INFO     Sampling battle 4
INFO     	         latias     levitate      souldew [calmmind, dracometeor, psyshock, recover] ttype=steel
INFO     Sampling battle 5
INFO     	         latias     levitate      souldew [calmmind, dracometeor, psyshock, recover] ttype=steel
INFO     Sampling battle 6
INFO     	         latias     levitate      souldew [calmmind, dracometeor, psyshock, recover] ttype=steel
INFO     Sampling battle 7
INFO     	         latias     levitate      souldew [calmmind, dracometeor, psyshock, recover] ttype=steel
INFO     Sampling battle 8
INFO     	         latias     levitate      souldew [calmmind, dracometeor, psyshock, recover] ttype=steel
INFO     Sampling battle 9
INFO     	         latias     levitate      souldew [calmmind, dracometeor, psyshock, recover] ttype=steel
INFO     Sampling battle 10
INFO     	         latias     levitate      souldew [calmmind, dracometeor, psyshock, recover] ttype=steel
INFO     Sampling battle 11
INFO     	         latias     levitate      souldew [calmmind, dracometeor, psyshock, recover] ttype=steel
INFO     Sampling battle 12
INFO     	         latias     levitate      souldew [calmmind, dracometeor, psyshock, recover] ttype=steel
INFO     Sampling battle 13
INFO     	         latias     levitate      souldew [calmmind, dracometeor, psyshock, recover] ttype=steel
INFO     Sampling battle 14
INFO     	         latias     levitate      souldew [calmmind, dracometeor, psyshock, recover] ttype=steel
INFO     Sampling battle 15
INFO     	         latias     levitate      souldew [calmmind, dracometeor, psyshock, recover] ttype=steel
INFO     Searching for a move using MCTS...
INFO     Sampling 16 battles at 500ms each
INFO     Policy 0: poisonjab visited 100.0% avg_score=1.0 sample_chance_multiplier=0.062
INFO     Policy 1: poisonjab visited 100.0% avg_score=1.0 sample_chance_multiplier=0.062
INFO     Policy 2: poisonjab visited 100.0% avg_score=1.0 sample_chance_multiplier=0.062
INFO     Policy 3: poisonjab visited 100.0% avg_score=1.0 sample_chance_multiplier=0.062
INFO     Policy 4: poisonjab visited 100.0% avg_score=1.0 sample_chance_multiplier=0.062
INFO     Policy 5: poisonjab visited 100.0% avg_score=1.0 sample_chance_multiplier=0.062
INFO     Policy 6: poisonjab visited 100.0% avg_score=1.0 sample_chance_multiplier=0.062
INFO     Policy 7: poisonjab visited 100.0% avg_score=1.0 sample_chance_multiplier=0.062
INFO     Policy 8: poisonjab visited 100.0% avg_score=1.0 sample_chance_multiplier=0.062
INFO     Policy 9: poisonjab visited 100.0% avg_score=1.0 sample_chance_multiplier=0.062
INFO     Policy 10: poisonjab visited 100.0% avg_score=1.0 sample_chance_multiplier=0.062
INFO     Policy 11: poisonjab visited 100.0% avg_score=1.0 sample_chance_multiplier=0.062
INFO     Policy 12: poisonjab visited 100.0% avg_score=1.0 sample_chance_multiplier=0.062
INFO     Policy 13: poisonjab visited 100.0% avg_score=1.0 sample_chance_multiplier=0.062
INFO     Policy 14: poisonjab visited 100.0% avg_score=1.0 sample_chance_multiplier=0.062
INFO     Policy 15: poisonjab visited 100.0% avg_score=1.0 sample_chance_multiplier=0.062
INFO     Considered Choices:
INFO     	99.997%: poisonjab
INFO     Choice: poisonjab
INFO     Winner: lg00x044307a
INFO     Won with team: None
INFO     W: 1	L: 0
