{
  "value_bce": 0.6803159117698669,
  "value_acc": 0.5813484792964456,
  "value_brier": 0.24361246824264526,
  "policy_kl": 0.543771704251327,
  "n_held": 5458,
  "base_rate": 0.4937705993652344,
  "epoch": 50
}